episode,phase,arm,sigma,direct,A,load,load_frac,sat,clipped,x_std,q_cmd_abs,q_exec_abs,resid_after,reward,v_out,cr,q_loss,destroy,steps
0,train,blind,3.0,0,2.149352706407653e-05,7.327807998461513e-06,1.2213011374784766e-05,0.0,0.0,0.015463253631252625,1.6076291839447978,1.6076316768654222,7.327811293952775e-06,-0.20072456300209746,0.30155197483604856,0.39748953974895396,1.607631678914094,0.0,239
1,eval,blind,3.0,0,0.49975553764743685,0.19303675382651359,0.3217278897149657,0.1924686198079935,0.0,0.012746235531088447,1.1907051617131572,1.27259475117448,0.19303675297282152,-0.1891064087054112,0.4641977506750942,0.24267782426778242,1.2725947500590127,0.0,239
2,eval,blind,3.0,0,0.19920830527869945,0.06432276082003638,0.10720459028279529,0.050589577859914456,0.0,0.010846039136115726,1.0856694211271518,1.0886392270421383,0.06432276116419831,-0.1252195641750629,0.07590729695243181,0.895397489539749,1.0886392242579777,0.0,239
3,eval,blind,3.0,0,0.5016285062847449,0.1925526037539765,0.3209209689120596,0.19113731477799276,0.0,0.012514212174598268,1.1675474119984455,1.244374879982681,0.19255260386110662,-0.17552006693810457,0.3518798777411793,0.4435146443514644,1.2443748902465075,0.0,239
4,eval,blind,3.0,0,0.4738973789959445,0.18399344758197828,0.3066557089814714,0.19931532935118576,0.0,0.01304547580652656,1.1259021766514958,1.2783253730340982,0.18399344772722345,-0.1740098582952167,0.2514021187572331,0.4769874476987448,1.2783253558624341,0.0,239
5,eval,blind,3.0,0,0.023700630373153914,0.008345015072709468,0.013908357106302144,0.0,0.0,0.010454521822318373,1.063044519105217,1.0387038039861862,0.00834501479077372,-0.12003053572697217,0.03181103296833733,0.8410041841004184,1.0387038010715666,0.0,239
6,eval,blind,3.0,0,0.09350415801189335,0.02640184185034269,0.044003067297883385,0.0024724230481989714,0.0,0.010130783081226145,1.0351622817905377,0.9998206372789759,0.026401841783793557,-0.12473091087991332,0.05934894210510698,0.7489539748953975,0.9998206348192504,0.0,239
7,eval,blind,3.0,0,0.022306911853421187,0.006927203863368917,0.011545339129815486,0.0,0.0,0.010438833270751907,1.047688928857508,1.0286393711756463,0.006927203887906247,-0.11281046830106453,0.0,1.0,1.0286393693091975,0.0,239
8,eval,blind,3.0,0,0.4532820635336884,0.1717658728259388,0.2862764194439809,0.18828451926488757,0.0,0.01285956482593921,1.1177708835781368,1.2633858909168003,0.17176587227123077,-0.16371411618049225,0.18798777411792642,0.7447698744769874,1.2633858944685048,0.0,239
9,eval,blind,3.0,0,0.4918546215835647,0.18785191580762056,0.31308649187319654,0.18771396028696244,0.0,0.012477811290512337,1.1564759332764598,1.2410594764863099,0.18785191590567854,-0.176937772677399,0.41606575862785256,0.4309623430962343,1.2410594754803215,0.0,239
10,eval,blind,3.0,0,0.4595581971330663,0.19498844424476477,0.32498069991871875,0.2335488785011499,0.0,0.013474754468931439,1.0424234171292772,1.286174360428894,0.1949884437294504,-0.17765238496330715,0.38710347488056024,0.502092050209205,1.2861743582901515,0.0,239
11,train,blind,3.0,0,0.3926658787366775,0.17419080944039794,0.29031797386140845,0.277291747004916,0.021110689103852755,0.01939375748055126,1.6506483811713661,1.800548677165139,0.17359325008670323,-0.2291395279805813,0.3719991691148105,0.39330543933054396,1.800548674620146,0.0,239
12,train,blind,3.0,0,0.07879225602993307,0.030618446572570138,0.05103074083363254,0.013693419647516067,0.0019018638832299778,0.017763268130453435,1.7552988055360865,1.7373639387565676,0.03054715162692309,-0.2074463270645091,0.22549630552835395,0.40585774058577406,1.7373639329436292,0.0,239
13,train,blind,3.0,0,0.00484126768363289,0.0028653153174855867,0.004775525375038471,0.0,0.0,0.018545094051371058,1.828797223677695,1.820414759125171,0.002865315354078478,-0.2049781489602982,0.0954924478471171,0.5104602510460251,1.8204147586833468,0.0,239
14,train,blind,3.0,0,0.08452669602320004,0.03226884439047894,0.053781403785997176,0.00646633714063397,0.0007607455532919912,0.018365805602348,1.8567689308062756,1.7815233030079798,0.03222612758170376,-0.21589299642080334,0.2795631917861064,0.301255230125523,1.7815233177376322,0.0,239
15,train,blind,3.0,0,0.4532820462560594,0.1726032634241427,0.2876720657680772,0.24343856907289896,0.013313047182609845,0.018635804901312586,1.8804318196603942,1.777280231400015,0.1721670021121008,-0.22286679553226413,0.2847265497492507,0.4769874476987448,1.7772802266349619,0.0,239
16,train,blind,3.0,0,0.011099790736339269,0.007033094438499182,0.011721823279498434,0.0,0.0,0.019948916057724832,1.928146798740371,1.9048136836814082,0.007033094349026214,-0.2206612003233218,0.2060001780468263,0.26359832635983266,1.9048136896958272,0.0,239
17,train,blind,3.0,0,0.5020820002191994,0.1911781667838863,0.31863023873338686,0.24077596001046472,0.006656523591304923,0.01837842244748416,1.9318365801328397,1.7414635464736108,0.19104821321552778,-0.21561455558433407,0.3437490726727796,0.35564853556485354,1.7414635419729119,0.0,239
18,train,blind,3.0,0,0.4671610229562556,0.1703531883517122,0.283921942195444,0.23430962368035416,0.008368201023863948,0.018376156516279635,1.888923128279682,1.7497952762507993,0.17015618995830825,-0.2149049624280573,0.30950473307813287,0.37656903765690375,1.7497952660484786,0.0,239
19,train,blind,3.0,0,0.3109929788440381,0.12799083602236716,0.21331803120055798,0.17192848986910975,0.02814758540945572,0.018745571479131175,1.7485663327213112,1.7357129189010445,0.12641938361657098,-0.23846703223180682,0.44220896762515216,0.28870292887029286,1.7357129158374087,0.0,239
20,train,blind,3.0,0,0.08163405268523204,0.03492880389927891,0.058214668056291476,0.020159756601106173,0.0011411183299379866,0.017902765261344454,1.817711862061313,1.7822778461867297,0.034914733190832284,-0.20701547696413028,0.1576901391732692,0.42677824267782427,1.7822778504054488,0.0,239
21,train,blind,3.0,0,0.3825699220520223,0.14504829624031315,0.24174712903731382,0.20254849707980535,0.008748573862857899,0.018256093190289317,1.8031139199205024,1.7839194523739514,0.14489011358406464,-0.22062446288483964,0.3260037389833526,0.37656903765690375,1.7839194495574815,0.0,239
22,train,blind,3.0,0,0.07326333691171423,0.028264503861011772,0.047107503507953626,0.011411183112336003,0.0020920502715529757,0.017126753593105278,1.7119005439670514,1.6850464231798339,0.02813711475026436,-0.2086865096245284,0.2730644826255972,0.401673640167364,1.6850464303433919,0.0,239
23,train,blind,3.0,0,0.47694583179846367,0.18593187916246495,0.30988642609048395,0.2322175725359298,0.023773298540374722,0.01678394157610927,1.6337727602555663,1.6316281815203664,0.18493152956109812,-0.2258726162812915,0.4538413602777531,0.19665271966527198,1.631628179502536,0.0,239
24,train,blind,3.0,0,0.19109902345770474,0.07766613267353913,0.12944353952355198,0.08824648175030074,0.011601369687702865,0.016089380790857467,1.6102613011164646,1.6305497049287772,0.0770684308627439,-0.2084010488936068,0.30813970740971547,0.3305439330543933,1.630549704691345,0.0,239
25,train,blind,3.0,0,0.00010017924373394666,2.4356659782235023e-05,4.0594434406302445e-05,0.0,0.0,0.01554614718941091,1.6517736600033908,1.6517549990111315,2.435665666179295e-05,-0.19349793571651935,0.1672156443811389,0.5397489539748954,1.6517550115206086,0.0,239
26,train,blind,3.0,0,0.002674004892043177,0.000669435606388985,0.001115725909505394,0.0,0.0,0.01583019297016652,1.6714013458295847,1.671403583372986,0.00066943556757373,-0.19380419049595052,0.13234814089438854,0.5439330543933054,1.6714035816364845,0.0,239
27,train,blind,3.0,0,0.0,0.0,0.0,0.0,0.0,0.015082260545062594,1.6035303750297514,1.6035303750297514,0.0,-0.1983745333310534,0.2905427460755512,0.35564853556485354,1.6035303771043083,0.0,239
28,train,blind,3.0,0,0.4934485877536371,0.19951547778200088,0.3325257478557672,0.2847090150272497,0.039939141547829536,0.01813133913540441,1.5570496141162378,1.7058820849183214,0.19754541968724582,-0.2307104709500372,0.4319119261699161,0.28451882845188287,1.7058820691120689,0.0,239
29,train,blind,3.0,0,0.07057713395643153,0.01734397464571131,0.02890662255450483,0.0003803727766459956,0.0001901863883229978,0.015478957822413873,1.6146786779040572,1.6210312506643798,0.01733427772754618,-0.19775285274938606,0.2511053740467076,0.39748953974895396,1.6210312484074645,0.0,239
30,eval,blind,3.0,0,2.1493512025067902e-05,4.538289362868629e-06,7.563814924879849e-06,0.0,0.0,0.00956996768580508,1.1363444176179096,1.1363371495921242,4.538292955182431e-06,-0.13900150481430582,0.11240689634707261,0.5857740585774058,1.1363371444804045,0.0,239
31,eval,blind,3.0,0,0.49775201144090475,0.1771958497231262,0.2953263759182051,0.2628375824275875,0.0,0.013440942857414484,1.1559061343201036,1.4128359468910983,0.17719585016732492,-0.2205410135331838,0.5835187987774121,0.11715481171548117,1.4128359445878462,0.0,239
32,eval,blind,3.0,0,0.4986505481252782,0.15318331197021084,0.25530548915788487,0.21034613968687577,0.0,0.011470111222376572,1.0777982994602315,1.300742837674448,0.15318331229291784,-0.16370380650365987,0.26558651592035376,0.5104602510460251,1.3007428398722054,0.0,239
33,eval,blind,3.0,0,0.1229728398538705,0.013114963098578833,0.02185827083057002,0.0005705591649689933,0.0001901863883229978,0.009126645714535562,1.2501952242901135,1.3121550201621515,0.01311283582315992,-0.16109764724221912,0.09288109439449242,0.7907949790794979,1.3121550200955694,0.0,239
34,eval,blind,3.0,0,0.4891325045084395,0.10560690083598102,0.17601148194211358,0.12476226743544495,0.0,0.011964915737229161,1.1134829509956568,1.4228115655388294,0.10560690042549067,-0.1924941412153827,0.441615478204101,0.1087866108786611,1.4228115649996544,0.0,239
35,eval,blind,3.0,0,0.00027498420791614755,4.0071933581659404e-05,6.678655018012437e-05,0.0,0.0,0.009220542785590787,1.1101936221621524,1.1102727586754197,4.007192887055296e-05,-0.14451815727027986,0.16991602124692126,0.5062761506276151,1.1102727525339502,0.0,239
36,eval,blind,3.0,0,0.5000638219418426,0.17235056099371798,0.2872508943030853,0.26055534607945124,0.0001901863883229978,0.013007732523238934,1.1326305038260616,1.4123081208272958,0.17234939541926012,-0.21683440093109474,0.5398083029170004,0.14644351464435146,1.4123081201389571,0.0,239
37,eval,blind,3.0,0,0.1595777480052146,0.05845917752861066,0.09743195270295861,0.05572461015759153,0.0,0.010478034471337017,1.1535825440075607,1.2063535100246574,0.05845917731167144,-0.16257337067729064,0.28161073028873257,0.26778242677824265,1.2063535188824863,0.0,239
38,eval,blind,3.0,0,0.41162969583010295,0.08330169659106386,0.1388361452461966,0.09509319141818888,0.0,0.011434994057350828,1.144765473185224,1.421072603518993,0.08330169615994815,-0.18083631023863334,0.2007477966705244,0.39330543933054396,1.4210725928355923,0.0,239
39,eval,blind,3.0,0,0.07326335892778778,0.007109323413764645,0.011848871550781757,0.0,0.0,0.008838432269155294,1.2504575132824887,1.2845898003757747,0.007109323394710921,-0.16281922409514593,0.17810617525742606,0.5983263598326359,1.2845898010627586,0.0,239
40,train,blind,3.0,0,0.0007224776207325224,0.00017578234171147057,0.0002929705582550828,0.0,0.0,0.01441931604138852,1.6059867011453317,1.6059945587333775,0.00017578231151167998,-0.19896017489309162,0.2838066411466216,0.401673640167364,1.6059945518581116,0.0,239
41,train,blind,3.0,0,0.21976545920194163,0.08274497818993003,0.13790827824782373,0.1162038794621264,0.022061620983119788,0.015825544830770172,1.5732414256079925,1.6349795423292215,0.08138824107070178,-0.2123436124469218,0.346716519778035,0.33472803347280333,1.6349795495549178,0.0,239
42,train,blind,3.0,0,0.3575846668143823,0.1465271566253954,0.24421188965152776,0.2255610508774115,0.04241156459602851,0.016219060906992298,1.5382606763720013,1.637510029591277,0.1433666533006217,-0.21873079640639714,0.37811211015163654,0.3263598326359833,1.6375100391992656,0.0,239
43,train,blind,3.0,0,0.4934485925616751,0.17969400143678185,0.29948996843661585,0.23107645638817026,0.007607455532919911,0.01724445479084196,1.5912451821391054,1.6556387566123547,0.1795647725379103,-0.22961926217073908,0.5043473100091991,0.19246861924686193,1.6556387594941753,0.0,239
44,train,blind,3.0,0,0.5015085098678519,0.18636088067883427,0.31060142970337556,0.2396348432392256,0.012742488017640852,0.017751199881074695,1.587210661447198,1.6715340050693337,0.1860505917681001,-0.2224530130768557,0.44117036113831276,0.2217573221757322,1.6715340035964252,0.0,239
45,train,blind,3.0,0,3.583932445953487e-06,5.663466889695673e-07,9.439110163614839e-07,0.0,0.0,0.0154099807641995,1.6249331006445147,1.624931970899574,5.663147386870733e-07,-0.21626796579007956,0.45939048636458063,0.20502092050209206,1.6249319696254456,0.0,239
46,train,blind,3.0,0,0.2531380511106846,0.08981826828788916,0.14969709620351473,0.10954735624490922,0.012742488017640852,0.016351016873501583,1.578375227281738,1.6236148419240528,0.08922752634196315,-0.2233811831031372,0.5255348823407223,0.1799163179916318,1.6236148490914268,0.0,239
47,train,blind,3.0,0,0.11611346518928935,0.03653167714899716,0.060886124829617014,0.021491061257019203,0.0009509319416149889,0.015408833230607929,1.6188367016644658,1.6339514622129656,0.03651369428751035,-0.22127908680007638,0.5194516157749487,0.16736401673640167,1.633951461144412,0.0,239
48,train,blind,3.0,0,0.45881067500823397,0.1492819569142245,0.24880323160693849,0.17704826096693674,0.005611672445579812,0.016859372873664086,1.6088115006317327,1.6256504625449946,0.1491884470520116,-1.4584498907956678,0.47679712809736446,0.2222222222222222,1.6256504607498545,0.006172839506172839,162
49,train,blind,3.0,0,0.41162969583010295,0.14467234789868544,0.24112054981122882,0.18257892817632923,0.013883606347578839,0.017006339389386598,1.639614814494943,1.6761045308791445,0.14410743319966357,-0.21671235115196433,0.3763613163595359,0.32217573221757323,1.676104532065316,0.0,239
50,train,blind,3.0,0,0.4510805060552793,0.16032327233315832,0.26720542264089114,0.20254849739154512,0.011791556076025863,0.01768535397806552,1.618153356109204,1.6675731292828357,0.1600172047479973,-0.22189532953659835,0.46152704828036445,0.2175732217573222,1.6675731335671222,0.0,239
51,train,blind,3.0,0,0.0020282095075691135,0.00048391492753002257,0.0008065248514422329,0.0,0.0,0.016656646997936723,1.6890052123049812,1.688818320569633,0.0004839148853583896,-0.20482148554051471,0.24368675628356923,0.4686192468619247,1.688818323838963,0.0,239
52,train,blind,3.0,0,0.2698529591997837,0.09155720999599196,0.15259533361832575,0.092620768245294,0.0038037277664599556,0.016257536630672267,1.6648486134397436,1.6488004299387273,0.09140544902135947,-0.20986843962844742,0.34098934686489213,0.32217573221757323,1.6488004164100116,0.0,239
53,train,blind,3.0,0,0.1751345835546242,0.054138531600762985,0.0902308772267103,0.04469380007129334,0.0030429822131679647,0.01612245543396186,1.6799430779832178,1.633097052075374,0.053992612190257465,-0.1961996481717664,0.21300335321522895,0.4309623430962343,1.6330970479950384,0.0,239
54,train,blind,3.0,0,0.20738796240876128,0.06799075752631431,0.11331791936062012,0.05534423763033735,0.004754659708074945,0.016220943669098816,1.7288641520623882,1.6648277625379204,0.06781576351671727,-0.20330801335434245,0.2634796284756224,0.40585774058577406,1.6648277618563543,0.0,239
55,train,blind,3.0,0,0.4023595106228796,0.11997581918866783,0.19995967708860482,0.1177253712545379,0.003613541378136958,0.016316797432322134,1.7714292254906818,1.622413985898804,0.11984537484635872,-0.20005649590513103,0.26172883468352176,0.39330543933054396,1.6224139839507494,0.0,239
56,train,blind,3.0,0,0.42045798061068984,0.12325688927817606,0.20542812634075705,0.1274248766225751,0.0013313047182609845,0.01692265707796837,1.8281923223240106,1.671779433054904,0.12322830895229124,-0.2001117061725421,0.2187008516573192,0.4476987447698745,1.671779433369346,0.0,239
57,train,blind,3.0,0,0.4392558533156307,0.13357291699783627,0.22262150226505503,0.1464435145820035,0.00475465964572699,0.0171972705620228,1.8344361667353737,1.6466014557303743,0.13340337951145198,-0.214840490134715,0.39324609038843883,0.23430962343096234,1.646601470759682,0.0,239
58,train,blind,3.0,0,0.4811274396703373,0.1479757930363456,0.2466262970981261,0.11962723488837605,0.0013313047182609845,0.01696600432597319,1.8881567507109382,1.622806489218229,0.14794362977217243,-0.19662306097877505,0.22834505474939912,0.4476987447698745,1.6228064891803127,0.0,239
59,train,blind,3.0,0,0.020964593625584595,0.009836537280036176,0.01639422766539652,0.0,0.0,0.01930114201359669,1.8634721529533673,1.8413536174526772,0.009836537201096602,-0.20882558655287284,0.13196237277070536,0.40585774058577406,1.8413536060479143,0.0,239
60,eval,blind,3.0,0,0.37562728849699706,0.11683939787499907,0.194732300609301,0.16356028840881012,0.0,0.01570856114060357,1.5861450852709336,1.2657413937182607,0.1168393970866993,-0.21463241814269834,0.6007893409299979,0.016736401673640166,1.2657414063508523,0.0,239
61,eval,blind,3.0,0,0.24477059851891544,0.0879958251926346,0.14665969321364197,0.05382274777071246,0.0,0.016569211512071445,1.6375465846959516,1.2977791959770555,0.08799582518907273,-0.153690047611123,0.1473930977180332,0.1799163179916318,1.297779201065716,0.0,239
62,eval,blind,3.0,0,0.09973254793120946,0.04340429412196541,0.07234048539455776,0.0,0.0,0.018004569610791225,1.5339850890586566,1.3719704061372509,0.043404293528502995,-0.16534981471682952,0.22469509480993502,0.13807531380753138,1.3719704007816644,0.0,239
63,eval,blind,3.0,0,0.49487416027990566,0.15861287942146088,0.2643547660148036,0.1588056288254311,0.0,0.014144318317604801,1.7407791315262289,1.183558458314281,0.15861287933287077,-0.196775315918642,0.6663105730140362,0.0,1.1835584659816563,0.0,239
64,eval,blind,3.0,0,0.4367288618482977,0.14915974202738644,0.24859954332064585,0.11677444143275337,0.0,0.014418492417112305,1.747710354158569,1.1500251900451453,0.14915974201706617,-0.13811651853997042,0.11371257307338499,0.5271966527196653,1.150025196176752,0.0,239
65,eval,blind,3.0,0,0.4982182329869342,0.1678236908644436,0.2797061189338511,0.1496766834328863,0.0,0.013787872560330079,1.7914836461573964,1.1680213769110677,0.16782369050974827,-0.17562100255949284,0.5226267841775721,0.0,1.16802139031342,0.0,239
66,eval,blind,3.0,0,0.5015085087071692,0.1754527195661463,0.2924211692928617,0.12970711577636926,0.0,0.013596609406266752,1.804555731338437,1.1369401478368368,0.17545271963707929,-0.14007596053082527,0.14335736965488588,0.5606694560669456,1.1369401388372635,0.0,239
67,eval,blind,3.0,0,0.44414848793262934,0.1488756081589257,0.2481259828295547,0.1382655036249919,0.0,0.01464561500808684,1.755689765120151,1.1877360524742175,0.14887560739705075,-0.1502975948311849,0.23442832131517255,0.200836820083682,1.1877360545249056,0.0,239
68,eval,blind,3.0,0,0.07879225602993307,0.036112729875095895,0.060187879254482296,0.005515405074323071,0.0,0.01823575620901884,1.523725950568291,1.388169802756489,0.03611272999784343,-0.1608236128126048,0.10095255052078694,0.41841004184100417,1.3881698016344504,0.0,239
69,eval,blind,3.0,0,0.4615407718850152,0.15904194909528704,0.26506988688672367,0.12152910114082831,0.0,0.014097785547952397,1.7667125867500464,1.1332492052760583,0.15904194822990472,-0.13503058394428202,0.09003234517344728,0.5732217573221757,1.1332492002233827,0.0,239
70,train,blind,3.0,0,0.2864649897415939,0.09201232010918335,0.15335385060763093,0.10213008716266025,0.0001901863883229978,0.018492302946964568,1.9561459045529865,1.7156795225881631,0.09200859867699947,-0.2220180701219357,0.4431585506988338,0.07112970711297072,1.7156795220349812,0.0,239
71,train,blind,3.0,0,0.09973252267304225,0.03969223691716427,0.06615372313359201,0.007797641858894954,0.0,0.019482915641381465,1.9381721733005475,1.8228992151415997,0.039692236780230136,-0.20696615029596513,0.11537434345232796,0.4560669456066946,1.822899228279257,0.0,239
72,train,blind,3.0,0,0.4260901446999406,0.1344144536324394,0.22402406507594852,0.13065804497467423,0.0003803727766459956,0.01638459053307491,2.015667704857543,1.6150067756614925,0.134404586077192,-0.18579241373088531,0.12481082524703999,0.5564853556485355,1.615006770655042,0.0,239
73,train,blind,3.0,0,0.1335682206150051,0.05396294492276417,0.0899382341594901,0.02320273887662209,0.0001901863883229978,0.01942866983254553,2.0011973445884355,1.8279795615493504,0.053958847682468135,-0.2135377273665946,0.22561500341256419,0.21338912133891214,1.8279795741343126,0.0,239
74,train,blind,3.0,0,0.02819466484402731,0.01546103776697796,0.025768395013599187,0.0,0.0,0.020804330897536985,1.9586698909184923,1.9092469379991668,0.01546103792887563,-0.22573381380760596,0.29805038725184724,0.1087866108786611,1.9092469440514825,0.0,239
75,train,blind,3.0,0,0.4994180284038787,0.1704436248435581,0.2840726742026894,0.1780144551059691,0.0003803727766459956,0.01566494085483066,2.067882026089784,1.5194311357691697,0.1704360367457183,-0.20175173102526192,0.4245229828778302,0.12552301255230125,1.5194311252422907,0.0,239
76,train,blind,3.0,0,0.0488099870398625,0.02493881675216007,0.04156469266640537,0.0022822366598759733,0.0,0.020494400975625635,1.9828366370380672,1.9036625935442777,0.024938816849152542,-0.22177844057706209,0.23629781299148336,0.16317991631799164,1.9036626056324946,0.0,239
77,train,blind,3.0,0,0.2032900131473154,0.07572220144365967,0.1262036572334943,0.042982123199865906,0.0003803727766459956,0.019040506714019752,2.0200802930728163,1.7691888739374393,0.07571572730729062,-0.20581509747350787,0.19460518116264577,0.32217573221757323,1.7691888747978564,0.0,239
78,train,blind,3.0,0,0.48599371905867245,0.16287157986477255,0.2714525993928512,0.16394066155954384,0.0001901863883229978,0.016102569683349718,2.070157656110979,1.5325203112727928,0.1628669750131837,-0.20826816553038102,0.5179382177512687,0.012552301255230125,1.532520308927618,0.0,239
79,train,blind,3.0,0,0.4934485925616751,0.16055218011057895,0.2675869339959775,0.16793457540258702,0.0009509319416149889,0.01548142842928953,1.998715567289536,1.4943673069507009,0.16052855725259987,-0.23410291933733696,0.7244428618059885,0.0,1.4943673105752275,0.0,239
80,train,blind,3.0,0,0.04253382063096937,0.021086981656655977,0.035144967019519475,0.0017116774949069802,0.0,0.02008829889312449,1.9579531393290563,1.8952298246666976,0.02108698137609018,-0.2127313628794645,0.10394967209709485,0.4560669456066946,1.8952298085498598,0.0,239
81,train,blind,3.0,0,0.00046352766528258015,0.000284661460842228,0.00047443574976378653,0.0,0.0,0.021097991977931316,1.9354108891227755,1.9348542076773225,0.0002846614731717796,-0.22133235165845042,0.1824386480310988,0.2301255230125523,1.9348542229389685,0.0,239
82,train,blind,3.0,0,0.012006890569388804,0.006234789865241712,0.01039131570395051,0.0,0.0,0.020391492671859315,1.9026550189221754,1.8882767386017485,0.006234789674179326,-0.21560789344525821,0.1601827947416837,0.3054393305439331,1.8882767398595035,0.0,239
83,train,blind,3.0,0,0.497250765612289,0.1596929615044402,0.26615491111284373,0.09433244636368053,0.0,0.016010941265376916,2.0209811227590966,1.5867371915773367,0.15969296097116426,-0.1833407565219324,0.10754028309445385,0.6150627615062761,1.5867371965825625,0.0,239
84,train,blind,3.0,0,0.19514420172920505,0.06280483667812164,0.10467471846087205,0.03746671775145511,0.0005705591649689933,0.018335898201250193,1.90047121097852,1.745585385725588,0.06279524105169813,-0.2242955449839594,0.4065996023620881,0.1506276150627615,1.7455853748217542,0.0,239
85,train,blind,3.0,0,0.00010017924373394666,5.204664547167812e-05,8.674439702331084e-05,0.0,0.0,0.01965507953797923,1.8905413509911573,1.8904046169384754,5.2046592378497874e-05,-0.21508298649606597,0.13062702157334044,0.40585774058577406,1.8904046159189427,0.0,239
86,train,blind,3.0,0,0.3685238404330022,0.10346747799004452,0.17244578341875033,0.06181057470862337,0.0001901863883229978,0.017759408435499818,1.927474313201266,1.7183866810100348,0.10346000156287156,-0.199902311609883,0.17855129232321432,0.3305439330543933,1.7183866802499004,0.0,239
87,train,blind,3.0,0,0.4961388843030782,0.14144165299336106,0.23573607052286097,0.08672499076841267,0.0024724230481989714,0.01633244733497594,1.905450580509138,1.6744461274047278,0.14138022969707273,-0.20751716158137593,0.31947535535179084,0.20920502092050208,1.6744461213030488,0.0,239
88,train,blind,3.0,0,0.25732146626996916,0.06979287346636498,0.11632144706774061,0.04336249497894463,0.0005705591649689933,0.017992812658905608,1.8621713920617204,1.7586851688608465,0.06978284353346498,-0.21134439829342552,0.2524703997151251,0.34309623430962344,1.758685172742096,0.0,239
89,train,blind,3.0,0,0.4085878752840285,0.11984509294023338,0.19974179990810273,0.10479269722266177,0.008368201086211903,0.017234504418681417,1.7858256380927113,1.6671274008860648,0.11947132521799705,-0.23104878288203537,0.5287397252143982,0.10460251046025104,1.6671273947726668,0.0,239
90,eval,blind,3.0,0,0.44414846890925763,0.1017503467344217,0.16958390029647635,0.03936858132294531,0.0,0.0150041693011026,1.735908559675496,1.6479918767218809,0.10175034698571622,-0.2236397297704235,0.5447342651117244,0.04602510460251046,1.6479918818480024,0.0,239
91,eval,blind,3.0,0,0.07879227929296571,0.037375277524832155,0.062292124523691615,0.015785470043764953,0.0,0.019554717579240828,1.6739700486470466,1.618237403521478,0.03737527746090115,-0.2205873153518439,0.5263064185880886,0.2301255230125523,1.6182374032701088,0.0,239
92,eval,blind,3.0,0,0.19514420172920505,0.07669388247577977,0.12782312505621565,0.07036896180907054,0.0,0.019219717375201537,1.6757444332833071,1.5907877164904543,0.07669388269962964,-0.21512215123045045,0.49814534555921547,0.1799163179916318,1.590787715675351,0.0,239
93,eval,blind,3.0,0,0.0014944071429085072,0.0008337524698286855,0.001389587428393992,0.0,0.0,0.02046515377604687,1.6826116866646452,1.681657288114396,0.000833752491534785,-0.22953542982825256,0.5162170984302206,0.1297071129707113,1.6816572956986129,0.0,239
94,eval,blind,3.0,0,0.018431992074788867,0.006304151871814938,0.010506918913953662,0.0,0.0,0.02008438798711951,1.6972345904326338,1.690206498531118,0.006304151604948643,-0.22954367604518847,0.5226564586486246,0.1297071129707113,1.6902065068194003,0.0,239
95,eval,blind,3.0,0,0.21150077816593815,0.08517840968729101,0.14196400302216908,0.07759604437830059,0.0,0.019002263556978816,1.6516572825579463,1.5722892821832681,0.08517840900128847,-0.21555938109224332,0.5184130092881094,0.2217573221757322,1.5722892868222713,0.0,239
96,eval,blind,3.0,0,0.49821823029872664,0.13471477354472897,0.2245246024200645,0.08748573713222807,0.0,0.014741746324921128,1.6873928108973484,1.5680386838055056,0.1347147736345977,-0.23239003869137828,0.6361613104246417,0.07531380753138076,1.5680386869554968,0.0,239
97,eval,blind,3.0,0,0.46892580401234446,0.1335950055155884,0.22265831728042207,0.1116394066411581,0.0,0.014532249492971093,1.6213643887551759,1.5029971060892529,0.13359500566232527,-0.24467103197870874,0.7299326389507107,0.03347280334728033,1.5029970972639897,0.0,239
98,eval,blind,3.0,0,0.46892580401234446,0.1216046399137694,0.20267438286937706,0.07797641765373023,0.0,0.01495897970610458,1.6962620738161158,1.58826269115863,0.12160463960285159,-0.22406444837345163,0.5646161607169352,0.08368200836820083,1.5882626903919295,0.0,239
99,eval,blind,3.0,0,0.49941803140382607,0.129974866103869,0.21662476395327934,0.05629516932256052,0.0,0.01523735701149353,1.7153372899258985,1.6023079640695739,0.1299748661021337,-0.2178800373427708,0.540105047627526,0.0502092050209205,1.6023079690550577,0.0,239
100,train,blind,3.0,0,0.013958485612926312,0.007134162622841736,0.011890270487075598,0.0,0.0,0.019778829141983676,1.8511061862921614,1.8441562393220399,0.007134162868367251,-0.2327099587369224,0.38419537671741,0.19665271966527198,1.844156230421546,0.0,239
101,train,blind,3.0,0,0.013958485612926312,0.006419222887256426,0.010698704386729587,0.0,0.0,0.020122312761406767,1.8930456730611154,1.8890026705534388,0.006419222892340463,-0.24695081224641302,0.4510816344698656,0.18828451882845187,1.889002670015088,0.0,239
102,train,blind,3.0,0,0.34251425579287914,0.08609132810744242,0.14348553571369727,0.05363256007308242,0.006846709979627921,0.017407890815467078,1.802860729863953,1.7497274201036,0.0857051233043387,-0.24652409651259943,0.5711742188195496,0.12133891213389121,1.7497274123543072,0.0,239
103,train,blind,3.0,0,0.2781775054950136,0.07219232645939848,0.1203205337605213,0.04203119082181524,0.0024724230481989714,0.017806707146854207,1.8291954864517914,1.7906257258299505,0.07205990763071454,-0.24422081345687183,0.537048577109113,0.13389121338912133,1.790625721383279,0.0,239
104,train,blind,3.0,0,0.5013695566800022,0.14657770949256643,0.24429615885486913,0.10041841054062464,0.006466337202981925,0.01774437495441055,1.8280260166363735,1.744048939838569,0.1463699585333739,-0.2251017533028922,0.4300127600225526,0.20920502092050208,1.7440489397411392,0.0,239
105,train,blind,3.0,0,0.033166217367872536,0.016882849236022426,0.028138081022307727,0.0,0.0,0.019674408502845585,1.8631283359048756,1.8488275111968546,0.016882849198904388,-0.2558946145280193,0.5124484406065462,0.2301255230125523,1.8488275138794399,0.0,239
106,train,blind,3.0,0,0.2615026996800263,0.09137343929748823,0.15228905017287023,0.08387219500591565,0.0034233549898139604,0.018976808770142777,1.8692977233910661,1.8151384360121883,0.09128444954049315,-0.24510272901570435,0.5140805365144365,0.1799163179916318,1.815138432960841,0.0,239
107,train,blind,3.0,0,0.5020268857079679,0.15490754193026732,0.25817921347209233,0.12419170901865141,0.005135032484720941,0.01777825607220685,1.8527611379344093,1.7628065599557246,0.15479638040031427,-0.21991721358656025,0.3643431555832517,0.2928870292887029,1.7628065616803397,0.0,239
108,train,blind,3.0,0,0.012959528787482421,0.006726457807588563,0.011210762291526125,0.0,0.0,0.019219618857639478,1.8734839316691314,1.8690213184476399,0.0067264574182182785,-0.2513267484336511,0.5219145968723107,0.17154811715481172,1.8690213240026454,0.0,239
109,train,blind,3.0,0,0.0002036993206716357,0.0001267964954616572,0.00021132747323649728,0.0,0.0,0.019575541535057285,1.8824233554895953,1.8823307014409467,0.00012679650709101207,-0.2543449831958186,0.4969583667171133,0.20502092050209206,1.8823307045468878,0.0,239
110,train,blind,3.0,0,0.25732146626996916,0.0828833963145272,0.13813898227233332,0.06257132057365514,0.003613541378136958,0.018928402587654512,1.8726717637672583,1.8407235891250386,0.08278052664183375,-0.23874668426302798,0.41938929938573843,0.2594142259414226,1.840723575892094,0.0,239
111,train,blind,3.0,0,0.44414846890925763,0.11252353046767445,0.18753920486778952,0.06409281149319525,0.006846709979627921,0.017318417450654707,1.7900833245600616,1.7512892335029826,0.11228143116595028,-0.2306463255214607,0.4576100181014273,0.13389121338912133,1.751289235991633,0.0,239
112,train,blind,3.0,0,0.4085878752840285,0.11064185075358722,0.18440306993838493,0.07740585805232555,0.007417269144596914,0.0175327811444716,1.7858989607838907,1.752530005437061,0.1103748908335775,-0.23218931203077478,0.4892430042434493,0.17573221757322174,1.7525300086865194,0.0,239
113,train,blind,3.0,0,0.3308880299083897,0.08902936211664203,0.148382257353561,0.06656523441669832,0.005515405261366936,0.01734576643655022,1.798152175408527,1.7538467578309351,0.08879292548001377,-0.23737422107149825,0.4698062257040268,0.2217573221757322,1.75384675741746,0.0,239
114,train,blind,3.0,0,0.4532820635336884,0.12947535040691785,0.21579222832062983,0.11240015225679804,0.005705591649689934,0.018000546903213073,1.8285640408304447,1.7498942224550447,0.12931896735953993,-0.22182449488015996,0.3803673699516307,0.28870292887029286,1.7498942296131947,0.0,239
115,train,blind,3.0,0,0.3069478625608959,0.09449014063990552,0.1574835507857353,0.08539368598780372,0.0030429822131679647,0.018272311457873138,1.8283441495695871,1.7653229830155313,0.09441535417805791,-0.23328327247317152,0.47761061159084833,0.20920502092050208,1.765322975281137,0.0,239
116,train,blind,3.0,0,1.0033001283974734e-05,3.156653661660803e-06,5.261089385362443e-06,0.0,0.0,0.019449343106019697,1.857384865254039,1.8573820805449865,3.156652322153962e-06,-0.24298624442324315,0.452980800617229,0.20920502092050208,1.8573820905461857,0.0,239
117,train,blind,3.0,0,0.03862336533101252,0.011741957595271338,0.019569928066539052,0.0,0.0,0.018472262212001257,1.8373815714066,1.8301260660881777,0.011741957464304101,-0.23161930533163197,0.383661236238464,0.26778242677824265,1.830126056810123,0.0,239
118,train,blind,3.0,0,0.4918546215835647,0.14456886959593537,0.24094809127649316,0.11049828837356807,0.005135032484720941,0.017080840139326377,1.8209167948327802,1.7001066978506463,0.14446633690270394,-0.21408053293505963,0.33855604023858277,0.33472803347280333,1.7001066979019168,0.0,239
119,train,blind,3.0,0,0.11611346518928935,0.03634807802981219,0.06058012464233634,0.011981742090261132,0.0003803727766459956,0.017986123163689506,1.8254221039337095,1.8088001805868108,0.03634212524943087,-0.22862761317167854,0.3569245378201134,0.3179916317991632,1.8088001859977287,0.0,239
120,eval,blind,3.0,0,0.497250765612289,0.1981789619531433,0.33029823232113414,0.21947508607698785,0.0,0.016076420998847634,1.5395925838079412,1.3787267304115216,0.1981789615700748,-0.19843691608299585,0.5201934775512627,0.26359832635983266,1.378726731866764,0.0,239
121,eval,blind,3.0,0,0.496713411596384,0.12129651795196014,0.20216085230059133,0.05192088282756726,0.0,0.014683886544163256,1.7412375742920274,1.6573780548123636,0.12129651816453074,-0.21909936249890752,0.4902222617881837,0.06694560669456066,1.6573780506408837,0.0,239
122,eval,blind,3.0,0,0.0008817244371400257,0.00042247022647034593,0.0007041170294435547,0.0,0.0,0.01893429104121846,1.6278344013700925,1.6272759203132725,0.0004224703030657826,-0.23087891796133592,0.5386806730170035,0.16317991631799164,1.6272759142583653,0.0,239
123,eval,blind,3.0,0,0.4797851131429772,0.17801787113165873,0.2966964179789988,0.19208824640786798,0.0,0.01654967612286866,1.5686672472055987,1.4274272721681636,0.17801787163196453,-0.20059818380288977,0.49111249591976025,0.24686192468619247,1.4274272736122113,0.0,239
124,eval,blind,3.0,0,0.43414843287689137,0.12371607887316675,0.20619344374697818,0.09699505461559137,0.0,0.01605783580806278,1.6249813559663844,1.5437615658448829,0.12371607854742304,-0.23687666398703253,0.6780616635508473,0.0794979079497908,1.5437615591660372,0.0,239
125,eval,blind,3.0,0,0.3190210646045298,0.1229849776952266,0.2049749396812871,0.1460631423664891,0.0,0.01729271230073529,1.576391537568559,1.4954361742261064,0.12298497810493303,-0.21437738809599913,0.5151784919433811,0.2175732217573222,1.4954361768641595,0.0,239
126,eval,blind,3.0,0,0.012959528787482421,0.005984703241798746,0.009974505168300075,0.0,0.0,0.018822766365054762,1.6372174273973727,1.6301939277968147,0.00598470340211336,-0.22811512859021396,0.5388883943143714,0.16736401673640167,1.630193937517438,0.0,239
127,eval,blind,3.0,0,0.0001001795120615216,6.584782571902997e-05,0.00010974635674509076,0.0,0.0,0.018915698442717226,1.6288831421022136,1.6286989674907348,6.584787015108076e-05,-0.2276758022623995,0.5568414493011662,0.1589958158995816,1.6286989723530607,0.0,239
128,eval,blind,3.0,0,0.0020282095075691135,0.0011057168778439274,0.0018428614269065278,0.0,0.0,0.018960831885588468,1.6297221483047037,1.6282393850043229,0.0011057168377196088,-0.23141352211772945,0.5354164812012226,0.1589958158995816,1.628239396311228,0.0,239
129,eval,blind,3.0,0,0.1830709686913921,0.04482869042286252,0.07471447975862339,0.009319132591391208,0.0,0.017408333506403983,1.65609305323916,1.616134253755274,0.04482869059206659,-0.23490181743122504,0.6353600997062228,0.12133891213389121,1.6161342499518851,0.0,239
130,train,blind,3.0,0,0.472293708546508,0.1327703133413946,0.2212838346301651,0.10232027392507098,0.005325218873043938,0.017345562945490226,1.8205602308696285,1.7208583320035096,0.13262973244529203,-0.21055131609423125,0.2849936199887237,0.33472803347280333,1.7208583253913494,0.0,239
131,train,blind,3.0,0,0.15576161381352116,0.04781147851533194,0.07968579418664977,0.018067706578945016,0.0005705591649689933,0.01790082166516943,1.8249466768368519,1.776321767513722,0.04779427834521252,-0.2139032083515451,0.2557642660019585,0.3598326359832636,1.7763217751875875,0.0,239
132,train,blind,3.0,0,0.2656803508259933,0.0712590940782617,0.1187651484594186,0.050589578046958315,0.0009509319416149889,0.017176961747415082,1.807237811667151,1.7388598597199347,0.07124276686161496,-0.20814112380249414,0.23724739606516512,0.38493723849372385,1.7388598600148975,0.0,239
133,train,blind,3.0,0,0.011099784369602368,0.003999121486440459,0.0066652020152607565,0.0,0.0,0.017910289901569797,1.8191003295667,1.8130410894689202,0.0039991213306923455,-0.21711320197800038,0.2437164307546218,0.4225941422594142,1.8130410849788474,0.0,239
134,train,blind,3.0,0,0.1870741706890581,0.05842555396913485,0.09737591585260086,0.04184100405940451,0.0030429822131679647,0.017300665261668142,1.7815920593349506,1.7127512811866266,0.05830598752431778,-0.22797530994736562,0.44663046381198257,0.2217573221757322,1.7127512762034638,0.0,239
135,train,blind,3.0,0,0.49865054549941856,0.13969457180980982,0.23282426511375043,0.09946747822492193,0.0030429822131679647,0.015909327644168955,1.8513833750740754,1.685895126484428,0.13961563110117758,-0.2016165641929298,0.21104483812576044,0.45188284518828453,1.6858951182188089,0.0,239
136,train,blind,3.0,0,0.4706366194916741,0.12842354619485633,0.21403922458487626,0.09680486910013973,0.0007607455532919912,0.01583393546947469,1.8354572985461566,1.6286533639520782,0.1284095482076881,-0.19402773568847478,0.19837383898632005,0.4393305439330544,1.6286533661055647,0.0,239
137,train,blind,3.0,0,0.2947040708871606,0.08084010254406851,0.13473349315150912,0.06428299806856211,0.0020920502715529757,0.017139211794844667,1.8303659131836192,1.7133606308174931,0.08078857898545572,-0.20428234839071224,0.21466512359417192,0.4560669456066946,1.713360639122066,0.0,239
138,train,blind,3.0,0,0.4653420529930334,0.13327571452835735,0.22212617244199978,0.11125903398920801,0.004374286931428949,0.01579476024850299,1.828136501950699,1.6540464716476377,0.13311456742197011,-0.20275443469614773,0.28018635567821004,0.3389121338912134,1.6540464704882292,0.0,239
139,train,blind,3.0,0,0.5020268857079679,0.1723803056970667,0.28730047495750016,0.16679345763378065,0.018638266055653784,0.015868147375319292,1.7399557484742487,1.5966109846675745,0.17132673554719624,-0.2415507635007638,0.6554200421377491,0.06694560669456066,1.5966109862820574,0.0,239
140,train,blind,3.0,0,0.0014944071429085072,0.0006565623214053357,0.0010942704851396195,0.0,0.0,0.018094026082230413,1.7870565573041908,1.785776197660917,0.0006565623063054403,-0.20616125080105402,0.15006380011276296,0.41841004184100417,1.7857762093321976,0.0,239
141,train,blind,3.0,0,0.45752091049933935,0.13205311731710567,0.22008850806681088,0.1061240013174432,0.0013313047182609845,0.01631962755406626,1.881095626613585,1.6375172518536636,0.13202304017540578,-0.19365369153335257,0.16320959078904418,0.4895397489539749,1.6375172474249797,0.0,239
142,train,blind,3.0,0,0.43151489933949033,0.12425351674755802,0.20708917435071095,0.12209965781187912,0.0020920502715529757,0.016546728145954624,1.8803639761074817,1.661935953914371,0.12420739255483028,-0.20027756184443363,0.2421140093177839,0.37656903765690375,1.661935950481226,0.0,239
143,train,blind,3.0,0,0.06536319171795504,0.021195403642865495,0.03532567037756323,0.0,0.0001901863883229978,0.017539281316226247,1.8215055286136133,1.7851288425872516,0.0211935720684603,-0.21236435757431346,0.24279652215199263,0.3723849372384937,1.7851288447122386,0.0,239
144,train,blind,3.0,0,0.11611346518928935,0.039422860357944005,0.06570476404067069,0.015595283593093999,0.0005705591649689933,0.017629860298295025,1.8124018648179505,1.7418159837503313,0.03940671718777153,-0.20012981809178995,0.12777827235229533,0.5313807531380753,1.741815967741497,0.0,239
145,train,blind,3.0,0,0.4769458410955545,0.14894458308842015,0.2482409452426829,0.14073792324405335,0.005515405261366936,0.016117067122052593,1.8003094974422056,1.575785858237095,0.14873156417505237,-0.21375925075805924,0.47847117125137256,0.10460251046025104,1.5757858519687495,0.0,239
146,train,blind,3.0,0,0.012006890569388804,0.00506449623643367,0.008440826523925565,0.0,0.0,0.01833380467285671,1.8170784522299985,1.807119407913176,0.005064496131191054,-0.2091514458855541,0.1846345588889878,0.3723849372384937,1.8071194055636917,0.0,239
147,train,blind,3.0,0,0.012959521485526197,0.005439531508193008,0.009065885332115404,0.0,0.0,0.017935579264668988,1.8207057100958406,1.8095612710489888,0.005439531545699199,-0.20415658943120998,0.09843022048131991,0.4811715481171548,1.8095612687256837,0.0,239
148,train,blind,3.0,0,0.502091316396975,0.15254497107921586,0.254241594367307,0.12514264046148277,0.0020920502715529757,0.015953596548867025,1.9055610969974406,1.6133988549519782,0.15249743925391213,-0.18991357790702668,0.16267545031009822,0.502092050209205,1.6133988641542827,0.0,239
149,train,blind,3.0,0,0.4769458410955545,0.14060642811389729,0.23434402293120862,0.12875618177727177,0.0013313047182609845,0.0160676588764157,1.8740429848307845,1.633328240286855,0.14058588664871827,-0.1927416110616332,0.18089557553636604,0.39748953974895396,1.6333282388958923,0.0,239
150,eval,blind,3.0,0,0.003041941807975517,0.0016395734829115038,0.002732622285145062,0.0,0.0,0.01875168883152088,1.6611750659583502,1.6570179676909826,0.0016395733372096914,-0.1923440542828786,0.16840262322324095,0.2594142259414226,1.657017958460237,0.0,239
151,eval,blind,3.0,0,0.38597856810663256,0.11309123846873856,0.1884853704462912,0.12989729780033543,0.0,0.015654551796615124,1.6773394934801875,1.4784246483607273,0.11309123776942466,-0.19868421230417546,0.4361850500014838,0.0041841004184100415,1.478424640739085,0.0,239
152,eval,blind,3.0,0,0.02230692015294469,0.010308267100584825,0.01718044400276766,0.0,0.0,0.018412969846699278,1.670880852882832,1.6450936724451297,0.010308266959753945,-0.19293824447908592,0.18012403928899956,0.2217573221757322,1.645093674917541,0.0,239
153,eval,blind,3.0,0,0.5013695556751894,0.15103327538768802,0.2517220960039461,0.12685432001387226,0.0,0.013146080400124504,1.7619891306346431,1.3430199179190472,0.15103327541496525,-0.1535618825680544,0.05347339683670139,0.7238493723849372,1.3430199134605216,0.0,239
154,eval,blind,3.0,0,0.17120400338753217,0.05764656430971273,0.0960776025568068,0.0,0.0,0.016619438293806927,1.7010283076114734,1.5651107846942407,0.05764656525236023,-0.17791879863642057,0.13169530253123238,0.30962343096234307,1.5651107752387672,0.0,239
155,eval,blind,3.0,0,0.0043400218550171355,0.002322794731359814,0.0038713243118756176,0.0,0.0,0.018794249185988345,1.6654892940401531,1.6591245434773019,0.0023227946750091965,-0.18949730182261815,0.10495860411288169,0.28870292887029286,1.659124539401389,0.0,239
156,eval,blind,3.0,0,0.0017479297706943053,0.0009802908576169113,0.0016338179959812314,0.0,0.0,0.018659618024609078,1.6536172408937908,1.6511489551935237,0.0009802908416646026,-0.18588404167776085,0.05421525861301521,0.36401673640167365,1.6511489605782055,0.0,239
157,eval,blind,3.0,0,0.05557842856955229,0.02315070245612367,0.03858450075379372,0.0,0.0,0.01781425467657245,1.6742240594520728,1.6121376867573631,0.023150702104229134,-0.1820942340835568,0.04154425947357487,0.6736401673640168,1.6121376903395597,0.0,239
158,eval,blind,3.0,0,0.0034414877965033177,0.0018850777525745554,0.003141796079617204,0.0,0.0,0.018655154429313776,1.6511523623845568,1.6464194174092186,0.001885077847222891,-0.18646362661821184,0.07964628030505357,0.3138075313807531,1.646419407228664,0.0,239
159,eval,blind,3.0,0,0.5013695556751894,0.15055246008105846,0.25092074319019586,0.10897679932446659,0.0,0.013022539367564178,1.7568832526147116,1.3505159825959465,0.15055246046178283,-0.15695989450311226,0.048873853823555594,0.7949790794979079,1.350515976182458,0.0,239
160,train,blind,3.0,0,0.14822524460574474,0.055038452769481584,0.09173074593121151,0.0460251051012941,0.0032331686014909623,0.017537525974829764,1.7863579148029183,1.7187378007497747,0.05477630611316439,-0.2272433808199212,0.3859758449805632,0.3054393305439331,1.7187377995790172,0.0,239
161,train,blind,3.0,0,0.4754479658978925,0.1481216150612941,0.24686933309345158,0.13940661927396783,0.0032331686014909623,0.016017796957834184,1.8470929761311998,1.631775914375752,0.14804178355887598,-0.19518171998900655,0.19766165168105876,0.4769874476987448,1.63177590864232,0.0,239
162,train,blind,3.0,0,0.029798324749413897,0.010812856780708997,0.018021426749313164,0.0,0.0,0.01779347202043092,1.8121745568937837,1.7922123483534138,0.010812856904674267,-0.20427150194499177,0.1271551084601917,0.5313807531380753,1.79221234627488,0.0,239
163,train,blind,3.0,0,0.478391402922768,0.1457144659384939,0.24285742035581623,0.12704450390827707,0.002852795824844967,0.01597217408059531,1.8643866273648568,1.6450759848291405,0.1456621343220139,-0.19325837557950104,0.16751238909166444,0.4602510460251046,1.6450759893502456,0.0,239
164,train,blind,3.0,0,0.2656803193330306,0.07864884910909743,0.1310814010744652,0.07645492567427488,0.0005705591649689933,0.016158583710383173,1.7936732664267887,1.6821020948836993,0.07862531128592758,-0.19736967423028834,0.17861064126531945,0.502092050209205,1.6821020920668817,0.0,239
165,train,blind,3.0,0,0.002674004892043177,0.0011410741592736947,0.0019017902286501628,0.0,0.0,0.018105138362108662,1.8047470896812663,1.8022984366037855,0.0011410741638858601,-0.2034837746223447,0.10053710792605122,0.4895397489539749,1.8022984391688726,0.0,239
166,train,blind,3.0,0,0.49975553764743685,0.14742045942371249,0.24570074229475372,0.12875618202666358,0.002662609436521969,0.015486582491164988,1.8575596824350715,1.637446574336814,0.14737144492647686,-0.19482974522244034,0.1928543873705451,0.45188284518828453,1.6374465685884185,0.0,239
167,train,blind,3.0,0,0.5018883339752502,0.14859935307282726,0.2476655671996611,0.11544313415822624,0.0030429822131679647,0.015490984501293763,1.8591227556372287,1.651451369708552,0.14853170062890828,-0.1949954876240333,0.17154811715481172,0.5271966527196653,1.6514513696533648,0.0,239
168,train,blind,3.0,0,0.3269574497412977,0.09633621855281943,0.16056034688054946,0.09395207283885908,0.003993914154782953,0.016691479931301028,1.8217351611189263,1.6906181105011178,0.09623763066055019,-0.20151600339583142,0.21101516365470782,0.41841004184100417,1.690618099408645,0.0,239
169,train,blind,3.0,0,0.30694783156671684,0.09568855100717209,0.15948090062589457,0.09509319141818888,0.005895778038012931,0.016136716161835082,1.7656287917532183,1.6607075804945814,0.09543383766268185,-0.20449987918310408,0.25344965725985935,0.4351464435146444,1.6607075824070217,0.0,239
170,train,blind,3.0,0,0.015004510717528821,0.006214592731803768,0.010357654156167231,0.0,0.0,0.017002990960326654,1.780130755951215,1.766090659416869,0.0062145926095128826,-0.20281811809664518,0.14522686133119678,0.4811715481171548,1.7660906597489352,0.0,239
171,train,blind,3.0,0,0.472293708546508,0.1523847970270691,0.25397463408489973,0.14891593750550658,0.008368201023863948,0.015533902598583922,1.7226839319931413,1.563727724751668,0.15197029557209618,-0.21542689886777258,0.4601916970829997,0.19665271966527198,1.5637277205237305,0.0,239
172,train,blind,3.0,0,0.39917434158470244,0.11905121222610521,0.19841866446469003,0.1304678580875676,0.003993914154782953,0.016208497925260138,1.8165538500542422,1.6556576103844902,0.11894051599126698,-0.19923556083816985,0.2278999376836108,0.45188284518828453,1.6556576044807778,0.0,239
173,train,blind,3.0,0,0.33866769455229107,0.09855608330781632,0.16426012328244788,0.09033853202185371,0.0020920502715529757,0.01660263833928869,1.813416994765214,1.6909678134459332,0.0985135509752231,-0.198005631407041,0.16685955072850828,0.4895397489539749,1.6909678174426377,0.0,239
174,train,blind,3.0,0,0.45752092677940104,0.13989133467167908,0.2331522015098306,0.13313046771113343,0.009128946639503893,0.016543067987836804,1.7574608899559436,1.616250691304147,0.13958831601649158,-0.20483834993292557,0.31858512122021426,0.3514644351464435,1.61625069572392,0.0,239
175,train,blind,3.0,0,0.08746963563609224,0.028722421248192208,0.0478706990120886,0.006085964426335929,0.0,0.01638071848835531,1.7698987587725268,1.7300438307319226,0.02872242120644678,-0.20291317353310573,0.17579156651532687,0.5146443514644351,1.7300438371035163,0.0,239
176,train,blind,3.0,0,0.32695747973790945,0.09388542426986304,0.1564756945743923,0.08767592289707152,0.0032331686014909623,0.016589290403008897,1.7906028406390586,1.689205014556023,0.0938135828689144,-0.19806116361260023,0.18700851657319206,0.4811715481171548,1.689205014923787,0.0,239
177,train,blind,3.0,0,0.09973254793120946,0.03002220339255766,0.05003700248064633,0.004754659708074945,0.0001901863883229978,0.016639122254289217,1.7218654968748532,1.6893477350099315,0.03001386299863298,-0.19634944417732805,0.15831330306537286,0.5062761506276151,1.689347735941415,0.0,239
178,train,blind,3.0,0,0.41162969583010295,0.12333160739130655,0.20555265585666743,0.11696462563889795,0.005325218873043938,0.015977484722539907,1.765741332305525,1.6570090142752836,0.12322545924747463,-0.19555642361257414,0.18249799697320399,0.5439330543933054,1.6570090126812154,0.0,239
179,train,blind,3.0,0,0.005378621699537879,0.0019082044192872821,0.0031803405554037224,0.0,0.0,0.016184791357540935,1.7214262261051514,1.7181373141300729,0.0019082044113111277,-0.1961956954044575,0.13303065372859726,0.5481171548117155,1.7181373197438619,0.0,239
180,eval,blind,3.0,0,0.02979833591694332,0.010112065658983765,0.01685344183501017,0.0,0.0,0.011929842920108819,1.3960401246238454,1.379556949916744,0.010112065534805393,-0.14848324417692443,0.0005638149499985163,0.99581589958159,1.379556950554986,0.0,239
181,eval,blind,3.0,0,0.2905912866229464,0.07629865092888673,0.12716440667208795,0.046025105350685915,0.0,0.011640781501627617,1.475498125642912,1.3640688252498914,0.07629865150822343,-0.14996454587303043,0.04350277456304341,0.895397489539749,1.364068818823055,0.0,239
182,eval,blind,3.0,0,0.4532820462560594,0.12004548616522351,0.2000757899710365,0.0933815157313726,0.0,0.011136247613759533,1.4464396368010772,1.229311770973844,0.1200454858223402,-0.16826329343221716,0.38642096204635157,0.3682008368200837,1.2293117700200566,0.0,239
183,eval,blind,3.0,0,0.02819465429997744,0.01022151475450171,0.017035856690778003,0.0,0.0,0.012259065157979353,1.3997543292065544,1.3778292609059162,0.010221514682198785,-0.15315561207861295,0.02783465384729517,0.8326359832635983,1.3778292612741383,0.0,239
184,eval,blind,3.0,0,0.004340025042008344,0.0016875726698238256,0.0028126210131498336,0.0,0.0,0.011996355129865672,1.3925715428017174,1.389492268592244,0.0016875726328960572,-0.15163956570009182,0.001988189560521084,0.9916317991631799,1.3894922656250601,0.0,239
185,eval,blind,3.0,0,0.44414846890925763,0.11443510002085927,0.1907251494981762,0.0768352993861402,0.0,0.011303553585680085,1.536828391721558,1.3434535866003157,0.11443510011124554,-0.15695000459553876,0.07201994124454733,0.7782426778242678,1.3434535915000039,0.0,239
186,eval,blind,3.0,0,0.1335682206150051,0.037913446830708346,0.06318907415344907,0.0024724230481989714,0.0,0.011934428203024873,1.4410461638761864,1.3958829030332207,0.0379134470860975,-0.14973761124428897,0.0018398172052583163,0.9916317991631799,1.3958829050672474,0.0,239
187,eval,blind,3.0,0,0.017240593236713734,0.0058475745484212445,0.009745956812302094,0.0,0.0,0.01200917160535956,1.401394922364207,1.3888509612701927,0.005847574563216706,-0.15309032759270996,0.0,1.0,1.3888509613785023,0.0,239
188,eval,blind,3.0,0,0.1751345835546242,0.0481816421357416,0.0803027326024927,0.004374286931428949,0.0,0.011960547347260818,1.444164555691276,1.3881828757509527,0.0481816424327468,-0.1536165804044861,0.024244042849936198,0.9414225941422594,1.3881828806521173,0.0,239
189,eval,blind,3.0,0,0.34251425579287914,0.08974758334612283,0.14957928686026703,0.10041841153819192,0.0,0.011056001041431339,1.4933506649408381,1.305139987663245,0.08974758363204666,-0.15282008565770952,0.05157423068933797,0.8702928870292888,1.3051399888027264,0.0,239
190,train,blind,3.0,0,0.4738973789959445,0.14195232382169928,0.23658718717117427,0.11430201632707189,0.0032331686014909623,0.01648688397202719,1.7499345216791002,1.6364423106405026,0.14187640559755274,-0.19470287147928908,0.2030030564705184,0.48535564853556484,1.6364423076626449,0.0,239
191,train,blind,3.0,0,0.026644077069207902,0.008233541227458788,0.013722567701258402,0.0,0.0,0.016624349711080975,1.722354593137318,1.7101074302545651,0.008233540975875048,-0.20146099334040585,0.2029437075284133,0.47280334728033474,1.710107429493834,0.0,239
192,train,blind,3.0,0,0.0010625911311165598,0.00039254301851108733,0.0006542383451377642,0.0,0.0,0.016127329565210572,1.7112184044706273,1.710507139002429,0.00039254294678658464,-0.1945662006835348,0.11715481171548117,0.606694560669456,1.710507145598835,0.0,239
193,train,blind,3.0,0,0.478391402922768,0.150532684712538,0.2508877830937708,0.1458729557287743,0.007797641921242909,0.016619279601700822,1.7305602189387237,1.6402777682787204,0.15031962077801042,-0.2017912371817334,0.2638060476572005,0.4100418410041841,1.6402777622214244,0.0,239
194,train,blind,3.0,0,0.0038738029971952595,0.0011532462000203656,0.0019220768798081298,0.0,0.0,0.016622953300040884,1.705683544091101,1.7040466813362791,0.0011532462197324264,-0.19350711621562447,0.10391999762604233,0.6359832635983264,1.7040466739542577,0.0,239
195,train,blind,3.0,0,0.003041941807975517,0.0009917039833948304,0.0016528398731961373,0.0,0.0,0.016219338220953318,1.706116261841363,1.7050192306231255,0.0009917039974139874,-0.19499255198369894,0.12908394907860768,0.5397489539748954,1.7050192261620238,0.0,239
196,train,blind,3.0,0,0.001494409176462552,0.0005729770656296629,0.0009549617278170441,0.0,0.0,0.01679807787207754,1.7138701637419698,1.7127139732927459,0.0005729771026792043,-0.1943905836676176,0.10018101427342058,0.6150627615062761,1.7127139748398414,0.0,239
197,train,blind,3.0,0,0.06794362143753681,0.02107484657741628,0.03512474279661059,0.0034233549898139604,0.0,0.016842086760475296,1.7152657957755373,1.6727885062724477,0.02107484641667546,-0.1917286432716037,0.11638327546811479,0.5523012552301255,1.6727885118014325,0.0,239
198,train,blind,3.0,0,0.41462239765982967,0.12563435376164706,0.209390565725645,0.13807531386987934,0.007036896305602964,0.016224330147946543,1.6541108162333278,1.5538181598964595,0.1253044003347728,-0.20022390403703663,0.3350544526543815,0.3598326359832636,1.5538181600620922,0.0,239
199,train,blind,3.0,0,0.17909063403861195,0.05306526026182548,0.0884420963654623,0.029288703240610066,0.002852795824844967,0.01680731864170674,1.7180135743887355,1.6596733778091655,0.05295511427526991,-0.19852998999370977,0.21540698537048575,0.4351464435146444,1.6596733813412745,0.0,239
200,train,blind,3.0,0,0.0001001795120615216,2.567589295897477e-05,4.279315148645361e-05,0.0,0.0,0.016760299255034913,1.6927717300638494,1.6927551829166492,2.5675909641923608e-05,-0.19392037924749764,0.12670999139440342,0.5857740585774058,1.6927551881912803,0.0,239
201,train,blind,3.0,0,0.009418921166737213,0.0033513773218237855,0.005585628523202781,0.0,0.0,0.016226545377599395,1.6643100842272387,1.6592923866655038,0.003351377272155481,-0.19380876654034554,0.16697824861271846,0.5271966527196653,1.6592923863679891,0.0,239
202,train,blind,3.0,0,0.3538667886901772,0.10958541449137221,0.18264234102778984,0.1025104600016542,0.005705591649689934,0.016029442796896692,1.6668765963869614,1.6010062427700313,0.1093831130012526,-0.1964024557459365,0.26558651592035376,0.401673640167364,1.601006242596934,0.0,239
203,train,blind,3.0,0,0.14450739523119227,0.046516255693189665,0.07752708503171542,0.025294789335218934,0.0017116774949069802,0.015789066591381903,1.6553668150343157,1.6257401168595798,0.04645717271594389,-0.20048192742217713,0.2822338941808362,0.4351464435146444,1.6257401113145609,0.0,239
204,train,blind,3.0,0,6.514758795400435e-05,2.0749907817391516e-05,3.458317786905229e-05,0.0,0.0,0.01677954411835538,1.674275697025794,1.674241024579962,2.0749863157015698e-05,-0.19502252065967868,0.14617644440487848,0.5564853556485355,1.674241014248268,0.0,239
205,train,blind,3.0,0,0.09973252267304225,0.029966594065215867,0.04994431797502208,0.0060859643639879744,0.0,0.0165200678390065,1.7073387306604426,1.6833802611259236,0.02996659354082938,-0.20081575738807803,0.22365648832309568,0.45188284518828453,1.683380266247471,0.0,239
206,train,blind,3.0,0,0.34251428529070727,0.114116801991814,0.1901946494286813,0.13313046764878547,0.006846709979627921,0.016964167813384695,1.6739050035197365,1.636714716461413,0.11385639570138946,-0.19681990815338463,0.20653431852577228,0.5146443514644351,1.6367147158463664,0.0,239
207,train,blind,3.0,0,0.0760018663305159,0.022555366517990783,0.03759227577405353,0.00475465964572699,0.0,0.0165115627732954,1.664066209453918,1.6416336978828558,0.02255536625223567,-0.19370429481805554,0.17599928781269472,0.5062761506276151,1.6416337030370114,0.0,239
208,train,blind,3.0,0,0.0065658995871934805,0.0016215014441753372,0.0027025021744555176,0.0,0.0,0.01623692311284183,1.6514815376393466,1.6507497841344219,0.0016215014852510102,-0.19408779073564347,0.16730466779429656,0.5188284518828452,1.6507497836724478,0.0,239
209,train,blind,3.0,0,0.3685238404330022,0.11906109348584708,0.19843513487534872,0.13598326409711,0.006466337202981925,0.017182214514870647,1.6949898346198653,1.6577737343859973,0.11892138521007574,-0.19995561214963586,0.23003649959939462,0.4351464435146444,1.6577737433859492,0.0,239
210,eval,blind,3.0,0,0.2740191620142929,0.07076609179346625,0.11794347479300395,0.059908711261829076,0.0,0.00951478060502481,1.0129842780623974,0.8830550268105383,0.07076609127838021,-0.10468619328290789,0.0628505296893083,0.9079497907949791,0.8830550277100868,0.0,239
211,eval,blind,3.0,0,0.002674004892043177,0.0008571880203649834,0.0014286466098059783,0.0,0.0,0.009735837083886607,0.9073868446270292,0.9061681872631216,0.0008571880595912235,-0.102361432700063,0.012463277842072466,0.9372384937238494,0.9061681833274969,0.0,239
212,eval,blind,3.0,0,0.11952211124389958,0.027798839621872386,0.04633139725156527,0.0,0.0,0.009461234456169804,0.9475689191199745,0.9166221242070697,0.027798839554151182,-0.10076428368363821,0.0,1.0,0.916622116975188,0.0,239
213,eval,blind,3.0,0,6.514794980351147e-05,2.1981951793646985e-05,3.663658386190854e-05,0.0,0.0,0.009919322508866568,0.9032728978779525,0.903233933648305,2.1981976026543473e-05,-0.10140492024357371,0.0,1.0,0.9032339339121388,0.0,239
214,eval,blind,3.0,0,0.44882433315462367,0.11514735475796758,0.19191223513636987,0.09927729196129484,0.0,0.009277300786414032,1.0516378842138345,0.8797348328714092,0.11514735474821049,-0.11932663496535657,0.2522626784177571,0.5899581589958159,0.8797348364369099,0.0,239
215,eval,blind,3.0,0,0.022306911853421187,0.007195007413037308,0.011991678703920702,0.0,0.0,0.009906136434696709,0.9269748335104109,0.9073917716118083,0.007195007518249482,-0.1145758696834411,0.14412890590225233,0.7824267782426778,0.9073917668235624,0.0,239
216,eval,blind,3.0,0,0.4595581971330663,0.11540410207473321,0.19234015060083723,0.09718524212617755,0.0,0.009030291469666375,1.07314982798309,0.8454414597365647,0.11540410139012344,-0.11154674132062146,0.13653224131279862,0.7238493723849372,0.8454414627808656,0.0,239
217,eval,blind,3.0,0,0.005953148992843712,0.001950722135349287,0.0032512035177510125,0.0,0.0,0.009913987408014148,0.9085856646174666,0.9019674284687601,0.0019507220939159048,-0.10519232759602472,0.0006231638921036232,0.99581589958159,0.9019674290775018,0.0,239
218,eval,blind,3.0,0,0.2988020511427855,0.07268470009442365,0.12114115327298441,0.05249144224192807,0.0,0.009271553164215516,0.9850072860717773,0.8749225442628981,0.07268470009456064,-0.11247729285716107,0.16694857414166586,0.6652719665271967,0.8749225351337374,0.0,239
219,eval,blind,3.0,0,0.19514417073502602,0.04926432143278453,0.08210719473892336,0.03004944829511842,0.0,0.009395025144467543,0.9693634041183663,0.8851082691587664,0.049264320976362797,-0.11076591613551322,0.049704739013027084,0.8451882845188284,0.8851082717502003,0.0,239
220,train,blind,3.0,0,0.3308880599050015,0.1188567989937415,0.1980946407976532,0.1496766833081904,0.014454165387851922,0.016568997496871518,1.6407911999455056,1.632747845170887,0.11814229577025627,-0.20472326709358882,0.25395412326775274,0.47280334728033474,1.6327478503262336,0.0,239
221,train,blind,3.0,0,0.03316622928357742,0.010685062504030212,0.0178084367481959,0.0,0.0,0.016487170984991924,1.681216942216562,1.6679479315191132,0.01068506238215031,-0.19235279121517043,0.12792664470755805,0.49372384937238495,1.667947939517646,0.0,239
222,train,blind,3.0,0,0.019673136295750737,0.0048688264194036695,0.00811471051462097,0.0,0.0,0.015914060576783812,1.6353657086025222,1.6288765314732636,0.004868826555120067,-0.1872090982136488,0.11386094542864775,0.5690376569037657,1.6288765373743714,0.0,239
223,train,blind,3.0,0,0.2322390740961382,0.07426007932067726,0.12376678510534696,0.07303157093385274,0.009128946639503893,0.01602762771154672,1.5857935343327383,1.5770371286938878,0.07374956633950555,-0.19533293674841268,0.24766313540461146,0.4100418410041841,1.5770371378770611,0.0,239
224,train,blind,3.0,0,0.07326333691171423,0.02039723049104445,0.033995383221914977,0.0020920502092050207,0.0001901863883229978,0.01620757587596961,1.6456952304520867,1.6374627638561456,0.020396716369428743,-0.20107663317865143,0.2638060476572005,0.3807531380753138,1.637462767506278,0.0,239
225,train,blind,3.0,0,0.0038738003089876893,0.0008690556606631454,0.0014484259945941528,0.0,0.0,0.016004745065230704,1.642404243287681,1.6423710866453258,0.0008690555902781495,-0.19531033463187145,0.19786937297842666,0.4686192468619247,1.642371091600833,0.0,239
226,train,blind,3.0,0,0.372095166128404,0.12523994076685058,0.2087332100402145,0.1382654998841146,0.006276150814658927,0.016560097869922054,1.6228015766981756,1.6140119710227934,0.1250673137288823,-0.2027093474936825,0.31095878215970796,0.38493723849372385,1.6140119790701133,0.0,239
227,train,blind,3.0,0,0.5008256455296923,0.16146146442274034,0.26910241185643036,0.1650817807623532,0.006656523591304923,0.01692299303602599,1.6757595793472673,1.6180032955552743,0.16131281632766012,-0.20268794352776984,0.3108400842754978,0.38493723849372385,1.618003304763207,0.0,239
228,train,blind,3.0,0,0.4417291690690918,0.14398135247864802,0.23996889430759344,0.14758463272489764,0.014454165450199877,0.016813755803059584,1.604191060345542,1.5689124539806254,0.14332940345997805,-0.20162951323367095,0.3329475652096502,0.3598326359832636,1.5689124538151367,0.0,239
229,train,blind,3.0,0,0.5018170490880057,0.16406912022959896,0.2734485051044442,0.1662228989675953,0.006276150814658927,0.016684017431528687,1.6590310110706665,1.6131994607059528,0.1639598592365363,-0.210769411189569,0.389447758093712,0.3054393305439331,1.6131994526954105,0.0,239
230,train,blind,3.0,0,0.33479187858415665,0.1289656975478697,0.21494279992968823,0.18067706273440037,0.04031951357630007,0.017145161598796126,1.5387719420708372,1.6030592362252238,0.12627602631705848,-0.22094877742635413,0.402148431704205,0.28870292887029286,1.6030592459018047,0.0,239
231,train,blind,3.0,0,2.1493512025067902e-05,6.634486609571574e-06,1.1057477167619502e-05,0.0,0.0,0.015639812613459435,1.615261093592544,1.6152532048305208,6.634496678705386e-06,-0.19235932186073346,0.19881895605210834,0.4602510460251046,1.6152532045968486,0.0,239
232,train,blind,3.0,0,0.2322390740961382,0.08463486947399193,0.14105809970211364,0.09528337830529553,0.013313047057913936,0.015879043789042712,1.592111536648483,1.6107936992804874,0.08377641062165764,-0.19286822644213267,0.17516840262322325,0.5481171548117155,1.6107937035843463,0.0,239
233,train,blind,3.0,0,0.10291766645305227,0.0365613378851921,0.06093555754372094,0.02605553482616297,0.0017116774949069802,0.016179123205604287,1.6150439855443883,1.6178482319520606,0.036528805881423515,-0.1972565007517393,0.2398884239888424,0.37656903765690375,1.6178482366142652,0.0,239
234,train,blind,3.0,0,0.00595315217983492,0.001821622745174487,0.0030360378047311824,0.0,0.0,0.01580478312159308,1.6127505556808854,1.6105714587486937,0.0018216228721536468,-0.18687928696606254,0.12792664470755807,0.5481171548117155,1.6105714628256331,0.0,239
235,train,blind,3.0,0,0.17909066453400735,0.06293752562374857,0.10489586544092588,0.06409281093206366,0.005515405261366936,0.01633749832301771,1.6288102151958515,1.6255322355605568,0.06274131747021361,-0.19594291193650376,0.2166829876257456,0.41841004184100417,1.6255322361813105,0.0,239
236,train,blind,3.0,0,0.4926731121291847,0.1758027925823923,0.29300461963966085,0.20882464895437952,0.012552301629317855,0.017328710052687442,1.6202653521773207,1.6414813037696743,0.1754206632114238,-0.2047114031608216,0.2876643223834535,0.41841004184100417,1.641481302942747,0.0,239
237,train,blind,3.0,0,0.500344105122346,0.1883526217179412,0.3139209981150031,0.22993533712301295,0.030810194845977686,0.017069992872352505,1.5199722328445402,1.589609340643783,0.18682112506116538,-0.2267489357665363,0.5077005252381377,0.1297071129707113,1.5896093339251758,0.0,239
238,train,blind,3.0,0,0.3069478625608959,0.11251878310449151,0.18753127775943004,0.1570939523280914,0.014454165450199877,0.016718966923420276,1.5996665690234515,1.6450438920922859,0.11180321243159311,-0.1998535426326929,0.19691978990474496,0.5271966527196653,1.6450438823433269,0.0,239
239,train,blind,3.0,0,0.47694583179846367,0.1508039639483206,0.25133991162079405,0.16241917057765579,0.005515405261366936,0.01721352743857762,1.6646718512519134,1.6395343848850936,0.15070875209237775,-0.2137186132633007,0.41170361138312717,0.2301255230125523,1.639534391895198,0.0,239
240,eval,blind,3.0,0,0.4926731121291847,0.13294469506420314,0.22157446585047505,0.11620387915038663,0.0,0.00950479896341657,1.0847825083772509,1.047349458708424,0.13294469455211574,-0.1340206033689369,0.13988545654173715,0.7531380753138075,1.0473494597336561,0.0,239
241,eval,blind,3.0,0,0.22391452780090834,0.05547277088420186,0.09245460727870675,0.04222137783361778,0.0,0.009313552811835352,1.056268590763523,1.0235242197703118,0.055472771259461665,-0.11663805622569597,0.03320573310780735,0.899581589958159,1.0235242243747822,0.0,239
242,eval,blind,3.0,0,0.013958478934449634,0.004213153750615713,0.007021922732282783,0.0,0.0,0.009635562427871896,1.046187228488124,1.0423255096419586,0.004213153819508985,-0.12582195977045446,0.09050713671028814,0.6569037656903766,1.0423255174849548,0.0,239
243,eval,blind,3.0,0,0.4488243158769947,0.12276169648426563,0.20460280069062597,0.1243818952822785,0.0,0.009331656764086071,1.0795150117395313,0.9840590503674671,0.12276169627712916,-0.12836649143938433,0.14234843763909907,0.7322175732217573,0.9840590527622629,0.0,239
244,eval,blind,3.0,0,1.0033001283974734e-05,1.9205792767588035e-06,3.20096536993466e-06,0.0,0.0,0.009761114624254873,1.0615806734212772,1.0615760190217565,1.9205869789231396e-06,-0.12005194586859871,0.0002373957684204279,0.99581589958159,1.0615760282443074,0.0,239
245,eval,blind,3.0,0,0.27817753698797626,0.0690708945623563,0.11511814462427838,0.05800684719155523,0.0,0.00942341774257843,1.059623378590061,1.0321367941640909,0.06907089485109613,-0.1211975508552831,0.04190035312620552,0.9079497907949791,1.0321367893000386,0.0,239
246,eval,blind,3.0,0,0.07879227929296571,0.016571808077052656,0.027619679232062693,0.0,0.0,0.009387348223259383,1.0677530840350993,1.0593472125639976,0.016571808082425907,-0.11675716755114597,0.0011869788421021393,0.9916317991631799,1.059347212777976,0.0,239
247,eval,blind,3.0,0,0.5020268857079679,0.13565106776471236,0.22608508612126674,0.12209965712605161,0.0,0.00951980318577968,1.1092716547734567,1.0581389462349304,0.13565106837368568,-0.13660164539597014,0.19588118341790556,0.497907949790795,1.058138952217703,0.0,239
248,eval,blind,3.0,0,0.48366004122113304,0.13199534231044788,0.21999221319150303,0.11924686142590256,0.0,0.009630841006248192,1.0808301947106875,1.0499733006854437,0.13199534180177017,-0.14061908770701437,0.23030356983886763,0.5313807531380753,1.0499732969874962,0.0,239
249,eval,blind,3.0,0,0.1751345835546242,0.03934674780470551,0.0655779068990368,0.01901863870760387,0.0,0.009329783432107715,1.0478040102136683,1.0285021498113496,0.0393467473110668,-0.11899707604187545,0.0229680405946764,0.9539748953974896,1.028502148865105,0.0,239
250,train,blind,3.0,0,0.08452669602320004,0.023071468832914513,0.038452445050622744,0.005135032360025031,0.0005705591649689933,0.01596675824693494,1.6427474680306025,1.630508677231218,0.023058829458829703,-0.19594408223364512,0.23255882963886168,0.40585774058577406,1.6305086744128003,0.0,239
251,train,blind,3.0,0,0.000463527011177035,0.00011058876373845047,0.0001843145902479987,0.0,0.0,0.015222209053714155,1.6139847040176392,1.6138635848855374,0.0001105887455181131,-0.18905690411504567,0.14840202973382,0.5690376569037657,1.6138635922549873,0.0,239
252,train,blind,3.0,0,0.05326771741892722,0.014062899124822491,0.02343816406913194,0.0,0.0,0.01607238749143469,1.6268456540845926,1.6220181788859507,0.014062898660926918,-0.1894255828644466,0.15169589602065342,0.5313807531380753,1.6220181700226413,0.0,239
253,train,blind,3.0,0,0.4417291690690918,0.15747289215718693,0.2624547863715824,0.20806390290230387,0.00950931941614989,0.018202310000355337,1.6317336147799153,1.662101132849769,0.15726476309071008,-0.20592335631635186,0.29493456779132915,0.3598326359832636,1.6621011313543586,0.0,239
254,train,blind,3.0,0,0.05101152724064263,0.014030071729671762,0.023383451752257717,0.0,0.0,0.016032419701313375,1.6338519222067989,1.6276810697930628,0.014030071744802102,-0.19176151265009525,0.1762070091100626,0.497907949790795,1.6276810697603936,0.0,239
255,train,blind,3.0,0,0.012959528787482421,0.0034365155153262923,0.0057275255406630966,0.0,0.0,0.01499959937137041,1.636140767749882,1.634178027697687,0.003436515486131132,-0.19023731091286708,0.14148787797857504,0.5648535564853556,1.6341780150987493,0.0,239
256,train,blind,3.0,0,0.2573214347770065,0.08314580694100358,0.13857633030925762,0.07930772174851167,0.0030429822131679647,0.01616892642555875,1.623271058044673,1.6048560055229952,0.08308916056691742,-0.20394465265371067,0.33894180836226595,0.3472803347280335,1.604856012994026,0.0,239
257,train,blind,3.0,0,0.3109929788440381,0.1108906434676717,0.18481771555001858,0.1397869919259179,0.005515405261366936,0.016923661417791534,1.6521883462263451,1.6732860686389972,0.11079205074354254,-0.21328935241148878,0.3757678269384848,0.3263598326359833,1.6732860841597692,0.0,239
258,train,blind,3.0,0,0.10942615455924436,0.03154383571083569,0.05257305706551378,0.012362114991603038,0.0005705591649689933,0.015569684719160261,1.6373668370386547,1.6225465416409481,0.03152583930232254,-0.19245669813342842,0.2019051010415739,0.4351464435146444,1.6225465394584864,0.0,239
259,train,blind,3.0,0,0.41462237339922975,0.12738898404731494,0.21231495187573757,0.1321795365176939,0.005705591649689934,0.01674315408378777,1.6181076473271996,1.6162338945157357,0.1272565043051206,-0.20858207035796206,0.3852636576753019,0.2803347280334728,1.6162339049358834,0.0,239
260,train,blind,3.0,0,0.44414848793262934,0.15472473995461739,0.2578745357358948,0.20368961609557085,0.007036896367950918,0.01731103982106163,1.6344434803499837,1.6607758921559386,0.15459431021264364,-0.2140318323577962,0.3503961541885515,0.3263598326359833,1.6607758835901745,0.0,239
261,train,blind,3.0,0,0.4023595106228796,0.13624381234784547,0.2270729957242746,0.14663370184319788,0.004754659708074945,0.016676929120800484,1.6597732632230016,1.6582714995080956,0.13615725556113045,-0.20458912270587898,0.2834208730229384,0.42677824267782427,1.6582715015950786,0.0,239
262,train,blind,3.0,0,0.03862335179426082,0.009227248281109556,0.015378746266152162,0.0,0.0,0.01560540631935624,1.6119058745675505,1.6078694071231028,0.009227248358146423,-0.19755226687172336,0.26300483693878157,0.4100418410041841,1.6078694182415931,0.0,239
263,train,blind,3.0,0,0.31501786260686376,0.11814468370170418,0.19690777950495905,0.159946747280065,0.026816280691194735,0.01654032892528064,1.5746221297954415,1.6296151213067347,0.1164828470417237,-0.21605525721488866,0.3428885130122556,0.33472803347280333,1.629615118178741,0.0,239
264,train,blind,3.0,0,0.49725076854988837,0.18898230258988047,0.3149704640048539,0.229745150672342,0.027767212570461768,0.01736057925556307,1.5713103847523613,1.6442039264794672,0.18775718854614074,-0.21880331529333674,0.36683581115166625,0.33472803347280333,1.6442039384285623,0.0,239
265,train,blind,3.0,0,0.5010294404741651,0.17911528899416201,0.2985254461632223,0.21624191666497347,0.022061620983119788,0.01638223824118533,1.5814782096751065,1.61296677452251,0.17826418933021704,-0.21274624481997562,0.38573844921214284,0.27615062761506276,1.6129667687364113,0.0,239
266,train,blind,3.0,0,6.514758795400435e-05,1.4492544175318548e-05,2.4154239460079694e-05,0.0,0.0,0.015812556643163684,1.6440456137996338,1.6440536177806775,1.4492543246796759e-05,-0.19764271837058056,0.22356746490993798,0.4560669456066946,1.6440536216940735,0.0,239
267,train,blind,3.0,0,0.32695747973790945,0.1097769879633534,0.182961622788102,0.1443514646221903,0.009128946639503893,0.016566940466386255,1.6610601112932342,1.6828192657007832,0.10956911470511613,-0.20282378511930546,0.22923528888097575,0.4560669456066946,1.6828192596924514,0.0,239
268,train,blind,3.0,0,0.4085878510234286,0.14437957326643522,0.24063259170296109,0.1905667563611992,0.021110688979156845,0.016838440743652972,1.6067677930807966,1.6343113849851376,0.14345921181916596,-0.21123372188103332,0.35339327576485946,0.3682008368200837,1.6343113754069545,0.0,239
269,train,blind,3.0,0,0.4811274396703373,0.1622002037593919,0.27033364499232804,0.17972613154096084,0.005135032484720941,0.017688636954437363,1.6619207609647488,1.6507695117754917,0.16210799074458873,-0.21718165457290634,0.4193596249146859,0.26359832635983266,1.6507695138746787,0.0,239
270,eval,blind,3.0,0,0.49941803140382607,0.14000383508059847,0.23333970253205047,0.12419170664942913,0.0,0.010628505435550125,1.1262379183928837,1.1943696310829417,0.14000383613542966,-0.16684805877664374,0.37757796967269047,0.30962343096234307,1.1943696271433264,0.0,239
271,eval,blind,3.0,0,3.5839762234725213e-06,1.1782381935902407e-06,1.9637300283648074e-06,0.0,0.0,0.01057119434114904,1.1507415554513492,1.1507408521664193,1.178248285556555e-06,-0.13161694640000857,0.02528264933677557,0.8870292887029289,1.1507408533315333,0.0,239
272,eval,blind,3.0,0,0.4836600335450891,0.14773444643589193,0.2462240495882131,0.14282997282977883,0.002662609436521969,0.011247740557736807,1.0981693594525548,1.2038501249197637,0.14770075734991814,-0.1838703318261869,0.5232202735986231,0.20502092050209206,1.2038501227833727,0.0,239
273,eval,blind,3.0,0,0.05794354536329254,0.013555280531066855,0.02259213321609788,0.0,0.0,0.010278301241429656,1.1563145186611798,1.1488020834064883,0.013555280619428641,-0.13779891343558376,0.07638208848927268,0.7196652719665272,1.1488020823986937,0.0,239
274,eval,blind,3.0,0,0.012006890569388804,0.0033607511043909763,0.005601251636564568,0.0,0.0,0.010444444954925252,1.1518718510492076,1.1505800258664407,0.0033607510314487402,-0.12780324386711595,0.0,1.0,1.1505800152168584,0.0,239
275,eval,blind,3.0,0,0.23223904260317552,0.06785816005986402,0.1130969204288597,0.05819703333048641,0.0,0.010454285311197013,1.156382830322537,1.1536857797510953,0.06785815993518333,-0.14086246903850155,0.08700554912608684,0.7405857740585774,1.1536857763538224,0.0,239
276,eval,blind,3.0,0,0.4706366194916741,0.13195475238771373,0.21992456181194397,0.12628375798089733,0.0,0.010134609735660473,1.155521294561889,1.1626476069374563,0.13195475219202396,-0.1367855487853868,0.10860856405234577,0.8200836820083682,1.1626476180252077,0.0,239
277,eval,blind,3.0,0,0.31099300983821715,0.08704115806114152,0.14506857839622317,0.08672498995788926,0.0,0.010191574612842818,1.1553615795518564,1.1526070082536801,0.08704115812350469,-0.13505929386030746,0.06703463010771832,0.8451882845188284,1.1526070031446403,0.0,239
278,eval,blind,3.0,0,0.49941803140382607,0.13854233538664043,0.23090386330587842,0.12951692577186488,0.0,0.01022674362214134,1.1456137107505957,1.1743461881222585,0.13854233465724852,-0.14931197165903223,0.2233597436125701,0.5230125523012552,1.174346181262379,0.0,239
279,eval,blind,3.0,0,0.0007224766159197316,0.0002371312099461206,0.00039521864725950963,0.0,0.0,0.010561867118287037,1.1479984978252873,1.1476510558667044,0.0002371311479939292,-0.12955175955123244,0.0,1.0,1.147651059854986,0.0,239
280,train,blind,3.0,0,0.36491424218167223,0.13645072160129168,0.2274178385251544,0.17820464018498505,0.010270064969441882,0.017501727159614344,1.6329843569001394,1.6795080628355177,0.13610109751039756,-0.21525173870165387,0.3866583578147719,0.32217573221757323,1.6795080720567577,0.0,239
281,train,blind,3.0,0,0.17513455355801244,0.05783661061432822,0.09639434052038101,0.050209205395008234,0.005325218873043938,0.01610487475640542,1.6495903166766945,1.6569313057795727,0.05759726426429354,-0.2032061607139332,0.271016944122971,0.37656903765690375,1.6569313012697406,0.0,239
282,train,blind,3.0,0,0.22391449630794566,0.07356385802100232,0.12260641558804077,0.07360213034821354,0.007227082756273916,0.01568179866532838,1.5991042316209323,1.6049438956891144,0.07326248988238339,-0.19731188232284338,0.2456749458440903,0.45188284518828453,1.6049438966106973,0.0,239
283,train,blind,3.0,0,0.5019918540521879,0.15348821246106845,0.25581366009864115,0.14359071963002992,0.0171167749490698,0.016249897776787252,1.5766247316384416,1.5800732304361575,0.15274342158385534,-0.20200214754239681,0.3117599928781269,0.35564853556485354,1.5800732255952956,0.0,239
284,train,blind,3.0,0,0.3028837280172224,0.11704758056943144,0.19507927547834758,0.16279954379073747,0.02757702605744286,0.015889995353428887,1.5386417784950224,1.5844788376756294,0.11527595921716931,-0.2188246974750925,0.42752010445413813,0.26778242677824265,1.5844788354508155,0.0,239
285,train,blind,3.0,0,0.49487416027990566,0.17518033056149612,0.2919671882152356,0.1884747045309474,0.030049449292685698,0.0163867371429584,1.5623473338003437,1.5829824782814441,0.17332387190622303,-0.21300401758572293,0.3878453366568741,0.32217573221757323,1.5829824686373881,0.0,239
286,train,blind,3.0,0,0.0,0.0,0.0,0.0,0.0,0.016365251291512072,1.6543201597165862,1.6543201597165862,0.0,-0.1958008452938742,0.18697884210213955,0.5397489539748954,1.6543201684466218,0.0,239
287,train,blind,3.0,0,0.04253382063096937,0.010030005493501,0.016716674978353586,0.0,0.0,0.01523943658660957,1.627723059893652,1.6258736828879832,0.010030005690712938,-0.19712579905644484,0.22617881836256268,0.46443514644351463,1.6258736859058558,0.0,239
288,train,blind,3.0,0,0.19514420172920505,0.062126403502326226,0.10354399510240256,0.05857740567069672,0.0024724230481989714,0.015803343971029983,1.630824348417785,1.6274411004956297,0.06205588457727207,-0.19068281044001753,0.1416362503338378,0.5481171548117155,1.6274411095613122,0.0,239
289,train,blind,3.0,0,0.07600188859598127,0.025417210445297597,0.04236201444407194,0.005895777975664976,0.0005705591649689933,0.015903842945244148,1.6756253838539124,1.66704925657815,0.025397674553779746,-0.19139876942520098,0.1201519332917891,0.5983263598326359,1.6670492546685363,0.0,239
290,train,blind,3.0,0,0.49418196437011425,0.17624084382780333,0.2937347046158054,0.21776340895616858,0.024724230481989712,0.01613524725668475,1.5597937750517075,1.58775466306439,0.17520383634924108,-0.21852846015233088,0.4586782990593193,0.2175732217573222,1.5877546740900557,0.0,239
291,train,blind,3.0,0,0.478391402922768,0.16210724887312447,0.270178714479074,0.18505135035165682,0.006085964426335929,0.017408466095174956,1.6493424800649348,1.6548486229764867,0.16200576694618615,-0.21188338791067773,0.360070031751684,0.3054393305439331,1.6548486264083428,0.0,239
292,train,blind,3.0,0,0.011099784369602368,0.002192333486624444,0.003653888931690577,0.0,0.0,0.015371752643731723,1.6570126262170002,1.6560390843507136,0.002192333527917026,-0.19130959687538282,0.13878750111279264,0.5648535564853556,1.6560390818926354,0.0,239
293,train,blind,3.0,0,0.04666315660102996,0.010953714153946135,0.018256189664555462,0.0,0.0,0.016286680120273365,1.6587025391008066,1.651242449193819,0.010953714094064091,-0.19108558031741954,0.13104246416807622,0.6192468619246861,1.6512424619306894,0.0,239
294,train,blind,3.0,0,0.00010017924373394666,3.0714877679940144e-05,5.119145796955738e-05,0.0,0.0,0.015992722618218245,1.6647623946975962,1.6647291402936482,3.071486565482191e-05,-0.1957383208651147,0.17611798569690496,0.497907949790795,1.6647291471057042,0.0,239
295,train,blind,3.0,0,0.3791192204459613,0.1368212667910933,0.2280354182064866,0.17573221838374517,0.007987828309565907,0.017123778796828814,1.6582052592951881,1.6798016596039969,0.13666594631050052,-0.2088364908193034,0.2960918721623787,0.4393305439330544,1.6798016542645766,0.0,239
296,train,blind,3.0,0,0.08746963563609224,0.026000361332624677,0.04333393262502522,0.00950931916675807,0.0001901863883229978,0.015512211207362772,1.6555824436902002,1.649524075216828,0.025996979077500787,-0.204995246338118,0.3041336538176207,0.4225941422594142,1.6495240704489331,0.0,239
297,train,blind,3.0,0,0.011099784369602368,0.0031319612466192428,0.005219935193849303,0.0,0.0,0.01613219855080464,1.667887725590662,1.6651120061156142,0.003131961289818338,-0.1928951366007331,0.1354342858838541,0.5104602510460251,1.6651120080720667,0.0,239
298,train,blind,3.0,0,0.4934485877536371,0.16926582596735676,0.2821096821216122,0.1867630284076954,0.007227082756273916,0.016816662529008035,1.646435107646128,1.672908097879657,0.16913699665177828,-0.2174452042123156,0.41253449657259855,0.30962343096234307,1.672908103421058,0.0,239
299,train,blind,3.0,0,0.5018883342007137,0.18128930943335586,0.30214881565679125,0.2179535943469243,0.010460251357764879,0.01768621122055379,1.6481782569546082,1.7018529059497882,0.1810807254020866,-0.22209488021255225,0.4135434285883855,0.28870292887029286,1.7018529036670507,0.0,239
300,eval,blind,3.0,0,0.00014589585375555142,3.4867205651463344e-05,5.811200904363774e-05,0.0,0.0,0.009186210738159872,1.1495418990007504,1.1495307327314401,3.486716988054202e-05,-0.1372577297283556,0.056233122644588865,0.7907949790794979,1.1495307286059917,0.0,239
301,eval,blind,3.0,0,0.48708752257839305,0.10483652165570082,0.17472751736794973,0.08311145113601844,0.0,0.009093767180103638,1.1560269634095195,1.2390485600447554,0.10483652079025761,-0.15585694509876047,0.17783910501795305,0.3598326359832636,1.2390485583313111,0.0,239
302,eval,blind,3.0,0,0.3190210646045298,0.0803897694902722,0.1339829371154109,0.06770635330776789,0.0,0.009298415157055505,1.164918035892263,1.194902064660603,0.08038976973636092,-0.14726407491168841,0.08273242529451912,0.7656903765690377,1.1949020647214883,0.0,239
303,eval,blind,3.0,0,0.002674001892095833,0.0005821739125098872,0.0009702898361759112,0.0,0.0,0.009295624673023632,1.158511236372353,1.1577315377889816,0.000582173911002942,-0.1406599658249598,0.04347310009199086,0.7824267782426778,1.1577315441392992,0.0,239
304,eval,blind,3.0,0,0.17120400338753217,0.014403049169661975,0.02400508098528091,0.0,0.0,0.008516136334749196,1.1332010093094416,1.1774845851515128,0.014403049157149763,-0.15020581305152855,0.21264725956259828,0.6359832635983264,1.177484590554867,0.0,239
305,eval,blind,3.0,0,0.04457112279658256,0.005101024190765936,0.008501706651544563,0.0,0.0,0.008833255172633102,1.1604327926077105,1.1706317957475096,0.0051010242193826735,-0.13777845071723696,0.04225644677883617,0.8493723849372385,1.170631790728793,0.0,239
306,eval,blind,3.0,0,0.004340025042008344,0.0009526581464239852,0.0015877635258936254,0.0,0.0,0.00898532766194149,1.1437226965337617,1.1438044716124753,0.0009526581304107898,-0.13457763102861053,0.06323629781299149,0.799163179916318,1.143804473007445,0.0,239
307,eval,blind,3.0,0,0.029798324749413897,0.004545022581368963,0.007575037220342447,0.0,0.0,0.008852104303742676,1.1577801033542745,1.1613074578500693,0.004545022554791929,-0.13683553607980167,0.03854713789726698,0.8075313807531381,1.1613074542624915,0.0,239
308,eval,blind,3.0,0,0.5019918540521879,0.12256305151248888,0.20427172926222179,0.0956637527653363,0.0,0.00898978113738438,1.1437766788893664,1.155419850698575,0.12256304965037648,-0.1523463610027632,0.1800943648179471,0.694560669456067,1.1554198586825941,0.0,239
309,eval,blind,3.0,0,0.06036288374898542,0.008529378821458142,0.014215630668270982,0.0,0.0,0.008802280264466254,1.161185543656848,1.17184368112596,0.008529378590088779,-0.1315385986811286,0.005311730318407075,0.9539748953974896,1.1718436779455792,0.0,239
310,train,blind,3.0,0,0.33479187858415665,0.10490208247334126,0.1748367866224665,0.11049828881000374,0.004374286931428949,0.016417199149571952,1.643157709343164,1.6296335316602155,0.10482943110731122,-0.20083517196145212,0.26531944568088073,0.48535564853556484,1.629633529645805,0.0,239
311,train,blind,3.0,0,0.34633041948240073,0.10669356421171736,0.17782258644878327,0.12133891250797894,0.009319133027826892,0.016220364045492028,1.616827478967451,1.6156366726843383,0.10638122226154333,-0.20285701454385338,0.3104246416807621,0.3723849372384937,1.6156366720764412,0.0,239
312,train,blind,3.0,0,0.0002749838577568819,6.815172217018653e-05,0.00011358619856338356,0.0,0.0,0.015279515558721255,1.610037828838476,1.6100345972192835,6.815170338664742e-05,-0.18935049894055145,0.15653283480221966,0.5104602510460251,1.6100345975575125,0.0,239
313,train,blind,3.0,0,0.4417291690690918,0.1415081176386304,0.23584683841215173,0.14967668374462606,0.008748573862857899,0.016199272825425513,1.6185548208248666,1.6310114496422612,0.1412958160171112,-0.19857058640649533,0.24339001157304374,0.4560669456066946,1.6310114512747518,0.0,239
314,train,blind,3.0,0,0.2864649582486312,0.10085259315481335,0.16808763776923066,0.10840623860079873,0.005895778038012931,0.0167913389563654,1.6504853809229,1.6804311502428733,0.10073371293684702,-0.2138546313334578,0.37277070536217694,0.2928870292887029,1.680431150436215,0.0,239
315,train,blind,3.0,0,0.4797851131429772,0.16102505913821988,0.26837506898888047,0.15595283424754522,0.00950931941614989,0.01683440231854509,1.6548002230073617,1.6551301793573292,0.16083087594816792,-0.21253978474780535,0.38007062524110513,0.22594142259414227,1.6551301635718285,0.0,239
316,train,blind,3.0,0,0.500344105122346,0.16683767982890096,0.2780627730343094,0.1679345764001543,0.006276150814658927,0.017515132408277383,1.641844439955436,1.6422838010049765,0.16670710321860235,-0.2118139705286838,0.38291937446215024,0.33472803347280333,1.6422837976082068,0.0,239
317,train,blind,3.0,0,0.48485143263255603,0.17015410990780427,0.2835901505256885,0.20121719254858822,0.014073792735901836,0.017020141785753947,1.615343847035364,1.639013273197238,0.16965224908490656,-0.21005379892356005,0.3499807115938159,0.3305439330543933,1.6390132697614488,0.0,239
318,train,blind,3.0,0,0.019673136295750737,0.004882764630104906,0.00813794051253536,0.0,0.0,0.016035051920907144,1.6373994118498958,1.6350205680316463,0.004882764863110599,-0.1895697262659428,0.1297664619128164,0.5941422594142259,1.635020564990614,0.0,239
319,train,blind,3.0,0,0.0007224776207325224,0.00015352881146252334,0.00025588134900378416,0.0,0.0,0.016199920916828526,1.6201645672071927,1.620037788875931,0.00015352869964034002,-0.19280693060870935,0.1928543873705451,0.4686192468619247,1.6200377822391478,0.0,239
320,train,blind,3.0,0,0.1229728398538705,0.0300455963504905,0.05007599090029574,0.009128946639503893,0.0007607455532919912,0.01606743543888111,1.613825904026191,1.600812616457999,0.030020364325012084,-0.18957185791117037,0.17534644944953856,0.47280334728033474,1.600812615637509,0.0,239
321,train,blind,3.0,0,0.2864649897415939,0.08976892981768116,0.14961486993889445,0.0842525677202137,0.0034233549898139604,0.01566190845391491,1.6136487692469832,1.612795202552524,0.08965967686490178,-0.19408930455807602,0.21068874447312974,0.4811715481171548,1.612795201822476,0.0,239
322,train,blind,3.0,0,0.5020913164463541,0.17117670567258528,0.2852944749767219,0.18372004700505085,0.0085583874745349,0.0170383994783193,1.637677395942321,1.6520233089455003,0.17100598071717654,-0.20797666938608306,0.34419418973856797,0.3179916317991632,1.652023317678977,0.0,239
323,train,blind,3.0,0,0.09659444735923473,0.024845822973098414,0.04140970186709337,0.007797641858894954,0.0001901863883229978,0.016289324573704887,1.6409448789253394,1.6345974895245858,0.02483923112167492,-0.20013192025734136,0.2627674411703611,0.4393305439330544,1.6345974903907212,0.0,239
324,train,blind,3.0,0,0.001747928173575944,0.00032530007620267063,0.0005421667679059066,0.0,0.0,0.016016368002135885,1.6436049529199321,1.643483173647685,0.0003253000836308449,-0.19652136895729852,0.22077806463099797,0.48535564853556484,1.6434831758456345,0.0,239
325,train,blind,3.0,0,0.002028211354079294,0.0005656807986106363,0.0009428012639865723,0.0,0.0,0.016117716525685215,1.6304899002717628,1.6298542105004379,0.0005656809136864513,-0.19458467480825548,0.197780349565269,0.5313807531380753,1.6298541977405467,0.0,239
326,train,blind,3.0,0,0.12646474479892483,0.034859193332020096,0.05809865182685879,0.012362114929255083,0.0009509319416149889,0.01594033190263552,1.6258388071878185,1.615578816276215,0.034814563561226024,-0.18832738027888485,0.14380248672067422,0.5481171548117155,1.615578813346384,0.0,239
327,train,blind,3.0,0,0.43151489933949033,0.1314284793379823,0.21904744125513617,0.13122860476312279,0.006276150814658927,0.01678767256150373,1.6157221559700108,1.6149048171781595,0.13128875359378597,-0.2142996594974885,0.4180836226594261,0.23430962343096234,1.6149048115159617,0.0,239
328,train,blind,3.0,0,0.02096458594954064,0.00572648938676854,0.00954414839685783,0.0,0.0,0.016404648223759366,1.6323340482791597,1.6281199799421942,0.005726489353090599,-0.19997746366420183,0.27641769785453574,0.45188284518828453,1.6281199702266045,0.0,239
329,train,blind,3.0,0,0.020964593625584595,0.0053602507909410145,0.00893375051526156,0.0,0.0,0.015181351501775213,1.600992657649467,1.5989538111946073,0.005360250775201809,-0.18714997141945786,0.15249710673907238,0.5690376569037657,1.5989538038662354,0.0,239
330,eval,blind,3.0,0,0.012006890569388804,0.0019927650706396366,0.0033212749068111387,0.0,0.0,0.010637443109364814,0.9770610556941651,0.9776983804782564,0.001992765046711173,-0.11175869321280567,0.004095077005252382,0.9539748953974896,0.9776983829737188,0.0,239
331,eval,blind,3.0,0,0.4488243158769947,0.08279888802697839,0.13799813979596487,0.03081019447188996,0.0,0.01081399739014616,1.00660875526931,1.1255726445170127,0.08279888658869815,-0.13741428189055915,0.08753968960503276,0.7907949790794979,1.1255726419898466,0.0,239
332,eval,blind,3.0,0,0.26150266818706364,0.04594516589369739,0.0765752726031195,0.012932674156572031,0.0,0.010801239934784972,1.0061734720254045,1.0702163908770892,0.04594516605994845,-0.13207952182878388,0.03810202083147868,0.9121338912133892,1.0702163889128475,0.0,239
333,eval,blind,3.0,0,0.010237416458047271,0.0017707860501119954,0.0029513099359662104,0.0,0.0,0.010674778531815966,0.9796306032017185,0.9797048399139149,0.001770786068697653,-0.11103712106487751,0.0005638149499985163,0.99581589958159,0.9797048371669234,0.0,239
334,eval,blind,3.0,0,0.09350418227249328,0.012813565944365658,0.021355941960137292,0.0,0.0,0.010376744545123318,0.9921864732538805,1.0005728280693915,0.012813565939251176,-0.11343397036729987,0.009110062613133919,0.9623430962343096,1.0005728282468298,0.0,239
335,eval,blind,3.0,0,0.0043400218550171355,0.0009672514588677298,0.0016120856545746684,0.0,0.0,0.01103656603389704,0.9885324663696927,0.9866776468863547,0.0009672514903765838,-0.11863387493086833,0.0006528383631561768,0.9707112970711297,0.9866776430513521,0.0,239
336,eval,blind,3.0,0,0.053267700141298224,0.005236435878976096,0.008727392616241423,0.0,0.0,0.01023952521298034,1.008768151993532,1.018488696180128,0.005236435703850798,-0.1285189608593432,0.10193180806552124,0.7740585774058577,1.0184886942963127,0.0,239
337,eval,blind,3.0,0,0.1751345835546242,0.02338429795917322,0.03897382846279542,0.0003803727766459956,0.0,0.010205013663839222,0.9779163883320956,1.0190907851422681,0.023384298270867326,-0.1135746642145175,0.0,1.0,1.0190907872212644,0.0,239
338,eval,blind,3.0,0,0.48366004122113304,0.09017586499958194,0.15029309933694499,0.028908330651007935,0.0,0.010522158321569903,1.0201206833248857,1.121606437232205,0.09017586420752241,-0.12759323063555478,0.02112822338941808,0.9079497907949791,1.1216064317243377,0.0,239
339,eval,blind,3.0,0,0.4288286963842077,0.08336531381501422,0.1389421795085209,0.04012932643980162,0.0,0.009730328499849995,1.0088049390325986,1.0730871448456991,0.08336531247463974,-0.13511700728053827,0.1868304697468767,0.6861924686192469,1.0730871436901377,0.0,239
340,train,blind,3.0,0,0.00484126768363289,0.0011359569103036671,0.0018932614289479872,0.0,0.0,0.015534025759175108,1.611835617899396,1.6109278546217596,0.0011359569399554776,-0.19235550243256608,0.2034481735363067,0.5188284518828452,1.610927854221353,0.0,239
341,train,blind,3.0,0,0.007217877699358381,0.0016101464149477613,0.0026835771856274725,0.0,0.0,0.01636099528957735,1.6401504961516569,1.640364416972364,0.0016101464312653902,-0.19348833586789055,0.17567286863111664,0.5188284518828452,1.6403644195070155,0.0,239
342,train,blind,3.0,0,0.4595581971330663,0.15037716519620678,0.250628584002378,0.1492963106562403,0.007417269144596914,0.016505203831348583,1.6097996781061883,1.6042317548556309,0.15023685634018324,-0.20304550058800372,0.33567761654648504,0.3682008368200837,1.6042317585133574,0.0,239
343,train,blind,3.0,0,0.2531380511106846,0.0796648796053868,0.13277478013266192,0.0952833779312078,0.016926588436050893,0.015165677479230585,1.4962711803085136,1.5243679561874357,0.07856543713147768,-0.20943875292989858,0.43149648357518033,0.2594142259414226,1.5243679548433928,0.0,239
344,train,blind,3.0,0,0.00027498420791614755,5.264187270444701e-05,8.773645052440839e-05,0.0,0.0,0.015930428524271713,1.6243972139877256,1.6242917372093042,5.2641843341848185e-05,-0.19118248296007395,0.16872904240481915,0.5355648535564853,1.6242917350594885,0.0,239
345,train,blind,3.0,0,0.5016285062847449,0.15944228868322788,0.26573711825578783,0.1641308482596066,0.013313047182609845,0.01638082551836157,1.5793938207825857,1.5814563390101348,0.1589565473020142,-0.19796445762918194,0.28891065016766077,0.4225941422594142,1.581456327477301,0.0,239
346,train,blind,3.0,0,0.07057711293792525,0.013181964293081863,0.021969939805321283,0.0,0.0,0.015317914978246434,1.6144125381772987,1.6191858093110088,0.013181964458663174,-0.1943798490546085,0.21962076025994834,0.42677824267782427,1.6191858161973334,0.0,239
347,train,blind,3.0,0,0.17909066453400735,0.057403121751746035,0.0956718608783631,0.05039939103515577,0.0022822366598759733,0.016126619127801146,1.6193001424917117,1.6285305354884478,0.057347921793403644,-0.1936059940804269,0.20430873319683074,0.502092050209205,1.628530525783878,0.0,239
348,train,blind,3.0,0,0.5020268857079679,0.16338509433025059,0.272308463208201,0.18657284239346014,0.032141499564238674,0.015343522830285661,1.424478492477449,1.4812457751030703,0.16134102632694594,-0.21251582799875507,0.49731446036974386,0.14225941422594143,1.4812457714383518,0.0,239
349,train,blind,3.0,0,0.31501783161268476,0.1061834450770658,0.17697238993898443,0.1120197801036316,0.006085964426335929,0.017182280044519504,1.6425529144797864,1.658835907860281,0.10605281282589059,-0.21724067168558314,0.4402504525356836,0.2217573221757322,1.6588359050029597,0.0,239
350,train,blind,3.0,0,0.4891325045084395,0.15532071270329853,0.25886782981373374,0.16070749414266403,0.006085964426335929,0.016391821668354723,1.6248064340407877,1.6357090580413531,0.15519762375904625,-0.21346030553265422,0.4170153417015342,0.25523012552301255,1.6357090576471718,0.0,239
351,train,blind,3.0,0,0.496713411596384,0.14131968649894303,0.235532786249754,0.13217953608125824,0.01122099691105687,0.01581007002747645,1.5312329705290215,1.5771815836678988,0.1409293701330338,-0.2074188746223759,0.3972818184515861,0.2384937238493724,1.5771815862421519,0.0,239
352,train,blind,3.0,0,0.4961388843030782,0.1700192530367976,0.28336539413415507,0.1920882473430873,0.024724230481989712,0.01700862008634035,1.5150792169770437,1.5661436212112714,0.16864530036301598,-0.20791828292959635,0.3863319386331939,0.29707112970711297,1.5661436110143006,0.0,239
353,train,blind,3.0,0,0.42329975400295616,0.1424157599662881,0.23735957226888169,0.16032712161540985,0.013883606347578839,0.01629610212566526,1.5628863568086504,1.5778704260682461,0.14187725654633768,-0.20224240308270122,0.35288880975696607,0.33472803347280333,1.5778704150846787,0.0,239
354,train,blind,3.0,0,0.3575846668143823,0.11732390189821497,0.19553981434749795,0.13731456800484756,0.011411183299379868,0.01575092349014397,1.6037293178765843,1.603357164181426,0.11692933811329156,-0.19713335622979913,0.2619662304519422,0.4895397489539749,1.6033571712298216,0.0,239
355,train,blind,3.0,0,0.45752092677940104,0.1552693945380129,0.25878229251954116,0.19056675555067581,0.02034994348821281,0.017223018087119363,1.5572014009603397,1.5985545752936328,0.1543388924569417,-0.20344338154212754,0.29926704056500203,0.4100418410041841,1.5985545627655917,0.0,239
356,train,blind,3.0,0,0.007217873016016257,0.001804439497083047,0.003007398962916219,0.0,0.0,0.01642738710933026,1.6174613885799711,1.6170803936954323,0.0018044395023345226,-0.19872282136226346,0.26882103326508205,0.42677824267782427,1.617080393426622,0.0,239
357,train,blind,3.0,0,0.5012103088587818,0.15704856598455522,0.26174758094604694,0.158805630321782,0.01122099691105687,0.01664459218649061,1.5976730794587395,1.6469626733448715,0.15672683594119266,-0.206030567492912,0.2965073147571144,0.38493723849372385,1.6469626710614396,0.0,239
358,train,blind,3.0,0,0.011099790736339269,0.002311054289078673,0.003851757005741016,0.0,0.0,0.016093541382886,1.642164653315205,1.6422831593198257,0.002311054356396503,-0.1978671100271407,0.22166829876257454,0.47280334728033474,1.642283169820316,0.0,239
359,train,blind,3.0,0,0.2531380511106846,0.07864978192969733,0.1310829583065444,0.07550399416909558,0.004754659708074945,0.016072558260534473,1.5952022162940214,1.6015525238284507,0.07851483988284508,-0.20262583819049101,0.3347577079438559,0.3054393305439331,1.601552520072406,0.0,239
360,eval,blind,3.0,0,0.09046233746581896,0.016443178995447155,0.027405296868534327,0.0,0.0,0.014124098152046922,0.9897197105894527,0.9648928879195178,0.016443178874465333,-0.12232898774803869,0.027092792070981333,0.6234309623430963,0.9648928885696795,0.0,239
361,eval,blind,3.0,0,0.10942612930107716,0.00836908548937808,0.013948475141599423,0.0,0.0,0.012513856843862074,0.9122972106833837,0.9472828657058492,0.00836908567072904,-0.11768348485750993,0.1238315677023057,0.7907949790794979,0.9472828695437114,0.0,239
362,eval,blind,3.0,0,0.05557842856955229,0.006781086552889738,0.011301810252110018,0.0,0.0,0.013633397698137427,0.9351774516464776,0.9395381778353926,0.006781086516540393,-0.10736578361063548,0.0005638149499985163,0.99581589958159,0.939538177762455,0.0,239
363,eval,blind,3.0,0,0.04457112279658256,0.008730014382628238,0.014550023310609303,0.0,0.0,0.013836006006561064,0.9305956690381262,0.9010182993182577,0.008730014399113304,-0.10155942949147298,0.002908098163150242,0.9748953974895398,0.9010182943821353,0.0,239
364,eval,blind,3.0,0,0.49941803140382607,0.09937446451271985,0.16562409871013686,0.060289083602039384,0.0,0.01111797810528256,0.9292663455508244,1.0631877418342495,0.09937446504663511,-0.13494337310706003,0.19074749992581383,0.6317991631799164,1.063187745574195,0.0,239
365,eval,blind,3.0,0,0.496713411596384,0.11336261105273605,0.1889376677406811,0.0726511995912097,0.0,0.01240597693561323,1.0015074136865687,0.9302497912650328,0.11336261010037713,-0.12722273743844986,0.11929137363126502,0.6108786610878661,0.9302497972532499,0.0,239
366,eval,blind,3.0,0,0.43151492035799666,0.07894662511716127,0.13157769403662475,0.07455306291330809,0.0013313047182609845,0.010590579681230951,0.8597041326087888,0.9836850383291683,0.07889639624687585,-0.13946059430294833,0.2963292679307991,0.3723849372384937,0.9836850379962974,0.0,239
367,eval,blind,3.0,0,0.26150266818706364,0.06284794320234742,0.10474656093249764,0.06656523516487377,0.0022822366598759733,0.011606954714228793,0.8733027704590035,0.9225675361425807,0.06281163013655833,-0.1353385867781746,0.2753790913676964,0.5564853556485355,0.9225675394060099,0.0,239
368,eval,blind,3.0,0,0.026644077069207902,0.003443631472197073,0.005739385380282283,0.0,0.0,0.013916182509042852,0.8958203740199739,0.8948267710757555,0.003443631381247603,-0.10162476589275118,0.0015133980236802277,0.9916317991631799,0.8948267702781961,0.0,239
369,eval,blind,3.0,0,0.17909063403861195,0.027594115220347104,0.0459901880504316,0.007417269082248959,0.0,0.013960311181500366,0.9682628706908126,0.9650194874368452,0.027594114869974738,-0.12420239030255067,0.05896317398142378,0.5397489539748954,0.965019490930293,0.0,239
370,train,blind,3.0,0,0.29470410188133966,0.08425801697866438,0.1404300153677301,0.07588436700808952,0.012552301629317855,0.01585544995909019,1.5673547658960192,1.5727157695024083,0.08346999175475092,-0.20043538638019623,0.31259087806759844,0.401673640167364,1.572715764504876,0.0,239
371,train,blind,3.0,0,0.24895398218523726,0.07389832239471208,0.12316385835373729,0.07322175794565527,0.008938760251180896,0.016686613633488324,1.5699822004868895,1.6052186085090479,0.07342424769029467,-0.1969866835869771,0.25784147897563725,0.42677824267782427,1.6052186146146532,0.0,239
372,train,blind,3.0,0,0.18707420168323716,0.046497071888183326,0.07749511354003322,0.024343857455951898,0.003613541378136958,0.016749060282164163,1.61044676258973,1.6225588192002045,0.04636462650413397,-0.19199587900065465,0.18288376509688717,0.47280334728033474,1.6225588148557581,0.0,239
373,train,blind,3.0,0,0.49941803140382607,0.15623337764728418,0.2603889367608827,0.150247242971943,0.013313047182609845,0.016996876854901533,1.576006508272562,1.60972733577425,0.1557438231573991,-0.2026568888619999,0.31009822249918395,0.34309623430962344,1.609727338030646,0.0,239
374,train,blind,3.0,0,0.5020884493196984,0.1820406932285596,0.30340112101909644,0.20977558064660268,0.020920502715529758,0.01675733414217518,1.5455367996602876,1.604454264979981,0.1809261741443026,-0.20721214118552508,0.3447580046885664,0.36401673640167365,1.6044542652465832,0.0,239
375,train,blind,3.0,0,0.00484126768363289,0.0013148604723264192,0.002191434039468351,0.0,0.0,0.016010068167998576,1.6083454350048527,1.6074341473220282,0.001314860527915953,-0.19354834983511457,0.21991750497047394,0.4811715481171548,1.607434147746259,0.0,239
376,train,blind,3.0,0,0.015004510717528821,0.0029038498196694864,0.004839749584180521,0.0,0.0,0.016058314276009674,1.647271553841595,1.6476091011797533,0.00290384989988768,-0.19937229411424554,0.23341938929938574,0.4769874476987448,1.6476090966662742,0.0,239
377,train,blind,3.0,0,0.06536317144762423,0.01318938751947259,0.021982311979029962,0.0,0.0,0.014899116327058695,1.5530700469116785,1.5581116180040846,0.013189387409907018,-0.19997392614449983,0.36125701059378623,0.28870292887029286,1.5581116151651782,0.0,239
378,train,blind,3.0,0,0.016098320915726126,0.0040970913966349035,0.006828485254700506,0.0,0.0,0.01668042380549793,1.6285007289263993,1.6254329082856118,0.004097091341776009,-0.19546894061910083,0.22659426095729843,0.4309623430962343,1.62543290451145,0.0,239
379,train,blind,3.0,0,0.0023364956484850357,0.0005355968377554145,0.0008926613439421488,0.0,0.0,0.01662701486013674,1.600868435085568,1.6008481944455262,0.0005355968478930458,-0.19020354392609937,0.19095522122318165,0.5230125523012552,1.600848207273262,0.0,239
380,train,blind,3.0,0,0.44414846890925763,0.1630380242599945,0.2717300073851662,0.19855458460841718,0.02073031632720676,0.01658793619276652,1.5339648603894223,1.5656516742756177,0.16222967614657094,-0.20809466070039292,0.40458173833051425,0.28451882845188287,1.5656516668580078,0.0,239
381,train,blind,3.0,0,0.5013695556751894,0.14619093755340845,0.24365153872719653,0.13294028238272568,0.007417269144596914,0.01538117334761006,1.5702565195171405,1.573007170126528,0.14596127047759286,-0.19307016328934254,0.25840529392563577,0.41841004184100417,1.573007162525031,0.0,239
382,train,blind,3.0,0,0.08746963563609224,0.01804534762531791,0.03007557812910605,0.0009509319416149889,0.0,0.0163400104721408,1.6236882628756089,1.6304836345516986,0.018045347594532087,-0.20076816077787632,0.27991928543873706,0.40585774058577406,1.6304836361431085,0.0,239
383,train,blind,3.0,0,0.37562728849699706,0.13258254272549946,0.2209708758770172,0.1766831487666613,0.02225180743379074,0.016102365165496846,1.5265134538067933,1.5723827987535228,0.13138596685850917,-0.20952330502357036,0.39146562212528563,0.3389121338912134,1.5723828025931232,0.0,239
384,train,blind,3.0,0,0.11611346518928935,0.03873549079722868,0.06455914555371994,0.026816280192411095,0.0019018638832299778,0.016293209330587956,1.6248822381805674,1.6423619980592608,0.03866958864129484,-0.2071499531639375,0.35202825009644195,0.3054393305439331,1.6423619960849256,0.0,239
385,train,blind,3.0,0,0.007217877699358381,0.001718049535891197,0.002863415834543497,0.0,0.0,0.016011013892950746,1.6290137700455958,1.628134954175191,0.001718049599654767,-0.19513586931637417,0.20852250808629333,0.4811715481171548,1.6281349648349508,0.0,239
386,train,blind,3.0,0,0.12297281284996057,0.03539870243664333,0.058997834091820994,0.022251806935007102,0.002662609436521969,0.0157562976714738,1.5838090231229072,1.5925478578611398,0.03530072387201696,-0.19281637515798739,0.2153179619573281,0.4602510460251046,1.5925478560555955,0.0,239
387,train,blind,3.0,0,0.00595315217983492,0.001573898872597071,0.002623164614743629,0.0,0.0,0.0159582802636167,1.632074985793445,1.631146030196585,0.001573898931215717,-0.19722148890053198,0.22644588860203566,0.4476987447698745,1.6311460270080873,0.0,239
388,train,blind,3.0,0,0.4990500914879464,0.16491915171394353,0.274865221345699,0.1766831501383163,0.009699505804472887,0.017172167732314086,1.6190168271503689,1.669214864156236,0.16469152953424143,-0.21071646642777153,0.3273984391228227,0.37656903765690375,1.66921486088045,0.0,239
389,train,blind,3.0,0,0.06283616020874398,0.013654355541445234,0.022757258193397703,0.0,0.0,0.015569278347855394,1.6256175849228225,1.6278901471752503,0.013654355374029712,-0.19989812345664995,0.27609127867295763,0.3891213389121339,1.627890142642049,0.0,239
390,eval,blind,3.0,0,0.500344105122346,0.07021343041836124,0.11702237940825318,0.022441993510373966,0.0,0.01124766350540656,1.041947699740342,1.1591903884041759,0.07021343041702174,-0.13518984239239565,0.060446897534051455,0.7238493723849372,1.1591903834584603,0.0,239
391,eval,blind,3.0,0,0.005953148992843712,0.0005683803358437346,0.0009473005066184711,0.0,0.0,0.01525185699672068,0.9211712696562252,0.9214991423375437,0.000568380278587428,-0.11221260585990707,0.018605893349951035,0.7280334728033473,0.9214991429644146,0.0,239
392,eval,blind,3.0,0,0.49865054549941856,0.0628721011892301,0.10478682920809995,0.024534043781926942,0.0,0.010662963797014877,0.9743127603411176,1.1418287788973693,0.06287210127639699,-0.154659602866673,0.33811092317279445,0.3807531380753138,1.1418287834953362,0.0,239
393,eval,blind,3.0,0,0.07326333691171423,0.005001805719471255,0.008336342736629566,0.0,0.0,0.014490171195354671,0.9780675659119833,1.0029101845609594,0.005001805983201886,-0.12645745595053295,0.12163565684441674,0.5397489539748954,1.002910183635232,0.0,239
394,eval,blind,3.0,0,0.05794356438666426,0.007884390108811812,0.013140649636199106,0.0,0.0,0.015118660128609157,0.9309403494810958,0.9233987054565461,0.007884390143243226,-0.11265948030679913,0.03371019911570077,0.7615062761506276,0.9233987045612198,0.0,239
395,eval,blind,3.0,0,0.42045798061068984,0.07896621483546769,0.13161035103020288,0.04184100430879633,0.0,0.013136693615481943,0.9795663573751888,1.0341578729481877,0.07896621442353889,-0.13498033669201434,0.12178402919967951,0.3723849372384937,1.034157873275905,0.0,239
396,eval,blind,3.0,0,0.2864649582486312,0.03672228731600352,0.061203809162035216,0.010460251108373059,0.0001901863883229978,0.013564597939971102,0.9722651607321895,1.0748442127116056,0.03672153183428213,-0.14317017127321163,0.22564467788361672,0.26359832635983266,1.074844212385947,0.0,239
397,eval,blind,3.0,0,0.4955261374568512,0.07422037321166537,0.12370061241691858,0.02377329785454722,0.0,0.011674614954412483,1.020218818756327,1.1108128735211105,0.07422037304571874,-0.1332412263641199,0.08489866168135553,0.6569037656903766,1.1108128729147546,0.0,239
398,eval,blind,3.0,0,0.47063660832414467,0.09549753316956967,0.15916254284339748,0.06238113399828827,0.0,0.01357565679154885,1.0217915035191938,1.0044389806033178,0.09549753316364845,-0.14207609681704772,0.29882192349921366,0.12552301255230125,1.0044389790018502,0.0,239
399,eval,blind,3.0,0,0.3269574497412977,0.052290462820568956,0.08715076806992668,0.015024724241081143,0.0005705591649689933,0.01389973039181599,0.9860674601718472,1.0809944693513496,0.05227626935061285,-0.14272217665961284,0.23543725333095936,0.25523012552301255,1.080994474001924,0.0,239
400,train,blind,3.0,0,0.0,0.0,0.0,0.0,0.0,0.016224642393323416,1.6274403046863348,1.6274403046863348,0.0,-0.19665774653867496,0.231075106086234,0.49372384937238495,1.6274403004804352,0.0,239
401,train,blind,3.0,0,0.35386675944174084,0.11352951306895444,0.1892158387318776,0.12533282622632622,0.006656523591304923,0.016795641493254874,1.6281116934002193,1.6386427545148459,0.1133875398395446,-0.20762225615130314,0.33766580610700614,0.32217573221757323,1.638642747291464,0.0,239
402,train,blind,3.0,0,0.21150077816593815,0.06403259156172204,0.10672097472262337,0.05705591524994024,0.0022822366598759733,0.01639039200539681,1.5756307373984588,1.589808703965223,0.06397833280302107,-0.1888107845075406,0.18160776284162736,0.5439330543933054,1.5898086993510059,0.0,239
403,train,blind,3.0,0,0.3347918485875449,0.09606349157155092,0.1601058036909026,0.0947128182051072,0.0038037277664599556,0.015990257259286846,1.6459018386058728,1.6542746407217561,0.09599227634243712,-0.2090006377919401,0.3366865485622719,0.32217573221757323,1.6542746392782346,0.0,239
404,train,blind,3.0,0,0.07879227929296571,0.019327985282566507,0.0322133071363378,0.0020920502092050207,0.0005705591649689933,0.01647535782252832,1.6248815703092758,1.6252812820498415,0.019308841404210138,-0.18984895718365313,0.16214130983115224,0.5355648535564853,1.6252812827851542,0.0,239
405,train,blind,3.0,0,0.49975553764743685,0.1628421289506797,0.2714035192181643,0.16108786679461412,0.008368201086211903,0.016700197449616434,1.6236933684249304,1.6351084704179644,0.1626507027235466,-0.20267578978727943,0.29558740615448525,0.3682008368200837,1.635108465865882,0.0,239
406,train,blind,3.0,0,0.3269574497412977,0.11199690223621935,0.18666148163877752,0.11924686229877392,0.006656523591304923,0.01732602483246117,1.6529980010068566,1.6634426715483726,0.11187713228475529,-0.2114275372980421,0.37185079675954774,0.3054393305439331,1.663442659091047,0.0,239
407,train,blind,3.0,0,0.004340025042008344,0.001229259491509419,0.0020487657277660967,0.0,0.0,0.015956593320849175,1.644429404865249,1.6443186215276997,0.0012292595553947622,-0.1899300916490368,0.1358794029496424,0.5815899581589958,1.644318617531836,0.0,239
408,train,blind,3.0,0,0.31099300983821715,0.10430124305364254,0.1738353859040232,0.12057816658059922,0.012171928852671859,0.016690440709745534,1.5696600638174112,1.5945312557858902,0.1036603616176538,-0.19616871369473796,0.24837532270987273,0.4309623430962343,1.5945312586503337,0.0,239
409,train,blind,3.0,0,0.3575846380647296,0.13329738078467637,0.22216227475529274,0.1780144544201416,0.007036896367950918,0.01710366276112311,1.6491128715012362,1.6582230803358007,0.13315020386155738,-0.2162121315233404,0.4010208018042079,0.28870292887029286,1.658223068772084,0.0,239
410,train,blind,3.0,0,0.19920827428452043,0.06308003278594332,0.1051333783117462,0.0538227462120136,0.0015214911065839823,0.01654023980277602,1.6270331047070077,1.648012984247886,0.06303093266542115,-0.20160820445158914,0.2539541232677528,0.40585774058577406,1.6480129859333494,0.0,239
411,train,blind,3.0,0,0.0065658995871934805,0.0016952589367027176,0.002825431360125933,0.0,0.0,0.016155393437626595,1.649008923494666,1.6478776946726204,0.0016952589839279446,-0.18973436022589216,0.11887593103652928,0.5941422594142259,1.6478776962475625,0.0,239
412,train,blind,3.0,0,0.30288375901140147,0.08646946999613335,0.14411577444415985,0.06561430247508332,0.007036896367950918,0.015770260998628504,1.5972666885064735,1.5802173108236561,0.08616795054421875,-0.18687806583551633,0.17033146384165704,0.5271966527196653,1.5802172946367614,0.0,239
413,train,blind,3.0,0,0.013958485612926312,0.00359256356634402,0.005987605558075454,0.0,0.0,0.015509111138458157,1.6416380809440771,1.6410996450041129,0.0035925635374228497,-0.18622445275997895,0.09285141992343987,0.694560669456067,1.6410996456221296,0.0,239
414,train,blind,3.0,0,0.2573214347770065,0.06302293947804756,0.10503822235398702,0.045644732199952194,0.003993914154782953,0.01555209120182188,1.576430784109746,1.5691151409468391,0.06287286005644849,-0.1965575239711799,0.3008694620018398,0.33472803347280333,1.5691151410024313,0.0,239
415,train,blind,3.0,0,0.24895395069227458,0.0817911055927344,0.13631849466122478,0.0888170404164861,0.004754659708074945,0.01569382588195938,1.6140604193739312,1.6275498076462847,0.08168741517473026,-0.19674195176464335,0.23065966349149825,0.4769874476987448,1.6275498056134488,0.0,239
416,train,blind,3.0,0,0.5015085098678519,0.16244582057474702,0.2707430064442728,0.1542411571890739,0.010460251357764879,0.016278041963110907,1.604051277477871,1.6105450850650356,0.1621079479749192,-0.19758992094456657,0.2596812961808956,0.4309623430962343,1.6105450908182688,0.0,239
417,train,blind,3.0,0,0.007217877699358381,0.001559477023406867,0.0025991282848328683,0.0,0.0,0.015274293120623134,1.615563022042917,1.6158420869994863,0.0015594771730016211,-0.19164157978039403,0.19036173180213062,0.5439330543933054,1.615842081239691,0.0,239
418,train,blind,3.0,0,0.0005835234280700004,0.00012689197203113987,0.00021148660748641232,0.0,0.0,0.015085619350186078,1.595623348547325,1.5955665470665967,0.00012689202666170865,-0.19092378024735193,0.20196444998367905,0.49372384937238495,1.5955665543259592,0.0,239
419,train,blind,3.0,0,0.4722936973789786,0.15896768508429132,0.26494611105453597,0.17820464062142072,0.00950931941614989,0.017217193800316943,1.578174680845508,1.6192851964399904,0.1586960145901213,-0.20367252106425465,0.32796225407282115,0.3179916317991632,1.6192851876622325,0.0,239
420,eval,blind,3.0,0,0.24477056702595276,0.054051254083122134,0.0900854157890577,0.03176112597706927,0.0,0.010692073959685768,0.9253908473078676,0.9212349550993373,0.05405125335251248,-0.11484514535380126,0.05454167779459332,0.9079497907949791,0.9212349568875007,0.0,239
421,eval,blind,3.0,0,0.36852381268091683,0.05571884541816997,0.09286473839275006,0.015024724365777052,0.0,0.009852405622889868,0.9004392017879247,1.0063051616297607,0.055718845342518274,-0.12336111207041862,0.11163536009970622,0.7447698744769874,1.006305160252087,0.0,239
422,eval,blind,3.0,0,0.07326333691171423,0.006601707678984673,0.011002845183756105,0.0,0.0,0.010254785671799002,0.9042384123203645,0.9163092442137427,0.006601707710120597,-0.10979975875358712,0.07934953559452802,0.8368200836820083,0.9163092460870473,0.0,239
423,eval,blind,3.0,0,0.30694783156671684,0.049014302122635106,0.08169049833794735,0.015595283780137864,0.0,0.010175205502175886,0.9226265352640192,1.0067851952429097,0.04901430211253553,-0.1202185174052696,0.03741950799726995,0.9246861924686193,1.0067851979046545,0.0,239
424,eval,blind,3.0,0,0.2032900131473154,0.011828144296110416,0.019713572663204865,0.0,0.0,0.01014781096817684,0.9286205773573042,0.9828185553830039,0.011828144099476901,-0.10786398803427572,0.021276595744680854,0.9246861924686193,0.9828185521181186,0.0,239
425,eval,blind,3.0,0,0.09659447261740192,0.007162198539658656,0.011936997069363972,0.0,0.0,0.010188057514055628,0.9331540679831883,0.9434789391741094,0.0071621987564608825,-0.10364272528199292,0.013917326923647586,0.9330543933054394,0.9434789421175046,0.0,239
426,eval,blind,3.0,0,0.06036286422683006,0.007363763648511138,0.012272938630254072,0.0,0.0,0.011313352899462234,0.9230959585022228,0.9214978559745406,0.0073637636971291475,-0.11161580802761038,0.002789400278940028,0.99581589958159,0.9214978635246847,0.0,239
427,eval,blind,3.0,0,0.1712039733909204,0.017092236637866767,0.028487059494878567,0.0007607455532919912,0.0,0.0099137903534063,0.8996978145264183,0.9525515868574007,0.0170922366091587,-0.12505022269913563,0.1577198136443218,0.7071129707112971,0.9525515838746365,0.0,239
428,eval,blind,3.0,0,0.04253382063096937,0.0029891924697957044,0.004981987323266382,0.0,0.0,0.010640175022364098,0.9145302343568044,0.9227256488101752,0.0029891924446647294,-0.10724406658042251,0.013027092792070982,0.9246861924686193,0.9227256478169347,0.0,239
429,eval,blind,3.0,0,0.029798324749413897,0.006605877234136771,0.011009794842329064,0.0,0.0,0.011121664258600778,0.9712658240206571,0.9557766425559711,0.006605877148986757,-0.11509302531510836,0.0027300513368349213,0.9916317991631799,0.9557766406915489,0.0,239
430,train,blind,3.0,0,0.046663172881091675,0.010130207375783417,0.016883678021684882,0.0,0.0,0.014994940683479464,1.6158767901205118,1.615647968138611,0.010130207380342307,-0.18883098113344554,0.13412860915754177,0.5941422594142259,1.615647979747392,0.0,239
431,train,blind,3.0,0,0.31501783161268476,0.09691737582224237,0.1615289422143292,0.10441232438366782,0.00950931941614989,0.015907253130927494,1.5784752284133783,1.5946132174096845,0.09654681634544343,-0.2001208042190468,0.30383690910709515,0.35564853556485354,1.5946132323243607,0.0,239
432,train,blind,3.0,0,0.04055126141090673,0.00801634368314454,0.013360572608815414,0.0,0.0,0.01547355827325994,1.6128746929527826,1.6094987280199218,0.008016344003819434,-0.19681076873548578,0.23629781299148342,0.45188284518828453,1.6094987316643428,0.0,239
433,train,blind,3.0,0,0.3308880299083897,0.12469260918992424,0.20782098504117674,0.17478128694091383,0.028908331025095664,0.0151052890641607,1.4456476783652685,1.5006385742371053,0.1225962844202673,-0.21321470641360157,0.47265497492507197,0.2175732217573222,1.5006385823202084,0.0,239
434,train,blind,3.0,0,0.20328998215313637,0.05647160984508408,0.09411934476966395,0.03157093977579013,0.0019018638832299778,0.015366127944422816,1.5925291819053713,1.5808859008625462,0.056429949139684334,-0.19168973316828172,0.239116887741476,0.4225941422594142,1.580885895751906,0.0,239
435,train,blind,3.0,0,0.49975553764743685,0.17492232378415443,0.2915371755164921,0.18029669189054098,0.005705591649689934,0.016613550419884122,1.6071787414191656,1.630621983167018,0.1748190338814052,-0.21637856299118005,0.4397756609988427,0.2217573221757322,1.6306219952082162,0.0,239
436,train,blind,3.0,0,0.5015085087071692,0.17429608864536572,0.29049345113265923,0.2019779388500557,0.025675162361256748,0.014901600528711055,1.4057330920606477,1.455657680413713,0.17287612147808876,-0.20586528137074828,0.44752069794355914,0.2384937238493724,1.4556576891632307,0.0,239
437,train,blind,3.0,0,0.4465136047263696,0.11974943354427797,0.19958237075735424,0.0990871057600157,0.005325218873043938,0.015089301156682824,1.581935910749635,1.5867297390016053,0.11961486996735106,-0.1925315853732718,0.23297427223359746,0.4602510460251046,1.586729728182691,0.0,239
438,train,blind,3.0,0,0.0012663877662295617,0.0002840957662952084,0.0004734929106116663,0.0,0.0,0.015018328786613303,1.5691757064982936,1.5691072417103595,0.00028409581879474354,-0.19047911004581902,0.23410190213359447,0.4393305439330544,1.5691072389491727,0.0,239
439,train,blind,3.0,0,0.48485144005920816,0.1477544914158818,0.24625746004968585,0.13636363681140803,0.008938760251180896,0.015418508004350392,1.5345393878146694,1.5371983295704033,0.1473493298368895,-0.19036400458796676,0.25867236416510875,0.4225941422594142,1.537198328285225,0.0,239
440,train,blind,3.0,0,0.39266590399484474,0.12964071789416443,0.21606784570696055,0.13275009618144654,0.011791556076025863,0.015371484853420797,1.548721258859754,1.550708333817486,0.12919884659893255,-0.19518415241774228,0.29410368260185765,0.38493723849372385,1.5507083395641759,0.0,239
441,train,blind,3.0,0,0.28232657409398026,0.08936539847941638,0.14894231525210203,0.08254089028765467,0.006656523591304923,0.015544590499314429,1.5791910360547787,1.5769598623698726,0.08919869783069821,-0.1968133856671173,0.2830351048992552,0.41841004184100417,1.576959841907368,0.0,239
442,train,blind,3.0,0,0.4977520082539135,0.1540301763808244,0.25671693590507955,0.15252947963181898,0.017877520502361792,0.015600748447833825,1.4869859238548757,1.501095008899976,0.15304155324683125,-0.2017459662054776,0.4021484317042049,0.25523012552301255,1.501095005551216,0.0,239
443,train,blind,3.0,0,0.03674998030288848,0.008594291536187997,0.014323818416654465,0.0,0.0,0.01519736968697863,1.6122078591310829,1.6144791138222028,0.008594291631917071,-0.2009112446553879,0.3113742247544437,0.36401673640167365,1.6144791104381664,0.0,239
444,train,blind,3.0,0,0.48813355436147227,0.14844121984357445,0.24740200624585376,0.1523392924329726,0.02073031632720676,0.015424630084468606,1.4741380748389654,1.4972373080054087,0.1469614296210501,-0.20178469725229345,0.413098311522597,0.2510460251046025,1.4972373142142024,0.0,239
445,train,blind,3.0,0,0.0017479297706943053,0.0004143118435175014,0.0006905196785730034,0.0,0.0,0.015657854806164193,1.600776872874304,1.6008338444402528,0.00041431190461727936,-0.19596014667660827,0.25828659604142556,0.4100418410041841,1.6008338339953214,0.0,239
446,train,blind,3.0,0,0.32300139925731,0.10302664508730475,0.17171105581838525,0.10707493388253775,0.0034233549898139604,0.016408928923277676,1.6063889953381845,1.6271358937897942,0.10295703090155085,-0.1956904582527774,0.22496216504940797,0.4602510460251046,1.6271359000536112,0.0,239
447,train,blind,3.0,0,0.49099224892631954,0.1679439100540039,0.27990648642685395,0.18657284314163558,0.02947889019006466,0.01552709807723636,1.4050560578641533,1.4602923193736057,0.165920144562189,-0.20987585368445658,0.46974687676192173,0.21338912133891214,1.4602923257900728,0.0,239
448,train,blind,3.0,0,0.38934417804177057,0.1305440022027686,0.21757331057658072,0.15500190155775478,0.021110689103852755,0.015627693308899217,1.500707771738204,1.5186285311706895,0.12953559392133754,-0.19889667768822153,0.34428321315172555,0.33472803347280333,1.5186285264625936,0.0,239
449,train,blind,3.0,0,0.16342436824145895,0.05336277408977553,0.08893794949615151,0.04507417284793933,0.0013313047182609845,0.015503580266976081,1.5936594074241286,1.6025432111329114,0.05333734673272127,-0.19778882031037381,0.2562093830677468,0.4225941422594142,1.6025432111559266,0.0,239
450,eval,blind,3.0,0,0.4634686679649094,0.046703069922586715,0.07783844415399818,0.0020920502715529757,0.0,0.00857364349301016,0.8452969594979386,0.9677198167625332,0.046703070031771744,-0.11707188753067156,0.04400724057093682,0.8117154811715481,0.9677198132503274,0.0,239
451,eval,blind,3.0,0,0.12999683991421615,0.009936891091033944,0.01656148425933516,0.0,0.0,0.008583956362024947,0.8300772451456621,0.8456425235361235,0.009936891123349547,-0.10346790840722445,0.0045105195999881305,0.9539748953974896,0.8456425251439162,0.0,239
452,eval,blind,3.0,0,0.4909922425595826,0.039728898133575184,0.06621482757910603,0.0030429822131679647,0.0,0.00857525270151668,0.8347824619903724,1.0686582399212665,0.039728898227158006,-0.12105961436235672,0.01890263806047657,0.7698744769874477,1.0686582378594416,0.0,239
453,eval,blind,3.0,0,0.004340025042008344,0.0011045171536561726,0.0018408618356618995,0.0,0.0,0.008772427837703392,0.8301862854837873,0.8278603097384943,0.0011045172143449653,-0.09445374480063823,0.003026796047360456,0.9874476987447699,0.8278603039915919,0.0,239
454,eval,blind,3.0,0,0.4836600335450891,0.062174382623015084,0.10362396616398949,0.006846709854932011,0.0,0.008132905031020547,0.825370151128729,0.8957544133752958,0.0621743825569226,-0.12203340796276986,0.029971215763079026,0.799163179916318,0.895754411680319,0.0,239
455,eval,blind,3.0,0,0.24895398218523726,0.03533835982403106,0.058897263774163405,0.007036896118559099,0.0,0.008083203445075696,0.802102835856721,0.7826505103869418,0.03533835960569145,-0.09783192074789802,0.11380159648654264,0.7656903765690377,0.7826505105398699,0.0,239
456,eval,blind,3.0,0,0.009418921166737213,0.001516723464820076,0.002527872311383891,0.0,0.0,0.009317468183512593,0.8318630996857727,0.8296279893510012,0.0015167235604882636,-0.09951296281167292,0.0009199086026291582,0.99581589958159,0.8296279932215724,0.0,239
457,eval,blind,3.0,0,3.939130826693449e-05,9.585276343367767e-06,1.5975460688979073e-05,0.0,0.0,0.008796188789400345,0.8084138757763547,0.8083959016091654,9.585288079274296e-06,-0.0901746190242605,0.0,1.0,0.8083959029427831,0.0,239
458,eval,blind,3.0,0,0.19109905445188377,0.022537114999988766,0.03756185657710444,0.0,0.0,0.007876394263947983,0.8144294165667131,0.7844525184092661,0.022537115040752394,-0.09609660073739994,0.09483960948396093,0.7698744769874477,0.7844525160223268,0.0,239
459,eval,blind,3.0,0,0.4955261374568512,0.07491560297652898,0.12485933028890096,0.04488398695839998,0.0,0.006967708310618935,0.7328526235524581,0.8021040626150794,0.07491560240822799,-0.13146365124740292,0.4433069230540965,0.28870292887029286,0.8021040653425401,0.0,239
460,train,blind,3.0,0,0.19514420172920505,0.052313742875991,0.08718956364150682,0.03214149912780299,0.004944846096397943,0.015050561073777816,1.5237500762340912,1.5393656729155505,0.05204729643052385,-0.18850866789913054,0.22787026321255827,0.46443514644351463,1.5393656831162803,0.0,239
461,train,blind,3.0,0,0.3269574497412977,0.10509678320473943,0.17516128851901797,0.10460251089668673,0.006276150814658927,0.01587994520603114,1.5709692783435518,1.5837317246273472,0.1048947169393123,-0.1998442562940566,0.32452001543072495,0.3682008368200837,1.5837317294173099,0.0,239
462,train,blind,3.0,0,0.0001001795120615216,1.981121049653232e-05,3.301868307507484e-05,0.0,0.0,0.015450272613660936,1.597511508225397,1.5975341106059662,1.9811178226594785e-05,-0.19371759961927934,0.24380545416777943,0.45188284518828453,1.597534113064409,0.0,239
463,train,blind,3.0,0,0.4811274396703373,0.15828214748954342,0.26380354994467153,0.16641308579235395,0.005135032484720941,0.01655221446202951,1.6273969272190556,1.6210799718501678,0.15818518439244975,-0.21784459158456795,0.46396035490667387,0.2301255230125523,1.621079978646218,0.0,239
464,train,blind,3.0,0,0.2698529906927464,0.08315255511922667,0.13858757816938333,0.0808292129174436,0.003613541378136958,0.015549523110996355,1.5945948102982972,1.5939142008206835,0.08306779470426229,-0.19249212270103933,0.22887919522834504,0.4811715481171548,1.5939141944134079,0.0,239
465,train,blind,3.0,0,0.4554288604148302,0.14439512319263656,0.24065851348086462,0.14701407337288477,0.017687334114038795,0.015274081147318729,1.4531153557689618,1.4603422319041137,0.1435625088798668,-0.2060647538552744,0.47399032612243686,0.200836820083682,1.4603422324794235,0.0,239
466,train,blind,3.0,0,0.0007224776207325224,0.0001554997889269007,0.0002591663092765938,0.0,0.0,0.015431266613148744,1.603640651603124,1.6036382828796258,0.00015549973606204549,-0.1924938291776088,0.20831478678892548,0.497907949790795,1.6036382785485552,0.0,239
467,train,blind,3.0,0,0.23223904260317552,0.08390646592142806,0.13984409172337423,0.09851654628330693,0.010650437746087876,0.015096545424000614,1.49931026477694,1.5276106219411396,0.08341070787840991,-0.1998295674342634,0.35042582865960414,0.3263598326359833,1.5276106194379777,0.0,239
468,train,blind,3.0,0,0.2656803193330306,0.06522562643475943,0.1087093680503416,0.054583492139393314,0.0034233549898139604,0.015288810152170798,1.6015132982361766,1.612042932081422,0.06510678676043818,-0.19652457852595334,0.23315231905991274,0.4602510460251046,1.6120429360455821,0.0,239
469,train,blind,3.0,0,0.4754479658978925,0.15012740949199244,0.2502123257255186,0.14587295660164565,0.007417269144596914,0.01588491752946352,1.5256519995972702,1.552263111250171,0.14990983927538962,-0.19573402806836143,0.2996824831597377,0.38493723849372385,1.552263107015063,0.0,239
470,train,blind,3.0,0,0.4175653372727219,0.14649963500133142,0.24416603007282056,0.1673640168610976,0.004944846096397943,0.016970540659899617,1.596440603543525,1.62915136125796,0.14641674809584906,-0.2149835739431499,0.4072821151962966,0.26359832635983266,1.6291513629821264,0.0,239
471,train,blind,3.0,0,0.137177762364597,0.04852531043428194,0.08087551101737796,0.03879802203328041,0.0022822366598759733,0.015611839897650056,1.6184932532170826,1.627011227308457,0.0484721959681444,-0.20040254031481702,0.2802457046203151,0.41841004184100417,1.6270112265941663,0.0,239
472,train,blind,3.0,0,0.004340025042008344,0.0010614192991601022,0.0017690320776153948,0.0,0.0,0.015305474079038683,1.575931785745102,1.5755841654713683,0.0010614193511573223,-0.19152627508264142,0.2395026558651592,0.4351464435146444,1.575584160038322,0.0,239
473,train,blind,3.0,0,0.5003441035252276,0.1708113821516852,0.2846856068172049,0.18543172381413034,0.017877520502361792,0.01619037886434644,1.5024795689343409,1.5315842461386484,0.16996597452637172,-0.19761507465492842,0.32045461289652516,0.3682008368200837,1.5315842468340408,0.0,239
474,train,blind,3.0,0,0.426090166965406,0.1388620773010554,0.23143676909264085,0.15271966527196654,0.010840624134410875,0.016616994455635983,1.5544121639499107,1.5783712133204089,0.13838950295999994,-0.19467821570784602,0.27039378023086735,0.40585774058577406,1.5783712008738762,0.0,239
475,train,blind,3.0,0,0.41462237339922975,0.13409426780470382,0.22349042161054572,0.13313046902044048,0.011411183299379868,0.015933655825868313,1.5506703886028115,1.556834931652915,0.13364520855113263,-0.19907767964355605,0.3141932995044363,0.36401673640167365,1.5568349234530645,0.0,239
476,train,blind,3.0,0,0.5018170490880057,0.17262335570847417,0.28770556081972665,0.18524153792459097,0.008748573862857899,0.017301730320605772,1.5892244026251916,1.6167609634259754,0.17239512030655876,-0.20874578280079284,0.3634825959227277,0.2928870292887029,1.6167609523545523,0.0,239
477,train,blind,3.0,0,0.501946137909228,0.15658587016015232,0.26097642530015697,0.14644351557957078,0.004564473319751947,0.01635554597116851,1.6086884881662025,1.602796338841506,0.15648027270294143,-0.20695625213099073,0.3588533784385293,0.28870292887029286,1.6027963454534675,0.0,239
478,train,blind,3.0,0,0.2947040708871606,0.08134198680525355,0.135569965138967,0.06770635262194039,0.0015214911065839823,0.01602457228377773,1.6451418763922847,1.6440450985561355,0.0813027057169523,-0.2110905167277381,0.3602184041069468,0.26359832635983266,1.644045101947938,0.0,239
479,train,blind,3.0,0,0.47063660832414467,0.14404483774712112,0.24007470336061135,0.1363636373101917,0.004374286931428949,0.016568882620764825,1.6107656417032665,1.6141185119561072,0.14396746884764475,-0.21067214231303222,0.4010504762752604,0.2719665271966527,1.6141185166330048,0.0,239
480,eval,blind,3.0,0,0.49905009486198143,0.035594463161405694,0.05932410231278892,0.0034233549898139604,0.0,0.009055081828961063,0.8170893288307111,1.0276239712617388,0.03559446330301288,-0.11777803129721072,0.007003175168402624,0.7740585774058577,1.027623967056422,0.0,239
481,eval,blind,3.0,0,0.10291766645305227,0.009835568699733307,0.01639261371190012,0.0,0.0,0.009610438362839457,0.8740354581856827,0.8850487879629414,0.009835568657006083,-0.10140122428342509,0.005727172913142823,0.9665271966527197,0.8850487882347018,0.0,239
482,eval,blind,3.0,0,0.013958478934449634,0.003877803913828338,0.006463005943233576,0.0,0.0,0.010480553558618454,0.9403715595041857,0.9282076259038439,0.0038778038237769464,-0.10611750135763792,0.001335351197364907,0.99581589958159,0.9282076327018154,0.0,239
483,eval,blind,3.0,0,0.4836600335450891,0.04382242253928727,0.07303736815433637,0.0,0.0,0.007411509713306088,0.8085768798903941,0.8964434226187702,0.04382242240917435,-0.10902392158121006,0.007952758242084336,0.9163179916317992,0.896443426534372,0.0,239
484,eval,blind,3.0,0,0.1595777480052146,0.014555634653238846,0.02425939004328691,0.0,0.0,0.009910666021405404,0.8938652613671754,0.941815212431313,0.014555634815166958,-0.11076420456041397,0.01626161013679931,0.895397489539749,0.9418152056370034,0.0,239
485,eval,blind,3.0,0,0.19920827428452043,0.020105575533406216,0.033509289667517615,0.008178014697888905,0.0,0.009357894437629183,0.8532352852771472,0.895077132779684,0.020105575675698373,-0.10511573334099121,0.009614528621027331,0.9748953974895398,0.8950771300417056,0.0,239
486,eval,blind,3.0,0,0.026644067398029395,0.0035027680453034817,0.005837946400126354,0.0,0.0,0.009594312064334065,0.879868151503128,0.8763144003796278,0.003502767987388838,-0.10211311257632619,0.00041544259473574885,0.99581589958159,0.8763143997061957,0.0,239
487,eval,blind,3.0,0,0.018431992074788867,0.002382169671207932,0.003970282680943665,0.0,0.0,0.009554163878199072,0.8637542682212765,0.8626365497022493,0.0023821696838685546,-0.09813380532813883,0.0004747915368408558,0.99581589958159,0.8626365485993398,0.0,239
488,eval,blind,3.0,0,0.43414843287689137,0.047478685405009276,0.0791311376974952,0.003613541378136958,0.0,0.008705349551381301,0.7793804469467706,0.9380775138922816,0.047478685082005465,-0.10605055354897563,0.0018991661473634232,0.9539748953974896,0.9380775188791708,0.0,239
489,eval,blind,3.0,0,0.3575846380647296,0.03024457768646944,0.05040762710795279,0.0,0.0,0.008971374403981484,0.8812489604351411,0.9502771454376157,0.03024457740435103,-0.11464219555294426,0.00014837235526276741,0.9916317991631799,0.9502771485185068,0.0,239
490,train,blind,3.0,0,0.4891325045084395,0.14773829257705318,0.24623046610366328,0.13579307858165837,0.005895778038012931,0.016067355974464362,1.585826333097833,1.605604678766498,0.14754224707569363,-0.20335507981073642,0.35683551440695566,0.28870292887029286,1.6056046812229101,0.0,239
491,train,blind,3.0,0,0.24477059851891544,0.07111150468986563,0.11851916079800982,0.0642829978191703,0.0022822366598759733,0.015825963738884886,1.6097815635314048,1.6054684143186115,0.07106588701397748,-0.1950418011437829,0.22831538027834655,0.4811715481171548,1.605468410479128,0.0,239
492,train,blind,3.0,0,0.40549756067851994,0.14089774850307926,0.23482955663123267,0.15880563063352177,0.007036896367950918,0.01744789895348282,1.6302991187722113,1.613727808248049,0.140781868720593,-0.21332525545276584,0.4134544051752277,0.2384937238493724,1.6137278148677194,0.0,239
493,train,blind,3.0,0,0.12646474479892483,0.036208664852634215,0.06034777079486394,0.016165842571019128,0.0005705591649689933,0.015415107718353242,1.5927030409230347,1.5816701999768055,0.03619846696417721,-0.19057627511734995,0.2064156206415621,0.5104602510460251,1.5816701992133564,0.0,239
494,train,blind,3.0,0,0.4706366194916741,0.13618451058841458,0.22697416553182467,0.11316089874530937,0.004184100543105951,0.016377227419839244,1.5705901207285446,1.5893520677937623,0.13610368554360305,-0.19178015379617827,0.21706875574942874,0.4225941422594142,1.589352071833586,0.0,239
495,train,blind,3.0,0,0.0005835245887526782,0.00019169276159548466,0.0003194879296856297,0.0,0.0,0.014950452906286119,1.581155919130876,1.5809825808433309,0.00019169265097961858,-0.18420611173796947,0.14104276091278672,0.5606694560669456,1.5809825798731583,0.0,239
496,train,blind,3.0,0,0.026644077069207902,0.005476691450483592,0.009127818573726328,0.0,0.0,0.015978229734812822,1.6039737039031343,1.6039830775440487,0.005476691543290106,-0.19082285612006106,0.1922312234784415,0.4225941422594142,1.603983082805721,0.0,239
497,train,blind,3.0,0,0.4367288415779668,0.14320325030955197,0.2386720584127566,0.15519208875660118,0.005895778038012931,0.01617486252757296,1.6110069881423248,1.6038817548851587,0.143110541120584,-0.21011307845617577,0.39342413721475417,0.3305439330543933,1.60388175215642,0.0,239
498,train,blind,3.0,0,0.08163402942219938,0.01634476882883905,0.02724127971178939,0.0013313046559130298,0.0,0.015559473678968441,1.5764870613688704,1.5829756314784413,0.016344768849220863,-0.1927132683801004,0.24051158788094598,0.4602510460251046,1.5829756417841512,0.0,239
499,train,blind,3.0,0,0.001494409176462552,0.0004766457877202541,0.0007944095987151596,0.0,0.0,0.015589413443525716,1.6156822193616605,1.615323474716442,0.0004766458091675852,-0.19157205906556743,0.18659307397845634,0.4686192468619247,1.6153234667422958,0.0,239
500,train,blind,3.0,0,0.44414848793262934,0.1440210329874085,0.24003502772499954,0.14891593906420544,0.004944846096397943,0.016477205504168403,1.5995908526695921,1.6261370675833156,0.1439216673391544,-0.20052019671017518,0.27048280364402505,0.41422594142259417,1.6261370649953926,0.0,239
501,train,blind,3.0,0,0.012959528787482421,0.0023213639177046383,0.0038689396120184082,0.0,0.0,0.015991804515358417,1.6112409665494782,1.6114049052593598,0.0023213638930759785,-0.19340268906051575,0.2028843585863082,0.4895397489539749,1.6114049055765847,0.0,239
502,train,blind,3.0,0,0.0010625928217568533,0.00019972190232209522,0.0003328698316881741,0.0,0.0,0.015505961750372933,1.590175833163401,1.5901102830176572,0.00019972181068764997,-0.18988865665157945,0.1950502982284341,0.497907949790795,1.5901102838091494,0.0,239
503,train,blind,3.0,0,0.5008256440260959,0.14669834752743685,0.2444972243678703,0.12419170802108413,0.008178014697888905,0.01615145996848129,1.5680418306314796,1.5556879422654666,0.14645089000147118,-0.20075383539994568,0.3705451200332354,0.29707112970711297,1.555687946061789,0.0,239
504,train,blind,3.0,0,0.04253382063096937,0.010096852814168724,0.016828087053502076,0.0,0.0,0.01585391340933148,1.6047215828336931,1.6011145536370857,0.010096852832921818,-0.193417028834971,0.2182557345915309,0.4351464435146444,1.601114550750452,0.0,239
505,train,blind,3.0,0,0.09350418227249328,0.021875511277239905,0.03645918292984553,0.0020920502092050207,0.0,0.01580281079470114,1.6191154197170146,1.6101951995654087,0.02187551175783365,-0.1894580392566317,0.16680020178640317,0.5062761506276151,1.6101952114304747,0.0,239
506,train,blind,3.0,0,0.34633041948240073,0.10351673278954074,0.17252787219447052,0.10060859649251196,0.004564473319751947,0.01576336281311749,1.5973908918672026,1.6005278937986207,0.10340322146549781,-0.19696885127086025,0.2515504911124959,0.37656903765690375,1.6005279049784162,0.0,239
507,train,blind,3.0,0,0.19109902345770474,0.05157582291715063,0.08595970097889541,0.02662609361704423,0.0001901863883229978,0.01575449045755312,1.6058361278418218,1.5967326052019286,0.051570249758487875,-0.20319767143457762,0.34182023205436357,0.3138075313807531,1.5967326070922794,0.0,239
508,train,blind,3.0,0,0.002674004892043177,0.0006422911881059788,0.0010704852732385034,0.0,0.0,0.015826489404233555,1.5864187641123848,1.58649272375027,0.0006422910937011898,-0.18639402358175647,0.16561322294430103,0.5188284518828452,1.5864927203569137,0.0,239
509,train,blind,3.0,0,0.17909066453400735,0.059094646285386306,0.09849106683557153,0.06333206581520735,0.0022822366598759733,0.015977893979386055,1.5938949482710292,1.6138084717874248,0.05905714862865542,-0.19834013397834477,0.24594201608356334,0.4476987447698745,1.61380846920686,0.0,239
510,eval,blind,3.0,0,0.08746965989669216,0.005694153222286948,0.009490254979164663,0.0,0.0,0.00809476011389843,0.671250552811882,0.6811156757955272,0.005694153265075059,-0.07804251021418253,0.001335351197364907,0.99581589958159,0.6811156772218593,0.0,239
511,eval,blind,3.0,0,0.17909066453400735,0.022209084224471338,0.03701513857834254,0.0,0.0,0.007758830428497562,0.7485966590159109,0.7364832302516474,0.02220908420180627,-0.08914585030726088,0.08086293361820826,0.8451882845188284,0.7364832256237094,0.0,239
512,eval,blind,3.0,0,0.496713411596384,0.05454233382854273,0.09090388518703077,0.0,0.0,0.006925325186058069,0.8778490336869053,0.884181757601734,0.054542334071712696,-0.1098736180402856,0.021692038339416603,0.8493723849372385,0.8841817608989422,0.0,239
513,eval,blind,3.0,0,0.4918546168378746,0.061548103191362544,0.1025801668223432,0.004944846096397943,0.0,0.007893379869243464,0.7538159005811523,0.7907471979761722,0.06154810361662552,-0.10802144568041122,0.036529273865693344,0.8870292887029289,0.7907471953029551,0.0,239
514,eval,blind,3.0,0,0.35386675944174084,0.05991850376985095,0.09986416728476405,0.010840624134410875,0.0,0.008147137361348734,0.7994765161719781,0.7913378674116095,0.059918503545498776,-0.10258513847558817,0.06282085521825573,0.8661087866108786,0.7913378696916666,0.0,239
515,eval,blind,3.0,0,0.228072871281629,0.025310867280845684,0.04218477688958819,0.0,0.0,0.0077672153574932816,0.7458786019221509,0.743278781489847,0.025310867329007045,-0.08876073120546268,0.0935339327576486,0.8200836820083682,0.7432787790831449,0.0,239
516,eval,blind,3.0,0,0.5005976241194593,0.06476804411188111,0.10794673355074444,0.007607455408224002,0.0,0.007740560453385115,0.7615923770551403,0.8134488868663501,0.06476804380916779,-0.10705900342399755,0.022849342710466188,0.9079497907949791,0.8134488793187401,0.0,239
517,eval,blind,3.0,0,0.49905009486198143,0.051215793134882205,0.08535965104478632,0.0,0.0,0.007707563123693027,0.7895639294360971,0.8481950784826877,0.05121579339124555,-0.10675951100805797,0.0626428083919404,0.7196652719665272,0.8481950831194393,0.0,239
518,eval,blind,3.0,0,0.47063660832414467,0.06403062680538789,0.10671770524388353,0.010079878518770928,0.0,0.008750962171407424,0.7944277415215719,0.8457514134909817,0.06403062661386887,-0.10793396574065038,0.026618000534140478,0.9288702928870293,0.8457514135992176,0.0,239
519,eval,blind,3.0,0,0.0005835234280700004,3.906952887020346e-05,6.51158804304873e-05,0.0,0.0,0.009241523462733464,0.727420123800573,0.7274909475857244,3.906952019004691e-05,-0.09855588400513798,0.06038754859194635,0.7615062761506276,0.7274909466951602,0.0,239
520,train,blind,3.0,0,0.3308880299083897,0.11475890923530913,0.19126482814611348,0.13579307683591563,0.006276150814658927,0.01632289719576928,1.580068231127751,1.6074340019265978,0.11464258179968288,-0.21166746099055034,0.3882311047805573,0.2928870292887029,1.6074340107003318,0.0,239
521,train,blind,3.0,0,0.02096458594954064,0.004108555993438869,0.00684759315798253,0.0,0.0,0.015106234150046334,1.57432813375066,1.5749916808375755,0.004108555957333071,-0.18568541676820616,0.15626576456274666,0.5313807531380753,1.5749916743934054,0.0,239
522,train,blind,3.0,0,0.00864344554228482,0.0021068405981225407,0.003511400776412937,0.0,0.0,0.015428696476530954,1.6031726538885587,1.6014941077850853,0.00210684063141233,-0.19235822615485326,0.20341849906525417,0.4769874476987448,1.6014940986144974,0.0,239
523,train,blind,3.0,0,0.4811274396703373,0.14728598689090408,0.2454766243798259,0.13217953658004186,0.00950931941614989,0.016430909457035892,1.5528237373260274,1.577008686554482,0.14694671825126226,-0.20042819570526973,0.3310483990622868,0.27615062761506276,1.5770086857014944,0.0,239
524,train,blind,3.0,0,0.1870741706890581,0.06931609804766088,0.11552681585529792,0.07227082531821279,0.0024724230481989714,0.01651708854198705,1.604262063942195,1.606655867528716,0.0692644535137101,-0.20605555543880347,0.3384670168254251,0.3389121338912134,1.6066558616967477,0.0,239
525,train,blind,3.0,0,0.02979833591694332,0.006807981861350234,0.011346635881758532,0.0,0.0,0.015910954972549837,1.6083376921370438,1.6048411460102352,0.006807981995879341,-0.1863787652845656,0.14570165286803763,0.5690376569037657,1.6048411408073957,0.0,239
526,train,blind,3.0,0,0.4967134153445068,0.14183957347800763,0.23639926579631096,0.13027767250976802,0.007987828309565907,0.016012928898691756,1.5298460312967022,1.54716553698025,0.1416171356641487,-0.19262454353948552,0.2935992165939642,0.34309623430962344,1.5471655312936177,0.0,239
527,train,blind,3.0,0,0.3720951933817057,0.1135050750413619,0.1891751078081782,0.11829593091829052,0.010840624134410875,0.015791710149535763,1.5404353615629125,1.542606460748856,0.11308005393054894,-0.1891515661681952,0.2212825306388914,0.4895397489539749,1.542606448729379,0.0,239
528,train,blind,3.0,0,0.46716103549544,0.12797164796524857,0.21328606297413683,0.0968048694118795,0.004944846096397943,0.01630344468453377,1.5836116818703367,1.5756395898104711,0.12785215844706121,-0.19091382759840198,0.2424997774414671,0.33472803347280333,1.575639590284073,0.0,239
529,train,blind,3.0,0,0.5019918540521879,0.1498189287059675,0.24969819607124855,0.11620388095847732,0.004754659708074945,0.016250574670997,1.581466970583385,1.5835067796906668,0.14972991096501534,-0.20286551682223306,0.356687142051693,0.29707112970711297,1.5835067798640898,0.0,239
530,train,blind,3.0,0,0.167300184708377,0.05476097291510574,0.09126828016597455,0.05173069600280857,0.0024724230481989714,0.016116708522919704,1.5901723070124703,1.603652127367682,0.05471162186526934,-0.19296471270728496,0.20893795068102908,0.47280334728033474,1.60365212768172,0.0,239
531,train,blind,3.0,0,0.44882433315462367,0.14391012913668924,0.2398501950531274,0.1403575508414951,0.014834538289193828,0.015009383571618646,1.4954883588407828,1.4862815378600085,0.1431795460350152,-0.19193473470768693,0.3152022315202232,0.38493723849372385,1.486281532276068,0.0,239
532,train,blind,3.0,0,0.21562707504729067,0.06964917387579678,0.11608194609899447,0.06181057427218768,0.007607455532919911,0.01539890291597928,1.577499682683825,1.5930378890935346,0.06928748893057585,-0.1959576742216663,0.2523813763019674,0.4351464435146444,1.593037887998979,0.0,239
533,train,blind,3.0,0,0.06536317144762423,0.01615275267736765,0.026921253059379403,0.0,0.0,0.015704917220718317,1.6112134109979892,1.6083451392261554,0.016152753033889574,-0.1977223832636275,0.26211460280720494,0.3723849372384937,1.6083451462699672,0.0,239
534,train,blind,3.0,0,0.5016285062847449,0.13138104823350866,0.2189683941763494,0.10441232425897191,0.005705591649689934,0.01555738846525924,1.5380801910137032,1.5548774792060693,0.13120779933346224,-0.18843918833053466,0.2245170479836197,0.4476987447698745,1.5548774814509496,0.0,239
535,train,blind,3.0,0,0.4738973789959445,0.13468352449803905,0.2244725212550601,0.09566375126898538,0.011030810522733872,0.01536473923140677,1.4940612640340956,1.4864374005146106,0.13420830476790652,-0.1953566468888264,0.3706934923884982,0.2928870292887029,1.486437394070542,0.0,239
536,train,blind,3.0,0,0.5016285062847449,0.1512650803000207,0.2521084452294961,0.12267021672745629,0.006656523591304923,0.016504416232499992,1.5811923767233493,1.5817037346971583,0.15107575158185396,-0.19376206168077406,0.25383542538354253,0.3891213389121339,1.5817037296901364,0.0,239
537,train,blind,3.0,0,0.3791192204459613,0.11300831705940943,0.18834717616112634,0.1085964253008615,0.004944846096397943,0.016024589102138536,1.6104683521901215,1.6034645961917096,0.11288035918684221,-0.1979757358866174,0.28146235793346985,0.3723849372384937,1.6034645901295759,0.0,239
538,train,blind,3.0,0,0.5016285062847449,0.15208280492881088,0.25347131953537455,0.12723469054599187,0.006656523591304923,0.01639799432143195,1.567459068537756,1.572173093402735,0.15191179808656266,-0.19431547744642913,0.28965251194397457,0.37656903765690375,1.5721730996241872,0.0,239
539,train,blind,3.0,0,0.4634686815016611,0.15121431389454462,0.2520238293947849,0.15880563001004222,0.004374286931428949,0.01667660564012732,1.606131530705855,1.6015010862669685,0.15114704254638012,-0.20738490610400984,0.3510193180806553,0.33472803347280333,1.6015010961073375,0.0,239
540,eval,blind,3.0,0,0.39266590399484474,0.0344948432425839,0.05749140192167498,0.0,0.0,0.007781694900384758,0.7585177010073323,0.8139255994533395,0.034494843377980644,-0.09696893789541276,0.0,1.0,0.8139256023408772,0.0,239
541,eval,blind,3.0,0,0.42329977726598883,0.056623364668411946,0.09437226901053344,0.005705591524994024,0.0,0.007902956976863131,0.775967298441851,0.8240388694168633,0.05662336480584839,-0.09872557503647934,0.019021335944686784,0.9372384937238494,0.824038870164768,0.0,239
542,eval,blind,3.0,0,0.36491424218167223,0.07175114631500645,0.11958523846782608,0.005705591649689934,0.0,0.0077032030308736045,0.8285728962351587,0.783410309747672,0.07175114683309117,-0.10954977694228223,0.15748241787590136,0.6820083682008368,0.7834103111596825,0.0,239
543,eval,blind,3.0,0,0.023700630373153914,0.00434741186900549,0.007245686086051548,0.0,0.0,0.008515662720200906,0.7615470906181814,0.7507424596463287,0.004347411958280577,-0.09079891464949207,0.002819074749992582,0.9874476987447699,0.7507424607185722,0.0,239
544,eval,blind,3.0,0,0.005378621699537879,0.0010219822872394042,0.0017033036936816826,0.0,0.0,0.007733069917491041,0.7113843602615421,0.7087121461225853,0.0010219822895530977,-0.08173064080976192,0.001335351197364907,0.99581589958159,0.7087121456176885,0.0,239
545,eval,blind,3.0,0,0.12999683991421615,0.014048210080595157,0.02341368224468885,0.0,0.0,0.008387220598694919,0.7605993705314572,0.7497170988984686,0.014048210363733415,-0.10281198372957923,0.01175109053681118,0.9372384937238494,0.7497170997081835,0.0,239
546,eval,blind,3.0,0,0.007217877699358381,0.0015359765850890392,0.002559960795700147,0.0,0.0,0.008364318601132436,0.726252575050338,0.7223257579564051,0.001535976582288252,-0.08382225945051441,0.0,1.0,0.7223257575001346,0.0,239
547,eval,blind,3.0,0,0.03674999346555246,0.006060888323213571,0.010101480048840766,0.0,0.0,0.007861093656943183,0.7265785569675797,0.7130966277551452,0.006060888220528194,-0.08712650631267528,0.005549126086827502,0.9707112970711297,0.713096626300689,0.0,239
548,eval,blind,3.0,0,0.2947040708871606,0.05601212620220615,0.09335353822595863,0.0058957777886211125,0.0,0.0078070718321606326,0.8391891302673388,0.773111289639852,0.05601212620184083,-0.10991255318664593,0.14525653580224931,0.7196652719665272,0.773111289339645,0.0,239
549,eval,blind,3.0,0,0.08163402942219938,0.01164357446337041,0.01940595662268743,0.0,0.0,0.008893850181547917,0.7888869426240482,0.7820939795741476,0.011643574336140092,-0.10203617670714327,0.006765779399982196,0.9623430962343096,0.7820939803766632,0.0,239
550,train,blind,3.0,0,0.013958485612926312,0.003588690508021116,0.005981150535966716,0.0,0.0,0.015250262007444598,1.5791197845626577,1.5804749338197908,0.00358869057912153,-0.19121194856222223,0.22938366123623846,0.39748953974895396,1.5804749314434263,0.0,239
551,train,blind,3.0,0,0.031455413804247795,0.005551495680950337,0.009252492507318596,0.0,0.0,0.015666052798456103,1.6015668843081805,1.6029854958027476,0.005551495847414505,-0.18975530912149927,0.1719932342206,0.5355648535564853,1.6029854913422208,0.0,239
552,train,blind,3.0,0,0.36491424218167223,0.10356400804733285,0.17260666114541046,0.08938760032963054,0.006466337202981925,0.016000953954975725,1.5910014148536586,1.5930951916024276,0.10335318946731242,-0.19572684264988935,0.26291581352562393,0.4100418410041841,1.5930951886223121,0.0,239
553,train,blind,3.0,0,0.4634686815016611,0.14322521561659554,0.23870866730412596,0.14853556522764422,0.003993914154782953,0.016437417813907982,1.6033701884197888,1.6166814041935749,0.14314101214991776,-0.2030272207346842,0.2811359387518918,0.4225941422594142,1.6166813992375717,0.0,239
554,train,blind,3.0,0,0.2947040708871606,0.08095052891801506,0.13491753699369333,0.06428299756977847,0.0034233549898139604,0.015269350546907057,1.5644308999492533,1.5616739828716262,0.08086600078143316,-0.1991701865555119,0.3566574675806404,0.27615062761506276,1.5616739732508198,0.0,239
555,train,blind,3.0,0,0.3825699220520223,0.11635189446794536,0.1939198042077444,0.1160136941960666,0.004564473319751947,0.016919495413181173,1.6134139788200665,1.6261243877550549,0.1162473739197107,-0.2134452501985419,0.43060624944360365,0.22594142259414227,1.6261243969956614,0.0,239
556,train,blind,3.0,0,0.3347918485875449,0.09590508161490408,0.15984178515813346,0.09300114127133181,0.007036896367950918,0.01521743005570258,1.5375768619601198,1.5301370832710586,0.0955839959783113,-0.19678097713736864,0.3582005400753731,0.3305439330543933,1.5301370898418571,0.0,239
557,train,blind,3.0,0,0.06536317144762423,0.014730981442443253,0.024551634110112637,0.0001901863883229978,0.0,0.015553221994987591,1.589294331592496,1.5869832560108297,0.014730981610186041,-0.1968008185600703,0.2758835573755897,0.41422594142259417,1.5869832585845156,0.0,239
558,train,blind,3.0,0,0.3308880599050015,0.09512608177037425,0.158543454867666,0.08672499083076061,0.0032331686014909623,0.01562912548428487,1.5823097383626834,1.5628454423349771,0.09504631828721545,-0.1872226638660031,0.20315142882578122,0.49372384937238495,1.5628454396919575,0.0,239
559,train,blind,3.0,0,0.49008514884387816,0.1376991221386637,0.22949851679923886,0.09566375052080993,0.011981742464348862,0.015329446267554826,1.5407605303381278,1.5244940751267277,0.13711607528414305,-0.1933431687010437,0.30781328822813736,0.35564853556485354,1.5244940748835192,0.0,239
560,train,blind,3.0,0,0.1870741706890581,0.049126535676139414,0.08187755365699148,0.018067706329553197,0.0001901863883229978,0.015307858068043967,1.5891224046132555,1.5876407820310552,0.04911468503457883,-0.1982890173791729,0.2897415353571323,0.36401673640167365,1.5876407743458947,0.0,239
561,train,blind,3.0,0,0.21976545920194163,0.0656056569291098,0.109342753702629,0.04602510472720637,0.003993914154782953,0.014994598613373903,1.536189469333473,1.54712056365472,0.0653550988283017,-0.19093320587000737,0.2523813763019674,0.40585774058577406,1.5471205630594238,0.0,239
562,train,blind,3.0,0,0.17909063403861195,0.04580838844065123,0.07634730790667764,0.026816280130063142,0.0020920502715529757,0.016031391743305586,1.5978587529150512,1.6009437142555685,0.04572528195891498,-0.20055867095268085,0.31288762277812404,0.3263598326359833,1.6009437183839694,0.0,239
563,train,blind,3.0,0,0.5000638219418426,0.14871685497867523,0.24786140361876777,0.11981742202487451,0.007607455532919911,0.015136711671558759,1.5407097052829535,1.5261784305632364,0.14845661453543915,-0.1911416846592641,0.28353957090714865,0.35564853556485354,1.526178436112794,0.0,239
564,train,blind,3.0,0,0.2573214347770065,0.06764435989545449,0.11274059095797928,0.04146063165684624,0.0020920502715529757,0.01566455787180233,1.5767971381981503,1.5751079859593922,0.06759143506711728,-0.19784171635535674,0.31084008427549775,0.32217573221757323,1.5751079807882684,0.0,239
565,train,blind,3.0,0,0.4671610229562556,0.13312610404416728,0.22187682157319352,0.10783567943582974,0.006466337202981925,0.015627747304176435,1.608058808737719,1.5580467973294119,0.13295898114193888,-0.19462253809084154,0.2883171607466097,0.35564853556485354,1.5580467964281959,0.0,239
566,train,blind,3.0,0,0.39266590399484474,0.11868670838690172,0.1978111639059934,0.09737542851450054,0.005895778038012931,0.01564459027878348,1.6046367240251358,1.5903835209343722,0.11854455715752106,-0.19440198059698327,0.2517285379388112,0.42677824267782427,1.5903835185258774,0.0,239
567,train,blind,3.0,0,0.502088449363476,0.1488827629105936,0.24813791759835535,0.10992773001912248,0.004754659708074945,0.015481775861319201,1.545584246204488,1.533802770421096,0.1487469188492872,-0.19204424859720684,0.28377696667556895,0.37656903765690375,1.5338027717518037,0.0,239
568,train,blind,3.0,0,0.4554288604148302,0.1348536608100738,0.22475607972517528,0.12685431702117042,0.016165843007454814,0.015123744084106204,1.4774471753311955,1.4721152869727323,0.13393048302343658,-0.20656209622635663,0.4755630730882222,0.18410041841004185,1.472115290422418,0.0,239
569,train,blind,3.0,0,0.0014944071429085072,0.00029920658042892947,0.0004986775908250192,0.0,0.0,0.015041654791184175,1.588285820254721,1.5883714928287842,0.00029920658904819937,-0.18622631383171992,0.1538918068785424,0.5271966527196653,1.58837148845591,0.0,239
570,eval,blind,3.0,0,0.007217873016016257,0.0021537173936137673,0.0035895286727049796,0.0,0.0,0.011394157692026268,1.0118966758500583,1.0039128030194397,0.002153717397023421,-0.1142009703630948,0.0,1.0,1.0039128030019984,0.0,239
571,eval,blind,3.0,0,0.5008256455296923,0.03430392970562078,0.05717321353032089,0.0,0.0,0.008339111071672275,0.8405299013379228,0.9797977280167856,0.034303930066435215,-0.10684178680088909,0.0,1.0,0.9797977292931751,0.0,239
572,eval,blind,3.0,0,0.49487416027990566,0.055480628332010395,0.09246770922018718,0.0,0.0,0.00741125952655052,0.9385915341237598,0.9811519539007083,0.05548062869929404,-0.12212715793547209,0.1254933380812487,0.7196652719665272,0.9811519573047562,0.0,239
573,eval,blind,3.0,0,0.49099224892631954,0.047281603168021054,0.07880266805703773,0.0,0.0,0.008017660565791207,0.8166059684553905,0.8294453259292507,0.047281603466213545,-0.10013886343043872,0.0,1.0,0.829445323398365,0.0,239
574,eval,blind,3.0,0,0.4204580038737225,0.04936873326542623,0.08228121741324011,0.0,0.0,0.008529811713719842,0.8943600076013031,0.7934827033944708,0.04936873347655077,-0.10298293494969119,0.05222706905249414,0.8158995815899581,0.7934827015254339,0.0,239
575,eval,blind,3.0,0,0.001747928173575944,0.0002943269885892512,0.0004905449367999235,0.0,0.0,0.01062676530413205,0.9385105869011899,0.9382958480753161,0.0002943269785543661,-0.10489653869092683,0.003887355707884507,0.9874476987447699,0.9382958504302872,0.0,239
576,eval,blind,3.0,0,0.0014944071429085072,0.0004697803339227317,0.0007829671620844793,0.0,0.0,0.011230966510742155,0.9963603321478457,0.9946943080076114,0.00046978030277919765,-0.11149228394450818,0.0,1.0,0.9946943081018765,0.0,239
577,eval,blind,3.0,0,0.21976545920194163,0.023523540643661692,0.03920589907915711,0.0,0.0,0.009662044224831972,0.9361377104056929,0.9557451820273778,0.02352354093424335,-0.10775517300478092,0.029733819994658597,0.9079497907949791,0.9557451885282852,0.0,239
578,eval,blind,3.0,0,0.08746963563609224,0.01631805724584494,0.027196761126304023,0.0,0.0,0.009548117714509306,0.9163263082254881,0.8904210472456082,0.01631805709097207,-0.10568652452951452,0.07970562924715867,0.8493723849372385,0.890421037759497,0.0,239
579,eval,blind,3.0,0,0.17909066453400735,0.02179418195938452,0.03632363448416689,0.0,0.0,0.009653962141284759,0.9095463046967733,0.8621703615747236,0.021794182025842324,-0.09920758492278461,0.0,1.0,0.8621703647288294,0.0,239
580,train,blind,3.0,0,0.019673136295750737,0.004876610893375853,0.008127684391210359,0.0,0.0,0.015888952932643967,1.6167447744054275,1.61548509333423,0.004876610916741114,-0.18869722782241236,0.1390842458233182,0.5397489539748954,1.6154850907884735,0.0,239
581,train,blind,3.0,0,0.46892580401234446,0.14528603336745682,0.242143364228278,0.13769494090618947,0.004944846096397943,0.016407920706191074,1.6108836229874999,1.6123042909670076,0.14519151509952563,-0.21048005235489467,0.38469984272530344,0.2803347280334728,1.6123042935058924,0.0,239
582,train,blind,3.0,0,0.49487416027990566,0.16278104486967296,0.271301715931738,0.1449220237871593,0.004944846096397943,0.016398395464276294,1.5947623716737436,1.5816304037760491,0.1626722056240381,-0.19999860684963053,0.3136591590254904,0.3389121338912134,1.581630393914105,0.0,239
583,train,blind,3.0,0,0.12999683991421615,0.03375170445378975,0.056252836200633184,0.011601369313615136,0.0005705591649689933,0.015391040556366599,1.6168878846587496,1.6085765391712907,0.03373911306526569,-0.19756406460114684,0.262441021988783,0.4351464435146444,1.6085765385745503,0.0,239
584,train,blind,3.0,0,0.4934485877536371,0.13091130322681083,0.21818548873459986,0.08349182254100944,0.007036896367950918,0.016211766568421694,1.5664314839630447,1.5724258355515772,0.13071279744751288,-0.18971369030783294,0.2125879106204932,0.41422594142259417,1.5724258352320497,0.0,239
585,train,blind,3.0,0,0.10291769171121948,0.02764759881806849,0.04607932830704805,0.012552301379926035,0.0005705591649689933,0.015604423805213997,1.593174073985431,1.602266980264975,0.027637049240903065,-0.18808158187023416,0.1637140567969376,0.5313807531380753,1.6022669889541883,0.0,239
586,train,blind,3.0,0,0.006565895839070679,0.001356911290416647,0.002261518618226135,0.0,0.0,0.015318672379252801,1.594702382466783,1.5944850340049137,0.0013569113942284272,-0.1905403136532611,0.18122199471794417,0.497907949790795,1.5944850317714154,0.0,239
587,train,blind,3.0,0,0.0043400218550171355,0.000766130881343221,0.0012768846937893864,0.0,0.0,0.015604720281429245,1.5880704808933466,1.588296261791405,0.0007661307764963674,-0.196867192216579,0.2718478293124425,0.36401673640167365,1.5882962588996525,0.0,239
588,train,blind,3.0,0,0.2032900131473154,0.056950666151058454,0.09491776988832339,0.03385317631097019,0.0015214911065839823,0.015413505075865709,1.592632096182851,1.5930998095907427,0.05689635754340191,-0.18703946044428238,0.1618148906495742,0.5564853556485355,1.5930998103616194,0.0,239
589,train,blind,3.0,0,0.004841264746033501,0.0011852745142981857,0.001975457511617457,0.0,0.0,0.015164356267617462,1.6024143441451644,1.6027861434545476,0.0011852745745759934,-0.19759151035749944,0.28253063889136176,0.4100418410041841,1.6027861454874004,0.0,239
590,train,blind,3.0,0,0.15576161381352116,0.04372284900313708,0.0728714094864958,0.028337771298995076,0.0011411183299379866,0.015411814647457838,1.5787902731276955,1.5663905333275576,0.04370264991322763,-0.18426006745938805,0.15163654707854832,0.5481171548117155,1.5663905431313712,0.0,239
591,train,blind,3.0,0,0.009418921166737213,0.0022909166092180554,0.00381819416085122,0.0,0.0,0.016489713141016632,1.6146424410233438,1.6132554534090113,0.0022909167321863056,-0.1939546349701439,0.21086679129944505,0.497907949790795,1.6132554570218245,0.0,239
592,train,blind,3.0,0,0.00484126768363289,0.0012565048108090233,0.0020941745943258805,0.0,0.0,0.0158633165213447,1.6104196267646727,1.6098465757389946,0.0012565047943087345,-0.1895894825644783,0.17938217751268584,0.502092050209205,1.609846581639362,0.0,239
593,train,blind,3.0,0,0.2781775054950136,0.09560122131471233,0.1593353496111498,0.10270064651467312,0.003613541378136958,0.016416888393726684,1.611990199428223,1.6146478854961475,0.09550801937543514,-0.212516168245455,0.4384699842725304,0.21338912133891214,1.614647878997406,0.0,239
594,train,blind,3.0,0,0.3991743668428696,0.11802565071503374,0.19670940118724894,0.10079878319257472,0.0085583874745349,0.015277923834919306,1.5185574118562324,1.5167064646796702,0.1177085654472462,-0.192908510727795,0.2992373660939494,0.3891213389121339,1.5167064602569107,0.0,239
595,train,blind,3.0,0,0.3991743668428696,0.12358772257237235,0.20597952120533972,0.10593381580199158,0.007797641921242909,0.016214983339059054,1.591643614250247,1.5804647835727517,0.12340229411388635,-0.1933546517724382,0.25442891480459356,0.46443514644351463,1.5804647910325733,0.0,239
596,train,blind,3.0,0,0.11274788101110218,0.026044792407351813,0.043407984193797794,0.00475465964572699,0.0,0.01574848223843896,1.595946007942056,1.6004707888080485,0.026044792308837172,-0.18350215865786507,0.10736223626813853,0.5899581589958159,1.6004707827868758,0.0,239
597,train,blind,3.0,0,0.05326771741892722,0.01307123918069851,0.021785396768300644,0.0,0.0,0.015269743163668586,1.5914481015384945,1.5847342363461292,0.013071239035818668,-0.18772242223694657,0.17502003026796048,0.5104602510460251,1.5847342347582596,0.0,239
598,train,blind,3.0,0,0.04666315660102996,0.011581777969543178,0.01930296207699551,0.0,0.0,0.015403954666809307,1.599053432751899,1.596037828273853,0.011581777745038787,-0.20251111084204704,0.35155345855960113,0.3138075313807531,1.5960378251626919,0.0,239
599,train,blind,3.0,0,0.4918546168378746,0.137571127897405,0.22928519278155737,0.10079878300553087,0.007227082756273916,0.015865269542776953,1.5293258356249981,1.5381794661657582,0.13726801277495332,-0.1977418571001307,0.3606635211727351,0.24267782426778242,1.538179456726143,0.0,239
600,eval,blind,3.0,0,0.012959528787482421,0.001414601042639356,0.002357668287887201,0.0,0.0,0.010991652472778593,0.8433944894678922,0.8409029903770989,0.0014146009879326788,-0.09480601927045847,0.001097955428944479,0.99581589958159,0.8409029975072415,0.0,239
601,eval,blind,3.0,0,0.19514417073502602,0.03148525759909157,0.05247542653971368,0.004754659708074945,0.0,0.010095856208003528,0.8886703185456567,0.8697528277979735,0.031485257489982654,-0.10725492241309915,0.03828006765779401,0.9246861924686193,0.8697528326177127,0.0,239
602,eval,blind,3.0,0,0.24477056702595276,0.03449069241976903,0.0574844838747176,0.005325218748348029,0.0,0.009535748149155324,0.8200817113142134,0.8451141932020626,0.034490692603844665,-0.09933438387703819,0.0046292174841983435,0.9748953974895398,0.8451141933304938,0.0,239
603,eval,blind,3.0,0,7.168989468786756e-07,1.694573724893736e-07,2.8242892877950827e-07,0.0,0.0,0.011314169821333311,0.8466709243702589,0.8466702801911901,1.6945810312946876e-07,-0.0971758773258633,0.0,1.0,0.8466702804798246,0.0,239
604,eval,blind,3.0,0,0.11274788101110218,0.017351798050684118,0.028919662280032794,0.0,0.0,0.009899507621575973,0.8255425058149394,0.7724685953251986,0.017351798454849864,-0.0895058920917126,0.014748212113119084,0.9623430962343096,0.7724685947168058,0.0,239
605,eval,blind,3.0,0,0.26150266818706364,0.04332789524541033,0.07221315425110589,0.011030810148646143,0.0,0.009795294802783985,0.8703984181751268,0.8498107955545561,0.04332789569003527,-0.10702576523810639,0.01735956556574379,0.9581589958158996,0.8498108018928313,0.0,239
606,eval,blind,3.0,0,0.17513455355801244,0.0309498917113084,0.05158314904603921,0.0028527956378011027,0.0,0.009758178596716047,0.8760631700439931,0.8510340040697713,0.03094989151711416,-0.10215043678055001,0.045876732247247684,0.9079497907949791,0.8510340053846653,0.0,239
607,eval,blind,3.0,0,0.5008256440260959,0.07183081080039382,0.11971801313218702,0.0,0.0,0.007293141205409331,0.9257493224852255,0.9139965383577546,0.07183081043156517,-0.11481479027041692,0.08394907860767382,0.7364016736401674,0.9139965427009025,0.0,239
608,eval,blind,3.0,0,0.4367288415779668,0.046452883421266834,0.07742146859357082,0.0024724230481989714,0.0,0.009798278993143696,0.8119220131361334,0.8678089807971252,0.04645288390418949,-0.10744215659658982,0.001335351197364907,0.9832635983263598,0.8678089790612926,0.0,239
609,eval,blind,3.0,0,0.4870875290074779,0.062328815535095686,0.10388135314796916,0.0,0.0,0.008267631931581133,0.9173878660760664,0.9412071320801101,0.062328815638724805,-0.10861978530534665,0.002759725807887474,0.9665271966527197,0.9412071371723633,0.0,239
