episode,phase,arm,sigma,direct,A,load,load_frac,sat,clipped,x_std,q_cmd_abs,q_exec_abs,fit_gain,cond_psi,beta_cos,beta_relerr,pred_err,updates,skipped,bounded,diverged,resets,conf,trust_pol,trust_app,corr_frac,explained,corr_dark,resid_after,reward,v_out,cr,q_loss,destroy,steps
0,train,pact,3.0,0,0.16342436824145895,0.05223164173098686,0.08705273102820063,0.0342335492123121,0.0,0.016215039491185832,1.5735617973315665,1.596524231354063,0.7525934908445535,12552302515.89557,0.14582342657584027,0.36946974563798146,0.026084913796009333,119.0,0.0,0.0,0.0,0.0,0.9773497648194245,0.7493723849372388,0.7407151246170619,0.4591227917355516,0.5005917307681669,0.0,0.028592713549027638,-0.2155276726508039,0.4772841924092703,0.14225941422594143,1.5965242323062774,0.0,239
1,eval,pact,3.0,0,0.05101152724064263,0.007190601787320801,0.01198433562727191,0.0,0.0,0.0102502823316309,0.6425100066173026,0.7206727006944154,0.42913246117376386,5145.87942670878,0.5011610725434754,2.6252870464923492,0.028920066770396068,357.0,0.0,96.25523012552301,0.0,0.0,0.9962343269312232,0.9000000000000004,0.8966108755087753,0.6053691676879793,0.45314573011799253,0.030321430974958284,0.026737523850425687,-0.08903308142325231,0.06059526988931424,0.7949790794979079,0.7206726986016907,0.0,239
2,eval,pact,3.0,0,0.4859937123801958,0.09358286087157178,0.1559714252580002,0.007797641921242909,0.0,0.00854216182505065,0.5782641240991808,0.6142209621777595,0.5499423263462019,25701.718688709465,0.0311961462692003,98.40249084129493,0.04691773926776884,595.0,0.0,333.0,0.0,0.0,0.9896027680221462,0.9000000000000004,0.8906424666548374,0.8485409445024054,0.555905536878645,0.02796506990746754,0.04633909737434098,-0.11128423167070667,0.4319416006409685,0.18410041841004185,0.6142209581624276,0.0,239
3,eval,pact,3.0,0,0.13356819286291968,0.029079831349305422,0.04846638174624417,0.016356029208733944,0.0,0.010615438713875276,0.5899469627994872,0.6297251173143108,0.5130915682934318,69166.71894612971,0.11737764876133229,143.87712002199564,0.023485116135508258,833.0,0.0,571.0,0.0,0.0,0.9931107043721187,0.9000000000000004,0.8937996206922012,0.7890884760964688,0.3413495638441304,0.006237430204231067,0.022053571212374327,-0.09496305803345753,0.22131220510994393,0.28451882845188287,0.629725114990419,0.0,239
4,eval,pact,3.0,0,0.19920830527869945,0.03635824702178831,0.06059707495704548,0.005325218873043938,0.0,0.00988480154713265,0.6474695271777309,0.644511449661215,0.12149155308492421,237319.2002157427,0.08922199267703089,126.80682140015159,0.02247833733926196,1071.0,0.0,809.0,0.0,0.0,0.9870463512432626,0.9000000000000004,0.8883416999334072,0.556201513137464,0.47066694748133364,0.0044258146513267566,0.022674133186715666,-0.08970670475913059,0.15451497077064602,0.5815899581589958,0.6445114502417687,0.0,239
5,eval,pact,3.0,0,0.0349310103396663,0.0067465774054691644,0.01124429504560486,0.0,0.0,0.009866502693226895,0.6313664445567829,0.6699236863327824,0.2271149609876976,167593.43834989538,0.12314619335918746,31.812441630343514,0.020543968331294765,1309.0,0.0,1047.0,0.0,0.0,0.9948549639729776,0.9000000000000004,0.8953694583980608,0.636083671178604,0.6407883662392299,0.02007167274761643,0.018395592305598837,-0.08518166742664673,0.06335499569720171,0.8158995815899581,0.6699236803674201,0.0,239
6,eval,pact,3.0,0,0.08746963563609224,0.020374122031045702,0.03395686784310916,0.006846709792584056,0.0,0.010582054456672534,0.6142203735507183,0.6563298128638806,0.04643748497987891,109905.25671744246,0.029257446020903948,159.01449014352454,0.02286890318625018,1547.0,0.0,1285.0,0.0,0.0,0.9905667575582799,0.9000000000000004,0.8915100612650356,0.9550676085482501,0.1493118432952374,0.007281693920601685,0.020092444105666116,-0.09538007922915785,0.1788480370337399,0.3472803347280335,0.6563298202116084,0.0,239
7,eval,pact,3.0,0,0.19109902345770474,0.03465187673212324,0.057753123186085914,0.010650437683739921,0.0,0.010293338622188656,0.632731562316667,0.6628939060486511,0.31058351025297054,78143.73224208943,0.007665583296268827,165.8972147179448,0.029891458894301472,1785.0,0.0,1523.0,0.0,0.0,0.9886562183312292,0.9000000000000004,0.8897905766215783,0.9263625273656189,0.27028908379567695,0.007353228332697233,0.02769914799502361,-0.11826277317853129,0.4365411436541144,0.09205020920502092,0.6628939075287177,0.0,239
8,eval,pact,3.0,0,0.24058936510885828,0.041459469416489404,0.06909911107459075,0.008748573862857899,0.0,0.009527568431633474,0.6369930450886363,0.6295499661976324,0.20991182096583075,108674.33525104602,0.013243785904424273,148.1667147361085,0.023794769488955033,2023.0,0.0,1761.0,0.0,0.0,0.9849630349849557,0.9000000000000004,0.8864667041531168,0.5841870188414098,0.47598117512817495,0.003152828950331867,0.024209180953240247,-0.08300191488262536,0.07638208848927266,0.7071129707112971,0.6295499706208245,0.0,239
9,eval,pact,3.0,0,0.4417291495469365,0.08022121256341569,0.13370201325058162,0.0,0.0,0.009717031288502357,0.6070129369467372,0.6306868483581304,0.5741577840499799,95336.73633629706,0.012949099013616943,176.52217783588745,0.03563288632959564,2261.0,0.0,1999.0,0.0,0.0,0.9939116710898268,0.9000000000000004,0.8945204792661148,0.9452686226608882,0.6473412301653749,0.023834821253055423,0.03464422308524221,-0.0912879990041059,0.16908513605744976,0.29707112970711297,0.6306868502137134,0.0,239
10,eval,pact,3.0,0,0.0,0.0,0.0,0.0,0.0,0.011014157327507705,0.6783876304347146,0.6775559491193445,-0.09665478086371801,124880.61565115063,-0.015381590463221073,377.3423767089844,0.007532048476061094,2499.0,0.0,2237.0,0.0,0.0,0.9878632847734076,0.9000000000000004,0.8890769358209986,nan,nan,0.00521881578521312,0.005218815594759603,-0.09943724441657699,0.17404077272322618,0.5481171548117155,0.677555946780819,0.0,239
11,train,pact,3.0,0,0.4288286743681341,0.12749341449902563,0.21248901015134536,0.07873716295763039,0.0003803727766459956,0.018111098978559344,1.594071378518348,1.6721797515657657,0.5690258479010797,7450.646555369868,0.44798413737751075,10.43627132631246,0.08614229274305776,2737.0,0.0,2475.0,0.0,0.0,0.9858946858215532,0.9000000000000004,0.8873052047760417,0.834979718646229,0.41698509372666903,0.03565213474458162,0.08314207295018197,-0.20087352691711977,0.22125285616783882,0.4100418410041841,1.672179747037911,0.0,239
12,train,pact,3.0,0,0.4634686679649094,0.1456920480717957,0.24282006038792206,0.10155952911995444,0.0,0.018118115726499878,1.6874809095550283,1.7349301703804207,0.4632636242581212,3049.3529977199923,0.3260414148973122,6.3855746031805065,0.10619023014795206,2975.0,0.0,2713.0,0.0,0.0,0.994320307815424,0.9000000000000004,0.8948882608732918,0.7494107134469462,0.3843147516732691,0.06323549460752734,0.10272197316256527,-0.20900257681946774,0.2647853052019348,0.3263598326359833,1.7349301626300448,0.0,239
13,train,pact,3.0,0,0.00864344554228482,0.0050065125853743135,0.008344187064440463,0.0,0.0,0.01916300305106899,1.7924173217438255,1.7995019911722159,0.3027068142736307,5426.163376046025,0.2668300911971216,13.883894352234558,0.01403092336597381,3213.0,0.0,2951.0,0.0,0.0,0.9971434207142148,0.9000000000000004,0.897429057494367,0.19206079204151588,0.13039838550487992,0.010085785925926334,0.01309360686453862,-0.20809496971731536,0.1773939879521648,0.39748953974895396,1.7995019887604713,0.0,239
14,train,pact,3.0,0,0.16342433874363083,0.06417967447736807,0.10696611667708757,0.03309243113176593,0.0,0.020550988524933988,1.8909655974001067,1.9208540046065423,0.14704443046737414,6669.700295420372,0.28900116501243545,11.02397602721737,0.06854363464629551,3451.0,0.0,3189.0,0.0,0.0,0.9964435519533676,0.9000000000000004,0.8967991768066853,0.6682013039277009,0.23304559510649447,0.02944493956586465,0.06578807683201764,-0.22236739231150376,0.2217573221757322,0.3263598326359833,1.920854012215058,0.0,239
15,train,pact,3.0,0,0.031455413804247795,0.016819122990458877,0.028031869621939615,0.0007607455532919912,0.0,0.02119146332643521,1.9713304217390435,1.9778991593476618,-0.05623188338541547,9760.378736679524,0.11083953799562973,11.005288818391298,0.02396376555197128,3689.0,0.0,3427.0,0.0,0.0,0.9974058110843642,0.9000000000000004,0.897665209850008,0.4883580649371044,0.15750048940477135,0.011251985661954405,0.022969049621747503,-0.22695565887799915,0.20006528383631558,0.3138075313807531,1.9778991487286577,0.0,239
16,train,pact,3.0,0,0.16730015471176524,0.0724979096389289,0.12082983919715988,0.04621529142726914,0.0009509319416149889,0.021671638572705466,2.0211809494505366,2.026677596269791,0.09784661487005963,11632.758690997647,0.211300284247144,12.936567727491946,0.07711731113890911,3927.0,0.0,3665.0,0.0,0.0,0.9966878554312255,0.9000000000000004,0.8970190528546417,0.5903681347302632,0.22299556026360923,0.03189596464591367,0.07432076684881204,-0.23101930437404655,0.1797382711653165,0.3389121338912134,2.026677594762163,0.0,239
17,train,pact,3.0,0,0.4997555405538623,0.24196958077505715,0.40328259361960445,0.2474324853475124,0.0,0.019002563980598953,2.0285321987822464,1.781466192032004,0.2401462783374547,11769.392226725942,0.14135603787790044,7.763103043185119,0.1009691585543094,4165.0,0.0,3903.0,0.0,0.0,0.9955681425258206,0.9000000000000004,0.896011306401576,0.6828244630746259,0.5854763992969512,0.006672283124533438,0.10736048440098232,-0.23946667831471144,0.5431911926169917,0.13389121338912133,1.7814661880148106,0.0,239
18,train,pact,3.0,0,0.3575846668143823,0.160029095794838,0.26671512860419505,0.19189806132885204,0.0,0.021300044280932788,2.066517423386354,1.9775199443725362,0.2833266208984862,16260.50100516475,0.09591518083550027,18.63757022454649,0.11787030035357096,4403.0,0.0,4141.0,0.0,0.0,0.996921895936942,0.9000000000000004,0.8972296934247516,0.5708068169067672,0.542019779439199,0.10280497698614033,0.12062100914334216,-0.2566961005158415,0.558651592035372,0.04184100418410042,1.977519945110813,0.0,239
19,train,pact,3.0,0,0.009418925725383427,0.007041430871136814,0.011735717544237651,0.0,0.0,0.024476419000352526,2.104434229838798,2.2658062579741536,0.35561305490248374,18063.70227919064,0.13382543441859,4.076282591001758,0.06091624510447226,4641.0,0.0,4379.0,0.0,0.0,0.9989341911411684,0.9000000000000004,0.8990407409029526,0.3984587723170273,0.23023682071332074,0.05806056335568428,0.05530936940608227,-0.26974481594953903,0.4135137541173329,0.09623430962343096,2.265806250907035,0.0,239
20,train,pact,3.0,0,0.2947040708871606,0.1158262681764347,0.1930437570102425,0.09775580097940677,0.0041841004184100415,0.02120953871260658,1.9458575682660026,1.9620922268933332,0.2024838050289633,18096.131055504706,0.16948762647071175,12.29025104804019,0.10582130227752311,4879.0,0.0,4617.0,0.0,0.0,0.9964048066897372,0.9000000000000004,0.8967643133267199,0.6365876057210571,0.28350729565284516,0.045021051891284795,0.1018023627136043,-0.28025268625038485,0.6221252856167842,0.08368200836820083,1.9620922264487421,0.0,239
21,train,pact,3.0,0,0.0005835245887526782,0.0004553159579627847,0.0007588599521616107,0.0,0.0,0.02239670718057572,2.076934897251209,2.0927092959192506,0.19810466761369586,20004.366566422595,0.19801893830299377,17.77073860168457,0.006019925807746883,5117.0,0.0,4855.0,0.0,0.0,0.998168051741612,0.9000000000000004,0.8983512206556408,0.29630377093342175,-0.12343030880281836,0.005196339439444112,0.0054174243310801526,-0.24967253946701976,0.3566574675806403,0.10460251046025104,2.0927092870560546,0.0,239
22,train,pact,3.0,0,0.4955261374568512,0.23427994824744028,0.39046653610823195,0.2512362127398846,0.0,0.018986555753532936,2.0643010797859733,1.8127760016768548,0.2448682248030758,12008.323348424425,0.16703333522906239,7.386583846982054,0.09735763697226427,5355.0,0.0,5093.0,0.0,0.0,0.9953973333207135,0.9000000000000004,0.8958575693134484,0.6508345746838248,0.5862185070675081,0.0029858779006948074,0.10425555888489356,-0.21038585019531672,0.19418973856791,0.3807531380753138,1.8127760014454968,0.0,239
23,train,pact,3.0,0,0.44882433315462367,0.1994951540728686,0.3324918881344617,0.22803347461143797,0.0009509319416149889,0.020603300915898515,1.98797678847692,1.90411634275604,0.2394202554824462,13816.592058381277,0.10034073956279575,10.261169278970822,0.12242002940296379,5593.0,0.0,5331.0,0.0,0.0,0.996748790581356,0.9000000000000004,0.8970738958614142,0.6564451383415243,0.5912601581560726,0.13940001524511783,0.12749330420826394,-0.2596965373024745,0.6464286774088253,0.03765690376569038,1.9041163365537201,0.0,239
24,train,pact,3.0,0,0.3538667886901772,0.13731425668184294,0.22885707417387557,0.14701407437045205,0.0022822366598759733,0.020782821679246225,1.9261647278294902,1.9308054364874772,0.2466270614368646,11031.239870717834,0.1280633919498743,5.032546062349774,0.12518192835105388,5831.0,0.0,5569.0,0.0,0.0,0.9958629957302844,0.9000000000000004,0.8962766777521397,0.5375390574975705,0.46377400121592516,0.11687564275207672,0.12463752707567799,-0.23190509050014005,0.3192973085254755,0.2510460251046025,1.9308054337487488,0.0,239
25,train,pact,3.0,0,0.5020705397688578,0.22974494310972918,0.3829082054287321,0.19418029773933618,0.0015214911065839823,0.01967387583893899,1.8080056521683059,1.8200439848161643,0.16608327337264017,8021.632667445738,0.1325001251030417,10.310097418070837,0.11489150346603604,6069.0,0.0,5807.0,0.0,0.0,0.9966771031523349,0.9000000000000004,0.8970093679727371,0.9546491653530251,0.5107858177851919,0.13419921323657036,0.11386651041523932,-0.2716698665700971,0.797234339297902,0.0,1.820043981252821,0.0,239
26,train,pact,3.0,0,3.939117242876347e-05,1.6387777060083265e-05,2.7312961198529812e-05,0.0,0.0,0.020151026698928248,1.810068065651291,1.8970020201415696,0.39710619521939106,7966.231510689069,0.13429449498653412,28.719348907470703,0.03650212646013897,6307.0,0.0,6045.0,0.0,0.0,0.996248393876782,0.9000000000000004,0.8966235321435968,207.37626943087113,-240.35643743341683,0.02984817335670655,0.032606634252439703,-0.21439833839504166,0.11893527997863439,0.4769874476987448,1.8970020190170165,0.0,239
27,train,pact,3.0,0,0.023700621450150866,0.010246213688649078,0.017077022457030643,0.0,0.0,0.018011290714472033,1.7372397962474424,1.7391324352519781,0.2739972463462143,5215.024595891083,0.25567418037987777,6.3096186980044,0.015544656518492145,6545.0,0.0,6283.0,0.0,0.0,0.9952251409885774,0.9000000000000004,0.8957025999803423,0.4320030611200104,0.15470847128296872,0.00769548601480589,0.014830342454009661,-0.19586060122556387,0.08831122585239917,0.606694560669456,1.7391324304412183,0.0,239
28,train,pact,3.0,0,0.08163402942219938,0.033283561500820534,0.055472598665222916,0.010650437621391966,0.0005705591649689933,0.017757007425502878,1.711763552542012,1.7191512477447797,0.12791582879661018,4381.6295150692995,0.3867083483036592,7.4039888506653915,0.03947111786728935,6783.0,0.0,6521.0,0.0,0.0,0.9941481055076152,0.9000000000000004,0.8947332698430975,0.6081061114982237,0.14982584445182057,0.014522833492127105,0.03767409880263692,-0.2123238614674619,0.29902964479658145,0.35564853556485354,1.719151244874797,0.0,239
29,train,pact,3.0,0,0.5010294421648054,0.1629190250011816,0.27153168763169216,0.1047926974720536,0.0,0.016733433646013547,1.6868394134433697,1.6302752804057867,0.367340255686872,3387.197899982021,0.365479116976869,3.5390101327058163,0.08738950075811577,7021.0,0.0,6759.0,0.0,0.0,0.9928121975775044,0.9000000000000004,0.8935309616092858,0.6603874735949481,0.46504648558139194,0.0031592232844559476,0.0886988352285698,-0.19409056094529648,0.2097094869283955,0.3723849372384937,1.630275286434223,0.0,239
30,eval,pact,3.0,0,0.07879225602993307,0.03316168788704577,0.055269477762845465,0.0,0.0,0.010790009774407956,0.9640594548760099,1.0675740779443765,0.435778018944433,9485.840133858524,0.23460588395346157,14.847747529400941,0.039922055733783726,7259.0,0.0,6997.0,0.0,0.0,0.9991953814378842,0.9000000000000004,0.8992758181304612,1.203079715246689,0.33640282262461496,0.023201932268026453,0.03667203765791143,-0.11943847757018634,5.9348942105106975e-05,0.99581589958159,1.0675740750605205,0.0,239
31,eval,pact,3.0,0,0.2988020511427855,0.10691812300532068,0.17819686123177508,0.04944845971702033,0.0,0.010039274719111216,1.1765379372002192,0.975850634245693,0.4226656199499154,55596.620129445604,0.12772865325379795,37.70129424857295,0.04924016811731018,7497.0,0.0,7235.0,0.0,0.0,0.9921504713002608,0.9000000000000004,0.8929354053411523,0.5620487596998761,0.5577494331044488,0.0034632809218709116,0.053045874629091765,-0.12980437845525133,0.23686162794148186,0.6359832635983264,0.9758506407454136,0.0,239
32,eval,pact,3.0,0,2.149352706407653e-05,9.784432317794663e-06,1.6307386009034285e-05,0.0,0.0,0.011052561580947752,0.9455665377393427,1.0915568468460977,0.3754766857773689,154806.2194037657,0.004350893199443817,38.784263610839844,0.03778218508943541,7735.0,0.0,7473.0,0.0,0.0,0.9985872449735218,0.9000000000000004,0.8987285023453844,7.352209664703391,-6.3263184889946675,0.03351951720034505,0.03302225714771537,-0.12260009183235684,0.003946704649989614,0.9874476987447699,1.0915568487525071,0.0,239
33,eval,pact,3.0,0,0.5000638219418426,0.19447952983690237,0.3241325315798825,0.06941803011684737,0.0,0.011428594954553445,1.226033077579163,1.083687126761201,0.38849938258715755,112806.27742547072,0.001123568144671728,122.11361731046414,0.08442402966943995,7973.0,0.0,7711.0,0.0,0.0,0.9907558846548511,0.9000000000000004,0.8916802742989991,0.8021097019427978,0.6032244282558532,0.0777945252135396,0.08552881740189497,-0.20512462730665423,0.8313896554793913,0.04602510460251046,1.0836871226736697,0.0,239
34,eval,pact,3.0,0,0.5020820002191994,0.18641794135075704,0.310696550653641,0.061430202119021234,0.0,0.009948655020905401,1.0994042619501696,0.9706050218647992,0.19877393281858835,121913.66458551255,0.0159524359443677,136.86689953823966,0.0813875893894661,8211.0,0.0,7949.0,0.0,0.0,0.9941386577973306,0.9000000000000004,0.8947247820419247,0.8182785157688288,0.5686817482535287,0.07030326748887698,0.08261425369204836,-0.1086262001513954,0.01062346063681415,0.9707112970711297,0.970605023590129,0.0,239
35,eval,pact,3.0,0,0.21976542770897894,0.08495056528538279,0.14158426336084384,0.029478889504237157,0.0011411183299379866,0.011385734801893765,1.0525536280296837,1.1008170737132867,0.22271135982995946,120440.68318514644,-0.03635475074266674,211.2104507589939,0.059435234124534546,8449.0,0.0,8187.0,0.0,0.0,0.9945838793052291,0.9000000000000004,0.8951254696526787,0.9614461147897575,0.47940154806396895,0.02571454509638074,0.05368828038377181,-0.1637481762093658,0.3771625270779549,0.5355648535564853,1.100817069616824,0.0,239
36,eval,pact,3.0,0,0.0001001795120615216,4.4517899779641854e-05,7.419650117519884e-05,0.0,0.0,0.010184285131567567,1.009855547709445,1.0228895527548372,0.282415744961555,444294.914291318,-0.04623781517148018,288.1064758300781,0.005788039821336459,8687.0,0.0,8425.0,0.0,0.0,0.996945236018512,0.9000000000000004,0.8972506954580172,1.34170835772494,-1.1874335955860165,0.004547746644299156,0.004506253608147844,-0.11434256817801186,0.001335351197364907,0.99581589958159,1.0228895499991213,0.0,239
37,eval,pact,3.0,0,0.32300136876191454,0.10297108189310371,0.17161845603513787,0.04659566464035082,0.0,0.010751041950011104,1.1420744370715887,1.0325952893021715,0.0762825612530159,130962.77964827405,0.04373150704249303,166.88113378480887,0.08475370503276212,8925.0,0.0,8663.0,0.0,0.0,0.988862086570662,0.9000000000000004,0.8899758590626916,0.6481365291124949,0.30658805450150484,0.028133237067902207,0.08165871776507926,-0.12816584225226044,0.13018190450755215,0.5732217573221757,1.0325952886039977,0.0,239
38,eval,pact,3.0,0,0.2698529591997837,0.09308347827736649,0.15513911836949384,0.034423735164199415,0.0,0.010601331223636304,1.0776887668226554,1.0292541925877208,0.2820467849780326,138710.61192468618,-0.0106037812469192,236.3413516168315,0.06934163593940405,9163.0,0.0,8901.0,0.0,0.0,0.9922040896685054,0.9000000000000004,0.8929836471958639,0.7205310149095365,0.42680601436682075,0.029872693534454573,0.06754236998013123,-0.12790705293297455,0.1610136799311552,0.7238493723849372,1.0292541915836175,0.0,239
39,eval,pact,3.0,0,0.0007224776207325224,0.00031754558129166934,0.0005292425860765792,0.0,0.0,0.010200499272496132,1.0084258829200616,1.0241546718146513,0.24193257009259828,629683.0499476987,-0.00862820353358984,345.0176086425781,0.006198084337449785,9401.0,0.0,9139.0,0.0,0.0,0.9965741292702104,0.9000000000000004,0.896916694346831,0.4702403300386618,-0.16670243676752783,0.005056409324622817,0.005123038839541033,-0.11464280612982601,0.0007715362473663907,0.99581589958159,1.0241546703249929,0.0,239
40,train,pact,3.0,0,0.0008817244371400257,0.00029756152238497106,0.0004959358516754193,0.0,0.0,0.015724726650614494,1.639121610499825,1.6409233711254647,-0.9739510805071351,22393.256759324333,-0.00862820353358984,345.0176086425781,0.0031426875553795023,9639.0,0.0,9377.0,0.0,0.0,0.9812366794093383,0.9000000000000004,0.883112988773749,1.8269415502662552,-3.485905140934328,0.0017316395462622885,0.0021385339442611317,-0.19459845631352413,0.19404136621264723,0.4476987447698745,1.6409233737721078,0.0,239
41,train,pact,3.0,0,0.2573214347770065,0.07344036540537723,0.12240060069905735,0.05876759274484722,0.0001901863883229978,0.015803247016063546,1.6063020957563712,1.6169462977094131,0.44173719288165597,1900.917834421581,0.39498327912910836,6.668596451003182,0.06426902751683815,9877.0,0.0,9615.0,0.0,0.0,0.9908468950243674,0.9000000000000004,0.8917621842986869,0.6710861440995401,0.30982528716152924,0.02459844794534778,0.06309374114479012,-0.19954235904534445,0.2711949909492863,0.3598326359832636,1.6169462954533504,0.0,239
42,train,pact,3.0,0,0.31501786260686376,0.07202233748828339,0.12003722240882339,0.0424115637855051,0.0,0.015290541888047088,1.5785832609591623,1.574319792591877,0.4124162602374743,1351.4928721663343,0.47374085932346566,4.335933873344166,0.03938068119150481,10115.0,0.0,9853.0,0.0,0.0,0.9901011825605417,0.9000000000000004,0.8910910464729724,0.4411983459690967,0.48140964025316835,0.004177565439581836,0.04285082061337619,-0.19257730501780115,0.23698032582569217,0.39330543933054396,1.5743198060807384,0.0,239
43,train,pact,3.0,0,0.046663172881091675,0.009976744813524663,0.01662790701251743,0.0,0.0,0.015602675430227274,1.59356240198702,1.6001875896832933,0.3390355421908231,1021.0280823009283,0.7321308874934288,0.6966957502285307,0.04181256201449454,10353.0,0.0,10091.0,0.0,0.0,0.9905026048795947,0.9000000000000004,0.891452318454886,0.27229582680312076,0.2656742265377132,0.04098185227778038,0.03828029882232951,-0.19522379849925917,0.2526187720703879,0.38493723849372385,1.6001875877169325,0.0,239
44,train,pact,3.0,0,0.4653420529930334,0.09737821154303142,0.16229700994325977,0.04069988647764198,0.0,0.015333646099827404,1.570665926614067,1.5787486044931611,0.49994960140483646,821.9927386040468,0.610491560592811,0.928714288328482,0.04365081897455513,10591.0,0.0,10329.0,0.0,0.0,0.9893643349783191,0.9000000000000004,0.8904278809555405,0.595333636866717,0.6006076376260321,0.018460577607832172,0.047282395111377426,-0.1976699586477199,0.29493456779132915,0.301255230125523,1.5787486033138904,0.0,239
45,train,pact,3.0,0,0.3825699220520223,0.07909739569309354,0.13182898529255863,0.027006466705430002,0.0,0.01577937260083075,1.5987563382631564,1.60837866322266,0.7631727935878801,834.6150724658407,0.7895819240534155,3.3316740919855348,0.04537526764965394,10829.0,0.0,10567.0,0.0,0.0,0.9902122177838282,0.9000000000000004,0.8911909760291606,1.0282575055533887,0.5669132901551885,0.027653719114442896,0.0435513436470851,-0.20994037140955193,0.41493812872785535,0.24267782426778242,1.6083786640813915,0.0,239
46,train,pact,3.0,0,0.4977520082539135,0.11726079113601319,0.19543463701956015,0.06085964276700838,0.0,0.015503123357782927,1.5744583913471908,1.5842621795303153,0.7169498579272665,1025.2840560849243,0.6413846585790483,2.260215018583641,0.06543606380585222,11067.0,0.0,10805.0,0.0,0.0,0.9909621357419002,0.9000000000000004,0.8918658961312043,0.7655165305702673,0.5006457842873789,0.056647206764095105,0.06684244142175033,-0.21152185244597854,0.43381109231727955,0.23430962343096234,1.5842621871817653,0.0,239
47,train,pact,3.0,0,0.00484126768363289,0.0011915286880417116,0.0019858810316755924,0.0,0.0,0.015542323794605592,1.5637017518406633,1.5633925935214534,0.538529214001101,975.9806030784192,0.675719736385545,5.6920609489145635,0.010400605090067207,11305.0,0.0,11043.0,0.0,0.0,0.9904522002990276,0.9000000000000004,0.8914069645574402,0.20989856717293748,0.12186546858442449,0.009430410414148905,0.009421345744748155,-0.20339225271187036,0.3693581411911333,0.26778242677824265,1.56339259073045,0.0,239
48,train,pact,3.0,0,0.3959428790102983,0.09165763995576934,0.1527627231666903,0.04887790080144316,0.0009509319416149889,0.015691304811233632,1.510381670427123,1.5314531560722255,0.5870456680593131,920.6823717699889,0.5811841713019089,3.9488722075977085,0.06648924524572417,11543.0,0.0,11281.0,0.0,0.0,0.9905539247281382,0.9000000000000004,0.8914985135509379,0.7183116046199738,0.41077902266182453,0.03251314997991047,0.06573358761286947,-0.2043072904261404,0.4131873349357547,0.2384937238493724,1.531453162218555,0.0,239
49,train,pact,3.0,0,0.496713411596384,0.12199313533406993,0.2033218782768573,0.06751616623361739,0.0,0.01567844208329916,1.5439025587616606,1.5568679446455824,0.6791775325102786,1098.942956900497,0.6336545812036203,3.493119285445832,0.07022244406466578,11781.0,0.0,11519.0,0.0,0.0,0.990978174628573,0.9000000000000004,0.8918803339223982,0.7280004091531357,0.4896697448611316,0.06083645788021386,0.07231963817497801,-0.1943398792166237,0.29140330573607526,0.301255230125523,1.5568679439224726,0.0,239
50,train,pact,3.0,0,0.5019461374421663,0.11721827184014748,0.19536377527523555,0.045264359548002106,0.0,0.015792815513503602,1.5064907290945493,1.5114126701734056,0.6937336752105457,1028.1701678032655,0.7194646871239571,2.710787529227125,0.06353362671013875,12019.0,0.0,11757.0,0.0,0.0,0.9907130456868575,0.9000000000000004,0.8916417158298413,0.8124747267030625,0.48022822415817246,0.06975290179252625,0.06414186921181103,-0.2006248755486526,0.4328911837146503,0.17573221757322174,1.511412672081052,0.0,239
51,train,pact,3.0,0,0.4900851427265331,0.11110109264353386,0.1851684773390992,0.04108025937898389,0.0,0.014888299184863039,1.5038970105318843,1.5054867040662088,0.6714650878846395,1177.1946242583845,0.6030419462644904,3.320768610204114,0.06535509017307825,12257.0,0.0,11995.0,0.0,0.0,0.9905528059564375,0.9000000000000004,0.8914975065067722,0.7654501662137227,0.4821419535390955,0.045148717189157334,0.06563630789541737,-0.20865342999018463,0.5044363334223567,0.13389121338912133,1.505486703722514,0.0,239
52,train,pact,3.0,0,0.01609831423724945,0.003046361929690453,0.005077269631819717,0.0,0.0,0.016406821879990804,1.6240809445101845,1.626587901404712,0.5155820615870185,1036.744594430325,0.5836860013806171,3.3357894804687183,0.008812260122521133,12495.0,0.0,12233.0,0.0,0.0,0.9911607476457891,0.9000000000000004,0.8920446502114938,1.4844591599620536,0.02147002788809238,0.006304216578722146,0.007933103408999099,-0.20581922096350425,0.3170123742544289,0.33472803347280333,1.6265879072577147,0.0,239
53,train,pact,3.0,0,0.13356819286291968,0.03835186729857661,0.06391977370276056,0.017497147351628068,0.0,0.01589195564911393,1.6099341259840643,1.6138597706870554,0.32803025629729904,1221.674343731613,0.5208385643007616,4.494336052170358,0.04121077738197668,12733.0,0.0,12471.0,0.0,0.0,0.9913984606954344,0.9000000000000004,0.8922585954725992,0.6632984068607823,0.20599003101110702,0.015454330140937295,0.03970359135068423,-0.2080132872523212,0.3615537553043117,0.3179916317991632,1.6138597775696246,0.0,239
54,train,pact,3.0,0,0.33866769455229107,0.07918861744381418,0.1319810198104556,0.040890072429529294,0.0,0.015529446001846546,1.5969281019526047,1.5802672036522103,0.34712670026463943,1255.4449061948385,0.519605538273955,3.3055058186523087,0.04214251759120119,12971.0,0.0,12709.0,0.0,0.0,0.9904249697050789,0.9000000000000004,0.8913824575715484,0.4421061678563254,0.4798443027722643,0.002081023165522552,0.0459273703842985,-0.19847955179585441,0.3240748983649367,0.34309623430962344,1.5802672066934862,0.0,239
55,train,pact,3.0,0,0.02819466484402731,0.007166684761142434,0.011944473847411607,0.0,0.0,0.015900139788469634,1.6039072823823746,1.6182692262916885,0.320040949967117,1396.206947486271,0.7118394339932558,0.847729930069656,0.04106990937153306,13209.0,0.0,12947.0,0.0,0.0,0.9916943683285094,0.9000000000000004,0.8925249065315374,0.24040123569997635,0.22650949090068384,0.03950558878202977,0.03694214057771559,-0.19228769686335465,0.19920472417579152,0.4686192468619247,1.6182692227685176,0.0,239
56,train,pact,3.0,0,1.0033001283974734e-05,1.927933979870325e-06,3.2132229687125816e-06,0.0,0.0,0.016366068850501313,1.6634537360658206,1.6685265671757974,0.10075265629276454,1781.2797917960577,0.3067261874675751,1.4496452808380127,0.006510298312814598,13447.0,0.0,13185.0,0.0,0.0,0.9916002146868527,0.9000000000000004,0.8924401701743633,129.8004141742329,-144.10498429152705,0.005653107689332979,0.005830654824638708,-0.20000868673242758,0.22386420962046355,0.4225941422594142,1.6685265643971963,0.0,239
57,train,pact,3.0,0,0.21150074667297547,0.06266018066437871,0.10443362645760679,0.036325599608560986,0.0007607455532919912,0.01633809144690508,1.615955234571481,1.6133667562297198,0.32114397466307404,2133.5453897260722,0.3303980105848804,5.991617627473057,0.05954676838085118,13685.0,0.0,13423.0,0.0,0.0,0.9921536585277094,0.9000000000000004,0.8929382702296748,0.6741034178224552,0.2773425734316801,0.023687595201930565,0.05746109584525664,-0.212329906631307,0.41582836285943203,0.25523012552301255,1.6133667564566656,0.0,239
58,train,pact,3.0,0,0.502091316396975,0.15607230550691484,0.26012048979714086,0.07759604444064855,0.0001901863883229978,0.015580298418031078,1.603917670549209,1.5449026077362285,0.43534337476706403,2181.2861690760656,0.41016991713929873,3.9986060421337144,0.08831512053822514,13923.0,0.0,13661.0,0.0,0.0,0.9924974962757223,0.9000000000000004,0.8932477190903539,0.7552405345809446,0.43524154261893855,0.03615156188607216,0.0882866509070242,-0.22195645026660255,0.5860411288168789,0.1297071129707113,1.5449026108406188,0.0,239
59,train,pact,3.0,0,0.48112744734638124,0.14121270462801552,0.23535449127106495,0.07854697706809104,0.0003803727766459956,0.015819882225853128,1.6308117596175382,1.5692556901955705,0.4202860047627692,2792.68442321522,0.37070389515934626,5.5876353036409645,0.07448959981469305,14161.0,0.0,13899.0,0.0,0.0,0.9918187108498737,0.9000000000000004,0.8926368188658519,0.6218863848481058,0.5657818525277596,0.06260765511542558,0.07711508737635413,-0.21347841269568682,0.4757114454434849,0.21338912133891214,1.5692556876837163,0.0,239
60,eval,pact,3.0,0,0.25732146626996916,0.08296262046081299,0.13827102649295103,0.020920502216746118,0.0,0.011077381543830723,1.1863177217948386,1.0836263958629704,0.32705899998233906,10407.815376569039,0.28673350681730053,12.790962652182479,0.08046172968419775,14399.0,0.0,14137.0,0.0,0.0,0.9943773132986603,0.9000000000000004,0.8949395620174487,0.5028365782546693,0.4883616230686244,0.06825734339496595,0.07974614585052288,-0.13486000716550836,0.1773643134811122,0.5564853556485355,1.0836263983424286,0.0,239
61,eval,pact,3.0,0,0.03862336533101252,0.014364019010979395,0.02394003089356066,0.0,0.0,0.011610249016496302,1.105432349767645,1.126528399509366,0.218079105549527,69624.8649810408,0.03470093975716493,29.088490314563447,0.04856708284494736,14637.0,0.0,14375.0,0.0,0.0,0.9911222126194623,0.9000000000000004,0.8920099832522819,0.43154035651891826,0.3970594747843186,0.04608945747012975,0.04448311636516645,-0.1418449862797643,0.17706756877058666,0.47280334728033474,1.126528402354218,0.0,239
62,eval,pact,3.0,0,0.0007224776207325224,0.0003455411715549417,0.0005759019410738402,0.0,0.0,0.01200668484549268,1.1143958608475688,1.1309135179639362,-0.5592175308131773,214877.2415664226,-0.04270365834236145,84.8604736328125,0.014360260632654815,14875.0,0.0,14613.0,0.0,0.0,0.9902102583123051,0.9000000000000004,0.8911892103350811,0.46693433429289083,-0.15412336430303464,0.011986350337457326,0.011674330628011376,-0.1460165997227756,0.2215792753494169,0.45188284518828453,1.1309135140208908,0.0,239
63,eval,pact,3.0,0,3.583932445953487e-06,8.053706338332974e-07,1.3422842476532549e-06,0.0,0.0,0.0119605307734209,1.1317176626815955,1.1362699891234043,-2.127577516823134,406382.5713912134,-0.04270365834236145,84.8604736328125,0.002137415434403596,15113.0,0.0,14851.0,0.0,0.0,0.9899105079253847,0.9000000000000004,0.890919437967085,47.5794671518626,-240.9084826455688,0.0017619176185474964,0.0017851070502371562,-0.14706348391208973,0.23083771031781358,0.4560669456066946,1.1362699872888458,0.0,239
64,eval,pact,3.0,0,0.0034414851706437025,0.0012471955462281445,0.00207865909367866,0.0,0.0,0.011903402194863957,1.1248584427095358,1.1259204715365645,-8.395970260747806,858461.0547855649,-0.04270365834236145,84.8604736328125,0.003678955772960321,15351.0,0.0,15089.0,0.0,0.0,0.9902324035576696,0.9000000000000004,0.8912091452207526,0.45392402088019057,0.017569000396556955,0.0024470131170156216,0.003407130728728551,-0.14750379430258678,0.2555268702335381,0.42677824267782427,1.125920476499834,0.0,239
65,eval,pact,3.0,0,0.008643440734246789,0.003043034218349002,0.005071723514968855,0.0,0.0,0.01183705122958261,1.1282780634309457,1.126927924455459,-2.7646808709060795,556102.7205151673,-0.0828247837192344,50.43837786020095,0.006179010812032415,15589.0,0.0,15327.0,0.0,0.0,0.9892153329679657,0.9000000000000004,0.890293777238375,0.4892848750491365,0.09096264010086086,0.003550741311927887,0.0057824786553241185,-0.14818902793074917,0.26368734977299024,0.4602510460251046,1.1269279296353862,0.0,239
66,eval,pact,3.0,0,0.40549758593668717,0.14774131202424517,0.24623550557979298,0.060098898273631615,0.0,0.010640761531523145,1.2641648931982128,1.0297103171318644,-4.565679293406434,127737.68140363494,-0.02121672852483099,45.72082664777045,0.05465003736348819,15827.0,0.0,15565.0,0.0,0.0,0.991090858331784,0.9000000000000004,0.8919817478586939,0.6175234993734763,0.634367049310214,0.0015218294355218872,0.0621823580078861,-0.15866887131121435,0.46817412979613643,0.23430962343096234,1.0297103150004105,0.0,239
67,eval,pact,3.0,0,0.4085878510234286,0.16973737793357552,0.2828956153933626,0.07379231866932315,0.0,0.011739284781131223,1.0932798749732173,1.111435465483486,0.3871019720781797,69010.83379641737,0.09019490643151136,264.75771036507194,0.06787946634773928,16065.0,0.0,15803.0,0.0,0.0,0.9931524597950061,0.9000000000000004,0.8938371943130653,0.9860736576315355,0.7225361965051103,0.05642929842743354,0.06728857364427594,-0.18734787733248534,0.6197810024036323,0.15481171548117154,1.1114354623569702,0.0,239
68,eval,pact,3.0,0,0.015004504288443965,0.005618158377085717,0.00936359689232677,0.0,0.0,0.011875805476189407,1.1287554720705024,1.1408559955563007,0.46200666991237815,148359.68830086297,0.048966928015007134,114.22544801783862,0.013661549270988898,16303.0,0.0,16041.0,0.0,0.0,0.9909878108790728,0.9000000000000004,0.8918889995399379,1.074890697641221,-0.1519604339767242,0.007740023419853,0.012017000058887986,-0.1474626042421511,0.22947268464939613,0.4435146443514644,1.1408559974141481,0.0,239
69,eval,pact,3.0,0,0.39594290426846546,0.1308136894578151,0.21802280078002212,0.027767212445765858,0.0,0.009922035799311108,1.2062903266072773,0.9913462780758926,0.38531043932278286,215631.88124346235,0.030420267242033748,75.814130144638,0.0531642693022454,16541.0,0.0,16279.0,0.0,0.0,0.9909165274647989,0.9000000000000004,0.8918248494798668,0.5732719871321702,0.5994434664002471,0.001816210337515591,0.059615877375435805,-0.12177517485019504,0.11246624528917773,0.6610878661087866,0.9913462767197954,0.0,239
70,train,pact,3.0,0,0.4554288604148302,0.15315112059746083,0.25525185041444737,0.1283758088135819,0.0,0.017756421265102705,1.6915456660123052,1.7436442839051889,0.5402777890779982,7154.504090121601,0.4376614239518862,9.185392325393325,0.08645894771995155,16779.0,0.0,16517.0,0.0,0.0,0.9880149070189089,0.9000000000000004,0.889213390679539,0.9715620470067107,0.5405145874550721,0.05748343120018641,0.07820131590737957,-0.20555954422197514,0.2017864031573637,0.4393305439330544,1.7436442868955813,0.0,239
71,train,pact,3.0,0,0.32695747973790945,0.10074038392650211,0.16790062663859928,0.0701787756077914,0.0,0.01618880440897959,1.7454326591731115,1.6384560463318765,0.4327823606993863,3497.112671409192,0.25078387737710606,10.447797119866854,0.061348125391891106,17017.0,0.0,16755.0,0.0,0.0,0.9926875744903437,0.9000000000000004,0.8934187951447076,0.43891339886997427,0.4634342828258967,0.015485516462318305,0.06517501197054897,-0.19468888098376472,0.2004510519599988,0.3807531380753138,1.6384560458179607,0.0,239
72,train,pact,3.0,0,0.10291769171121948,0.038373285034425685,0.06395547134581579,0.013122860607242983,0.0,0.01761280549261485,1.7062620403377582,1.7165885769672473,0.16574861427231313,3685.148643844796,0.41467560474297116,1.5171462781259704,0.07297632085728346,17255.0,0.0,16993.0,0.0,0.0,0.9943509463485813,0.9000000000000004,0.8949158303907226,0.3223064215481963,0.31831292285488355,0.062469350560155665,0.06863271841335122,-0.2114592451887912,0.2962995934597466,0.3389121338912134,1.7165885749492658,0.0,239
73,train,pact,3.0,0,0.19920827428452043,0.07374092208365977,0.12290152807170321,0.038607836206089007,0.0,0.018041502844121416,1.7492360342995392,1.7745283148777535,0.29886302713569735,3736.48624538278,0.34858651580795585,8.398678958665377,0.0675740004887329,17493.0,0.0,17231.0,0.0,0.0,0.9935980868140025,0.9000000000000004,0.8942382582560743,0.932430934739064,0.36394202281543353,0.03356082760728896,0.06393115836484008,-0.20964246997141547,0.23620878957832575,0.401673640167364,1.77452831494353,0.0,239
74,train,pact,3.0,0,0.07326333691171423,0.026395256766457858,0.04399209181148808,0.006656523528956968,0.0,0.017972586495279642,1.7417148461401712,1.7368723553094905,0.14096187812638583,3891.380955396836,0.2747688878212654,4.846976105638129,0.03309771120080639,17731.0,0.0,17469.0,0.0,0.0,0.9937117693314492,0.9000000000000004,0.8943405729956208,0.5809125251506219,0.16500014038557287,0.014113161924927096,0.031583857144887664,-0.2030039511932358,0.17439686637585683,0.5062761506276151,1.736872362470249,0.0,239
75,train,pact,3.0,0,0.21976542770897894,0.076781950583114,0.12796990685060203,0.0486877142260763,0.0,0.017981150103771913,1.7454036723619724,1.732535012596322,0.22702540270984173,4616.491729864017,0.35353878398609023,6.923283394161128,0.07530114953464606,17969.0,0.0,17707.0,0.0,0.0,0.9935601463377726,0.9000000000000004,0.8942041082861034,0.6511669199399005,0.2431661436185194,0.029035690351477347,0.0730508793024619,-0.21030569891559087,0.27003768657823674,0.3514644351464435,1.732535021170726,0.0,239
76,train,pact,3.0,0,0.3649142709313249,0.12080854145835215,0.20134755247269506,0.10346139287848852,0.0,0.016742843018151102,1.8018202312820626,1.6671574220497738,0.2630592427493139,4573.991184378269,0.3073507107669589,5.425653780354615,0.06523982163009168,18207.0,0.0,17945.0,0.0,0.0,0.9927705232069582,0.9000000000000004,0.8934934458473237,0.4408684979928268,0.47605580185805496,0.004583496275130189,0.07088718588099129,-0.19183712771836173,0.12813436600492595,0.5062761506276151,1.6671574112777356,0.0,239
77,train,pact,3.0,0,0.20328998215313637,0.08641573877033518,0.1440262207948329,0.04868771428842425,0.0003803727766459956,0.018504084933502404,1.6755177755236126,1.7578359238772212,0.4162537984269433,4503.099188513337,0.26868071466310256,11.96063878945227,0.0743525982444724,18445.0,0.0,18183.0,0.0,0.0,0.9947141740611407,0.9000000000000004,0.895242739422052,1.1765843992707734,0.45047234448263185,0.043899450648419616,0.06666882551922054,-0.22931525296750652,0.410783702780498,0.29707112970711297,1.757835932589249,0.0,239
78,train,pact,3.0,0,0.5005976261530134,0.17792661250979455,0.29654432745164777,0.12228984519776939,0.0,0.01705429980055932,1.7791702622649062,1.6644195358124736,0.41948410569374533,4479.284158235813,0.30452782339630763,5.3864105466020655,0.0906530323791002,18683.0,0.0,18421.0,0.0,0.0,0.9930935135446333,0.9000000000000004,0.8937841352059751,0.6784485687800181,0.49475554342244554,0.009014223437083678,0.09220240003902808,-0.21209248856850438,0.39559037360159044,0.17154811715481172,1.664419533038619,0.0,239
79,train,pact,3.0,0,0.4836600335450891,0.17463027924407254,0.2910504388283283,0.12951692820343513,0.0,0.017082988148142103,1.694861308301343,1.6787295416309245,0.4675803274290332,3990.970385435735,0.2899407636545692,8.942644512304202,0.0920396348827803,18921.0,0.0,18659.0,0.0,0.0,0.9936472546605386,0.9000000000000004,0.894282509093504,0.8757350245376475,0.5587734645264227,0.07470751142259253,0.09207522638812349,-0.22240253961806658,0.4768390753434821,0.1799163179916318,1.6787295402629492,0.0,239
80,train,pact,3.0,0,0.44414848793262934,0.1331151145342389,0.22185850764756776,0.10251046062513375,0.0,0.016605984103947754,1.729334728987147,1.6537952999190806,0.4666542685181526,3142.0629372058056,0.3492177137520523,9.371934052790557,0.06826180817167739,19159.0,0.0,18897.0,0.0,0.0,0.9920030612825849,0.9000000000000004,0.8928027369986019,0.5115409757938635,0.5484867527849355,0.026909100644003887,0.07411086974055682,-0.19159074205159204,0.14208136739962607,0.4686192468619247,1.653795291864815,0.0,239
81,train,pact,3.0,0,0.41162969583010295,0.12851883299354314,0.2141980369639618,0.09984785143800361,0.0,0.017467193280163544,1.7040700787779677,1.6821391737111941,0.3420846969762108,2939.3260799391996,0.4909797304594367,1.5787587649652648,0.10087899877553393,19397.0,0.0,19135.0,0.0,0.0,0.9931513178298663,0.9000000000000004,0.8938361623297176,0.5084482010654852,0.5180714172931467,0.10294710397236533,0.10135339752081236,-0.1987072507352311,0.20608920145998397,0.4476987447698745,1.6821391679281943,0.0,239
82,train,pact,3.0,0,0.09046236122763525,0.02651659922512827,0.044194329445033334,0.004374286931428949,0.0,0.016788282910961985,1.6633809615378599,1.6920555560658666,0.2778367425732034,2921.3665327128006,0.45505336491258574,1.5359735658478038,0.06445204960201793,19635.0,0.0,19373.0,0.0,0.0,0.9927062210178774,0.9000000000000004,0.8934355759720424,0.2855524810544215,0.2848628182433288,0.057494738172268335,0.05867076767160397,-0.2028655873238273,0.2247544437520401,0.41422594142259417,1.6920555519138136,0.0,239
83,train,pact,3.0,0,0.478391402922768,0.13516414841323693,0.22527356409488702,0.05439330600046214,0.0,0.015984924808222504,1.6772824538302722,1.6624416394712536,0.5294484097089728,2053.376136939396,0.5826765721562517,3.7461448463934737,0.07876034958529672,19873.0,0.0,19611.0,0.0,0.0,0.99172113580185,0.9000000000000004,0.8925489947885649,0.8282505153950246,0.5076140844393171,0.055632445247883494,0.07796213865498369,-0.2029970079947702,0.2797709130834743,0.3807531380753138,1.6624416436006373,0.0,239
84,train,pact,3.0,0,0.49975553764743685,0.15267813602219107,0.25446354164342516,0.08558387306195422,0.0,0.016609832960099106,1.692489053913739,1.6703198724212007,0.5429309111509363,2472.8353092720317,0.547560820270283,3.7011098118506713,0.08828206623175715,20111.0,0.0,19849.0,0.0,0.0,0.9926153067265594,0.9000000000000004,0.893353753508883,0.7469284496966339,0.46701143221234753,0.0704681206317175,0.08848967966253413,-0.20045544260077267,0.22356746490993795,0.45188284518828453,1.6703198824382812,0.0,239
85,train,pact,3.0,0,0.48599371905867245,0.12489377464694809,0.20815627829851943,0.0576264746019531,0.0,0.015239446137536894,1.5608230477596428,1.5309803326259597,0.5106396350900498,2203.6032096830872,0.5732562421006637,3.764012418282082,0.06554291786423351,20349.0,0.0,20087.0,0.0,0.0,0.9910757678821994,0.9000000000000004,0.8919681727138025,0.5955722370895586,0.5366229182777689,0.040070945147152356,0.06766645853586932,-0.21108565572046348,0.4931006854802814,0.17154811715481172,1.5309803401840743,0.0,239
86,train,pact,3.0,0,0.0034414877965033177,0.001126272358617913,0.0018771204182431959,0.0,0.0,0.0162325151611478,1.6464238119424637,1.6710753957098,0.3790320487201962,1940.1576147358787,0.6702775359153748,2.8502349853515625,0.0356790942559311,20587.0,0.0,20325.0,0.0,0.0,0.9917248150793578,0.9000000000000004,0.8925523249175259,0.3335296831808476,0.09421649330990656,0.03417445769084098,0.031765362976516394,-0.19753400923069173,0.18816582094424167,0.47280334728033474,1.6710753925694837,0.0,239
87,train,pact,3.0,0,0.2947040708871606,0.07661853500216406,0.12769754782107062,0.041080259004896154,0.0,0.016123791932514148,1.6453316027150493,1.6418703290707894,0.3953178319846237,1842.9056743797398,0.3854826453909527,4.8502593324772985,0.06781487532980958,20825.0,0.0,20563.0,0.0,0.0,0.9910023736155682,0.9000000000000004,0.8919021232856368,0.6750681289929823,0.29144026363639586,0.026547775877246615,0.06612391779627885,-0.1983658980562163,0.23261817858096678,0.4225941422594142,1.6418703360529452,0.0,239
88,train,pact,3.0,0,0.1870741706890581,0.0531732935402893,0.08862214889323776,0.035374667355206224,0.0003803727766459956,0.015422360246775041,1.6058806061245907,1.6133711021315602,0.3613193638653935,1670.2347759422398,0.35489773694192017,6.571662884377036,0.05234257124849521,21063.0,0.0,20801.0,0.0,0.0,0.9916041810143443,0.9000000000000004,0.8924437444579152,0.7022319184431155,0.2571156253772833,0.020358413898524035,0.05058254492732162,-0.20649490650103489,0.35001038606486834,0.26359832635983266,1.6133711094056908,0.0,239
89,train,pact,3.0,0,0.02096458594954064,0.006366652327932604,0.010611086702216907,0.0,0.0,0.015325989862553246,1.644841058982466,1.6442676488325685,0.20650739587500505,1274.6834009401969,0.2751238520674127,3.7747031659760735,0.010050265046633453,21301.0,0.0,21039.0,0.0,0.0,0.9898456419860967,0.9000000000000004,0.8908610525989133,0.5237068528116565,0.16595284688735512,0.005223564492009301,0.009520247641455959,-0.20136855024430023,0.28529036469924923,0.39748953974895396,1.6442676425831493,0.0,239
90,eval,pact,3.0,0,0.497250765612289,0.11120306716940953,0.18533843358947943,0.003803727517068137,0.0,0.007444393077756134,1.069256329137411,1.046500548658012,0.3369441715119773,3403.860593660107,0.050921772371161196,20.28848886489868,0.06263181302602945,21539.0,0.0,21277.0,0.0,0.0,0.9971356496651302,0.9000000000000004,0.8974220667922846,0.7791438741512023,0.4938123699671635,0.05044389405736217,0.06281685250495642,-0.12675652986149222,0.060684293302471895,0.7698744769874477,1.0465005507717362,0.0,239
91,eval,pact,3.0,0,0.5000638237883528,0.12341315200109455,0.2056885765694719,0.0,0.0,0.00793899596419388,1.0603133397621092,1.0478655790684113,0.3677406956336488,24192.230722084205,0.018424193141007773,66.70056993492477,0.05063908157877967,21777.0,0.0,21515.0,0.0,0.0,0.988257311378064,0.9000000000000004,0.8894315643789379,0.8262589948176918,0.6229632567393584,0.040074116177856924,0.05105625552312319,-0.12809463425440232,0.06828095789192559,0.7280334728033473,1.0478655771828875,0.0,239
92,eval,pact,3.0,0,0.0034414877965033177,0.0008197301364082221,0.0013662168514285485,0.0,0.0,0.007980079448559793,1.0474322695113625,1.0599649239284723,0.3605770482116663,94378.55521051255,0.026476699858903885,328.36859130859375,0.02630579300423515,22015.0,0.0,21753.0,0.0,0.0,0.9925476310143411,0.9000000000000004,0.8932928467894199,0.44572834450730103,0.07136745163276403,0.02498631126918765,0.023237319988545387,-0.12445806811381119,0.07762841627347992,0.8410041841004184,1.0599649297059062,0.0,239
93,eval,pact,3.0,0,0.015004510717528821,0.003477903466263643,0.005796505659254839,0.0,0.0,0.007518160664456971,1.0775571006611302,1.0803947752988488,0.2471992159729909,283708.2329694038,0.016455039927525502,309.66509218096235,0.004841266600337175,22253.0,0.0,21991.0,0.0,0.0,0.9935652363001053,0.9000000000000004,0.8942086936040903,0.323899016277227,0.28994745353091755,0.0022394554590076284,0.004428883751943925,-0.12418865383519528,0.05121813703670732,0.8828451882845189,1.0803947738729982,0.0,239
94,eval,pact,3.0,0,0.001494409176462552,0.0003839699725233696,0.0006399499116356828,0.0,0.0,0.007604880780605092,1.086321164374571,1.0917350669785024,-2.2860744627948586,287742.8574790795,-0.14535947144031525,66.05614471435547,0.004898998424582277,22491.0,0.0,22229.0,0.0,0.0,0.993830010606654,0.9000000000000004,0.8944469903552882,0.426070629863411,-0.023160179660607128,0.0035854707760694204,0.003705624638565633,-0.12353711501487741,0.01097955428944479,0.9121338912133892,1.0917350691502101,0.0,239
95,eval,pact,3.0,0,0.11274785525415133,0.02541926935639719,0.04236544667682016,0.004374286744385085,0.0,0.007771521060489835,1.0672604865608855,1.0663993241397907,-0.010232100676780247,131268.77296351988,-0.029287464098389178,126.59457765563262,0.030627642061647073,22729.0,0.0,22467.0,0.0,0.0,0.9856367351245681,0.9000000000000004,0.8870730383874981,0.6289837663273152,0.11578565388697193,0.011212630774224958,0.028963856621173886,-0.13016247727787253,0.10261432089972997,0.7824267782426778,1.0663993286538425,0.0,239
96,eval,pact,3.0,0,0.06794360041903054,0.015050248321595482,0.025083745912810453,0.0,0.0,0.007551081546788809,1.0875227084718488,1.0822576543776061,0.04207621463454522,217462.15595580544,0.05890038316469312,107.11919070287729,0.016660498836073852,22967.0,0.0,22705.0,0.0,0.0,0.9932625878555505,0.9000000000000004,0.8939363060511306,0.5393041482977972,0.29036371255474624,0.007553731515894041,0.01608744384837824,-0.13142775273860172,0.06519481290246001,0.702928870292887,1.08225765162365,0.0,239
97,eval,pact,3.0,0,0.30288375901140147,0.07126703742039381,0.11877838923591218,0.0,0.0,0.007508085319717808,1.0926829511650438,1.0429773662379596,-0.6256108375803946,201994.1874673117,0.04057039706612193,93.17634896952737,0.02989605024347869,23205.0,0.0,22943.0,0.0,0.0,0.9863322350395275,0.9000000000000004,0.887698985979148,0.5819830024296442,0.606717881039676,0.0024779079901924897,0.03268986694694002,-0.13290710837628972,0.23831567702305698,0.6485355648535565,1.0429773665715187,0.0,239
98,eval,pact,3.0,0,0.0012663877662295617,0.00043978051006466164,0.0007329675062156719,0.0,0.0,0.00802645751247845,1.0759589644655523,1.1064055429841684,0.192178171954145,92036.25576948222,0.029130058363080025,45.594234466552734,0.030705474197248846,23443.0,0.0,23181.0,0.0,0.0,0.9938774507913629,0.9000000000000004,0.8944896790023628,20.17936213224182,-23.373121036980987,0.01928858865925052,0.026417430963710138,-0.13472247428147205,0.11243657081812515,0.694560669456067,1.1064055454731785,0.0,239
99,eval,pact,3.0,0,0.48485144005920816,0.12078539178005351,0.20130897643642254,0.0013313046559130298,0.0,0.007552671006580651,1.0718587771619215,1.0308597661461292,0.2621036151104517,85057.24253072699,0.009200168348055832,43.303191260812675,0.04093075630344669,23681.0,0.0,23419.0,0.0,0.0,0.9872901266962913,0.9000000000000004,0.8885610892308806,0.7342971507551482,0.674700134948715,0.004102719243660215,0.04212471197026092,-0.13612345428686834,0.2727677379150716,0.45188284518828453,1.0308597617586226,0.0,239
100,train,pact,3.0,0,0.4634686815016611,0.11516141173181126,0.1919356750997288,0.05058957867043787,0.0,0.015697276798392563,1.6428355123208656,1.6498958827561414,0.3338084960143008,3763.192137650366,0.32288519699890245,32.31916511233381,0.07461264059259302,23919.0,0.0,23657.0,0.0,0.0,0.9833722575937853,0.9000000000000004,0.8850350068204074,0.6161872234779391,0.5704660715745289,0.08847882718380008,0.07480642712328224,-0.20574111756828506,0.3019970919018369,0.38493723849372385,1.6498958860670794,0.0,239
101,train,pact,3.0,0,0.05557842856955229,0.014868492664253947,0.02478081979445439,0.0,0.0,0.015153425108547863,1.577071950026636,1.5965841669417824,0.5491639775960515,1249.0750390216397,0.6569759845733643,9.135120266152226,0.03675783804820453,24157.0,0.0,23895.0,0.0,0.0,0.9908141613505376,0.9000000000000004,0.8917327184058632,2.1615392519181675,-0.46773821697498197,0.018246694658217686,0.03105274743593403,-0.19607344712572694,0.2684649396124513,0.3598326359832636,1.596584169274185,0.0,239
102,train,pact,3.0,0,0.4341484118583851,0.10583125396874017,0.1763854121715237,0.05857740654356809,0.0,0.015839607528874564,1.621295747148442,1.6214732393061266,0.5741686532936335,1160.95284638345,0.5797476086407027,6.708577686772686,0.07352163794812859,24395.0,0.0,24133.0,0.0,0.0,0.9908638908274503,0.9000000000000004,0.8917774852349668,0.7123220587431065,0.40722080974494745,0.03342182983549825,0.07318753691849973,-0.2164960490817702,0.4571352265645865,0.20920502092050208,1.6214732359878805,0.0,239
103,train,pact,3.0,0,0.19109905445188377,0.0488234912461156,0.08137248009302026,0.025865347876708376,0.0,0.015481837399724762,1.623939373752562,1.6273709081705645,0.45792563477819437,998.9257386020038,0.5215810178837517,9.441605837275294,0.03277898277107345,24633.0,0.0,24371.0,0.0,0.0,0.9906345132005764,0.9000000000000004,0.891571039435255,0.3889086903222706,0.4189529016418624,0.007041922891199755,0.03441312423932549,-0.19509994878086104,0.2273064482625597,0.4476987447698745,1.6273709136949275,0.0,239
104,train,pact,3.0,0,0.022306911853421187,0.004677667211318564,0.007796111408984018,0.0,0.0,0.014974556647038485,1.6004129508549199,1.6075332533864297,0.39763734904293235,955.4245250494411,0.6726224120690732,9.11203360407921,0.028807814192576296,24871.0,0.0,24609.0,0.0,0.0,0.9898122484215134,0.9000000000000004,0.8908310021316656,3.422974228379173,-1.8662054119655078,0.017035813386602705,0.025299525905447276,-0.20118614742658203,0.3238968515386213,0.32217573221757323,1.6075332589745477,0.0,239
105,train,pact,3.0,0,0.010237416458047271,0.002312382705023848,0.003853970970625421,0.0,0.0,0.015317298557656081,1.608072165165985,1.6060426162875348,0.17781409401851841,946.2816854181649,0.6597340421197804,9.100378626061284,0.003217928592862355,25109.0,0.0,24847.0,0.0,0.0,0.9900053547516029,0.9000000000000004,0.891004792317187,0.16516167975353627,0.10342532962057482,0.001204445295543872,0.0031182655664330114,-0.2005131125336346,0.3029763494465711,0.3305439330543933,1.606042621312277,0.0,239
106,train,pact,3.0,0,0.0038738003089876893,0.0009585329008514693,0.0015975547376990895,0.0,0.0,0.015034411067462616,1.6247423957082516,1.625470966973564,-0.7945529565231672,935.4785036222705,0.43623673915863037,1.235634684562683,0.0035156298870324043,25347.0,0.0,25085.0,0.0,0.0,0.990230966312616,0.9000000000000004,0.8912078563638312,1.031094122147615,0.13915945860706191,0.0026935413984192054,0.003200287807097894,-0.1939635195033206,0.2124395382652304,0.497907949790795,1.6254709653050659,0.0,239
107,train,pact,3.0,0,0.426090166965406,0.09792337823966903,0.16320561810360262,0.050969951260039996,0.0,0.015610725667608209,1.606805531799045,1.6006745773379274,-1.4221631780142066,1014.1181288204433,0.4901554318589147,1.151922622360445,0.04443433249328957,25585.0,0.0,25323.0,0.0,0.0,0.9902245978431223,0.9000000000000004,0.8912021171098973,0.5024558859206999,0.5498966212918605,0.0010712129115846539,0.04976961498910919,-0.19254237246745912,0.21908661978100238,0.4602510460251046,1.6006745755504095,0.0,239
108,train,pact,3.0,0,0.06536319171795504,0.017073906662924583,0.028456509559824195,0.0019018638208820231,0.0,0.015839614176725244,1.6175177546225832,1.6257269098170133,0.3918010421627236,1107.0243484305538,0.8004559617661033,0.6110744650892633,0.04754370077324166,25823.0,0.0,25561.0,0.0,0.0,0.9909882859704884,0.9000000000000004,0.8918894284938669,0.30894904620065644,0.3051821222596782,0.043922790166872894,0.04380152925116373,-0.19294799642246446,0.1931214576100181,0.4811715481171548,1.6257269061951267,0.0,239
109,train,pact,3.0,0,0.39266590399484474,0.09639281962166378,0.16065469086354076,0.048877900739095204,0.0,0.015066304871477343,1.6017998554217765,1.5943664402143727,0.37979108444317616,1324.2248586231694,0.44137431780912884,1.2835454244992723,0.057536374240778544,26061.0,0.0,25799.0,0.0,0.0,0.9907875903979505,0.9000000000000004,0.8917088004834482,0.4858184574187069,0.5243974154965496,0.030158195504357655,0.061515485909747966,-0.19706186064163897,0.2741030891124366,0.37656903765690375,1.594366441139802,0.0,239
110,train,pact,3.0,0,0.49267310757053845,0.11222302171079711,0.18703835625062643,0.04925827382748097,0.0,0.015408294631955389,1.5734672990304157,1.5926577867823166,0.7059239188996319,1477.0015276665467,0.5989256334105296,3.9662441890608817,0.0619547072638247,26299.0,0.0,26037.0,0.0,0.0,0.9905562370890852,0.9000000000000004,0.8915005862463469,1.0015743358905478,0.5133018603444124,0.04618805734550252,0.05912097108990702,-0.20057326835765976,0.35179085432802165,0.2719665271966527,1.5926577816808738,0.0,239
111,train,pact,3.0,0,0.15957777750304272,0.03892850064457356,0.06488082865175156,0.013883605911143156,0.0,0.01523036634448183,1.65504575349297,1.6444930810808636,0.48800760594870757,1514.484098681845,0.49239689510736506,7.250818409181539,0.034071428000841245,26537.0,0.0,26275.0,0.0,0.0,0.99091519371735,0.9000000000000004,0.8918236514015676,0.3134590007600387,0.32941591422116046,0.01201019071380306,0.034546839528489144,-0.18832372636332476,0.10994391524971069,0.6276150627615062,1.6444930775943616,0.0,239
112,train,pact,3.0,0,0.43151492035799666,0.10970364955482712,0.18283940268517337,0.055344237567989396,0.0,0.01576912420836889,1.6113712069379735,1.5900989172348916,0.36781956517297354,1480.6989393673182,0.5415513995551664,1.0693796536413696,0.06721135897554115,26775.0,0.0,26513.0,0.0,0.0,0.9909503814066803,0.9000000000000004,0.891855325409558,0.533560173771489,0.5620562204807766,0.05862888431043497,0.0709748610865839,-0.18904295736355436,0.1959405323600107,0.45188284518828453,1.590098910082094,0.0,239
113,train,pact,3.0,0,0.05326771741892722,0.015398888447851726,0.02566481257751879,0.0009509319416149889,0.0,0.01662249823206077,1.6302496543988025,1.6616447777428887,0.2897070504132674,1954.6208220286348,0.5821462498050355,1.1624541556984809,0.05200422828954695,27013.0,0.0,26751.0,0.0,0.0,0.991668424097564,0.9000000000000004,0.8925015627090901,0.2625080157678898,0.25565681718084354,0.048019181744497146,0.0472039076583421,-0.18932823281876035,0.10816344698655747,0.5899581589958159,1.6616447879703997,0.0,239
114,train,pact,3.0,0,0.2531380511106846,0.07088237010145376,0.11813727462188325,0.03442373572533101,0.0,0.016814980671495575,1.6348259648518582,1.653813556647201,0.4318828322149221,1949.9200439453125,0.5359913729848224,6.232920293029881,0.06071048995546186,27251.0,0.0,26989.0,0.0,0.0,0.9915957747642964,0.9000000000000004,0.892436167435666,0.7991718684606932,0.34188910318451127,0.02529863006740558,0.05870257508473385,-0.1997359980234524,0.23965102822042195,0.4100418410041841,1.6538135659185662,0.0,239
115,train,pact,3.0,0,0.06036288374898542,0.01886830402158978,0.031447171955588604,0.0019018638832299778,0.0,0.01626344371555864,1.6587242800820323,1.6500010081414898,0.27599194502481356,1864.3399397718358,0.49564674029041034,7.731421326493618,0.017070607627935854,27489.0,0.0,27227.0,0.0,0.0,0.9918442647826222,0.9000000000000004,0.8926598135397524,0.2489222635495599,0.23758659447526798,0.0033286149734516783,0.017225907477048504,-0.19248615485240683,0.1568295795127452,0.5355648535564853,1.6500010155977975,0.0,239
116,train,pact,3.0,0,0.01609831423724945,0.0054975689848993075,0.009162614490458387,0.0,0.0,0.016978641977790882,1.6932610388081444,1.7155757848188966,0.11913664310609934,2396.778640044783,0.5065399752501164,4.917793144740819,0.01668015321099032,27727.0,0.0,27465.0,0.0,0.0,0.9924762657995503,0.9000000000000004,0.8932286129336976,1.844916864162496,-0.20512794461877681,0.010887149370080236,0.014822212986990997,-0.19807646210730262,0.14427727825751502,0.5397489539748954,1.7155757842346944,0.0,239
117,train,pact,3.0,0,0.39266590399484474,0.10440334488990918,0.17400555979531349,0.06979840332992905,0.0,0.016244308465787807,1.6657457658436507,1.6309616942285992,0.11863284930586815,1803.8592437361074,0.5017584555443361,2.9340453507012403,0.050612106060969185,27965.0,0.0,27703.0,0.0,0.0,0.9908272030463279,0.9000000000000004,0.8917444615184512,0.4823743122897043,0.5209737115692381,0.001553237161189542,0.055609503441887705,-0.1898023711143065,0.15932223508115967,0.497907949790795,1.6309616900403932,0.0,239
118,train,pact,3.0,0,0.5010294404741651,0.13372603813989384,0.22287671812106155,0.051730696875679945,0.0,0.01662299626167848,1.6528082402680209,1.6747041815993178,0.6224156372467344,1650.4294101603361,0.5554489412317715,3.9301896501784546,0.0793080054122222,28203.0,0.0,27941.0,0.0,0.0,0.9921573308222463,0.9000000000000004,0.8929415746712784,0.9628928883017179,0.4458784760731601,0.06978469988098368,0.0759603284478624,-0.19256079368319906,0.12492952313125019,0.5523012552301255,1.6747041896611532,0.0,239
119,train,pact,3.0,0,3.939130826693449e-05,1.3672811817201234e-05,2.2788017639141652e-05,0.0,0.0,0.016133762276478142,1.669001241109361,1.681296011144646,0.4685573520520741,1700.7259082235553,0.6118484139442444,8.140503883361816,0.01341467680885441,28441.0,0.0,28179.0,0.0,0.0,0.9911766989959334,0.9000000000000004,0.8920590096936565,2.639650914140148,-1.5132720039023648,0.012246763869114101,0.012022455995313036,-0.19571530760851716,0.16125107569957564,0.5271966527196653,1.6812960037439453,0.0,239
120,eval,pact,3.0,0,0.5005976241194593,0.14800059033711693,0.24666763728059035,0.01958919731144127,0.0,0.010162488497972924,1.1636822153833621,1.0858739671846813,0.42231177984421225,5551.989244532884,0.047273738845421985,28.229954282110207,0.07597962195232948,28679.0,0.0,28417.0,0.0,0.0,0.9973631224372895,0.9000000000000004,0.8976267853042571,0.7642059376241628,0.5226216656398042,0.06361352300478353,0.07656149734902706,-0.1280746102426409,0.06326597228404403,0.7573221757322176,1.08587396308502,0.0,239
121,eval,pact,3.0,0,0.20328998215313637,0.061030545504307074,0.10171756822627796,0.02092050209205021,0.0,0.011117318215503292,1.0872263691415347,1.123419973640761,0.221535133392741,54975.8386833159,0.09126267037412861,136.9261495398677,0.05469885252213503,28917.0,0.0,28655.0,0.0,0.0,0.9944173923097395,0.9000000000000004,0.8949756283141579,0.7814735028509198,0.3278694102616976,0.02243499922786505,0.05210627463478673,-0.1269191944357234,0.014332769518383333,0.9623430962343096,1.1234199647770846,0.0,239
122,eval,pact,3.0,0,0.00484126768363289,0.001778317635451983,0.0029638625366798853,0.0,0.0,0.010848139149670696,1.1060933730093505,1.1116089618854443,0.15460099695231153,319501.58257060667,0.08166611719892115,185.35751473654264,0.0055368782676733005,29155.0,0.0,28893.0,0.0,0.0,0.9959334573985144,0.9000000000000004,0.8963400943508707,0.3301629835013813,0.19265449826428693,0.0034025122728945584,0.004480176192229014,-0.1217618206406008,0.0021662363868364047,0.99581589958159,1.111608960739375,0.0,239
123,eval,pact,3.0,0,0.3190210646045298,0.07935571471451067,0.13225951505780842,0.024153670755889128,0.0007607455532919912,0.010298806154967975,1.0886106939994142,1.0679542035737297,-0.31078018059478646,137604.09917625523,0.0332501455323155,155.95238533977684,0.07032061573390744,29393.0,0.0,29131.0,0.0,0.0,0.9900554732797535,0.9000000000000004,0.8910499050527437,0.6823451527654277,0.23483399565038998,0.02002467907223742,0.06434697169171467,-0.15280578234812547,0.36235496602273065,0.4602510460251046,1.0679541957712058,0.0,239
124,eval,pact,3.0,0,0.228072871281629,0.060531630730004365,0.1008860441892253,0.02073031582842312,0.0,0.010393770641518687,1.1312954996919034,1.089808104177898,-0.11812383875739858,389567.4178216527,0.021436525996707215,173.73155143769716,0.039550352406154184,29631.0,0.0,29369.0,0.0,0.0,0.9892127930369836,0.9000000000000004,0.8902914916870485,0.5111589766432055,0.4013453028922198,0.004828398643061518,0.03992840532743407,-0.1366465866594216,0.22603044600729988,0.6150627615062761,1.0898081073489492,0.0,239
125,eval,pact,3.0,0,0.00027498420791614755,0.00010640754467451157,0.00017734590767922706,0.0,0.0,0.011487846547215554,1.0688719205776518,1.1467493710158758,0.07412570672865693,100595.18707505231,0.028124254196882248,29.548351287841797,0.029507678056673526,29869.0,0.0,29607.0,0.0,0.0,0.9976162252067023,0.9000000000000004,0.8978545795424713,1.1890309682397289,-0.7563522853682623,0.02676255397669418,0.025818503163677006,-0.12520688002741065,0.001394700139470014,0.99581589958159,1.1467493754254756,0.0,239
126,eval,pact,3.0,0,0.09046233746581896,0.02636213896435171,0.043936895148058534,0.003613541315789003,0.0,0.010823496058193586,1.1097223726276573,1.1105345654687124,-0.25930552892231046,325538.7645789749,-0.010157827660614925,155.69092448086917,0.03131503313701896,30107.0,0.0,29845.0,0.0,0.0,0.9914771561592692,0.9000000000000004,0.8923294233727156,0.6820350035131106,0.11576522537873102,0.010620440576329,0.02887993977233674,-0.13303615482470055,0.11282233894180836,0.7196652719665272,1.1105345639453297,0.0,239
127,eval,pact,3.0,0,0.09659447261740192,0.029436909720651362,0.049061513773442554,0.0024724229858510164,0.0,0.010636390578469348,1.1340040068247328,1.1000664266582314,-0.7346878234982864,817823.6289879708,-0.015278748988303469,156.17034133208844,0.021223449914922712,30345.0,0.0,30083.0,0.0,0.0,0.9890053781006626,0.9000000000000004,0.890104822222159,0.5157450415908489,0.37392467639902904,0.0028940871299710123,0.020667483271723106,-0.12959206452849667,0.0904774622392356,0.803347280334728,1.100066426913585,0.0,239
128,eval,pact,3.0,0,0.005378617951415077,0.002282108589200689,0.003803514175153061,0.0,0.0,0.011233025756528188,1.0931898305605645,1.1422038188040506,-0.2861996554305863,341474.3789879707,0.013483667309750574,222.56908480592352,0.020025007492009254,30583.0,0.0,30321.0,0.0,0.0,0.9975709984990843,0.9000000000000004,0.8978138785481952,3.9894260362604688,-3.0743264889326527,0.010927787849511863,0.01679130103029934,-0.1285633125637076,0.0370040654025342,0.899581589958159,1.142203825396346,0.0,239
129,eval,pact,3.0,0,0.21976545920194163,0.05869568852309788,0.09782614208291851,0.01825789265552824,0.0,0.010445374467460805,1.128367388846984,1.0787536367212878,-0.4955125374419451,579546.7081916841,0.01601951660502655,162.08160068400235,0.03816789573557269,30821.0,0.0,30559.0,0.0,0.0,0.9856178901434942,0.9000000000000004,0.8870560854798082,0.5335207067438192,0.3835140098530033,0.0026660681451032833,0.03833463791490895,-0.1405894485144496,0.26166948574141663,0.5690376569037657,1.0787536376959668,0.0,239
130,train,pact,3.0,0,0.5017308984838317,0.1318706358614991,0.21978437819761817,0.05952833823579126,0.0,0.01660339908954925,1.6147092842656698,1.6451280925064407,0.21000909199012702,3802.8820979545308,0.4991053496818662,8.007043929279599,0.08559895663767679,31059.0,0.0,30797.0,0.0,0.0,0.9897179995121816,0.9000000000000004,0.8907461839739748,0.8017748653064238,0.43849113719237776,0.18754239177161997,0.08272405410434848,-0.19318315527231858,0.17068755749428768,0.46443514644351463,1.6451280869925518,0.0,239
131,train,pact,3.0,0,0.10942615455924436,0.029668357891914562,0.049447261675435825,0.006656523591304923,0.0,0.01651233179440184,1.6769089005482247,1.6882150724343177,0.38363956245418374,1801.5524861483395,0.46954482563120553,8.774355716286344,0.043675733577006076,31297.0,0.0,31035.0,0.0,0.0,0.9914967225685279,0.9000000000000004,0.8923470310586267,0.29018663257192834,0.2967093090757468,0.03134073949947309,0.042203392575798894,-0.19481514806621306,0.1376895456838482,0.5690376569037657,1.6882150720587707,0.0,239
132,train,pact,3.0,0,0.020964593625584595,0.006147823983897888,0.010246372893070885,0.0,0.0,0.015769181219728423,1.6393272547542301,1.6470150304139908,0.20406635093140302,1448.9238572380034,0.4838467605069093,1.4093055425827474,0.02492525034718543,31535.0,0.0,31273.0,0.0,0.0,0.991273146044759,0.9000000000000004,0.8921458132596195,0.23247588687008386,0.20067363277117023,0.022073358941232767,0.022942409148268308,-0.18858706898439345,0.105136650939197,0.6443514644351465,1.6470150183880317,0.0,239
133,train,pact,3.0,0,0.5019918537838604,0.12852957023121794,0.21421593783589404,0.05705591518759229,0.0,0.015792944306842825,1.6370394726178636,1.6226898361948245,0.5311557972281548,1362.7990523462017,0.5816257644647335,2.4359580784662,0.07170683865349693,31773.0,0.0,31511.0,0.0,0.0,0.9912957302197253,0.9000000000000004,0.8921661352013943,0.7675098284023639,0.4555391198078347,0.05278973893395492,0.07283346657543813,-0.19347155102279928,0.18760200599424318,0.5104602510460251,1.622689828692881,0.0,239
134,train,pact,3.0,0,0.1870741706890581,0.04304894540688095,0.07174823769395265,0.024343857206560078,0.0,0.015050102282455775,1.5614292708899686,1.583939868037172,0.5106643519391575,1544.9070457554262,0.5679966125278793,5.171092760113991,0.042317410659193054,32011.0,0.0,31749.0,0.0,0.0,0.990804394917508,0.9000000000000004,0.8917239340778175,0.8674387200173111,0.27440859146616425,0.01755595468847012,0.040698455380681106,-0.2050884751982668,0.3776966675569008,0.2928870292887029,1.583939866351772,0.0,239
135,train,pact,3.0,0,0.03674999346555246,0.00857580289652349,0.014293004220417821,0.0,0.0,0.015244257464911398,1.5978693765077632,1.5993621820685255,0.37773568535449614,1123.9484051181682,0.5807332478806564,5.903058379763839,0.008588167907919532,32249.0,0.0,31987.0,0.0,0.0,0.9899816066650167,0.9000000000000004,0.8909834269200408,0.21331729542709132,0.1995024472019754,0.0020059843857028604,0.008577245754963294,-0.18989130369261487,0.19585150894685302,0.4895397489539749,1.599362177586609,0.0,239
136,train,pact,3.0,0,0.03674998030288848,0.008829616044924904,0.014716025847633794,0.0,0.0,0.015516685768104622,1.596932555342319,1.6032445847239953,0.143610530415507,1375.0663768816194,0.47831484687877,4.995985606724248,0.013704183173027849,32487.0,0.0,32225.0,0.0,0.0,0.9908992418684222,0.9000000000000004,0.8918093026432532,0.9559007032660164,0.15212963173696847,0.007233948489675126,0.012820810705611373,-0.19441453245919166,0.2408380070625241,0.4351464435146444,1.6032445842425653,0.0,239
137,train,pact,3.0,0,0.11611346518928935,0.03168612961638714,0.05281021202205452,0.014834538039802008,0.0,0.015565031782868144,1.6284401037703,1.6347580170531653,0.32464259777171345,1212.7434503403667,0.4924721919062497,5.808677152609725,0.03605055139998216,32725.0,0.0,32463.0,0.0,0.0,0.9903942925161896,0.9000000000000004,0.89135484316359,0.6489719021681726,0.21334221380547713,0.015423352406783537,0.03460707554348187,-0.20067958099751182,0.25849431733879347,0.401673640167364,1.6347580190167599,0.0,239
138,train,pact,3.0,0,0.47694583179846367,0.10968506759067069,0.18280843530185364,0.044123241280412076,0.0,0.01469886673918329,1.4248100868328846,1.4630708819153917,0.6133857466062242,1138.3909020842868,0.5674922042000243,3.9963609914151195,0.07074881682102276,32963.0,0.0,32701.0,0.0,0.0,0.9912017803311847,0.9000000000000004,0.8920815851399091,0.7338454783336025,0.429345196981636,0.03634770435746759,0.07087547491815051,-0.21167265975777266,0.5431911926169916,0.1506276150627615,1.4630708729317679,0.0,239
139,train,pact,3.0,0,0.37562728849699706,0.09733948824730182,0.1622324683171028,0.057246101700611195,0.0,0.015899277397404155,1.6110684417780474,1.6408957659450036,0.5659751369613982,1163.3810613783833,0.5062152712165561,6.49930788757412,0.07199598830894696,33201.0,0.0,32939.0,0.0,0.0,0.9914549935811733,0.9000000000000004,0.8923094719024882,0.7485764910103822,0.403459136470535,0.03389068235198713,0.07077564013280192,-0.2026017051041373,0.2739843912282263,0.4100418410041841,1.6408957658143082,0.0,239
140,train,pact,3.0,0,0.4811274396703373,0.11177940174989794,0.18629899249001378,0.03917839505931822,0.0,0.015053178144766945,1.4879098272722635,1.5125936372010778,0.6230368715200464,1128.495320212392,0.546718349766033,3.372693841178048,0.07149988473256637,33439.0,0.0,33177.0,0.0,0.0,0.9906321751522719,0.9000000000000004,0.8915689370622196,0.7513961543541283,0.43237938511558693,0.0382518382743001,0.07133154512994833,-0.20425205688873696,0.44817353630671536,0.200836820083682,1.512593634063067,0.0,239
141,train,pact,3.0,0,0.4836600335450891,0.11216161277536162,0.18693600961848753,0.046405478127331916,0.0,0.015550375540027684,1.528609597283926,1.5637120901291341,0.6483369147927193,1038.463884553151,0.6518106019147769,2.940430431685188,0.06939558840695784,33677.0,0.0,33415.0,0.0,0.0,0.9908441793968488,0.9000000000000004,0.8917597387625084,0.7583753671731635,0.45543205190803115,0.04138984030849019,0.06977580160985869,-0.19553151738239127,0.3034214665123594,0.3054393305439331,1.5637120908175748,0.0,239
142,train,pact,3.0,0,0.008643440734246789,0.0018488540858830128,0.003081423371178332,0.0,0.0,0.014831221319548006,1.5840846898665488,1.5859596449959728,0.47878265418268146,1061.2433065629903,0.5027127686155392,2.1214318584697516,0.006821484692447339,33915.0,0.0,33653.0,0.0,0.0,0.9902565214923236,0.9000000000000004,0.8912308550280008,1.5670752328658217,-0.19160380206712424,0.004794624643552895,0.00613212517974606,-0.19799416987473256,0.30113653224131276,0.38493723849372385,1.5859596303102281,0.0,239
143,train,pact,3.0,0,0.2322390740961382,0.059181353148902785,0.09863558265185542,0.034613921739566275,0.0,0.0154160799704118,1.597140118167989,1.6090964936811056,0.38585835308709404,996.7654697306485,0.48492127588353895,1.7695825005176178,0.03145335114488079,34153.0,0.0,33891.0,0.0,0.0,0.9899578131891195,0.9000000000000004,0.8909620133902737,0.4399145438568096,0.4779339315290303,0.0009650645931082357,0.034213998312685616,-0.1954137872381706,0.23065966349149833,0.45188284518828453,1.6090964988618845,0.0,239
144,train,pact,3.0,0,0.04055127557113798,0.009486634171670817,0.015811056839959148,0.0,0.0,0.015397388556247352,1.60846722250703,1.6239109328601151,0.32423359579621,1356.314449805096,0.6000085607732191,1.0650305274141383,0.039434178874079746,34391.0,0.0,34129.0,0.0,0.0,0.9910967532062132,0.9000000000000004,0.891987063645319,0.2845889336226938,0.25628492773985423,0.03786423459206452,0.03611752913025633,-0.19289342919178573,0.19502062375738152,0.4811715481171548,1.6239109282458197,0.0,239
145,train,pact,3.0,0,0.48485144005920816,0.09726170108519319,0.1621028259345256,0.02415367094293299,0.0,0.013869774416790472,1.4462895198845964,1.4535750602079736,0.4923315079391751,904.38035270659,0.5366823228083893,1.1368590383848884,0.04708683042237574,34629.0,0.0,34367.0,0.0,0.0,0.9892844001618389,0.9000000000000004,0.8903559438853085,0.6181016260222579,0.5598821868389701,0.02180300865854536,0.049441975073316075,-0.1985006107210488,0.447134929819876,0.2301255230125523,1.4535750658317286,0.0,239
146,train,pact,3.0,0,0.502052641987655,0.12219163692176176,0.2036527151850887,0.05553442433040012,0.0,0.014662695555678845,1.5683086831200572,1.5908080461633753,0.7358494540637507,978.4579409036676,0.637928042327011,3.6155623112762325,0.06775705450872996,34867.0,0.0,34605.0,0.0,0.0,0.990757277570509,0.9000000000000004,0.8916815314831594,0.9184263653622384,0.4555431457318656,0.052396584302186966,0.06804946453065054,-0.1944356941919542,0.24795988011513692,0.39330543933054396,1.5908080377210654,0.0,239
147,train,pact,3.0,0,0.19920830527869945,0.05262859365108879,0.08771431671509874,0.020349943051777127,0.0,0.01522691522346942,1.5039259681641806,1.530166987844092,0.5488546122816317,1215.9343179998039,0.41565263551897585,9.362431855880066,0.041229384565759045,35105.0,0.0,34843.0,0.0,0.0,0.9905303399931935,0.9000000000000004,0.8914772928010469,0.41967475371248847,0.45048160342912835,0.01992780102282819,0.04233586039247038,-0.19582374885102213,0.31864447016231934,0.3263598326359833,1.5301669905574995,0.0,239
148,train,pact,3.0,0,6.514758795400435e-05,8.888064927670415e-06,1.4813440285255805e-05,0.0,0.0,0.016132699000302345,1.6140280802379592,1.6387464848023579,0.294348624149127,1539.398114192436,0.41371020674705505,1.2940584421157837,0.029885228588362713,35343.0,0.0,35081.0,0.0,0.0,0.991209675826787,0.9000000000000004,0.8920886833298656,164.95999124342572,-183.46572873917466,0.0253944478278516,0.026214695612560943,-0.1948989220899192,0.19273568948633493,0.4769874476987448,1.6387464805613436,0.0,239
149,train,pact,3.0,0,0.5019918540521879,0.12366917000538374,0.20611527057643567,0.0446938001336413,0.0,0.01501971488296362,1.5776128197813633,1.5820606261117687,0.5572462323195765,1140.396280328599,0.5763635930905282,2.0909327752420594,0.06583379854367283,35581.0,0.0,35319.0,0.0,0.0,0.9901825907838894,0.9000000000000004,0.8911643145473432,0.7353287687031622,0.4681438412149084,0.0018224364279636315,0.06638473413653757,-0.19467882949953058,0.2739843912282264,0.39748953974895396,1.5820606169915354,0.0,239
150,eval,pact,3.0,0,0.08746963563609224,0.013898863292262193,0.02316477181239903,0.0,0.0,0.007656248625383467,0.7293151388856657,0.7687168622615447,0.5313299283322929,4023.7450584507387,0.273395254397492,7.856067177640843,0.01968061017305064,35819.0,0.0,35557.0,0.0,0.0,0.9979954755954663,0.9000000000000004,0.8981959099051344,1.132809269023804,0.18761875661528327,0.011056305852038728,0.01816259487044986,-0.10546911107755874,0.12525594231282827,0.5397489539748954,0.7687168553000406,0.0,239
151,eval,pact,3.0,0,0.02230692015294469,0.005558719295995197,0.009264531652288459,0.0,0.0,0.00796716854124326,0.787336928201021,0.7750909342177243,0.37200117410476236,34088.15195149059,0.24977241745160184,12.89764029610606,0.005004489757354414,36057.0,0.0,35795.0,0.0,0.0,0.9921305326737121,0.9000000000000004,0.8929174640936831,0.5485898483653538,0.3710571836412522,0.0015817305400070054,0.0047145653150734105,-0.09127235649738705,0.03382889699991098,0.8870292887029289,0.7750909322669429,0.0,239
152,eval,pact,3.0,0,0.01200688445204372,0.003032623316947625,0.00505437201723017,0.0,0.0,0.008101220369323403,0.7772947235586254,0.7824753477982397,-1.598729604021276,197494.75898927826,-0.029503210946512273,110.45236557198369,0.007442721505220746,36295.0,0.0,36033.0,0.0,0.0,0.9938201033919426,0.9000000000000004,0.8944380704827887,1.1278071674096122,-0.11563710573572039,0.0043179572826149955,0.00573497619596797,-0.1021676375557795,0.11564141369180093,0.5648535564853556,0.7824753501598545,0.0,239
153,eval,pact,3.0,0,0.48366004122113304,0.05677188854475146,0.09461980740179646,0.0007607455532919912,0.0,0.005661031356954238,0.615644050442524,0.613953531536597,-0.9445100110258019,247782.7126046025,0.025137949399805966,63.01991339807231,0.021734865974132205,36533.0,0.0,36271.0,0.0,0.0,0.9821181389577219,0.9000000000000004,0.8839063045868814,0.7030721711975713,0.6337722912622591,0.0029305910236786963,0.02354860698578248,-0.11650248485578044,0.5043473100091992,0.26778242677824265,0.6139535321183964,0.0,239
154,eval,pact,3.0,0,0.501817049438165,0.06583012988918488,0.10971687821021463,0.0,0.0,0.005695467949240901,0.610214722206403,0.6167994467034998,0.2276607105926373,72521.67390167364,0.12084557669369746,51.35466939535101,0.021733952220529318,36771.0,0.0,36509.0,0.0,0.0,0.9880724755041769,0.9000000000000004,0.8892652079400657,0.8642154874833615,0.7228393337473693,0.059610416926443574,0.02172881809830915,-0.10841460352177026,0.42787619810676875,0.32217573221757323,0.6167994510497029,0.0,239
155,eval,pact,3.0,0,0.04055126141090673,0.010821401218453347,0.01803566795247378,0.0,0.0,0.008373655456753455,0.7720266894815357,0.8055230102279695,0.02617686240306459,254732.172332636,0.16734766134033643,117.8671105197284,0.017972879798568504,37009.0,0.0,36747.0,0.0,0.0,0.9933042278100257,0.9000000000000004,0.8939737807257904,1.1489500940415465,0.06470607648199689,0.009267354999402804,0.015715516383747987,-0.09983141761062371,0.01792338051574231,0.8493723849372385,0.8055230105882186,0.0,239
156,eval,pact,3.0,0,0.48813355436147227,0.09691809467049135,0.16153014920068376,0.005515405261366936,0.0,0.006971826178711453,0.8153268916836344,0.7340873801558586,0.062309013347425904,215245.21296417364,0.05769897062159981,68.25065888121537,0.04597192063974411,37247.0,0.0,36985.0,0.0,0.0,0.9849034552793623,0.9000000000000004,0.8864130877800067,0.6216845516326108,0.5396208947948091,0.005162259325003013,0.04733590603607344,-0.08757910449497382,0.022315202231520226,0.9414225941422594,0.7340873816396093,0.0,239
157,eval,pact,3.0,0,0.4367288415779668,0.07869142678225434,0.13115237164722096,0.0015214911065839823,0.0,0.007168225603076828,0.6950713093061327,0.7315946882239944,0.21020278958681674,76915.77631406904,-0.010385609062685179,65.53142793407999,0.03476251142730773,37485.0,0.0,37223.0,0.0,0.0,0.9925041819716098,0.9000000000000004,0.8932537389100845,0.945495325646495,0.6459526892735408,0.021749204373918474,0.03242503569722487,-0.1056162426539963,0.2550224042256447,0.5062761506276151,0.7315946852934118,0.0,239
158,eval,pact,3.0,0,0.501210307838382,0.09094063668133945,0.15156771947430528,0.0034233548651180505,0.0,0.006812661740574284,0.7277529293273782,0.7182148819687975,0.11775157468931197,82232.03420828976,0.06335266901788375,70.70800793220808,0.04521872256356428,37723.0,0.0,37461.0,0.0,0.0,0.9872744248003141,0.9000000000000004,0.888546959875019,0.7781175879007157,0.5311597451403176,0.03649854585528374,0.04466811756537175,-0.09911098652814808,0.1784325944390041,0.6150627615062761,0.718214882213546,0.0,239
159,eval,pact,3.0,0,0.12646474479892483,0.020788996565220468,0.03464832558246329,0.0,0.0,0.007663381762342785,0.7283658911493532,0.7531085328576954,0.06379673239520739,150152.8335349111,0.06349820414144998,175.1309898807414,0.01776631849732203,37961.0,0.0,37699.0,0.0,0.0,0.9888034994133347,0.9000000000000004,0.889923116402646,0.8749157892871521,0.6453511009618929,0.013222185376760186,0.015204776146655677,-0.09803822045770647,0.1613994480548384,0.7280334728033473,0.7531085328520721,0.0,239
160,train,pact,3.0,0,0.4554288604148302,0.09305265719764773,0.15508775244285883,0.029859262218535194,0.0007607455532919912,0.014183028659561189,1.4153880307365163,1.445152686480199,0.4287945436212433,2981.748084670829,0.5804433843947043,5.283767185949381,0.06333516883005283,38199.0,0.0,37937.0,0.0,0.0,0.9822526448191958,0.9000000000000004,0.8840273637402507,0.8771767003227819,0.40799076142953994,0.029303570184856652,0.058845448923379055,-0.20827270485589347,0.5476423632748746,0.14644351464435146,1.44515269067962,0.0,239
161,train,pact,3.0,0,0.4994180284038787,0.10829734637310182,0.18049556628394692,0.03765690382803833,0.0,0.014612883974303137,1.4917263366188465,1.5072304444333,0.6474506648015776,970.1317394049098,0.6240927296452942,2.4285032156870456,0.06323929658066092,38437.0,0.0,38175.0,0.0,0.0,0.990376906165518,0.9000000000000004,0.8913391925799796,0.7428280836546653,0.459148812674918,0.04531896025450392,0.06472692200056741,-0.1947567290325997,0.3724739606516514,0.21338912133891214,1.507230447988296,0.0,239
162,train,pact,3.0,0,0.502091316396975,0.12066408302190634,0.20110679118894254,0.05154051011326922,0.0,0.01525284184501448,1.5003198774289885,1.5286912209818053,0.7030103204140603,1009.4901110278014,0.6239432329662674,2.7363938315144143,0.060296769322102664,38675.0,0.0,38413.0,0.0,0.0,0.9903800884051303,0.9000000000000004,0.8913420593389407,0.7843125864547197,0.5019828806610799,0.043445900082588196,0.06232164990815439,-0.1920360184672279,0.3095937564912906,0.301255230125523,1.5286912139963795,0.0,239
163,train,pact,3.0,0,0.215627043554328,0.056250434285251394,0.09375072103187346,0.02396348424287022,0.0,0.015219703328378778,1.5734961072770122,1.5948520631969723,0.6173749531163332,1089.4510584875131,0.6660434681002565,5.3863134548753875,0.04791557452072502,38913.0,0.0,38651.0,0.0,0.0,0.9910892864151479,0.9000000000000004,0.8919803400418749,0.8929378094738456,0.39550854009044945,0.023221939485665644,0.046141175225875866,-0.19881016848201957,0.30155197483604856,0.3389121338912134,1.594852068501454,0.0,239
164,train,pact,3.0,0,0.004841264746033501,0.0012661015240444605,0.0021101690569849175,0.0,0.0,0.015118850897763813,1.5876053142747122,1.5878416955720431,0.43191216518190617,1231.8387864882975,0.47047409253140376,1.1018087464895208,0.0035802906702533674,39151.0,0.0,38889.0,0.0,0.0,0.9906941111117726,0.9000000000000004,0.8916246866082547,0.7157742676139942,0.17043547791976577,0.002557039064138838,0.0032954146152702705,-0.19595232245532557,0.26365767530193773,0.4351464435146444,1.5878416928743604,0.0,239
165,train,pact,3.0,0,0.00027498420791614755,9.611117063617727e-05,0.0001601852804106255,0.0,0.0,0.015991333384986452,1.6256520384026372,1.6253900662625684,-0.4766491756084761,1231.0158456459205,0.4695791006088257,1.0754023790359497,0.0012394683338787513,39389.0,0.0,39127.0,0.0,0.0,0.9909129324817258,0.9000000000000004,0.8918216186088498,0.5528260368530437,-0.49142702774296887,0.001029436586708566,0.001124579344897147,-0.1969332188885556,0.24520015430724948,0.4560669456066946,1.6253900615977663,0.0,239
166,train,pact,3.0,0,0.001747928173575944,0.000306524270747873,0.0005108737518582747,0.0,0.0,0.015184516322927619,1.5548148828570314,1.5544132415719611,-7.419316868402968,1045.977387879184,0.4695791006088257,1.0754023790359497,0.0014760902965185378,39627.0,0.0,39365.0,0.0,0.0,0.9895707289045326,0.9000000000000004,0.8906136414495971,0.38362814529282513,-0.11038820654798087,0.0011084937428511858,0.0013550686193388988,-0.18691887028217222,0.19941244547315945,0.4769874476987448,1.554413249613865,0.0,239
167,train,pact,3.0,0,0.3756273159996906,0.08776714239581097,0.14627855983908908,0.03594522670721908,0.0,0.015371380332919718,1.5925796944725963,1.5952361605157412,-15.016052910785296,1102.5543018803935,0.47684247642132027,1.1263743521778156,0.0440436056683877,39865.0,0.0,39603.0,0.0,0.0,0.9906305378949792,0.9000000000000004,0.8915674641541357,0.46370144092637094,0.502598244794794,0.0009485245022088665,0.04846702978835942,-0.1972473398676151,0.2750526721861183,0.39748953974895396,1.5952361750745558,0.0,239
168,train,pact,3.0,0,0.4554288604148302,0.1040050544629042,0.17334174901098096,0.028147584973020036,0.0,0.014992869486369848,1.55850942139845,1.5724688543934204,0.7774028690789035,930.3474389239834,0.6986997419321387,5.271342586772711,0.05020163631043299,40103.0,0.0,39841.0,0.0,0.0,0.9905034508166453,0.9000000000000004,0.8914530905719581,0.9946575415030545,0.6349250601076043,0.04360236221303542,0.048473707078780716,-0.20369011162649142,0.38057509124899846,0.30962343096234307,1.5724688567983736,0.0,239
169,train,pact,3.0,0,0.38597856810663256,0.08696608969438628,0.14494347307815159,0.0380372769164241,0.0,0.015430280510102356,1.5544676049982653,1.5703897014821424,0.6225134892443732,909.0921919435636,0.5184061501066056,6.243958351502359,0.044221229030006415,40341.0,0.0,40079.0,0.0,0.0,0.9901075572648308,0.9000000000000004,0.8910967872232572,0.5023143092775544,0.5447400097164773,0.011634511254070437,0.04858794987297161,-0.19084923785542104,0.25353868067301694,0.37656903765690375,1.5703896995343507,0.0,239
170,train,pact,3.0,0,0.0038738003089876893,0.0010708944898385605,0.001784823999655429,0.0,0.0,0.015396911424884736,1.5730396738611006,1.5912502525241803,0.4179113675610291,1095.8266312986239,0.8453960418701172,0.5258193612098694,0.03551081031225778,40579.0,0.0,40317.0,0.0,0.0,0.9909094040862686,0.9000000000000004,0.8918184485894367,14.646654076131158,-14.799193607780357,0.01854634170570611,0.031224441503186293,-0.1915268704969724,0.2297397548888691,0.4351464435146444,1.5912502496915035,0.0,239
171,train,pact,3.0,0,0.44414846890925763,0.12107773512112567,0.20179620891952607,0.07759604412890878,0.0003803727766459956,0.015401255518634449,1.4728060671475143,1.523304142961941,0.6520380771808545,1427.5399568310343,0.4659103877164392,5.0215999563867575,0.07675548709118465,40817.0,0.0,40555.0,0.0,0.0,0.9917801897894887,0.9000000000000004,0.8926021496621136,0.7314168333470841,0.4595283294736663,0.037219230701717045,0.07758723642038003,-0.1963796382307068,0.3739280097332265,0.28870292887029286,1.5233041366018412,0.0,239
172,train,pact,3.0,0,0.4797851214425007,0.11802858600947037,0.1967142989882457,0.05705591524994024,0.0,0.015757053889817397,1.5845027074654232,1.5820927597488819,0.6263339873637116,1179.310745303102,0.5401570780756084,3.717238515989551,0.05177668718695173,41055.0,0.0,40793.0,0.0,0.0,0.990550790621147,0.9000000000000004,0.8914956919318962,0.6155717251273248,0.5872844945578755,0.01420873874778171,0.055478616030185356,-0.19457709980763965,0.26647675005193033,0.39748953974895396,1.5820927549636383,0.0,239
173,train,pact,3.0,0,0.001494409176462552,0.00047941403532589233,0.0007990233480010208,0.0,0.0,0.015174181091454986,1.57141374170032,1.5882501183194595,0.4582554206688534,1198.5804328439624,0.8229894042015076,1.8795582056045532,0.03440738536410665,41293.0,0.0,41031.0,0.0,0.0,0.9913889646031367,0.9000000000000004,0.8922500373429334,0.4853166853658762,0.12838075232019064,0.032122121082947534,0.030122251984630186,-0.19499717049122248,0.2392652600967388,0.4393305439330544,1.5882501187738771,0.0,239
174,train,pact,3.0,0,0.4955261374568512,0.10789667471203852,0.17982777848215792,0.03556485405526899,0.0,0.01548443979361566,1.4540095384150868,1.474240550935019,0.5917388243156497,978.62620461436,0.6711553261619233,1.291599998414267,0.049302794058002516,41531.0,0.0,41269.0,0.0,0.0,0.9898134088416478,0.9000000000000004,0.8908320428437269,0.6552565527906037,0.5473441195518074,0.003302878418859715,0.051830501176044735,-0.19417570868098807,0.3898335262173951,0.27615062761506276,1.4742405525937579,0.0,239
175,train,pact,3.0,0,0.5003441035252276,0.11376126718179921,0.18960209977810324,0.04260174992443627,0.0,0.015360381684137439,1.5478112700095237,1.5803285782307261,0.7706995197419841,959.5806616619541,0.7256373470049025,2.6087578661022826,0.061607197860341564,41769.0,0.0,41507.0,0.0,0.0,0.9909603166779714,0.9000000000000004,0.8918642673532334,0.9161218566231053,0.4998381342671915,0.05310252686276248,0.061010184606233274,-0.18792968659984297,0.19270601501528234,0.4351464435146444,1.580328581231972,0.0,239
176,train,pact,3.0,0,0.49821823029872664,0.11684651828098094,0.19474419036001664,0.04279193693623882,0.0,0.015191290784767482,1.562824624352874,1.5886300792255161,0.6997486477616441,1035.9081701813382,0.6194662669338442,2.920919950661799,0.0665265160737458,42007.0,0.0,41745.0,0.0,0.0,0.9908684995882681,0.9000000000000004,0.8917816266355155,0.7854016860714667,0.4851601700857753,0.054500387758016584,0.06740138261427003,-0.19215595725165202,0.22125285616783882,0.4225941422594142,1.5886300795850794,0.0,239
177,train,pact,3.0,0,0.10291766645305227,0.030074608258097008,0.05012434375914769,0.011220996724013005,0.0,0.01591496286664361,1.5865510525064987,1.604803280600943,0.5148735750918608,1088.0874398842018,0.5313739532207346,5.498564374247356,0.03394527014570942,42245.0,0.0,41983.0,0.0,0.0,0.9906709094426622,0.9000000000000004,0.8916037903171204,0.8695172404799092,0.24262102956988896,0.01509567853829623,0.03240549958225293,-0.2057655793821736,0.3740467076174367,0.32217573221757323,1.6048032904967593,0.0,239
178,train,pact,3.0,0,0.2322390740961382,0.06369354760528005,0.10615590410405382,0.03993914067495817,0.0,0.015282277008089934,1.5839535536626392,1.6002311641701097,0.43439516711933346,957.5016824251438,0.5019235432958503,4.453503754847219,0.033227860004296256,42483.0,0.0,42221.0,0.0,0.0,0.9900936444434162,0.9000000000000004,0.8910842620179245,0.4566319265210143,0.49521484017256745,0.0018577345756291893,0.03633298628299134,-0.19193312088810202,0.21134158283628593,0.4435146443514644,1.60023115983712,0.0,239
179,train,pact,3.0,0,0.4836600335450891,0.09292125570953803,0.15486874954261884,0.018257892967268013,0.0,0.014680228825409168,1.4674532455879274,1.475617931976478,0.775685293155734,934.0963852375621,0.8016062867691327,2.262928378881271,0.04837524755877368,42721.0,0.0,42459.0,0.0,0.0,0.989301715685234,0.9000000000000004,0.8903715218958994,0.983195132599677,0.5564583445126702,0.03555469009158916,0.04743179920710093,-0.1915344995130913,0.37802308673847895,0.20920502092050208,1.4756179318371017,0.0,239
180,eval,pact,3.0,0,0.09350418227249328,0.019293141757828165,0.032155234590231216,0.0,0.0,0.008579899352355607,0.88368888454956,0.8605670466333254,0.5475260066686813,4109.598502570117,0.6031140790118302,6.455939685949222,0.01742070413069901,42959.0,0.0,42697.0,0.0,0.0,0.9962663191631748,0.9000000000000004,0.89663966704612,0.35551882546807273,0.3041507478616001,0.005329158062387189,0.01748308065156433,-0.10073970435326646,0.015312027063117602,0.9665271966527197,0.8605670460366065,0.0,239
181,eval,pact,3.0,0,0.15576161381352116,0.022850209859483068,0.038083681840712355,0.0,0.0,0.008480836894503447,0.8067618795518596,0.8256186179536157,0.1823117430925868,31689.949363804262,-0.005301007054060324,17.897352653567264,0.017852286950424002,43197.0,0.0,42935.0,0.0,0.0,0.9917275778419303,0.9000000000000004,0.89255479314836,0.7952522725565981,0.7250470839081518,0.01709982540810129,0.01726549723045316,-0.09367041340620871,0.001335351197364907,0.99581589958159,0.8256186154760738,0.0,239
182,eval,pact,3.0,0,0.5005976261530134,0.031564392445190194,0.05260731784682735,0.0011411183299379866,0.0,0.006057270017362913,0.5478609526007744,0.5721940988027899,-0.11852636573267282,22362.60973457113,0.14024603072409936,27.968807803038274,0.023995172172964055,43435.0,0.0,43173.0,0.0,0.0,0.980646870500373,0.9000000000000004,0.8825821686988097,0.9188084959886876,0.3969350608997587,0.037659499044012695,0.020655719117187433,-0.08460667846592024,0.15798688388379475,0.4476987447698745,0.5721940981608349,0.0,239
183,eval,pact,3.0,0,0.41162967206828666,0.07617102108384209,0.12695169470430775,0.0,0.0,0.008357501573661911,0.8185080969433406,0.8427794093118053,0.654303881538463,49844.92062058708,-0.06510358093360977,195.71310149875146,0.0325284493409066,43673.0,0.0,43411.0,0.0,0.0,0.9908531452821389,0.9000000000000004,0.8917678210525832,0.9385276612647657,0.6796531490823844,0.02266494966075792,0.031034498487182243,-0.10613835293008302,0.07501706282085521,0.7447698744769874,0.842779405839413,0.0,239
184,eval,pact,3.0,0,0.09350418227249328,0.00859789198099355,0.01432981916497365,0.0,0.0,0.008229192058949354,0.8016330170830922,0.8070934751542542,-0.957092607869264,115540.97483002092,-0.0741391685230182,313.74554647661154,0.010480306973431462,43911.0,0.0,43649.0,0.0,0.0,0.985199686248931,0.9000000000000004,0.8866797029722685,0.9150760749133192,0.6633047341548975,0.006541650848584654,0.007317357682954192,-0.09542745951404562,0.026054185584141965,0.8619246861924686,0.8070934746639281,0.0,239
185,eval,pact,3.0,0,0.3069478625608959,0.024949135720177828,0.04158189062822598,0.0,0.0,0.007333099316010665,0.727519078733532,0.728659306360588,-0.4651593948523495,147082.93535891737,0.13614013886801185,22.446194014289887,0.017308818183695143,44149.0,0.0,43887.0,0.0,0.0,0.9817505251912393,0.9000000000000004,0.8835754589056869,0.7795041124391572,0.4188510945545476,0.0047230038238373,0.016207918448268462,-0.09149229687239482,0.08383038072346362,0.702928870292887,0.7286593044622953,0.0,239
186,eval,pact,3.0,0,0.002028211354079294,0.0005748076557713194,0.0009580127226403587,0.0,0.0,0.009142337826754757,0.8747728393417024,0.886238029561781,-0.5283821155336611,141524.15943710774,0.14048300683498383,18.121122360229492,0.008717546068038401,44387.0,0.0,44125.0,0.0,0.0,0.9957766011669047,0.9000000000000004,0.8961989186298898,0.36318284035315956,-0.06506646273150718,0.007102122222026597,0.007112144029827859,-0.10525606623012118,0.06154485296299594,0.7824267782426778,0.8862380271361023,0.0,239
187,eval,pact,3.0,0,0.29470410188133966,0.016655606912779862,0.027759343030209563,0.0,0.0,0.007160933224570053,0.722152627911029,0.7181996794175902,-0.7874273485231319,237551.7265298117,0.10882921274322782,17.195312715474532,0.009097222848132908,44625.0,0.0,44363.0,0.0,0.0,0.9791505685910021,0.9000000000000004,0.8812354943991705,0.7449062749070907,0.528813243449685,0.0019521425230377312,0.008885501513245932,-0.08896679659491082,0.05605507581827352,0.694560669456067,0.7181996809127023,0.0,239
188,eval,pact,3.0,0,0.5020920332959219,0.05277420503874637,0.08795700407119443,0.0,0.0,0.0050551667760777045,0.5301480041388188,0.5158066360521516,0.6034144040306243,41054.04163670241,0.19685423685915798,33.34328174990091,0.013944056156874638,44863.0,0.0,44601.0,0.0,0.0,0.9830855360589765,0.9000000000000004,0.8847769588606128,0.9010377345786729,0.7357789445310066,nan,0.015141805161909048,-0.09487536117498489,0.40585774058577406,0.2175732217573222,0.5158066338622417,0.0,239
189,eval,pact,3.0,0,0.04457112279658256,0.010287134472617322,0.01714522381301333,0.0,0.0,0.008659692700352193,0.8872628384055453,0.8729551082874442,0.7536644633843809,221309.6433708159,0.1378950235827448,110.23061894372916,0.00833790903866182,45101.0,0.0,44839.0,0.0,0.0,0.9926866926408712,0.9000000000000004,0.8934179998341963,0.5362434313614911,0.45015852594360684,0.0028587318342437763,0.008134855580453812,-0.10001106956108,0.00697350069735007,0.9748953974895398,0.8729551073821722,0.0,239
190,train,pact,3.0,0,0.013958485612926312,0.003972804784550961,0.006621341081132171,0.0,0.0,0.015547390195256621,1.5751616525849539,1.5799222518709415,-3.259555132319239,3182.2283669954563,-0.07377104816576427,76.10573943638902,0.01560324026762691,45339.0,0.0,45077.0,0.0,0.0,0.9803825266441042,0.9000000000000004,0.8823442572579723,0.1948005223650736,0.15741604988239388,0.009651405558397528,0.01147932122280299,-0.19162477696830954,0.211668002017864,0.41841004184100417,1.579922254650643,0.0,239
191,train,pact,3.0,0,0.05794354536329254,0.017044268462196976,0.028407112249160073,0.0003803727766459956,0.0,0.015766139849474864,1.6053840954433425,1.6068360209465027,0.1784150188196466,1133.7299694875294,0.539238975418412,4.516525584783514,0.021674314682823936,45577.0,0.0,45315.0,0.0,0.0,0.9903507699028717,0.9000000000000004,0.8913156801686626,0.7475647116631836,0.21279336156067707,0.01014339316625619,0.020477554662724,-0.20722795176945777,0.39823140152526787,0.2594142259414226,1.6068360211450574,0.0,239
192,train,pact,3.0,0,0.15576158431569304,0.040776845734372465,0.06796140406476141,0.020159756912845946,0.0005705591649689933,0.015208899339653208,1.489405084354608,1.5106341581963096,0.3874955276518312,975.8786031172365,0.4033508704347871,7.813237430660296,0.04227269621065206,45815.0,0.0,45553.0,0.0,0.0,0.9906565549483359,0.9000000000000004,0.8915908778062924,0.7643465053219813,0.21628934032287706,0.015403000209675907,0.04017092304783542,-0.1935750258251963,0.3343125908780676,0.28451882845188287,1.510634156441824,0.0,239
193,train,pact,3.0,0,0.006565895839070679,0.0014355809560728627,0.002392634802460052,0.0,0.0,0.015966383824085963,1.6004959285009854,1.5998972222894805,0.14597296056914374,1215.3161383592933,0.32953191695103584,1.9036125019504435,0.003452799841070525,46053.0,0.0,45791.0,0.0,0.0,0.990541824735857,0.9000000000000004,0.8914876213632368,0.5206925175697211,0.12936349074082565,0.002258140888669735,0.0032099104110826396,-0.18873650964556718,0.1630018694916763,0.4811715481171548,1.599897236410885,0.0,239
194,train,pact,3.0,0,0.5000638237883528,0.11757813822413517,0.19596355260238021,0.04602510522599001,0.0,0.014758520120575588,1.5011008613777959,1.5203173454835326,0.4657591242288633,996.9163511906708,0.5130010700500162,1.6953495803238459,0.05695864021583026,46291.0,0.0,46029.0,0.0,0.0,0.9902995747502379,0.9000000000000004,0.891269597797713,0.6847610142936852,0.516204776894125,0.0008050205397012178,0.05926277696796879,-0.18895165422026325,0.2800973322650524,0.3514644351464435,1.5203173496281377,0.0,239
195,train,pact,3.0,0,0.5019461374421663,0.11764215589110985,0.196070248426097,0.04108025937898389,0.0,0.01624618689081472,1.6057195074887456,1.630475134280935,0.7479606058807053,1023.4563708445019,0.6862452114975103,3.2746707136162154,0.06505499210668471,46529.0,0.0,46267.0,0.0,0.0,0.9910262950294686,0.9000000000000004,0.8919236453008452,0.9153025283608538,0.4771765286309745,0.09522486571222544,0.06436951675892624,-0.2068103747489518,0.3369239443306923,0.32217573221757323,1.6304751427668236,0.0,239
196,train,pact,3.0,0,0.39917434158470244,0.09459647493853458,0.15766078212125412,0.058387219781157365,0.0,0.015978699016178252,1.55628356773983,1.594236784899085,0.6146488464028267,1289.7153846389579,0.6192955457640492,4.388024215917707,0.06674818491570994,46767.0,0.0,46505.0,0.0,0.0,0.9906228234578376,0.9000000000000004,0.8915605218340662,0.7557033035889643,0.41328562455410256,0.029683399646554465,0.06648300321593444,-0.19624492003964644,0.2527374699545981,0.401673640167364,1.594236778980902,0.0,239
197,train,pact,3.0,0,0.2531380826036473,0.06260447232219818,0.10434077974029175,0.03252187140566534,0.0,0.015941652060178533,1.6054932238167798,1.616443777682891,0.48988281171690967,1265.1855864584695,0.5997916562287877,4.8364812549686835,0.0371600280403331,47005.0,0.0,46743.0,0.0,0.0,0.9905176469471664,0.9000000000000004,0.891465859931882,0.4256578262254447,0.4605687655494679,0.006092130917734897,0.0397838268189878,-0.1953528814530014,0.223033324430992,0.4435146443514644,1.616443781842658,0.0,239
198,train,pact,3.0,0,0.5018883342007137,0.10869535913497427,0.18115891893967845,0.04754659633257399,0.0,0.015557714921098873,1.5168732092969088,1.5464325090831295,0.6574513086714007,1057.9644029689134,0.5841290172360931,2.6864826252769727,0.06829248912920825,47243.0,0.0,46981.0,0.0,0.0,0.9902140485691725,0.9000000000000004,0.8911926202694243,0.91778528218779,0.41143975407876776,0.10236640398701032,0.06806751688217519,-0.1842568716809624,0.20258761387578267,0.3723849372384937,1.5464324997017282,0.0,239
199,train,pact,3.0,0,0.11952208523755692,0.024804322004734276,0.0413405351619723,0.0009509319416149889,0.0,0.015327141142867226,1.5698072760673747,1.5814429062679722,0.5686277578814758,1031.9261007269058,0.5937738190385587,7.767511097955904,0.02770787863149483,47481.0,0.0,47219.0,0.0,0.0,0.9899188811310166,0.9000000000000004,0.8909269795756959,1.036943438916742,0.27719473795692007,0.013652166953535593,0.025912297526462135,-0.19949147542690615,0.3125315291254933,0.3514644351464435,1.5814429161326613,0.0,239
200,train,pact,3.0,0,0.005953148992843712,0.001167501487334334,0.0019458357466235717,0.0,0.0,0.015198539223553123,1.59188217423451,1.5919255322492272,0.3848287840393298,947.2035691009904,0.3252358780745183,1.5928614164496067,0.002851151292416643,47719.0,0.0,47457.0,0.0,0.0,0.989514799546996,0.9000000000000004,0.8905632992169847,0.4668651654154022,0.05977710796410951,0.0017884901208855722,0.0026594267653145,-0.19902941354742282,0.29674471052553486,0.3514644351464435,1.591925539621375,0.0,239
201,train,pact,3.0,0,0.07326333691171423,0.018146995862328038,0.030244992472525836,0.0,0.0,0.01520324131146572,1.5805148674354395,1.5879355135323114,0.18193300509685065,1081.4029893436193,0.46209271002763486,3.712634080623483,0.02220451488489846,47957.0,0.0,47695.0,0.0,0.0,0.9907596123767198,0.9000000000000004,0.8916836218853875,0.5860230932778941,0.20790746579956498,0.009973340942884707,0.021217665911474847,-0.19846525587742744,0.29107688655449715,0.37656903765690375,1.5879355038641967,0.0,239
202,train,pact,3.0,0,0.007910073110366154,0.0019776963145966752,0.0032961602219493446,0.0,0.0,0.01558117836004583,1.5792878020757413,1.5776146001895601,-0.45293594012329175,1008.9992244193744,0.49356070559892695,4.027836845010893,0.002723694305721925,48195.0,0.0,47933.0,0.0,0.0,0.9897250498189089,0.9000000000000004,0.8907525172792219,0.19753767641285802,0.13878510227512597,0.0010585728232048064,0.0026423346034370977,-0.19301480265608523,0.2589097599335292,0.401673640167364,1.5776145906054795,0.0,239
203,train,pact,3.0,0,0.5005976261530134,0.11920035155203722,0.19866724044461925,0.05096995132238795,0.0,0.01585423040776572,1.5867295659236829,1.602617795247912,0.40281038972252986,884.3733300883401,0.5522639455905021,1.4391142040117015,0.055662945026403225,48433.0,0.0,48171.0,0.0,0.0,0.990233929586211,0.9000000000000004,0.8912105151300151,0.719559150123114,0.537705519310445,0.00662343035865989,0.05749797848711827,-0.1966799059559557,0.2437757796967269,0.41841004184100417,1.602617802318015,0.0,239
204,train,pact,3.0,0,0.37911919344205136,0.08030178738009915,0.13383630269725083,0.02510460288454798,0.0,0.016144348489642767,1.5753815024467692,1.6051750297825707,0.6970660172745773,997.7786178269646,0.6693374985930312,3.8974306483647814,0.05439483093206915,48671.0,0.0,48409.0,0.0,0.0,0.9908472182361651,0.9000000000000004,0.8917624773340744,0.9199635250787461,0.4616079216207214,0.027429416219050855,0.0525418961747982,-0.19951043334224403,0.28407371138609455,0.38493723849372385,1.6051750309652164,0.0,239
205,train,pact,3.0,0,0.0488099870398625,0.01133691535672609,0.018894857901401056,0.0,0.0,0.015564091176293385,1.6051092883533016,1.6053177185637182,0.49702260908222595,1199.7480279770855,0.5743543484782075,5.903523809490842,0.01205707604109863,48909.0,0.0,48647.0,0.0,0.0,0.9901354140816373,0.9000000000000004,0.8911218545925668,0.22653672285444623,0.23175455766558783,0.00402108758756318,0.011973546575021806,-0.19271092740143814,0.20383394165998991,0.46443514644351463,1.6053177237911713,0.0,239
206,train,pact,3.0,0,0.02819466484402731,0.007396444291341319,0.012327406309980015,0.0,0.0,0.015590167008184488,1.5857209595676247,1.5861719559924872,0.15041430973716735,1045.8800559582571,0.40460168174370564,1.1671566863439073,0.014925898604141744,49147.0,0.0,48885.0,0.0,0.0,0.9903936014514588,0.9000000000000004,0.8913542099577613,0.20786890103895336,0.1901758829264677,0.010097546473689989,0.014111286448119948,-0.19034748361232998,0.20353719694946437,0.49372384937238495,1.5861719572367234,0.0,239
207,train,pact,3.0,0,0.001494409176462552,0.00039863279450389605,0.0006643879332308848,0.0,0.0,0.015456162389196362,1.6020013862075166,1.6049385120679145,-0.17011142844528107,1119.4417670980158,0.3068294823169708,1.402757167816162,0.006981439954052274,49385.0,0.0,49123.0,0.0,0.0,0.990501265645526,0.9000000000000004,0.891451118880236,0.2942996764780441,-0.024142696206171488,0.006363343693710004,0.006289593500407144,-0.19626425284675983,0.25205495712038933,0.41422594142259417,1.6049385053200795,0.0,239
208,train,pact,3.0,0,0.5010294404741651,0.12180788220980675,0.2030131216292316,0.05648535652140693,0.0,0.015097872447612145,1.4786845423187671,1.5135387902978075,0.5835918653678445,1128.147781946669,0.5752801426908462,2.8372683440292232,0.06655929857186942,49623.0,0.0,49361.0,0.0,0.0,0.9907014594417237,0.9000000000000004,0.8916312967384211,0.758758365319368,0.4850482443009628,0.051072193891741335,0.06795735932909981,-0.19391381016940168,0.33754710822279593,0.27615062761506276,1.5135387891414478,0.0,239
209,train,pact,3.0,0,0.0034414877965033177,0.0006503537203635579,0.0010839228189336507,0.0,0.0,0.015384427842656813,1.5924863920052181,1.5921543397664026,0.5509355746552536,1058.4050504931845,0.5598307251930237,9.364531517028809,0.01340626382997657,49861.0,0.0,49599.0,0.0,0.0,0.9902330749204468,0.9000000000000004,0.8912097487489549,0.24348201896474891,0.004010675535828123,0.01264416863167182,0.012018538874361632,-0.19101270085759675,0.21232084038102023,0.4560669456066946,1.5921543287819084,0.0,239
210,eval,pact,3.0,0,0.2405893336158956,0.04845871234619949,0.08076451470681845,0.02320273862723027,0.0,0.008653517054573137,0.7443388972322312,0.7908806359418765,0.5238330641052215,2850.119104872189,0.16831147181314404,18.292382177698062,0.03739583462127972,50099.0,0.0,49837.0,0.0,0.0,0.9956800304197367,0.9000000000000004,0.8961120065784853,0.794892061914529,0.3334030389439323,0.008945910489095038,0.03558578798703257,-0.10208801054365874,0.051277485978812425,0.8702928870292888,0.790880630722837,0.0,239
211,eval,pact,3.0,0,0.00595315217983492,0.0015348295610276036,0.0025580491590928324,0.0,0.0,0.008969998628166055,0.8944090736959769,0.8882268526314692,0.36996005656330155,34890.02495750523,0.21022080427433157,26.745324362272,0.0036582928993563833,50337.0,0.0,50075.0,0.0,0.0,0.9953648380654626,0.9000000000000004,0.8958283274991742,0.3256598702308419,0.2195096954790624,0.0021675793803296985,0.0031325316332304017,-0.10532269525049628,0.04780557286566366,0.8326359832635983,0.8882268530813235,0.0,239
212,eval,pact,3.0,0,0.5020268857079679,0.08939813540588855,0.1489968851162291,0.0,0.0,0.006497058269244358,0.7094858710237127,0.6931533161316955,0.3424768079399564,51358.15206589958,0.05550870402797932,49.703501019018965,0.02380252834877085,50575.0,0.0,50313.0,0.0,0.0,0.9803589735195727,0.9000000000000004,0.8823230581428216,0.9319506985738154,0.7434832858641744,0.009038083837367594,0.023097312589327974,-0.09830663563472922,0.24226238167304665,0.4811715481171548,0.6931533192238805,0.0,239
213,eval,pact,3.0,0,0.49487416027990566,0.03702018676553639,0.061700307059197476,0.0,0.0,0.0074353229437631296,0.6920474468414753,0.6888583661622083,0.6210054590612276,28460.323180896965,0.12581660909087214,71.65221049895347,0.01852869047689793,50813.0,0.0,50551.0,0.0,0.0,0.9845479781657582,0.9000000000000004,0.886093165086403,0.7753516711114561,0.5771010300316535,0.015285358914444524,0.017742739943592618,-0.08249530691867968,0.011543369239443307,0.9246861924686193,0.6888583630715767,0.0,239
214,eval,pact,3.0,0,0.3575846668143823,0.03946361607078536,0.06577269010635231,0.0,0.0,0.007554704917664932,0.7868015594063443,0.7713508486248958,0.5251366453689511,64207.729827242416,0.15850350979733122,64.87282383092777,0.015944730504571798,51051.0,0.0,50789.0,0.0,0.0,0.9856316594399169,0.9000000000000004,0.8870684697787632,0.6935609596950111,0.6576019575929538,0.004568305419838076,0.01730766923022632,-0.09192402417574141,0.007240570936823052,0.8158995815899581,0.7713508480433372,0.0,239
215,eval,pact,3.0,0,0.31501783161268476,0.05769623130298474,0.09616038002736577,0.0001901863883229978,0.0,0.008987567339786114,0.8441582767285064,0.8883632965167696,0.6277030791198858,45358.9029525693,0.12778566957735865,103.28919262467069,0.03880435349146941,51289.0,0.0,51027.0,0.0,0.0,0.991856722527468,0.9000000000000004,0.892671022080976,0.979051829121319,0.5046734700217561,0.021115334695563294,0.035253767857413784,-0.11507045047583431,0.06914151755244963,0.6234309623430963,0.8883633022136204,0.0,239
216,eval,pact,3.0,0,0.0038738003089876893,0.0008456803068793116,0.0014094671153630984,0.0,0.0,0.009102004541232247,0.8857805681527908,0.8867750861155936,-0.8921028921793694,273701.54801908997,0.02453753538429737,170.21099853515625,0.006217934685626757,51527.0,0.0,51265.0,0.0,0.0,0.9927283739320404,0.9000000000000004,0.8934555152844186,1.7127197928348568,-3.104256710491036,0.002758354606285308,0.0034846403289227803,-0.1097117314958353,0.08982462387607941,0.6820083682008368,0.8867750892551514,0.0,239
217,eval,pact,3.0,0,0.4367288618482977,0.0692441805834708,0.11540696051407817,0.0030429822131679647,0.0,0.008068467463097811,0.8446852879045399,0.8272759847062402,-0.3439054376675619,261545.35267390168,0.037629407491519364,90.42474015686801,0.02910516302931321,51765.0,0.0,51503.0,0.0,0.0,0.9807485593288015,0.9000000000000004,0.8826736815304935,0.6814499367288802,0.5872618325024086,0.0012626348590642651,0.03057753167721096,-0.09965566729740695,0.015608771773643136,0.9372384937238494,0.8272759860181514,0.0,239
218,eval,pact,3.0,0,0.0488099870398625,0.009055469822566947,0.015092448840184706,0.0,0.0,0.009044994085746579,0.8475424929143993,0.8785014516638912,0.35946743188729846,117175.99993462343,0.18007475526995614,30.258974721740977,0.016880366797305674,52003.0,0.0,51741.0,0.0,0.0,0.9925152361392975,0.9000000000000004,0.8932636986217738,0.9731600504197299,0.5825239824565137,0.014788258757986379,0.014725043982945414,-0.09810971165833353,0.001632095907890442,0.9874476987447699,0.8785014500457683,0.0,239
219,eval,pact,3.0,0,0.42329975400295616,0.0923701983799284,0.153950321673117,0.0015214911065839823,0.0,0.007420568687989373,0.7642168479983278,0.7608135802725867,0.6826194344345621,66763.77531707636,0.10757397679284714,135.96309784765523,0.03102495748779608,52241.0,0.0,51979.0,0.0,0.0,0.9858628892998317,0.9000000000000004,0.8872765939854179,0.9517843037696099,0.688434870457278,0.006540030792789304,0.030119014952612346,-0.11666209534933965,0.32825899878334663,0.39748953974895396,0.7608135761023544,0.0,239
220,train,pact,3.0,0,0.17120400338753217,0.03615888468522072,0.06026480449573039,0.0017116774949069802,0.0,0.014966054811730793,1.5542775951170023,1.5578035944176518,0.3810164191483454,2818.8535227755624,0.1567099500276055,192.66872287819075,0.032055676677537046,52479.0,0.0,52217.0,0.0,0.0,0.9843129286207415,0.9000000000000004,0.8858816219672997,0.3796503489616348,0.37384964506097695,0.012986462953560752,0.031520273297767944,-0.19129810282014112,0.24318229027567587,0.4560669456066946,1.5578035970162347,0.0,239
221,train,pact,3.0,0,0.29470410188133966,0.07356515461937892,0.12260858378026397,0.029859262343231104,0.0,0.015980019189308255,1.570202452867101,1.590564485374355,0.40251378266133025,1270.4901409069364,0.47232536887399323,1.1587624859111578,0.055012416030245224,52717.0,0.0,52455.0,0.0,0.0,0.990821089954057,0.9000000000000004,0.8917389574410027,0.47382953241840214,0.4861824999125193,0.03371368751032364,0.05675224832524097,-0.18558325709437717,0.15157719813644321,0.502092050209205,1.590564489417314,0.0,239
222,train,pact,3.0,0,0.4367288415779668,0.0821210601876967,0.13686842703059313,0.01597565655678386,0.0,0.013449420955686764,1.3538877220832155,1.3674946128075094,0.7418867481802298,950.3053897873627,0.7651905357588286,3.6047914387291944,0.044592733972288946,52955.0,0.0,52693.0,0.0,0.0,0.9900400743324886,0.9000000000000004,0.8910360483444885,1.0219363287830157,0.5602322477579436,0.026611383052488023,0.043221894610735535,-0.2032971195340508,0.560847502893261,0.14225941422594143,1.3674946124953684,0.0,239
223,train,pact,3.0,0,0.02819465429997744,0.007336092916893028,0.012226820921500518,0.0,0.0,0.015327772638024022,1.579387511668345,1.5817147553216464,0.5188916606134949,981.9659679205348,0.2719897216528841,3.5056825063218633,0.011511718073497414,53193.0,0.0,52931.0,0.0,0.0,0.9907151061620673,0.9000000000000004,0.8916435683122739,0.7315758803210618,0.1666755915170437,0.006097038665622541,0.010748661163157812,-0.2050046213864153,0.3788836463990029,0.25523012552301255,1.5817147559991127,0.0,239
224,train,pact,3.0,0,0.05101152724064263,0.01124465047063929,0.01874108344520331,0.0,0.0,0.01510940477150691,1.5808795663103399,1.5834962857817008,0.17498493357269274,1009.0621743940409,0.28351309240861916,3.2736562106399854,0.009313559938422731,53431.0,0.0,53169.0,0.0,0.0,0.9898081895696568,0.9000000000000004,0.890827346047597,0.24728795082304716,0.24685533923638936,0.0010252710750435366,0.009509272966969238,-0.18522685160262362,0.14715570194961275,0.5439330543933054,1.5834962873408567,0.0,239
225,train,pact,3.0,0,0.07057711293792525,0.01381673014977697,0.023027882625249744,0.0,0.0,0.015403321427858151,1.573430432435359,1.5787836158624753,0.38045301347596877,823.6261532835382,0.6802971479034823,2.601890195363735,0.01727497203920473,53669.0,0.0,53407.0,0.0,0.0,0.989952543539981,0.9000000000000004,0.8909572652194291,0.9494831017814593,0.3426971966274076,0.010350839476329797,0.015955156917736385,-0.19817235273193212,0.3160924656517997,0.3054393305439331,1.5787836216297808,0.0,239
226,train,pact,3.0,0,0.00020369909520827966,4.6857869370743556e-05,7.80964466806737e-05,0.0,0.0,0.015697281758951718,1.6002284383175263,1.5997848765121843,-0.4418417081045899,808.22847885068,0.7024552822113037,2.9025516510009766,0.0012290519605500688,53907.0,0.0,53645.0,0.0,0.0,0.989287886160687,0.9000000000000004,0.890359078740475,2.3039388026948706,-1.2702897839387148,0.001047160887490305,0.0011041547912549253,-0.19607254834697196,0.2488797887177661,0.34309623430962344,1.599784872308754,0.0,239
227,train,pact,3.0,0,0.1751345835546242,0.0376851608618769,0.0628085975104456,0.007227082756273916,0.0,0.014936341722905012,1.5608347916204062,1.5629621175542536,-2.9272046336382003,733.206256435506,0.6270529528355,2.3326007793638,0.02324652303980249,54145.0,0.0,53883.0,0.0,0.0,0.9895825393529117,0.9000000000000004,0.8906242690325781,0.3696280539618517,0.3959989832133447,0.0007553812792587227,0.024755679676197347,-0.18640712321563419,0.17760170924953264,0.5062761506276151,1.562962126370194,0.0,239
228,train,pact,3.0,0,0.007217873016016257,0.0016671391249207875,0.002778565023009418,0.0,0.0,0.016285933509359925,1.5837367079746774,1.6001973538717964,0.2698437775403386,1137.522656045698,0.6634946248521366,8.203816791458609,0.022554478998111843,54383.0,0.0,54121.0,0.0,0.0,0.9908709922595004,0.9000000000000004,0.8917838646777005,6.237164774597526,-5.049278586540902,0.012811110394697888,0.01992190949800015,-0.1887484455437164,0.16184456512062673,0.49372384937238495,1.6001973518484778,0.0,239
229,train,pact,3.0,0,0.4417291690690918,0.097292535214106,0.16215421408000202,0.05116013746131913,0.0,0.014526907321470927,1.4775235937230258,1.4960346730683138,0.35969162082312256,1211.6724919913702,0.5564497084236045,3.8902252757898435,0.04183489322048859,54621.0,0.0,54359.0,0.0,0.0,0.9904021139424216,0.9000000000000004,0.8913618812501181,0.5502913486252358,0.5750110180661931,0.0015822104399955026,0.046427233434583264,-0.19214264093328104,0.3308406777649188,0.3305439330543933,1.4960346744913404,0.0,239
230,train,pact,3.0,0,0.27401919350725557,0.059951731056000775,0.09991954557809096,0.02320273868957823,0.0,0.015496628621990586,1.5287433867673994,1.547996731732181,0.5214522052010732,1141.1022320990783,0.660740015397012,1.0576661463561916,0.061548557160733944,54859.0,0.0,54597.0,0.0,0.0,0.9906615540073507,0.9000000000000004,0.8915953745901835,0.46936155688401376,0.46319827702250416,0.053980612061231545,0.060706094908820285,-0.19075166555673584,0.25638742989406216,0.42677824267782427,1.5479967352056434,0.0,239
231,train,pact,3.0,0,0.17513455355801244,0.03955589862080426,0.06592649347187803,0.0108406238226711,0.0,0.015634628930460335,1.5662259379690162,1.5839788547120832,0.607583614946908,1007.0396593165697,0.6657791392074968,7.282582374297426,0.03861277252162912,55097.0,0.0,54835.0,0.0,0.0,0.9904653210520246,0.9000000000000004,0.891418763284404,1.2867381510853675,0.3341453275891312,0.019000412951952414,0.03500623749442414,-0.1935315450694913,0.2516395145256536,0.3682008368200837,1.583978848275019,0.0,239
232,train,pact,3.0,0,0.005378617951415077,0.0009323653628819263,0.0015539422205178785,0.0,0.0,0.015528686514132068,1.602089291087753,1.6021218225048177,0.3945539538830394,1078.9065155923117,0.36434001852777714,1.3353937744595517,0.0028807584469527628,55335.0,0.0,55073.0,0.0,0.0,0.9901353280414598,0.9000000000000004,0.8911217732908336,0.7695675440488743,0.06593231381057585,0.002039293787606012,0.00264763688626536,-0.2014119588005171,0.31288762277812393,0.35564853556485354,1.6021218291210597,0.0,239
233,train,pact,3.0,0,0.34251428529070727,0.07358557470980337,0.1226426153689127,0.02719665296905709,0.0,0.015160332472846847,1.5532805657785806,1.5615732200973702,0.2156935485516929,964.0838030571718,0.4384112211419698,1.1778169349147685,0.03685633568480724,55573.0,0.0,55311.0,0.0,0.0,0.9896313046810518,0.9000000000000004,0.8906681590000456,0.46273657318076133,0.5042473580573573,0.0008337015553723214,0.040503942507674,-0.18587375602367273,0.18353660346004333,0.45188284518828453,1.5615732119541235,0.0,239
234,train,pact,3.0,0,0.00036113544281525344,0.00011268619116997029,0.00018781030966881292,0.0,0.0,0.015709485938562136,1.5873066605883164,1.6046009747054288,0.29634371555749345,1044.7744424093717,0.7963142395019531,0.6886225342750549,0.032952083399661554,55811.0,0.0,55549.0,0.0,0.0,0.9905763405636264,0.9000000000000004,0.8915186793734339,1.0945568386815456,-0.2537918266910124,0.029557284203116995,0.028331705105294196,-0.1935081600042945,0.22430932668625178,0.42677824267782427,1.6046009762107176,0.0,239
235,train,pact,3.0,0,0.4532820635336884,0.09996818909301997,0.16661363663646717,0.042982122950474086,0.0,0.014486925818696306,1.521384119738096,1.527876415512053,0.4448715671585195,995.1700199398535,0.6106431898836312,1.0377436631893013,0.042703121315802846,56049.0,0.0,55787.0,0.0,0.0,0.9902230753060665,0.9000000000000004,0.8912007459536756,0.5636532016447615,0.5781746215506154,0.0018751274987093372,0.04696869671383237,-0.18595018543999106,0.21695005786521857,0.42677824267782427,1.527876417569781,0.0,239
236,train,pact,3.0,0,0.05794354536329254,0.013743815021119963,0.02290635699501615,0.0,0.0,0.015209856051484037,1.5631754612822912,1.5690790507085153,0.6061762466590275,950.2299276056649,0.5343817482433558,8.274325058550017,0.033494561258411215,56287.0,0.0,56025.0,0.0,0.0,0.9905465604371106,0.9000000000000004,0.8914918869609114,2.1611878675009106,-0.4453274981729731,0.01670425386173415,0.028533189083063765,-0.19846796055773921,0.3342235674649099,0.32217573221757323,1.5690790436385729,0.0,239
237,train,pact,3.0,0,0.42329977726598883,0.08863468019283204,0.1477244580367076,0.03138075332511918,0.0,0.014292069613372432,1.4562373976827168,1.4641774194509913,0.5734957094970607,855.2337541779714,0.5482909045957621,4.351362421173431,0.03889924740865944,56525.0,0.0,56263.0,0.0,0.0,0.9898483820540137,0.9000000000000004,0.8908635215779229,0.5385450095393626,0.5688761566090142,0.0020105518139133306,0.04364185910066736,-0.19383080749948886,0.38870589631739816,0.28451882845188287,1.464177415659602,0.0,239
238,train,pact,3.0,0,0.000463527011177035,0.0001826003161676678,0.000304333843205808,0.0,0.0,0.01508577205786271,1.5576403951545141,1.567293134942713,0.3976472176019118,963.486290329171,0.825186550617218,0.658423662185669,0.033006746790500426,56763.0,0.0,56501.0,0.0,0.0,0.9898980449433107,0.9000000000000004,0.8909082263084636,44.611723601575655,-50.96925676970156,0.02211344588649488,0.028967852332818254,-0.19390359372616253,0.2639247455414107,0.39330543933054396,1.5672931317818104,0.0,239
239,train,pact,3.0,0,0.4955261337087284,0.10525012529647923,0.1754168649139155,0.029288703115914156,0.0,0.013425349033823447,1.355027962678646,1.3776181981154565,0.6287509044593348,1137.685340530204,0.6015126154948977,3.4697500806473287,0.06401766504640359,57001.0,0.0,56739.0,0.0,0.0,0.9898580125685017,0.9000000000000004,0.8908721904375563,0.720402843084454,0.45592687367232065,0.04806043803691864,0.06465290742439206,-0.2041641964046771,0.5616783880827325,0.14225941422594143,1.3776181964157543,0.0,239
240,eval,pact,3.0,0,0.33866769455229107,0.03731942979527455,0.06219904722750482,0.0,0.0,0.006442291909540423,0.6774691389444981,0.6517789291537457,0.5755898164405983,2484.954174855763,0.4248161195586416,7.864516603398024,0.014707325933360842,57239.0,0.0,56977.0,0.0,0.0,0.9923910695638617,0.9000000000000004,0.8931519389152527,0.6679262374802797,0.6688458675176427,0.005142248812967873,0.016954480131180123,-0.08619199342426721,0.12110151636547077,0.6736401673640168,0.6517789318568431,0.0,239
241,eval,pact,3.0,0,0.004340025042008344,0.00028857358176469174,0.0004809559480742323,0.0,0.0,0.007784040673990504,0.7566058722998806,0.7593085331896857,0.5865714825596271,28324.84748055047,0.15435733755263326,12.947041742971253,0.007393549120922624,57477.0,0.0,57215.0,0.0,0.0,0.99273327529181,0.9000000000000004,0.8934599221002107,2.137160645079242,-2.0735981410085995,0.0062052953508442065,0.0063317772770635624,-0.09450967657784462,0.07522478411822307,0.7782426778242678,0.7593085290746846,0.0,239
242,eval,pact,3.0,0,0.12646474479892483,0.009981576258313104,0.016635959789481562,0.0,0.0,0.007556252376367358,0.7401295847972567,0.7332592566641803,0.3371173374697753,169900.0351889383,0.10682349659550881,63.38047246254638,0.006863776780957177,57715.0,0.0,57453.0,0.0,0.0,0.9857559147988403,0.9000000000000004,0.8871803035546546,0.6836624067914074,0.4744955666044487,0.0019267150146936047,0.006575663359231748,-0.08505790617591687,0.002195910857888958,0.9748953974895398,0.7332592596346871,0.0,239
243,eval,pact,3.0,0,0.00027498420791614755,7.466239296423493e-05,0.00012443731722829154,0.0,0.0,0.008174303675530221,0.7850002651434065,0.7874391497927231,-3.4717526016873794,404833.87944560667,0.10348265618085861,20.857898712158203,0.005546276546745838,57953.0,0.0,57691.0,0.0,0.0,0.9949420464836902,0.9000000000000004,0.8954478299019227,0.7571331180481953,-0.3212148022103041,0.0036843650502571632,0.0036259575179002587,-0.09728724350042249,0.07952758242084335,0.7405857740585774,0.7874391500357589,0.0,239
244,eval,pact,3.0,0,0.4595581971330663,0.0310260175287432,0.051710027074359725,0.0,0.0,0.006333105964586139,0.6089822777769057,0.6056865630788284,0.12494998517403355,89662.35470057532,0.19756657368538583,68.50377967866395,0.011593709216612902,58191.0,0.0,57929.0,0.0,0.0,0.9797013368317273,0.9000000000000004,0.8817311783465381,0.7853876237766007,0.6563082925158061,0.0034424500973445587,0.011997015959248103,-0.08037308518388656,0.0741861776313837,0.7489539748953975,0.6056865630784386,0.0,239
245,eval,pact,3.0,0,0.22391452780090834,0.029789062787386078,0.04964843554708183,0.0,0.0,0.0067927872968611604,0.7097390850218769,0.6886924060069367,0.3727325247795512,302765.80857740587,0.17003346782381779,101.32857304337634,0.006894505820938515,58429.0,0.0,58167.0,0.0,0.0,0.9861544333242472,0.9000000000000004,0.8875389688932745,0.7753866235339718,0.8256749716129741,0.0023966027887552858,0.008877138275493357,-0.08559491125282681,0.0848096382681979,0.799163179916318,0.6886924064327387,0.0,239
246,eval,pact,3.0,0,0.4417291690690918,0.05314295159560708,0.08857158070764914,0.0,0.0,0.006665234412086122,0.6783266238338279,0.6599272126682633,0.2817888055871062,30760.340877517,0.13397541688949993,23.82926847146645,0.016527567756319396,58667.0,0.0,58405.0,0.0,0.0,0.9868466736881304,0.9000000000000004,0.8881619904330584,0.8230852809096743,0.801730121441928,0.014797268430067395,0.017240533111305228,-0.09080018154842401,0.20858185702839846,0.6276150627615062,0.6599272117974017,0.0,239
247,eval,pact,3.0,0,0.2531380826036473,0.030945027721667673,0.051575043740253415,0.0,0.0,0.007255968607564663,0.7458282896165569,0.7276580122973629,0.6213293182800006,61944.615136310145,0.13661266981417539,31.937368273236263,0.019889119206382172,58905.0,0.0,58643.0,0.0,0.0,0.9868720941962558,0.9000000000000004,0.8881848644013185,0.5998704466267603,0.5184085725066201,0.007986310265856568,0.01935470125259964,-0.08564852543650231,0.00688447728419241,0.9748953974895398,0.727658011594313,0.0,239
248,eval,pact,3.0,0,0.40235948536471244,0.044130017102597244,0.07355002477241701,0.0,0.0,0.006602527059334093,0.6725541652495891,0.6545537886011051,0.7186074493819201,41521.0407050863,0.15134014582035432,43.31565410023454,0.0164700338824469,59143.0,0.0,58881.0,0.0,0.0,0.9863661782013322,0.9000000000000004,0.8877295365393412,0.8243956744752772,0.6501478317850066,0.0027656630511046386,0.01798463275823664,-0.09465707773895342,0.15261580462328256,0.3891213389121339,0.6545537880824639,0.0,239
249,eval,pact,3.0,0,0.018431992074788867,0.003726063079122628,0.006210104697632358,0.0,0.0,0.008082351107617926,0.7905682796713698,0.784966129887553,0.4748327021319497,216095.71817795502,0.06807406913785256,68.50577576290115,0.006445574768522762,59381.0,0.0,59119.0,0.0,0.0,0.9943803284457537,0.9000000000000004,0.8949422780190551,0.5946172953885753,-0.014929289503701648,0.0029198220076885224,0.005827861607647559,-0.10257046941020166,0.12285231015757142,0.5606694560669456,0.784966136178871,0.0,239
250,train,pact,3.0,0,0.01200688445204372,0.002242629903030244,0.003737716198267822,0.0,0.0,0.01473182899230569,1.5275725659964972,1.5284022436979925,-1.4406717035327121,5622.557676179638,0.24440591732453104,11.118090960769972,0.005716676245584537,59619.0,0.0,59357.0,0.0,0.0,0.9748952865101802,0.9000000000000004,0.8774057390425495,1.1947338466594297,-0.4912583824019576,0.0025038650884459572,0.004455191340285527,-0.18807344414764984,0.24629810973619395,0.4100418410041841,1.528402245700453,0.0,239
251,train,pact,3.0,0,0.4554288766948919,0.10765982018703318,0.17943301994700464,0.060479269990362385,0.0,0.014600340820552789,1.484081450117183,1.4979349195209009,-1.2359268559478067,928.2316547218227,0.45888094734946056,4.419054723933152,0.042310872261383706,59857.0,0.0,59595.0,0.0,0.0,0.9900429181474023,0.9000000000000004,0.8910386058575938,0.5864470993175815,0.6091260714100233,0.0008218333901822916,0.04736904999183756,-0.18574001079877864,0.2731831805098074,0.36401673640167365,1.4979349185259365,0.0,239
252,train,pact,3.0,0,6.514758795400435e-05,2.187808510890254e-05,3.646347251263833e-05,0.0,0.0,0.01562591196548303,1.5670233550929624,1.5768868100194253,0.5173399449641735,1031.6305909735388,0.7965856790542603,1.0624200105667114,0.03499560379281944,60095.0,0.0,59833.0,0.0,0.0,0.9908223773146274,0.9000000000000004,0.8917401176117454,187.44336199291,-210.01911148414175,0.02771522881375234,0.03109851518059422,-0.19353760760706384,0.25009644203092074,0.401673640167364,1.5768868077155687,0.0,239
253,train,pact,3.0,0,0.4554288766948919,0.10002711068392048,0.16671184121758217,0.03860783608139309,0.0,0.01474139308284142,1.5264036204026832,1.5394814824958227,0.5611561565469,888.815281824088,0.6675243849036085,0.9869078532422437,0.04208685138818582,60333.0,0.0,60071.0,0.0,0.0,0.9900122519317531,0.9000000000000004,0.8910110086576709,0.5740546143777521,0.5851558205607428,0.0021057083683748107,0.04611541024517856,-0.18400550047006936,0.19187512982581084,0.4309623430962343,1.539481483681926,0.0,239
254,train,pact,3.0,0,0.12999683991421615,0.024220235754651622,0.040367056382683016,0.0020920502715529757,0.0,0.014942092696306097,1.5574313429609004,1.564322860919282,0.6720528193597515,813.3479116272229,0.596424526250512,6.837726820961701,0.03109100234653863,60571.0,0.0,60309.0,0.0,0.0,0.9897217585950716,0.9000000000000004,0.890749559242855,1.4683688025215047,0.23352917811429952,0.017820164058357478,0.027569902299953992,-0.19109175638424022,0.23048161666518288,0.4309623430962343,1.5643228606712032,0.0,239
255,train,pact,3.0,0,0.07326335892778778,0.016833457481107532,0.028055761294952346,0.0,0.0,0.015263210191044598,1.5778621260591132,1.5759911517219065,0.49227623946995913,776.6577015641344,0.5109028025651078,7.1131490344282975,0.01347992867528496,60809.0,0.0,60547.0,0.0,0.0,0.9890511781600728,0.9000000000000004,0.8901460345320124,0.2620129340357379,0.2755080803278932,0.001633330278309586,0.01382375316915154,-0.1929993368257205,0.23327101694412297,0.4351464435146444,1.5759911572851961,0.0,239
256,train,pact,3.0,0,0.07326335892778778,0.018358535640701314,0.030597557719671712,0.0013313047182609845,0.0,0.015707140936512327,1.57091841114116,1.5815556408471143,0.12825842035658086,985.8120801598457,0.5144819588591364,1.0632875885923536,0.025260991115847828,61047.0,0.0,60785.0,0.0,0.0,0.9903866070084991,0.9000000000000004,0.8913479242863516,0.28043898805148604,0.28694890397760364,0.015489633878349281,0.024510793218868454,-0.18912049353097068,0.1970681622600077,0.4560669456066946,1.5815556323390703,0.0,239
257,train,pact,3.0,0,0.4918546168378746,0.10640447995566438,0.17734078749344917,0.03860783626843696,0.0,0.01505380499500111,1.5040807831237506,1.519031734396723,0.7271868367075421,938.6079247127517,0.6824529651069242,2.290681976902934,0.057746364627906346,61285.0,0.0,61023.0,0.0,0.0,0.9902120646572512,0.9000000000000004,0.8911908378660929,0.8256755072797609,0.5224606222109174,0.04232397861778736,0.058071909193728885,-0.18252571717837313,0.19932342206000178,0.3807531380753138,1.5190317249616307,0.0,239
258,train,pact,3.0,0,0.5018170490880057,0.11280579805329638,0.18800965049917198,0.04564473251169197,0.0,0.015027524954074346,1.5951153351672025,1.5999770997458422,0.6957296120571791,881.7055602771967,0.6288460172619281,2.8675161807108127,0.06405349932883761,61523.0,0.0,61261.0,0.0,0.0,0.9909646411321154,0.9000000000000004,0.8918681496356821,0.7873269270266912,0.4554076071508806,0.056050616037100556,0.0651016911534616,-0.19296972845279922,0.22475444375204015,0.47280334728033474,1.599977099301735,0.0,239
259,train,pact,3.0,0,0.46716103549544,0.10469702754007014,0.1744950353764336,0.04146063159449829,0.0,0.015852868962238024,1.5885836718970263,1.5855218880346131,0.6236055927296563,951.8956896410826,0.6214529653722771,3.6988204056747787,0.0512609973785596,61761.0,0.0,61499.0,0.0,0.0,0.99022071506189,0.9000000000000004,0.8911986256244292,0.5937083656727534,0.5789359470815632,0.028376255089555075,0.054375292198483104,-0.20055593142575734,0.3088815691860292,0.3723849372384937,1.5855218876889872,0.0,239
260,train,pact,3.0,0,0.17513455355801244,0.03907570205609997,0.06512616537970434,0.009509319353801934,0.0,0.015871614589897533,1.5543636801851344,1.572173633834807,0.6642712217494534,944.9699949639612,0.7599954378155984,4.710044056551227,0.037681082544154705,61999.0,0.0,61737.0,0.0,0.0,0.9904004941425563,0.9000000000000004,0.8913604257994616,1.2852356340443796,0.34704882140221505,0.01883031269096756,0.033958065463814524,-0.19903738727220524,0.3148461378675924,0.29707112970711297,1.5721736369276558,0.0,239
261,train,pact,3.0,0,0.4900851427265331,0.11156784306872376,0.1859463940309374,0.04050969971523125,0.0,0.01487133183777644,1.5317785181261008,1.5481832920258016,0.6814553930919041,869.8704984656937,0.6041649697215986,3.871944370130116,0.06650236331191398,62237.0,0.0,61975.0,0.0,0.0,0.9904228438892125,0.9000000000000004,0.8913805337630555,0.7751168917828978,0.47539476452620155,0.046039733532312756,0.0664940812161278,-0.20034948819855172,0.35858630819905635,0.29707112970711297,1.5481832966432576,0.0,239
262,train,pact,3.0,0,0.49008514884387816,0.11316906249490503,0.18861509114199426,0.03765690407743015,0.0,0.014184692270555008,1.3918497826763776,1.4052393381565684,0.6537923376430528,1053.494503005279,0.5609635243106587,3.7021365320333377,0.050416695021256556,62475.0,0.0,62213.0,0.0,0.0,0.9908820181212166,0.9000000000000004,0.8917937934648043,0.6956335223125403,0.5926751428626864,0.024942836673879944,0.05279534490521857,-0.19941931700559234,0.4946140835039615,0.16736401673640167,1.4052393385195268,0.0,239
263,train,pact,3.0,0,0.2322390740961382,0.05084040138458914,0.08473399509042884,0.018448079417938967,0.0,0.014689856156254788,1.5138217253166262,1.5244182358227016,0.564526693342121,1070.6974944429917,0.5267373902029572,3.141631937924788,0.05383538032461067,62713.0,0.0,62451.0,0.0,0.0,0.9896884737653213,0.9000000000000004,0.8907196075347676,0.45561616816780454,0.43687675072439147,0.04333051790167848,0.05328940665037624,-0.18380880432112806,0.20398231401525269,0.46443514644351463,1.5244182328602984,0.0,239
264,train,pact,3.0,0,0.38597856810663256,0.08365677334612384,0.1394279474099912,0.031380753574511,0.0,0.014521740828971983,1.4839961010043092,1.497691035021299,0.46630975890857906,1129.517021147277,0.5582137667110275,1.0225829038161114,0.0607918955709115,62951.0,0.0,62689.0,0.0,0.0,0.9907084800708243,0.9000000000000004,0.8916376113392818,0.5500506076079886,0.5378582152248287,0.05504184681922197,0.06261156208883333,-0.18766725685248767,0.2899492566545001,0.3598326359832636,1.4976910379605715,0.0,239
265,train,pact,3.0,0,0.003041941807975517,0.0006022814138826308,0.0010038022480166621,0.0,0.0,0.015341941343238538,1.5591812465480182,1.574500206624115,0.3383040010430324,1196.5131899781807,0.6596317887306213,1.0511199235916138,0.03424379122238918,63189.0,0.0,62927.0,0.0,0.0,0.9894894281690589,0.9000000000000004,0.8905404636550648,0.6041027180839063,0.013065138753930783,0.03193618544793463,0.029448151015131013,-0.19343195169660407,0.24517047983619691,0.401673640167364,1.5745001993514087,0.0,239
266,train,pact,3.0,0,0.008643440734246789,0.0017792917258466865,0.00296548601199978,0.0,0.0,0.01538605369806726,1.564032711493919,1.5641577912175006,0.19384004224421045,900.7103031429785,0.398378690478692,1.2464553357168222,0.0037910295811712656,63427.0,0.0,63165.0,0.0,0.0,0.9898630779657404,0.9000000000000004,0.8908767488212266,0.5525992848040567,0.1610735518514631,0.0023895989007427293,0.0035454055401433265,-0.1972596375206395,0.30671533279919283,0.35564853556485354,1.5641577913153282,0.0,239
267,train,pact,3.0,0,0.4934485877536371,0.11750923553212123,0.19584871497990888,0.04317230971288481,0.0,0.014920255878480409,1.556003490003083,1.5700928723462955,0.600511174350899,956.2245628963454,0.6114966103877233,2.497468963701855,0.07025134175524864,63665.0,0.0,63403.0,0.0,0.0,0.9906587101924369,0.9000000000000004,0.891592821316739,0.7574205498365403,0.4591460493136551,0.04336614136330106,0.07059685750299417,-0.2034036238094526,0.37621294400427313,0.29707112970711297,1.570092874718508,0.0,239
268,train,pact,3.0,0,0.4824189044268233,0.10210384597256159,0.17017306765045148,0.033282617582436884,0.0,0.01513506488282249,1.5594593461088555,1.5873522179894866,0.6206309092094708,916.2475034322699,0.636995142847923,2.53842528095804,0.04791452286172674,63903.0,0.0,63641.0,0.0,0.0,0.9898676333567089,0.9000000000000004,0.8908808513166515,0.6437210615828294,0.5787415927014475,0.023791237067515878,0.04977164326613637,-0.18703759082633795,0.17504970473901305,0.47280334728033474,1.587352224091997,0.0,239
269,train,pact,3.0,0,0.41162969583010295,0.0916801247539103,0.15280019751059842,0.03898820923212682,0.0,0.015514623124355052,1.5937973789590174,1.6030514956019413,0.5931959594892159,1143.0430877557858,0.6688274801026827,1.4271328808373487,0.06312434896670874,64141.0,0.0,63879.0,0.0,0.0,0.9908994855242295,0.9000000000000004,0.8918095133793404,0.5535186127401445,0.5466789175329545,0.05865598887253504,0.06522911070810951,-0.19089018239092911,0.20736520371524375,0.4476987447698745,1.6030515059719868,0.0,239
270,eval,pact,3.0,0,0.0002036993206716357,6.944155970185988e-05,0.00011573592761032689,0.0,0.0,0.009706633204446178,0.8009435275109742,0.8785729945703531,0.4633860962161459,5883.814358890805,0.7824469208717346,0.7046460509300232,0.024484970346755626,64379.0,0.0,64117.0,0.0,0.0,0.998894934374917,0.9000000000000004,0.8990054123072445,0.9518186792592866,-0.6054572559881635,0.02171503034541788,0.0210035766419374,-0.10060123309034694,0.0025223300394670465,0.9832635983263598,0.8785729947107949,0.0,239
271,eval,pact,3.0,0,0.39917434158470244,0.06736440498027614,0.11227400229413186,0.004564473319751947,0.0,0.008020079776520011,0.7626513025750675,0.7718662491153973,0.48177393759643683,38466.40039471103,0.15055919270261062,82.33743008584656,0.03744399608950672,64617.0,0.0,64355.0,0.0,0.0,0.9918037383626196,0.9000000000000004,0.8926233474679571,0.7514199225753152,0.5363801501268399,0.016476044264610534,0.03679356726751542,-0.10093040971229666,0.028457817739398795,0.895397489539749,0.7718662519429533,0.0,239
272,eval,pact,3.0,0,0.2947040708871606,0.04860915836278265,0.08101525856462058,0.018257893091963923,0.0,0.00859482296076155,0.7573482035094226,0.7988779567275586,-0.471577963663195,77994.42423672856,0.10433935726482312,89.29620013177146,0.04868368080634016,64855.0,0.0,64593.0,0.0,0.0,0.991666763771528,0.9000000000000004,0.8925000628666898,0.718197009403779,0.14439447187709864,0.013982406168014085,0.04331649765742467,-0.10025351562715461,0.031751684026232234,0.9497907949790795,0.798877955293183,0.0,239
273,eval,pact,3.0,0,0.019673128869098604,0.005126582561513783,0.00854430348204671,0.0,0.0,0.00905997727736519,0.8273692739558519,0.825250205759224,-0.4446761156724587,191395.24692730125,-0.006074245152098739,91.48519611757669,0.007997811043237543,65093.0,0.0,64831.0,0.0,0.0,0.9951534119111225,0.9000000000000004,0.8956380528884952,0.5721924096247769,0.17487863618858124,0.004152394130300635,0.007306944224282039,-0.10274932908581434,0.04335440220778064,0.8075313807531381,0.8252502011376555,0.0,239
274,eval,pact,3.0,0,0.5018883339752502,0.10642119850833666,0.17736865412689248,0.0,0.0,0.006598741265216445,0.6735868017543809,0.6423048461830266,0.5317867849427411,97108.10599176255,0.0011791706531626175,81.09083027221169,0.024572482192304342,65331.0,0.0,65069.0,0.0,0.0,0.9807796846124418,0.9000000000000004,0.8827017003272867,0.8602305268616754,0.7724006440923836,0.008335003681066964,0.02789688653168444,-0.0915879492223817,0.2046054779073563,0.6485355648535565,0.6423048443552392,0.0,239
275,eval,pact,3.0,0,0.01843199975083282,0.005340454372740302,0.008900756998993233,0.0,0.0,0.008903912771259391,0.8185591085435955,0.8079534222890143,0.7579328537486089,258843.75338323746,0.08381557682817452,257.13508950716283,0.007788326437331767,65569.0,0.0,65307.0,0.0,0.0,0.9966054247014193,0.9000000000000004,0.8969448652726337,0.45606063900255756,0.37150365330271884,0.004311795711127699,0.007076925749570973,-0.09279030231143263,0.00620196444998368,0.9581589958158996,0.8079534258950574,0.0,239
276,eval,pact,3.0,0,0.48112744734638124,0.0818700172572508,0.1364500212664733,0.0,0.0,0.0068890990194509965,0.6990483423157217,0.676130975639471,0.372543176545744,154431.1203909519,0.03360093523900192,65.74832194021057,0.021362183911718086,65807.0,0.0,65545.0,0.0,0.0,0.9850534674512791,0.9000000000000004,0.8865480925498148,0.8029550853390929,0.7786815935407442,0.010738188452604745,0.023448453050021037,-0.0836856465678909,0.007240570936823051,0.9372384937238494,0.6761309738290183,0.0,239
277,eval,pact,3.0,0,0.10942612930107716,0.015114184832508494,0.02519030666735489,0.0,0.0,0.008568290149535843,0.7602348843877784,0.7928111252674996,0.8038006225390414,187627.67538081852,0.15691109840216497,116.96342967843411,0.014621529470988897,66045.0,0.0,65783.0,0.0,0.0,0.9933558363295998,0.9000000000000004,0.8940202321966323,1.249917460403814,0.4554126676730692,0.008797436912293332,0.012000225356752716,-0.09510233512853555,0.0,1.0,0.7928111271331773,0.0,239
278,eval,pact,3.0,0,0.46892580401234446,0.08649694071812301,0.1441615594242089,0.0,0.0,0.006780106550916468,0.6463550160868896,0.6411836225866773,0.7659011574220458,107632.72744508368,0.10212183800193765,98.65328542358206,0.022517029712342942,66283.0,0.0,66021.0,0.0,0.0,0.9836571058842927,0.9000000000000004,0.8852913760615193,0.9125792813111641,0.7628752333853134,0.008076472607669685,0.0237951479067005,-0.08573360838169523,0.00952550520786967,0.9539748953974896,0.6411836218720608,0.0,239
279,eval,pact,3.0,0,0.3109929788440381,0.031062733022542133,0.05177121744633026,0.0045644732574039925,0.0,0.007706425285208425,0.7006972831163446,0.7266587941716406,0.4358705496688268,48253.70467769352,0.03799924223925373,63.315255111231465,0.030119267912877716,66521.0,0.0,66259.0,0.0,0.0,0.9907077812749472,0.9000000000000004,0.8916369873609503,0.9904087643208709,0.15278012324693857,0.007780209119387326,0.0270467567136784,-0.09025352637569825,0.00706252411050773,0.9874476987447699,0.726658790659515,0.0,239
280,train,pact,3.0,0,0.4706366194916741,0.11922911360542073,0.1987151743197809,0.06390262535426407,0.0,0.01536048651637829,1.5729106906567658,1.5749710414200149,0.3025786348221099,4084.110162072601,0.39779381417946025,30.979404776415567,0.051154939486269126,66759.0,0.0,66497.0,0.0,0.0,0.9795182531847615,0.9000000000000004,0.8815664095359866,0.5903199349647679,0.593506824491002,0.00633679169718212,0.05501325464214171,-0.1975684394059506,0.31110715451497073,0.36401673640167365,1.5749710329190458,0.0,239
281,train,pact,3.0,0,0.4465136047263696,0.11258142883021742,0.18763570093361526,0.057436287777194416,0.0,0.01538852371166316,1.5366129221776539,1.583772709928297,0.5774113767815434,1430.9754286251307,0.6664052179168957,1.2450849633336567,0.07197749000588222,66997.0,0.0,66735.0,0.0,0.0,0.9917009597542894,0.9000000000000004,0.8925308420568331,0.621893208800684,0.590399180050622,0.08054100583831314,0.07247666389365762,-0.1865473504424191,0.16588029318377398,0.5062761506276151,1.5837727158641648,0.0,239
282,train,pact,3.0,0,0.3501149740058049,0.07435890354927742,0.12393149660345436,0.027767212445765858,0.0,0.014503866410716807,1.4984527524545104,1.51563349977198,0.7545931870468491,997.4774195459597,0.7866524410547073,3.9590310307227417,0.045674802343824795,67235.0,0.0,66973.0,0.0,0.0,0.9901891587668383,0.9000000000000004,0.8911702273779833,1.0326463610065837,0.5426981228274638,0.0262054099652328,0.043621800142383226,-0.1923410036583201,0.3249057835544082,0.2719665271966527,1.5156335003487291,0.0,239
283,train,pact,3.0,0,0.49418196437011425,0.11201555987155269,0.18669258864082847,0.040129327063281164,0.0,0.014287326946683134,1.424485192638062,1.4341002560559675,0.6776964918838884,894.6077865536741,0.5937869374846814,2.509728432948619,0.05019083485069634,67473.0,0.0,67211.0,0.0,0.0,0.9909733693470018,0.9000000000000004,0.8918760132091315,0.6921402225746379,0.5649201820261291,0.009710554491903167,0.052345107628566416,-0.18564126053005728,0.3431555832517285,0.24686192468619247,1.4341002663146503,0.0,239
284,train,pact,3.0,0,0.40549758593668717,0.09052597001141008,0.1508766060207837,0.039558768085356036,0.0,0.014837737113362077,1.4875769809698958,1.5067838013920325,0.5870914262208978,1080.5335524810407,0.5614508636077578,2.5687328968586782,0.05898655748002574,67711.0,0.0,67449.0,0.0,0.0,0.9902369861323465,0.9000000000000004,0.8912132669193475,0.5807049742527673,0.5589905774965199,0.05082303331575439,0.061350810941636066,-0.19297857702495927,0.3270720199412445,0.32217573221757323,1.506783792742178,0.0,239
285,train,pact,3.0,0,0.01200688445204372,0.003810065375162054,0.006350108650800987,0.0,0.0,0.015338961192831459,1.5547113540781092,1.564446440052288,0.4924168828641022,991.1054797312206,0.5550896777268733,11.047660681243721,0.036731157587036475,67949.0,0.0,67687.0,0.0,0.0,0.9901474123220564,0.9000000000000004,0.8911326502656338,4.981416909700293,-3.6810553502460728,0.01994365121792347,0.032053370116898114,-0.19750329346266976,0.30695272856761324,0.3263598326359833,1.564446429800649,0.0,239
286,train,pact,3.0,0,0.2864649582486312,0.06378850890468735,0.10631417242238891,0.03404336269929319,0.0,0.0151582077461213,1.5502080837553016,1.5735789614741273,0.49341050176939705,987.6811554082767,0.5886633607196509,4.762995371758689,0.05431344104194273,68187.0,0.0,67925.0,0.0,0.0,0.9907136055714915,0.9000000000000004,0.8916422201000995,0.6885339890164773,0.32534021119932655,0.021689711495193543,0.05321517720269078,-0.19772298427477492,0.3001572746965785,0.3598326359832636,1.5735789695195745,0.0,239
287,train,pact,3.0,0,0.4881335476829956,0.10636493881329785,0.17727488300266356,0.04716622349358004,0.0,0.014940015595624512,1.5263375088759545,1.5512630979386333,0.6323708542720045,862.1038787714108,0.5713112896705771,2.955264161820192,0.06705886206616916,68425.0,0.0,68163.0,0.0,0.0,0.9902962805336988,0.9000000000000004,0.8912666287881061,0.7598214524445246,0.4398411902969065,0.040959786814756885,0.06673433019479573,-0.1931709677227201,0.2754681147808541,0.3682008368200837,1.5512630855940046,0.0,239
288,train,pact,3.0,0,0.2698529591997837,0.06089123101456497,0.10148537636911238,0.03841764919428646,0.0,0.015556839842224595,1.5378037092575967,1.5600879566440025,0.544612427261584,1047.004903498055,0.511576952420518,6.388378068742393,0.05211002361243708,68663.0,0.0,68401.0,0.0,0.0,0.9903865790766153,0.9000000000000004,0.8913478931123742,0.7504571686141775,0.33638295010003594,0.02168508102590947,0.05057996511167095,-0.19538059555374707,0.30535030713077543,0.35564853556485354,1.5600879528536666,0.0,239
289,train,pact,3.0,0,0.012006890569388804,0.0025452151814807852,0.004242024950654622,0.0,0.0,0.015573502527978506,1.5784776634751005,1.578615817066017,0.3829446190570688,1155.6289915459924,0.5382354618615186,8.517294577973656,0.004917257786782022,68901.0,0.0,68639.0,0.0,0.0,0.9905015599278726,0.9000000000000004,0.8914513797440788,0.1999808873964367,0.10959598275100779,0.0028038652272869623,0.004657454433715532,-0.18578499891302236,0.16487136116798715,0.5564853556485355,1.5786158195266602,0.0,239
290,train,pact,3.0,0,0.11274785525415133,0.02965150569133999,0.04941917325820088,0.010460251233068969,0.0001901863883229978,0.01516639796635097,1.5237469361416964,1.5305994200407211,0.3838546292926477,1062.3419544427466,0.39272016953973093,6.344765420239341,0.03297169739331769,69139.0,0.0,68877.0,0.0,0.0,0.9910661897399934,0.9000000000000004,0.8919595492434801,0.8618620256839262,0.2353965892348111,0.014183647742855453,0.030899559964998685,-0.1914589253487445,0.28905902252292354,0.39330543933054396,1.5305994181413147,0.0,239
291,train,pact,3.0,0,0.3685238404330022,0.08048820996265939,0.13414700646059055,0.033092431007070024,0.0,0.014893083714307228,1.4854316447070453,1.4919547832660596,0.3832910753568346,1032.7699669235421,0.4640101305984553,4.1501999846562185,0.037388424334753395,69377.0,0.0,69115.0,0.0,0.0,0.9895199499868449,0.9000000000000004,0.8905679326675926,0.5083494394096507,0.5467120987864624,0.002142476443744575,0.04167095160381635,-0.18578037535608605,0.25600166177037886,0.401673640167364,1.491954776758732,0.0,239
292,train,pact,3.0,0,0.010237416458047271,0.002359555582093342,0.003932592322712956,0.0,0.0,0.015196415340473338,1.5828489898138964,1.590719020266912,0.37617822060026385,1193.2177956553185,0.7746351588221274,0.7000601760513114,0.03596491153667599,69615.0,0.0,69353.0,0.0,0.0,0.9909700020586596,0.9000000000000004,0.8918729751179907,0.27902065846083873,0.12099465564408085,0.0345730992084296,0.03159874581505844,-0.1900339256979225,0.1965043473100092,0.4686192468619247,1.5907190179785595,0.0,239
293,train,pact,3.0,0,0.2781775054950136,0.06659715796062658,0.11099525563135498,0.03594522670721908,0.0003803727766459956,0.015514973465306489,1.5568142056963932,1.57681899764049,0.5079706338035511,948.4966093566128,0.48199617052178007,6.879658316219202,0.056557049015225166,69853.0,0.0,69591.0,0.0,0.0,0.9906527744177495,0.9000000000000004,0.8915874785957975,0.7673018935570106,0.3270171602994386,0.02217016057976711,0.05483548809914503,-0.20248547827430438,0.3655004599543013,0.3305439330543933,1.5768190085697205,0.0,239
294,train,pact,3.0,0,0.17120400338753217,0.03492891607142361,0.058214856515420924,0.0034233549898139604,0.0,0.014758846007490133,1.5456219310541033,1.5388376864928082,0.37265336363884194,1017.7269917891115,0.48397388045040884,7.2889144717400045,0.026049145114769825,70091.0,0.0,69829.0,0.0,0.0,0.9900811082648433,0.9000000000000004,0.8910729805295936,0.30137694776022617,0.31687610371550856,0.0033669600434092094,0.026963814123359287,-0.1815505949102385,0.16252707795483542,0.5523012552301255,1.5388376898414307,0.0,239
295,train,pact,3.0,0,0.43151489933949033,0.10796527045518457,0.17994210445302614,0.04982883255601428,0.0,0.015498308630496513,1.558979155877644,1.5927218488070756,0.7192095665253356,906.1780993090514,0.6676241327778565,3.4009260005282558,0.06102880508206379,70329.0,0.0,70067.0,0.0,0.0,0.9912423025115265,0.9000000000000004,0.892118047470827,0.9060956641694298,0.5562921133591427,0.040092222565518955,0.060128022540578904,-0.19606359921987512,0.2745185317071723,0.40585774058577406,1.592721849504091,0.0,239
296,train,pact,3.0,0,0.012959528787482421,0.0023197159146521435,0.003866193152317316,0.0,0.0,0.014959780885117074,1.5601109041828491,1.5606918474620357,0.5133426090912839,1044.3800278667625,0.5832903059706029,6.2383979489115,0.0072170335447043574,70567.0,0.0,70305.0,0.0,0.0,0.9898239800620777,0.9000000000000004,0.8908415556452763,0.1645303515680669,0.09818648799763485,0.00545038959759737,0.006695910430611715,-0.18975950619190904,0.2167720110389032,0.4309623430962343,1.5606918558030505,0.0,239
297,train,pact,3.0,0,0.0030419384339404444,0.00064527666760403,0.0010754610309533182,0.0,0.0,0.015313170522950184,1.5653890481055033,1.5659457425193308,0.13913597932249058,903.2958797949627,0.49338313937187195,1.0599032640457153,0.003101039342646766,70805.0,0.0,70543.0,0.0,0.0,0.9901415628369383,0.9000000000000004,0.8911273943330453,1.302247901980204,0.019585427075000994,0.0024467244889415773,0.002796544815214189,-0.19943493543076357,0.33434226534912015,0.29707112970711297,1.565945740139895,0.0,239
298,train,pact,3.0,0,0.05794354536329254,0.011767788178590175,0.019612979545649122,0.0,0.0,0.014737948264817563,1.5468462822826337,1.5467368990307573,0.07045296346184225,920.3878730550471,0.23459643680430856,4.496513017550672,0.0158047209426597,71043.0,0.0,70781.0,0.0,0.0,0.990048307504614,0.9000000000000004,0.8910434512912478,0.5711596307447055,0.0822782227090767,0.006130819573219673,0.015044689856257258,-0.18959945431577674,0.2589394344045817,0.39330543933054396,1.5467368970829949,0.0,239
299,train,pact,3.0,0,0.45752091049933935,0.11566598860387545,0.19277663563021846,0.051350323662598264,0.0,0.014352522712497033,1.4325494801150207,1.4623197352038269,0.617898255173569,1244.218605711869,0.5099447091815362,3.5584912315073374,0.07003845696660951,71281.0,0.0,71019.0,0.0,0.0,0.9905627856194723,0.9000000000000004,0.8915064886025305,0.805340082729675,0.4780238775144823,0.034919516491245924,0.0692153920022046,-0.19728708805143907,0.4382029140330574,0.1799163179916318,1.4623197395576255,0.0,239
300,eval,pact,3.0,0,0.44651358694995696,0.08291882866563444,0.1381980407568183,0.010650437434348103,0.0,0.007209670976404428,0.6498551515854553,0.6594147830578074,0.5996177814994397,2523.8886389313384,0.03376007681200086,20.773711281341487,0.037664391480339496,71519.0,0.0,71257.0,0.0,0.0,0.9950765106967303,0.9000000000000004,0.8955688441647646,0.8546932386084765,0.5832146723956462,0.010407588611997198,0.03749770913701738,-0.08970218210845497,0.07181221994717944,0.8200836820083682,0.6594147822270015,0.0,239
301,eval,pact,3.0,0,0.10942615455924436,0.014596259902573822,0.02432709826615826,0.0,0.0,0.006647800795332563,0.6437355985701334,0.6254636141545603,0.6540521338394994,24263.779542037133,-0.011038206123211616,50.56756917402834,0.011835229706319212,71757.0,0.0,71495.0,0.0,0.0,0.9892174838477099,0.9000000000000004,0.890295713267067,0.6049399173299193,0.31499495996013094,0.0022157067477774736,0.01154791335984441,-0.07174697843155976,0.0036499599394640794,0.9916317991631799,0.6254636143250425,0.0,239
302,eval,pact,3.0,0,0.5020268853461184,0.06783338632494519,0.11305563766776587,0.0,0.0,0.005393113169398268,0.5959304943992503,0.5965087183100409,0.4497107158370694,37532.02418115847,0.06429531856899824,72.86737285199025,0.024120202837472928,71995.0,0.0,71733.0,0.0,0.0,0.9829777196112038,0.9000000000000004,0.8846799308535445,0.8871134552650765,0.6533124261590044,0.021441939597328503,0.02360573072165687,-0.07347436375230536,0.0012760022552597999,0.9874476987447699,0.5965087204759962,0.0,239
303,eval,pact,3.0,0,0.478391402922768,0.03421242071045188,0.057020698578765946,0.0,0.0,0.005981892093073062,0.5866596122665884,0.6150655659172825,0.5862938673177025,35067.16738036088,0.13669562863493356,40.28298513260845,0.023948973496775747,72233.0,0.0,71971.0,0.0,0.0,0.9839074045544389,0.9000000000000004,0.8855166452699127,0.8744168320591923,0.3789137583835517,0.01233195968249694,0.02196555865868131,-0.07797538352048627,0.004718240897356005,0.9665271966527197,0.615065568566881,0.0,239
304,eval,pact,3.0,0,0.00595315217983492,0.0011612255509580373,0.0019353758087993023,0.0,0.0,0.007263773111197864,0.6538737007264812,0.6516680666342939,-0.06154973147426382,257600.24457374477,0.06924394415262852,86.0922177845464,0.004447913423246825,72471.0,0.0,72209.0,0.0,0.0,0.9934729431214193,0.9000000000000004,0.8941256246806188,0.4556007385679293,0.21246456924696988,0.0029673655844470927,0.0035434853880779204,-0.07840281083032097,0.0030564705184130095,0.9916317991631799,0.6516680707114941,0.0,239
305,eval,pact,3.0,0,0.004841264746033501,0.0006899986333052031,0.0011499976341636505,0.0,0.0,0.0072548720103037785,0.6627702232933443,0.6606431381472982,-1.803078398607266,475618.84427301254,-0.1264938117944047,44.98803603998288,0.002033982062556442,72709.0,0.0,72447.0,0.0,0.0,0.9943093228539662,0.9000000000000004,0.894878363883645,1.1281108745773243,0.0749932905707793,0.0014152792200033185,0.0016538245855756571,-0.087691472855518,0.058874150568266115,0.7573221757322176,0.6606431364377957,0.0,239
306,eval,pact,3.0,0,0.007217873016016257,0.0016657614706905616,0.00277626894924777,0.0,0.0,0.007176375365328964,0.6550528905880502,0.6507975930449355,-2.7761079357258946,670054.8872254185,-0.020131154839245595,64.34284017874107,0.0033024267179532964,72947.0,0.0,72685.0,0.0,0.0,0.9952439088452312,0.9000000000000004,0.895719495278522,0.3855801829403726,0.11229190845339321,0.0018843778284812847,0.0030587544381252205,-0.07256594809889969,0.0,1.0,0.6507975910651786,0.0,239
307,eval,pact,3.0,0,0.007217877699358381,0.001052330766112113,0.0017538845537144643,0.0,0.0,0.007040695210326479,0.6507823633100198,0.6467052366444257,-24.919935113216543,1522124.7256799163,-0.023145705710893895,63.66809463900003,0.001656992909416681,73185.0,0.0,72923.0,0.0,0.0,0.9916466180250735,0.9000000000000004,0.8924819435534617,0.7264254657403449,0.5879891849504039,0.0011262840495104543,0.0014207512705302389,-0.07512620683403635,0.0013650256684174607,0.99581589958159,0.6467052401647403,0.0,239
308,eval,pact,3.0,0,0.004841264746033501,0.0009189648368176916,0.0015316079746652688,0.0,0.0,0.007294809888019596,0.6698316658640506,0.6656604008320485,-3.6893798038051715,321502.75702798116,-0.09213371465769772,30.051940411204573,0.0020397260159674925,73423.0,0.0,73161.0,0.0,0.0,0.9941190018564089,0.9000000000000004,0.8947070674916192,0.5558770360394506,0.23300230368802421,0.001353663209505063,0.0018913830415185962,-0.08531752932735598,0.04106946793673402,0.8117154811715481,0.6656603989047631,0.0,239
309,eval,pact,3.0,0,0.1299968671675179,0.025379837053254025,0.04229972575232606,0.0,0.0,0.007041969870423672,0.663055691509566,0.6483484061442658,-17.42922650719116,682880.7776542887,-0.09573885164063844,29.378051067495946,0.009260815085315196,73661.0,0.0,73399.0,0.0,0.0,0.9841290254722579,0.9000000000000004,0.885716101926241,0.6264235447963155,0.6681707647660904,0.0010982131061609834,0.010722721490675826,-0.08201224900856312,0.10762930650761152,0.8242677824267782,0.6483484016637162,0.0,239
310,train,pact,3.0,0,0.0008817244371400257,0.00015444373308112758,0.00025740621642863023,0.0,0.0,0.014528572713278202,1.5798015634385112,1.5724529551661663,-0.18789938206990955,3701.7888347035173,-0.11938364058732986,32.975521087646484,0.019375144932165772,73899.0,0.0,73637.0,0.0,0.0,0.9813575114914563,0.9000000000000004,0.8832217444934606,24.675036636306555,-36.65409479018891,0.012847321124354494,0.015801985568618285,-0.19633104558066708,0.2871301819045075,0.37656903765690375,1.5724529599793562,0.0,239
311,train,pact,3.0,0,0.14450739523119227,0.0307279754587813,0.05121328910644323,0.010079878518770928,0.0,0.015014724235077657,1.5357325326448703,1.53960406655547,-0.5145272266774372,1261.243443700559,0.028288244889371067,23.807449480978516,0.020395465509780435,74137.0,0.0,73875.0,0.0,0.0,0.9902582512739811,0.9000000000000004,0.8912324082402505,0.37306020839165965,0.3658737431818474,0.0013364516728882972,0.021408652978260986,-0.1837292321455722,0.18448618653372503,0.5230125523012552,1.5396040714235952,0.0,239
312,train,pact,3.0,0,0.1161134909462402,0.02939896414248335,0.048998270600753596,0.005895777850969067,0.0,0.014980610703589652,1.5437356512915639,1.5518803561581727,0.3186112180289863,988.991882579596,0.5157976375588812,1.0522959389447168,0.037354791530107914,74375.0,0.0,74113.0,0.0,0.0,0.990703426644393,0.9000000000000004,0.8916330654252025,0.3448213268179278,0.34313708339893867,0.025000220776970995,0.036430140657186756,-0.1837532602005042,0.15552390278643283,0.5146443514644351,1.5518803441951696,0.0,239
313,train,pact,3.0,0,0.4417291495469365,0.10697195330607558,0.1782865784300012,0.037656903952734244,0.0,0.015770058963977766,1.5558486675617584,1.5868988386257923,0.6863505097113892,1118.3033751164521,0.6385445891563862,4.119496300754188,0.06364420972663176,74613.0,0.0,74351.0,0.0,0.0,0.9914539945175458,0.9000000000000004,0.8923085745907229,0.888496368862599,0.5127889651740867,0.037353189972539745,0.06216493949184981,-0.20308575356492797,0.3505742010148669,0.3472803347280335,1.5868988352595306,0.0,239
314,train,pact,3.0,0,0.06036286422683006,0.014355743911102581,0.0239262383729891,0.0,0.0,0.015449564683808318,1.56832195275997,1.5766599445163456,0.4476610467024927,1281.928698168639,0.5375458853763516,4.202844488072096,0.01921184326957514,74851.0,0.0,74589.0,0.0,0.0,0.9904989495437015,0.9000000000000004,0.8914490319694934,0.7593548407908285,0.22014018159680282,0.00990253052306819,0.01792019361322726,-0.19282486984964786,0.23647585981779873,0.4476987447698745,1.5766599444412477,0.0,239
315,train,pact,3.0,0,0.4653420398303694,0.1019896296722634,0.16998270417463582,0.036515785872188074,0.0,0.015155584909894725,1.4693408042317155,1.4972616217126407,0.5905589456338762,1040.2120067644319,0.5749870212008265,4.41702664721461,0.06882712755851042,75089.0,0.0,74827.0,0.0,0.0,0.9907484977315161,0.9000000000000004,0.8916736267600598,0.7482041747167613,0.40918332534231694,0.033273197236386214,0.06803885497402197,-0.1931727626606029,0.34179055758331106,0.24267782426778242,1.4972616285977625,0.0,239
316,train,pact,3.0,0,0.08163402942219938,0.017982546767917905,0.029970908759499874,0.005135032297677076,0.0,0.016153063365963588,1.5898019344736842,1.5984235912187328,0.4138872827944895,1132.3665150917723,0.4186451146418081,6.42271578561312,0.02465144554727855,75327.0,0.0,75065.0,0.0,0.0,0.9903465457042391,0.9000000000000004,0.8913118599847769,0.8051505071684174,0.0727294241887032,0.010322768547727417,0.023209184150271914,-0.19386928762474867,0.23303362117570253,0.39330543933054396,1.5984235838807817,0.0,239
317,train,pact,3.0,0,0.49487416027990566,0.10899384883888165,0.1816564033985464,0.04050970015166694,0.0,0.014552934771349117,1.4635872274761919,1.4787887823631574,0.5641552827098878,940.8451259724765,0.5590136326755939,2.545096305374321,0.04916147542162701,75565.0,0.0,75303.0,0.0,0.0,0.9900648329547259,0.9000000000000004,0.8910583207796807,0.6546014500425813,0.5517816246190813,0.0021285865091598562,0.051731550643000376,-0.1839487210428111,0.27484495088875044,0.34309623430962344,1.4787887828473987,0.0,239
318,train,pact,3.0,0,0.21976542770897894,0.05302324656486425,0.08837207272347361,0.010079878394075018,0.0,0.015509398837250396,1.5607143126771041,1.5834037948353021,0.6865579034494057,1142.4719738820606,0.7406281187943334,4.54549588319148,0.043490350719884226,75803.0,0.0,75541.0,0.0,0.0,0.9907147996595215,0.9000000000000004,0.8916433064508638,1.1284721234056463,0.4419394204928081,0.023388396589246793,0.039425158733891706,-0.19324362468065787,0.2297991038309742,0.4560669456066946,1.5834037984816476,0.0,239
319,train,pact,3.0,0,0.46716103549544,0.1064292798119408,0.17738212306639636,0.043933054954437036,0.0,0.015628092213062314,1.5639469219550928,1.5724676967165958,0.6072898086893009,852.0263715289128,0.6337627343303489,2.7493702195678296,0.047023618433071165,76041.0,0.0,75779.0,0.0,0.0,0.9901082261336898,0.9000000000000004,0.8910973855142315,0.5672699392906821,0.5688151315558642,0.004483288706978783,0.0508555279456266,-0.19267221720083663,0.2449330840677765,0.4393305439330544,1.5724676876392623,0.0,239
320,train,pact,3.0,0,0.0020282095075691135,0.0008659764133573015,0.001443293926994819,0.0,0.0,0.01579145004458445,1.5760527824258206,1.6103751424965,0.38688277150796546,1085.879706346839,0.8066418170928955,1.1970562934875488,0.03261212948816887,76279.0,0.0,76017.0,0.0,0.0,0.9915868502780484,0.9000000000000004,0.8924281440020605,14.095085870039766,-15.451639169862048,0.017947677173651755,0.027790382210989423,-0.19467875240850666,0.22175732217573224,0.4309623430962343,1.610375140107693,0.0,239
321,train,pact,3.0,0,0.006565895839070679,0.0021194615487482252,0.003532435597107107,0.0,0.0,0.015526149624561166,1.5712577680663584,1.5724947347800602,0.20962666586396053,1104.0289212151054,0.018433668787072893,2.0097579641820995,0.004445279546546098,76517.0,0.0,76255.0,0.0,0.0,0.9905609214156242,0.9000000000000004,0.891504812440114,0.47921818737639577,0.07257810127926734,0.002540062152756641,0.0041630105635749905,-0.19029275578032984,0.2148728448915398,0.4476987447698745,1.5724947290741291,0.0,239
322,train,pact,3.0,0,0.4634686815016611,0.1103215124268032,0.18386917480766976,0.05192088301461112,0.0,0.015148063632562195,1.559571333011324,1.5523303193527285,0.30613414403518746,872.1068945210349,0.39657298818417674,1.3009799534306865,0.045393943853292006,76755.0,0.0,76493.0,0.0,0.0,0.9899526876884525,0.9000000000000004,0.8909574053776315,0.5758768782605231,0.590759252455755,0.0009438903567310522,0.04970084044862043,-0.1885296734215254,0.21724680257574408,0.48535564853556484,1.5523303211203914,0.0,239
323,train,pact,3.0,0,0.43151492035799666,0.11414221482879675,0.19023701153738448,0.06789653894791543,0.0,0.016065122945444602,1.5790316392687076,1.6138758626941856,0.5283115523629608,1367.9238255712278,0.6268857304147097,1.2067075840598869,0.07666215773430267,76993.0,0.0,76731.0,0.0,0.0,0.991858489094419,0.9000000000000004,0.8926726193108818,0.5691635585663549,0.5746420237435025,0.08255484870501927,0.07888168413737578,-0.19370797180212188,0.2179589898810054,0.46443514644351463,1.6138758531801292,0.0,239
324,train,pact,3.0,0,0.35386675944174084,0.07607321297590597,0.12678868080377062,0.021491061568758976,0.0,0.015303346571984027,1.544682033889962,1.5776503008778624,0.7170681394792501,1095.1054138438972,0.6190036944265644,7.495267483729199,0.050061934426910086,77231.0,0.0,76969.0,0.0,0.0,0.9912608151156533,0.9000000000000004,0.8921347145754922,1.090715528212401,0.5027208761972564,0.027854836283330905,0.04683617488130397,-0.19735682547206682,0.28279770913083474,0.401673640167364,1.5776502959132548,0.0,239
325,train,pact,3.0,0,0.03674998030288848,0.008966167511537617,0.014943611139768177,0.0,0.0,0.01538074221345109,1.5775851125996483,1.580870547803376,0.4788740579054445,1100.011895215661,0.27629825086274407,5.990607667667597,0.013091610719388445,77469.0,0.0,77207.0,0.0,0.0,0.9902695103170482,0.9000000000000004,0.8912425367902014,0.6559027006017597,0.17314271597537834,0.0065991135395407855,0.012284736766525696,-0.20199390850160917,0.34496572598593434,0.32217573221757323,1.5808705485503645,0.0,239
326,train,pact,3.0,0,0.4836600335450891,0.1096088932617665,0.18268147696114767,0.0380372769164241,0.0,0.01511606461247702,1.4628415127678396,1.4885238419018032,0.5976442295637091,1060.5529984350483,0.4891266339891064,3.2224431217464944,0.06889528197053212,77707.0,0.0,77445.0,0.0,0.0,0.9904398047774406,0.9000000000000004,0.8913958005326562,0.7797269370194659,0.4412716339442293,0.03802562923019016,0.0677957306635492,-0.1935027186703187,0.3748182438648031,0.24686192468619247,1.4885238511755134,0.0,239
327,train,pact,3.0,0,0.2531380511106846,0.05925606938968052,0.09876010868395965,0.03556485405526899,0.0001901863883229978,0.015748978146277837,1.5545121364014918,1.5705303036019393,0.5280761257375135,1078.495428747712,0.4639817213164214,7.247030872181369,0.05210113694509452,77945.0,0.0,77683.0,0.0,0.0,0.9909414162695658,0.9000000000000004,0.8918472540927233,0.738154149047458,0.3503000402105664,0.02441701277143502,0.05050837796251582,-0.19213641082069502,0.2528264933677557,0.34309623430962344,1.5705303069441892,0.0,239
328,train,pact,3.0,0,0.007217877699358381,0.0018896022395067165,0.0031493369684867352,0.0,0.0,0.015682415087867108,1.5716678358022138,1.5711988465057756,0.3702445317636474,1087.2306250408603,0.4871684068104712,9.706264058416359,0.004112509827757406,78183.0,0.0,77921.0,0.0,0.0,0.9909409556428758,0.9000000000000004,0.8918468425962217,0.18012598214979408,0.07241690488011765,0.0024250750266918866,0.003870283236625316,-0.18815227278117772,0.19371494703106917,0.5062761506276151,1.5711988440391145,0.0,239
329,train,pact,3.0,0,0.27817753698797626,0.07219227076515472,0.12032044335644353,0.035374667604598044,0.0,0.015643049756291022,1.542627595957353,1.5564152348989224,0.18221825957843824,1063.173702224029,0.2830471974411769,1.3170751113771892,0.03887233311526193,78421.0,0.0,78159.0,0.0,0.0,0.9899030844038001,0.9000000000000004,0.8909127532687646,0.4440613140269571,0.48415557675612775,0.003089164979951621,0.04231649009017936,-0.18701501826193498,0.20472417579156646,0.42677824267782427,1.5564152376895528,0.0,239
330,eval,pact,3.0,0,0.10614912902745642,0.026789983763394434,0.04464997053808201,0.0,0.0,0.010052211594350916,0.7341598392031682,0.7824470647708143,0.6505401952496134,4206.191828133172,0.4876732033166925,17.68175564600334,0.03017556913407465,78659.0,0.0,78397.0,0.0,0.0,0.997609306080072,0.9000000000000004,0.89784835397449,1.5203342176832413,0.26460176154181314,0.014318233829697559,0.02540231107979639,-0.09551011349910932,0.0,1.0,0.7824470674852976,0.0,239
331,eval,pact,3.0,0,0.42329977726598883,0.07500068501412974,0.12500113423533296,0.0,0.0,0.008052229682552516,0.7298743656240247,0.7052334084421022,0.6068682932454672,19092.891184786873,0.1991934258925288,20.55982310801869,0.02017888821569899,78897.0,0.0,78635.0,0.0,0.0,0.9867971137976547,0.9000000000000004,0.8881173854592455,0.7137001350629981,0.7492897148224142,0.0036946056531869794,0.02440717537248328,-0.09888851044709132,0.2349031128520134,0.5523012552301255,0.7052334098250962,0.0,239
332,eval,pact,3.0,0,0.49905009486198143,0.07549570094059194,0.12582615949286569,0.0013313047182609845,0.0,0.00827669404704264,0.7176703989006984,0.7214631880925789,0.7441973157507605,32533.816283668933,0.05409673325077591,47.159631206400725,0.025514779923187576,79135.0,0.0,78873.0,0.0,0.0,0.9867843728683983,0.9000000000000004,0.8881059089465121,0.9303653730937259,0.6957693870313122,0.02048770994271921,0.025058283961561185,-0.08388323445282726,0.0066174070447194274,0.9748953974895398,0.7214631912820991,0.0,239
333,eval,pact,3.0,0,0.09973252267304225,0.029916951002446675,0.04986158243257983,0.0,0.0,0.010186005586360788,0.7750147372858295,0.8471629750529094,0.6229958222500949,133331.8320884545,-0.029338208341846344,193.51161706597236,0.028209330409835386,79373.0,0.0,79111.0,0.0,0.0,0.9948658022920457,0.9000000000000004,0.8953792018870429,1.2284312830088364,0.41982421583869145,0.014663103011688628,0.02412424259039741,-0.10695942519258625,0.020119291373631266,0.8493723849372385,0.8471629718029161,0.0,239
334,eval,pact,3.0,0,0.07326333691171423,0.015419941721006105,0.025699901821026744,0.0,0.0,0.009291593828063193,0.7728336458425642,0.7596210028087743,0.36584047817286086,276954.42131929914,-0.07158439214147479,190.49555833170103,0.013835895752970706,79611.0,0.0,79349.0,0.0,0.0,0.9930338117617443,0.9000000000000004,0.8937304161457836,0.5471933359774087,0.4505352913567965,0.006858368254532772,0.013505158890389436,-0.09670308631194785,0.004747915368408558,0.9790794979079498,0.7596210024965803,0.0,239
335,eval,pact,3.0,0,0.0023364956484850357,0.0007267959954181275,0.0012113265958653616,0.0,0.0,0.009372509984790531,0.7512689701682853,0.7504593373342539,-2.6125839781561657,1116234.881799163,-0.07702882587909698,216.83627319335938,0.004464611896239689,79849.0,0.0,79587.0,0.0,0.0,0.9945773381319006,0.9000000000000004,0.8951195806389574,0.41301660666138695,0.1588998835303187,0.002917857491945284,0.003280192087540816,-0.08134919763676442,0.0,1.0,0.7504593364632975,0.0,239
336,eval,pact,3.0,0,0.39266590399484474,0.06717648810897182,0.11196080821260146,0.008368200836820083,0.0,0.007866567226758063,0.7086858269310397,0.6647284575835432,-2.319060898522328,419004.67239801254,-0.008847613195220407,121.05389163284622,0.03279906183639035,80087.0,0.0,79825.0,0.0,0.0,0.9853137084380353,0.9000000000000004,0.8867823184783489,0.6279791283980215,0.5317867597288481,0.0027053318398791446,0.03414491229597089,-0.0807152695312721,0.011365322413127987,0.9748953974895398,0.6647284565424547,0.0,239
337,eval,pact,3.0,0,0.2698529906927464,0.0428628699635768,0.07143811144037138,0.0,0.0,0.008796943439303208,0.7194356105317631,0.763724531588694,-0.0048792873544298955,60343.78664356694,0.042099985193215686,38.95235622677344,0.033775288946770725,80325.0,0.0,80063.0,0.0,0.0,0.9887563528874928,0.9000000000000004,0.8898807003408297,0.6897495315651754,0.6123786159665658,0.0290491021035806,0.0328939853130867,-0.09948878729526685,0.15923321166800194,0.702928870292887,0.763724532272147,0.0,239
338,eval,pact,3.0,0,0.3991743668428696,0.03772538623759593,0.06287564044224271,0.0,0.0,0.007681469290778353,0.7129654971625515,0.7164158208849041,0.5551665986432192,78377.53835152982,-0.010715803842495729,35.226580109057565,0.02047545696846424,80563.0,0.0,80301.0,0.0,0.0,0.9848479861744278,0.9000000000000004,0.886363172256797,0.7448503989190645,0.5794623981267026,0.00959325186551813,0.02051912934741465,-0.08016148650744058,0.0,1.0,0.7164158208129286,0.0,239
339,eval,pact,3.0,0,0.4465136047263696,0.06234443567579497,0.10390738710151838,0.0,0.0,0.007895528195644087,0.7198926375002043,0.7048696480286172,0.6264671887812754,59653.39114801255,0.08696340027247715,23.8557506186194,0.02272821547050481,80801.0,0.0,80539.0,0.0,0.0,0.9866084321772204,0.9000000000000004,0.887947570953409,0.7069489510901749,0.6794243827425805,0.008075753719822387,0.024272362971931666,-0.08619460886208857,0.05394818837354225,0.7196652719665272,0.7048696467003049,0.0,239
340,train,pact,3.0,0,0.0760018663305159,0.01860629617364782,0.03101049186601866,0.0007607455532919912,0.0,0.014990831723350985,1.5370690805143892,1.5404491716348976,0.4941250926281119,2067.321753082914,0.3258389147557708,10.248265366175184,0.02952372321175123,81039.0,0.0,80777.0,0.0,0.0,0.9827116855018807,0.9000000000000004,0.8844404908902476,1.5485579202890059,0.03039113702265761,0.014630166714743315,0.024756041158158253,-0.1920989236728217,0.28229324312294135,0.3891213389121339,1.5404491737188162,0.0,239
341,train,pact,3.0,0,0.002028211354079294,0.0006370995491364373,0.0010618324739267663,0.0,0.0,0.015344786405111333,1.5613873124621402,1.5606818680483925,0.13635465029053562,944.3465185444724,0.3214430809020996,11.002199172973633,0.002263485426167231,81277.0,0.0,81015.0,0.0,0.0,0.9902425804896334,0.9000000000000004,0.8912183013920006,0.21394764683901674,-0.0076469937436436375,0.0015838005533561506,0.0020897452855652204,-0.1876941078201757,0.20988753375471084,0.5104602510460251,1.5606818800450515,0.0,239
342,train,pact,3.0,0,0.5016285056306393,0.10818673747895012,0.1803112174000101,0.025675162049516972,0.0,0.01582591801835029,1.5798768874990392,1.5825032556904908,0.48176969907336153,852.6640525402884,0.6031853832834435,3.0719817794516495,0.06715901129125036,81515.0,0.0,81253.0,0.0,0.0,0.9900943729169199,0.9000000000000004,0.8910849141775314,0.7460565311032521,0.4181842629056274,0.07535383741681774,0.06672364579383128,-0.1924265489111147,0.21968010920205344,0.45188284518828453,1.5825032590833323,0.0,239
343,train,pact,3.0,0,0.41162967206828666,0.10216394151616613,0.17027322368406328,0.05914796496036163,0.0001901863883229978,0.014875165572600385,1.4186513204454876,1.4524995926533784,0.6476297792530459,1306.6851959866958,0.3804213415566349,5.778192230847091,0.0665088540574372,81753.0,0.0,81491.0,0.0,0.0,0.9912017341936982,0.9000000000000004,0.892081546484177,0.8732599130668532,0.4562020091585588,0.030337695328688078,0.06504619559545896,-0.19855380725361602,0.44559185732514317,0.2384937238493724,1.4524995946148096,0.0,239
344,train,pact,3.0,0,0.020964593625584595,0.004029624198337994,0.006716040162531324,0.0,0.0,0.015434684294225282,1.5882150438540152,1.588835965389986,0.5048045676871823,1143.8863413024646,0.3600310703201773,9.683199578249305,0.009513576956812651,81991.0,0.0,81729.0,0.0,0.0,0.9902471353818183,0.9000000000000004,0.8912224038874255,0.17765259534724426,0.11781490452946786,0.006546830660639542,0.008909798231147324,-0.18671014669828742,0.1581649307101101,0.5230125523012552,1.5888359629446638,0.0,239
345,train,pact,3.0,0,0.022306911853421187,0.004084525293996704,0.006807541731550411,0.0,0.0,0.015239515509378462,1.5696426036467612,1.569781351288991,0.17023174827489768,857.5625324329073,0.5447389739078458,3.2189202368508822,0.006977160898656838,82229.0,0.0,81967.0,0.0,0.0,0.9895850282832669,0.9000000000000004,0.8906265055784122,0.7256067843574019,0.2109755378313466,0.004157373086091522,0.006529939672169295,-0.18979550271230564,0.2252885842309861,0.4351464435146444,1.5697813566613914,0.0,239
346,train,pact,3.0,0,0.20328998215313637,0.0520548089608006,0.0867580076989257,0.03480410806554132,0.0003803727766459956,0.016081232014482364,1.5622042863937602,1.5862405871247647,0.4585617412871459,1202.7472391168442,0.46869852752366326,6.221838416913563,0.049415264280598656,82467.0,0.0,82205.0,0.0,0.0,0.9914062237639806,0.9000000000000004,0.8922655859252898,0.764999686269263,0.25759441919221227,0.01754670881111715,0.0478788128767599,-0.1969536644910884,0.2878126947387163,0.39748953974895396,1.5862405857614017,0.0,239
347,train,pact,3.0,0,0.5008256455296923,0.12289885633835484,0.2048314142846104,0.05439330593811418,0.0,0.01626129199801379,1.5713006487451338,1.5737390964599833,0.578962205593556,1064.0979913049164,0.6121385456627881,2.6671082836314723,0.0623280752472634,82705.0,0.0,82443.0,0.0,0.0,0.9905045152209294,0.9000000000000004,0.8914540494835027,0.7056735132617619,0.49597336802974823,0.0048040718881084635,0.06380415148594686,-0.1960916075556116,0.2801863556782101,0.39330543933054396,1.5737390935915303,0.0,239
348,train,pact,3.0,0,0.03862335179426082,0.007004134926753057,0.011673557941831558,0.0,0.0,0.015274531886012735,1.5613189112691201,1.5716271103675394,0.5680456323603705,990.9734006746045,0.5446458300536646,6.793528004670243,0.019023638026239388,82943.0,0.0,82681.0,0.0,0.0,0.9907691628364339,0.9000000000000004,0.8916922291452416,1.7909676288884,-0.12623070218822363,0.013010906982439178,0.016774335425302277,-0.18562339847475504,0.15685925398379774,0.5355648535564853,1.5716271127202919,0.0,239
349,train,pact,3.0,0,0.43151492035799666,0.10541332119754614,0.17568885886604035,0.04488398689605202,0.0,0.016133215751841852,1.5469646201971685,1.5565359851805236,0.5584604661584399,1196.2502906192794,0.4800251337648934,3.682213253555936,0.04835369164497001,83181.0,0.0,82919.0,0.0,0.0,0.9909262178333235,0.9000000000000004,0.8918335744526595,0.5146338735871767,0.5463369508729757,0.0016279358493712997,0.05352130269678748,-0.18635794498549657,0.19229057242054662,0.46443514644351463,1.556535985140545,0.0,239
350,train,pact,3.0,0,0.09659447261740192,0.02852620015758601,0.04754366398330573,0.0032331686014909623,0.0,0.016257605817418343,1.577582798991742,1.6026724230295444,0.40014356050531236,1201.846260102723,0.6427337896998457,1.1301043317906527,0.05061049129283952,83419.0,0.0,83157.0,0.0,0.0,0.9910684225449502,0.9000000000000004,0.8919615655763379,0.39044487758169827,0.4004613452709581,0.042752329717040995,0.04684779300767476,-0.19250578767580104,0.20416036084156802,0.5146443514644351,1.602672431120555,0.0,239
351,train,pact,3.0,0,0.0349310103396663,0.008026222381574284,0.013377036482817713,0.0,0.0,0.01510923900193375,1.5357219045631056,1.5430187435828493,0.3145161523604493,914.0079662370881,0.3114498061240966,1.6065658510479468,0.026320902443642897,83657.0,0.0,83395.0,0.0,0.0,0.9902879505975476,0.9000000000000004,0.8912591335663735,0.254424536028113,0.21792016193078845,0.023147870735517023,0.024356831486675903,-0.1869014728347096,0.21424968099943617,0.4769874476987448,1.5430187376889664,0.0,239
352,train,pact,3.0,0,0.228072871281629,0.048976881340559546,0.08162812945415852,0.022822366349367917,0.0001901863883229978,0.015011813440925158,1.5155159534270792,1.52030797757863,0.22294096107240066,829.7441375604733,0.3923548011724919,1.1704974688246659,0.03328009792038524,83895.0,0.0,83633.0,0.0,0.0,0.9900110144495465,0.9000000000000004,0.8910098921304966,0.4338722865337892,0.4358590996168338,0.009658946267329157,0.03481179305399031,-0.1837916994132345,0.2034778480073592,0.497907949790795,1.5203079690411818,0.0,239
353,train,pact,3.0,0,0.1751345835546242,0.03935007798204101,0.06558346164682494,0.012362115116298946,0.0,0.01623104060863663,1.5643925836395518,1.5802005928430598,0.3581543427630947,1002.2885652805472,0.46824337367482766,1.177819996947524,0.051421212865367036,84133.0,0.0,83871.0,0.0,0.0,0.9905827564175658,0.9000000000000004,0.8915244707502581,0.3922088559596958,0.37509291079354934,0.041519145725929324,0.05002825624196475,-0.1893019494569503,0.215258613015223,0.4309623430962343,1.5802005907743817,0.0,239
354,train,pact,3.0,0,0.0017479297706943053,0.0003341080235898452,0.0005568466570606323,0.0,0.0,0.015788988861017646,1.5854001648755254,1.5955578151108332,0.22629613912504587,1063.328973363134,0.6334056258201599,1.0433335304260254,0.025639299414837616,84371.0,0.0,84109.0,0.0,0.0,0.990808540058934,0.9000000000000004,0.8917276632336892,0.5378529677737179,-0.09235317360341333,0.024511086598133922,0.022920695072864122,-0.19432921982748552,0.23653520875990386,0.4476987447698745,1.5955578199950597,0.0,239
355,train,pact,3.0,0,0.48366004122113304,0.10624002057297406,0.17706669051072046,0.04849752802479716,0.0,0.01516135865783467,1.54418166761119,1.5535021840777856,0.4485546011617992,888.325052045878,0.567687050630358,1.144018247037752,0.045177391229760465,84609.0,0.0,84347.0,0.0,0.0,0.9898179846827455,0.9000000000000004,0.890836156063,0.6294226436789887,0.5795665138784745,0.0025431068991798216,0.04852595530554095,-0.18703724783560788,0.2003917030178937,0.4811715481171548,1.5535021880076831,0.0,239
356,train,pact,3.0,0,0.4392558730871779,0.09539603245508892,0.15899337695307653,0.04564473207525628,0.0,0.015572355775684742,1.5403138354233619,1.565711481800638,0.5778213305453376,1054.8298411349372,0.6798265836977061,1.4624721859289513,0.06284760617919921,84847.0,0.0,84585.0,0.0,0.0,0.9907408436471947,0.9000000000000004,0.8916667370616641,0.5711265213047335,0.5667465794766334,0.06626745285605316,0.06457235881957424,-0.18871239729972836,0.2080477165494525,0.4602510460251046,1.5657114778147485,0.0,239
357,train,pact,3.0,0,0.4204580038737225,0.08500239098229104,0.14167064259630757,0.029288703240610066,0.0,0.015316155444924179,1.486611145061429,1.513740400639538,0.5204189834983778,1035.1984212069333,0.7368052579369007,0.7731063991909746,0.06170206887366944,85085.0,0.0,84823.0,0.0,0.0,0.9902669131506437,0.9000000000000004,0.8912402062236514,0.5902166551877591,0.5744816618194046,0.0697998547095906,0.06212495774358012,-0.18142889290512168,0.19071782545476126,0.45188284518828453,1.5137404025539691,0.0,239
358,train,pact,3.0,0,0.0001001795120615216,2.304972385672003e-05,3.841620476363094e-05,0.0,0.0,0.015942333501892236,1.6132475175119345,1.6293427403003102,0.41708876672648987,957.2236412399484,0.8508939146995544,0.5041830539703369,0.032244217453941425,85323.0,0.0,85061.0,0.0,0.0,0.9910972948852443,0.9000000000000004,0.8919875519545009,2.5196574732991035,-1.8580177217795164,0.029219728666718986,0.02842386517669834,-0.1948278879443378,0.20662334193892995,0.502092050209205,1.6293427309270547,0.0,239
359,train,pact,3.0,0,0.3685238404330022,0.07486732634199417,0.12477886901925943,0.022251806685615286,0.0,0.015092791021104014,1.5108058849139194,1.5150773450420492,0.4234323264664686,862.8288063464304,0.6618847867247949,0.8115854916712231,0.03736484031260908,85561.0,0.0,85299.0,0.0,0.0,0.9901261127643506,0.9000000000000004,0.8911134762744025,0.48728908242505664,0.5101577218151213,0.0016463202985404577,0.0410224256104138,-0.18933282897502246,0.2938366123623846,0.38493723849372385,1.5150773464635119,0.0,239
360,eval,pact,3.0,0,0.5017308984838317,0.0776600602479463,0.1294334272778957,0.0,0.0,0.008586427139383292,0.6602519605947837,0.6715072079183666,0.5333647431190044,2265.426402582783,0.29199859770950104,7.464310124828227,0.04889915014176813,85799.0,0.0,85537.0,0.0,0.0,0.9957984825557246,0.9000000000000004,0.8962186128524556,0.6991236653708709,0.4683913152931004,0.14541804147037593,0.04802398619955117,-0.08665214648028832,0.010326715926288612,0.9707112970711297,0.6715072078255102,0.0,239
361,eval,pact,3.0,0,0.06794360041903054,0.010216933436883615,0.017028221443606488,0.0,0.0,0.009498394881550487,0.7079350953321577,0.7197721293780595,0.5285049497333032,24907.510537885722,-0.11531410946132747,150.08541082837093,0.014580771104904149,86037.0,0.0,85775.0,0.0,0.0,0.9928391568331539,0.9000000000000004,0.8935552221960602,1.0528843270666792,0.31541473363631234,0.009562927076373906,0.013115112776439402,-0.08771382660134198,0.008071456126294549,0.9748953974895398,0.719772125929058,0.0,239
362,eval,pact,3.0,0,0.0,0.0,0.0,0.0,0.0,0.009278498890042055,0.7098404846181431,0.712723354166023,-0.09539684115287508,190703.1764840481,-0.11488108336925507,169.80784606933594,0.002497297356092219,86275.0,0.0,86013.0,0.0,0.0,0.9946251050822406,0.9000000000000004,0.895162568493867,nan,nan,0.0016936645838217692,0.0016936645877185165,-0.0858813974824478,0.002344283213151726,0.99581589958159,0.7127233564189428,0.0,239
363,eval,pact,3.0,0,0.4859937123801958,0.09262851934686886,0.154380856864572,0.018257892967268013,0.0,0.008757506971633272,0.7156944587889077,0.708274392777407,0.22499302637989332,122290.75094796024,0.08707494503783382,71.45172618722317,0.06580530347840308,86513.0,0.0,86251.0,0.0,0.0,0.9886282858240055,0.9000000000000004,0.8897654353075946,0.6610958085985242,0.3497412309284347,0.029192498544367347,0.06485932923962506,-0.10372651718714453,0.08567019792872192,0.7280334728033473,0.7082743918191317,0.0,239
364,eval,pact,3.0,0,0.48241889700017115,0.057901474012297706,0.09650245076261542,0.003233168539143008,0.0,0.008491271849581388,0.6726105209424406,0.706891371864654,0.3236352471969866,71122.37984603818,0.06264246401482235,34.95111699882411,0.039312098950739935,86751.0,0.0,86489.0,0.0,0.0,0.9842897915441122,0.9000000000000004,0.8858607915156057,0.7980636750205007,0.36720707950306875,0.013041096040979028,0.03797245985988107,-0.09043362683061577,0.017745333689426986,0.9581589958158996,0.7068913695336245,0.0,239
365,eval,pact,3.0,0,0.478391402922768,0.08467057916930563,0.14111762414239473,0.007417269019901004,0.0,0.00863074025072968,0.6752158812399189,0.6920295983677629,0.24274731736053481,38922.710986532424,-0.02482617038904171,59.64020565463908,0.050819922608779315,86989.0,0.0,86727.0,0.0,0.0,0.9910276267817828,0.9000000000000004,0.8919248416334017,0.7222459740548535,0.45988081367099276,0.023237482664432933,0.049452648118185075,-0.09422813768769508,0.02783465384729517,0.9121338912133892,0.6920296015848014,0.0,239
366,eval,pact,3.0,0,0.020964593625584595,0.0020548652536029953,0.003424775178835749,0.0,0.0,0.009222383515433911,0.6881278988955909,0.7145873490237791,0.1708691466490594,203390.69612970712,-0.09766304121980109,137.0789151690495,0.009269045201173075,87227.0,0.0,86965.0,0.0,0.0,0.9883546138408293,0.9000000000000004,0.8895191268442066,1.1484990361447878,0.4034053263457379,0.00781886040631528,0.0073462796273785465,-0.08473596508268558,0.004777589839461111,0.9790794979079498,0.714587347335581,0.0,239
367,eval,pact,3.0,0,0.3028837280172224,0.05198417354149265,0.0866402826121348,0.007036896180907054,0.0,0.009315659042650436,0.7263774293237152,0.751885195157518,0.5802094904261653,62762.646435342576,-0.02005980774335501,76.18555424103677,0.025945679486288873,87465.0,0.0,87203.0,0.0,0.0,0.989872681545912,0.9000000000000004,0.8908853918688068,1.0018198837799703,0.5538107835845769,0.0055044275767248225,0.02400373076147178,-0.09506482400657204,0.010326715926288614,0.9790794979079498,0.7518851922216127,0.0,239
368,eval,pact,3.0,0,6.514758795400435e-05,1.116347934592371e-05,1.860579915849344e-05,0.0,0.0,0.009362964793478595,0.7110809390764357,0.7107308483273415,-0.19748164280064434,287825.9313546025,-0.06097045913338661,114.51490020751953,0.003910962739183906,87703.0,0.0,87441.0,0.0,0.0,0.9939492544369718,0.9000000000000004,0.894554301846975,38.760059773442876,-177.95163382229643,0.0017649588642777803,0.002155166754019778,-0.08732627499295442,0.0030564705184130095,0.9874476987447699,0.7107308465119277,0.0,239
369,eval,pact,3.0,0,0.5016285062847449,0.06819365010706407,0.11365607714705597,0.0030429822131679647,0.0,0.008027011124323663,0.6666695970621069,0.6652593410663525,-0.04090431932687261,107804.38026281381,0.03719301913340311,59.88367092659284,0.03705801127895432,87941.0,0.0,87679.0,0.0,0.0,0.9837954205199765,0.9000000000000004,0.8854158531921179,0.6750222279086565,0.46499912938600496,0.0035623088479042053,0.03684614625248949,-0.08517710472520051,0.0153120270631176,0.9707112970711297,0.6652593363313846,0.0,239
370,train,pact,3.0,0,0.4941819601855557,0.11127221441166363,0.18545368096990186,0.03138075363685895,0.0,0.016448134207653824,1.573149341170259,1.5951895115265786,0.4995979269475493,3684.4341627304525,0.5994636177759477,6.0646053343138435,0.06580612974077713,88179.0,0.0,87917.0,0.0,0.0,0.9834804894036329,0.9000000000000004,0.8851324317345559,0.8492552254918413,0.4614402889230329,0.03932365059154108,0.06468162917099488,-0.20354454100575112,0.3571322591174812,0.3179916317991632,1.59518951190826,0.0,239
371,train,pact,3.0,0,0.4175653372727219,0.10691415178582825,0.1781902387436991,0.06884747113892224,0.0,0.015556874932432898,1.4756818099500744,1.5144586430932687,0.6188408814713546,1380.613928886637,0.5870235180131561,3.8324805637782586,0.07260920902495915,88417.0,0.0,88155.0,0.0,0.0,0.9919296582872399,0.9000000000000004,0.8927366716093598,0.7791824389157208,0.43395786869208697,0.034437548785159984,0.07128502529652236,-0.19186636471868715,0.3053503071307754,0.3389121338912134,1.5144586438533372,0.0,239
372,train,pact,3.0,0,0.4689258159280493,0.09973019615617164,0.16621698633514131,0.02909851710167889,0.0,0.014321312193357421,1.4417627733122853,1.444615246860552,0.607281472892442,989.1733406098816,0.5418524383002246,2.9349212960718067,0.04337641540973225,88655.0,0.0,88393.0,0.0,0.0,0.9902163689106578,0.9000000000000004,0.8911947111704359,0.6412009889812321,0.5944279709270424,0.011753318115260522,0.046006801578111045,-0.19384122741149587,0.40944835158313303,0.25523012552301255,1.4446152496963316,0.0,239
373,train,pact,3.0,0,0.19920830527869945,0.04351032956376352,0.07251721104019977,0.01939901154659782,0.0,0.015458428408077696,1.5333474794691078,1.543594348630147,0.5136155689361205,962.6399965166547,0.6658769291689206,1.226536895440712,0.052195840144031155,88893.0,0.0,88631.0,0.0,0.0,0.9898329327296014,0.9000000000000004,0.8908496247175847,0.4478383277744473,0.43770561920606377,0.044486216798594054,0.05086973706303188,-0.18537066794563634,0.2012819371494703,0.46443514644351463,1.5435943438996584,0.0,239
374,train,pact,3.0,0,0.03862335179426082,0.010085291490437942,0.01680881874342342,0.0,0.0,0.01571079499622082,1.5916043876604056,1.6069996823326813,0.45347791074708915,988.9902573589501,0.511235981805554,6.801878449807107,0.028067691997375542,89131.0,0.0,88869.0,0.0,0.0,0.9909501853847105,0.9000000000000004,0.8918551343754245,2.1987747900298653,-0.5095432211802922,0.014978504492557745,0.024303716762043986,-0.1941077782449132,0.23442832131517255,0.4393305439330544,1.6069996897126322,0.0,239
375,train,pact,3.0,0,0.09659447261740192,0.021670292106334796,0.03611715111666138,0.0034233548651180505,0.0,0.015707108057708048,1.565668596383418,1.5712635444796734,0.2606931516129103,886.9623188353982,0.48537860879339434,5.931342924489137,0.016081404704754616,89369.0,0.0,89107.0,0.0,0.0,0.9896159201985124,0.9000000000000004,0.8906543070302348,0.2935731131504703,0.30495929523822984,0.0013661968370797695,0.016655877445426612,-0.18673977034350786,0.17641473040743047,0.502092050209205,1.5712635436306348,0.0,239
376,train,pact,3.0,0,0.0008817254575398053,0.00024385262719330196,0.000406421012930459,0.0,0.0,0.015843860504985104,1.566404060090436,1.5774411853387267,0.09049153739706298,951.5678154215154,0.5744338631629944,1.1201131343841553,0.014727018291576839,89607.0,0.0,89345.0,0.0,0.0,0.9899895458041873,0.9000000000000004,0.8909905647632966,0.5477921881837867,-0.07760875127377287,0.013803190151260683,0.01319625750563992,-0.1921183590575753,0.24333066263093858,0.4100418410041841,1.577441187544032,0.0,239
377,train,pact,3.0,0,0.49865054549941856,0.10906761062276274,0.18177934112372515,0.03271205841746789,0.0,0.015654595646711074,1.541717653244609,1.5742482889646268,0.5892638745893058,864.2267731862088,0.5798475584599763,3.4360404505889286,0.06505464857529895,89845.0,0.0,89583.0,0.0,0.0,0.9907444580828295,0.9000000000000004,0.891669988881594,0.7386833082261333,0.44620177743737166,0.0414059783021609,0.06507480949179024,-0.19552535244271954,0.2809282174545239,0.38493723849372385,1.5742482954912922,0.0,239
378,train,pact,3.0,0,0.11274788101110218,0.029811423910702222,0.049685703545060377,0.009699505742124933,0.0,0.01569128496899702,1.5792803552360215,1.5833817947359763,0.48741463400330004,965.9988998349241,0.5217606026881908,8.407424280334217,0.028555843024660743,90083.0,0.0,89821.0,0.0,0.0,0.9903221150322439,0.9000000000000004,0.8912898775922703,0.3426830563942288,0.36672843363446694,0.013325486592798223,0.028640348086022543,-0.18899663231940161,0.19552508976527494,0.5146443514644351,1.5833817923823221,0.0,239
379,train,pact,3.0,0,0.00046352766528258015,0.00014877390427218759,0.00024795649623681956,0.0,0.0,0.015025884807343638,1.5834886389297422,1.5945632160956889,0.24849543162469584,1045.6668256815508,0.3543342649936676,1.496553897857666,0.023603760011184367,90321.0,0.0,90059.0,0.0,0.0,0.9903994718854896,0.9000000000000004,0.891359504047298,0.7871959841796203,-0.24100507809451366,0.02206114747936915,0.021132029000198213,-0.19211255825048892,0.20240956704946733,0.502092050209205,1.5945632169419293,0.0,239
380,train,pact,3.0,0,0.012006890569388804,0.0032641070987870936,0.005440178308235316,0.0,0.0,0.015423238663213273,1.5844101312270225,1.5838696383033337,-0.08758658507452093,1002.363406129462,0.35057553530487556,1.499473338346601,0.003905923205356466,90559.0,0.0,90297.0,0.0,0.0,0.9903934705207538,0.9000000000000004,0.8913540977314426,0.19476010020874993,0.15109427815310128,0.0012058819407000123,0.0038330493996635365,-0.18539778829208484,0.14860975103118787,0.5397489539748954,1.5838696257765186,0.0,239
381,train,pact,3.0,0,0.1161134909462402,0.03188439583680512,0.05314065694100726,0.00475465964572699,0.0,0.015653598566527895,1.5981127372845447,1.5915222534574724,-0.5009362773432018,1036.1064593582473,0.28988447698090364,1.431987908594778,0.02439789736651227,90797.0,0.0,90535.0,0.0,0.0,0.9904497360584626,0.9000000000000004,0.8914047434738989,0.3144999578142613,0.33248654275351963,0.004327496386820287,0.02514992433475432,-0.18881144161471788,0.1824386480310988,0.5188284518828452,1.5915222598217231,0.0,239
382,train,pact,3.0,0,0.41462239765982967,0.08954357363827474,0.14923928117369925,0.03594522658252317,0.0,0.014979359460020415,1.511780187924038,1.5202738330952792,0.40753022746560963,1020.793403146656,0.49657572425558977,1.0675855401170802,0.05296406785131405,91035.0,0.0,90773.0,0.0,0.0,0.9906452492689987,0.9000000000000004,0.8915807028694631,0.5870209972814365,0.5930594339779551,0.04654274996688688,0.05598884124979065,-0.18444377881549903,0.22902756758360782,0.41841004184100417,1.520273833845657,0.0,239
383,train,pact,3.0,0,0.19514417073502602,0.04359725428560116,0.07266208650391764,0.01426397893718097,0.0,0.015876798999639983,1.5863394173618142,1.60125354044607,0.6740650063279283,1041.503114069855,0.5902127485145585,6.217516405063693,0.04039606628364739,91273.0,0.0,91011.0,0.0,0.0,0.9903220721368511,0.9000000000000004,0.8912898461689012,1.2557805570093703,0.38574591394459645,0.021878799681789837,0.03663107647782651,-0.19762024266636344,0.2705124781150776,0.3891213389121339,1.6012535354878294,0.0,239
384,train,pact,3.0,0,0.4955261337087284,0.1109857643595468,0.18497626173828616,0.037656904139778104,0.0,0.014956040208512395,1.4956231431482228,1.5143481198713868,0.6642274972534579,1050.6822256942175,0.5443043547943546,2.5844000759982664,0.06659508476649492,91511.0,0.0,91249.0,0.0,0.0,0.990869616614226,0.9000000000000004,0.8917826291906285,0.7535333214443148,0.45944301256449405,0.04702249507730206,0.06721021931727561,-0.1892430594550275,0.29312442505712333,0.35564853556485354,1.5143481259937157,0.0,239
385,train,pact,3.0,0,0.5012103088587818,0.11089462727840285,0.1848243668708956,0.05154051030031308,0.0,0.01552271780998263,1.5244531257381997,1.5421385311182574,0.6852167148969164,924.4982820774222,0.6540971528037323,2.289354597674254,0.05488478830356977,91749.0,0.0,91487.0,0.0,0.0,0.9900364579017192,0.9000000000000004,0.8910327937812486,0.75015142126943,0.5232345447792648,0.028625667840242387,0.05696189326378342,-0.18457091681251664,0.18861093801002995,0.4560669456066946,1.5421385297459587,0.0,239
386,train,pact,3.0,0,0.000463527011177035,8.542704659954461e-05,0.00014237840176476205,0.0,0.0,0.015769982001272706,1.5643808998822168,1.5798749868839854,0.539527824483656,1032.1819230722085,0.7453622817993164,6.204417705535889,0.021422717096303515,91987.0,0.0,91725.0,0.0,0.0,0.9908442197983235,0.9000000000000004,0.8917597814085094,64.23109025075318,-69.84317439175673,0.014462480499995831,0.019138428055005204,-0.19375965439640913,0.2537167274993323,0.45188284518828453,1.5798749790788404,0.0,239
387,train,pact,3.0,0,0.41462237339922975,0.10129420973712647,0.16882367135072687,0.06124001548130642,0.0,0.01556454611373247,1.5581801077312007,1.5918290662466232,0.5939784528820086,1031.3029279509349,0.5960323223873396,3.990799896886658,0.07229370300981477,92225.0,0.0,91963.0,0.0,0.0,0.9912797489425628,0.9000000000000004,0.8921517557678861,0.739748083386643,0.40026602346691476,0.032447694629234705,0.071837014429053,-0.20409397014535643,0.33348170568859614,0.3723849372384937,1.5918290534660935,0.0,239
388,train,pact,3.0,0,0.020964593625584595,0.004414111400992966,0.007356851966996827,0.0,0.0,0.015649740701097075,1.5785428864187776,1.581897931368281,0.4319971687624145,1027.7724239078027,0.6563536194951963,6.5856801261462925,0.007973614740187875,92463.0,0.0,92201.0,0.0,0.0,0.990199589579674,0.9000000000000004,0.8911796035128159,0.20208016868570633,0.1624523013471546,0.004712957122315744,0.0075883571384620764,-0.18816428349153885,0.18626665479687826,0.502092050209205,1.5818979292172477,0.0,239
389,train,pact,3.0,0,0.015004504288443965,0.0033660804887305144,0.005610133919883889,0.0,0.0,0.0156144851830371,1.5584288748238375,1.5615091982246943,0.12676888483938875,962.5543971360977,0.5419117014652516,1.8418724287503934,0.0069376452923747495,92701.0,0.0,92439.0,0.0,0.0,0.9902622285747129,0.9000000000000004,0.8912359835213697,0.962312669859781,0.11900461745016955,0.004267808920765254,0.006405495703193577,-0.187781788270024,0.2018457520994688,0.4602510460251046,1.5615092051856303,0.0,239
390,eval,pact,3.0,0,0.28232657409398026,0.046401459002538795,0.07733575837111523,0.023392925015553272,0.0,0.008975364388625243,0.6386480616974531,0.7135075032711029,0.3420324886303442,3134.525699376062,0.18045996629855124,10.511967984702299,0.04393884586754828,92939.0,0.0,92677.0,0.0,0.0,0.9970271046191579,0.9000000000000004,0.8973243715374041,0.6383623305472653,0.20664723225662496,0.013669577911579316,0.04248821421499095,-0.09328081124434544,0.034274014065699285,0.9497907949790795,0.713507500032553,0.0,239
391,eval,pact,3.0,0,0.10942612930107716,0.019656460789774732,0.032760766482786335,0.0,0.0,0.009009832455913018,0.6919808336631025,0.7024301108456057,0.16551906412864828,31389.490769645658,0.013110035402791879,77.42663254498437,0.021285407924167343,93177.0,0.0,92915.0,0.0,0.0,0.9937173190476006,0.9000000000000004,0.8943455713064601,0.5302283128462906,0.25197033458744134,0.009062762787111867,0.02064758188443874,-0.09673657259747098,0.048547434641977506,0.7907949790794979,0.7024301125363727,0.0,239
392,eval,pact,3.0,0,0.3575846668143823,0.05518267413678727,0.09197111831453486,0.0020920502715529757,0.0,0.007697258664832829,0.6438807290218864,0.606627785012313,0.09576440030693321,133154.7592834728,-0.001568139246012236,74.06541495542646,0.035213723741705574,93415.0,0.0,93153.0,0.0,0.0,0.984427749050711,0.9000000000000004,0.8859849552230357,0.5272035410033274,0.39166905379116945,0.0030153709493817822,0.03577561871047331,-0.07983316881796598,0.05970503575773762,0.8870292887029289,0.6066277863438232,0.0,239
393,eval,pact,3.0,0,0.05794354536329254,0.013251616004115277,0.022086025320653995,0.0,0.0,0.009319184188220541,0.6659998817673288,0.7296673081908764,0.18888264777583058,104398.58266867154,0.16504813618490385,92.45554323076703,0.021845056357789612,93653.0,0.0,93391.0,0.0,0.0,0.9954017999281943,0.9000000000000004,0.8958616104584858,1.534317777611597,0.009866759495925415,0.010767837271800843,0.018500682088316546,-0.09064798548157231,0.0,1.0,0.7296673073337645,0.0,239
394,eval,pact,3.0,0,0.19514420172920505,0.024844584380805973,0.041407639026436294,0.0,0.0,0.008253591645618114,0.6503290111300337,0.6431399310732486,0.1670311859275008,331616.7694658734,0.08277839043462126,83.13956761060898,0.018117472069108055,93891.0,0.0,93629.0,0.0,0.0,0.9805732287123612,0.9000000000000004,0.8825158854658135,0.5765612114091332,0.3330332838119424,0.001965580755823705,0.017664190004755078,-0.07373007464928433,0.00014837235526276744,0.99581589958159,0.6431399302551517,0.0,239
395,eval,pact,3.0,0,0.05101152724064263,0.007372579379985669,0.012287631739093143,0.0,0.0,0.00870710341201386,0.6516466104585257,0.6670040999496333,0.051060464644997486,48972.96152180309,-0.04080709080878162,17.529639854590762,0.01193146039848703,94129.0,0.0,93867.0,0.0,0.0,0.9883481812776382,0.9000000000000004,0.8895133422009616,0.6600840691331257,0.5500713363597973,0.00982857279816253,0.010989510686093919,-0.0759413582150107,0.010831181934182024,0.9665271966527197,0.6670040971644937,0.0,239
396,eval,pact,3.0,0,0.06283616020874398,0.007277518212291116,0.012129196624833433,0.0,0.0,0.008639798372999519,0.6610249891939523,0.6723351220456127,0.09528956475115291,181762.1458060931,-0.026841323637397704,62.33538729775401,0.011147017161085205,94367.0,0.0,94105.0,0.0,0.0,0.9937006783784683,0.9000000000000004,0.8943305833569132,0.8433806370219249,-0.0013329013819869395,0.004819320819373135,0.009988468850058772,-0.09007682783804934,0.00528205584735452,0.9163179916317992,0.6723351216624097,0.0,239
397,eval,pact,3.0,0,0.08452669602320004,0.012318966147180786,0.020531608885366988,0.0,0.0,0.008681421649396793,0.6542326004934111,0.645982246269242,-0.8376962540195826,490056.3109309623,-0.05652575350462003,68.15980943177036,0.009648984549937295,94605.0,0.0,94343.0,0.0,0.0,0.9875611745163986,0.9000000000000004,0.8888050305294691,0.591002319540402,0.31995936581056417,0.0015400634516348562,0.00923465819742967,-0.07461334233803713,0.0018101427342057629,0.99581589958159,0.6459822449588474,0.0,239
398,eval,pact,3.0,0,0.03862336533101252,0.008813137158704118,0.01468856072707358,0.0,0.0,0.008596698126159453,0.6609217026991824,0.6558758904495,-0.5872357087092919,159620.92236532428,0.02806756332921932,38.38266487600414,0.010199517747153485,94843.0,0.0,94581.0,0.0,0.0,0.9939583347931068,0.9000000000000004,0.8945624802152482,0.5014361381593321,0.42276192509070243,0.005283270801590562,0.009333992185982949,-0.07774537676116527,0.006795453871034749,0.9874476987447699,0.6558758909226935,0.0,239
399,eval,pact,3.0,0,0.00014589585375555142,3.948861033308405e-05,6.581434845962371e-05,0.0,0.0,0.008725644289964038,0.6577241960679138,0.6701014014467535,-7.452728479726544,553712.1434361924,0.11958708614110947,63.72800064086914,0.008505560153273079,95081.0,0.0,94819.0,0.0,0.0,0.9941267975952834,0.9000000000000004,0.8947140866243689,2.0935078286519,-1.0756391610378726,0.005086776593829066,0.0049904268858447735,-0.07777251581300335,0.001097955428944479,0.99581589958159,0.6701014022588737,0.0,239
400,train,pact,3.0,0,0.29059125512998374,0.07660292280143724,0.1276715278477412,0.058197033392834364,0.0011411183299379866,0.01602182534979228,1.5689253083831596,1.5983600853377307,0.3080364689152984,12083.399854332833,0.36204474734797076,8.987050258963677,0.06698195104950953,95319.0,0.0,95057.0,0.0,0.0,0.9818844601948391,0.9000000000000004,0.8836959930892768,0.8717486651319556,0.2976840610295526,0.025576357255605135,0.06156705221098898,-0.20098904427953568,0.31472743998338226,0.35564853556485354,1.5983600763273513,0.0,239
401,train,pact,3.0,0,0.4417291690690918,0.09532854341779214,0.15888089619121012,0.03651578605923194,0.0,0.015408702471359753,1.5495276765344532,1.5461275811973476,0.46143578261012314,1040.073566516573,0.5022368240306567,4.9672481718173085,0.045246177587256804,95557.0,0.0,95295.0,0.0,0.0,0.9899570615221766,0.9000000000000004,0.8909613340469584,0.5161027053783368,0.5438355491262746,0.00568114722563857,0.04955012069637088,-0.18197171953994662,0.14860975103118784,0.5690376569037657,1.5461275859509616,0.0,239
402,train,pact,3.0,0,0.0014944071429085072,0.00039651335146308344,0.0006608555789220548,0.0,0.0,0.016116956621018787,1.5811568094596704,1.6051026994214397,0.3927157460146868,1016.1769309582571,0.8604705929756165,0.7157430052757263,0.032992032620443076,95795.0,0.0,95533.0,0.0,0.0,0.9912147053116036,0.9000000000000004,0.8920932117865176,29.619889609442552,-31.21803382681938,0.01956531728975521,0.029444809495247356,-0.19035187061416287,0.19344787679159617,0.4686192468619247,1.6051027021091024,0.0,239
403,train,pact,3.0,0,0.5020820002191994,0.10841271067052183,0.18068784006619396,0.03632559979560485,0.0,0.01483639239072488,1.493124077010853,1.5044198250670813,0.6121023936999892,855.5978329710382,0.633330592893407,1.877185312773892,0.06058138943699609,96033.0,0.0,95771.0,0.0,0.0,0.9901607862077497,0.9000000000000004,0.8911446821739484,0.7301135143065653,0.448480287312643,0.05638503407438596,0.06155945623435263,-0.1849085827091511,0.2633015816493071,0.37656903765690375,1.5044198362925179,0.0,239
404,train,pact,3.0,0,0.4994180284038787,0.1071585543630356,0.1785975799648745,0.028527958061405803,0.0,0.015620612478951405,1.5401254044417059,1.5551361755845936,0.728359777308907,727.8178003542592,0.6664588455126376,2.823230156589253,0.057665466143901625,96271.0,0.0,96009.0,0.0,0.0,0.9906479289840954,0.9000000000000004,0.8915831214713252,0.844929640834804,0.5011011662414409,0.04076522474431179,0.058056238097641384,-0.18809430824335777,0.2150212172468026,0.4309623430962343,1.5551361758869247,0.0,239
405,train,pact,3.0,0,0.38597856810663256,0.08854796786784173,0.14757993826690732,0.04678585034284632,0.0,0.01503305691080051,1.5520590177140974,1.5533899944197682,0.6099728108948743,856.1666977375621,0.5462390131406705,4.580582561852044,0.04519143883746787,96509.0,0.0,96247.0,0.0,0.0,0.989443062239611,0.9000000000000004,0.8904987386579792,0.5377542734302717,0.5731985035515834,0.018558304608963867,0.04945511863446136,-0.1840135855665677,0.1670969464969287,0.48535564853556484,1.5533899958746482,0.0,239
406,train,pact,3.0,0,0.45108052358230005,0.10285198140402191,0.17141996066310788,0.03879802234502018,0.0,0.01438964405934868,1.4473180169839739,1.484680956377644,0.5405296842922227,931.6708243781054,0.6858033746106854,0.9033498664281359,0.06775193865446054,96747.0,0.0,96485.0,0.0,0.0,0.9912537528381188,0.9000000000000004,0.8921283543359285,0.6494519672337978,0.6258312641609779,0.09877069504751314,0.06849935790134212,-0.19040725531517202,0.33303658862280777,0.3389121338912134,1.4846809494967477,0.0,239
407,train,pact,3.0,0,0.5013695566800022,0.11249269018781473,0.18748780668365306,0.04069988653998993,0.0,0.015555567322415786,1.5300654561948577,1.565709028782705,0.6945640649256846,901.2544798272424,0.6342630479874471,2.278023616788776,0.06911171206651123,96985.0,0.0,96723.0,0.0,0.0,0.9904262625522693,0.9000000000000004,0.8913836227301274,0.8792272177116061,0.4645448730419969,0.13421942027551786,0.06770133473384331,-0.18973437152461398,0.22659426095729843,0.41422594142259417,1.5657090184370914,0.0,239
408,train,pact,3.0,0,0.38934417804177057,0.08748116820195065,0.14580193628679045,0.03746671768910715,0.0,0.015728531855404,1.5893499798854525,1.5767584181230936,0.5817466186180275,1135.896457049637,0.507779893328954,6.232097042155565,0.05780905693336916,97223.0,0.0,96961.0,0.0,0.0,0.9907048751120787,0.9000000000000004,0.8916343600181356,0.4883874547106563,0.5120348224197657,0.03851279645182547,0.06086419601379173,-0.19407235939628042,0.264636932846672,0.4225941422594142,1.5767584229288507,0.0,239
409,train,pact,3.0,0,0.10614912902745642,0.023740628436099392,0.03956771182531012,0.0003803727766459956,0.0,0.015834389301211765,1.5641188943236444,1.5952528206374357,0.5180599027348363,1159.4711587179654,0.7428994051582145,5.250382418911826,0.03612363687667715,97461.0,0.0,97199.0,0.0,0.0,0.9907834986263738,0.9000000000000004,0.891705121704724,1.7134669340845132,0.018971949645222974,0.017499039604352302,0.030618480964910596,-0.18720048744488993,0.16202261194694204,0.49372384937238495,1.5952528206514758,0.0,239
410,train,pact,3.0,0,0.048809969762233514,0.010633662135987682,0.01772276895217641,0.0,0.0001901863883229978,0.015243225695884877,1.5422877469820957,1.5420712277480249,0.3240484613379674,868.8781421613494,0.4113669575008887,4.5344608653040614,0.014608166190780014,97699.0,0.0,97437.0,0.0,0.0,0.989744490160603,0.9000000000000004,0.8907700210934404,0.6904647100663927,0.12878148124631184,0.006407911244065637,0.013783617675909382,-0.19057867641674744,0.27448885723611977,0.3598326359832636,1.5420712331501722,0.0,239
411,train,pact,3.0,0,0.2615026996800263,0.06253455793585204,0.10422425576592001,0.03042982125880828,0.0,0.015325907280738758,1.5524035387956947,1.561237462145514,0.15812786875967771,872.70483168598,0.40878461893632323,3.4094354288348594,0.033096133505416035,97937.0,0.0,97675.0,0.0,0.0,0.9899359814292716,0.9000000000000004,0.8909423545813461,0.4503698735316353,0.48019897299249825,0.0010830368476638244,0.036022250979471336,-0.1838998248348112,0.14908454256802872,0.5355648535564853,1.5612374684522548,0.0,239
412,train,pact,3.0,0,0.4204580038737225,0.09565066760223695,0.1594177709840669,0.03537466791633782,0.0,0.01607059093511753,1.5775572971818836,1.5909701500976434,0.4861182797404014,985.1693733247254,0.5342975969905633,1.5900655014744363,0.06754178208178183,98175.0,0.0,97913.0,0.0,0.0,0.9903884043753397,0.9000000000000004,0.8913495460813514,0.5670819668844563,0.5696250126915703,0.07533383535573611,0.06975650476977603,-0.1930965324331308,0.23392385530727916,0.38493723849372385,1.590970160282226,0.0,239
413,train,pact,3.0,0,0.496713411596384,0.10024261826817477,0.1670710227478278,0.019399011359553957,0.0,0.0146360995372656,1.5394007887800367,1.554229686699153,0.761183134930902,760.5304644596627,0.7590082276565759,2.801011947034293,0.0553752724217664,98413.0,0.0,98151.0,0.0,0.0,0.9899709942949367,0.9000000000000004,0.8909738794530286,1.009253502599531,0.5015089485785854,0.04127252900174686,0.05368373049890708,-0.1820915882706564,0.14234843763909907,0.5774058577405857,1.554229682748422,0.0,239
414,train,pact,3.0,0,0.3756273159996906,0.07974390168344285,0.13290649450736128,0.025294789272870977,0.0,0.01443986353273484,1.4998411229464799,1.4991520695606535,0.6164313609629994,744.7401973453027,0.5582675691927826,4.159690498806942,0.04207248436131176,98651.0,0.0,98389.0,0.0,0.0,0.9902930369436991,0.9000000000000004,0.891263715143483,0.5286683327181576,0.5464015724914613,0.014296150956810876,0.04561345346143399,-0.18637151033163513,0.2731831805098074,0.39748953974895396,1.4991520689188995,0.0,239
415,train,pact,3.0,0,2.1493512025067902e-05,2.269957419599321e-06,3.783262464939714e-06,0.0,0.0,0.01560259782066218,1.5729934979682187,1.5802628919170492,0.40498860822561894,888.9068187250751,0.7472941875457764,0.7610796093940735,0.032963074392553374,98889.0,0.0,98627.0,0.0,0.0,0.9898255459933102,0.9000000000000004,0.8908429721908091,484.3597010404176,-542.4309506190519,0.028463867725309063,0.02908472337947075,-0.2018051174132118,0.34125641710436516,0.3389121338912134,1.5802628848290043,0.0,239
416,train,pact,3.0,0,0.0043400218550171355,0.0008154275246738032,0.0013590457888902653,0.0,0.0,0.015236407818436373,1.5864470122249554,1.5861513056016867,0.1828495370551445,811.7469020189102,0.15735300963892598,1.4773655658486498,0.0023453757424717553,99127.0,0.0,98865.0,0.0,0.0,0.9899006124320888,0.9000000000000004,0.8909105301900888,0.3806196648723849,0.04339380971911744,0.0015761539807798398,0.0021784374829884384,-0.19886710090893478,0.30799133505445264,0.33472803347280333,1.5861513046621973,0.0,239
417,train,pact,3.0,0,0.010237411712357194,0.00206911727542761,0.003448528684701266,0.0,0.0,0.015423381042561522,1.591899024891554,1.5923904853884645,-1.2491459682833201,816.8290310783865,0.03228416800241777,2.709788757388063,0.004199989287227258,99365.0,0.0,99103.0,0.0,0.0,0.9901906002515529,0.9000000000000004,0.8911715172324719,0.44444710657492176,0.01793837972903678,0.002275082838013095,0.003944009874754237,-0.19244590636682593,0.22104513487047095,0.47280334728033474,1.5923904933840622,0.0,239
418,train,pact,3.0,0,0.006565895839070679,0.0013547761449460027,0.002257960086269986,0.0,0.0,0.01567106217021224,1.5674355935352118,1.5673971278398107,-4.850844141329682,894.2870662162494,0.1232779955717435,1.6798218219350072,0.0031536178510303894,99603.0,0.0,99341.0,0.0,0.0,0.9901144950958476,0.9000000000000004,0.8911030267571804,0.3604614116872252,0.01004240312328386,0.00185841471064027,0.002947496050259071,-0.19793648241324632,0.32591471557019497,0.3179916317991632,1.5673971268064832,0.0,239
419,train,pact,3.0,0,0.47839141184577105,0.10647049895755627,0.17745082311770122,0.037466717876151016,0.0,0.014791026058758776,1.5412266164643993,1.5467004958057005,-4.197012375070904,911.6551950366926,0.4226657638840658,1.3149194517893772,0.0456796940530869,99841.0,0.0,99579.0,0.0,0.0,0.9899856525484987,0.9000000000000004,0.890987070035735,0.5970555418378953,0.5727788260904706,0.000884098152961629,0.04968953210723404,-0.18430328453788603,0.18332888216267546,0.5146443514644351,1.546700494242546,0.0,239
420,eval,pact,3.0,0,0.44414848793262934,0.06534630895763546,0.10891050880153934,0.0019018638832299778,0.0,0.009012279118251476,0.6765371445083219,0.7283470912458507,0.5701067857911896,2574.741935698058,0.37999239707926763,4.650569099761452,0.04040911192245875,100079.0,0.0,99817.0,0.0,0.0,0.9940512140425678,0.9000000000000004,0.8946460744825866,0.6877184662406512,0.6458613629296519,0.05627384485247044,0.040598808723466794,-0.08717398692641717,0.02409567049467343,0.899581589958159,0.7283470904446179,0.0,239
421,eval,pact,3.0,0,3.939130826693449e-05,1.1956775101889548e-05,1.9927957620292465e-05,0.0,0.0,0.009359085792091102,0.7340354576519842,0.7397256867656149,0.6334415235279993,27104.276162885722,0.007292463909834623,6.533722400665283,0.007114412017540702,100317.0,0.0,100055.0,0.0,0.0,0.9979603672127345,0.9000000000000004,0.8981643029835433,4.6428328865548885,-3.9425246809862324,0.006421104217302373,0.006339693636824397,-0.08741697232903992,0.0,1.0,0.7397256853643569,0.0,239
422,eval,pact,3.0,0,0.4955261337087284,0.0721591483131789,0.12026524183593172,0.0,0.0,0.007988148826762846,0.6718266688630172,0.6730931422451051,0.652448353158879,60081.677709858785,-0.05452875551625416,58.55338400078618,0.029801837135511586,100555.0,0.0,100293.0,0.0,0.0,0.98251785549908,0.9000000000000004,0.8842660437443266,0.7989049041069418,0.6196203457917926,0.01684831998621424,0.030139860032695233,-0.084433223603001,0.0064987091605092145,0.9665271966527197,0.6730931427045932,0.0,239
423,eval,pact,3.0,0,0.5018170490880057,0.04965091438014299,0.08275152014679384,0.0,0.0,0.007805112681145075,0.6033860184408132,0.6213343313049572,0.5246126822597312,59887.34705968881,0.038286966727617895,45.646449647687966,0.03048961751638409,100793.0,0.0,100531.0,0.0,0.0,0.9851617616090814,0.9000000000000004,0.88664556085814,0.7821737869916443,0.4089285592415398,0.024535497650504112,0.029157960015859564,-0.07448942289783633,0.0034719131131487582,0.9916317991631799,0.6213343357652141,0.0,239
424,eval,pact,3.0,0,0.16730015471176524,0.028685160162358177,0.04780859796937495,0.007036896305602964,0.0001901863883229978,0.009302111749759404,0.6897227633198934,0.7052806528542331,0.3541974879053098,67055.23703909518,-0.07512556364814357,70.26632986906682,0.021418798093345,101031.0,0.0,100769.0,0.0,0.0,0.9908426673342493,0.9000000000000004,0.8917583775819595,0.9753914810903089,0.39958500000456243,0.006424337524055902,0.019468534422188873,-0.0882546091302216,0.008190154010504762,0.9874476987447699,0.7052806554390527,0.0,239
425,eval,pact,3.0,0,0.00046352766528258015,0.00010763398314951374,0.00017938997000299987,0.0,0.0,0.009189396248604308,0.7252561009828017,0.7203280195656182,-0.326920874635046,418777.69711035566,-0.12494251132011414,88.99728393554688,0.0036700196246612646,101269.0,0.0,101007.0,0.0,0.0,0.9937551582707521,0.9000000000000004,0.8943796256970162,1.2846091445931451,-1.2574057513445354,0.0023692979047583653,0.002478613227383705,-0.08636764092529138,0.0018101427342057629,0.99581589958159,0.7203280186802774,0.0,239
426,eval,pact,3.0,0,0.4870875290074779,0.10876433226605901,0.1812738774007439,0.0009509319416149889,0.0,0.008579433693016673,0.6958277538481118,0.6937185432372233,0.16375268755722244,198641.21288245294,-0.05618105862517627,47.04291199241223,0.026633392876719425,101507.0,0.0,101245.0,0.0,0.0,0.9838607384819366,0.9000000000000004,0.885474644819563,0.8360552003539058,0.7577639206232704,0.0013411537773208692,0.027653416620653168,-0.0969993352915369,0.22291462654678182,0.49372384937238495,0.6937185408966824,0.0,239
427,eval,pact,3.0,0,0.0002036993206716357,6.0406348022153004e-05,0.00010067724430871247,0.0,0.0,0.009028985747623269,0.7263070498300895,0.7202429913576677,0.807776906001518,173068.6239539749,-0.09017563611268997,107.90753936767578,0.004627168348553945,101745.0,0.0,101483.0,0.0,0.0,0.99573035494553,0.9000000000000004,0.8961572958834501,1.4277449871750154,-0.9968684516471984,0.0038934647637095463,0.003859376549432405,-0.08482609187792436,0.002848749221045135,0.9916317991631799,0.7202429899581687,0.0,239
428,eval,pact,3.0,0,0.4990500914879464,0.08431016976064559,0.14051693982877486,0.011981742152609087,0.0,0.008259431981173768,0.6791658118429543,0.6646312587430786,0.3391523942288993,105398.8195770136,0.00447637215548947,72.32304968893777,0.052289751822043165,101983.0,0.0,101721.0,0.0,0.0,0.9875925390291413,0.9000000000000004,0.8888332571943435,0.7342242716521605,0.4088624831145321,0.022880726372418198,0.05044491696619589,-0.09365825687268199,0.04014955933410486,0.8410041841004184,0.6646312578544229,0.0,239
429,eval,pact,3.0,0,0.007217877699358381,0.0017669426914641564,0.002944904300546182,0.0,0.0,0.009239877733912428,0.71002951276851,0.7335626088924487,0.10841838952149538,189332.2521247385,-0.0616703077090834,165.6002178910387,0.00989462241966854,102221.0,0.0,101959.0,0.0,0.0,0.994562484978632,0.9000000000000004,0.8951062143597144,0.8590818021460047,0.6212210323559159,0.008688050976511126,0.008190000007926607,-0.08357745300343201,0.0013056767263123535,0.9916317991631799,0.7335626067314066,0.0,239
430,train,pact,3.0,0,0.2531380511106846,0.05927368500450174,0.09878946936288195,0.03176112635115699,0.0005705591649689933,0.015890686462972328,1.5603647047505718,1.5791358932790398,0.39505368642602506,6655.175962057074,0.43711400753721036,7.818906002962439,0.056426937663615936,102459.0,0.0,102197.0,0.0,0.0,0.9815034611953353,0.9000000000000004,0.883353090311194,0.9261861715890601,0.2368218582131284,0.020091863478213047,0.052214277234068726,-0.19746686096305419,0.29787234042553196,0.3389121338912134,1.579135887308298,0.0,239
431,train,pact,3.0,0,0.48485144005920816,0.11046778144922595,0.1841129568402953,0.05496386447960363,0.0,0.015843527173335082,1.5270030216691883,1.5422447276414688,0.526680272992186,981.3992350430668,0.5897685855502364,3.2864315838993345,0.04758920969010943,102697.0,0.0,102435.0,0.0,0.0,0.9900950178441642,0.9000000000000004,0.8910854990013474,0.6125346323027802,0.5768917110329213,0.004315568311583428,0.0515023710013262,-0.19115465108176036,0.2737469954598059,0.4100418410041841,1.5422447349775084,0.0,239
432,train,pact,3.0,0,0.016098320915726126,0.003477141701052658,0.005795236077836947,0.0,0.0,0.015765780169968824,1.5771322242884456,1.592405688812543,0.5080682420830348,980.1555265163278,0.7719041806446957,2.062269488637916,0.03221013719872591,102935.0,0.0,102673.0,0.0,0.0,0.9909454793610832,0.9000000000000004,0.8918509079322655,0.2804489655929998,0.17650759138017857,0.03155082379376064,0.029047441753562712,-0.18620145377303632,0.14860975103118787,0.5690376569037657,1.5924056858137712,0.0,239
433,train,pact,3.0,0,0.000463527011177035,0.00013674568827014375,0.0002279094716343565,0.0,0.0,0.015659699315852076,1.5925827577523108,1.5948803302633214,0.2828144588133624,994.0539287742711,0.16915906965732574,1.6445622444152832,0.003991409752575903,103173.0,0.0,102911.0,0.0,0.0,0.9907324877742943,0.9000000000000004,0.8916592109153461,4.419421279669198,-3.0609378959201363,0.00323814642288679,0.0035625853274742366,-0.1908617592308861,0.20668269088103502,0.4769874476987448,1.594880312202645,0.0,239
434,train,pact,3.0,0,0.02819465429997744,0.0054844958416286615,0.009140826253075286,0.0,0.0,0.015490743477739176,1.577480977299822,1.5782841905390368,-0.4281113155977216,1057.0077152012782,0.26734273313743423,3.3630958271824665,0.008210884083002011,103411.0,0.0,103149.0,0.0,0.0,0.9902475790498646,0.9000000000000004,0.8912227971783243,0.4158206419691432,0.097536745752978,0.0036908645437237013,0.007812919890338547,-0.1880644355625774,0.19021335944686782,0.502092050209205,1.5782841745207468,0.0,239
435,train,pact,3.0,0,0.49905009486198143,0.11341574109794701,0.1890262226276935,0.03822746293065937,0.0,0.015369461644752629,1.5800391298457668,1.5761092586996166,0.014347359393898662,1100.7348385096593,0.47946101482996567,1.9852041447511777,0.05828464452031645,103649.0,0.0,103387.0,0.0,0.0,0.990062206110695,0.9000000000000004,0.8910559600367207,0.6355355966576626,0.48745817424217386,0.0014419651339741667,0.060660106309438244,-0.1838978968196402,0.1484613786759251,0.5481171548117155,1.5761092502092877,0.0,239
436,train,pact,3.0,0,0.4392558533156307,0.10812698568720197,0.18021163136546575,0.05135032372494622,0.0,0.01602054262440262,1.548732198431901,1.5685717490926447,0.761644719534838,1005.8784989233296,0.7157779493092493,3.2482717231726546,0.05760433889582566,103887.0,0.0,103625.0,0.0,0.0,0.9917581086378218,0.9000000000000004,0.8925822703908178,0.9097656218351546,0.5637008744261859,0.033236380360686955,0.057541000442462485,-0.19091031154029445,0.24125344965725987,0.4100418410041841,1.5685717459875779,0.0,239
437,train,pact,3.0,0,0.15576161381352116,0.026968634283761558,0.04494772128660108,0.0007607455532919912,0.0,0.015015165746274354,1.518032242812871,1.5141078687611982,0.5586888151687558,949.5662890318547,0.6076316647699188,4.65637071037891,0.02406574168074954,104125.0,0.0,103863.0,0.0,0.0,0.9899287819862366,0.9000000000000004,0.890935875132493,0.34762383424412974,0.3249574461154995,0.008733507531525736,0.02425256648849088,-0.18137300781816817,0.18315083533636015,0.49372384937238495,1.514107864122177,0.0,239
438,train,pact,3.0,0,0.3575846668143823,0.07686305881128586,0.12810509077363544,0.029669075954908107,0.0,0.015828587333028787,1.5696092836527644,1.578214427666684,0.39972853959853677,894.372403835153,0.47295334218186813,1.281948610080336,0.0533415418309179,104363.0,0.0,104101.0,0.0,0.0,0.9902453861475988,0.9000000000000004,0.8912208227432922,0.4720746840664328,0.4812359410159437,0.0308875222940759,0.05544775021632658,-0.18719029377175897,0.16982699783376365,0.5104602510460251,1.5782144337886586,0.0,239
439,train,pact,3.0,0,0.02230692015294469,0.005746519524017987,0.009577532448309277,0.0,0.0,0.015482840983578975,1.5761498085624503,1.5941986291977153,0.28100262632180456,910.2678077091233,0.6214768785562476,1.0113693301148994,0.03426614944958498,104601.0,0.0,104339.0,0.0,0.0,0.9905059759088141,0.9000000000000004,0.8914553617832551,0.2702617170098259,0.23094758465612775,0.03161669991985253,0.030074929914711956,-0.18875351561531595,0.18083622659426093,0.4769874476987448,1.5941986309013922,0.0,239
440,train,pact,3.0,0,0.0760018663305159,0.018112519038836258,0.03018752984650468,0.0001901863883229978,0.0,0.015246929522899903,1.5868982151462443,1.5916774193113319,0.2448000629826071,872.232414979815,0.6645452721847152,2.875656090022131,0.022413079706010912,104839.0,0.0,104577.0,0.0,0.0,0.990190426425455,0.9000000000000004,0.8911713718370413,0.7178189307562272,0.2262414443912143,0.010760328715003492,0.021242578660778968,-0.20058472935988073,0.31908958722810765,0.3598326359832636,1.5916774218747067,0.0,239
441,train,pact,3.0,0,0.4918546215835647,0.10757650250347237,0.17929415906642837,0.037847090278709285,0.0,0.015057350805021479,1.551804626586547,1.5589630947950994,0.4662036632487714,1010.1080784498398,0.6276088090122495,1.7063597934515407,0.05076130463195688,105077.0,0.0,104815.0,0.0,0.0,0.9900454322663311,0.9000000000000004,0.891040868340177,0.6248044991947002,0.5306024143498269,0.00162501285334916,0.053584153289277354,-0.1900898047307593,0.2356746490993798,0.4309623430962343,1.55896308757211,0.0,239
442,train,pact,3.0,0,0.4948741555965635,0.11391459874353112,0.18985765100292137,0.04222137727248619,0.0,0.015760414766062006,1.5763256422645378,1.5982923787009267,0.7585187689031019,1039.2836301157165,0.6379080912308713,4.52622586787994,0.060356946743900054,105315.0,0.0,105053.0,0.0,0.0,0.9910216563416325,0.9000000000000004,0.8919194662421318,0.9093738203542546,0.523149339606676,0.041623552720392906,0.05997144350018274,-0.19758614131267271,0.2853793881124068,0.40585774058577406,1.59829236509355,0.0,239
443,train,pact,3.0,0,0.1830709686913921,0.048546888588313464,0.08091147785326105,0.021681247707690154,0.0,0.015321698678836662,1.5750768927849486,1.5774909806550796,0.5313255020015908,1098.531368239654,0.5009369009708261,9.632962462044162,0.034754736005342235,105553.0,0.0,105291.0,0.0,0.0,0.9902615906304395,0.9000000000000004,0.891235413661063,0.4052719804852524,0.4307132707084663,0.01118725711849573,0.03610714250848196,-0.1886027300619543,0.18754265705213802,0.5230125523012552,1.5774909786536178,0.0,239
444,train,pact,3.0,0,0.3538667886901772,0.07981549421045916,0.13302581400670968,0.033282617333045064,0.0,0.016050713407616112,1.574350605449916,1.5937797928454986,0.3979812588651809,1066.601923603393,0.49003403823994196,1.1603111567357594,0.0648532307679496,105791.0,0.0,105529.0,0.0,0.0,0.9905628312581752,0.9000000000000004,0.8915065277570461,0.48773364746062564,0.49679272019939225,0.05547407394810085,0.06601752974794375,-0.19525379832834194,0.25484435739932937,0.40585774058577406,1.59377979762427,0.0,239
445,train,pact,3.0,0,0.0038738003089876893,0.0011655602737842689,0.0019426002839445498,0.0,0.0,0.01608123863310744,1.574651347792797,1.593597134785672,0.3441050426730551,982.9123966743756,0.7850397229194641,0.6504384875297546,0.03387022803748946,106029.0,0.0,105767.0,0.0,0.0,0.9905706703912264,0.9000000000000004,0.8915135828022179,12.128063339668474,-11.7693879172472,0.018976993559071984,0.029978189347545658,-0.20016450230382077,0.3115819460518116,0.36401673640167365,1.5935971327244018,0.0,239
446,train,pact,3.0,0,0.350115003503633,0.07848795590795958,0.13081325178063707,0.035755040007156305,0.0,0.014992464287011693,1.5285850995255315,1.5307503856375626,0.3663593591755903,902.244223111843,0.6322181584278441,0.9513552054201708,0.04103608895969971,106267.0,0.0,106005.0,0.0,0.0,0.9901211491189741,0.9000000000000004,0.8911090096669217,0.44904213537839,0.4850997716880272,0.001406016922709042,0.04486594519713819,-0.18163810483780324,0.16522745482061782,0.497907949790795,1.5307503911609255,0.0,239
447,train,pact,3.0,0,0.501817049438165,0.10754658385931522,0.17924429540807102,0.032331685391430075,0.0,0.014589400673635834,1.4825322343714566,1.4991490387018755,0.6471637543524659,920.838226446048,0.6107472681350787,1.9653261902442039,0.06473989363089516,106505.0,0.0,106243.0,0.0,0.0,0.9902363683888105,0.9000000000000004,0.8912127102768072,0.919813709888096,0.4745698198934012,0.16630941778421401,0.06345109400148484,-0.18506153408504125,0.25879106204931895,0.36401673640167365,1.499149038380037,0.0,239
448,train,pact,3.0,0,0.053267700141298224,0.009434914508487793,0.015724856726653292,0.0,0.0,0.015028076100252787,1.5589724838983066,1.5583013575446156,0.5959201098485971,796.0308631035075,0.7443363192689968,3.183907891417148,0.018699397118645232,106743.0,0.0,106481.0,0.0,0.0,0.9898039107542158,0.9000000000000004,0.8908235019220967,1.553462794871921,0.06649624301242563,0.011992830829099561,0.016606487215167325,-0.19350456853397438,0.26980029080981627,0.4100418410041841,1.5583013624736857,0.0,239
449,train,pact,3.0,0,0.00014589538669387058,2.9800142446863095e-05,4.966690035894412e-05,0.0,0.0,0.01561411106023766,1.5679870385006383,1.5678421263914228,0.37018318641073533,874.6001142557694,0.7585191130638123,3.420388698577881,0.001387948511741548,106981.0,0.0,106719.0,0.0,0.0,0.989583156847056,0.9000000000000004,0.8906248119585684,3.8355527042453055,-2.7861537424183167,0.0011843828756807702,0.0012445039851874723,-0.20175056077643413,0.36294845544378174,0.3054393305439331,1.567842129422613,0.0,239
450,eval,pact,3.0,0,0.26150266818706364,0.07867381884697425,0.13112302283469293,0.027767211884634265,0.0,0.008897689854040368,0.6181039217875094,0.6738118993188547,0.5619701275662383,3555.0671716155366,-0.001450734564676008,16.100465836385304,0.04488693905076612,107219.0,0.0,106957.0,0.0,0.0,0.9964640292662457,0.9000000000000004,0.8968176116005646,0.8993569289066864,0.4878658751454351,0.008405204510125212,0.04273396340309872,-0.09771420460583821,0.10733256179708597,0.7698744769874477,0.6738118911014211,0.0,239
451,eval,pact,3.0,0,0.0023364927420596237,0.0006773511359067346,0.001128918520925288,0.0,0.0,0.0075720249193966015,0.537410627723239,0.5437584691466647,0.5460465627734132,20811.396666203582,-0.03555304929614067,24.4388484954834,0.005244142977446785,107457.0,0.0,107195.0,0.0,0.0,0.9946182150721051,0.9000000000000004,0.8951563785265679,4.83391817689822,-3.780260343064038,0.0019705434622982122,0.004581408223252214,-0.08035811353254281,0.009673877563132437,0.8661087866108786,0.5437584707343904,0.0,239
452,eval,pact,3.0,0,0.010237416458047271,0.0005862818066572998,0.0009771363139829588,0.0,0.0,0.0072144575175443456,0.5122677081549017,0.5100663389122136,0.3959234706028735,113223.72675862971,-0.03927182689870252,23.671049545000788,0.0013162174433076202,107695.0,0.0,107433.0,0.0,0.0,0.990107511376736,0.9000000000000004,0.8910967370955016,0.49365980008098576,0.2473500338352138,0.0008369920807822115,0.001169523515759979,-0.06798104131143423,0.0014837235526276745,0.9916317991631799,0.5100663382729542,0.0,239
453,eval,pact,3.0,0,0.497250765612289,0.0762828378872533,0.1271380583077577,0.0,0.0,0.007426099754308807,0.5783361300015549,0.577616854940997,0.6185195343140278,55351.802848784,-0.05743544825224136,84.31757688522339,0.027936793711800207,107933.0,0.0,107671.0,0.0,0.0,0.9823644441790161,0.9000000000000004,0.884127978500462,0.8577361000428932,0.6551264042768973,0.012927715131943976,0.028002676550127472,-0.07969883979212465,0.010000296744710525,0.9121338912133892,0.5776168554467831,0.0,239
454,eval,pact,3.0,0,0.0005835245887526782,0.00012466150622622005,0.00020776916870729955,0.0,0.0,0.0074311775081327275,0.5482906482209721,0.5462426105553136,0.5156009293250958,112357.38425895659,-0.017480118200182915,274.8395690917969,0.004867383144225021,108171.0,0.0,107909.0,0.0,0.0,0.9943271876628429,0.9000000000000004,0.894894452025202,1.233353119440066,-0.4196038220332021,0.0035361156660334036,0.003506842558126055,-0.07761502993544503,0.017715659218374435,0.8242677824267782,0.5462426129899721,0.0,239
455,eval,pact,3.0,0,0.009418921166737213,0.0019072114110983485,0.003178685604504292,0.0,0.0,0.007784252869409498,0.5778654906041453,0.5760158297905862,0.2590794206195546,355651.1556616109,-0.020560704406923674,112.4804826999808,0.003933779534369426,108409.0,0.0,108147.0,0.0,0.0,0.9938270873604459,0.9000000000000004,0.8944443582740289,0.528420814746425,0.12610416736822794,0.0023738046443635007,0.0036017205239815254,-0.08637956190798045,0.10504762752603934,0.5941422594142259,0.5760158305012564,0.0,239
456,eval,pact,3.0,0,0.5018170490880057,0.06949092805084871,0.11581820640745247,0.0,0.0,0.006748987607283822,0.5379487461874176,0.5122691496396165,0.25374002440220766,145732.12581720712,-0.07129493182735464,80.81946637141655,0.03843444229442642,108647.0,0.0,108385.0,0.0,0.0,0.9844508171081543,0.9000000000000004,0.886005713351102,0.7022280016611085,0.45846999102429464,0.017224902752786875,0.03722982569188503,-0.08711926468780526,0.14089438855752395,0.7112970711297071,0.5122691471572209,0.0,239
457,eval,pact,3.0,0,0.03862336533101252,0.0055318719922633364,0.009219786288918976,0.0,0.0,0.007634518933034342,0.5245769838159553,0.5520378136734584,-0.016734576620654473,139223.011833159,-0.13381777628944508,229.85777051279234,0.012611205479671797,108885.0,0.0,108623.0,0.0,0.0,0.9913733682622471,0.9000000000000004,0.8922360147891184,0.8024239048178566,0.7696255165031215,0.011878275161715926,0.010684303684592653,-0.07462367679086047,0.006854802813139856,0.9874476987447699,0.5520378126705509,0.0,239
458,eval,pact,3.0,0,0.3308880599050015,0.05006840392302955,0.08344733505654399,0.0007607455532919912,0.0,0.007152689783541665,0.5615160000124736,0.5481262046173526,0.03711437108969339,116059.35318057008,-0.09424148935548937,33.026714787822385,0.014467228979464605,109123.0,0.0,108861.0,0.0,0.0,0.9785957507259178,0.9000000000000004,0.8807361613507051,0.7400785943547404,0.7528075214821986,0.0031952902162447573,0.01671461601766941,-0.06752380668943123,0.0,1.0,0.5481262091286907,0.0,239
459,eval,pact,3.0,0,0.019673128869098604,0.003828086397448281,0.006380143649499838,0.0,0.0,0.007481979628027296,0.5472936054153921,0.5623716925227992,0.7437289524277882,72413.93280923118,0.053343834308712555,50.32174778782673,0.010988404376677795,109361.0,0.0,109099.0,0.0,0.0,0.9934765763861365,0.9000000000000004,0.8941288940826719,2.0793492495855475,-0.7130677611619238,0.004873066045081195,0.00894033124721044,-0.08165538541694987,0.009169411555239027,0.9414225941422594,0.5623716931475176,0.0,239
460,train,pact,3.0,0,0.3893441522848197,0.10185447145683219,0.16975743936261048,0.06238113431002804,0.0001901863883229978,0.015279327373109976,1.5000036416193432,1.5206542259479667,0.6496086690933385,3378.656500780433,0.4590873640794385,6.87633971489623,0.06381783406269663,109599.0,0.0,109337.0,0.0,0.0,0.9809178002334539,0.9000000000000004,0.8828260048163985,0.9959382459661459,0.5013009434855389,0.03306579709030865,0.059274731788425766,-0.19281268957732964,0.3307219798807086,0.34309623430962344,1.520654227876612,0.0,239
461,train,pact,3.0,0,0.49725076854988837,0.11351734468836455,0.1891955644331951,0.044503614181753984,0.0,0.015457915233752093,1.5204038565128917,1.5323772422938167,0.6641972478962344,888.1979400762455,0.5868916366888389,3.2871255425728516,0.05380651918356794,109837.0,0.0,109575.0,0.0,0.0,0.9902922311587313,0.9000000000000004,0.8912629861711957,0.6753437921644444,0.5375289865005288,0.010312543414464151,0.056193499138118955,-0.18574551433900333,0.20944241668892252,0.41841004184100417,1.532377246598438,0.0,239
462,train,pact,3.0,0,0.018431992074788867,0.0052635897890502435,0.008772649184754898,0.0,0.0,0.015673721464405373,1.547453890784515,1.5583203023447652,0.5704537401887663,1039.3620281139677,0.6232426892264618,9.01063341376173,0.025862564470630654,110075.0,0.0,109813.0,0.0,0.0,0.9913138036448587,0.9000000000000004,0.8921823992888798,3.207008358936473,-1.589588414415854,0.013339329088921659,0.02258805008059578,-0.1837579533870166,0.1651681058785127,0.5313807531380753,1.5583202995670222,0.0,239
463,train,pact,3.0,0,0.02979833591694332,0.0060500556667202965,0.010083425618211237,0.0,0.0,0.015380463405087528,1.5806890454252394,1.5809009723583525,0.34835732600429564,1053.906032163229,0.5768116114965044,8.431392834276336,0.006247295690011175,110313.0,0.0,110051.0,0.0,0.0,0.9899956800947628,0.9000000000000004,0.8909960887920907,0.18432698073201145,0.15319345500147608,0.0012831171688184382,0.0062177860348749175,-0.18685251372882544,0.16317991631799164,0.5230125523012552,1.5809009753652155,0.0,239
464,train,pact,3.0,0,0.3109929788440381,0.07555178655791861,0.1259196356366823,0.03955876752422444,0.0,0.016012168370545782,1.5452376888386874,1.5681070376140802,0.5388624758525873,930.4668070900889,0.531821734451194,6.15312544172279,0.06003188061387625,110551.0,0.0,110289.0,0.0,0.0,0.9908440911121448,0.9000000000000004,0.8917596582089508,0.769546953753038,0.3667536209414436,0.024831552921040428,0.05876971442139392,-0.19551581927521147,0.2832428261966231,0.36401673640167365,1.5681070403448425,0.0,239
465,train,pact,3.0,0,0.06036288374898542,0.017019862077865874,0.02836643486494022,0.0011411183299379866,0.0,0.015441792999554005,1.5717585944730368,1.5776124526766055,0.36355705627836443,1029.9698700844992,0.5189515601796835,8.189502762950115,0.014155025916574932,110789.0,0.0,110527.0,0.0,0.0,0.9903788451869119,0.9000000000000004,0.8913409425623746,0.3026505161032533,0.31084762729646376,0.003001624469075357,0.014432032018007076,-0.18920876780121898,0.21107451259681292,0.401673640167364,1.5776124518520471,0.0,239
466,train,pact,3.0,0,0.43151492035799666,0.0918212425476211,0.15303539378562075,0.032331684954994395,0.0,0.013360575279883385,1.4102479800519585,1.4110196726591517,0.45444669976643437,969.0628302027491,0.48614571695547226,1.1284539382826833,0.04695287324628446,111027.0,0.0,110765.0,0.0,0.0,0.9904934843713769,0.9000000000000004,0.8914441067304572,0.5767344404488577,0.5862065603642179,0.02734591566425349,0.05053792643617979,-0.19410344039474395,0.43069527285676146,0.2928870292887029,1.4110196816562015,0.0,239
467,train,pact,3.0,0,0.47839141184577105,0.10970623995116623,0.18284372388527467,0.04108025888020025,0.0,0.015770044325847006,1.5784329285681498,1.5767750727581678,0.6406087534946378,945.0675518722215,0.6276177995249816,1.296550538250592,0.06631881660084284,111265.0,0.0,111003.0,0.0,0.0,0.9903267709281155,0.9000000000000004,0.8912940716144929,0.7071919093102946,0.5605324035915049,0.08213140470708938,0.0670169353831918,-0.1995198830048415,0.31938633193863325,0.3514644351464435,1.5767750661556854,0.0,239
468,train,pact,3.0,0,0.41462239765982967,0.09553110664447372,0.15921849927964335,0.04127044570495893,0.0,0.015471353279387727,1.5213614475278177,1.5468146773561773,0.553769627001495,1010.9317777625687,0.6371778494144583,1.541513962975107,0.06714133542931199,111503.0,0.0,111241.0,0.0,0.0,0.9909146153777214,0.9000000000000004,0.8918231266811801,0.5706001456873885,0.5818260651791525,0.07636885879267204,0.06939647727057525,-0.18362417822123045,0.18558414196266954,0.41422594142259417,1.5468146658266828,0.0,239
469,train,pact,3.0,0,0.4392558533156307,0.09136687306807548,0.15227810958071947,0.027767212258721995,0.0,0.015719424321405807,1.5603456247800565,1.5837066669843187,0.7729726131989866,846.3560836983526,0.6901317965784831,4.624701460410361,0.04814825123214946,111741.0,0.0,111479.0,0.0,0.0,0.9902398523925239,0.9000000000000004,0.8912158416404884,1.0351184552513322,0.582189570387839,0.03182550493989195,0.04698633919099821,-0.1891592339242485,0.19445680880738297,0.45188284518828453,1.5837066721547015,0.0,239
470,train,pact,3.0,0,0.43414843287689137,0.09983270853885659,0.16638783559016349,0.045454545873977154,0.0,0.015344156137429895,1.5668020425481277,1.5792734303733793,0.6311203371032013,907.7626833097705,0.5580353640861591,4.506799394366133,0.04457201083701213,111979.0,0.0,111717.0,0.0,0.0,0.9899715541795706,0.9000000000000004,0.8909743772390996,0.5427332291242746,0.58426811044717,0.009492571226091704,0.049863345646318905,-0.1886671909414133,0.2007774711415769,0.4895397489539749,1.5792734354101825,0.0,239
471,train,pact,3.0,0,0.501817049438165,0.10574009618633616,0.17623348255145777,0.035374667666946,0.0,0.015167369978759579,1.4731922341689905,1.5051923187207976,0.6379839690659336,1001.6730027458159,0.665623164326576,1.9746445983523604,0.07073303487222003,112217.0,0.0,111955.0,0.0,0.0,0.9904564711339304,0.9000000000000004,0.8914107992060514,0.885580790423982,0.4332187979472131,0.2095007687807083,0.06833246905964538,-0.18842515104195148,0.2958248019229057,0.35564853556485354,1.5051923166081713,0.0,239
472,train,pact,3.0,0,0.009418925725383427,0.002362014537466623,0.003936690543330115,0.0,0.0,0.015568727407230368,1.6013386483970546,1.6061254582644506,0.5267425028599456,901.0284349768731,0.6821790612517041,7.374706225913938,0.019559415281120936,112455.0,0.0,112193.0,0.0,0.0,0.990423179819993,0.9000000000000004,0.8913808397668176,0.23727647220137763,0.155708755698729,0.01828942846097961,0.0177111024827069,-0.195866801669979,0.2372177215941126,0.4351464435146444,1.6061254645281327,0.0,239
473,train,pact,3.0,0,0.4934485925616751,0.11464566709137634,0.19107609905299358,0.04050969971523125,0.0,0.01530965413337098,1.5345391902963488,1.5434540153547311,0.6050982658583749,841.6992764652524,0.5624596278288374,1.2472928537983277,0.05238435056721051,112693.0,0.0,112431.0,0.0,0.0,0.9904522501773914,0.9000000000000004,0.8914070044601313,0.6578676819965968,0.5520586346205362,0.006673658781713157,0.055061109382055204,-0.18427146422283996,0.19543606635211727,0.4393305439330544,1.5434540183300434,0.0,239
474,train,pact,3.0,0,0.48366004122113304,0.09696511203513575,0.16160850985064346,0.03195131292652385,0.0,0.01463562446143712,1.4928582190968502,1.5028730615911126,0.6756587183126346,747.813796294783,0.7155487324154027,1.6381690559526867,0.055619657715727966,112931.0,0.0,112669.0,0.0,0.0,0.9896177435021022,0.9000000000000004,0.8906559560089431,0.7060543500821952,0.5742295313373759,0.07124491965094971,0.0570613636155944,-0.1817043737136634,0.22879017181518735,0.41841004184100417,1.5028730503484409,0.0,239
475,train,pact,3.0,0,0.4769458410955545,0.10206961884141036,0.1701160219177593,0.03803727716581592,0.0,0.015360278200171109,1.5545394635100744,1.561062240201559,0.635194786422921,951.0065248880426,0.706443801459907,1.3395397129417963,0.06283000475536081,113169.0,0.0,112907.0,0.0,0.0,0.9900911228427328,0.9000000000000004,0.8910819955450721,0.6549014552245228,0.5481852161878042,0.07377668206269543,0.06390734352600064,-0.1880507739480633,0.21104483812576044,0.4686192468619247,1.561062239224568,0.0,239
476,train,pact,3.0,0,0.02979833591694332,0.005878393930452072,0.009797322678385316,0.0,0.0,0.015655864462661692,1.5532470806871996,1.5713783003795097,0.4691678718293561,949.8535010684983,0.7028233922051585,1.662948518118599,0.03363634739217259,113407.0,0.0,113145.0,0.0,0.0,0.9907075081909053,0.9000000000000004,0.8916367342282538,0.26460178820750024,0.202385298203288,0.03263846615594415,0.030469495401752793,-0.18645321915953023,0.17881836256268732,0.5230125523012552,1.5713783036913338,0.0,239
477,train,pact,3.0,0,0.004841264746033501,0.0010623048912755957,0.0017705080927386525,0.0,0.0,0.01549748975050998,1.5822686575446667,1.583755499398858,0.2691971738491535,840.1803226231531,0.3006229817119104,3.2681338432942475,0.005547003590204231,113645.0,0.0,113383.0,0.0,0.0,0.9895836102413832,0.9000000000000004,0.8906252314356081,1.652649491928208,-0.0650210620562206,0.0044515028598395455,0.004929372502618009,-0.19893748932214972,0.3141932995044363,0.34309623430962344,1.5837555040342421,0.0,239
478,train,pact,3.0,0,0.5020268853461184,0.11826786543554373,0.19711309679652123,0.0492582735157412,0.0,0.015896097084733357,1.5896899021819046,1.6140847131298177,0.5632409944508817,950.9790805194168,0.5044740627375607,2.605119962323161,0.06756074671978404,113883.0,0.0,113621.0,0.0,0.0,0.9907652611014235,0.9000000000000004,0.8916887134687671,0.7713068579249589,0.44011736111555066,0.04799266097446283,0.06807325386235716,-0.20005886117477265,0.2941630315439628,0.38493723849372385,1.6140847172761186,0.0,239
479,train,pact,3.0,0,0.49905009486198143,0.11389124347186218,0.1898187263845308,0.053062001219853196,0.0,0.015467219087821294,1.5129929307115626,1.5391298345442097,0.6477739026606333,1229.8825895556845,0.5820975751308217,2.8605824110398235,0.0567702068547839,114121.0,0.0,113859.0,0.0,0.0,0.9903019250187415,0.9000000000000004,0.891271710395813,0.7362807812087151,0.5299845956239633,0.03012240431069032,0.05790677221558178,-0.18438279180371112,0.2037152437757797,0.4393305439330544,1.5391298399434816,0.0,239
480,eval,pact,3.0,0,0.39266590399484474,0.05952348827416256,0.09920580877099165,0.0011411183299379866,0.0,0.007592556544162614,0.6551904142152315,0.6773893835654319,0.6627446727273854,2950.551625016344,0.35786781548308094,5.065379053977743,0.03162736913567277,114359.0,0.0,114097.0,0.0,0.0,0.9935450052616487,0.9000000000000004,0.8941904810183218,0.740712243848172,0.6594821754846117,0.029383417131962727,0.03402475781727068,-0.0861864868823715,0.08380070625241104,0.7364016736401674,0.6773893855986262,0.0,239
481,eval,pact,3.0,0,0.16730015471176524,0.04297752628232831,0.07162920742772547,0.0,0.0,0.009743015623795625,0.751141108603657,0.8372263429553938,0.6976534769126063,36619.895336199006,-0.006282134284070502,168.99646580269146,0.037796630283474734,114597.0,0.0,114335.0,0.0,0.0,0.9960693544922513,0.9000000000000004,0.8964623893653997,1.1799727911545872,0.41646356354167025,0.019516846655668423,0.03318212816109842,-0.10485562655922047,0.0038576812368319533,0.99581589958159,0.8372263393051732,0.0,239
482,eval,pact,3.0,0,0.502091316396975,0.05492528655913207,0.09154213867194694,0.0007607455532919912,0.0,0.0076683896455415,0.6089184225603128,0.6189127321273213,0.41767597298243053,29975.529966984832,-0.09308291192875959,60.19963716163795,0.029529318764852555,114835.0,0.0,114573.0,0.0,0.0,0.9851093489255865,0.9000000000000004,0.8865983969995667,0.8158650613522943,0.4649051503973838,0.029869763180613518,0.02828014045408206,-0.07334271145324421,0.004718240897356005,0.9874476987447699,0.6189127316126821,0.0,239
483,eval,pact,3.0,0,0.04457112279658256,0.011660056431275096,0.019433426676575234,0.0,0.0,0.008633474924574338,0.7322641593641815,0.7321478596042889,-0.4439158705063164,116616.84311257846,-0.1731575507452423,118.04575874615912,0.016371113381633013,115073.0,0.0,114811.0,0.0,0.0,0.9921332672550089,0.9000000000000004,0.8929199207277976,0.4794630591847189,0.38946906586191543,0.009672698778902283,0.014567949669338201,-0.08268106371018734,0.005549126086827502,0.9874476987447699,0.7321478583214264,0.0,239
484,eval,pact,3.0,0,0.010237411712357194,0.0022974173873202644,0.003829028788535363,0.0,0.0,0.00908328524194502,0.7510431915147534,0.7653306178966826,-0.8497080100879509,244664.49463912135,0.07120587701313041,90.84363290954335,0.008655195777152498,115311.0,0.0,115049.0,0.0,0.0,0.9943861291747712,0.9000000000000004,0.8949474949218239,1.6376170471130067,-0.6496997307776484,0.005122749591428859,0.006862452255647676,-0.08989431440602895,0.0,1.0,0.7653306160038269,0.0,239
485,eval,pact,3.0,0,0.42329975400295616,0.05248497592484649,0.08747495529367895,0.0007607455532919912,0.0,0.0068122150023783475,0.5859386094195075,0.6016771041449144,0.3941859432253071,79919.44207635983,0.08994592429493324,76.27288592111117,0.023540280149493633,115549.0,0.0,115287.0,0.0,0.0,0.983982354651934,0.9000000000000004,0.8855840909181778,1.026096242848478,0.6043687413763812,0.008136449451877237,0.019804340274809668,-0.0713767295114521,0.007537315647348585,0.9874476987447699,0.6016771048301037,0.0,239
486,eval,pact,3.0,0,0.0,0.0,0.0,0.0,0.0,0.008849848490442193,0.752021121180706,0.7492803360129001,0.07365881256960337,274341.5012748431,0.02821260690689087,158.2230987548828,0.003346010244735926,115787.0,0.0,115525.0,0.0,0.0,0.9946199316359963,0.9000000000000004,0.895157921451405,nan,nan,0.002282073294595819,0.002282073351098653,-0.08884526958606946,0.001335351197364907,0.99581589958159,0.7492803354889337,0.0,239
487,eval,pact,3.0,0,0.10942615455924436,0.017595262872837567,0.029325436705339332,0.0,0.0,0.008024974024726008,0.7145084791103666,0.6995193701408897,-1.0223419316557225,382461.06701098324,0.012397102805080523,134.29379076139696,0.011351243824655168,116025.0,0.0,115763.0,0.0,0.0,0.9867745197717116,0.9000000000000004,0.8880970443143007,0.7109345892207549,0.42562338430809654,0.0015424613427454366,0.010791699373295773,-0.07777593496204512,0.001335351197364907,0.99581589958159,0.6995193697343379,0.0,239
488,eval,pact,3.0,0,0.0349310103396663,0.004272732808922952,0.007121220942212573,0.0,0.0,0.008426412680891643,0.7060866293548042,0.7173657434754791,-0.12415125310054696,221439.31730517783,0.10211338884943402,24.876365150866647,0.00879789175705353,116263.0,0.0,116001.0,0.0,0.0,0.9921339149255632,0.9000000000000004,0.8929205005637771,1.015799028092727,0.3908009440481546,0.0067420241435536665,0.007476534235591232,-0.07958663515748533,0.001335351197364907,0.99581589958159,0.7173657420508533,0.0,239
489,eval,pact,3.0,0,0.5020884493196984,0.08027446359391963,0.13379076661128758,0.0,0.0,0.007939428217693478,0.7118271009443196,0.7096253316771535,0.34965105264771057,59539.22764121339,-0.0340858406687319,43.87149930898116,0.02640703762930167,116501.0,0.0,116239.0,0.0,0.0,0.982870762318248,0.9000000000000004,0.8845836649878753,0.8763844841056989,0.6718911693349241,0.007297320757061243,0.026092809353658937,-0.08697807908383037,0.01836849758153061,0.891213389121339,0.7096253338698627,0.0,239
490,train,pact,3.0,0,0.009418925725383427,0.0021617533708788612,0.003602922031783526,0.0,0.0,0.01522342479986501,1.5557824600191794,1.5535231085501955,0.10608847105727535,2025.8549094738821,-0.06788288421585968,177.31761532448326,0.01738928646047962,116739.0,0.0,116477.0,0.0,0.0,0.9835661717039771,0.9000000000000004,0.8852095332105788,0.20119985560028641,0.09488600496773969,0.014757623836375409,0.014629888556270263,-0.18778277337444926,0.22062969227573517,0.47280334728033474,1.553523109999382,0.0,239
491,train,pact,3.0,0,0.4554288766948919,0.09997366923476365,0.166622770782737,0.0456447323246481,0.0,0.014562987808184893,1.4898628739632322,1.5018579336389837,0.3659609031126051,989.3600144645659,0.41506553749908465,1.434192380396392,0.04184908768849907,116977.0,0.0,116715.0,0.0,0.0,0.9905593647118892,0.9000000000000004,0.8915034071172132,0.5966102769903882,0.5970450573306296,0.0055783736810553815,0.046174624201229864,-0.1849171031576292,0.25644677883616723,0.36401673640167365,1.5018579365718334,0.0,239
492,train,pact,3.0,0,0.0007224766159197316,0.00036893275271829366,0.0006148878824833788,0.0,0.0,0.016149061020837793,1.5840012264052195,1.5900813495763675,0.4504446869864125,1225.051897759218,0.7766479253768921,1.1150301694869995,0.03331070234726288,117215.0,0.0,116953.0,0.0,0.0,0.991453795752266,0.9000000000000004,0.8923083912877359,22.745900434080916,-26.28600309955487,0.022011752892802987,0.028763992881410166,-0.1954555813425926,0.2628564645835188,0.41841004184100417,1.5900813567123258,0.0,239
493,train,pact,3.0,0,0.39594290426846546,0.08501856038845548,0.14169759167417095,0.03689615864883407,0.0,0.014839296398692177,1.4904235489198852,1.487777467801481,0.4722517884675429,1144.448554003089,0.6110483099975347,1.1564149856567383,0.03928395329412486,117453.0,0.0,117191.0,0.0,0.0,0.9902355289359471,0.9000000000000004,0.8912119616025661,0.5214915763595481,0.5463342878479163,0.0018622042187461175,0.043767479421628376,-0.18808200976168563,0.2955874061544853,0.39748953974895396,1.4877774551533072,0.0,239
494,train,pact,3.0,0,0.2032900131473154,0.04785211420731003,0.0797535186397471,0.016926588436050893,0.0,0.015352505997649422,1.5613037053511232,1.585123062133789,0.4276356927769952,1182.956433156544,0.5755687707637643,1.1932225783499715,0.058819676689008664,117691.0,0.0,117429.0,0.0,0.0,0.9908698747347588,0.9000000000000004,0.8917828753403539,0.4201964090945265,0.41250656457101065,0.0487617053560742,0.056805417991816126,-0.1855574423106023,0.14659188699961423,0.5606694560669456,1.5851230587514111,0.0,239
495,train,pact,3.0,0,0.22391449630794566,0.046957148727746256,0.07826190935426197,0.016165842446323218,0.0,0.015105565068814669,1.4999489776758967,1.5063514502477446,0.626344199335226,952.7763758703255,0.6534694614021349,4.925975219475175,0.03914341988006926,117929.0,0.0,117667.0,0.0,0.0,0.9906981836801793,0.9000000000000004,0.891628348677727,1.090619752348075,0.45361383059527716,0.022847678955821765,0.036154364923475055,-0.18729188042595446,0.24617941185198375,0.401673640167364,1.5063514571412115,0.0,239
496,train,pact,3.0,0,0.4977520082539135,0.131941461148466,0.21990241835512553,0.07036896224550622,0.0,0.016564467573094193,1.5780987245767186,1.6114286817766135,0.6599117981340097,1159.9642247156119,0.6080244799538137,3.597924556692275,0.07659155587085122,118167.0,0.0,117905.0,0.0,0.0,0.9918398724939035,0.9000000000000004,0.892655864669688,0.765965728079211,0.4585931880119398,0.04249461983832029,0.07788972509440394,-0.19983595844128899,0.28063147274399836,0.3682008368200837,1.611428678114172,0.0,239
497,train,pact,3.0,0,0.5020705397838968,0.11469392686721294,0.1911565337658465,0.037847090528101104,0.0,0.016153286947677824,1.553883615398008,1.5842617126688299,0.6325904417736261,1169.8466469992154,0.6402746929035027,3.1443547749868497,0.06628774915077572,118405.0,0.0,118143.0,0.0,0.0,0.9909337921122626,0.9000000000000004,0.8918403950695214,0.763983887828229,0.4276551829715658,0.03437917470000684,0.06705145410624445,-0.19109828951172045,0.2167423365678507,0.49372384937238495,1.5842617024652477,0.0,239
498,train,pact,3.0,0,0.06536317144762423,0.01399365725548218,0.023322760623711195,0.0001901863883229978,0.0,0.015211856132957726,1.5514524127648963,1.5590292170456763,0.5197528916173401,1011.979235533391,0.5063921642103953,6.839103078243623,0.019994755681539852,118643.0,0.0,118381.0,0.0,0.0,0.9900085584389116,0.9000000000000004,0.8910076760347917,1.0387660056706023,0.2450575768026091,0.011783719718747646,0.01845818064280271,-0.19688614670746846,0.31131487581233863,0.38493723849372385,1.5590292195482565,0.0,239
499,train,pact,3.0,0,0.34251425579287914,0.09237360608219271,0.15395599816426006,0.05534423738094553,0.0017116774949069802,0.014481326383947703,1.4208294689405911,1.4543517224459468,0.5724443133655452,1589.8770948593587,0.5048474482100878,5.329957691695401,0.06650539380829454,118881.0,0.0,118619.0,0.0,0.0,0.9917012146327286,0.9000000000000004,0.8925310804754122,0.8472588658881098,0.41145472755875345,0.026697967573520297,0.06401457000625121,-0.1989401637510611,0.43223834535149414,0.2803347280334728,1.4543517243394442,0.0,239
500,train,pact,3.0,0,0.24058936510885828,0.05387687328477121,0.08979478375572798,0.02034994311412508,0.0,0.01473425475444068,1.546542271410571,1.5397946637544673,0.5052048095100594,1025.1393031674947,0.5469699826824116,5.5759362433744775,0.03453165311225063,119119.0,0.0,118857.0,0.0,0.0,0.9895990952288256,0.9000000000000004,0.8906391584723564,0.40607590112758524,0.4341314953073586,0.007044810607559887,0.03648378369914734,-0.18881987404432957,0.23407222766254193,0.4602510460251046,1.5397946662274302,0.0,239
501,train,pact,3.0,0,0.3926658787366775,0.07914270149848406,0.1319044958289847,0.02130087530513189,0.0,0.01486087138628174,1.540009634265341,1.5477520661374016,0.7212800273835409,879.8775323205413,0.7830921755674992,3.705092039941245,0.04464901542821003,119357.0,0.0,119095.0,0.0,0.0,0.9902121846147162,0.9000000000000004,0.8911909428600487,0.9803352154891649,0.5661044066561028,0.026508976868073266,0.043302282180528014,-0.18792788720945822,0.23775186207305857,0.4435146443514644,1.5477520666817395,0.0,239
502,train,pact,3.0,0,0.026644077069207902,0.006532758068053196,0.010887929604368803,0.0,0.0,0.01507400855359672,1.5553784405337219,1.5502764056417233,0.4869630683416103,875.3492853013042,0.6924100269614154,6.178293062553246,0.009039420823804805,119595.0,0.0,119333.0,0.0,0.0,0.9896365661002602,0.9000000000000004,0.890672885473802,0.20685142033489534,0.18917239689572474,0.004201026316456448,0.008755200066680194,-0.19031640610309994,0.25899878334668686,0.401673640167364,1.5502764043332364,0.0,239
503,train,pact,3.0,0,0.502052641987655,0.1210251954504034,0.2017086478548031,0.0368961584617902,0.0,0.01584790794911432,1.568905849337079,1.589292378854552,0.6413792689724447,914.139350412281,0.5990206172463785,2.0127814287421093,0.06680714176718348,119833.0,0.0,119571.0,0.0,0.0,0.99098684947361,0.9000000000000004,0.8918881496126183,0.8177761943960472,0.46267995817412577,0.07618065662682057,0.06685186742812738,-0.19663700524445704,0.27899937683610787,0.4100418410041841,1.5892923810902555,0.0,239
504,train,pact,3.0,0,0.05326771741892722,0.010584354461414888,0.01764058984207086,0.0,0.0,0.01519906300872128,1.580766896074287,1.5911282829659754,0.46964409174280686,1117.7759823340252,0.6036793035318662,5.6159499190342475,0.02178415222966334,120071.0,0.0,119809.0,0.0,0.0,0.9898573389611982,0.9000000000000004,0.8908715886550967,0.24461202028864706,0.22139539394798013,0.01645866963967406,0.02058934288296194,-0.1896705276712917,0.1955547642363275,0.4769874476987448,1.591128285517433,0.0,239
505,train,pact,3.0,0,0.4881335476829956,0.11569804668246715,0.19283006262951374,0.05363256082125788,0.0,0.014942739534904891,1.4991885842638535,1.5223773091906783,0.7282815610514525,1006.4198151273208,0.5474548101674562,3.538655306754252,0.06180578838862385,120309.0,0.0,120047.0,0.0,0.0,0.9910721382336637,0.9000000000000004,0.8919649056809716,0.7934419632073404,0.5379993303419232,0.04567693637158626,0.06298438249989782,-0.18985809700735454,0.2669515415887712,0.39330543933054396,1.5223773074429598,0.0,239
506,train,pact,3.0,0,0.0014944071429085072,0.00038491574822458396,0.0006415262114121209,0.0,0.0,0.01490117703997004,1.577683165981181,1.5775832493933675,0.5600252753770502,1149.3674702025855,0.286051869392395,9.56412410736084,0.009185375954208616,120547.0,0.0,120285.0,0.0,0.0,0.9905584888478204,0.9000000000000004,0.8915026242762929,5.852071666942616,-4.867761390375683,0.006682125366228629,0.008173892456184776,-0.1925775793061005,0.244102198878305,0.4476987447698745,1.577583253180708,0.0,239
507,train,pact,3.0,0,0.36126752409238416,0.08158052898380222,0.13596754063854324,0.036515785622796254,0.0,0.014868906556889726,1.5531758713422958,1.5613667625762429,0.5033765108515528,985.5445766049947,0.4014549601558113,5.273078641632112,0.04098087148617897,120785.0,0.0,120523.0,0.0,0.0,0.9900425046557662,0.9000000000000004,0.8910382409973623,0.47901453283277295,0.5027098865685327,0.000960480769999381,0.04502182206083318,-0.1845721874903896,0.17125137244428618,0.497907949790795,1.561366765720316,0.0,239
508,train,pact,3.0,0,0.372095166128404,0.08265967176614984,0.13776611146963033,0.022632179898696963,0.0,0.014355606249451761,1.4766822310172365,1.4917121205369799,0.7261983939294536,1090.457315484849,0.6615768885512731,6.2519075184686415,0.04738647403452686,121023.0,0.0,120761.0,0.0,0.0,0.9903583583971447,0.9000000000000004,0.8913224915580271,1.06242844600845,0.5727747835520427,0.028909007001019428,0.04371449847464064,-0.19374466218900382,0.3780230867384788,0.27615062761506276,1.4917121189351974,0.0,239
509,train,pact,3.0,0,0.19109905445188377,0.0435495731509192,0.07258261657191736,0.017877520003578153,0.0,0.014625476191997154,1.5215791164581747,1.5223167977572485,0.558679807635032,867.367501613984,0.4419768063281371,8.101791012736046,0.028472284079387115,121261.0,0.0,120999.0,0.0,0.0,0.9898367189961996,0.9000000000000004,0.8908530356494951,0.4521787676496275,0.4435532551023089,0.006737695671982869,0.029887977535505175,-0.18661774589375163,0.2352888809756966,0.4476987447698745,1.5223167983493382,0.0,239
510,eval,pact,3.0,0,0.2656803508259933,0.04589095500891002,0.07648492051195573,0.0032331686014909623,0.0,0.00794204316105865,0.7221983972952456,0.7308116534015624,0.5448159432062045,3117.5299220384413,0.32599167698783854,3.275441347305745,0.028946509940849782,121499.0,0.0,121237.0,0.0,0.0,0.9934089138916845,0.9000000000000004,0.8940680019526303,0.6995559999668755,0.5987493072884748,0.019486868415822693,0.030313795449009563,-0.08474531313509459,0.047894596278821325,0.8786610878661087,0.7308116550013738,0.0,239
511,eval,pact,3.0,0,0.44414848793262934,0.0630490828982421,0.10508179808672732,0.0017116774325590253,0.0,0.007087608176832979,0.6242832181094581,0.5839559459536644,0.6571009505742763,18267.49704375327,-0.05489908150522911,26.48912692169764,0.03323177689448716,121737.0,0.0,121475.0,0.0,0.0,0.9904892372286969,0.9000000000000004,0.8914402860477878,0.615991287659199,0.5341605774634873,0.012681001281509032,0.033674309042839634,-0.07050539450781539,0.010059645686815633,0.9832635983263598,0.5839559460397231,0.0,239
512,eval,pact,3.0,0,0.33866766505446294,0.07254272759169626,0.12090453998859466,0.0,0.0,0.007902928806790716,0.6840588053898832,0.7195311380106036,0.7813404598994235,43506.41038506799,0.0010754202932319564,171.92683095014246,0.029392415832993127,121975.0,0.0,121713.0,0.0,0.0,0.9912741835147267,0.9000000000000004,0.8921467387526604,1.037781779542047,0.6859775399732798,0.0144791566880838,0.026559165095380474,-0.08581952735234877,0.021454642570996173,0.9414225941422594,0.7195311386906003,0.0,239
513,eval,pact,3.0,0,0.4881335476829956,0.08594923118348809,0.14324870939552467,0.0020920502092050207,0.0,0.007017359449761963,0.7014574856812984,0.7035293345296733,0.7334808245862379,68475.7592834728,0.08058543971770883,83.82144369739868,0.0315422322152954,122213.0,0.0,121951.0,0.0,0.0,0.9858837830970477,0.9000000000000004,0.8872953879035168,0.8916243777629709,0.6645667877807522,0.01493720538341082,0.03155596256762681,-0.08695408826909765,0.007685688002611354,0.9790794979079498,0.7035293343280377,0.0,239
514,eval,pact,3.0,0,0.10614912902745642,0.016543875559546756,0.02757312510654617,0.0,0.0,0.008325313328995242,0.6785784936100868,0.6909954486781085,0.5795230386646223,101333.29651542887,-0.013282505590293292,88.93298068904478,0.016220924301291174,122451.0,0.0,122189.0,0.0,0.0,0.9896318857639903,0.9000000000000004,0.8906686710014503,1.2773093047079591,0.24946623010014546,0.005201985444843912,0.013125687854648977,-0.08069913911623393,0.001513398023680228,0.99581589958159,0.6909954522790227,0.0,239
515,eval,pact,3.0,0,0.4367288415779668,0.11359773366026298,0.18932954805567226,0.0,0.0,0.008259679127492354,0.7621323130868968,0.761768662530508,0.812915319428783,81442.63673509414,0.066491349149207,184.51175113901434,0.03239472797647056,122689.0,0.0,122427.0,0.0,0.0,0.9878394177269237,0.9000000000000004,0.8890554510898669,0.9326798358248853,0.7643450002909112,0.017698225263944444,0.03319313686543678,-0.09802895947816913,0.04489747470251343,0.7405857740585774,0.7617686688504324,0.0,239
516,eval,pact,3.0,0,0.5020268857079679,0.06035414359642928,0.10059023307665971,0.0,0.0,0.0067540239693721655,0.5920764397377748,0.5670882081262237,0.6251309366904542,49865.13353164226,-0.001027441647162339,91.30362633182413,0.03324369461544513,122927.0,0.0,122665.0,0.0,0.0,0.9855220627086432,0.9000000000000004,0.8869698374341223,0.7233926849236039,0.4774192790356141,0.03310335815573732,0.03204744885126168,-0.06696796687601626,0.0,1.0,0.567088206491192,0.0,239
517,eval,pact,3.0,0,0.11274788101110218,0.01543755075872316,0.02572924996343603,0.0,0.0,0.00795176303477872,0.6625830916430661,0.6831025893967521,0.49783517202074057,202299.3461852772,-0.019527972555060766,146.685606497601,0.01263909531118169,123165.0,0.0,122903.0,0.0,0.0,0.9899808485138866,0.9000000000000004,0.890982733112,0.8905834292800453,0.7323894789612115,0.011503107784195773,0.011535688993135257,-0.07308208473477551,0.0,1.0,0.6831025915874895,0.0,239
518,eval,pact,3.0,0,0.36852381268091683,0.04949581259498704,0.08249301543833384,0.01521491062940414,0.0,0.007883079068454675,0.6370797006405547,0.6959920561712656,-0.27209161329531273,61188.35147260722,0.15852341751049753,79.92610371561729,0.037960627106521046,123403.0,0.0,123141.0,0.0,0.0,0.9922165262150465,0.9000000000000004,0.8929948512480349,0.8078977764743215,0.35509391514585975,0.014412960847322312,0.03505952029087616,-0.08281092634328222,0.017715659218374435,0.9707112970711297,0.6959920579022968,0.0,239
519,eval,pact,3.0,0,0.41162969583010295,0.05305037255750002,0.08841728336277864,0.0,0.0,0.006832085052996126,0.6550444887023591,0.6323369116713312,0.11999354626063771,113306.44572110356,0.031033157045606167,80.09063611369751,0.023743952899220475,123641.0,0.0,123379.0,0.0,0.0,0.9823985526252491,0.9000000000000004,0.8841586714010359,0.7381247688583328,0.6027932425931843,0.00641541417034996,0.02373712897596873,-0.07210204102760967,0.0,1.0,0.6323369135140412,0.0,239
520,train,pact,3.0,0,0.4859937123801958,0.1116050080274218,0.18600833276919942,0.04393305507913294,0.0,0.015657654786131747,1.5504422297537577,1.5696516381148016,0.7506640845262854,1881.4696627181943,0.5882383736949336,4.752557135276715,0.05943190622061616,123879.0,0.0,123617.0,0.0,0.0,0.9842101078651939,0.9000000000000004,0.8857890742842622,0.9655411662741863,0.5348261724322374,0.039175559902881706,0.057360715626360984,-0.19425066777851033,0.25591263835722133,0.401673640167364,1.569651635488186,0.0,239
521,train,pact,3.0,0,0.0034414877965033177,0.0009136384077575112,0.0015227306334259939,0.0,0.0,0.015284564429855122,1.5643820672853221,1.5696545627326646,0.5014993030905225,1116.3730864584695,0.45519474148750305,10.165897369384766,0.00900482579897193,124117.0,0.0,123855.0,0.0,0.0,0.9900630021693816,0.9000000000000004,0.8910566695564461,0.25460208323639866,0.04567046169639133,0.008091090610900591,0.008151161375798473,-0.1895136094982891,0.22071871568889284,0.4435146443514644,1.569654555304013,0.0,239
522,train,pact,3.0,0,0.49487416027990566,0.12062668986522622,0.2010444707920363,0.04146063184389011,0.0,0.014180873765193206,1.4176820224797875,1.422740039715707,0.6000009760198234,1075.765079258875,0.48162737071015344,3.664738770558744,0.05324567308567589,124355.0,0.0,124093.0,0.0,0.0,0.9909955407785073,0.9000000000000004,0.8918959722858094,0.7553694189916977,0.5623657462495197,0.0031330628008882123,0.05395496516365745,-0.19378232230216447,0.4400427312383156,0.24267782426778242,1.422740041210893,0.0,239
523,train,pact,3.0,0,0.43151492035799666,0.09280970808182269,0.15468283776870856,0.03689615839944225,0.0,0.015219865797407084,1.5280142279349611,1.5358534682245932,0.6461688636735892,1050.6598500527098,0.5309347004695917,4.662264114269153,0.05627830554516869,124593.0,0.0,124331.0,0.0,0.0,0.9898596809997718,0.9000000000000004,0.8908736892823894,0.6059157060956707,0.5651272574206856,0.04842360582468765,0.059131335044303075,-0.18044341047515303,0.1550194367785394,0.497907949790795,1.5358534729706153,0.0,239
524,train,pact,3.0,0,0.25732146626996916,0.06575792591869853,0.10959653515641107,0.03404336263694524,0.0,0.015943663109047143,1.5733363608436106,1.6027077793077444,0.46099685126268714,1076.7649375245162,0.7190455243178492,0.9604101966614503,0.06595356504736803,124831.0,0.0,124569.0,0.0,0.0,0.9916160867303984,0.9000000000000004,0.8924544620713429,0.44125629523573145,0.461418516824721,0.05382385022417342,0.06505252394112115,-0.19349520710145976,0.2225585328941512,0.4435146443514644,1.6027077845586162,0.0,239
525,train,pact,3.0,0,0.0023364927420596237,0.001084810375694695,0.0018080171268524906,0.0,0.0,0.016234178135023456,1.5890413487805481,1.6236166869247308,0.2925397890881016,1494.5677096953452,0.4981131851673126,1.3536591529846191,0.036663576547995555,125069.0,0.0,124807.0,0.0,0.0,0.9922448264505075,0.9000000000000004,0.8930203301138459,13.606108678791292,-13.48516124442572,0.020544738641997733,0.03241831870656071,-0.1916507124249722,0.17780943054690052,0.502092050209205,1.6236166841639768,0.0,239
526,train,pact,3.0,0,0.4986505481252782,0.11797444137790149,0.1966240559661981,0.039748954473679037,0.0,0.01529786378636208,1.510939831264847,1.5357029006570952,0.5365660665050211,1101.474534804851,0.5374721373162509,1.4996566639036315,0.05524815183359873,125307.0,0.0,125045.0,0.0,0.0,0.990495315406113,0.9000000000000004,0.8914457711714581,0.67650004503065,0.5337658445256013,0.0021808382759142355,0.057626618924560453,-0.18239892862790258,0.17356598118638536,0.502092050209205,1.535702901602035,0.0,239
527,train,pact,3.0,0,0.32300139925731,0.07214625866573103,0.12024375522770969,0.03898820873334318,0.0,0.015815079017351363,1.5857803896381266,1.591339045239293,0.5490393185964688,1185.1396489482545,0.5974330999362418,4.623019605500928,0.05961823451457444,125545.0,0.0,125283.0,0.0,0.0,0.9905738344252359,0.9000000000000004,0.8915164296098333,0.44622009479525127,0.45837106102912517,0.04301677887127096,0.06082440785787002,-0.19425194856861147,0.23677260452832427,0.41841004184100417,1.5913390464867703,0.0,239
528,train,pact,3.0,0,0.4554288604148302,0.09114063373097026,0.15190104577905536,0.028337771236647123,0.0,0.015290302384223898,1.5162881692583092,1.533658540149114,0.7574014626287516,875.7638968623332,0.6928699757264748,4.603106397963967,0.046096685533431284,125783.0,0.0,125521.0,0.0,0.0,0.9903406967179047,0.9000000000000004,0.8913066000619194,1.0019180745474565,0.5943184589876476,0.032470281344528,0.04472474167201372,-0.18714219424913847,0.24496275853882904,0.3514644351464435,1.5336585514712338,0.0,239
529,train,pact,3.0,0,0.1161134909462402,0.024964961244127514,0.0416082658560006,0.005705591462646069,0.0,0.014599192682965405,1.5347936527499595,1.5371790850012872,0.5345069446823089,888.5719893068449,0.4984157451401196,8.241066892027357,0.023440542457689565,126021.0,0.0,125759.0,0.0,0.0,0.9895972382573404,0.9000000000000004,0.8906374927843964,0.27600844147971126,0.2854141314175008,0.007760822474759967,0.02357145732441122,-0.1812607117181627,0.1607169352206297,0.5439330543933054,1.53717908340034,0.0,239
530,train,pact,3.0,0,0.34251425579287914,0.08795179119709905,0.14658631044600712,0.024914416309181116,0.0,0.014555363674262328,1.4359277110219502,1.4501776308694145,0.6502671972478284,1249.3578841077733,0.4810846356916627,6.280352111142051,0.05447521985598127,126259.0,0.0,125997.0,0.0,0.0,0.9915360721085361,0.9000000000000004,0.8923824476896469,1.0207092524635812,0.5250580276895851,0.02792225555833621,0.050368285585958586,-0.19561934627467326,0.41306863705154456,0.24686192468619247,1.4501776284360623,0.0,239
531,train,pact,3.0,0,0.00046352766528258015,0.00011004766994237531,0.00018341278070795825,0.0,0.0,0.015627590452309183,1.5721231594245304,1.5703123658272014,0.49806812206072787,1179.928011970041,0.3202752470970154,10.70084285736084,0.005582106570522281,126497.0,0.0,126235.0,0.0,0.0,0.990436206552274,0.9000000000000004,0.8913925669183292,0.5797460476854189,-0.3561118930223064,0.005099526600922983,0.004988104173310576,-0.18887668250650066,0.21024362740734148,0.4560669456066946,1.5703123670590433,0.0,239
532,train,pact,3.0,0,0.1712039733909204,0.03723490024205001,0.06205816184898505,0.01977938382446018,0.0003803727766459956,0.0156839419756412,1.567101478826052,1.5893856129885717,0.40704438651455993,1035.2613964639447,0.493212501569086,5.110612756537593,0.0370930457277278,126735.0,0.0,126473.0,0.0,0.0,0.9907361104398592,0.9000000000000004,0.8916624896695923,0.7144464697448282,0.29469232992478833,0.016640551616069223,0.03556563955766761,-0.19376178290040175,0.24232173061515183,0.4351464435146444,1.589385609075213,0.0,239
533,train,pact,3.0,0,0.3575846380647296,0.08848090443049335,0.14746816371144295,0.05039939165863532,0.0005705591649689933,0.01532030089614157,1.5112818866095283,1.5403097860483943,0.5524888306731459,1169.1078031531936,0.3993173204167555,5.627353276667734,0.06658258182327867,126973.0,0.0,126711.0,0.0,0.0,0.9916031697305177,0.9000000000000004,0.8924428369210854,0.8005379637084408,0.38049647729011105,0.02699906888708312,0.06499245576560497,-0.19444393283745864,0.31754651473337486,0.3472803347280335,1.5403097829755272,0.0,239
534,train,pact,3.0,0,0.19109902345770474,0.05158969725607486,0.08598282502054766,0.017877519878882246,0.0001901863883229978,0.015339725775542868,1.5300551293784106,1.5335188642705335,0.4642639332236605,1131.0623480505524,0.16067760374843218,7.227596883494485,0.04924304679349829,127211.0,0.0,126949.0,0.0,0.0,0.9913408220063692,0.9000000000000004,0.8922067222236091,0.7561120615714992,0.28262297561211946,0.019494278961966344,0.047346827060677825,-0.1848350135854672,0.19534704293895963,0.47280334728033474,1.5335188633910783,0.0,239
535,train,pact,3.0,0,0.5019461374421663,0.11291514856009097,0.18819190090742946,0.046976037042909084,0.0,0.015796425087946354,1.558445166593815,1.5828525114757745,0.6166314058722812,1004.5988955956623,0.5576715113821139,2.6490111735076587,0.06704149388213287,127449.0,0.0,127187.0,0.0,0.0,0.9906897876551959,0.9000000000000004,0.8916207853720278,0.7163973693879964,0.4242566282481882,0.05438481003511697,0.06861462260919884,-0.18736838963432034,0.18107362236268137,0.497907949790795,1.582852508798571,0.0,239
536,train,pact,3.0,0,0.023700630373153914,0.005880100568517633,0.009800166937665188,0.0,0.0,0.01564104084673661,1.5878292918205261,1.587016003151818,0.47922429766615066,1107.0195023923739,0.5788272867080557,6.085377438796614,0.015954244225022916,127687.0,0.0,127425.0,0.0,0.0,0.9911260692145535,0.9000000000000004,0.892013447055258,0.21311031068482847,0.18038991142066874,0.01238949015836018,0.014875083300090203,-0.1873078378025974,0.16783880827324252,0.5104602510460251,1.587016012682856,0.0,239
537,train,pact,3.0,0,0.3720951933817057,0.08557122171602322,0.14261869451132891,0.03765690382803833,0.0,0.015659789774940976,1.5735199369147232,1.572272068785823,0.39772722156227386,995.2262665177988,0.4585683229437807,1.2288545509761348,0.04660561568786636,127925.0,0.0,127663.0,0.0,0.0,0.9901252832871601,0.9000000000000004,0.8911127285977288,0.4648858203977208,0.5019421338125949,0.009577024066192883,0.05021591160848744,-0.19237403053242422,0.2309564082020238,0.4393305439330544,1.5722720654683084,0.0,239
538,train,pact,3.0,0,0.33866766505446294,0.0714351926437158,0.11905864602502554,0.023202739188361868,0.0,0.01499238601207702,1.5080632357916572,1.520311594508183,0.734225916064434,977.4483714083748,0.7540772577209951,3.9204351425669683,0.04669668874898185,128163.0,0.0,127901.0,0.0,0.0,0.9911737394632156,0.9000000000000004,0.8920563347170044,1.0860558437123455,0.532974124247743,0.0290272186857135,0.04359686709979401,-0.18830121802986163,0.2713730377756017,0.3723849372384937,1.5203115904133553,0.0,239
539,train,pact,3.0,0,0.0,0.0,0.0,0.0,0.0,0.015372935836456684,1.559041767439583,1.5580169446298766,0.5328188987456605,978.2382664381211,0.7150272727012634,6.414424419403076,0.003767280482587689,128401.0,0.0,128139.0,0.0,0.0,0.9895902834676799,0.9000000000000004,0.8906312325509522,nan,nan,0.003361747891176492,0.0033617478059655907,-0.19111441063755752,0.24870174189145078,0.4435146443514644,1.5580169446517234,0.0,239
540,eval,pact,3.0,0,0.22391449630794566,0.03682130336050683,0.06136883469076246,0.01521491087879596,0.0,0.008280668586928974,0.6052009033109353,0.6771831518685968,0.3333319024062057,3110.534613318024,0.10159680520858476,13.500284510676332,0.03598155483221596,128639.0,0.0,128377.0,0.0,0.0,0.9971036906022905,0.9000000000000004,0.89739329720142,0.7400979706593868,0.21525688946877108,0.012082070869851917,0.03432211566961928,-0.09458695244528355,0.024303391792041308,0.895397489539749,0.6771831501465173,0.0,239
541,eval,pact,3.0,0,0.0003611348120901913,3.405709518028363e-05,5.676182494783739e-05,0.0,0.0,0.007612967776976308,0.5975111706112219,0.595906967086772,0.1954430253498225,24173.776056648796,0.113434337079525,18.097143173217773,0.0018818585743258657,128877.0,0.0,128615.0,0.0,0.0,0.9947804743774765,0.9000000000000004,0.8953024039208639,7.958675458611818,-10.841422760051362,0.0013933494154020753,0.0016227659791762548,-0.07628930459618136,0.0,1.0,0.595906966843233,0.0,239
542,eval,pact,3.0,0,0.48813355436147227,0.06767904038574994,0.11279839398702884,0.0,0.0,0.005993570563496406,0.5754190145925497,0.5490115900917532,0.3925345439359616,50946.36626405596,0.06877007793413989,28.223000514457414,0.025433176097988102,129115.0,0.0,128853.0,0.0,0.0,0.9773687499587007,0.9000000000000004,0.8796318566200624,0.8210808966040138,0.6261524956537706,0.0006489012799321268,0.024906668936488876,-0.06855971921791744,0.0020772129736787446,0.9916317991631799,0.5490115857837018,0.0,239
543,eval,pact,3.0,0,0.49865054549941856,0.04424334016557509,0.07373889653916567,0.0,0.0,0.005972897894018053,0.4590637051660147,0.47457268173225753,0.7537970744915088,36588.54252745816,-0.05828045384880939,89.33606016885287,0.021345507330163754,129353.0,0.0,129091.0,0.0,0.0,0.9882616475536234,0.9000000000000004,0.8894354628718548,0.9303541846737857,0.5744059022849073,0.022485449017646413,0.01961696047772299,-0.062401811121522086,0.0,1.0,0.47457268308331174,0.0,239
544,eval,pact,3.0,0,0.19514420172920505,0.02025687496183819,0.03376145693929559,0.0,0.0,0.007142290566506246,0.549191208564088,0.5562889149498241,0.2362410222885499,85576.2906478818,-0.14765335747262923,212.3013660398986,0.01637159049058933,129591.0,0.0,129329.0,0.0,0.0,0.9823239481848154,0.9000000000000004,0.8840915417322055,0.7079430346733944,0.4792001034435345,0.007933088951162938,0.015052220954610401,-0.06663599570214444,0.0,1.0,0.5562889146412029,0.0,239
545,eval,pact,3.0,0,0.012959528787482421,0.0022960845985930613,0.0038268075181024197,0.0,0.0,0.007922315017308525,0.5957224926439788,0.6144549289258454,-0.1701874717520589,114407.22283603557,-0.16200437923604974,19.978798638826632,0.008894966328789375,129829.0,0.0,129567.0,0.0,0.0,0.9959450663383037,0.9000000000000004,0.8963505331442446,0.5818723765913456,0.561228356596025,0.008144242807455935,0.007985297995999409,-0.07670196921064834,0.003917030178937061,0.9916317991631799,0.6144549333501043,0.0,239
546,eval,pact,3.0,0,0.42329977726598883,0.05545688367634269,0.09242813451318889,0.0001901863883229978,0.0,0.006613711525966651,0.5548888335168112,0.5073936713789298,-0.4033242080986079,94756.60404680962,-0.11104325685946263,39.358859864238916,0.02310149162709635,130067.0,0.0,129805.0,0.0,0.0,0.9819002491285611,0.9000000000000004,0.8837102005047778,0.6284552888427725,0.6117458162327826,0.002493289839125506,0.024849753273274967,-0.06850075794321826,0.00715154752366539,0.9832635983263598,0.5073936702830716,0.0,239
547,eval,pact,3.0,0,0.0005835245887526782,0.0001467467882777866,0.0002445779694780068,0.0,0.0,0.008162276157875502,0.6052361584607527,0.6382732888894102,0.20674118791401452,118610.6721855387,0.030260367318987846,46.554134368896484,0.012480042998534802,130305.0,0.0,130043.0,0.0,0.0,0.9940575973508747,0.9000000000000004,0.8946518112426024,1.392845350236397,-0.24084790650123256,0.010696217509406924,0.010280979230267358,-0.0790976067939221,0.0029971215763079026,0.99581589958159,0.6382732873287051,0.0,239
548,eval,pact,3.0,0,0.4955261374568512,0.06170714314794168,0.10284523441306234,0.0,0.0,0.005836732573534467,0.545786636269741,0.5246782963744766,0.42840895406567203,119338.56074300471,-0.009775499318371756,30.87034293298442,0.024242600358858953,130543.0,0.0,130281.0,0.0,0.0,0.977355681328594,0.9000000000000004,0.8796200910622106,0.8299031566316136,0.6246016163204475,0.0044240030343644324,0.023251766079323655,-0.06473962147947798,0.0,1.0,0.5246782922352565,0.0,239
549,eval,pact,3.0,0,0.5020820002946379,0.13389192478555678,0.22315319455372437,0.0,0.0,0.007819858543325418,0.7281527890819884,0.7222345453924713,0.7359800570679509,44067.62057890952,0.04623990866921722,82.96964290251792,0.04093351542256055,130781.0,0.0,130519.0,0.0,0.0,0.9862176814588044,0.9000000000000004,0.8875958950699124,0.9304480561085929,0.7030666744431304,0.045777822534243263,0.04163110403005018,-0.09794494126543099,0.21469479806522454,0.5481171548117155,0.7222345475487393,0.0,239
550,train,pact,3.0,0,0.1229728398538705,0.030033404233961152,0.05005567039011892,0.005515405199018981,0.0,0.01536306198569459,1.585203754353224,1.589291639906592,0.5008885231975732,3236.0296074137027,0.19376485261707624,282.5493321199297,0.040591780058299214,131019.0,0.0,130757.0,0.0,0.0,0.9862385803685527,0.9000000000000004,0.8876147068195264,0.3857049521970865,0.3737029046995545,0.02946612753409059,0.038671909823670796,-0.18781155854178294,0.1713700703284964,0.5104602510460251,1.5892916380191056,0.0,239
551,train,pact,3.0,0,0.33479187858415665,0.07024012914381163,0.1170668745246654,0.02719665334314482,0.0,0.013986491344900312,1.4804134635745732,1.4756791092860648,0.4507033625407199,811.1195494839337,0.4549014588280203,1.2443878478584929,0.048538697733461984,131257.0,0.0,130995.0,0.0,0.0,0.9903371782981202,0.9000000000000004,0.8913034425120973,0.5523571360822173,0.5481838881801133,0.03624149204485796,0.050469831569377475,-0.18862626827629195,0.309623430962343,0.41422594142259417,1.4756791102210507,0.0,239
552,train,pact,3.0,0,0.05326771741892722,0.01266621077880989,0.02111035081767136,0.0,0.0,0.015872669805651805,1.5690170312027552,1.5686443086448574,0.37252080103842283,1083.5922741750294,0.6299393174538552,0.9956604232349157,0.041337428070900954,131495.0,0.0,131233.0,0.0,0.0,0.990693485886482,0.9000000000000004,0.8916241157503806,0.28586253629028624,0.24418537006582952,0.03794182348858819,0.0378123712901291,-0.18840574967452484,0.17798747737321585,0.5313807531380753,1.5686443107757055,0.0,239
553,train,pact,3.0,0,0.4769458410955545,0.1060686853548097,0.17678113112362942,0.031380753699206905,0.0,0.014062031719708917,1.4108224249285135,1.4212685080252931,0.522425439193159,988.6369266270593,0.4754730063377564,1.3849210477274332,0.04996754589712707,131733.0,0.0,131471.0,0.0,0.0,0.9908418944690018,0.9000000000000004,0.8917576855196614,0.6671255648411483,0.5879364538873362,0.02788248810490283,0.051850670792754724,-0.19002944227408747,0.39013027092792074,0.26778242677824265,1.4212685052361886,0.0,239
554,train,pact,3.0,0,0.12999683991421615,0.035863856863406186,0.05977309303796642,0.0022822366598759733,0.0,0.01627000791476611,1.5950251476036454,1.6122659721633879,0.6865851991346191,1132.8576422655433,0.5670002282413977,6.230182362151445,0.03681496267545984,131971.0,0.0,131709.0,0.0,0.0,0.991319087259939,0.9000000000000004,0.8921871609268827,1.2814768998114219,0.41526783501943376,0.02256909334488834,0.03196960327724018,-0.1954755805641357,0.22205406688625776,0.4393305439330544,1.612265971159231,0.0,239
555,train,pact,3.0,0,0.0012663877662295617,0.00035380768619753443,0.0005896794747938227,0.0,0.0,0.015607103742425287,1.5771112536785492,1.5773703361156097,0.4679886590237398,1109.2822224764645,0.5012328624725342,7.8277812004089355,0.0023124181865431977,132209.0,0.0,131947.0,0.0,0.0,0.9901866349216285,0.9000000000000004,0.8911679489343236,1.0527232537450824,-0.2701843901549572,0.0017966542113959099,0.002098678012109273,-0.19279700001744543,0.25644677883616723,0.4393305439330544,1.5773703355269626,0.0,239
556,train,pact,3.0,0,0.2405893336158956,0.05456915494265163,0.09094858508971476,0.021110688542721162,0.0001901863883229978,0.015318659447897304,1.5469002382027055,1.5527450906182931,0.41495989043427295,975.9192813889252,0.5489553261750911,4.474627679361958,0.05042865630784793,132447.0,0.0,132185.0,0.0,0.0,0.990766357926644,0.9000000000000004,0.8916897045518564,0.7240556522062328,0.27590020852887154,0.019104877990655234,0.0487343114893299,-0.19085446264066622,0.2560016617703789,0.3891213389121339,1.552745085588484,0.0,239
557,train,pact,3.0,0,0.020964593625584595,0.0044581832437996195,0.007430305029910982,0.0,0.0,0.015489889384796804,1.5815645219391858,1.5824753928882807,0.19933751272232464,1006.0578355350254,0.623495194203684,5.231105166499086,0.005844629939118737,132685.0,0.0,132423.0,0.0,0.0,0.9899981777538316,0.9000000000000004,0.8909983398026502,0.18857420387747115,0.13475149542243947,0.0021909508542034693,0.0056904458470552945,-0.18674497312759522,0.16638475919166743,0.497907949790795,1.5824753962678062,0.0,239
558,train,pact,3.0,0,0.05101152724064263,0.012228988356148886,0.020381646352437974,0.0,0.0,0.015830925075438606,1.5847914622917334,1.5830042900899464,-0.32635716531449094,975.7628952728654,0.38449631472387075,1.3330643985061965,0.013217811630166889,132923.0,0.0,132661.0,0.0,0.0,0.9900368644103844,0.9000000000000004,0.8910331621329655,0.2356368253110356,0.22857384208159126,0.004573191872006677,0.013097328314166535,-0.18527581028725917,0.15071663847591912,0.5606694560669456,1.5830042898613694,0.0,239
559,train,pact,3.0,0,0.4595582126649525,0.10596813724433372,0.17661354971920698,0.05058957823400218,0.0,0.0160670026330176,1.567229640034951,1.5717337046707025,0.42934180238132197,896.7839010709499,0.5621223053174039,1.1180971812254215,0.0495810419054133,133161.0,0.0,132899.0,0.0,0.0,0.9903857700495541,0.9000000000000004,0.8913471681303559,0.5827932790847514,0.593469707618461,0.023981158324549424,0.053556398397981805,-0.1912994790829585,0.22727677379150718,0.4602510460251046,1.5717336875050418,0.0,239
560,train,pact,3.0,0,0.00027498420791614755,6.428162408129275e-05,0.00010713603180923516,0.0,0.0,0.01585005676163415,1.5560886488299988,1.5866585850216854,0.3932915933461369,1154.4423761726923,0.8828746676445007,0.7583915591239929,0.03466381219451444,133399.0,0.0,133137.0,0.0,0.0,0.9912305197456391,0.9000000000000004,0.8921074470715543,1.6620721920429147,-0.49851463941194973,0.031716446563048395,0.030479892162741534,-0.185965206554105,0.1587287456601086,0.5439330543933054,1.5866585824533854,0.0,239
561,train,pact,3.0,0,0.478391402922768,0.1190913887504816,0.1984856343578141,0.05705591481350456,0.0,0.014397371480451842,1.4794459390340988,1.5099758079361216,0.6380869136445193,1147.8090141009088,0.5355900718195357,3.4271024622677757,0.069205513835795,133637.0,0.0,133375.0,0.0,0.0,0.9910556369745581,0.9000000000000004,0.8919500486621298,0.8181011581537637,0.4881977116420284,0.037475934589004264,0.06779364492183076,-0.191967389336433,0.32297694293599216,0.38493723849372385,1.5099758123949742,0.0,239
562,train,pact,3.0,0,0.031455413804247795,0.007498439130503353,0.012497397904465985,0.0,0.0,0.015172897945216635,1.5889211439188555,1.592547486516721,0.5411299130407836,922.0025466216658,0.24147448476762454,5.008798006189418,0.01469997967380025,133875.0,0.0,133613.0,0.0,0.0,0.990677975461074,0.9000000000000004,0.8916101587866141,1.430247133596196,-0.01586757677470363,0.008071270311577495,0.013115871550074962,-0.19031561775745268,0.20365589483367458,0.48535564853556484,1.592547476945992,0.0,239
563,train,pact,3.0,0,0.00014589538669387058,3.102545188503655e-05,5.1709086475060927e-05,0.0,0.0,0.015520357731418006,1.5602988919952425,1.5602852387907116,0.27213418416076857,986.87524643902,0.2432359755039215,5.279414653778076,0.0012899068748981743,134113.0,0.0,133851.0,0.0,0.0,0.9900939327403592,0.9000000000000004,0.8910845161481882,2.4247291694308433,-1.535174532311966,0.001125373205952626,0.0011585291507814632,-0.1919126399057248,0.26718893735719157,0.42677824267782427,1.5602852420899822,0.0,239
564,train,pact,3.0,0,0.3190210646045298,0.07472290384141929,0.12453816160320369,0.055344237567989396,0.0001901863883229978,0.01532540538554785,1.5318208815662433,1.5635768264906178,0.5454034927412166,1132.9813796805538,0.5291592023300327,5.642823922085463,0.06020667442416765,134351.0,0.0,134089.0,0.0,0.0,0.990835458663717,0.9000000000000004,0.8917518968861472,0.786736400515926,0.3528454708181703,0.02457932360443169,0.05842382694734845,-0.19770830786544452,0.310691711920235,0.36401673640167365,1.5635768340114595,0.0,239
565,train,pact,3.0,0,0.36852381268091683,0.0990030280487365,0.16500503412059656,0.06979840301818928,0.0,0.015866239584405677,1.5825630418925105,1.6133211838650403,0.565205537499743,1176.456991155776,0.4755768247774829,4.950934712607491,0.07208866479116878,134589.0,0.0,134327.0,0.0,0.0,0.9919724910827861,0.9000000000000004,0.8927752163619675,0.7657829300997308,0.39501546040157764,0.028973788496417303,0.07105675390064249,-0.20308276362454847,0.3200094958307368,0.3472803347280335,1.613321189119107,0.0,239
566,train,pact,3.0,0,0.00046352766528258015,0.00013595339255497566,0.00022658897476990719,0.0,0.0,0.01568004613056405,1.588363672898903,1.5899196224731382,0.4079464440814621,1194.3401305386212,0.5391848683357239,7.915722370147705,0.003988462025023243,134827.0,0.0,134565.0,0.0,0.0,0.9898706791789961,0.9000000000000004,0.8908835928809193,0.48311165027970165,-0.299506989576243,0.003589882065511528,0.0035816924891870073,-0.1941624787332889,0.2398884239888424,0.4435146443514644,1.5899196300692755,0.0,239
567,train,pact,3.0,0,0.17909063403861195,0.049489452568207117,0.08248241578684082,0.028337771486038943,0.0003803727766459956,0.015402514027688793,1.5558846814861855,1.5808773808898287,0.43189074672665057,1191.4494220302693,0.34695309517613104,6.830746492581388,0.04890269384657083,135065.0,0.0,134803.0,0.0,0.0,0.9910024185060956,0.9000000000000004,0.8919021549583978,0.7385393720534335,0.2628803888688662,0.0193774447823963,0.04694500066258138,-0.19142035332027088,0.23727707053621772,0.4393305439330544,1.5808773820576048,0.0,239
568,train,pact,3.0,0,0.1299968671675179,0.032034905289814154,0.05339150701214269,0.008938760001789076,0.0,0.015204232998550811,1.58062835991632,1.5873794166612825,0.30970061180731245,888.7846878881734,0.3896998553283544,6.602667715260174,0.021167016539320342,135303.0,0.0,135041.0,0.0,0.0,0.9894159842734557,0.9000000000000004,0.8904743628521844,0.37283612910995156,0.38401366228630507,0.0020452339972446983,0.022216943575231997,-0.18486105953025406,0.14504881450488144,0.5690376569037657,1.5873794320522012,0.0,239
569,train,pact,3.0,0,0.004340025042008344,0.0008922703779629742,0.0014871172413401521,0.0,0.0,0.015268046749857055,1.5938412150578518,1.6038650049824097,0.24799136555593881,984.8096704203714,0.4541698018377296,1.1894783215542717,0.02388175816136845,135541.0,0.0,135279.0,0.0,0.0,0.9905194814733881,0.9000000000000004,0.8914675129008592,0.27238334786882556,0.05302267739435251,0.02309482126139288,0.02142797617527177,-0.19354398772207895,0.22350811596783285,0.46443514644351463,1.6038649990032599,0.0,239
570,eval,pact,3.0,0,0.37911919344205136,0.03680802955652371,0.061346711652290324,0.007987828184869998,0.0,0.00921352340150079,0.621102005866781,0.6586089758942816,0.36784004242350365,2409.3491826396607,0.0605160411273516,9.649386877295363,0.02681205815842149,135779.0,0.0,135517.0,0.0,0.0,0.9948751996251829,0.9000000000000004,0.8953876647490338,0.7037396878540677,0.35740519909283053,0.007799721499583845,0.02651112703859775,-0.08179482025416385,0.01572746965785335,0.9748953974895398,0.6586089747854714,0.0,239
571,eval,pact,3.0,0,0.4653420398303694,0.04599155129222275,0.0766525815479745,0.0007607455532919912,0.0,0.007943320894715177,0.5753151899102342,0.577978480809902,0.5226026625064626,9859.807768370816,0.016060315846771422,26.58735105183334,0.023098695254592405,136017.0,0.0,135755.0,0.0,0.0,0.9834280515315642,0.9000000000000004,0.8850852243571102,0.8841979313945699,0.5336995979739572,0.006427768325771798,0.021751992702562065,-0.06989047595039588,0.007240570936823051,0.9665271966527197,0.5779784822489488,0.0,239
572,eval,pact,3.0,0,0.4532820462560594,0.06884777262340135,0.11474628364570487,0.0032331686014909623,0.0,0.009317790859994561,0.6744838617586192,0.6516346355362417,0.4149527557225407,59495.150840088914,-0.0681018422263143,63.44652717781865,0.0394356833911154,136255.0,0.0,135993.0,0.0,0.0,0.9899113198204519,0.9000000000000004,0.8909201703061619,0.6922598070600373,0.4769129010724532,0.012050291034774702,0.037802031073742644,-0.08841631156448593,0.02305706400783406,0.9497907949790795,0.6516346390190332,0.0,239
573,eval,pact,3.0,0,0.05794356438666426,0.010138234602948397,0.016897056960820066,0.0,0.0,0.009153315345425485,0.6415718029483093,0.6547840468304925,0.31125750688828185,133493.26036218618,-0.0802762009141086,115.91432731021897,0.010275532806654573,136493.0,0.0,136231.0,0.0,0.0,0.9867202462511582,0.9000000000000004,0.8880482019240886,0.6362782600066993,0.6116915509449512,0.007191177201323511,0.009793495226000674,-0.07657853702746317,0.016142912252589094,0.9205020920502092,0.6547840479226803,0.0,239
574,eval,pact,3.0,0,0.06794360041903054,0.007938496058216298,0.013230825694944957,0.0,0.0,0.009390046708013036,0.6723429287577274,0.6817262465734362,0.20542350578001042,88287.6283668933,0.012454720527697433,110.78674179140992,0.01221045610303971,136731.0,0.0,136469.0,0.0,0.0,0.9926389677754007,0.9000000000000004,0.893375044587267,0.8678374936183508,0.050523387937712494,0.005902615264879868,0.010649453273830179,-0.08300275531394288,0.0,1.0,0.6817262476385655,0.0,239
575,eval,pact,3.0,0,0.029798324749413897,0.0074929319505439,0.012488219439782747,0.0,0.0,0.009582077492044061,0.6752026437715506,0.6775763715660222,0.3453571941171652,160986.2935081067,-0.11958894026017589,41.39248326034227,0.00584614127981535,136969.0,0.0,136707.0,0.0,0.0,0.9895735169803747,0.9000000000000004,0.8906161480867713,1.203542719035215,0.5011763573723789,0.0024016787504846666,0.005027327889179086,-0.07970661065925912,0.0013650256684174607,0.9916317991631799,0.6775763705904163,0.0,239
576,eval,pact,3.0,0,0.010237416458047271,0.002606505893701644,0.004344176158761249,0.0,0.0,0.009360412447460028,0.6840596523245009,0.6772748705732273,-2.311037621924568,332022.24483525107,-0.1379976854133556,44.47405622793541,0.003644237855194082,137207.0,0.0,136945.0,0.0,0.0,0.9939175425837729,0.9000000000000004,0.8945257750390464,0.25705973667420323,0.2330026159951687,0.0013368644499945838,0.0031969312665629432,-0.08040847514587515,0.0016024214368378883,0.99581589958159,0.6772748730495309,0.0,239
577,eval,pact,3.0,0,0.22391452780090834,0.022975614909897923,0.03829268968626847,0.0,0.0,0.00795085762070188,0.5796848808621762,0.5765745097373819,-1.0030504051502405,350060.7233917364,-0.030701289876648146,51.496554610120704,0.01475438380430776,137445.0,0.0,137183.0,0.0,0.0,0.9815336886684266,0.9000000000000004,0.8833802960283088,0.7280170590975239,0.45843617039845463,0.003330709533728955,0.014202835820089231,-0.06287634576157293,0.0,1.0,0.5765745084415428,0.0,239
578,eval,pact,3.0,0,0.34633041948240073,0.07304614857300092,0.12174357447388902,0.0,0.0,0.010561640469832774,0.7183574238581637,0.7445364631868306,0.7244180443084889,44006.17046940377,0.05963871814310551,77.52630008314443,0.031200006140481726,137683.0,0.0,137421.0,0.0,0.0,0.9926859003230618,0.9000000000000004,0.8934172948035236,0.9925166866914331,0.644064575819247,0.011633356875487758,0.02869793563929219,-0.09721131083879322,0.08480963826819787,0.8326359832635983,0.744536464144413,0.0,239
579,eval,pact,3.0,0,0.06536319171795504,0.014565794723368762,0.024276322950861098,0.0,0.0,0.009042372371783191,0.6794725574210099,0.6544286704711835,0.615045388373371,183075.06063676777,0.002410529462535862,119.56810869033366,0.010660166713841665,137921.0,0.0,137659.0,0.0,0.0,0.9909448432872485,0.9000000000000004,0.891850340565877,0.5346499917794001,0.4743938466179264,0.0032731994301658015,0.010243392212386536,-0.07661022872090036,0.0027003768657823672,0.9874476987447699,0.6544286698118985,0.0,239
580,train,pact,3.0,0,0.011099790736339269,0.0029966295152468116,0.004994382246519939,0.0,0.0,0.015889848108991793,1.5949111299035938,1.6036852106888424,-7.342433906000529,3978.293318616795,0.08589159878005885,65.23355444505125,0.01878692657529926,138159.0,0.0,137897.0,0.0,0.0,0.9817803449710543,0.9000000000000004,0.883602287542371,0.25424858388871646,0.16782970852345191,0.0119135309552104,0.01265556379499023,-0.18697106374617584,0.16107302887326033,0.5774058577405857,1.6036852157315753,0.0,239
581,train,pact,3.0,0,0.15576161381352116,0.03993047419791163,0.06655078641715324,0.014454165325503967,0.0,0.015332443263599938,1.5751294216850313,1.5746006466853568,-2.4896644429151733,931.4750994438906,0.16493427644339564,2.4909185754704177,0.0270340760253325,138397.0,0.0,138135.0,0.0,0.0,0.9903209900257478,0.9000000000000004,0.8912888705481047,0.37345064247345294,0.4044701952715527,0.0048638745257875175,0.02836837789465607,-0.19286451456711526,0.24890946318881868,0.47280334728033474,1.5746006451435093,0.0,239
582,train,pact,3.0,0,0.38934417804177057,0.08803002014787255,0.1467166905212591,0.03689615839944225,0.0,0.015801761127914843,1.505598315883381,1.5296708372846308,0.41508140785923564,1020.5753447081753,0.5456195534771955,1.1771043643791805,0.06154852789908523,138635.0,0.0,138373.0,0.0,0.0,0.9914369186596891,0.9000000000000004,0.8922932040741254,0.554445063306984,0.5614836115957036,0.058244060968891495,0.06381771358404169,-0.191343776067568,0.3006023917623668,0.34309623430962344,1.5296708414420614,0.0,239
583,train,pact,3.0,0,0.017240593236713734,0.004362258835202411,0.007270430970207774,0.0,0.0,0.015164224156198019,1.5480136674318354,1.5538503507689951,0.5028187669969503,1023.522156017096,0.45948100950428633,11.624816490267111,0.03369101717051072,138873.0,0.0,138611.0,0.0,0.0,0.9904718685848444,0.9000000000000004,0.8914246541685639,3.9672500253486414,-2.517082570764998,0.019864222126998725,0.029415943474746523,-0.1854826560090185,0.18154841389952225,0.497907949790795,1.553850345183886,0.0,239
584,train,pact,3.0,0,0.1371777911142497,0.03206036371668393,0.05343393593840009,0.005515405261366936,0.0,0.01571243195930909,1.569028751121904,1.5626552444122825,0.36811449724760015,996.7525739470286,0.44676466267478016,9.048344771233563,0.022452345610682455,139111.0,0.0,138849.0,0.0,0.0,0.9900016103828303,0.9000000000000004,0.8910014362514768,0.32023741479311,0.335892953169603,0.0016793497150600259,0.02344080843266429,-0.1868259684080824,0.19237959583370423,0.4895397489539749,1.5626552438412347,0.0,239
585,train,pact,3.0,0,0.32695747973790945,0.0801132132465952,0.13352201369844469,0.046976036855865225,0.0,0.015741731926689713,1.5680418046947304,1.5690616244551527,0.3601283689797174,998.5002875547528,0.49647622359098253,1.2024856129949562,0.05549071648130856,139349.0,0.0,139087.0,0.0,0.0,0.9905355133770899,0.9000000000000004,0.8914819424621231,0.4995868799284343,0.5297152797354822,0.0377264201207695,0.0579435854661181,-0.18638807818046865,0.1708359298495504,0.5355648535564853,1.569061625325609,0.0,239
586,train,pact,3.0,0,0.022306911853421187,0.00698194624903606,0.011636576263348974,0.0,0.0,0.016166750082520137,1.5822601954308513,1.6073944356650987,0.44579458535964517,1189.9170716098163,0.5791000736308397,15.02607404013558,0.037924478330774135,139587.0,0.0,139325.0,0.0,0.0,0.9911787018616329,0.9000000000000004,0.8920608117989416,3.4612043933298406,-1.9840267904162507,0.018926629387360994,0.032573211210425244,-0.19175069795317823,0.19522834505474942,0.48535564853556484,1.607394435687188,0.0,239
587,train,pact,3.0,0,0.0038738029971952595,0.0008114956344797974,0.0013524925996831697,0.0,0.0,0.015234967551455213,1.5627064300880273,1.563382371948354,0.2604425291854218,865.6333991014808,0.5735492817278187,15.657272471543635,0.002141158503329439,139825.0,0.0,139563.0,0.0,0.0,0.9894974141938916,0.9000000000000004,0.890547642149187,0.2081949697433052,-0.013034249094382888,0.0013216383131378696,0.0020019997336017527,-0.18798281776876796,0.21009525505207868,0.4602510460251046,1.563382375065594,0.0,239
588,train,pact,3.0,0,0.43151492035799666,0.09314511724775786,0.15524185172209065,0.03461392217600196,0.0,0.014220141581645446,1.4349867444656883,1.427981600601803,0.2800878004378456,858.5995779636016,0.35986868444845765,1.5334207425556423,0.038977093893302034,140063.0,0.0,139801.0,0.0,0.0,0.9902169983756093,0.9000000000000004,0.891195277788649,0.5742905596992925,0.5907274845830472,0.0026153413861590836,0.04366976562176274,-0.1902147687049208,0.3943737202884359,0.27615062761506276,1.4279815967879872,0.0,239
589,train,pact,3.0,0,0.4948741555965635,0.1144345012258881,0.1907241573560089,0.027957398522349082,0.0,0.016130179318766962,1.5817435994806648,1.613262023387095,0.7689219349099004,927.2540142745653,0.7117450576447044,2.939725876103884,0.062270416320928966,140301.0,0.0,140039.0,0.0,0.0,0.990992577754304,0.9000000000000004,0.8918933077836136,0.9763110042262032,0.5209246439832709,0.051435421731683514,0.059299115874808454,-0.1995475394051321,0.27876198106768746,0.3682008368200837,1.6132620145835501,0.0,239
590,train,pact,3.0,0,0.09973254793120946,0.022749915039689216,0.037916522780468004,0.0030429822131679647,0.0,0.015115901821967074,1.5304593144600362,1.5369150566256695,0.5335466357953379,903.4423337800732,0.5762120313537171,6.086949261661354,0.02360542715056098,140539.0,0.0,140277.0,0.0,0.0,0.9898897885777461,0.9000000000000004,0.8909007859529312,0.33356639323304726,0.3240666088977614,0.011056060962812425,0.023467263865876928,-0.18200091947624417,0.1656725718864061,0.5313807531380753,1.5369150676588776,0.0,239
591,train,pact,3.0,0,0.426090166965406,0.09455039523375158,0.15758398399425821,0.042982123199865906,0.0,0.01623733827033739,1.5627771142137599,1.5708319410120593,0.49109152246219845,880.3511863293509,0.4956922443840793,1.246325542238467,0.051209117125166445,140777.0,0.0,140515.0,0.0,0.0,0.9902182887288816,0.9000000000000004,0.8911964412014853,0.5661111340745231,0.5938729847411328,0.037964600869195744,0.055182242157155934,-0.18658246009286664,0.1850796759547761,0.4686192468619247,1.5708319350867495,0.0,239
592,train,pact,3.0,0,0.48813355436147227,0.09782011873633499,0.16303352297179866,0.027577025870398997,0.0,0.015210855645069143,1.526298710242475,1.5503604958246942,0.5688223560734273,976.939911527115,0.6603590899680948,1.2239017446669576,0.06629356041659745,141015.0,0.0,140753.0,0.0,0.0,0.9903299426932713,0.9000000000000004,0.8912969346325766,0.7133581341477233,0.5386373699002279,0.10925507922776234,0.06442383881736251,-0.18343249797013625,0.18071752871005073,0.4393305439330544,1.5503604857662385,0.0,239
593,train,pact,3.0,0,0.0008817244371400257,0.00021881670735824645,0.0003646945075602485,0.0,0.0,0.01545321264900423,1.5805907755716075,1.590301283483226,0.5015186333257284,945.1289407259251,0.5472336411476135,2.908435344696045,0.026469609542568624,141253.0,0.0,140991.0,0.0,0.0,0.9908749880152268,0.9000000000000004,0.8917874703846217,28.44243713771563,-29.836585263086057,0.018801778116020223,0.02362822621274607,-0.19447372707303573,0.244636339357251,0.4476987447698745,1.5903012788821322,0.0,239
594,train,pact,3.0,0,0.02819465429997744,0.006758274178305119,0.011263789653126102,0.0,0.0,0.015061006148708166,1.5639525405033863,1.5660680253136607,0.2441917190255298,819.1375676238886,0.4563204659203605,3.489555563886794,0.009902406819130656,141491.0,0.0,141229.0,0.0,0.0,0.9900932626245411,0.9000000000000004,0.8910839146151204,0.4580667155039454,0.12271409187637927,0.004497748624845087,0.009449592810433463,-0.1993971677152527,0.333422356746491,0.3514644351464435,1.5660680194671057,0.0,239
595,train,pact,3.0,0,0.42045798061068984,0.09487304515028448,0.1581217306016872,0.03955876796066013,0.0,0.014959663690445811,1.5041408748307488,1.515731572107291,0.5819719370798437,897.65403664561,0.6180135211030559,4.006646534887817,0.0658640977283589,141729.0,0.0,141467.0,0.0,0.0,0.990491759078772,0.9000000000000004,0.8914425492785466,0.7483741362978079,0.41713846032556257,0.0304408661102423,0.06492448543786815,-0.19195633181121638,0.3379032018754266,0.30962343096234307,1.5157315686216826,0.0,239
596,train,pact,3.0,0,0.10614912902745642,0.028022801263424872,0.046704665087353416,0.00912894645246003,0.0001901863883229978,0.015510047682673986,1.5406452023334583,1.5588309974351189,0.45718063008835125,906.0471697053151,0.3928012783370257,7.980704996875141,0.0312251390404142,141967.0,0.0,141705.0,0.0,0.0,0.9903874115465077,0.9000000000000004,0.8913486512635044,0.837399144942156,0.2824893250429087,0.01510951140076871,0.02908381070088299,-0.19029653010970524,0.22959138253360636,0.45188284518828453,1.55883099552005,0.0,239
597,train,pact,3.0,0,0.4653420398303694,0.11301271534862414,0.18835451625043134,0.04754659620787808,0.0,0.01606645536020585,1.57689017082358,1.5929229860525251,0.6094121189172298,984.516284128612,0.5679999837441424,3.826911047911544,0.07391338006527043,142205.0,0.0,141943.0,0.0,0.0,0.9909945559302135,0.9000000000000004,0.8918950777173541,0.753830850215826,0.44495829794638697,0.043496992608362976,0.07322465110313008,-0.19643091305082894,0.2679307991335054,0.39748953974895396,1.5929229927367585,0.0,239
598,train,pact,3.0,0,0.5008256440260959,0.1145816364833119,0.19096938245532188,0.04203119119590296,0.0,0.016047316182513864,1.5647066432561834,1.5860656327782316,0.6428548037756437,1078.5330064845384,0.6117829055092824,2.8567044238665114,0.06649156254482412,142443.0,0.0,142181.0,0.0,0.0,0.9907165995202802,0.9000000000000004,0.8916449145293136,0.7357273359745685,0.4621646684131312,0.06133148764424464,0.06765037098272107,-0.18722424570143817,0.16674085284429804,0.5271966527196653,1.5860656267656257,0.0,239
599,train,pact,3.0,0,0.3685238404330022,0.08471418557284063,0.14119030002371366,0.034233549025268234,0.0,0.01578628798658379,1.5927428767770904,1.5959060448981728,0.538211288312489,934.2568617305996,0.5598485010937168,4.511191538936424,0.050364646424975824,142681.0,0.0,142419.0,0.0,0.0,0.9906921229601904,0.9000000000000004,0.8916228964737768,0.4756934451422604,0.5048521013463749,0.019993588760391704,0.0537637595187631,-0.18938774421157908,0.18742395916792784,0.5523012552301255,1.595906049492001,0.0,239
600,eval,pact,3.0,0,0.2740191620142929,0.04945663003595332,0.08242771262863152,0.0,0.0,0.010840887757150698,0.6781634256929533,0.7781732993894043,0.6310093355478104,4168.730682245358,0.4941442500347872,16.28264802594564,0.04019179678167446,142919.0,0.0,142657.0,0.0,0.0,0.9976556178914952,0.9000000000000004,0.8978900261005098,1.2071876247847264,0.41449234574249094,0.021177650278172734,0.035957899246614224,-0.09336157065701599,0.0,1.0,0.7781732995571972,0.0,239
601,eval,pact,3.0,0,0.5020920332959219,0.09456638955565586,0.15761064129889962,0.0019018638832299778,0.0,0.009460965528008703,0.7066949987511256,0.6427465318137133,0.4162100231797127,20433.09556419979,0.02377905714628579,63.24030325901558,0.03495194354566071,143157.0,0.0,142895.0,0.0,0.0,0.9911426851938958,0.9000000000000004,0.8920283933563711,0.752151055001198,0.6303978219968926,nan,0.03740424717675162,-0.08440948366788226,0.010267366984183506,0.9832635983263598,0.6427465362132395,0.0,239
602,eval,pact,3.0,0,0.010237416458047271,0.0027055208498252084,0.004509201131638814,0.0,0.0,0.010397863375591933,0.7072586644144736,0.7519176430283231,0.05554044429342741,94241.73900039226,-0.051260628772579975,255.0355257808414,0.017217096259864242,143395.0,0.0,143133.0,0.0,0.0,0.9941262316005499,0.9000000000000004,0.894713587466643,0.617085250030305,0.4741223934689335,0.01473002839609798,0.014095786914120284,-0.08426926784105888,0.001691444849995549,0.9916317991631799,0.7519176458866887,0.0,239
603,eval,pact,3.0,0,0.5020526421234931,0.06442303717486543,0.10737172319265433,0.0,0.0,0.008709732536616185,0.6627675185143698,0.635562758316056,0.1960211797738175,62236.78100483787,-0.0481500712661248,41.895811627599485,0.031404060662322715,143633.0,0.0,143371.0,0.0,0.0,0.9789083682343551,0.9000000000000004,0.8810175170958292,0.8733676656041365,0.5374154592493178,0.038157251104712485,0.028337294579713478,-0.07755333424806715,0.005014985607881539,0.9874476987447699,0.6355627566711799,0.0,239
604,eval,pact,3.0,0,0.007217873016016257,0.000739311730102748,0.0012321861530946389,0.0,0.0,0.010608886499113743,0.7128936044840634,0.7351228584804296,0.3168255255312102,98978.68563676778,-0.015528727482583483,92.08848712234817,0.009884756920122733,143871.0,0.0,143609.0,0.0,0.0,0.9941675845050413,0.9000000000000004,0.8947508015891997,5.282792090247513,-5.091037441803659,0.005554300771529177,0.008278539870908506,-0.0873950575373732,0.0,1.0,0.735122858537389,0.0,239
605,eval,pact,3.0,0,0.09046233746581896,0.009950341818092887,0.016583901872455578,0.0,0.0,0.010334612803619402,0.7151234843242118,0.7162253370344889,0.20894973735017194,200928.2599372385,-0.1459656184691172,85.57140042492536,0.0083857213086585,144109.0,0.0,143847.0,0.0,0.0,0.987680880719149,0.9000000000000004,0.8889127767734448,0.6428688345288598,0.45737942895034833,0.003959696626371164,0.008285578993971315,-0.08667368698558599,0.0,1.0,0.7162253407975345,0.0,239
606,eval,pact,3.0,0,0.17909063403861195,0.04374928237278837,0.0729154657688223,0.004184100356062087,0.0,0.01017777015996715,0.7137491337674432,0.738843080388951,0.46307679273531027,72611.90407622908,-0.09461423422689218,59.00821035776178,0.02638832679131384,144347.0,0.0,144085.0,0.0,0.0,0.9887984805276703,0.9000000000000004,0.8899186211151059,1.1219664186991056,0.4913124307609986,0.0064629297193656435,0.022460630871784175,-0.08812802634856287,0.015964865426273775,0.9163179916317992,0.7388430819269267,0.0,239
607,eval,pact,3.0,0,0.36852381268091683,0.06895383411109562,0.11492305242037718,0.0,0.0,0.009680197310193626,0.7382952017265384,0.7397093638216601,0.732743922137815,71382.9938872908,0.005766295667671477,174.61292065536628,0.02215998066456747,144585.0,0.0,144323.0,0.0,0.0,0.9880371629942412,0.9000000000000004,0.8892334259454177,0.9034242741243446,0.7148644483950628,0.005958166640872757,0.022225395004775484,-0.09280995884284628,0.008279177423662423,0.9205020920502092,0.7397093623134268,0.0,239
608,eval,pact,3.0,0,0.45752092677940104,0.06723573458715326,0.11205955150049612,0.0001901863883229978,0.0,0.008779727532352987,0.6608089083906996,0.5835525660335269,0.43229045478868683,59150.79769220711,-0.043459353170276785,135.29206968650658,0.03326327593365848,144823.0,0.0,144561.0,0.0,0.0,0.9833477718061981,0.9000000000000004,0.8850129743001451,0.657492351164108,0.5487725254498346,0.007809697531984519,0.03321225419017061,-0.07209166136263687,0.005460102673669841,0.9874476987447699,0.5835525693891673,0.0,239
609,eval,pact,3.0,0,0.001494409176462552,0.00036796867941451655,0.0006132810830799122,0.0,0.0,0.010898566633369383,0.7279787298026943,0.780929133233665,0.3457750374116159,82999.39033080544,0.2894384562969208,27.233917236328125,0.014290255085257306,145061.0,0.0,144799.0,0.0,0.0,0.9969215215998215,0.9000000000000004,0.8972293390389766,1.689966773745935,0.02980569072495287,0.013413924758103402,0.012708498781184553,-0.09141772339293935,0.0,1.0,0.780929136929551,0.0,239
