episode,phase,arm,sigma,direct,A,load,load_frac,sat,clipped,x_std,q_cmd_abs,q_exec_abs,fit_gain,cond_psi,beta_cos,beta_relerr,pred_err,updates,skipped,bounded,diverged,resets,conf,trust_pol,trust_app,corr_frac,explained,corr_dark,resid_after,reward,v_out,cr,q_loss,destroy,steps
0,train,pact,3.0,0,0.49418196437011425,0.11126363828674334,0.18543938492200357,0.03518448121627504,0.0,0.014753697258829447,1.5039786955801513,1.5235845935394574,0.6640163687404603,12552302196.533627,0.5526345464474985,0.7842773096830775,0.04724014295234879,119.0,0.0,0.0,0.0,0.0,0.9767636706016054,0.7493723849372388,0.7408787234058939,0.6827994133306372,0.5754215511935378,0.0,0.04883994255950136,-0.18558402431444565,0.23558562568622213,0.41841004184100417,1.5235845952071205,0.0,239
1,eval,pact,3.0,0,0.05326771741892722,0.011033249220014555,0.018388747807735115,0.0,0.0,0.007107972307715206,0.6188587940387646,0.6395831903653165,0.6196835427603462,3153.7375102661645,0.6218169815994207,7.253695404180423,0.02449941109631125,357.0,0.0,96.25523012552301,0.0,0.0,0.9972800704724619,0.9000000000000004,0.8975520495590306,0.4859838470649742,0.5338428281294987,0.023607803329055474,0.02315234394756703,-0.08346627018238655,0.05997210599721058,0.8493723849372385,0.6395831905494233,0.0,239
2,eval,pact,3.0,0,0.4955261337087284,0.09056708191714294,0.15094513059310005,0.0,0.0,0.005479065498734618,0.5730432212103361,0.5394374228172223,0.6689703496928993,25375.817958943513,0.182784881801286,50.79501312846419,0.019381347659850594,595.0,0.0,333.0,0.0,0.0,0.9908194140410324,0.9000000000000004,0.8917374506156315,0.8730203652063779,0.7973792519100975,0.007351580386360486,0.021072216741117224,-0.11254883239165799,0.5149410961749606,0.2301255230125523,0.5394374227904766,0.0,239
3,eval,pact,3.0,0,0.4595582126649525,0.09047961012517769,0.1507993414305773,0.0,0.0,0.005743074098360339,0.6288770181613986,0.5687297635622104,0.7001198926730136,26888.058507943253,0.1455580692223924,71.94224914646547,0.02404143426968681,833.0,0.0,571.0,0.0,0.0,0.9871937065194342,0.9000000000000004,0.8884743135344533,0.7774948002474483,0.7689937652134262,0.009728980884919393,0.02628537673292736,-0.0972271161132303,0.37541173328585437,0.4393305439330544,0.5687297656619698,0.0,239
4,eval,pact,3.0,0,0.5008256455296923,0.1111022051987964,0.1851703317632383,0.0015214911065839823,0.0,0.006677548967060247,0.6578056213746011,0.6265091051865821,0.45615648275638726,48632.35433283211,0.1424077272602205,61.08889408989432,0.0384628450649958,1071.0,0.0,809.0,0.0,0.0,0.9894354777356072,0.9000000000000004,0.8904919078160529,0.8505646026906148,0.7096411331743719,0.06803960265482173,0.03738304582779066,-0.08042661273840737,0.021454642570996173,0.8493723849372385,0.6265091034962498,0.0,239
5,eval,pact,3.0,0,0.14822527385418105,0.029238153028189377,0.04873025328144124,0.0009509319416149889,0.0,0.006951017436770153,0.637161196151039,0.6446157424519751,0.4334692473067399,158156.5852837343,0.08382934816373758,260.222417121153,0.0320013996299403,1309.0,0.0,1047.0,0.0,0.0,0.9885032433845009,0.9000000000000004,0.8896529033593054,0.6756827223986911,0.48813985193385223,0.023803089703593787,0.029464044294487606,-0.07694746215490007,0.002967447105255349,0.9832635983263598,0.6446157422061384,0.0,239
6,eval,pact,3.0,0,0.009418925725383427,0.0021074390932572977,0.0035123981918533677,0.0,0.0,0.0069721444806076244,0.6195776148321239,0.6507666180822141,-0.16965110397363806,131611.06331720712,0.11827378071236685,33.31780867796064,0.018038586298370088,1547.0,0.0,1285.0,0.0,0.0,0.996799453282456,0.9000000000000004,0.897119491170141,0.5342409738258691,0.3940957754988015,0.016920925002181675,0.015854921281555957,-0.07939776235665903,0.0031751684026232233,0.9832635983263598,0.6507666215031408,0.0,239
7,eval,pact,3.0,0,0.5020268853461184,0.10445017704275784,0.17408361984973955,0.0015214911065839823,0.0,0.0062763537913482935,0.6697220461887295,0.59400474202184,0.2634270100164613,112677.73586231694,0.0983975561779912,77.03528342785695,0.034196029487358226,1785.0,0.0,1523.0,0.0,0.0,0.9861449422197861,0.9000000000000004,0.8875304323360013,0.8028969099609029,0.6766020714381118,0.014898059734453758,0.036926746392762874,-0.07716445870294014,0.023175761892044275,0.7531380753138075,0.5940047435661809,0.0,239
8,eval,pact,3.0,0,0.16730015471176524,0.03679517026211059,0.0613252801672255,0.003233168539143008,0.0,0.006881737813673071,0.5930246606032719,0.6372642332539897,0.5085779179090236,116469.84582570607,0.14260642169721455,103.74559812665484,0.02214175443726136,2023.0,0.0,1761.0,0.0,0.0,0.9905907050336256,0.9000000000000004,0.8915316148283092,1.1027814505684985,0.5429491950711414,0.008150820941331663,0.01846098977776252,-0.10136699138936324,0.2396807026914745,0.4476987447698745,0.6372642327815685,0.0,239
9,eval,pact,3.0,0,0.5019918537838604,0.10621819986378365,0.17703032548675482,0.0005705591649689933,0.0,0.006177856233243725,0.6503690280425498,0.603949219736594,0.6025552879317535,135031.0987022751,0.149330402892005,68.24607794454407,0.030025349251894772,2261.0,0.0,1999.0,0.0,0.0,0.9873187152910432,0.9000000000000004,0.8885868300204497,0.8480395688868135,0.7254352027106064,0.02638452553323337,0.0333188759595561,-0.09058782315056013,0.1599453989732633,0.6401673640167364,0.6039492205151876,0.0,239
10,eval,pact,3.0,0,0.4417291495469365,0.09498811759223987,0.15831352186355294,0.0,0.0,0.006507300000704015,0.649348187147324,0.6158344577296508,0.626382339698999,168664.53510721758,0.16193967041360782,108.49751986419805,0.027397828217533466,2499.0,0.0,2237.0,0.0,0.0,0.990664012262512,0.9000000000000004,0.8915975944267656,0.8537415812764884,0.7795477358431444,0.02094928449668893,0.02907209827420477,-0.09369472885444288,0.1472447253627704,0.5230125523012552,0.6158344608872582,0.0,239
11,train,pact,3.0,0,0.46716103549544,0.11226548470969426,0.1871091303327676,0.04925827376513302,0.0,0.014676830863821705,1.497244861584827,1.4688596820232758,-0.5515692552734774,4600.299001270757,0.4353785982441204,73.48856480625383,0.06025624462056547,2737.0,0.0,2475.0,0.0,0.0,0.9808300000354336,0.9000000000000004,0.8827469807788418,0.5715310498501481,0.5700902300820073,0.026365544595238235,0.05802407858807547,-0.20113463331718245,0.45627466690406254,0.2719665271966527,1.4688596692400062,0.0,239
12,train,pact,3.0,0,0.48813355436147227,0.14794505235693264,0.24657506877449284,0.07949790900970603,0.0,0.01626958832861739,1.6158978320564685,1.5891627240380484,0.39280675906516516,2186.534171515429,0.6276317160249255,1.6683192622212686,0.0894559480339507,2975.0,0.0,2713.0,0.0,0.0,0.9925911623563727,0.9000000000000004,0.8933320274911665,0.6780728937324945,0.5537104629545214,0.12142693643004467,0.08827418796367413,-0.21082890259866682,0.4458886020356687,0.1799163179916318,1.5891627199831386,0.0,239
13,train,pact,3.0,0,0.3308880299083897,0.11607276231556338,0.19345458860888542,0.07341194495745783,0.0,0.018147712569512333,1.6752489261547392,1.7341375518044668,0.49245221607355893,2941.4617026101596,0.5046474433593671,8.060984746930988,0.08204955962646332,3213.0,0.0,2951.0,0.0,0.0,0.9943924124769586,0.9000000000000004,0.8949531528740249,1.003857087547831,0.5044318076479201,0.05258444206789136,0.07658762105635394,-0.19975714840991401,0.15926288613905457,0.5062761506276151,1.7341375562659505,0.0,239
14,train,pact,3.0,0,0.0010625928217568533,0.0004925108413958715,0.0008208513405163301,0.0,0.0,0.017791394785311557,1.746026102718449,1.7602018748865966,0.3786889250433096,3819.286083780073,0.38292261958122253,13.492018699645996,0.006693972931019416,3451.0,0.0,3189.0,0.0,0.0,0.99524703509638,0.9000000000000004,0.895722313904862,0.3682649167414227,-0.2148849834870501,0.005868174790847429,0.0060605581544893,-0.1979436759880844,0.08492833615240807,0.5983263598326359,1.7602018849489893,0.0,239
15,train,pact,3.0,0,0.3069478625608959,0.10150379904112453,0.1691729815202014,0.0815899585954315,0.0,0.016801285547706997,1.7924129633723942,1.6740640247217282,0.08050435356258524,3514.6305559868592,0.3520689762380582,8.27828940337672,0.05979449086711512,3689.0,0.0,3427.0,0.0,0.0,0.9933935271646188,0.9000000000000004,0.8940541474889013,0.41563061120911166,0.42519013955313445,0.0029375788136297523,0.06385900785028155,-0.1911278648870527,0.11748123089705925,0.5313807531380753,1.674064026567334,0.0,239
16,train,pact,3.0,0,0.0002036993206716357,0.00011439645608349326,0.0001906607635894003,0.0,0.0,0.01938496838678376,1.7378828380895959,1.8427212916657516,0.17609909946823718,3818.6911314641084,0.3262465298175812,2.1002721786499023,0.04960154958564211,3927.0,0.0,3665.0,0.0,0.0,0.9956576168287748,0.9000000000000004,0.8960918352693693,1.1721929607032893,-0.48313938694501557,0.04563535100415997,0.04407816439492932,-0.20700403204360962,0.10875693640760853,0.5397489539748954,1.8427213058735008,0.0,239
17,train,pact,3.0,0,0.1299968671675179,0.044034861875828266,0.07339143255047469,0.019018638208820233,0.0,0.017194973277590515,1.726202018590153,1.6730874200745107,0.14570230081147478,3298.898286316684,0.30576201141753456,2.02531447669951,0.03256103343907042,4165.0,0.0,3903.0,0.0,0.0,0.9931042852760857,0.9000000000000004,0.893793833555038,0.2885398538765638,0.29808299232215263,0.0023646343949561316,0.0336982680924985,-0.19068586114451092,0.1142170390812784,0.5857740585774058,1.6730874222641345,0.0,239
18,train,pact,3.0,0,0.4769458410955545,0.1522905950260492,0.2538176387557336,0.09756561477812763,0.0,0.01716997013446801,1.7227430281279974,1.6705928105689491,0.2453912534287285,3046.6154723865716,0.36110872675559513,1.9746053540557,0.08700679046994224,4403.0,0.0,4141.0,0.0,0.0,0.9932608754066243,0.9000000000000004,0.8939347745983172,0.5977264543226322,0.5527889074268624,0.08447084614696602,0.08989208136494252,-0.19363521862922548,0.14688863171013977,0.4769874476987448,1.6705928135433998,0.0,239
19,train,pact,3.0,0,0.1371777911142497,0.04194004774361164,0.06990007656917685,0.01787752006592611,0.0,0.0170957711038168,1.6296682617155578,1.6876657138808502,0.26137281842062166,2985.2362474257975,0.46455636826269797,2.305125631547872,0.07812696069510162,4641.0,0.0,4379.0,0.0,0.0,0.9930538597466058,0.9000000000000004,0.8937484572123284,0.31596309688020513,0.30983564162305743,0.0701114962355712,0.07361724591915297,-0.2057509971680367,0.25336063384670165,0.40585774058577406,1.6876657183256032,0.0,239
20,train,pact,3.0,0,0.1335682206150051,0.03335240770066323,0.0555873426576654,0.007607455408224002,0.0,0.016697621588677044,1.6356056833865753,1.6562300052602918,0.16144722544249132,2236.3897373087734,0.39179127572969413,1.8155020061397154,0.04921513989423577,4879.0,0.0,4617.0,0.0,0.0,0.991495208261402,0.9000000000000004,0.8923456733695633,0.29836005226874074,0.2978579927820786,0.037102039104902604,0.04754147190984463,-0.18938962892295436,0.11857918632600375,0.5899581589958159,1.6562299926095396,0.0,239
21,train,pact,3.0,0,0.11274788101110218,0.030271056892853726,0.05045175782197095,0.005895777913317022,0.0,0.016042898794846553,1.5999899760948564,1.6176817127850265,0.11826385609088583,1681.5249442256145,0.4625675238076613,1.3460364132246712,0.042456157078818425,5117.0,0.0,4855.0,0.0,0.0,0.9914951698550619,0.9000000000000004,0.8923456292272113,0.28818181987045516,0.2882807423166447,0.028897799091834216,0.04116702664090188,-0.18909025450566597,0.1732098875337547,0.5146443514644351,1.6176817230537173,0.0,239
22,train,pact,3.0,0,0.03674999346555246,0.0071613965487528,0.011935660167863675,0.0,0.0,0.015609973803879577,1.6079063358167225,1.619985414848168,0.10892955336922382,1273.0691165684657,0.42838156198357935,1.295845191847829,0.02505039784591645,5355.0,0.0,5093.0,0.0,0.0,0.990457716846067,0.9000000000000004,0.891411930447343,0.2215694891422329,0.1687230630134825,0.0222185153043424,0.023166241321545173,-0.19411533828654962,0.2168016855099558,0.45188284518828453,1.619985408218441,0.0,239
23,train,pact,3.0,0,0.502052641987655,0.11510093196662927,0.1918348734493463,0.035945226644871126,0.0,0.01511001023444421,1.5309908597040376,1.531385942483048,0.5643986387482248,1014.4815829608231,0.6625484379016205,2.6066756687403725,0.06445922239325068,5593.0,0.0,5331.0,0.0,0.0,0.9903054279762332,0.9000000000000004,0.8912748557254361,0.7580226314826,0.45463989180506215,0.0722418412566185,0.06575713499164731,-0.1930887692952594,0.3028576515623609,0.3514644351464435,1.5313859306129018,0.0,239
24,train,pact,3.0,0,0.0008817254575398053,0.00019742301701169623,0.0003290383566731575,0.0,0.0,0.015489065674792149,1.5751830114979126,1.5811667330095458,0.4753053250671929,955.3707374987741,0.5642013549804688,11.487885475158691,0.01396686243577461,5831.0,0.0,5569.0,0.0,0.0,0.9903338381934864,0.9000000000000004,0.8913004291107465,0.5225386084766512,-0.10302039982177025,0.013131417873280173,0.012522131868878723,-0.1989513714060167,0.31416362503338385,0.3723849372384937,1.5811667335524715,0.0,239
25,train,pact,3.0,0,0.001747928173575944,0.0003008219915409046,0.0005013699324328596,0.0,0.0,0.015183377272554645,1.5693847108086783,1.5694822197678697,0.28085907697326906,793.2583217221822,0.5642013549804688,11.487885475158691,0.0015198563382624519,6069.0,0.0,5807.0,0.0,0.0,0.990856316548511,0.9000000000000004,0.8917706566375668,0.5851511802174669,-0.08699731604968175,0.001164047212428572,0.001390980958215752,-0.21365709434585733,0.4770764711119025,0.2510460251046025,1.5694822215003137,0.0,239
26,train,pact,3.0,0,3.939117242876347e-05,4.3447631986998805e-06,7.241271632513086e-06,0.0,0.0,0.015124503903044192,1.5676296902002151,1.5681951287900056,-1.4559339610353175,876.7783795600157,0.5642013549804688,11.487885475158691,0.000799859967175591,6307.0,0.0,6045.0,0.0,0.0,0.9904356529024355,0.9000000000000004,0.8913920559144918,2.838829790327516,-2.995323704586418,0.0007192085671175667,0.0007202131978241192,-0.21101174620160562,0.4732187898750705,0.2301255230125523,1.568195138649014,0.0,239
27,train,pact,3.0,0,0.22807283978866633,0.056648902690102504,0.09441483147432843,0.02814758478597617,0.0,0.015701955786387917,1.5817795041714753,1.5949104375919039,0.394222178995204,982.2965304961265,0.4451378690639986,9.042379748621745,0.05285200371921343,6545.0,0.0,6283.0,0.0,0.0,0.9911717266218433,0.9000000000000004,0.8920545283720583,0.6734136859967286,0.2668424766179781,0.019363915713503956,0.0511922063305974,-0.2324619637088058,0.6290691118430815,0.12133891213389121,1.594910421061854,0.0,239
28,train,pact,3.0,0,0.00046352766528258015,0.00010043792020015382,0.00016739653036889482,0.0,0.0,0.015748065218298257,1.5691815903994828,1.5689548628100791,0.2672666315004915,1172.5522185130098,0.5180912017822266,11.960620880126953,0.0019482738178522446,6783.0,0.0,6521.0,0.0,0.0,0.9913207644199228,0.9000000000000004,0.892188673238874,0.29156839784468574,-0.1998117598009852,0.0017252153399371438,0.0017567298314152978,-0.22196997953029518,0.5471972462090864,0.18828451882845187,1.568954856372088,0.0,239
29,train,pact,3.0,0,0.47063660832414467,0.08861205391794973,0.14768674920750713,0.01882845219458496,0.0,0.012883862913060139,1.3775595870476887,1.3785585598965568,0.5090637227606075,1078.1074525202666,0.6242185257157022,2.5148572709769885,0.06386987822496616,7021.0,0.0,6759.0,0.0,0.0,0.9903312495064037,0.9000000000000004,0.8912980987935885,0.7192568558272597,0.3622399040670292,0.03025248827627645,0.06286245608063236,-0.21479943301204227,0.6458648624588267,0.13807531380753138,1.3785585422086164,0.0,239
30,eval,pact,3.0,0,0.49905009486198143,0.07304353427158679,0.12173921734383801,0.005705591649689934,0.0,0.006389837535721674,0.7967735188526089,0.7643224448589101,0.3763566358817671,3292.340988861467,0.22187149935308453,10.02290544898939,0.036993699299296266,7259.0,0.0,6997.0,0.0,0.0,0.9953274123339474,0.9000000000000004,0.8957946534934902,0.6501676737841428,0.5120096742657569,0.012590533304635597,0.03806194952040303,-0.11741235661868209,0.37466987150954034,0.37656903765690375,0.7643224486067728,0.0,239
31,eval,pact,3.0,0,0.011099784369602368,0.003026054062593556,0.005043423103393157,0.0,0.0,0.010891511913576011,1.0369693399971998,1.0404018194855007,0.36562978660212403,27132.498015208224,0.0768882705670271,72.4981575012207,0.013429640992992717,7497.0,0.0,7235.0,0.0,0.0,0.9922869906265865,0.9000000000000004,0.8930582708394678,2.29066482958713,-0.8051909000290742,0.008396377064989595,0.011719966312640474,-0.17716275908372808,0.512329742722336,0.36401673640167365,1.0404018168682685,0.0,239
32,eval,pact,3.0,0,0.4488243158769947,0.06967450193002592,0.1161241615826759,0.023012552363603184,0.0007607455532919912,0.0073684302171318165,0.8320429069477145,0.8224612768723875,0.2834843493779833,28356.54911414749,0.028004493274303176,60.812697403600524,0.044731841362217854,7735.0,0.0,7473.0,0.0,0.0,0.990121608498705,0.9000000000000004,0.8911094231585578,0.7423917126993547,0.42178205081028375,0.015069135856474675,0.04393296103893339,-0.13519776714867746,0.3952046054779073,0.41422594142259417,0.8224612791573825,0.0,239
33,eval,pact,3.0,0,0.4955261374568512,0.07594469167432401,0.126574480185048,0.006276150814658927,0.0,0.0067348137505695415,0.8097706606697338,0.7839028997401313,0.3372021389805622,35333.18356106171,0.014804531591671624,45.58881636743266,0.03891958258305696,7973.0,0.0,7711.0,0.0,0.0,0.9912389369689271,0.9000000000000004,0.8921150285828563,0.6463450411856885,0.5113917022959709,0.01209477341423432,0.03967938206166372,-0.1119221324243549,0.17421881954954152,0.6359832635983264,0.7839029032970645,0.0,239
34,eval,pact,3.0,0,0.502088449363476,0.1633163653873662,0.2721939274729361,0.06960821694160606,0.0,0.010375061068512405,0.9965402966513295,0.9854889672919797,0.5776523927764414,33278.267365651154,0.043673921822644304,37.01446319324701,0.09090849296599003,8211.0,0.0,7949.0,0.0,0.0,0.9905301988374239,0.9000000000000004,0.8914771561343301,0.809984037327847,0.44956886861610146,0.07670998387038708,0.08874683825992764,-0.17113810717921854,0.5246446482091457,0.34309623430962344,0.985488962655,0.0,239
35,eval,pact,3.0,0,0.49821823029872664,0.13776112638081953,0.22960186490709172,0.011791556076025863,0.0,0.009773197867342555,0.9651149064925924,0.9568680336535227,0.6371976566115184,53201.462212343096,0.07811841895125775,32.971640786366486,0.08467980636533147,8449.0,0.0,8187.0,0.0,0.0,0.9936378116886985,0.9000000000000004,0.894274013561185,0.775499947577802,0.44042807831390796,0.06519356178119778,0.08321715718150825,-0.16399070283348025,0.4349090477462239,0.4602510460251046,0.9568680308571486,0.0,239
36,eval,pact,3.0,0,3.583932445953487e-06,1.075567521016546e-06,1.7926124436975648e-06,0.0,0.0,0.011314163100418623,1.0674268393835762,1.0731604387321232,0.4055065986501622,92208.04917952405,0.026786915957927704,91.3423080444336,0.012883289795072757,8687.0,0.0,8425.0,0.0,0.0,0.9941167140605559,0.9000000000000004,0.8947050152463394,664.4372807414178,-947.9483394987482,0.010741166220432667,0.011364963048363735,-0.18145167842026164,0.5014392118460489,0.3514644351464435,1.0731604367699537,0.0,239
37,eval,pact,3.0,0,0.43151489933949033,0.07292454301637388,0.1215408969610907,0.02320273912601391,0.0,0.007981341366293727,0.8609276385237482,0.8493936331202295,0.34450299607659984,40243.738493723846,0.10693251951385746,69.73031952540745,0.053227401810024076,8925.0,0.0,8663.0,0.0,0.0,0.9901250787858684,0.9000000000000004,0.8911125532752799,0.685857228700552,0.34512053192840775,0.016744540971038595,0.05216811613323923,-0.13774864878334941,0.3477254517938218,0.42677824267782427,0.8493936332210947,0.0,239
38,eval,pact,3.0,0,0.5019461374421663,0.16425157374005606,0.27375260310135024,0.06865728531173083,0.0,0.010230570284856258,0.9835870586429181,0.9675609748732594,0.5726622333087682,46723.42903373431,0.1514146093627517,33.66113564958133,0.09899952467803738,9163.0,0.0,8901.0,0.0,0.0,0.9923226843319178,0.9000000000000004,0.8930903994887444,0.7290878613408607,0.41708612423879987,0.08732638088986278,0.09776433357368827,-0.16591086923079623,0.4984124157986884,0.401673640167364,0.9675609670805037,0.0,239
39,eval,pact,3.0,0,0.4955261374568512,0.08039570916744539,0.13399284050229884,0.009128946265416165,0.0,0.007175627712035653,0.8311945610215973,0.8175068754531349,0.49394798154112685,43075.92128661088,0.11033706736232633,33.75444086625486,0.046025376390883985,9401.0,0.0,9139.0,0.0,0.0,0.9923797007883942,0.9000000000000004,0.8931417118555333,0.7080841621355968,0.5364889175561515,0.061905939038842915,0.04624613924302691,-0.12986997065820016,0.4206356271699457,0.3179916317991632,0.8175068761184064,0.0,239
40,train,pact,3.0,0,0.2988020511427855,0.0768564531245833,0.12809407945187026,0.04659566382982741,0.0,0.015644507961947798,1.5721120669751985,1.570037213080099,0.29456373029797644,2130.5454785973457,0.2790197851954644,52.14536214248905,0.05622966361726989,9639.0,0.0,9377.0,0.0,0.0,0.9858135117147757,0.9000000000000004,0.8872321462531468,0.4531683195981108,0.48992935761807543,0.03212297742073941,0.05766449888162783,-0.20496702292846897,0.38716282382266537,0.28451882845188287,1.5700372235680133,0.0,239
41,train,pact,3.0,0,0.27401919350725557,0.06652239071511579,0.11087064408867306,0.03385317631097019,0.0,0.01590048534226717,1.5899316656040845,1.5992288701703858,0.4017224834304474,1401.220618339762,0.6729063052512612,0.950645665743361,0.07151912777123498,9877.0,0.0,9615.0,0.0,0.0,0.9920991512023255,0.9000000000000004,0.8928892128637146,0.42219250798948027,0.4385108865573706,0.06376056095764956,0.07076083990661466,-0.20963249875105344,0.3834535149410962,0.3305439330543933,1.5992288782989452,0.0,239
42,train,pact,3.0,0,0.0488099870398625,0.013023564164807691,0.02170593953703235,0.0,0.0,0.016200016640422858,1.635359062310542,1.6420067364201885,0.2677194005400566,1358.4436719567207,0.6180620800750525,1.0320230677536841,0.04248780195545756,10115.0,0.0,9853.0,0.0,0.0,0.9916459324469626,0.9000000000000004,0.8924813135897265,0.2642523358577888,0.26012012400322393,0.03922201603849868,0.03918597188648655,-0.2263753848335504,0.504020890827621,0.200836820083682,1.6420067375102974,0.0,239
43,train,pact,3.0,0,0.48708752257839305,0.12047094370224448,0.20078489141267244,0.055154051678450035,0.0,0.015428556172200576,1.5804410659119674,1.5807799751788503,0.6717948884894159,1363.738427836526,0.7010047705103662,2.9353192843902063,0.06815887618786558,10353.0,0.0,10091.0,0.0,0.0,0.9914562031314962,0.9000000000000004,0.8923105652362233,0.8069803780593601,0.5015966951461122,0.04341874085366726,0.06814252026379108,-0.21607022888957006,0.4676103148461379,0.2175732217573222,1.5807799737544317,0.0,239
44,train,pact,3.0,0,0.17513455355801244,0.04348113233356275,0.07246854919588155,0.01331304699556598,0.0,0.016035755242856227,1.6185189161340563,1.6165068107170042,0.41781416672543004,1624.7312226235617,0.45333850683028726,5.161623049480646,0.044517528019245384,10591.0,0.0,10329.0,0.0,0.0,0.9922882729993205,0.9000000000000004,0.893059431508994,0.7155855692658086,0.24771418118555744,0.01832527828493925,0.04275462828979878,-0.23104563922307184,0.538383928306478,0.18828451882845187,1.6165068069712387,0.0,239
45,train,pact,3.0,0,0.137177762364597,0.03625209977107257,0.06042016071457879,0.014263978999528925,0.0001901863883229978,0.016509688757437916,1.6380330670827603,1.640539758873784,0.2758356991173333,1534.198626274843,0.5519142808026349,5.833419419482163,0.03871363330346037,10829.0,0.0,10567.0,0.0,0.0,0.9921803062929768,0.9000000000000004,0.8929622569842318,0.6129348801496028,0.22069141455588404,0.01513425207530098,0.03730378810644625,-0.22974444752898346,0.5185910561144248,0.23430962343096234,1.64053974723799,0.0,239
46,train,pact,3.0,0,0.07879227929296571,0.02777340391224711,0.04628900475633208,0.0024724230481989714,0.0,0.016511949202022418,1.6347946851323338,1.6352322011811962,0.12772105912732498,1423.092515506505,0.553366978672259,5.73681069767126,0.02022916194903674,11067.0,0.0,10805.0,0.0,0.0,0.992498242705437,0.9000000000000004,0.8932484039202894,0.2978062585483043,0.31932754654831197,0.0017128871066628322,0.0209970261304197,-0.22149637772137198,0.47612688803822073,0.26359832635983266,1.6352322002587631,0.0,239
47,train,pact,3.0,0,0.0,0.0,0.0,0.0,0.0,0.016378729255425755,1.6732895503981842,1.6752309125836424,0.1758763575994616,1679.4897915508957,0.5213338732719421,1.3127264976501465,0.020042698937100475,11305.0,0.0,11043.0,0.0,0.0,0.9930099919750102,0.9000000000000004,0.8937089690104688,nan,nan,0.01796154863627045,0.017961548903502066,-0.23564579848206738,0.5490370634143447,0.21338912133891214,1.6752309017238514,0.0,239
48,train,pact,3.0,0,0.003041941807975517,0.0009378826939590981,0.001563137712075948,0.0,0.0,0.016379176488995676,1.6559813007650017,1.6557844346038466,-0.5558339890382918,1527.6362238289423,0.5213338732719421,1.3127264976501465,0.0022153706432698405,11543.0,0.0,11281.0,0.0,0.0,0.9925244802211618,0.9000000000000004,0.8932720091053632,0.15256484213330318,0.009946102090941933,0.0012806466850768764,0.00208263706984147,-0.22899569238921028,0.4952669218671178,0.2510460251046025,1.6557844271084747,0.0,239
49,train,pact,3.0,0,7.168989468786756e-07,3.32272130553708e-07,5.537868944039592e-07,0.0,0.0,0.016456014702727853,1.6902501942223584,1.6904924060510291,-4.636838810463829,1573.0507899328256,0.5213338732719421,1.3127264976501465,0.0020293492028537444,11781.0,0.0,11519.0,0.0,0.0,0.992784060693685,0.9000000000000004,0.8935056386133617,22.078989815789992,-23.027545880711298,0.0018229893850898293,0.0018225745711693343,-0.22287210548016698,0.43425620938306775,0.25523012552301255,1.6904924014863643,0.0,239
50,train,pact,3.0,0,0.34251425579287914,0.08605394858706372,0.14342323497654266,0.05306200140689706,0.0009509319416149889,0.016315377229692174,1.6413757643939062,1.641852784106921,0.3529588882577563,1707.010925548346,0.5426450847096694,5.424009552560591,0.07434539468549815,12019.0,0.0,11757.0,0.0,0.0,0.9921827426016581,0.9000000000000004,0.8929644448986612,0.5868535892205846,0.2797528406655019,0.027302408941358942,0.07335985169812226,-0.20964741927764294,0.3571619335885338,0.2803347280334728,1.641852784896141,0.0,239
51,train,pact,3.0,0,0.3685238404330022,0.09603880283604332,0.16006466088808974,0.06162038856969219,0.0,0.016393555020406906,1.6539168816730068,1.645223947249696,0.4185724437984961,1685.7883024973848,0.540796556513928,4.666860504629223,0.05055693029981325,12257.0,0.0,11995.0,0.0,0.0,0.9923153517136514,0.9000000000000004,0.8930838010799935,0.4491126931023223,0.49289061717903504,0.004415647594982551,0.05525045434807459,-0.20550547633755847,0.3112555268702335,0.34309623430962344,1.6452239476206743,0.0,239
52,train,pact,3.0,0,0.475447956226714,0.11979359143626585,0.19965597192457757,0.055724610219939484,0.0,0.01633035563415688,1.665298469395817,1.6776216541374078,0.7540399402255293,1547.1846658235813,0.7329629283071063,4.456316717623666,0.061178137376810965,12495.0,0.0,12233.0,0.0,0.0,0.9916364824921516,0.9000000000000004,0.892472811822612,0.9488188288110684,0.5806905031694722,0.04786597564816475,0.05711254538485009,-0.21103711923864532,0.3306032819964984,0.34309623430962344,1.6776216519885563,0.0,239
53,train,pact,3.0,0,3.5839762234725213e-06,6.691688171463189e-07,1.1152814025016479e-06,0.0,0.0,0.017277012006321212,1.695388559018219,1.6983871569693338,0.5096267827135749,2350.0657856833486,0.6119927763938904,11.33211898803711,0.007619688821718814,12733.0,0.0,12471.0,0.0,0.0,0.9921541368612186,0.9000000000000004,0.8929387064159665,14.641905477767708,-14.41736525750181,0.0068807022544820125,0.006832348080842696,-0.21062938860030272,0.2982581085492151,0.34309623430962344,1.6983871652973994,0.0,239
54,train,pact,3.0,0,0.15197705929011698,0.04286224891255484,0.07143707754614115,0.016165842758062994,0.0,0.016532658620749183,1.665657024503253,1.6417639058504145,0.2662473105054415,2298.400382452929,0.5256748082482541,8.456536855158946,0.03039479720109549,12971.0,0.0,12709.0,0.0,0.0,0.9923196203040279,0.9000000000000004,0.8930876359779965,0.2918829996409128,0.311695617580123,0.0013328862879120607,0.031666011147748856,-0.2048610596346175,0.3127689248939137,0.3305439330543933,1.6417639111136153,0.0,239
55,train,pact,3.0,0,0.5005976241194593,0.1448116810479329,0.24135278364884322,0.0658044891751461,0.0,0.015575481477392268,1.551727480968172,1.5508077960134052,0.6073471577097681,1948.9461261318318,0.5641595526719193,4.351977527390963,0.07930282010038278,13209.0,0.0,12947.0,0.0,0.0,0.9924176026088922,0.9000000000000004,0.8931758279082167,0.864647001272708,0.4939085199981842,0.07168560868336095,0.07730336028840938,-0.22631712099518017,0.6209383067746818,0.1297071129707113,1.550807790554713,0.0,239
56,train,pact,3.0,0,0.2322390740961382,0.0689368243055237,0.11489469835461141,0.038417649568374186,0.0,0.016415591647840694,1.7228809764694468,1.6747298001245474,0.399364868342627,2822.5767602641213,0.41221594137127926,7.839718402678996,0.05580100081724633,13447.0,0.0,13185.0,0.0,0.0,0.9923814193474199,0.9000000000000004,0.8931432610775137,0.3560767710795251,0.3763316428420914,0.0221153479313568,0.05715185955749381,-0.1954264443037112,0.16828392533903083,0.502092050209205,1.6747297915851598,0.0,239
57,train,pact,3.0,0,0.009418921166737213,0.004364752896329123,0.007274588021272808,0.0,0.0,0.01765813003586426,1.7058077107912326,1.7594860966734307,0.19902730923317466,2968.9507009594013,0.34738281269452564,12.36130948445787,0.03870354605708115,13685.0,0.0,13423.0,0.0,0.0,0.9932685392172267,0.9000000000000004,0.89394165980766,4.4102382964177735,-3.0357431690011953,0.022062553194771725,0.033864516066387296,-0.2072001679226127,0.20525831627051247,0.45188284518828453,1.7594861040929253,0.0,239
58,train,pact,3.0,0,0.010237416458047271,0.003978169467589997,0.006630282063209101,0.0,0.0,0.017748351140672566,1.7651758922193839,1.7602566924554035,-0.02674380286546058,3389.6998061176123,0.34121976025932504,12.020274194713418,0.00528362118789442,13923.0,0.0,13661.0,0.0,0.0,0.9937314308836869,0.9000000000000004,0.8943582621079609,0.18494130409400045,0.11814842304821949,0.001870939095883217,0.005140041428626414,-0.20511605692126347,0.18433781417846223,0.4309623430962343,1.760256696807464,0.0,239
59,train,pact,3.0,0,0.34633041948240073,0.11170068981945973,0.1861678026489929,0.08082921273039974,0.0003803727766459956,0.017886376164261267,1.7342426163382112,1.7175211200654257,0.2931913639181079,3287.3084507387553,0.27530100562894194,9.635388208732445,0.09474329518497178,14161.0,0.0,13899.0,0.0,0.0,0.9938717090435107,0.9000000000000004,0.8944845271908588,0.7206693537356701,0.3282685669948251,0.04401905679454406,0.09225572057255392,-0.21257094611631644,0.3360337101991157,0.28870292887029286,1.7175211272047712,0.0,239
60,eval,pact,3.0,0,0.10291766645305227,0.04472209462992434,0.07453681883488872,0.007227082444534142,0.0005705591649689933,0.013161410933173414,1.2227014951626127,1.212885820715996,0.1699140504251963,13701.922836239866,0.03468563733817269,10.785326920792647,0.047307306209922025,14399.0,0.0,14137.0,0.0,0.0,0.9993455726731273,0.9000000000000004,0.8994109889952209,0.6011543083295371,0.2684011957079513,0.01985225983294128,0.04577468662565597,-0.13844250831970514,0.060179827294578464,0.8535564853556485,1.2128858194718353,0.0,239
61,eval,pact,3.0,0,0.5017308978531066,0.22097689173995103,0.36829479136170573,0.139216431264598,0.0,0.012600761697974415,1.3763576671169393,1.1374639257726311,0.4342412890001321,76948.99614278243,0.11221837628024892,102.57007593689603,0.08156955453360679,14637.0,0.0,14375.0,0.0,0.0,0.9935953376432842,0.9000000000000004,0.8942357770568656,0.7427189771935436,0.647680423897516,0.0723127197812904,0.08834583424889018,-0.1317539057930025,0.039941838036737,0.7531380753138075,1.1374639273822356,0.0,239
62,eval,pact,3.0,0,0.07879225602993307,0.03987164186355395,0.06645273128862952,0.006466337078286016,0.0019018638832299778,0.013874958760288221,1.1889573585039401,1.2593796639761665,0.08862629677578183,240815.02248953976,0.07057375354092241,201.60979491995968,0.04326404119105269,14875.0,0.0,14613.0,0.0,0.0,0.9965942576839335,0.9000000000000004,0.896934816528065,1.0610635691588852,0.31966159784478754,0.0208963939670406,0.03575299183592574,-0.14661331901151006,0.10130864417341762,0.8410041841004184,1.2593796735368945,0.0,239
63,eval,pact,3.0,0,0.5003441035252276,0.21193466441246495,0.35322440917162606,0.13978699311052906,0.0,0.013092362818748506,1.3608918337143614,1.1665586102208334,0.3999590637874945,190814.30694299162,0.09835012138930294,92.02624514910966,0.08352080766875375,15113.0,0.0,14851.0,0.0,0.0,0.9929088142751151,0.9000000000000004,0.8936179169925187,0.7454866782318618,0.628125922611449,0.05325080179854443,0.08881158146336987,-0.1306128094527897,0.04584705777619514,0.8493723849372385,1.166558608860175,0.0,239
64,eval,pact,3.0,0,3.939130826693449e-05,2.0639768359105192e-05,3.439961051204043e-05,0.0,0.0,0.013803020941880706,1.1684966309300027,1.2573024944780262,0.36038621368517937,413998.6516736402,0.06546469032764435,264.9115295410156,0.028440265221692716,15351.0,0.0,15089.0,0.0,0.0,0.9980659671907146,0.9000000000000004,0.8982593472033864,3.5685834100850093,-3.0300294856323173,0.02372441086301214,0.023303671637705865,-0.14179090019462096,0.004451170657883023,0.9874476987447699,1.2573024952599334,0.0,239
65,eval,pact,3.0,0,0.49613888111608695,0.21787597941978498,0.3631266055857104,0.1274248779942301,0.0,0.013183153357169743,1.344776858345734,1.1990479547608348,0.5531199489677302,155524.02029942468,0.15627650057879436,123.19479410019879,0.07663050066352389,15589.0,0.0,15327.0,0.0,0.0,0.9926087216602708,0.9000000000000004,0.8933478220362044,0.8224773291814412,0.6870211116388947,0.06241379549791073,0.0799953364708683,-0.21349338298539108,0.7348289266743823,0.13807531380753138,1.199047946654369,0.0,239
66,eval,pact,3.0,0,0.4934485877536371,0.22380856560992768,0.3730142492292913,0.13275009630614246,0.0,0.012873299795916015,1.3300303931515587,1.1771146459310124,0.5167974061546964,133624.9147162657,0.16566125945690785,158.32292186465722,0.06112438762973542,15827.0,0.0,15565.0,0.0,0.0,0.9969055979321692,0.9000000000000004,0.8972150067405222,0.8329772662368562,0.7505511723216005,0.034469409140222,0.06743862462779468,-0.2062740010006879,0.7529006795453872,0.13807531380753138,1.1771146415931912,0.0,239
67,eval,pact,3.0,0,0.007217873016016257,0.004487447411033314,0.007479078571785097,0.0,0.0,0.013982239650819591,1.208264636694138,1.2707789664986742,0.6022291475260108,340559.0097411088,0.17788867253389318,187.61607131000343,0.024295830637388025,16065.0,0.0,15803.0,0.0,0.0,0.9978266630212632,0.9000000000000004,0.898043980408912,2.2772050717828973,-1.3824750855279118,0.014055769809951576,0.020929084175995018,-0.1456960753322221,0.03394759488412119,0.9372384937238494,1.2707789632887716,0.0,239
68,eval,pact,3.0,0,0.4982182329869342,0.2185895744005545,0.36431593715751964,0.11220996636725869,0.0,0.012170257518325142,1.3852608817391814,1.1105248060186537,0.4634475666858162,266956.06138859835,0.10330832862075044,97.90484400473878,0.069852077879526,16303.0,0.0,16041.0,0.0,0.0,0.9937660081865398,0.9000000000000004,0.8943893875786451,0.7082581111766314,0.6872454366642138,0.007556368941441178,0.07656764906488171,-0.12244209222592518,0.00824950295260987,0.9748953974895398,1.110524806305584,0.0,239
69,eval,pact,3.0,0,0.49865054549941856,0.23510191470243827,0.391836498921533,0.17421072571846233,0.0,0.01324311396979949,1.3024777573022883,1.2087341823837248,0.30393339556380794,144687.82269874477,0.12261531392899518,145.13785177095167,0.07432224683338877,16541.0,0.0,16279.0,0.0,0.0,0.9965638643029344,0.9000000000000004,0.8969074555021949,0.8931455000559247,0.7255299556991983,0.08755120146088302,0.07815265166865483,-0.16776977085375014,0.47467283895664564,0.14644351464435146,1.2087341749127667,0.0,239
70,train,pact,3.0,0,0.15576161381352116,0.059016253572945175,0.09836041811111074,0.026816279880671322,0.0,0.01821662525346339,1.7856916244059926,1.7412679442301953,0.273770078299684,12208.833739212867,0.12800350837471844,292.5890086180994,0.06913535385762798,16779.0,0.0,16517.0,0.0,0.0,0.9919038716719241,0.9000000000000004,0.8927134579694421,0.3312536441625437,0.33661277232060627,0.0398656406791529,0.06495693356975539,-0.2164637695950857,0.3402178106175257,0.301255230125523,1.7412679476529018,0.0,239
71,train,pact,3.0,0,0.4738973789959445,0.18777133238938526,0.31295219352751363,0.16888550803002952,0.0001901863883229978,0.0177293008789576,1.8585387543155558,1.721483625627462,0.19551812964939672,4517.636692190769,0.24252836858253599,2.7560846271874015,0.09784828548253394,17017.0,0.0,16755.0,0.0,0.0,0.9949434609093926,0.9000000000000004,0.8954490832205098,0.6415486396461111,0.6020259623190151,0.0988810022547841,0.10336941709570494,-0.20697177580901402,0.26641740110982526,0.3472803347280335,1.7214836320218236,0.0,239
72,train,pact,3.0,0,0.012006890569388804,0.006731683099566897,0.01121947127961842,0.0,0.0,0.020656408558923083,1.8392915471328353,1.9655846915983255,0.2660488895916041,6310.9196419815635,0.39443694601404367,3.662765771275285,0.0672167158796682,17255.0,0.0,16993.0,0.0,0.0,0.9970895977199826,0.9000000000000004,0.8973806178719429,0.2583470219262924,0.17958258714247521,0.06397881594919923,0.05968278305114064,-0.2250547822421307,0.17777975607584792,0.42677824267782427,1.9655846882821733,0.0,239
73,train,pact,3.0,0,0.27817753698797626,0.11166276671535484,0.18610459209977995,0.0926207689311215,0.0,0.017900821178076034,1.9149534652422662,1.7280754616569773,0.2263698566034748,6345.143724257976,0.17543317722039742,2.3959981836534445,0.06781098607315772,17493.0,0.0,17231.0,0.0,0.0,0.9952869447704139,0.9000000000000004,0.8957582255786433,0.4459069384594427,0.4520718019138128,0.012577840388727795,0.07180546473898773,-0.22336984126639223,0.43680821389358737,0.18410041841004185,1.728075467698785,0.0,239
74,train,pact,3.0,0,0.48485143263255603,0.2389419787902766,0.398236588930585,0.2702548518839242,0.0,0.020817786864312873,1.9348196497023356,1.9440970016822656,0.4196394380166441,6560.292421221235,0.21518537059239265,11.245305851912399,0.09784509042067507,17731.0,0.0,17469.0,0.0,0.0,0.9973159903761732,0.9000000000000004,0.8975843722351425,0.9303818786925288,0.6799092644457602,0.10924461040468443,0.10217181034386158,-0.21891079566739025,0.12273361227336124,0.45188284518828453,1.9440970032459393,0.0,239
75,train,pact,3.0,0,0.07326335892778778,0.039495817734555454,0.06582635998502802,0.007797641734199045,0.0,0.019967768524449987,1.9651147162066345,1.914534916438817,0.45347509162196553,8704.933634610356,0.13458315760021927,23.406130242048448,0.04632378344338341,17969.0,0.0,17707.0,0.0,0.0,0.9970481590247054,0.9000000000000004,0.8973433260638345,0.2981323955978093,0.304893977485313,0.024030504609635545,0.04549690980803237,-0.21885712375772304,0.17113267456007594,0.46443514644351463,1.9145349151671698,0.0,239
76,train,pact,3.0,0,0.034930997800481874,0.02376912481283767,0.0396152060964436,0.003233168414447098,0.0,0.02232469186950553,1.9871844437331834,2.061471234305633,0.16803322146377803,8858.832229422726,0.196221160152966,14.471501150889377,0.03974778674519523,18207.0,0.0,17945.0,0.0,0.0,0.998079938120423,0.9000000000000004,0.8982719230352585,1.1969979324722981,0.23571709983154376,0.0250468347309711,0.03629489630367217,-0.23520189725448812,0.19315113208107063,0.40585774058577406,2.0614712325569444,0.0,239
77,train,pact,3.0,0,0.1299968671675179,0.06492102073602209,0.10820169165401931,0.0380372769164241,0.0,0.019831727465388665,2.018462439461233,1.869286865619436,-0.2066554181398551,11285.297067043672,0.15868391705653534,12.2263537430863,0.044520566917499955,18445.0,0.0,18183.0,0.0,0.0,0.9971105428919134,0.9000000000000004,0.8973994669056338,0.3727555971253019,0.35272815685670267,0.0035792428123143814,0.046045088962258215,-0.235943398680294,0.43339564972254374,0.17154811715481172,1.8692868630567958,0.0,239
78,train,pact,3.0,0,0.1229728398538705,0.06184764271339004,0.10307939556816001,0.038227462993007326,0.0,0.021293346360949292,2.0076174302081182,1.9764687486273473,0.11819785802184787,10768.753824529289,0.10460745524537114,3.981299155925607,0.07518171683873467,18683.0,0.0,18421.0,0.0,0.0,0.9972450810496278,0.9000000000000004,0.8975205553625418,0.38240167185599533,0.3533666104651736,0.04965821023736345,0.07329040692503483,-0.2327188476231803,0.27345025074928037,0.3179916317991632,1.976468750746793,0.0,239
79,train,pact,3.0,0,0.31501786260686376,0.1322398584611372,0.22039974476946284,0.12419170739760459,0.0,0.019618086918222106,1.9374193731212217,1.8119665715983722,0.10386781263550954,10484.11480125523,0.20703755281709726,3.4079781865475067,0.09684514319796941,18921.0,0.0,18659.0,0.0,0.0,0.9970951741210586,0.9000000000000004,0.8973856373810868,0.5200585099814,0.5179946971541417,0.06835085843116619,0.09947808089015311,-0.2573127589321548,0.6608207958693136,0.05439330543933055,1.8119665772090068,0.0,239
80,train,pact,3.0,0,0.0,0.0,0.0,0.0,0.0,0.02282956249575485,1.9832079545224561,2.1341783192367236,0.2697285232309517,12408.447527131277,0.18420886993408203,4.160689830780029,0.0536184265691335,19159.0,0.0,18897.0,0.0,0.0,0.9982534282875859,0.9000000000000004,0.8984280562799845,nan,nan,0.04809627486159051,0.048096274664804775,-0.2478272050454481,0.2606605537256298,0.2928870292887029,2.1341783279775166,0.0,239
81,train,pact,3.0,0,0.478391402922768,0.22453364536340814,0.3742226995912548,0.25047546812181193,0.0,0.020118089957809598,2.015293066970474,1.8716910783217042,0.27634512704785397,10928.363416089174,0.09406089117393973,13.235961776897,0.13606185871312806,19397.0,0.0,19135.0,0.0,0.0,0.9966820565726467,0.9000000000000004,0.8970138348296097,0.7445227056265411,0.49071475853035784,0.09925143959674429,0.13749657196448686,-0.2490990020297605,0.5698982165642897,0.100418410041841,1.8716910761490106,0.0,239
82,train,pact,3.0,0,0.4994180284038787,0.24196531782558756,0.4032754852619995,0.24077596206794724,0.0,0.01958207472979586,1.9511789607203656,1.8307140125390375,0.21439186019129333,10254.053261473588,0.12464287810838123,11.435525950028806,0.11662119473077388,19635.0,0.0,19373.0,0.0,0.0,0.9968073153595546,0.9000000000000004,0.8971265601812546,0.80681272182419,0.5697695738610533,0.12216667678545821,0.12077147987082788,-0.24664281814747155,0.5599572687616843,0.09623430962343096,1.8307140226952028,0.0,239
83,train,pact,3.0,0,0.22391452780090834,0.09588781669978237,0.1598130105432049,0.08101939992924614,0.0009509319416149889,0.019606109827398382,1.9472004245015866,1.846429806374107,0.35605656832581284,9109.086321587343,0.08665281858647858,22.331604675269027,0.08177916593966561,19873.0,0.0,19611.0,0.0,0.0,0.99588944173757,0.9000000000000004,0.8963004797073588,0.4268565177461416,0.41263780963817764,0.04316114575882989,0.08256583140235565,-0.21430397485452735,0.18754265705213805,0.4225941422594142,1.846429814188423,0.0,239
84,train,pact,3.0,0,0.5000638219418426,0.23500121752224926,0.3916686531695757,0.2362114889975871,0.0,0.02001814504454076,1.8859970170583684,1.867361997959504,0.2963076644113373,6747.041910466789,0.1701454226566658,9.709193994809395,0.10953738608993746,20111.0,0.0,19849.0,0.0,0.0,0.99638784455455,0.9000000000000004,0.8967490358332709,0.9208163458065887,0.5830082657396485,0.12384026423096657,0.11043903085882444,-0.23003327682931116,0.36882400071218735,0.2510460251046025,1.8673619794844831,0.0,239
85,train,pact,3.0,0,0.32300139925731,0.11578447914892814,0.19297411092690356,0.11240015244384191,0.0,0.018410940843568063,1.873312492749681,1.7767534652514438,0.35557935022160597,5880.540043148536,0.17386792427139303,14.457789535302997,0.08704249038084344,20349.0,0.0,20087.0,0.0,0.0,0.9944528022071807,0.9000000000000004,0.8950074948526326,0.4486965781675639,0.44694441497039117,0.04823374424093202,0.08957027911235847,-0.20566096330015318,0.17255704917059855,0.47280334728033474,1.7767534668865679,0.0,239
86,train,pact,3.0,0,0.5020705397688578,0.1967500872676157,0.32791678275844566,0.17154811784063922,0.0,0.019168049969932523,1.7919599181937373,1.7962150813146616,0.25810918017099593,4490.042915631538,0.3051057000289901,4.541460864214717,0.115667583339041,20587.0,0.0,20325.0,0.0,0.0,0.9946402820084385,0.9000000000000004,0.8951762241299681,0.955607304450769,0.4237886399793893,0.12345847301185131,0.11330668586130921,-0.2354116258411418,0.48446541440398844,0.17154811715481172,1.7962150813701783,0.0,239
87,train,pact,3.0,0,0.5013695556751894,0.18129496471614798,0.30215824636675526,0.13826550069463803,0.0,0.017914591097978244,1.8063058354365775,1.7622338937416235,0.3676355393860629,4301.177195018306,0.3919116375835371,4.646438071917291,0.09910826739235527,20825.0,0.0,20563.0,0.0,0.0,0.9930275543963061,0.9000000000000004,0.8937247779578843,0.8196661284950972,0.4860164950469501,0.09070008168263095,0.09904874409997064,-0.21085872375014628,0.26235199857562536,0.38493723849372385,1.7622338892198188,0.0,239
88,train,pact,3.0,0,0.39266590399484474,0.11802371119345967,0.19670616905111338,0.0888170411023136,0.0,0.016240194332727453,1.6685660648545462,1.6010039274163825,0.40601488935398755,4217.805519008238,0.41089626573119703,6.338587179842355,0.07527640602399427,21063.0,0.0,20801.0,0.0,0.0,0.9922343694515308,0.9000000000000004,0.8930109023549068,0.4748224095021703,0.497855029202386,0.041332592520054924,0.079460012263747,-0.22188217138508504,0.5128045342591769,0.2301255230125523,1.6010039225337935,0.0,239
89,train,pact,3.0,0,0.04666315660102996,0.021647507779486038,0.036079177515903706,0.0015214911065839823,0.0,0.018780274215353086,1.724054982722055,1.7815853499468401,0.38993723921197226,3548.627038931747,0.41606724361994274,20.264330827541432,0.050323998574294135,21301.0,0.0,21039.0,0.0,0.0,0.9925483143479256,0.9000000000000004,0.8932934558042422,1.908423497082716,-0.3041694887293913,0.026448660619575116,0.04108869567270893,-0.21432795392587886,0.2604825068993145,0.41841004184100417,1.7815853570300297,0.0,239
90,eval,pact,3.0,0,0.4288286963842077,0.12053647107391367,0.2008941076914137,0.011981742339652952,0.0,0.011071385639411822,1.2635024319632782,1.1338966401551058,0.35376174211751465,10069.76462902883,0.12701935711233106,18.275924682118404,0.050055646604069734,21539.0,0.0,21277.0,0.0,0.0,0.9960818906708242,0.9000000000000004,0.8964736788342688,0.5901365523897786,0.594269292511196,0.003482476269504921,0.055334801529984726,-0.1603092047919035,0.4769577732276924,0.23430962343096234,1.133896636188604,0.0,239
91,eval,pact,3.0,0,0.3069478625608959,0.08788635049256517,0.14647724434959158,0.006656523591304923,0.0,0.012442683922828303,1.3097837814227307,1.242928716677502,0.376278154396113,40358.98532296025,-0.03828626574956224,32.379753815080335,0.07102494751917643,21777.0,0.0,21515.0,0.0,0.0,0.9917214620063495,0.9000000000000004,0.8925493030368533,0.6354454836866532,0.539460940791131,0.06082218372315731,0.07021151733619772,-0.166176459610119,0.3819104424463633,0.26778242677824265,1.2429287151900146,0.0,239
92,eval,pact,3.0,0,0.49008514884387816,0.13361895676717117,0.22269824708654365,0.011220996599317096,0.0,0.01008209908404485,1.0601184201041025,1.0114866442760164,0.3214714847598615,42235.103965088914,0.010496289225755002,35.31526499712317,0.06272053461771256,22015.0,0.0,21753.0,0.0,0.0,0.9937639016985395,0.9000000000000004,0.8943874863401118,0.8143938678858536,0.6442514459656679,0.08688648900872953,0.06374168118937369,-0.17798089734538824,0.671028813911392,0.13807531380753138,1.0114866518441548,0.0,239
93,eval,pact,3.0,0,0.004340025042008344,0.0021459394062643485,0.0035765655304515437,0.0,0.0,0.015743684926689854,1.4007952786888538,1.4589747756594893,0.24511402969591506,80221.86887911873,0.118611396473509,78.45939295461487,0.03194490792210288,22253.0,0.0,21991.0,0.0,0.0,0.9918181619384797,0.9000000000000004,0.8926363243218746,0.29556695739567596,-0.03058829935924945,0.028618216420580662,0.027693744385459122,-0.19379407754736752,0.4495385619751328,0.29707112970711297,1.4589747747156399,0.0,239
94,eval,pact,3.0,0,0.00864344554228482,0.004323859425613176,0.007206432146037769,0.0,0.0,0.014783781674538572,1.4067166704513039,1.3974288317947707,-0.2795058050307725,141061.00434754184,0.047873138579165864,19.99124171045535,0.007789463374267379,22491.0,0.0,22229.0,0.0,0.0,0.9936897632467198,0.9000000000000004,0.894320764052818,0.18881529212105178,0.10545217905120918,0.004077333711764156,0.007409348336212087,-0.18624894431085176,0.4279058725778212,0.2719665271966527,1.3974288307165936,0.0,239
95,eval,pact,3.0,0,0.4881335476829956,0.14326683465244905,0.23877804371672995,0.011981742214957042,0.0,0.01044523344807732,1.1671108172029632,1.095813338976026,0.38752595512157456,51912.98272424163,-0.03277657205744541,77.40434768509166,0.07537925991553143,22729.0,0.0,22467.0,0.0,0.0,0.9911052933796679,0.9000000000000004,0.8919947411724714,0.8082520686191588,0.5316269567379635,0.04525498506159355,0.07420721166147597,-0.15881916140945357,0.4970177156592184,0.200836820083682,1.0958133373570982,0.0,239
96,eval,pact,3.0,0,0.5020920332959219,0.13895836512490242,0.23159726132982703,0.0058957777886211125,0.0,0.009835207476339081,1.0543072081509992,0.9977261982702311,0.36916553724759793,49228.74356040795,0.0617269864186516,67.83245174056815,0.06069777213489037,22967.0,0.0,22705.0,0.0,0.0,0.9929549098014832,0.9000000000000004,0.8936594043815486,0.8414113963831661,0.5631945433415808,nan,0.062100314959946036,-0.1693659967039065,0.6144692720852251,0.12552301255230125,0.9977262012495555,0.0,239
97,eval,pact,3.0,0,6.514758795400435e-05,3.140657401870679e-05,5.234428681433201e-05,0.0,0.0,0.01527558733946858,1.4012697945080044,1.4267582409551454,0.3625595913771306,93501.7954857479,-0.0005576969706453383,191.78530883789062,0.01981717161590693,23205.0,0.0,22943.0,0.0,0.0,0.9936640531946924,0.9000000000000004,0.894297632213417,72.94884195166189,-84.61847920729713,0.01572485046727031,0.017610645691755085,-0.18940799829233498,0.4443455295409359,0.27615062761506276,1.42675824244593,0.0,239
98,eval,pact,3.0,0,0.20738793141458225,0.066475801153235,0.1107929917588191,0.038417649817766006,0.0,0.014330594778980545,1.376509260931773,1.3614617054931288,0.20609676670263596,85090.93437826882,0.033610369589045314,106.5286964492319,0.06921005229539702,23443.0,0.0,23181.0,0.0,0.0,0.9917913785040628,0.9000000000000004,0.8926122131207996,0.6765924913540486,0.2071821964252708,0.027185597505348807,0.066801970150462,-0.18495366714419578,0.4414967803198908,0.3054393305439331,1.3614617094012824,0.0,239
99,eval,pact,3.0,0,0.06036286422683006,0.018140157936054436,0.03023359453541599,0.0007607455532919912,0.0,0.013863410617548302,1.3437378947704905,1.3341704282800524,0.05350436104284249,125461.32564069038,0.005577235620967638,56.92574813675182,0.0219694738277277,23681.0,0.0,23419.0,0.0,0.0,0.9922575803481385,0.9000000000000004,0.8930318016387429,0.6927429124862482,0.25319788431533763,0.010417487405340127,0.020800702121141892,-0.185422744452348,0.4896881213092376,0.26359832635983266,1.334170424030535,0.0,239
100,train,pact,3.0,0,0.005378621699537879,0.001832070408199493,0.0030534504252782086,0.0,0.0,0.01806381277381501,1.7778095066796786,1.7742817347019786,-0.9929459681695475,11119.97997127517,0.007640756171773418,61.78329836374546,0.003758727556114498,23919.0,0.0,23657.0,0.0,0.0,0.9898872475245009,0.9000000000000004,0.8908984920469787,0.1956813820115823,0.03408012354333867,0.0020056294188826452,0.0035381633018739676,-0.21776429259958127,0.3189412148728449,0.3054393305439331,1.7742817351477096,0.0,239
101,train,pact,3.0,0,0.372095166128404,0.1073227937854293,0.17887130906188248,0.06979840283114541,0.0013313047182609845,0.01708372033524588,1.7239359500019122,1.69598108180896,0.3352709326612525,3386.6933042135197,0.33960306534941104,10.206412826621882,0.09046206970321147,24157.0,0.0,23895.0,0.0,0.0,0.9933503369905958,0.9000000000000004,0.8940152827665896,0.5930409119993171,0.2840382700368018,0.03283655682704254,0.0886806764300897,-0.22342445236943384,0.43479034986201376,0.24686192468619247,1.6959810871198977,0.0,239
102,train,pact,3.0,0,0.46716103549544,0.15954997376529834,0.2659165977608331,0.1517687328315679,0.0,0.016999921402952412,1.7302018107230692,1.7002933344581637,0.44329928104847544,3972.8127676353297,0.4257152241705352,6.780801730175896,0.07319279610633336,24395.0,0.0,24133.0,0.0,0.0,0.9937125494290595,0.9000000000000004,0.8943412700457553,0.5241686066701609,0.5536987426400304,0.007883948787046527,0.07967590671334665,-0.22196650069822393,0.4486186533725036,0.21338912133891214,1.7002933493938661,0.0,239
103,train,pact,3.0,0,0.5019918537838604,0.14495674983384457,0.24159456925648343,0.06466337059581628,0.0,0.016680428066590966,1.6345817593849852,1.6258026002341235,0.6603547526702721,2930.8869465464827,0.5583831369253383,3.3683608249141583,0.09285194467106311,24633.0,0.0,24371.0,0.0,0.0,0.9931543422044571,0.9000000000000004,0.8938388824462891,0.9315688935300895,0.37880287469116436,0.08588171058467456,0.08755465628867619,-0.23431540149091926,0.6267248286299297,0.100418410041841,1.6258026032834865,0.0,239
104,train,pact,3.0,0,0.49941803140382607,0.17458423938028717,0.29097370420945234,0.1521491061693455,0.0,0.017933517704215134,1.8044674476320275,1.770096227214925,0.6245966645963023,3362.574905203975,0.41968935173176325,3.8956075068797027,0.08842512633589147,24871.0,0.0,24609.0,0.0,0.0,0.9941142879769393,0.9000000000000004,0.8947028345642728,0.6470683866634004,0.5260577354299187,0.055359879254617474,0.09034423270578415,-0.2251603593178761,0.3953826523042227,0.26359832635983266,1.770096232402049,0.0,239
105,train,pact,3.0,0,0.4797851131429772,0.15057508425418606,0.25095845428202884,0.10688474761891066,0.0,0.01685693946366966,1.7177410746718051,1.715967274111185,0.7430932801138905,3306.064952642848,0.5906739470599586,4.058731170378969,0.08050221428820653,25109.0,0.0,24847.0,0.0,0.0,0.9938061790985043,0.9000000000000004,0.8944255397908358,0.8288594504890879,0.5419870041092929,0.05379844041865157,0.08039446878266447,-0.22564294163185214,0.4553547583014333,0.2175732217573222,1.7159672706694231,0.0,239
106,train,pact,3.0,0,0.002674001892095833,0.0008598191134030561,0.0014330317805376037,0.0,0.0,0.018842993498970773,1.852100794285411,1.852349484315976,0.5118180586952544,3998.7932731596497,0.5927534699440002,8.809966087341309,0.008656683494093357,25347.0,0.0,25085.0,0.0,0.0,0.9949382284196351,0.9000000000000004,0.8954443732066134,2.2981592625065432,-0.6291672480487225,0.007178177731970007,0.00771879948008071,-0.24884616781536464,0.4728330217513873,0.25523012552301255,1.852349482582715,0.0,239
107,train,pact,3.0,0,0.025146201497458203,0.011013266291027541,0.018355442437530345,0.0,0.0,0.018497067269826285,1.8527250130306228,1.846028929973746,0.10602758459505239,4850.67497017194,0.5480856565684548,8.1357393249807,0.010700036092427456,25585.0,0.0,25323.0,0.0,0.0,0.9952072047289445,0.9000000000000004,0.8956864618357255,0.18963479904591724,0.17524859570571505,0.001820625439452322,0.010718976590849623,-0.2505272548645406,0.49215110240659965,0.23430962343096234,1.8460289301417974,0.0,239
108,train,pact,3.0,0,0.0030419384339404444,0.0012645484718506782,0.0021075806748531135,0.0,0.0,0.019251226221511306,1.8847421477529294,1.8828056916033373,-0.3642333618941947,4791.06272064592,0.10260004550218582,2.5503995418548584,0.009815145934024478,25823.0,0.0,25561.0,0.0,0.0,0.9959046563842805,0.9000000000000004,0.8963141680761362,2.532939094787042,-0.9180643842837708,0.007344249647724576,0.008738781020537732,-0.25921466601052456,0.5143476067539097,0.2217573221757322,1.882805686739136,0.0,239
109,train,pact,3.0,0,0.09046236122763525,0.04126124947033227,0.06876874444282613,0.013883606222882929,0.0,0.01895781560454159,1.8826458119947043,1.8634986623061751,-3.37988077702632,5575.1139738330285,0.11131093532595175,2.4890667210064175,0.03204040983974326,26061.0,0.0,25799.0,0.0,0.0,0.9959153685110882,0.9000000000000004,0.8963238207864961,0.24763044492508715,0.2589370516162036,0.0019425628484491932,0.03295815538374608,-0.2554640852533381,0.5304608445354462,0.20502092050209206,1.863498673849382,0.0,239
110,train,pact,3.0,0,0.19514420172920505,0.06713658060609579,0.11189429172187207,0.040509699528187386,0.0,0.01897215464826533,1.8644841779724823,1.8557419612317902,0.24362997180747187,5339.9459264268435,0.34071724177201795,1.710163341406499,0.06869496677166326,26299.0,0.0,26037.0,0.0,0.0,0.9948522957299045,0.9000000000000004,0.8953670420407251,0.3215439342857234,0.3407403163589344,0.03942709769773528,0.06847882997946012,-0.24820901971806075,0.5043176355381466,0.19246861924686193,1.8557419635612034,0.0,239
111,train,pact,3.0,0,0.031455413804247795,0.012217635955239226,0.02036272484427279,0.0,0.0,0.01914231833187419,1.8549183183135347,1.8581301727055506,0.32630508757784776,4445.084092654943,0.4982182174048164,7.076329022770646,0.03536166282659046,26537.0,0.0,26275.0,0.0,0.0,0.9953889724599766,0.9000000000000004,0.895850051646452,2.1641586165179096,-0.4493212864434135,0.020264987602212372,0.03081921749567091,-0.2559852066776204,0.5138431407460162,0.200836820083682,1.8581301753121924,0.0,239
112,train,pact,3.0,0,0.16342436824145895,0.04203696418543849,0.0700616025939198,0.012742487518857214,0.0,0.017586026071847484,1.8034484007368528,1.7811571377091826,0.14817298889631664,4776.82290100353,0.45632213116798814,5.530919939404252,0.033453760269888534,26775.0,0.0,26513.0,0.0,0.0,0.9941352401318411,0.9000000000000004,0.894721697065122,0.2329630036929637,0.23757959248672378,0.002139989725695527,0.034315960834601165,-0.23513447756982817,0.46974687676192173,0.19246861924686193,1.7811571364830148,0.0,239
113,train,pact,3.0,0,0.3791192204459613,0.1211608299391822,0.2019346982945014,0.10003803795102251,0.0,0.01785546627526939,1.8268322021891383,1.8061654208594287,0.3435183500083919,3400.5692736254578,0.4033945212803126,1.6390068905124107,0.08191333911050439,27013.0,0.0,26751.0,0.0,0.0,0.9942521817015804,0.9000000000000004,0.8948269436548943,0.4551173029269852,0.48695587660029227,0.04864910459038855,0.08593495779331758,-0.2344731776648263,0.42027953351731506,0.2719665271966527,1.8061654148703972,0.0,239
114,train,pact,3.0,0,0.22391449630794566,0.06862452363727613,0.11437419815004558,0.029669075580820378,0.0,0.01797167647232508,1.8007327966610258,1.8051177263259888,0.6304669257985996,3604.3710610617154,0.4784983625970625,8.678625416556162,0.058725956046104304,27251.0,0.0,26989.0,0.0,0.0,0.993866526681509,0.9000000000000004,0.8944798436124953,1.131807386945065,0.4016605823221352,0.030050383093545123,0.0522426530440186,-0.24231138846648279,0.4633668654856227,0.26359832635983266,1.8051177290415408,0.0,239
115,train,pact,3.0,0,0.475447956226714,0.1331537905899651,0.2219229710576827,0.07170026652733152,0.0,0.017242873323278573,1.7458987709867406,1.7309451385023205,0.5458535094390853,3022.4164518092966,0.511277573752104,5.020371788964611,0.09696631933948235,27489.0,0.0,27227.0,0.0,0.0,0.9932506548310922,0.9000000000000004,0.8939255685487053,0.6617433412821155,0.3659981577295538,0.05492918666604222,0.09514777374426565,-0.22986608460040608,0.4454434849698804,0.2217573221757322,1.7309451308785888,0.0,239
116,train,pact,3.0,0,0.09659444735923473,0.03752493538024785,0.06254155406389614,0.015024724178733188,0.0,0.017803500800015536,1.839616421625704,1.8362224027202718,0.3729259536356108,3732.2486894040926,0.394396798100681,5.9661950286961005,0.04247506988959613,27727.0,0.0,27465.0,0.0,0.0,0.9939274518559668,0.9000000000000004,0.8945346818808232,0.6260976217200641,0.24792783821828301,0.01909831416232919,0.04088290754382237,-0.24411788124789516,0.4619128164040476,0.28451882845188287,1.8362223973993874,0.0,239
117,train,pact,3.0,0,0.07057711293792525,0.016298797565194714,0.027164661371316318,0.0001901863883229978,0.0007607455532919912,0.016522787484071495,1.7543770553676654,1.7528564039633363,0.13910199112013358,3326.950927734375,0.38564398305716624,5.8968414841336685,0.02105908247152203,27965.0,0.0,27703.0,0.0,0.0,0.993142291591756,0.9000000000000004,0.8938280531053264,0.3831746176025927,0.11826378876917631,0.00848441429335635,0.020342783815379423,-0.23050336794710868,0.43897445028042376,0.24267782426778242,1.7528564012996082,0.0,239
118,train,pact,3.0,0,7.168495677855786e-07,1.9748201708223624e-07,3.2913664947205444e-07,0.0,0.0,0.017472709868118854,1.8102892512556898,1.8079878091812134,-0.7596167389880164,3227.313867800405,0.4096631109714508,6.59520149230957,0.001477975192094133,28203.0,0.0,27941.0,0.0,0.0,0.9931852782620546,0.9000000000000004,0.8938667325295165,36.3347490388857,-38.53755273246896,0.0013278800862212275,0.0013293020445675683,-0.23229518983418668,0.42226772307783617,0.28870292887029286,1.8079878193179078,0.0,239
119,train,pact,3.0,0,0.10291769171121948,0.030092641776231572,0.05015439922578507,0.005895778038012931,0.0,0.016678345085717895,1.7935076301067943,1.7830935951057338,-4.692336642124912,3244.5278177301257,0.3645607172732537,5.448938063996606,0.023161778449248688,28441.0,0.0,28179.0,0.0,0.0,0.9927591150275833,0.9000000000000004,0.8934831886111941,0.247200800104456,0.25882833774821956,0.0011680157968851435,0.023865376397598122,-0.22335480636640703,0.36104928929641833,0.3179916317991632,1.7830935880011223,0.0,239
120,eval,pact,3.0,0,0.2905912866229464,0.045914452862405856,0.07652408382522914,0.0,0.0,0.01201821295115863,1.4305439449254438,1.41658640331803,0.1894231672831285,11766.235871510526,0.3468434524461315,4.311144584392404,0.04987775340917906,28679.0,0.0,28417.0,0.0,0.0,0.9956601085024399,0.9000000000000004,0.8960940782993907,0.30259683783943286,0.30172560382530444,0.03478514701974663,0.049379413345415596,-0.200116833530995,0.5611442476037867,0.17154811715481172,1.4165864024755317,0.0,239
121,eval,pact,3.0,0,0.49487416027990566,0.19748682388735955,0.32914467031526684,0.19075694218839062,0.0,0.013934891358228346,1.5188892306643051,1.5247088777969073,0.521577929914247,21645.4624656773,0.24710362183249646,7.9294621555376255,0.09312980309534023,28917.0,0.0,28655.0,0.0,0.0,0.9933120194339353,0.9000000000000004,0.8939807988609729,0.6360567535762077,0.5687404377352536,0.05408496845273241,0.09703518091759422,-0.21287946767222818,0.5244962758538829,0.2217573221757322,1.5247088927608874,0.0,239
122,eval,pact,3.0,0,0.35386675944174084,0.027758017515887363,0.04626335996124215,0.0,0.0,0.010099710614097044,1.2757373439716992,1.277700177296435,0.721453558700354,32079.25788604864,0.30808772913581656,24.929108477037822,0.029498266851116423,29155.0,0.0,28893.0,0.0,0.0,0.9915431907486217,0.9000000000000004,0.892388850076428,1.1391454361043838,0.24949900314847806,0.019719743090582654,0.02686457327522228,-0.19377724095689047,0.5764266001958516,0.13807531380753138,1.2777001688273772,0.0,239
123,eval,pact,3.0,0,0.28232657409398026,0.11218938741923815,0.18698229289357454,0.10897679776576773,0.0,0.015326005991189799,1.5581365609268762,1.6025854384051208,0.4787572745748145,35995.20352543148,0.21628047896853053,54.96277671478782,0.09628178564847202,29393.0,0.0,29131.0,0.0,0.0,0.9940206074315634,0.9000000000000004,0.8946185286573786,0.6666720028219104,0.33300842451380475,0.04110756017949565,0.09438022571541836,-0.22868372889226465,0.5327457788064928,0.18828451882845187,1.6025854529129844,0.0,239
124,eval,pact,3.0,0,0.21976545920194163,0.09070134838082777,0.15116889779822498,0.08995815936990363,0.0,0.01536033536642634,1.6336998296083267,1.6244776608056104,0.37174038271026133,57132.88325379184,0.21204698126311083,54.74288060375836,0.058542529375791144,29631.0,0.0,29369.0,0.0,0.0,0.9936808143200735,0.9000000000000004,0.8943127166775979,0.3792404881377202,0.39615338583650117,0.00619750846485336,0.061655196049016855,-0.22686949620345348,0.5770497640879553,0.13389121338912133,1.624477665495534,0.0,239
125,eval,pact,3.0,0,0.01843199975083282,0.009959779377655558,0.016599631291158035,0.0,0.0,0.015968931108229955,1.664067796334063,1.6746776887063701,0.3324685111704232,62657.46816978295,0.22208778211013044,7.715679990696608,0.05064959384191189,29869.0,0.0,29607.0,0.0,0.0,0.995895444349265,0.9000000000000004,0.8963058875195651,0.24014835260265868,0.19054540437776923,0.0465686561810613,0.04640284852732643,-0.2353352653750112,0.568355144069557,0.15481171548117154,1.674677682003749,0.0,239
126,eval,pact,3.0,0,0.22807283978866633,0.09870738319286791,0.16451228559628484,0.09661468289886059,0.0,0.015327606820715708,1.5801148065463269,1.6175152424987889,0.44066654731788396,56885.9098457113,0.2069225457485251,58.82231176647681,0.08677189841780765,30107.0,0.0,29845.0,0.0,0.0,0.9945715800488844,0.9000000000000004,0.8951144011449614,0.6852011975305341,0.33873584852927396,0.03691775485128164,0.08496622681602149,-0.2321644431839191,0.5110240659960236,0.2384937238493724,1.6175152424098067,0.0,239
127,eval,pact,3.0,0,0.4510805060552793,0.1685176885498188,0.28086278417255345,0.16584252681442882,0.0,0.013909210155768686,1.514776024858323,1.5195940181800012,0.5363031362639311,32628.742301908995,0.2250027383159394,22.1561319658447,0.11882112999388239,30345.0,0.0,30083.0,0.0,0.0,0.9935096447437877,0.9000000000000004,0.8941586641088191,0.6784904431843624,0.40646693103737863,0.0649810291285957,0.11738765771037053,-0.21194851930211003,0.4950592005697499,0.26359832635983266,1.5195940080547525,0.0,239
128,eval,pact,3.0,0,0.44882433315462367,0.17380962263247574,0.28968267191448527,0.19589197510954726,0.0,0.014353565603814178,1.5477826670123942,1.5524122001735736,0.5387486935160649,39204.50599830021,0.272891062822302,19.390149920555338,0.08384278865246625,30583.0,0.0,30321.0,0.0,0.0,0.9943539440382475,0.9000000000000004,0.8949185245705449,0.5163883109806628,0.5574896150536457,0.023379670456051826,0.09275088657451615,-0.2150865144364539,0.5306685658328141,0.24686192468619247,1.552412208175841,0.0,239
129,eval,pact,3.0,0,0.24477059851891544,0.08883972277702597,0.1480661883483263,0.07759604412890878,0.0,0.01458166045658914,1.559917387852609,1.5760810108364376,0.4663230797985109,32796.95246306224,0.2652274078249183,5.761831738460014,0.10474424467083052,30821.0,0.0,30559.0,0.0,0.0,0.993743106411092,0.9000000000000004,0.8943687742225296,0.4157164481461561,0.40619585283605364,0.08904226596105444,0.10122840354125558,-0.21766494623138172,0.5031306566960444,0.2803347280334728,1.576081014462754,0.0,239
130,train,pact,3.0,0,0.4909922425595826,0.13320169807726057,0.22200281677864628,0.0680867256479782,0.0,0.016405927280361558,1.7619681328410384,1.7669856548309326,0.6973727123507895,5453.412902065899,0.5147203680860447,5.870382604489267,0.07100858085566672,31059.0,0.0,30797.0,0.0,0.0,0.9897794937987706,0.9000000000000004,0.8908015175344555,0.8716329525018809,0.5340943968016616,0.05317811308325165,0.06922170065078401,-0.2249055117506933,0.39719279503842847,0.3138075313807531,1.7669856509575879,0.0,239
131,train,pact,3.0,0,0.006565895839070679,0.0017541783690907034,0.0029236304523605,0.0,0.0,0.01597966086002511,1.758629586906114,1.760675662481635,0.5229970356410517,2897.1948191112056,0.3208649364226034,4.000111378386429,0.011519543747914465,31297.0,0.0,31035.0,0.0,0.0,0.9922612875575301,0.9000000000000004,0.893035139997634,2.976639826123329,-1.4283452980341513,0.007442348870074457,0.010202815742197809,-0.21644449845846195,0.3102762693254993,0.3598326359832636,1.7606756722879973,0.0,239
132,train,pact,3.0,0,0.00036113544281525344,0.0001262013538355528,0.00021033557537696168,0.0,0.0,0.01648522091437147,1.7647220387618412,1.76198480767685,0.27845338859208607,2543.2723894318774,0.3218133747577667,3.960496664047241,0.0014661636869658114,31535.0,0.0,31273.0,0.0,0.0,0.9916922051038702,0.9000000000000004,0.8925229635198745,0.38765250807810386,-0.3072883301369911,0.00122700341392358,0.0013311238880035425,-0.21836179118260077,0.328704115849135,0.33472803347280333,1.761984806471262,0.0,239
133,train,pact,3.0,0,6.514758795400435e-05,1.73115867213687e-05,2.8852643972412766e-05,0.0,0.0,0.016666833806206243,1.733922683045455,1.7310369573377664,-2.233438417471353,2292.2724752386243,0.3218133747577667,3.960496664047241,0.001340628433822207,31773.0,0.0,31511.0,0.0,0.0,0.9918117777573014,0.9000000000000004,0.8926305823246306,2.154870978018662,-1.4877809828777981,0.001197321240811048,0.0012074345193689331,-0.2139645738898919,0.308762871301819,0.3891213389121339,1.7310369505936303,0.0,239
134,train,pact,3.0,0,0.029798324749413897,0.007203583392994047,0.012005971598711205,0.0,0.0,0.0157968346769902,1.733810222797314,1.730790547745996,-0.449436802175472,2398.9752529256016,0.4755259754806445,2.156894889835533,0.010835934944122555,32011.0,0.0,31749.0,0.0,0.0,0.991482661358981,0.9000000000000004,0.8923343759201561,0.4395893927028451,0.10795666432519546,0.005020527415871719,0.010319912005493526,-0.21347540016397568,0.2947268464939612,0.36401673640167365,1.7307905497591372,0.0,239
135,train,pact,3.0,0,0.4367288618482977,0.11009355910164041,0.18348925235025426,0.049638646354735146,0.0,0.015802345371115408,1.7118434038122328,1.6856384686346333,-0.44747852822415,2087.2764203059623,0.48332790257292313,1.7795337715408293,0.04743134684614237,32249.0,0.0,31987.0,0.0,0.0,0.9904335827009448,0.9000000000000004,0.8913902066741528,0.5296993376551891,0.5729490287550907,0.0013138216292966664,0.05336146123231648,-0.2017266353702917,0.2333303658862281,0.401673640167364,1.6856384769768968,0.0,239
136,train,pact,3.0,0,0.4615407718850152,0.09847904016655527,0.16413172504032433,0.03233168526673417,0.0,0.014966911234927976,1.5838557419417791,1.583660961444408,0.4731105032326287,1722.2799087588257,0.46155280105489066,1.8793709946476764,0.0743206106749788,32487.0,0.0,32225.0,0.0,0.0,0.9909623761556139,0.9000000000000004,0.8918661081142505,0.5725709799823647,0.5278527964430397,0.0985623166585962,0.0735054846217848,-0.22250883624353227,0.5062168016855101,0.23430962343096234,1.583660964487892,0.0,239
137,train,pact,3.0,0,0.21562707504729067,0.05555063210297829,0.09258438168765995,0.027196652719665274,0.0,0.01633324538587464,1.715692678256015,1.7189845814365723,0.3524741581543719,2231.484386236598,0.5308119163665312,1.9673640059626751,0.060974960510568325,32725.0,0.0,32463.0,0.0,0.0,0.9905447643172292,0.9000000000000004,0.8914902654153034,0.40026829736247743,0.4181914378723981,0.046118716107230284,0.059378576438647995,-0.19952252013788882,0.1586693967180035,0.47280334728033474,1.718984578848187,0.0,239
138,train,pact,3.0,0,0.4260901446999406,0.11461489824077982,0.1910248161105122,0.07074933508450017,0.0,0.01713100832470042,1.7260880819424427,1.7462676519130562,0.65191803729185,2376.924165222934,0.5519317494526069,6.0059188931058145,0.06569568027652582,32963.0,0.0,32701.0,0.0,0.0,0.9915148324048669,0.9000000000000004,0.8923633288140077,0.9227372213358441,0.5548119779432485,0.043644977908115834,0.06318700774748143,-0.21342388523916553,0.2798302620255794,0.3514644351464435,1.7462676507156936,0.0,239
139,train,pact,3.0,0,0.11274788101110218,0.03413728692312627,0.056895475810283855,0.008368200774472128,0.0,0.01640376721598426,1.7453456777907814,1.7251447613767998,0.46407643160061857,2520.6757352821,0.38232914165098797,9.305419047008499,0.028678848084245485,33201.0,0.0,32939.0,0.0,0.0,0.9914095095011979,0.9000000000000004,0.8922685437122648,0.2965277262477795,0.313599056048367,0.007250783049441393,0.02922338184464146,-0.19915243395759366,0.1402415501943678,0.5523012552301255,1.725144765079731,0.0,239
140,train,pact,3.0,0,2.149352706407653e-05,5.173161248973606e-06,8.621934973527619e-06,0.0,0.0,0.016902638273898155,1.7108685127362049,1.7276157395111467,0.1820122567180809,2075.1446395299427,0.5039119720458984,1.2702428102493286,0.02349935396268543,33439.0,0.0,33177.0,0.0,0.0,0.9917150950332067,0.9000000000000004,0.8925435737585922,7.322895631137401,-6.5525548450772115,0.02138137320016927,0.021058479451114567,-0.20051244636321325,0.1683729487521885,0.497907949790795,1.7276157435656474,0.0,239
141,train,pact,3.0,0,0.39266590399484474,0.09084504398720794,0.15140839625857713,0.0446938001336413,0.0,0.014887760114704092,1.573442600262215,1.5554978565690907,0.21476500105257945,2252.098145552759,0.4504155477345239,1.5589300917781048,0.04784524824071352,33677.0,0.0,33415.0,0.0,0.0,0.9904716461273417,0.9000000000000004,0.8914244576478104,0.44846788887977884,0.48033738313756413,0.001647291291334683,0.05209526179578651,-0.2088420108404745,0.42550224042256457,0.26359832635983266,1.5554978502282752,0.0,239
142,train,pact,3.0,0,0.1712039733909204,0.0462213895818468,0.07703564507078436,0.012362115053950993,0.0,0.016301581887411397,1.6439801599191322,1.6773354363740738,0.5558748246486217,1936.2520547651347,0.5565824931386125,8.570131416101336,0.04537110957784664,33915.0,0.0,33653.0,0.0,0.0,0.9919473012620934,0.9000000000000004,0.8927525463962156,1.2698051315344627,0.36395889761688105,0.024596069616151694,0.0398121362271481,-0.21157348017080332,0.33609305914122084,0.35564853556485354,1.6773354325894647,0.0,239
143,train,pact,3.0,0,0.07600188859598127,0.02097166276041995,0.03495276870647305,0.0017116774949069802,0.0,0.015269168220055153,1.6954037360067646,1.681762787587473,0.3768506364967035,2146.1306846969796,0.48758566974970086,9.147923999750464,0.017553066639604716,34153.0,0.0,33891.0,0.0,0.0,0.9907309901764203,0.9000000000000004,0.8916578736764118,0.24954947226409,0.25898053144933175,0.0025847484636494144,0.017896980770803192,-0.19498172454484966,0.1509540342443396,0.5355648535564853,1.6817627913161284,0.0,239
144,train,pact,3.0,0,0.00484126768363289,0.0013813941977444692,0.002302323569862462,0.0,0.0,0.01651649903038431,1.6991106780503085,1.7102734648532947,0.022323707237724744,1941.5082338724176,0.3607371580401225,1.4762547559817965,0.016304691692338828,34391.0,0.0,34129.0,0.0,0.0,0.9916088182058295,0.9000000000000004,0.8924479205239269,0.2089995602899629,0.058683163463309596,0.015157190215760702,0.014747052122478345,-0.1962934907862273,0.12561203596545892,0.5606694560669456,1.710273462172816,0.0,239
145,train,pact,3.0,0,0.5013695566800022,0.11574297715376351,0.19290495328799098,0.03195131280182795,0.0,0.01467030452930653,1.5003967192881278,1.5003608215802884,0.4325839966442046,1851.7892422855648,0.4295237882990219,2.831322766746936,0.06492368549168905,34629.0,0.0,34367.0,0.0,0.0,0.9903833594282302,0.9000000000000004,0.8913450034093657,0.6557967994888624,0.4422569305432619,0.005640585532611502,0.06670625809732061,-0.21750874869797487,0.5689189590195555,0.1506276150627615,1.5003608138147257,0.0,239
146,train,pact,3.0,0,0.36126752409238416,0.07850237621750844,0.1308372828381043,0.03195131261478408,0.0,0.015054759331764537,1.54652814934942,1.5443624726898002,0.49717003518567426,1806.1623325746928,0.40240840445502535,8.138024005431012,0.057333810417620645,34867.0,0.0,34605.0,0.0,0.0,0.9908199235485189,0.9000000000000004,0.891737907750836,0.44186936233861135,0.4608439334140695,0.034921446982163776,0.05935672565780299,-0.20527630278966105,0.38416570224635754,0.3305439330543933,1.5443624784199497,0.0,239
147,train,pact,3.0,0,0.2905912866229464,0.07518820473368079,0.12531366512093767,0.04621529167666096,0.0,0.016909760966600858,1.743983479723272,1.735587811370275,0.34796276439183926,1822.3678090881604,0.520933914072344,1.3968333497207035,0.0701816280608194,35105.0,0.0,34843.0,0.0,0.0,0.9916512220474467,0.9000000000000004,0.8924860767240803,0.43631426735307777,0.4618848063340416,0.056903426154431974,0.07018394979539183,-0.19996754700738056,0.13718507967595475,0.5439330543933054,1.7355878109258087,0.0,239
148,train,pact,3.0,0,0.501946137909228,0.12835025242326448,0.21391707206601945,0.06694560688160453,0.0,0.016186420831081134,1.6205766747187371,1.661624229602734,0.5117467715401031,1684.589510227347,0.48557536752902314,3.0190589235916296,0.08183276231077238,35343.0,0.0,35081.0,0.0,0.0,0.9917878486122547,0.9000000000000004,0.8926090448471293,0.8319644740854596,0.4268845896250436,0.19734918512403965,0.08047940702641297,-0.2023723816324437,0.2606012047835247,0.36401673640167365,1.6616242212171166,0.0,239
149,train,pact,3.0,0,0.002674004892043177,0.0007088184653816426,0.0011813640730564139,0.0,0.0,0.016448015617947075,1.7377375503963008,1.7521783088540432,0.45783025001382227,1915.625439248823,0.5011728405952454,9.764966011047363,0.021079923390609576,35581.0,0.0,35319.0,0.0,0.0,0.9917884798229489,0.9000000000000004,0.892609606477506,0.3361863385987704,0.018506166254497858,0.020117222797393815,0.018957556640850106,-0.19959569518663642,0.11979583963915842,0.6192468619246861,1.7521783029235654,0.0,239
150,eval,pact,3.0,0,0.38597856810663256,0.07575492304150053,0.126258199201813,0.007036896305602964,0.0,0.008623683431563766,0.9785952218905652,0.9811984350491767,0.45589550967994596,4020.1266369679984,0.30285907159539943,10.440270734132584,0.02854415486862875,35819.0,0.0,35557.0,0.0,0.0,0.9939653272409319,0.9000000000000004,0.8945687724955411,0.6237061441302256,0.6363115627820306,0.0025108357918832234,0.032272766960422396,-0.13016066320409092,0.27603192973085255,0.5606694560669456,0.9811984412323056,0.0,239
151,eval,pact,3.0,0,0.019673136295750737,0.005495390775394904,0.009158984178288258,0.0,0.0,0.011175851662990064,1.116991906984082,1.1349664230725756,0.3408988938047297,28907.199298427695,0.16881247017937848,21.08996528561644,0.024091789193030556,36057.0,0.0,35795.0,0.0,0.0,0.9961526149486398,0.9000000000000004,0.8965373333527952,0.6409975298640802,0.5754979392126189,0.02261030132858417,0.02106223913556487,-0.1239781286192594,0.00952550520786967,0.9623430962343096,1.1349664310859782,0.0,239
152,eval,pact,3.0,0,0.03145542497177721,0.009448824109697484,0.015748039432060924,0.0,0.0,0.01100053045914263,1.1104688958642872,1.1042443391668249,-0.33064636837135297,80084.01016605648,-0.0403114837676162,46.94420346056567,0.01090957671764334,36295.0,0.0,36033.0,0.0,0.0,0.99191656353334,0.9000000000000004,0.8927248831074607,0.5312770560215416,0.5027497530173604,0.005744986411652224,0.009504840198795167,-0.1194182633031724,0.0,1.0,1.1042443367916404,0.0,239
153,eval,pact,3.0,0,0.5012103088587818,0.09632035545792521,0.16053391674562834,0.0,0.0,0.007359447364917485,0.8426946044965768,0.8564739596394815,-0.10800002848463539,55229.63832047594,0.01225427570645639,37.34018947489591,0.03344993583398197,36533.0,0.0,36271.0,0.0,0.0,0.9865660827030198,0.9000000000000004,0.8879094517879407,0.8740113747689584,0.6845192286029783,0.028205976883570353,0.032299959710623806,-0.14765055170595973,0.6209383067746818,0.100418410041841,0.8564739671798672,0.0,239
154,eval,pact,3.0,0,0.2905912866229464,0.04741869260071181,0.0790311509768479,0.003803727704112001,0.0,0.008864109994742287,0.9420034326768819,0.9515094300693049,0.4062973210484834,68404.82904027197,0.06374294075304614,75.77702751718306,0.024043415497723482,36771.0,0.0,36509.0,0.0,0.0,0.9863837398744527,0.9000000000000004,0.8877453497264176,0.8054672768901352,0.6689330881257924,0.0132734834512865,0.02347964657252366,-0.13126768910108397,0.3034511409834121,0.5606694560669456,0.9515094300151029,0.0,239
155,eval,pact,3.0,0,0.33479187858415665,0.07928332174749386,0.13213886205920053,0.008748573551118124,0.0,0.010275717296688252,1.1231116916844037,1.127626427047921,0.34705376693643786,66083.73506145398,-0.025038664889712837,32.284496985718796,0.045867005154630755,37009.0,0.0,36747.0,0.0,0.0,0.99120977358838,0.9000000000000004,0.892088775106055,0.5709299062311973,0.5518421016303433,0.02094050956833543,0.04762205338323777,-0.1280725204459994,0.030891124365708185,0.895397489539749,1.1276264237915743,0.0,239
156,eval,pact,3.0,0,0.1229728398538705,0.03269885897614616,0.054498094428206696,0.004184100480757996,0.0,0.011587132520537247,1.1011062885428073,1.1361072265453418,0.2699128933032686,58103.58993364278,-0.06484029259704147,39.84353359972582,0.045796861396673834,37247.0,0.0,36985.0,0.0,0.0,0.9913333799050942,0.9000000000000004,0.8922000198184695,0.6379737566037241,0.5144163925773793,0.040609177146842215,0.04256626096004659,-0.1232938249321837,0.010148669099973293,0.9581589958158996,1.136107223274394,0.0,239
157,eval,pact,3.0,0,0.39917434158470244,0.10541130171562195,0.17568549367420913,0.019969570586870905,0.0,0.01070550180948242,1.1033104111958747,1.1115794610777658,0.30775650579065367,32375.286145070608,-0.020244383849359456,149.1420385528309,0.052502655291688245,37485.0,0.0,37223.0,0.0,0.0,0.9936672476545039,0.9000000000000004,0.8943004997205535,0.9072801454383915,0.6001046858898071,0.027423842879081214,0.04774034589092602,-0.12895602819630556,0.10525534882340723,0.7238493723849372,1.1115794558925087,0.0,239
158,eval,pact,3.0,0,0.1751345835546242,0.02793671209255838,0.046561184850521145,0.0,0.0,0.009285674564867712,0.9814970398547759,0.9861917413428238,0.3554654641380869,76950.59108590482,-0.03859828279108792,195.32653933489172,0.018793931655648115,37723.0,0.0,37461.0,0.0,0.0,0.9858444483958527,0.9000000000000004,0.8872599787542511,0.7016633507150991,0.6353124337300352,0.011919839807070684,0.01832086299682449,-0.1314893405109606,0.2605418558414196,0.6150627615062761,0.9861917353289257,0.0,239
159,eval,pact,3.0,0,0.17513455355801244,0.04553471037828306,0.07589117770176283,0.008178014573192996,0.0,0.011224711608048138,1.127962945146042,1.138655253035254,0.4009511535013071,41877.34122483002,0.06025587270137655,100.354171505533,0.0336526411227009,37961.0,0.0,37699.0,0.0,0.0,0.994979825977501,0.9000000000000004,0.8954818153979888,0.9270687797495722,0.47472160467783986,0.015139557579802215,0.0314441685950594,-0.13043720178042706,0.003442238642096205,0.9916317991631799,1.1386552571042838,0.0,239
160,train,pact,3.0,0,0.00595315217983492,0.0021089912962646293,0.0035149851826333273,0.0,0.0,0.016453406109112202,1.71137814691376,1.709194479128307,-0.2395033282091428,4124.329041293476,0.06565486482309497,129.82593319805096,0.006403009475506677,38199.0,0.0,37937.0,0.0,0.0,0.9837888060254532,0.9000000000000004,0.8854099044490559,0.19372492944496034,0.09747708777044306,0.0037603120618206008,0.005218719356155333,-0.19609295004745717,0.1325558621917564,0.5439330543933054,1.7091944813776476,0.0,239
161,train,pact,3.0,0,0.4934485925616751,0.1204980037342679,0.20082999187696138,0.05287181501857406,0.0,0.015703287310742435,1.6782239071993648,1.661056703852809,0.27298752126521647,1743.7365365128137,0.38326719322214564,1.4817964117896107,0.0587597732387374,38437.0,0.0,38175.0,0.0,0.0,0.9904867178725398,0.9000000000000004,0.8914380213206782,0.626461866287747,0.5203628144703905,0.006262546306419553,0.06122556799403139,-0.19095431153225076,0.12733315528650702,0.5313807531380753,1.6610567030634553,0.0,239
162,train,pact,3.0,0,0.26150266818706364,0.06649819071406828,0.11083031174975568,0.02244199344802601,0.0,0.015419404848506011,1.5646589760002232,1.6014036935243647,0.632328780375764,1598.3995902727838,0.5486661769356189,7.004484823059338,0.05130661952808094,38675.0,0.0,38413.0,0.0,0.0,0.9917088001342997,0.9000000000000004,0.892537894109303,0.9784199571998975,0.4315666236821989,0.024697601864846725,0.048803076951737245,-0.21749066171716053,0.45565150301195884,0.2384937238493724,1.6014036939364675,0.0,239
163,train,pact,3.0,0,0.5020268857079679,0.13662007494332637,0.22770010780971245,0.06998858878303273,0.0,0.01619352440049708,1.7493625116148752,1.7450612389392932,0.6154504476980185,1471.714464259447,0.4863122903652271,3.6334706569815283,0.07228628938694223,38913.0,0.0,38651.0,0.0,0.0,0.9915419919221471,0.9000000000000004,0.8923877714568103,0.7571227163336985,0.47208672898128656,0.005791883411196371,0.07356540865467463,-0.20782686225022357,0.2129736787441764,0.47280334728033474,1.7450612453412093,0.0,239
164,train,pact,3.0,0,0.4367288618482977,0.10136548016387709,0.16894245868457938,0.04336249547772827,0.0,0.015825213213688908,1.656915610305435,1.665319859732145,0.5065858602274412,1581.7029314240651,0.42485533096675593,5.506972341357914,0.06314015725849656,39151.0,0.0,38889.0,0.0,0.0,0.9909794849331908,0.9000000000000004,0.8918815175359718,0.5083145824702219,0.5310923360950839,0.049206226119114196,0.06657633484267166,-0.2000134547332535,0.23834535149410963,0.42677824267782427,1.6653198602706154,0.0,239
165,train,pact,3.0,0,0.41462237339922975,0.08112293439842376,0.13520488368190078,0.021491061631106933,0.0,0.015197843124224925,1.6107120072492496,1.6308675979470608,0.7142265977719837,1270.9182677967278,0.6697062177887522,6.1129225928913105,0.04670842712604788,39389.0,0.0,39127.0,0.0,0.0,0.9907147914295915,0.9000000000000004,0.8916433014630274,1.02985776128847,0.5479476853842379,0.02825726719426089,0.04507233370796906,-0.20871517113493648,0.38116858067004955,0.2510460251046025,1.6308676105752298,0.0,239
166,train,pact,3.0,0,0.0043400218550171355,0.0008938935809596061,0.00148982261035983,0.0,0.0,0.01597840411814561,1.739739494343682,1.738416151521595,0.504028405729198,1368.1060382412068,0.14114427928146459,3.6665671899228913,0.004262483653124855,39627.0,0.0,39365.0,0.0,0.0,0.9902714857496477,0.9000000000000004,0.8912443214380591,1.2562875612804199,-0.10776644228498644,0.0032886992852359863,0.0038494984425090947,-0.20204497725266823,0.15297189827591323,0.5313807531380753,1.7384161549411123,0.0,239
167,train,pact,3.0,0,0.025146201497458203,0.006241538888233165,0.0104025641536495,0.0,0.0,0.015844063285862926,1.736248776004903,1.735411402071869,-0.030752666410015873,1232.2943013083486,0.15123082432412702,3.4144963041010263,0.006044474003064348,39865.0,0.0,39603.0,0.0,0.0,0.9900553620510022,0.9000000000000004,0.8910498127777706,0.21956976873807751,0.19239625560322737,0.001130190761614358,0.006053924171724571,-0.20258226352619152,0.16599899106798424,0.5104602510460251,1.7354113952113892,0.0,239
168,train,pact,3.0,0,0.19920827428452043,0.051878373635837575,0.08646394769960325,0.03252187159270921,0.0003803727766459956,0.01639171604994513,1.7341272125184286,1.7503531173682112,0.467454394972474,1306.23234832636,0.5772341388788184,4.643754005930912,0.04881494178701675,40103.0,0.0,39841.0,0.0,0.0,0.991443939039398,0.9000000000000004,0.8922995176774189,0.7825273204130464,0.28667004696814835,0.019120853610343835,0.04706462398785163,-0.21372603794497252,0.29015697795186807,0.3723849372384937,1.7503531177299436,0.0,239
169,train,pact,3.0,0,0.1229728398538705,0.029908887504123065,0.04984814195764199,0.010079878456422973,0.0,0.015559808282906415,1.6823329681133126,1.6941335949438885,0.3383820541358892,1049.3139599915828,0.5519345777428799,4.761977146360166,0.019582325416248367,40341.0,0.0,40079.0,0.0,0.0,0.9890682196018586,0.9000000000000004,0.890161375869767,0.3722841912127468,0.3955592512757301,0.002117667464182504,0.02062529907263494,-0.20084914096515136,0.200836820083682,0.4100418410041841,1.694133596606287,0.0,239
170,train,pact,3.0,0,0.2698529591997837,0.055325629566864314,0.09220937724165189,0.01502472449047296,0.0,0.015469259183043342,1.735731176751428,1.746468313069523,0.6061366717935107,1085.0658188823875,0.6329240311389189,5.51109421627292,0.04424000434113752,40579.0,0.0,40317.0,0.0,0.0,0.9901684871777331,0.9000000000000004,0.8911516215013161,0.9477668540818761,0.41283904756711964,0.021831229896001194,0.042200482438735386,-0.2113312872036985,0.27603192973085255,0.3514644351464435,1.7464683120846827,0.0,239
171,train,pact,3.0,0,0.00027498420791614755,4.18153493335153e-05,6.96922498380095e-05,0.0,0.0,0.015963246800379523,1.768874505074952,1.7666182747445844,0.35064192627513757,1152.958348230338,0.5770537257194519,8.347064018249512,0.002577121133665714,40817.0,0.0,40555.0,0.0,0.0,0.990079880010134,0.9000000000000004,0.8910718729805248,0.8854274470561707,-0.7996736742487753,0.0023390486614405497,0.002312871526072394,-0.20866396450742797,0.21837443247574112,0.401673640167364,1.7666182659181653,0.0,239
172,train,pact,3.0,0,0.002674001892095833,0.0005663507184420813,0.0009439177543244414,0.0,0.0,0.01528047110542468,1.750968927120065,1.7498473986422167,-0.6504501481598952,1046.7597173587048,0.5770537257194519,8.347064018249512,0.001934211317385999,41055.0,0.0,40793.0,0.0,0.0,0.9896003588971732,0.9000000000000004,0.8906403061735081,0.3461084575655285,0.003320449579046536,0.0013544157086450431,0.0017880502194175926,-0.20982419934786906,0.2331819935309653,0.41841004184100417,1.74984738508301,0.0,239
173,train,pact,3.0,0,0.4653420398303694,0.10472678169616641,0.17454462449406577,0.05724610157591528,0.0001901863883229978,0.01547449124415861,1.6651122794490478,1.682746726099916,0.5840702406968532,1065.6642790598848,0.5758762020378073,3.9808226968454017,0.06900979886922565,41293.0,0.0,41031.0,0.0,0.0,0.9903274285743426,0.9000000000000004,0.8912946624237125,0.7448078038606355,0.43077869032595084,0.036485365405678746,0.06911714657728081,-0.19855912781836607,0.1935072257337013,0.4602510460251046,1.6827467174628492,0.0,239
174,train,pact,3.0,0,0.0017479297706943053,0.0003547406893204771,0.0005912344495300204,0.0,0.0,0.015660456190797575,1.7845138126836162,1.7834902064072038,0.4805011224297799,999.1749517847803,0.7326452732086182,7.82707405090332,0.005723205134082609,41531.0,0.0,41269.0,0.0,0.0,0.989899994439161,0.9000000000000004,0.8909099735475484,0.30926202486831555,-0.08042507781064367,0.0051823115168107585,0.005149089847691357,-0.20872704081445723,0.19128164040475978,0.4393305439330544,1.7834902009249862,0.0,239
175,train,pact,3.0,0,0.15576158431569304,0.038241547121211916,0.06373590881872078,0.017687333802299022,0.0013313047182609845,0.014907381236241453,1.6804114106309962,1.695265520317285,0.4370696853269593,1188.1460926263403,0.40262521606593327,7.756624519076806,0.0388647987279324,41769.0,0.0,41507.0,0.0,0.0,0.9901906723257887,0.9000000000000004,0.8911715875609649,0.7481212195703665,0.26495437052203796,0.016026819046664906,0.037238818531949464,-0.20883410075473977,0.2907504673729191,0.3807531380753138,1.695265517480741,0.0,239
176,train,pact,3.0,0,0.09973252267304225,0.025258921143123572,0.04209819872414612,0.009889691818708156,0.0005705591649689933,0.015704321464578227,1.7131381768063023,1.7251427457921176,0.37243018707720305,1243.2130091200313,0.34658915153607167,9.56782884577827,0.03121264650540964,42007.0,0.0,41745.0,0.0,0.0,0.9906959715747434,0.9000000000000004,0.8916263565358756,0.773325572168586,0.17083113179116272,0.013796439319673294,0.0296441175435206,-0.20637985350719673,0.2305112911362355,0.39748953974895396,1.7251427434786464,0.0,239
177,train,pact,3.0,0,0.228072871281629,0.05203220238398286,0.0867203330662161,0.016736401860684032,0.0,0.016183835138648624,1.706174103285977,1.7149696948638022,0.2209295014401817,1403.3038243249869,0.36943425394002366,7.48740723990995,0.03042523822662904,42245.0,0.0,41983.0,0.0,0.0,0.9900374559677795,0.9000000000000004,0.8910336910930139,0.41439231577201713,0.4362816939215104,0.0018739452143199742,0.03263244003049686,-0.20343721419645533,0.20665301640998252,0.4811715481171548,1.7149696900569222,0.0,239
178,train,pact,3.0,0,1.0033076722564557e-05,1.5063990579935563e-06,2.5106649799564676e-06,0.0,0.0,0.016568609189912365,1.7968216820242016,1.8091269362421714,0.2839482255809975,1410.8363762380689,0.5193307995796204,1.4496897459030151,0.02952141157803457,42483.0,0.0,42221.0,0.0,0.0,0.9921171408318077,0.9000000000000004,0.8929054073708825,16.698317726683996,-17.957737622910834,0.026677862616745217,0.026368413915444616,-0.2087113468257913,0.17157779162586426,0.5523012552301255,1.8091269301522914,0.0,239
179,train,pact,3.0,0,0.16342433874363083,0.05393467875698992,0.08989112394268597,0.04012932693858526,0.0005705591649689933,0.01758231846303932,1.8201448109359422,1.8494738150840024,0.4073132014050145,2123.96931182989,0.39910338176843013,5.1425854286888155,0.053270352214270865,42721.0,0.0,42459.0,0.0,0.0,0.9936772175912578,0.9000000000000004,0.8943094728382063,0.817643467862883,0.2656457707846579,0.020755260603185346,0.05119345019665005,-0.2118274634421404,0.14460369743909315,0.5523012552301255,1.849473818293781,0.0,239
180,eval,pact,3.0,0,0.034930997800481874,0.007519355511835193,0.01253225874752084,0.0,0.0,0.014631710040566188,1.5742184988624381,1.583464070344071,0.15774618838592258,7914.465564935277,0.19661789265886012,5.642606506786586,0.008324522194822775,42959.0,0.0,42697.0,0.0,0.0,0.9983672227819594,0.9000000000000004,0.8985304755147032,0.48106124061443095,0.2847204050745056,0.0034237837595110002,0.008138655876803161,-0.1688708608667775,0.0007715362473663907,0.9874476987447699,1.5834640681416714,0.0,239
181,eval,pact,3.0,0,0.4288286743681341,0.10425537471454537,0.17375894839465997,0.036705972447554934,0.0007607455532919912,0.013838481637318014,1.4767216059952102,1.5138126417183977,0.5570877822871986,35733.93609031773,0.04035695653971846,75.68698013427367,0.05894935871844636,43197.0,0.0,42935.0,0.0,0.0,0.9910139710833338,0.9000000000000004,0.8919125468661097,0.7748843028286577,0.503977376121426,0.021907477416622807,0.059027809708157096,-0.1681660585998068,0.02994154129202647,0.9037656903765691,1.5138126401776975,0.0,239
182,eval,pact,3.0,0,0.4671610229562556,0.04942349151246787,0.08237248149646395,0.0,0.0,0.008675103101131183,1.1576094829387744,1.1660836341490806,0.5517502666517282,42492.329514252095,0.18466464732286508,53.80194112546274,0.03519758308758359,43435.0,0.0,43173.0,0.0,0.0,0.9836821253080248,0.9000000000000004,0.8853138957063523,0.849074050661573,0.3300013724456978,0.008287376991507632,0.03388311085973138,-0.159822610310062,0.38437342354372533,0.3179916317991632,1.1660836329234658,0.0,239
183,eval,pact,3.0,0,0.02819465429997744,0.007815045333274049,0.013025074814364438,0.0,0.0,0.01549954540934024,1.6130173403348882,1.6198552924220033,0.11741899020914338,126534.84363559101,0.0853272870214165,62.762674467334186,0.010115436105852534,43673.0,0.0,43411.0,0.0,0.0,0.9957226572176403,0.9000000000000004,0.8961503690256734,0.5546628822013381,0.20348249007699137,0.004425478204789143,0.009421452288574318,-0.17277463538303134,0.0,1.0,1.6198552954436,0.0,239
184,eval,pact,3.0,0,0.17909066453400735,0.032822915826975045,0.05470485677600451,0.0,0.0,0.013193394137335996,1.4867650627092337,1.5028376472046185,-1.180135614616664,164039.64949986924,0.1033836976628922,53.3004106737081,0.016576062967790347,43911.0,0.0,43649.0,0.0,0.0,0.9846468813499147,0.9000000000000004,0.8861821643602898,0.7006509930958742,0.5488336382218766,0.0022308231649213355,0.016865912305627596,-0.1736950645412396,0.1457016528680376,0.7280334728033473,1.502837642327647,0.0,239
185,eval,pact,3.0,0,0.5013695556751894,0.1437912604628288,0.23965208899038826,0.03632559948386507,0.0,0.013623899404177731,1.5339027727996954,1.5401254832495206,0.46573072204280597,28488.962608688547,0.08092521650873871,52.82704751361863,0.06553183325126019,44149.0,0.0,43887.0,0.0,0.0,0.9922971159344438,0.9000000000000004,0.8930673878562001,0.8815081423354311,0.5622238987200192,0.03965379271124091,0.0640551936734764,-0.16733932153672446,0.022849342710466188,0.9037656903765691,1.5401254887687428,0.0,239
186,eval,pact,3.0,0,0.46716103549544,0.08970529748574138,0.14950881951496348,0.01863826549452219,0.0,0.012363732872320394,1.3915992254492628,1.4346618163535785,0.20488448288860617,57116.37736990063,0.11782199445192285,75.31909707201076,0.056768435754941844,44387.0,0.0,44125.0,0.0,0.0,0.987734659695725,0.9000000000000004,0.8889611700089906,0.7177211364449981,0.537897830054522,0.04957318271475809,0.05501557215385794,-0.17895666693995343,0.262441021988783,0.4811715481171548,1.4346618120770045,0.0,239
187,eval,pact,3.0,0,0.4918546215835647,0.15003836743367877,0.25006393131537696,0.05230125604064893,0.0,0.014526389169050809,1.604614611948883,1.609951971465075,0.39711072149386467,33385.0373504511,0.049086785736484874,26.169500698105562,0.06664087902364871,44625.0,0.0,44363.0,0.0,0.0,0.9939381358014988,0.9000000000000004,0.894544311397744,0.7017968709857754,0.6289342617168725,0.06488236667854445,0.0686983267453238,-0.1810950002051388,0.06715332799192854,0.7698744769874477,1.6099519775527869,0.0,239
188,eval,pact,3.0,0,0.3308880299083897,0.11039659151263466,0.18399431046811332,0.041650817858125376,0.0,0.0166326460689618,1.6251886439622696,1.6346531462968643,0.5822792942304491,105809.9699104341,0.20597967365172118,136.88131227453383,0.04993268907085747,44863.0,0.0,44601.0,0.0,0.0,0.9967269505915781,0.9000000000000004,0.8970542345585684,0.9127226537280538,0.7302887070900979,0.04331022683531046,0.05057486985658128,-0.17831213934219378,0.015579097302590583,0.899581589958159,1.6346531452532704,0.0,239
189,eval,pact,3.0,0,0.04055126141090673,0.016241266252284246,0.027068775990601847,0.0032331686014909623,0.0015214911065839823,0.01609126805370697,1.6212409056380204,1.635022024729262,-0.3594114627050057,172693.04694037657,0.15431092163571253,115.85357760185975,0.022467320355310037,45101.0,0.0,44839.0,0.0,0.0,0.9962257870071602,0.9000000000000004,0.8966031914974356,0.659764271105845,0.09748436628497459,0.009223158266600017,0.018883001830849688,-0.1771647889917235,0.010089320157868186,0.9832635983263598,1.6350220246065565,0.0,239
190,train,pact,3.0,0,0.11952208523755692,0.03637462578967548,0.060624372593220226,0.011601369500659,0.0001901863883229978,0.017116377987435174,1.8290306688851392,1.8340812143421572,0.0615750174527641,7187.263722950444,0.18109921278689198,25.354642598698828,0.04239405694692376,45339.0,0.0,45077.0,0.0,0.0,0.9849304409081966,0.9000000000000004,0.8864373725577878,0.8418518602321133,0.14314299279465814,0.01571260558462586,0.039206253016897515,-0.21321451212294432,0.16392177809430547,0.5564853556485355,1.8340812140644065,0.0,239
191,train,pact,3.0,0,0.3756273159996906,0.10585857387910992,0.17643094077162252,0.07569418111855016,0.0,0.0167416388492361,1.7738378137724171,1.7670997650553493,0.1372934263550275,2585.4250263549293,0.26030311075713347,14.256135927583383,0.05414665836249537,45577.0,0.0,45315.0,0.0,0.0,0.9914620932674807,0.9000000000000004,0.892315863565421,0.47126569267913554,0.4981840571747529,0.0024975881414403293,0.05910269038510123,-0.20292931760734825,0.1443069527285676,0.5481171548117155,1.7670997629441294,0.0,239
192,train,pact,3.0,0,0.06794362143753681,0.01843107015622203,0.03071844841440785,0.0,0.0,0.018159840528748025,1.83260599988275,1.8885873975115341,0.27930765240511635,2914.6952103491108,0.4878417554011405,1.385357738538766,0.05467743621203877,45815.0,0.0,45553.0,0.0,0.0,0.9930434710809876,0.9000000000000004,0.8937391097575551,0.2671153826053059,0.2187624050614596,0.04752156138557064,0.0485859409190917,-0.21066827745692532,0.09715421822606012,0.6527196652719666,1.8885874091228965,0.0,239
193,train,pact,3.0,0,0.4595581971330663,0.10134910294252668,0.1689151595964325,0.05534423769268531,0.0,0.014020856339328583,1.461391774929717,1.4962948523305948,0.6201327267301632,1751.3371290901216,0.4859208343043986,5.364909593280888,0.06499379315261561,46053.0,0.0,45791.0,0.0,0.0,0.9907929460872666,0.9000000000000004,0.8917136274621078,0.7802931841491726,0.44595779003984337,0.03253758709139094,0.0655177076382243,-0.2165870363853612,0.5707587762248139,0.1589958158995816,1.4962948455450926,0.0,239
194,train,pact,3.0,0,0.0007224776207325224,0.0002743065922754129,0.00045717764260950225,0.0,0.0,0.016715000607618852,1.7964837246858925,1.7977757857933203,0.44752545611130146,2217.5262609505753,0.5618482828140259,10.498215675354004,0.006434914504497401,46291.0,0.0,46029.0,0.0,0.0,0.9928847720932262,0.9000000000000004,0.8935962715907076,0.41433732137136964,-0.22140539765694034,0.0057959799150315424,0.005783895367686345,-0.20263877354608964,0.09611561173922074,0.6317991631799164,1.7977757775439132,0.0,239
195,train,pact,3.0,0,0.49775201144090475,0.14025601490026765,0.23376001054368706,0.05192088288991521,0.0,0.016176277300085733,1.77001528410732,1.762046915716706,0.4548877351079526,1910.5916896165663,0.4613829324154425,3.744184010697209,0.07076341317767847,46529.0,0.0,46267.0,0.0,0.0,0.991668122084071,0.9000000000000004,0.892501275908498,0.6580046257491787,0.4974160081463347,0.0022528372848263155,0.07061313020570055,-0.19973717290089454,0.11035935784444643,0.6234309623430963,1.7620469147724016,0.0,239
196,train,pact,3.0,0,0.45752091049933935,0.09195455636873708,0.15325758343317233,0.040699886165902206,0.0,0.015203442903835653,1.5548798559101056,1.5945336519424886,0.6684155975425593,1720.2711758793148,0.5192954343233148,4.710892760105213,0.059094657605147635,46767.0,0.0,46505.0,0.0,0.0,0.9913658098196884,0.9000000000000004,0.8922292068912394,0.8298074525287018,0.4569050897282736,0.03326040451114966,0.05873746614295319,-0.22066606050877033,0.5155049111249592,0.19665271966527198,1.5945336554021203,0.0,239
197,train,pact,3.0,0,0.21150074667297547,0.05515553002821956,0.0919258759193737,0.04241156359846123,0.002662609436521969,0.01599371292195809,1.6537757480992432,1.6796628146989574,0.4598043143250453,2365.450775018796,0.37116670614755304,11.43638765088684,0.05404138037054235,47005.0,0.0,46743.0,0.0,0.0,0.9921866680288913,0.9000000000000004,0.8929679817734403,0.6671762283295064,0.25274951607713714,0.021257771050932912,0.052376991901624655,-0.21011206231802648,0.31858512122021426,0.36401673640167365,1.679662814778205,0.0,239
198,train,pact,3.0,0,0.2364117139628913,0.06401223749977575,0.10668705334908463,0.03993914092434999,0.0,0.016506296362353793,1.7550187405183226,1.760761729842948,0.3591812263597504,2148.611719362905,0.36753661104450663,9.937995945808778,0.03644997377199935,47243.0,0.0,46981.0,0.0,0.0,0.9905611954972335,0.9000000000000004,0.8915050568440968,0.434121244264617,0.45969576041206395,0.003240928508159591,0.039231753541316416,-0.20098967166185241,0.12724413187334935,0.5564853556485355,1.7607617343102162,0.0,239
199,train,pact,3.0,0,0.0760018663305159,0.02107401355009886,0.03512335442369229,0.0,0.0,0.016268237764756176,1.759163810618253,1.7883549454820704,0.4739473935949254,2080.9301686306876,0.4686156109785934,9.864954428692743,0.03684863913901711,47481.0,0.0,47219.0,0.0,0.0,0.9931027161027597,0.9000000000000004,0.8937924254888271,1.6263237388105105,0.0391359667179233,0.021287350661628797,0.0318968887168088,-0.20204533181661483,0.10445413810498828,0.6401673640167364,1.788354949128756,0.0,239
200,train,pact,3.0,0,0.4689258159280493,0.121017209654459,0.20169533403282477,0.06295169285151749,0.0,0.01561022520447189,1.6960547100051178,1.7030588468248375,0.5094822668879601,1879.2914599813678,0.4723154028183995,4.486199467501381,0.054438246453519926,47719.0,0.0,47457.0,0.0,0.0,0.9910177344058847,0.9000000000000004,0.8919159423357274,0.551210217961044,0.5562380716367621,0.0029727088634522174,0.058875508124211405,-0.19935841052746722,0.19205317665212618,0.5062761506276151,1.7030588453013145,0.0,239
201,train,pact,3.0,0,0.11952211124389958,0.03379895164069384,0.05633158260975677,0.011030810398037962,0.0,0.016516932438295256,1.729430045044073,1.761414641615736,0.36216337399003895,2084.24361097264,0.5895188889742895,1.564960925150117,0.055385476064957896,47957.0,0.0,47695.0,0.0,0.0,0.9917509820171979,0.9000000000000004,0.8925758625174167,0.34597019925665445,0.3513173296189701,0.045020883225720204,0.05193006325898902,-0.20173358181550613,0.14356509095225375,0.5397489539748954,1.7614146403769106,0.0,239
202,train,pact,3.0,0,2.149352706407653e-05,2.559773370898309e-06,4.26628886016717e-06,0.0,0.0,0.016089854307987077,1.706466438381243,1.7193841719727136,0.2175922726113427,1681.9277588912134,0.42733433842658997,1.0885878801345825,0.022883521793332248,48195.0,0.0,47933.0,0.0,0.0,0.9911147782493336,0.9000000000000004,0.8920032805977506,10.486421206232565,-10.108199217667785,0.0208132720009939,0.02049006663738247,-0.20090255749158398,0.1751387281521707,0.4811715481171548,1.7193841827983884,0.0,239
203,train,pact,3.0,0,0.029798324749413897,0.008903127836613798,0.014838545668216775,0.0,0.0,0.01577375321278824,1.7226212890078334,1.7229952343338204,0.044284039610513644,1466.654343864409,0.10956460805648789,5.478576518002913,0.013293897016821469,48433.0,0.0,48171.0,0.0,0.0,0.9909025238647621,0.9000000000000004,0.8918122531978655,0.5656521901793048,0.1098588751767624,0.0061102656830545575,0.01261725507517809,-0.20605877342871026,0.23027389536781506,0.4476987447698745,1.7229952328461586,0.0,239
204,train,pact,3.0,0,0.16342433874363083,0.044128742760983025,0.07354789656008157,0.028337771174299167,0.0005705591649689933,0.01588118835800487,1.7049696669917724,1.7215453082048744,0.35911753531311597,1647.7322170624673,0.49192882998686704,5.776215096397879,0.04585046691880425,48671.0,0.0,48409.0,0.0,0.0,0.9914777917343204,0.9000000000000004,0.8923299903650164,0.6997723653902633,0.2066934599128658,0.016430897610129933,0.04407976373930746,-0.20792836799200368,0.23926526009673876,0.39330543933054396,1.721545301895803,0.0,239
205,train,pact,3.0,0,0.4934485877536371,0.11462617976510986,0.1910436218493023,0.05096995107299613,0.0,0.014303469530669154,1.538751815402857,1.5551802583319372,0.6008683976144471,1559.409245064069,0.47036604820185623,3.629799274221125,0.07258122363303121,48909.0,0.0,48647.0,0.0,0.0,0.9902313189526483,0.9000000000000004,0.8912081668566461,0.7195299646834873,0.4270022904147355,0.04470806043933739,0.07316388863929894,-0.2020662350487021,0.384136027775305,0.2719665271966527,1.555180257236133,0.0,239
206,train,pact,3.0,0,0.22807283978866633,0.05380343232886787,0.08967238137827956,0.0405096996528833,0.0001901863883229978,0.015418654395399857,1.633527162434167,1.6559654142567304,0.5413354904581812,1229.4639126446457,0.5212111019190385,8.450575945267618,0.04708890100769605,49147.0,0.0,48885.0,0.0,0.0,0.9903592098208152,0.9000000000000004,0.8913232691617191,0.7516612581755612,0.3607606877667896,0.021693525584414602,0.04569153993382707,-0.212184251297003,0.37570847799637974,0.2719665271966527,1.6559654176035534,0.0,239
207,train,pact,3.0,0,0.21562707504729067,0.054523158910334706,0.09087192472087503,0.020540129502448077,0.0,0.015046725745184278,1.657000927246764,1.66473884263298,0.4499781798867501,1134.2488257755294,0.49928472611944047,8.106988529281137,0.0319381571658809,49385.0,0.0,49123.0,0.0,0.0,0.9901865581089483,0.9000000000000004,0.8911678830948834,0.41013509646800367,0.44351906942110564,0.0026690777754083683,0.03424916290103314,-0.19734710334883493,0.19991691148105284,0.4769874476987448,1.6647388465806296,0.0,239
208,train,pact,3.0,0,0.2781775054950136,0.056722133194913975,0.09453688305784377,0.015975656494435903,0.0,0.014699664175370124,1.611576955438159,1.6144558318489266,0.6580444738954679,1141.0197411700772,0.7585849587388617,3.895084595331088,0.04393402966436887,49623.0,0.0,49361.0,0.0,0.0,0.9904641252182518,0.9000000000000004,0.8914176911489734,1.02731255535628,0.4466039055181874,0.023697223054838523,0.04138533506254085,-0.20319653730049153,0.3468352176622452,0.301255230125523,1.6144558266807563,0.0,239
209,train,pact,3.0,0,0.4634686815016611,0.09689215349655919,0.16148691001142643,0.028908330651007935,0.0,0.01393077927388282,1.4796409177979666,1.4997358179990217,0.6081770766978484,1038.705595008499,0.5894765237884043,2.8006268153629543,0.04279649169349879,49861.0,0.0,49599.0,0.0,0.0,0.9899531974453307,0.9000000000000004,0.8909578615152686,0.5707500702903969,0.5705589073190073,0.004525921442629104,0.046626869933465376,-0.2068996607196521,0.459835603430369,0.26359832635983266,1.4997358208958151,0.0,239
210,eval,pact,3.0,0,0.4341484118583851,0.04840990603326767,0.08068317207467604,0.0,0.0,0.006523882192812829,0.9882103818231048,0.9817487033840003,0.7761001654249854,2001.5387271897064,0.5813787280266255,13.862844273635034,0.024633332708008805,50099.0,0.0,49837.0,0.0,0.0,0.9941510842435031,0.9000000000000004,0.8947359518027206,1.0377091538173744,0.5976480386242102,0.015999178780053837,0.02377162509009429,-0.14939181744284533,0.4896287723671326,0.0,0.9817486947480982,0.0,239
211,eval,pact,3.0,0,0.502052641987655,0.04841371675589684,0.08068952317024843,0.0,0.0,0.006013457662383071,0.8819058717045325,0.8803617149965534,0.7198675504289411,5677.453593872581,0.21008371776866114,29.07845935462409,0.016708325458277468,50337.0,0.0,50075.0,0.0,0.0,0.9781741642054155,0.9000000000000004,0.8803567247909482,0.8856453264953839,0.6595877927345067,0.009619267471134663,0.017246784019833393,-0.1268465165455139,0.3146384165702246,0.46443514644351463,0.8803617171474621,0.0,239
212,eval,pact,3.0,0,0.06794360041903054,0.0046243630150688865,0.007707271250525599,0.0,0.0,0.006318825542552701,0.941773668991472,0.942568615141274,0.6559180213317711,12682.717125800864,0.2972318150071918,60.614090951416784,0.00778699446217231,50575.0,0.0,50313.0,0.0,0.0,0.9874455068400714,0.9000000000000004,0.888700935132334,1.2486308292820252,-0.004478768475552508,0.003927915969260913,0.007068501290267092,-0.12710277162225397,0.1757618920442743,0.5230125523012552,0.9425686221227659,0.0,239
213,eval,pact,3.0,0,0.00020369909520827966,1.6451174488035906e-05,2.7418622731111327e-05,0.0,0.0,0.006365054577324056,0.9667711487375044,0.9644884457149266,0.20956382950354818,39925.88070819168,0.2959413528442383,68.40878295898438,0.0014886452816913847,50813.0,0.0,50551.0,0.0,0.0,0.9884591759747541,0.9000000000000004,0.8896132404584765,10.792530668089336,-34.05039201214829,0.00084953986806795,0.0009997605704643985,-0.12442896467009734,0.11038903231549896,0.6234309623430963,0.9644884421930954,0.0,239
214,eval,pact,3.0,0,0.15197705929011698,0.016884214794307996,0.028140356208804326,0.0,0.0,0.0064879639666511925,0.978097222090765,0.9904047936575183,-0.6812517537840614,46145.847165925734,0.1857541091253038,57.11247968474193,0.007356834813424437,51051.0,0.0,50789.0,0.0,0.0,0.9801633296900714,0.9000000000000004,0.8821469794132719,0.6080340540051686,0.5932358570465455,0.0006533063828505368,0.007904084089794683,-0.12218339883474783,0.04638119825514112,0.8075313807531381,0.9904047921646034,0.0,239
215,eval,pact,3.0,0,0.26150266818706364,0.019288898668244688,0.0321481636518869,0.0011411183299379866,0.0,0.006283702375562121,0.9525334089370951,0.9542906606047722,0.0955577607434165,23052.050728131537,0.032176460055186255,44.070037347003506,0.01843749115508533,51289.0,0.0,51027.0,0.0,0.0,0.9846374099474073,0.9000000000000004,0.8861736557972482,0.9674914527646615,0.19336128148720244,0.005253547066265446,0.01607149199555359,-0.12972321689740057,0.1968307664915873,0.4602510460251046,0.9542906627199965,0.0,239
216,eval,pact,3.0,0,0.33479187858415665,0.02212299007342496,0.036871648440378005,0.0,0.0,0.006477534774862324,0.954301016849454,0.9752286296010516,0.025503263263242263,42173.90401085251,0.04595380933920241,39.8773462662637,0.011462693620681622,51527.0,0.0,51265.0,0.0,0.0,0.9748526958740905,0.9000000000000004,0.8773674030932422,0.6768796145890287,0.5369005264784971,0.0017703549861155376,0.011660875910873598,-0.10950119570493269,0.0,1.0,0.975228627652905,0.0,239
217,eval,pact,3.0,0,0.05326771741892722,0.004920788331006125,0.008201313419034338,0.0,0.0,0.006432588118670126,0.9697984953305712,0.9706992000715503,0.17722168253056675,39463.25809852249,0.16356487572193146,18.64219494743826,0.008547732028837421,51765.0,0.0,51503.0,0.0,0.0,0.9879786474435399,0.9000000000000004,0.8891807657405423,0.7177264207932558,0.6261718139671959,0.007663810615419855,0.0076507332093748714,-0.11582065654978779,0.02581678981572153,0.9037656903765691,0.9706991969315862,0.0,239
218,eval,pact,3.0,0,0.05101152724064263,0.002827516799572481,0.004712527736419399,0.0,0.0,0.006277308224556212,0.95800592061366,0.9531058005708032,-0.23620942053794236,52181.45250392259,0.20916921693722573,13.935688332034953,0.004041294050480875,52003.0,0.0,51741.0,0.0,0.0,0.9809245946641746,0.9000000000000004,0.8828321122350055,0.9559235724929961,0.5010118828870325,0.002649337390048356,0.003218159810191792,-0.11681857335453061,0.03222647556307309,0.8702928870292888,0.9531058030461552,0.0,239
219,eval,pact,3.0,0,0.0030419384339404444,0.0002627062908439287,0.000437843806702628,0.0,0.0,0.006246072729215587,0.9635435878981108,0.9597507440894218,-0.9651653563377748,30325.65671172202,0.13773463666439056,12.778756141662598,0.0023825007427978684,52241.0,0.0,51979.0,0.0,0.0,0.9867899223351578,0.9000000000000004,0.8881109006484682,2.484459507104785,-2.467391604343253,0.0014568322890058712,0.0019580678898396915,-0.12117372416298494,0.1057301403602481,0.6485355648535565,0.9597507471380992,0.0,239
220,train,pact,3.0,0,0.0034414877965033177,0.0008125328448456827,0.001354221309225353,0.0,0.0,0.015093553606732495,1.6574683777956782,1.65686478924053,-24.49761281552175,1857.6391392153178,0.13773463666439056,12.778756141662598,0.0018799976428320912,52479.0,0.0,52217.0,0.0,0.0,0.9760773174433529,0.9000000000000004,0.8784695656728545,0.1799693550781569,0.014005984210373468,0.000979334889881673,0.0016797601185857404,-0.20336860592684708,0.291284607851865,0.401673640167364,1.6568647996495498,0.0,239
221,train,pact,3.0,0,0.026644067398029395,0.006273301873878755,0.010455502753224415,0.0,0.0,0.01565441335103315,1.6690658385783559,1.6689193193882579,-0.3109087061743879,1284.6342594673445,0.2868990211681342,2.9783777362631954,0.009335436729400586,52717.0,0.0,52455.0,0.0,0.0,0.9898851905407766,0.9000000000000004,0.8908966460487334,0.4836734823922403,0.16234764851393202,0.004595109279494193,0.008864257875079811,-0.20946197675723122,0.3313748182438648,0.32217573221757323,1.6689193108666307,0.0,239
222,train,pact,3.0,0,0.09659444735923473,0.026691265603917467,0.04448543911204073,0.01255230119288217,0.0003803727766459956,0.01536949026441225,1.6312620126053878,1.6389635262628979,0.30200714925810634,1299.1801783350222,0.2615143386452268,8.787917708752046,0.03233480732839274,52955.0,0.0,52693.0,0.0,0.0,0.9908471232178819,0.9000000000000004,0.8917623990250432,0.660388499766203,0.1748973786022202,0.013773842177761253,0.03089322412832714,-0.20499699060037158,0.3167749784860085,0.3682008368200837,1.6389635370638806,0.0,239
223,train,pact,3.0,0,0.10942612930107716,0.02736443636406354,0.0456073905008612,0.007036896305602964,0.0,0.01562625954558909,1.6251821931934756,1.636256748662334,0.27619293855822735,1201.727705313072,0.3418345563581299,8.5628980248543,0.0314686186265816,53193.0,0.0,52931.0,0.0,0.0,0.990600192895993,0.9000000000000004,0.8915401592414249,0.6639511566654709,0.196817442091466,0.012993031619445015,0.02993167694570364,-0.19965579377278167,0.2646962817887771,0.3807531380753138,1.6362567461905795,0.0,239
224,train,pact,3.0,0,0.5020705397838968,0.12541610102483725,0.209026819994814,0.06295169310090931,0.0,0.016040532888696533,1.6714849065537234,1.6862582646653244,0.5754539955984099,1145.4777793724666,0.5315289572193034,3.7354852826525478,0.06350362928931029,53431.0,0.0,53169.0,0.0,0.0,0.9906870834997009,0.9000000000000004,0.891618354051183,0.7405173518367242,0.4939139907655993,0.0017274323327001184,0.0654405734626475,-0.20932059082769067,0.3211371257307339,0.3514644351464435,1.686258269229651,0.0,239
225,train,pact,3.0,0,0.5013695566800022,0.10275186895537503,0.17125310376967676,0.039558768147703996,0.0,0.01565778977724735,1.6590719726793937,1.6713259878517694,0.6806689014494669,957.9493106858002,0.6078007975632177,3.691143266077321,0.057254193880630334,53669.0,0.0,53407.0,0.0,0.0,0.9896866497135561,0.9000000000000004,0.8907179627957205,0.7791053260467415,0.4872908102883705,0.06981595898313182,0.05796438135853559,-0.20084503505175574,0.23792990889937388,0.39748953974895396,1.6713259749933542,0.0,239
226,train,pact,3.0,0,0.30288375901140147,0.06440000855596645,0.10733334141737204,0.029288703240610066,0.0,0.015506468483375455,1.626787830097406,1.6406505571748422,0.555206891757175,992.1339997487088,0.5860210309218163,4.375848993846064,0.04815404429772643,53907.0,0.0,53645.0,0.0,0.0,0.9897748244357408,0.9000000000000004,0.8907973205195311,0.46492188805924367,0.4935478736595045,0.031020408496260643,0.04979898330412618,-0.1961719233901273,0.20956111457313278,0.401673640167364,1.6406505495450616,0.0,239
227,train,pact,3.0,0,0.42329977726598883,0.09308754144952838,0.1551458918872554,0.03803727697877206,0.0,0.01510900098666798,1.678389000593369,1.6713551347724562,0.504901295925284,1064.1098824345418,0.5930762229853594,1.064942885891663,0.067113506350526,54145.0,0.0,53883.0,0.0,0.0,0.9903506703955359,0.9000000000000004,0.8913155809107186,0.5390642469534457,0.5500783251046746,0.07334550546660815,0.06951625044477099,-0.20097517070176973,0.22680198225466633,0.40585774058577406,1.6713551229982002,0.0,239
228,train,pact,3.0,0,0.4836600335450891,0.11880839937566254,0.19801398523058839,0.03746671800084693,0.0,0.016242376746898168,1.6345450524006928,1.658754112830222,0.74555104147939,1394.4568609133923,0.6803490738988421,4.3240788588962795,0.05887375403561914,54383.0,0.0,54121.0,0.0,0.0,0.9908986562964308,0.9000000000000004,0.891808773433813,0.9634214086953304,0.5657827196036209,0.0362349018822749,0.05700325051704461,-0.2014806770223461,0.2483456482388202,0.34309623430962344,1.6587541111160606,0.0,239
229,train,pact,3.0,0,0.02230692015294469,0.006161682375487053,0.010269469719848481,0.0,0.0,0.015372695888404318,1.6892202179801015,1.686614966791544,0.5250089232143498,1572.1904628865389,0.58403985582635,10.410344358268642,0.01204051689350019,54621.0,0.0,54359.0,0.0,0.0,0.9907504911203264,0.9000000000000004,0.8916754188896722,0.19540969016781312,0.18443453613236427,0.007775096982323029,0.011412324883734464,-0.19706021187104603,0.16107302887326033,0.497907949790795,1.6866149695043968,0.0,239
230,train,pact,3.0,0,7.168495677855786e-07,2.0021019675418206e-07,3.3368360544418504e-07,0.0,0.0,0.015783010629321366,1.651253422433861,1.654603432411928,0.17847734041780888,1423.7930325943057,0.28740307688713074,1.5701979398727417,0.005213771828790741,54859.0,0.0,54597.0,0.0,0.0,0.991070611207555,0.9000000000000004,0.8919635310332645,336.5092555120428,-373.4872147156388,0.004621240054122701,0.004669076811193945,-0.19636210958466796,0.18383334817056887,0.4602510460251046,1.6546034259411049,0.0,239
231,train,pact,3.0,0,0.12646471729623124,0.03508729880016225,0.058478826213933764,0.020159756725802083,0.0005705591649689933,0.015728459299919995,1.6685237889509321,1.6848876201956842,0.3151960730373423,1647.7826647898144,0.38326451587627125,7.274002183431362,0.040105661199521664,55097.0,0.0,54835.0,0.0,0.0,0.9912437203040183,0.9000000000000004,0.8921193288459938,0.7083861742124536,0.15247721297761374,0.014680991565272064,0.03840648659717323,-0.20658532613283015,0.2753790913676964,0.3723849372384937,1.6848876153503887,0.0,239
232,train,pact,3.0,0,0.5012103088587818,0.12394568088427177,0.20657612166389877,0.05458349238878513,0.0,0.015855670996228522,1.6653106095401813,1.66962234470136,0.5065942663527931,1474.8091218700968,0.5106284841895103,2.969899360355473,0.06584526107024993,55335.0,0.0,55073.0,0.0,0.0,0.9907166985288325,0.9000000000000004,0.8916450058067195,0.6777672848779696,0.470576197535455,0.0032130406005308034,0.06738656322217534,-0.19515789559809993,0.16843229769429358,0.48535564853556484,1.6696223419074987,0.0,239
233,train,pact,3.0,0,0.31099300983821715,0.08560861449911031,0.14268101300816752,0.052491441930188294,0.0,0.01636547851278817,1.678097476520299,1.6841112846609938,0.4953787831831178,1763.7313503121732,0.5058168194580153,4.7450181452799045,0.06160657588688649,55573.0,0.0,55311.0,0.0,0.0,0.9912629466675316,0.9000000000000004,0.892136624667435,0.46865673863596236,0.5065020145863957,0.03947768130206636,0.06405857444846044,-0.19857679853749657,0.18107362236268137,0.49372384937238495,1.6841112927832274,0.0,239
234,train,pact,3.0,0,0.45752092677940104,0.10547076682962454,0.17578460159350026,0.041460631719194195,0.0,0.015977688466888466,1.6480045934601308,1.685549186113988,0.46613959899507307,1728.2380743944495,0.5824247104852269,1.2075955718132243,0.07754687566084156,55811.0,0.0,55549.0,0.0,0.0,0.9917917418679433,0.9000000000000004,0.8926125495503637,0.5799827913292446,0.5436785761127555,0.10440837582415444,0.07838887414236448,-0.19682605071189788,0.18089557553636604,0.40585774058577406,1.6855491856569822,0.0,239
235,train,pact,3.0,0,0.0760018663305159,0.017870734583841693,0.02978455559370034,0.0015214911065839823,0.0,0.015958592219660096,1.6674825810987082,1.6759896976678441,0.5605663992620412,1432.4800887486924,0.6091329861884337,7.070024400824782,0.03394711234121658,56049.0,0.0,55787.0,0.0,0.0,0.9906553578676041,0.9000000000000004,0.89158979170492,1.8359882968760823,-0.11484740649411296,0.017953222984877486,0.02883431642359146,-0.20170943575397055,0.2377815365441111,0.3891213389121339,1.6759896954609563,0.0,239
236,train,pact,3.0,0,0.4870875290074779,0.11104535787557758,0.18507558392155252,0.04564473207525628,0.0,0.015154817157179491,1.5830377085937117,1.594659917773562,0.5911639277905101,1212.1498630156577,0.5794184644975423,3.023314726901354,0.0499686242008648,56287.0,0.0,56025.0,0.0,0.0,0.9905991963262837,0.9000000000000004,0.8915392621790514,0.6102227635609416,0.5538166567387375,0.0022585873361094856,0.05274458045225637,-0.19883615329398394,0.30428202617288347,0.33472803347280333,1.5946599085698205,0.0,239
237,train,pact,3.0,0,0.08746965989669216,0.018909212478670213,0.0315153526791322,0.0001901863883229978,0.0,0.015391768540828547,1.640547156832707,1.6491869378788202,0.5127634442251596,1342.9231054074594,0.6844218338383791,2.2692864774161303,0.041138266095361635,56525.0,0.0,56263.0,0.0,0.0,0.9901841038440561,0.9000000000000004,0.8911656717376231,0.2687830874366771,0.2476070324266878,0.03513612661173601,0.038641029402855236,-0.19192884595602439,0.14080536514436628,0.5439330543933054,1.6491869395406582,0.0,239
238,train,pact,3.0,0,0.28232660558694295,0.06359099331193761,0.10598497922986719,0.03499429457856023,0.0,0.01604552363594955,1.6441104636531494,1.6536421992788755,0.3221068495112982,1469.0740522440508,0.4190179606486564,1.509090474958699,0.046932605642700666,56763.0,0.0,56501.0,0.0,0.0,0.990379665436605,0.9000000000000004,0.8913416800139838,0.42741088381373876,0.4443401193087423,0.02215170868813792,0.048557826047997035,-0.19232652391883354,0.14676993382592954,0.5104602510460251,1.6536422057423539,0.0,239
239,train,pact,3.0,0,0.15576161381352116,0.0409747766475505,0.06829129202704425,0.015405097142423047,0.0,0.016904038112127383,1.6516654626096143,1.669746255774877,0.28343122985572494,1473.060925344044,0.48547440521013785,1.2873944460597497,0.054263655139156715,57001.0,0.0,56739.0,0.0,0.0,0.9912388359652403,0.9000000000000004,0.892114936557275,0.37554943401692575,0.3846134989759702,0.04166574826809232,0.05173426084551633,-0.19988605320331856,0.21240986379417787,0.4351464435146444,1.6697462435544015,0.0,239
240,eval,pact,3.0,0,0.4554288766948919,0.04141078226347566,0.069017966477286,0.0,0.0,0.008329489356039334,1.0383154211183971,1.0441766892516962,0.4793951980239677,1555.3766042797135,0.3927199860497,3.0316212047592868,0.026471371995285153,57239.0,0.0,56977.0,0.0,0.0,0.9923152427294264,0.9000000000000004,0.893083706560494,0.7764470243682028,0.6246543085194165,0.03907889843297501,0.026473040885397207,-0.12859415445918143,0.11938039704442269,0.5439330543933054,1.0441766905633736,0.0,239
241,eval,pact,3.0,0,0.19109902345770474,0.017055213423902774,0.02842535367732681,0.0,0.0,0.008478812961040307,1.0683608922998278,1.0667913311694954,0.6207882016273722,8934.004409853884,0.24973197936014152,37.121620530363906,0.009394010798771823,57477.0,0.0,57215.0,0.0,0.0,0.9862454683212056,0.9000000000000004,0.8876209027098811,1.1030085638137777,0.598264710240663,0.004021837963347337,0.00813712673232536,-0.1368441605702197,0.1884625656547672,0.3891213389121339,1.0667913236113713,0.0,239
242,eval,pact,3.0,0,0.48366004122113304,0.06830929532686345,0.11384881917013037,0.0,0.0,0.006933551312864575,1.040025726521863,1.0157276175012149,0.6078923786035642,21877.31691291841,0.11899102756667836,26.83345211300391,0.016177691405280553,57715.0,0.0,57453.0,0.0,0.0,0.984061081663834,0.9000000000000004,0.8856549443809557,0.8442722084330302,0.7815363749774344,0.003643423643742883,0.017631583214858273,-0.15998395926088213,0.491201519332918,0.29707112970711297,1.0157276122571943,0.0,239
243,eval,pact,3.0,0,0.0349310103396663,0.0030683588962065527,0.00511393106729328,0.0,0.0,0.007896131054580088,1.069489411978542,1.0643885193010754,0.5570531759925467,32926.3367873954,0.15892930528359434,50.419444906162916,0.00706445190141749,57953.0,0.0,57691.0,0.0,0.0,0.9835450397375737,0.9000000000000004,0.8851905104754859,0.8065021414952254,0.4843239386996432,0.005034102052701889,0.005424811948523331,-0.12375687554588538,0.052286417994599245,0.8242677824267782,1.0643885254390242,0.0,239
244,eval,pact,3.0,0,0.2781775054950136,0.028291272975111192,0.047152118440634654,0.007607455345876047,0.0003803727766459956,0.008539722156886276,1.0908900980670082,1.1047005521203683,0.544293883829436,21211.160953026934,0.25722468411355087,64.93091384536551,0.017250392901629334,58191.0,0.0,57929.0,0.0,0.0,0.9877077465775621,0.9000000000000004,0.8889369485767317,0.8283773877439627,0.5019740594467587,0.005961347719555539,0.016806977821482837,-0.143464483661278,0.20608920145998397,0.37656903765690375,1.104700560027063,0.0,239
245,eval,pact,3.0,0,0.2781775054950136,0.027033519524498294,0.04505586350141773,0.004944846096397943,0.0,0.008238055867972983,1.049722186192309,1.0612961011451658,0.509380394320109,32730.94507959597,0.16196397481735594,41.241573056416534,0.018750664910056072,58429.0,0.0,58167.0,0.0,0.0,0.9844247091514795,0.9000000000000004,0.8859822188959959,1.0363118083673957,0.387844184606285,0.004162944704953548,0.01702711280926314,-0.13958852001937874,0.21546633431259088,0.28451882845188287,1.061296099887106,0.0,239
246,eval,pact,3.0,0,0.4085878752840285,0.057625083097572236,0.09604180095247936,0.0,0.0,0.008222480717594405,1.112854148802897,1.1146231859797713,0.4803778680049226,55254.60743004707,0.09224834568958917,40.745730475900565,0.020884832460579372,58667.0,0.0,58405.0,0.0,0.0,0.9838438541569969,0.9000000000000004,0.8854594374052152,0.6560353238639268,0.6556583040963766,0.002487013851537202,0.023513351275807705,-0.13587333353994793,0.10854921511024061,0.6150627615062761,1.1146231870270435,0.0,239
247,eval,pact,3.0,0,0.3991743668428696,0.05074857882631112,0.08458096010368558,0.0,0.0,0.008579812207450178,1.0976107275136844,1.108919988865633,0.3274779245569117,48146.17105779289,0.031488104730700316,39.94157582047594,0.03240263339416533,58905.0,0.0,58643.0,0.0,0.0,0.9836194494029967,0.9000000000000004,0.8852574905092248,0.7642257229904089,0.643154526960676,0.03493513332472907,0.031284405386161104,-0.13061885844335616,0.027567583607822188,0.8577405857740585,1.1089199885860628,0.0,239
248,eval,pact,3.0,0,0.5008256440260959,0.04288721937589639,0.07147869501723754,0.0,0.0,0.008457611254552792,1.0783055097986964,1.0803022579169173,0.5301874534043807,21062.965260525627,0.04816438146486256,38.03348136247451,0.018033236159970323,59143.0,0.0,58881.0,0.0,0.0,0.9816203071233119,0.9000000000000004,0.8834582593401107,1.0520114131216847,0.5852888818484813,0.0031005055438179303,0.015476973057104952,-0.1365736477961934,0.16920383394165997,0.45188284518828453,1.0803022531553712,0.0,239
249,eval,pact,3.0,0,0.2947040708871606,0.031433249088253255,0.05238874624310065,0.0019018638832299778,0.0,0.008582302710142719,1.1269006826388785,1.1388686738253637,0.5514047881549372,26336.32663359702,0.16371356477672586,63.59773828793769,0.01923194767275989,59381.0,0.0,59119.0,0.0,0.0,0.9889873757521976,0.9000000000000004,0.8900886183004499,0.8222901592466293,0.48230723464184255,0.0058159894532088295,0.018358858577930466,-0.1400445962942475,0.12881687883913467,0.5774058577405857,1.1388686750782133,0.0,239
250,train,pact,3.0,0,0.046663172881091675,0.009267386674323138,0.015445643673568358,0.0,0.0,0.01525636385954823,1.6929178432440657,1.6933385577660724,-0.056494283398309385,2603.4756354806814,0.1807281433538413,81.58428420282308,0.010453174130846921,59619.0,0.0,59357.0,0.0,0.0,0.9780997776087358,0.9000000000000004,0.8802897789238886,0.23054520167010992,0.2034573327363285,0.0029504346198209836,0.009778087204185833,-0.20148668517504423,0.23080803584676102,0.4100418410041841,1.6933385470203777,0.0,239
251,train,pact,3.0,0,0.27817753698797626,0.05407267512591678,0.09012112045216386,0.015405097080075092,0.0,0.014983321707617788,1.5323222194755426,1.5425377458209273,0.1970303553715738,1277.9224419374345,0.34594434562088555,1.5252260732850271,0.03645766642486295,59857.0,0.0,59595.0,0.0,0.0,0.9903910319675462,0.9000000000000004,0.8913519125603233,0.41413930921546616,0.4319616315516742,0.010846507416180937,0.03820595451899528,-0.20498665428238225,0.381346627496365,0.28870292887029286,1.5425377336548636,0.0,239
252,train,pact,3.0,0,0.4722936973789786,0.08760365715952731,0.1460060868702229,0.016926588186659076,0.0,0.014872503772798817,1.5529475286914713,1.562862116921397,0.7530866567061038,1064.0292230709827,0.6323167745288945,4.405481702613033,0.0447588512366131,60095.0,0.0,59833.0,0.0,0.0,0.9890796437423099,0.9000000000000004,0.8901716635316984,0.9890001946182659,0.5748483143054539,0.031452315393835306,0.04329283890571586,-0.1979649190748519,0.3515534585596012,0.23430962343096234,1.5628621067353137,0.0,239
253,train,pact,3.0,0,0.06283617998029117,0.01236504589080948,0.02060840840245135,0.0009509319416149889,0.0,0.01547256914438937,1.6655388531824535,1.6644556008622238,0.5010224954852499,1527.479585144809,0.4280086163373929,9.262553728275218,0.015335122822583204,60333.0,0.0,60071.0,0.0,0.0,0.990087061496958,0.9000000000000004,0.8910783397103952,0.19393650361863612,0.18499374661707646,0.0065285572832921345,0.015010569114082153,-0.19336664562344608,0.1522597109706519,0.5146443514644351,1.6644555987076592,0.0,239
254,train,pact,3.0,0,0.3756273159996906,0.09140140858989866,0.15233566881687538,0.044123241280412076,0.0,0.01574981974819714,1.5739512962277464,1.6085990577562084,0.3518792832246884,1313.330419819724,0.4669709393918265,1.1716369470293053,0.048013306579895505,60571.0,0.0,60309.0,0.0,0.0,0.9909364339198029,0.9000000000000004,0.8918427672845051,0.5121144582725121,0.5483522487916987,0.016356640378944576,0.05237025603706555,-0.1991719523898621,0.2809578919255764,0.3891213389121339,1.608599060587552,0.0,239
255,train,pact,3.0,0,0.29059125512998374,0.06463072171410893,0.10771786412063433,0.013122860731938893,0.0,0.015906723935125888,1.6454848896509433,1.6639742956001888,0.6880992915341047,1227.6671551181682,0.612422571396728,6.07420914941253,0.046861507595715474,60809.0,0.0,60547.0,0.0,0.0,0.9906855873981779,0.9000000000000004,0.8916170103280614,1.1213128420654876,0.4810608636423367,0.025913364027457482,0.0427909696086945,-0.20149273528550757,0.24692127362829758,0.3723849372384937,1.663974293027911,0.0,239
256,train,pact,3.0,0,0.06794362143753681,0.015431164715584722,0.025718606974817298,0.0,0.0,0.015435619743455154,1.6551447672823982,1.6488884058956321,0.4830489465382309,1328.3322130785825,0.46001933084870983,8.096663910474737,0.014185939767949816,61047.0,0.0,60785.0,0.0,0.0,0.9900451050642644,0.9000000000000004,0.8910405758035732,0.22707582619609043,0.23768760410468626,0.0030502033985719797,0.014310337240755594,-0.19735839630631358,0.20193477551262648,0.48535564853556484,1.6488883990800545,0.0,239
257,train,pact,3.0,0,0.17120400338753217,0.040992268142705054,0.06832044291714665,0.010650437559044011,0.0,0.015702456189124653,1.6175138808194562,1.6389892091312168,0.1938159109627103,1270.0878009875948,0.45198735713210564,1.2008597568986805,0.03448848807541303,61285.0,0.0,61023.0,0.0,0.0,0.9905367216804536,0.9000000000000004,0.8914830275659282,0.3762618565883302,0.4026216239195378,0.015387745187182328,0.03511545737030444,-0.1908328973360547,0.14513783791803914,0.5439330543933054,1.6389892039473035,0.0,239
258,train,pact,3.0,0,0.34633044898022886,0.08230584044064002,0.13717639314390184,0.0410802589425482,0.0,0.015469161022033651,1.613413205954819,1.6382375661299318,0.3885412473060097,1242.7287074132944,0.46381099459765845,1.447490891901519,0.060239966900310006,61523.0,0.0,61261.0,0.0,0.0,0.9911269051759313,0.9000000000000004,0.8920141919886218,0.5128750064358433,0.5281825775518061,0.04746410562074743,0.06217729719940215,-0.19559289826155885,0.21157897860470637,0.41422594142259417,1.638237560854179,0.0,239
259,train,pact,3.0,0,0.4870875290074779,0.10500793501984186,0.17501321653353863,0.03860783608139309,0.0,0.015855948442678944,1.5629298961312201,1.5975830856726259,0.5614935900376931,1186.6500890245,0.634534043747012,1.2785602056082324,0.0686196054674872,61761.0,0.0,61499.0,0.0,0.0,0.9903458888061875,0.9000000000000004,0.8913112858848093,0.7097360678219461,0.5367153746709036,0.10034201093949377,0.06777897189764859,-0.19826929053164263,0.3050832368913024,0.3179916317991632,1.5975830776448312,0.0,239
260,train,pact,3.0,0,0.4918546215835647,0.11419777337990937,0.1903296116384603,0.04146063178154215,0.0,0.016227103785366195,1.640490475060052,1.668887406213513,0.613919115839643,1183.6794977547236,0.6381945157400235,1.892841282998169,0.06596282245903022,61999.0,0.0,61737.0,0.0,0.0,0.9912730719753888,0.9000000000000004,0.8921457439286938,0.6716790641146783,0.5614570733123116,0.09527656622231007,0.06707619338308043,-0.19601886632077592,0.18445651206267247,0.46443514644351463,1.6688874004270622,0.0,239
261,train,pact,3.0,0,0.350115003503633,0.07662170390439806,0.12770283062803262,0.03594522683191499,0.0,0.01483279870526873,1.556617262722558,1.5920816565158478,0.5402386722205573,1163.8765833387813,0.6557792528653245,2.016943542528352,0.06063597269208174,62237.0,0.0,61975.0,0.0,0.0,0.9910352018088975,0.9000000000000004,0.8919316652429653,0.5129281222736168,0.5272766964298037,0.05396406631426592,0.06169756361630172,-0.19779953047573312,0.29710080417816553,0.3723849372384937,1.5920816487676472,0.0,239
262,train,pact,3.0,0,0.5000638219418426,0.12060118507104554,0.20100196361923264,0.032902244681094976,0.0,0.016297189811065357,1.649390856092445,1.660212655945303,0.717759600992482,1034.1771472627647,0.5067634479645405,3.4593079174911625,0.06646631804594934,62475.0,0.0,62213.0,0.0,0.0,0.9909778920676419,0.9000000000000004,0.8918800750536898,0.9648618395490712,0.4871702285565017,0.04938813489861786,0.06423635777304237,-0.21126916333691464,0.35707291017537623,0.28451882845188287,1.660212646028453,0.0,239
263,train,pact,3.0,0,0.02979833591694332,0.007901848420195957,0.01316974715642177,0.0,0.0,0.015679344624499148,1.6347907681844225,1.6343626537083582,0.5167533569505524,1154.4222641948875,0.46530856210816357,7.00399299695402,0.01686767653501729,62713.0,0.0,62451.0,0.0,0.0,0.9901625317010919,0.9000000000000004,0.8911462610735554,0.22782069513477063,0.22343664483526982,0.012206239007819603,0.015913247403096423,-0.1943668630316836,0.19169708299949553,0.45188284518828453,1.634362651464726,0.0,239
264,train,pact,3.0,0,0.08746963563609224,0.016556538685656517,0.02759422887509755,0.0003803727766459956,0.0,0.015442183868624426,1.6230917924617623,1.6215563808026174,0.3636261576389169,954.1325170285533,0.5250862344288926,5.87963237248704,0.019642305004880005,62951.0,0.0,62689.0,0.0,0.0,0.9896561635588004,0.9000000000000004,0.8906905299450064,0.7944975391423942,0.22417716211362348,0.008905937935888448,0.0186001008542578,-0.2002007226562161,0.29140330573607526,0.3472803347280335,1.6215563809564024,0.0,239
265,train,pact,3.0,0,0.007217873016016257,0.0018324628305194264,0.0030541045855909535,0.0,0.0,0.01564968000536309,1.6484388227742088,1.6474839773138197,-0.18122769482862439,1039.17261431706,0.011090050878151316,3.5728289467520296,0.003833696940255246,63189.0,0.0,62927.0,0.0,0.0,0.9901861226708321,0.9000000000000004,0.8911674898039845,0.4341683810515283,0.10932163778695259,0.0022666158656647895,0.003594468513309564,-0.20430012451831137,0.31410427609127867,0.33472803347280333,1.647483970864058,0.0,239
266,train,pact,3.0,0,0.0010625928217568533,0.0002994252513170098,0.0004990420781712098,0.0,0.0,0.015392033174774262,1.6271409499595355,1.626484892358341,-4.677809376098122,1106.7408539201426,0.006525659933686256,3.591886043548584,0.0011561553603284234,63427.0,0.0,63165.0,0.0,0.0,0.9900923244125175,0.9000000000000004,0.8910830701744207,0.23830799697537622,-0.07503973300050526,0.0008045725520167604,0.0010690894964320715,-0.19902843940130732,0.2562687320098519,0.4225941422594142,1.6264848838497592,0.0,239
267,train,pact,3.0,0,0.15576161381352116,0.040832602100354394,0.06805433095188053,0.01559528346839809,0.0,0.015874324771712016,1.6433013917013193,1.6433393800607785,-13.136070239938265,1148.126172692207,0.13095392376402681,2.8733152348127327,0.025790209399647553,63665.0,0.0,63403.0,0.0,0.0,0.9900858334916406,0.9000000000000004,0.8910772269240982,0.35789521840661415,0.3879799121727926,0.001200077851077825,0.027345749008498267,-0.1961186686648705,0.20154900738894332,0.4811715481171548,1.6433393890254167,0.0,239
268,train,pact,3.0,0,0.478391402922768,0.10329623583323509,0.17216038178685647,0.030620007522435367,0.0,0.01423940089020769,1.5040734452682558,1.51634209899224,0.7536776332675662,996.5119618691161,0.723261524194454,2.8245676090028993,0.050832717488500365,63903.0,0.0,63641.0,0.0,0.0,0.9902206317650224,0.9000000000000004,0.8911985518044507,0.9105101348158118,0.5778092281819004,0.032782126000111406,0.05054709040968987,-0.20044751100304592,0.4151161755541708,0.19665271966527198,1.5163420986053378,0.0,239
269,train,pact,3.0,0,0.1371777911142497,0.03550474441900219,0.0591745710046487,0.01217192847858413,0.0,0.015277509655507289,1.5969090990441615,1.5958621626618517,0.5572755308081415,1031.1847695067338,0.5713284327395292,5.202927439282629,0.029400586218292588,64141.0,0.0,63879.0,0.0,0.0,0.990337189770144,0.9000000000000004,0.8913034487468927,0.37854861372060383,0.38776103111709814,0.011034224293276516,0.029942181158643295,-0.1960524153392896,0.25460696163090896,0.37656903765690375,1.5958621541007096,0.0,239
270,eval,pact,3.0,0,0.4967134153445068,0.08094752596435344,0.13491253556108768,0.0,0.0,0.008056839509130647,0.9371843370433631,0.9086410226183457,0.6807027955434313,1799.3009140461559,0.30415936500208146,6.7251632577704585,0.023174469735255176,64379.0,0.0,64117.0,0.0,0.0,0.9913070785450636,0.9000000000000004,0.8921763463000373,0.8334749233672782,0.756565765768674,0.026503478675814613,0.024684815015838673,-0.11173790835875168,0.04543161518145939,0.7824267782426778,0.9086410199953522,0.0,239
271,eval,pact,3.0,0,0.34251425579287914,0.08502167627060368,0.1417027874346813,0.0013313046559130298,0.0,0.00829964086499112,0.9550342188220643,0.9365281672158501,0.7977759588712429,7711.440441945607,0.13814107578629667,86.24624090713436,0.025049346483070948,64617.0,0.0,64355.0,0.0,0.0,0.987281228707924,0.9000000000000004,0.8885530849380971,1.0030285022654237,0.7498279330179808,0.008225263695270974,0.0245122936944902,-0.13492293285894708,0.33048458411228826,0.2301255230125523,0.9365281730346124,0.0,239
272,eval,pact,3.0,0,0.24895398218523726,0.023068712771419086,0.038447851980084095,0.0,0.0,0.008095559348434086,0.9265921433849813,0.9277004259151395,0.7248702156493854,22964.459000719144,0.17251072237930537,96.71283346439505,0.009181541573864147,64855.0,0.0,64593.0,0.0,0.0,0.9821515307765626,0.9000000000000004,0.8839363605407491,0.7233375957789289,0.7214116770517398,0.004187438506536031,0.009794519539088572,-0.11234390185914894,0.02083147867889255,0.9205020920502092,0.9277004272241395,0.0,239
273,eval,pact,3.0,0,0.09659447261740192,0.00971796269544307,0.016196603735297077,0.0,0.0,0.007102519261093506,0.9086839427010285,0.9135922735954428,0.443926928058329,30972.690830118987,0.19154163986146372,20.765748889875212,0.009854698216612744,65093.0,0.0,64831.0,0.0,0.0,0.9840905628942546,0.9000000000000004,0.8856814859053082,0.5546066137654524,0.4877614791381334,0.005635138292200281,0.009033631405522307,-0.11853343061033508,0.10032938662868332,0.6861924686192469,0.9135922733125058,0.0,239
274,eval,pact,3.0,0,0.03674999346555246,0.003919464524686297,0.006532440532126613,0.0,0.0,0.007123395210233318,0.9032772253247984,0.9020184178731432,-0.4976228147893209,59742.45778308054,-0.028275391492197703,30.580328769763643,0.007927807597891587,65331.0,0.0,65069.0,0.0,0.0,0.9866216644083605,0.9000000000000004,0.8879594776670304,0.6161816849171425,0.5553894785055431,0.006351399421122472,0.006766943160929643,-0.11735063871106166,0.11273331552865073,0.6359832635983264,0.9020184180553432,0.0,239
275,eval,pact,3.0,0,0.05794354536329254,0.00585077196126682,0.009751285905648992,0.0,0.0,0.007001341795977439,0.9343979585619651,0.9359006839317258,-0.4324659266232447,68133.61066618723,0.05108895608142143,85.37357308375786,0.006375684577749582,65569.0,0.0,65307.0,0.0,0.0,0.9834638448689274,0.9000000000000004,0.8851174460295353,0.9414139931664144,0.2622501981750156,0.002520573102660349,0.005249619569432645,-0.1371582841340862,0.32371880471230596,0.2719665271966527,0.9359006818153879,0.0,239
276,eval,pact,3.0,0,0.4891325045084395,0.04545901781757379,0.07576502529673425,0.0,0.0,0.009505706968830283,0.9183524297121678,0.9207870442747571,0.5159945174911407,31367.294578648012,0.21968432225941614,46.80643073285474,0.014937633469264378,65807.0,0.0,65545.0,0.0,0.0,0.9737797192449849,0.9000000000000004,0.8764017261720601,0.8579469457723228,0.6995409998463622,0.007110794258647059,0.01565711579780449,-0.11230889848453371,0.06006112941036828,0.8075313807531381,0.9207870477681691,0.0,239
277,eval,pact,3.0,0,0.49905009486198143,0.12059006872727097,0.20098343613106895,0.0,0.0,0.00813478952328281,0.9673343565174726,0.9480288190821723,0.7123807208558007,28770.507538735616,0.13682446339865173,49.41896768593888,0.02643057091403207,66045.0,0.0,65783.0,0.0,0.0,0.9865882446576362,0.9000000000000004,0.887929408869484,0.9474984543900197,0.7902653940901639,0.008564025538204156,0.027830714840640678,-0.13262632370030636,0.2868927861360872,0.5146443514644351,0.9480288164196776,0.0,239
278,eval,pact,3.0,0,0.42045798061068984,0.03643753893609976,0.06072922881926635,0.0,0.0,0.008065443125526152,0.9727238612444331,0.98069616391569,0.718659365650999,16060.082182433316,0.19981722444077665,32.28577521455836,0.022136509359549247,66283.0,0.0,66021.0,0.0,0.0,0.9849340394451029,0.9000000000000004,0.8864406152749161,0.9255214298812847,0.49046629058463775,0.010263721169148749,0.02040570675810433,-0.14898252809824258,0.4719427876198105,0.0,0.9806961703134083,0.0,239
279,eval,pact,3.0,0,0.02096458594954064,0.0024351894646399207,0.004058649043480001,0.0,0.0,0.007762893276468356,0.9358591262765509,0.9341860017018339,0.721257759936185,33859.279427628135,0.2524982553022177,21.047553916356552,0.00368845540271277,66521.0,0.0,66259.0,0.0,0.0,0.9864680422898616,0.9000000000000004,0.887821218957462,1.5179469478363743,-0.04661193805241304,0.0012558433018713595,0.0028316317408425525,-0.13411618802098177,0.2976052701860589,0.3598326359832636,0.9341859983821829,0.0,239
280,train,pact,3.0,0,0.2864649582486312,0.06648276945278092,0.11080460978107368,0.02681628037945496,0.0001901863883229978,0.015942039229287514,1.6016434211611248,1.6186033113232217,0.5987672702288528,2360.2505531470647,0.5202910764548132,7.341451942172509,0.05156290197304633,66759.0,0.0,66497.0,0.0,0.0,0.9808186048244333,0.9000000000000004,0.8827367140658231,1.0344162302636366,0.40200431002913506,0.022717018603338853,0.046286699713780605,-0.2002297607984546,0.2839550135018843,0.32217573221757323,1.618603316528192,0.0,239
281,train,pact,3.0,0,0.4918546215835647,0.11087334233336577,0.1847888905258248,0.0372765312384362,0.0,0.015697219820155383,1.5887149011240844,1.6037975195561494,0.5951203743783001,969.490711164275,0.5943942198132371,3.4101903358762735,0.05022304177734315,66997.0,0.0,66735.0,0.0,0.0,0.9901157560208851,0.9000000000000004,0.8911041619887412,0.6672919585563534,0.5554919310932426,0.005726483025188957,0.05212973109612078,-0.1932894288537002,0.22460607139677735,0.39748953974895396,1.603797530152078,0.0,239
282,train,pact,3.0,0,0.5020920332959219,0.1101725220365879,0.18362085969796124,0.02814758478597617,0.0,0.013462421404408237,1.406108690605004,1.4136642045555754,0.7205106092297382,1053.2938395863298,0.69854098708061,3.184078644758488,0.06033574550502221,67235.0,0.0,66973.0,0.0,0.0,0.9905942528816447,0.9000000000000004,0.8915348090387288,0.9576293049756249,0.4523521438041972,nan,0.05971204271836199,-0.19995886337918647,0.49378319831449,0.1799163179916318,1.41366419474941,0.0,239
283,train,pact,3.0,0,0.39917434158470244,0.08865961349876374,0.14776601505512202,0.039178395371057995,0.0,0.015906669606676783,1.5568604950625526,1.5787002501627392,0.6652652735989463,1086.4663024646966,0.6793124746827401,3.9741807991490705,0.05853249636092944,67473.0,0.0,67211.0,0.0,0.0,0.990055865573085,0.9000000000000004,0.8910502676684487,0.8045170166901575,0.46885538129361914,0.03016275218055572,0.057857667298590036,-0.19713405043170798,0.3011958811834179,0.2719665271966527,1.5787002485660684,0.0,239
284,train,pact,3.0,0,0.4367288415779668,0.1074705536139164,0.17911757512045667,0.060859642954052245,0.0,0.015245827661133585,1.526837927028225,1.5533420002111331,0.6326172656095178,1150.2057768370817,0.47587497220627933,6.590355178302302,0.07030290597854923,67711.0,0.0,67449.0,0.0,0.0,0.9909135534673555,0.9000000000000004,0.8918221802392265,0.7874485966842834,0.44945789086687327,0.03498455919736229,0.06949611720882325,-0.1991885127843551,0.36894269859639756,0.24686192468619247,1.5533419949919531,0.0,239
285,train,pact,3.0,0,0.001494409176462552,0.00032878045601734724,0.0005479674065979023,0.0,0.0,0.015214543795470289,1.6250977877792454,1.6239389732293006,0.49116638365150994,923.9535078104569,0.4713495373725891,13.276001930236816,0.00599685629681688,67949.0,0.0,67687.0,0.0,0.0,0.9901571246370611,0.9000000000000004,0.8911413934440293,0.3336745384443114,-0.06306567769713634,0.005452839951665663,0.005388285730739911,-0.19668988508735738,0.22677230778361374,0.45188284518828453,1.623938975028064,0.0,239
286,train,pact,3.0,0,0.0003611348120901913,6.973726603555177e-05,0.00011622877613734844,0.0,0.0,0.015358518698022829,1.6270970245784298,1.6267930181954195,0.2313201936679331,873.7212539736696,0.4713495373725891,13.276001930236816,0.0012176552336313762,68187.0,0.0,67925.0,0.0,0.0,0.9895917154755054,0.9000000000000004,0.8906325321317218,1.152332709147695,-0.15794510208506485,0.0010703701937018195,0.001097027319374472,-0.20802730569523586,0.3736609394937535,0.3138075313807531,1.6267930119792369,0.0,239
287,train,pact,3.0,0,0.0008817244371400257,0.00018476619403509748,0.00030794365268634635,0.0,0.0,0.01596959824108803,1.6360842717741324,1.636116579736127,-2.5833656306546104,1044.7860531348065,0.4713495373725891,13.276001930236816,0.0011748262597705522,68425.0,0.0,68163.0,0.0,0.0,0.9900836074202629,0.9000000000000004,0.891075230542586,0.3521901846902213,-0.10628967072221274,0.0009305514723913737,0.0010731557430133222,-0.20138514085921097,0.27695183833348164,0.37656903765690375,1.6361165911974198,0.0,239
288,train,pact,3.0,0,0.3756273159996906,0.0838356075221641,0.13972600372140717,0.03556485411761695,0.0,0.015307854190780528,1.631269347218789,1.6311298955434537,-7.110502326159609,1063.0653247274615,0.4837914486924697,6.774828661934602,0.04192679462958363,68663.0,0.0,68401.0,0.0,0.0,0.9900935801003269,0.9000000000000004,0.8910842006675369,0.46293140147552203,0.5046341803558545,0.0009715877126242586,0.046297343474789615,-0.1930521497675902,0.18226060120478352,0.5062761506276151,1.631129896043867,0.0,239
289,train,pact,3.0,0,0.3720951933817057,0.08011747414093406,0.13352911580006557,0.03404336307338092,0.0,0.015153004002667746,1.5785106328241996,1.616996883348441,0.41251155995923605,1222.8874228250033,0.6394940916464419,0.9901779959890135,0.06686117335721445,68901.0,0.0,68639.0,0.0,0.0,0.9905997669347659,0.9000000000000004,0.8915397639553916,0.5075843126037367,0.5198356662707637,0.06583108153884833,0.06711859370008984,-0.19045298537103544,0.18665242292056142,0.4686192468619247,1.6169968870529965,0.0,239
290,train,pact,3.0,0,0.3685238404330022,0.0875840649046592,0.14597343161010362,0.045074172723243426,0.0,0.015916906349812965,1.558508343277616,1.5792733822407583,0.4816496097891899,995.4485108443384,0.6435912695389912,1.0175313615399924,0.06668579105529389,69139.0,0.0,68877.0,0.0,0.0,0.9909936835576301,0.9000000000000004,0.8918942961233929,0.5502901933840505,0.5489873264428854,0.06248055367420117,0.06769728905494056,-0.19037345057397068,0.21935369002047533,0.401673640167364,1.5792733886189305,0.0,239
291,train,pact,3.0,0,0.41756536128392996,0.09116230556566551,0.15193716799874427,0.03252187184210103,0.0,0.01552212090235375,1.5719882828421174,1.597549855709076,0.47281893713703715,1282.6150400329334,0.5898469323643082,1.2591116772535955,0.07101631543314607,69377.0,0.0,69115.0,0.0,0.0,0.9913714897183694,0.9000000000000004,0.8922343356340001,0.5784004909319759,0.5166277962210132,0.07065392209837834,0.07026560292832522,-0.18997616839180329,0.19282471289949257,0.4309623430962343,1.5975498658723006,0.0,239
292,train,pact,3.0,0,0.09350415801189335,0.021457546680778945,0.03576257585941923,0.0017116774949069802,0.0,0.015540936042137724,1.6127589634272843,1.6235759190934473,0.5784354267260021,1153.0823456193614,0.6179983845315717,6.7367477529218505,0.03497456330864468,69615.0,0.0,69353.0,0.0,0.0,0.9911617222690183,0.9000000000000004,0.8920455288188727,1.7127539183189744,-0.012302730300346232,0.01758197155240229,0.03004153044874854,-0.20117376802741524,0.2972491765334283,0.35564853556485354,1.6235759207475955,0.0,239
293,train,pact,3.0,0,3.583932445953487e-06,8.632442095632583e-07,1.438740126020957e-06,0.0,0.0,0.01530641419657167,1.6246324488308639,1.6243588390709467,0.40117595410247225,1000.5644592540533,0.5815724730491638,7.905296802520752,0.001634950199267105,69853.0,0.0,69591.0,0.0,0.0,0.9901796444689379,0.9000000000000004,0.8911616640110894,61.414623507993156,-66.78327823813483,0.0014246756171381282,0.0014649062266844377,-0.19412434841312148,0.20911599750734444,0.46443514644351463,1.6243588391946726,0.0,239
294,train,pact,3.0,0,0.43414843287689137,0.10440965084730519,0.17401607317090614,0.05439330643689782,0.0,0.0146120646520358,1.51222494930403,1.5193684033768946,0.343817183395232,1128.3574530310211,0.5582511086468916,3.750615693784658,0.04224200717608141,70091.0,0.0,69829.0,0.0,0.0,0.9906395539080248,0.9000000000000004,0.8915755796133225,0.5759963548540604,0.5982954163851167,0.0009356359747682185,0.04753993514495998,-0.19045089622868844,0.28997893112555273,0.3723849372384937,1.519368405566133,0.0,239
295,train,pact,3.0,0,0.4653420529930334,0.10683275400550422,0.17805457928496016,0.0325218721538408,0.0,0.01375039116085885,1.4467706947147099,1.4307956984851151,0.547333844910107,1150.7782498283866,0.6554991437052085,1.0499781547231155,0.06302790458520649,70329.0,0.0,70067.0,0.0,0.0,0.9905278560506748,0.9000000000000004,0.8914750475264992,0.7413093193709199,0.6213761343918384,0.08094368363645944,0.0623385579321362,-0.19824920291247514,0.4626546781803613,0.18828451882845187,1.430795696257449,0.0,239
296,train,pact,3.0,0,0.2781775054950136,0.06326785873741406,0.10544642629223037,0.026055534888510923,0.0,0.015195320073951612,1.5931396806090448,1.610208403864665,0.7330099518827814,939.7096353315409,0.7278695223720503,5.026129010082787,0.04543037988171449,70567.0,0.0,70305.0,0.0,0.0,0.9896959403069947,0.9000000000000004,0.8907263331333464,1.0661379843594194,0.5142693573111732,0.0277886952776297,0.04215733721369106,-0.20907238041201093,0.41182230926733726,0.2719665271966527,1.6102083986589177,0.0,239
297,train,pact,3.0,0,0.4738973789959445,0.10803444310660483,0.18005739394145498,0.048877901050834976,0.0,0.014869149409967112,1.5108760777377683,1.5229450616377667,0.6597460032008183,882.7208249399353,0.5922561790404459,3.126157998290521,0.04476764643463505,70805.0,0.0,70543.0,0.0,0.0,0.9899601582203948,0.9000000000000004,0.8909641232450637,0.6266098814148293,0.5969562513644067,0.00522269835928455,0.04824766931153257,-0.18532160258931468,0.22407193091783142,0.40585774058577406,1.5229450556931226,0.0,239
298,train,pact,3.0,0,0.00791006892580767,0.0032385577368011765,0.005397595983146199,0.0,0.0,0.01571455360370762,1.6077659327115972,1.6223950839940473,0.5529407106932237,1087.146172814788,0.6567434735876746,9.38010539669372,0.03265462820729919,71043.0,0.0,70781.0,0.0,0.0,0.9915270366429285,0.9000000000000004,0.8923743112815474,4.839853976049329,-3.4761897581946926,0.018704747767660065,0.028779697598145193,-0.20067648620313006,0.2850529689308288,0.41422594142259417,1.622395081425904,0.0,239
299,train,pact,3.0,0,0.5010294404741651,0.1197406646505324,0.199567764562995,0.04963864629238719,0.0,0.01650983940178692,1.5981224421177949,1.6232066349005598,0.661887810569428,1029.569808129985,0.6065031172216687,3.1467212189191556,0.06983893431107432,71281.0,0.0,71019.0,0.0,0.0,0.9908654994046838,0.9000000000000004,0.8917789309593425,0.7436187834214106,0.4634509512183965,0.0749711983371526,0.07064501019233689,-0.19452129853532094,0.2102139529362889,0.4351464435146444,1.6232066433824877,0.0,239
300,eval,pact,3.0,0,0.00484126768363289,0.0008877333284582929,0.0014795554718498294,0.0,0.0,0.0070752301302087735,0.8106880357574718,0.8119964118283164,0.5448378673657214,3112.995583506309,0.5323449355164332,9.827814704703487,0.005037816822973069,71519.0,0.0,71257.0,0.0,0.0,0.9971411345394087,0.9000000000000004,0.8974269957721982,0.17699540546188605,-0.04580959477236313,0.0041583453295181315,0.00460929029658203,-0.10099460753231988,0.06893379625508175,0.7740585774058577,0.8119964096212601,0.0,239
301,eval,pact,3.0,0,0.11274788101110218,0.012870698061503911,0.021451162683158782,0.0,0.0,0.006902638403893639,0.815968590052058,0.8188204742874561,0.48006910185434826,20199.98784813023,0.10501400911284291,15.642585203737395,0.009096704105112046,71757.0,0.0,71495.0,0.0,0.0,0.9829021810737115,0.9000000000000004,0.8846119430274644,0.6219483562044893,0.38658887371483974,0.001608669476944112,0.008918746856526398,-0.097398396018768,0.002195910857888958,0.9874476987447699,0.8188204773600424,0.0,239
302,eval,pact,3.0,0,0.42329975400295616,0.029310516496989902,0.04885085860724419,0.0,0.0,0.006852407707875618,0.8059868214020669,0.81288293764681,0.31873006938087706,31102.29086035565,0.15142789559446618,38.209581211521034,0.016145355992650448,71995.0,0.0,71733.0,0.0,0.0,0.9848913877080175,0.9000000000000004,0.886402231005944,0.873398230067708,0.49812253825466724,0.004196266353462045,0.015474614548929441,-0.10233654141501136,0.0327902905130716,0.7740585774058577,0.8128829374934474,0.0,239
303,eval,pact,3.0,0,0.4909922425595826,0.0476649488886491,0.0794415774425448,0.0,0.0,0.00701342456561034,0.7018606485682053,0.697719750918105,0.5993394900939455,35728.21016932531,0.15461005982027143,53.300464753825295,0.01751881224107169,72233.0,0.0,71971.0,0.0,0.0,0.9786170662447,0.9000000000000004,0.8807553329727141,0.912594752184119,0.651331098728435,0.005308373701862163,0.016775224766027667,-0.08582483625142202,0.025520045105196,0.895397489539749,0.6977197505108115,0.0,239
304,eval,pact,3.0,0,0.43414843287689137,0.07147701401565473,0.11912834905185062,0.0,0.0,0.00630779527848641,0.7638261048863623,0.744048775738752,0.6918155321516253,35512.11795976072,0.1542604943400319,69.67035641929594,0.018038265243422037,72471.0,0.0,72209.0,0.0,0.0,0.9859462587404451,0.9000000000000004,0.8873516117927919,0.7897023967846027,0.7751954629241666,0.005099942064101713,0.01989780797498402,-0.09153920367171409,0.031187869076233717,0.9163179916317992,0.7440487711023352,0.0,239
305,eval,pact,3.0,0,0.4891325118103957,0.032874718799621595,0.05479119532058397,0.0,0.0,0.0074486755376299806,0.7672112389588456,0.7771179773318717,0.8224853758532632,24682.965121600417,0.19944663772897242,24.129834350681705,0.015771333522759536,72709.0,0.0,72447.0,0.0,0.0,0.9824521810938623,0.9000000000000004,0.8842069376961457,0.8174045439469407,0.6451627236801982,0.021620340770919268,0.015742795291029416,-0.08801323523071233,0.0,1.0,0.7771179755183115,0.0,239
306,eval,pact,3.0,0,0.10291766645305227,0.016524801126529782,0.02754133422626426,0.0,0.0,0.007264342077201131,0.8089364590006394,0.8203449917637653,0.6863145080071613,49305.74186470319,0.07932045553892726,133.39148315525455,0.014621341418354113,72947.0,0.0,72685.0,0.0,0.0,0.9908424837818705,0.9000000000000004,0.891758212733967,1.1810828874965495,0.4646959428149865,0.007835756678611654,0.012633580822111828,-0.10689843522618292,0.07486869046559244,0.698744769874477,0.8203449938927339,0.0,239
307,eval,pact,3.0,0,0.0001001795120615216,1.6120115958291073e-05,2.686685867469746e-05,0.0,0.0,0.00694073869157037,0.8127547223198863,0.8128789738132365,-0.09658440798888493,95347.27934590743,0.060551717877388,163.48367309570312,0.0020645087895131667,73185.0,0.0,72923.0,0.0,0.0,0.9891952344812609,0.9000000000000004,0.8902756969549666,1.9198105743061928,-1.6743936777669535,0.001419017005838245,0.0014173856614426432,-0.10301722325600203,0.08359298495504318,0.6778242677824268,0.8128789758082491,0.0,239
308,eval,pact,3.0,0,0.32300139925731,0.02353078759541208,0.03921797775379582,0.0,0.0,0.006598989167503982,0.7915161925379701,0.8053489432175289,-0.22629860713376534,109958.04728360356,0.11169757709982629,93.98911992875104,0.010634086790609575,73423.0,0.0,73161.0,0.0,0.0,0.9759443674750906,0.9000000000000004,0.8783499129334753,0.689900720839792,0.5620485849965555,0.0006077153946035632,0.011015368178613469,-0.09102549553407542,0.0,1.0,0.8053489419572697,0.0,239
309,eval,pact,3.0,0,7.168495677855786e-07,5.852579378822982e-08,9.75429794992706e-08,0.0,0.0,0.006980299641802969,0.7983737046748525,0.802603163729153,0.14447449418914868,76582.20141703714,0.23951254785060883,14.064187049865723,0.007483248221863326,73661.0,0.0,73399.0,0.0,0.0,0.992552558248512,0.9000000000000004,0.893297279978397,6096.668397097454,-9300.102072875758,0.005997638688657526,0.006329342584071143,-0.09855489137607357,0.0058755452684055905,0.8493723849372385,0.8026031679711815,0.0,239
310,train,pact,3.0,0,0.1229728398538705,0.028620455144298364,0.047700756560683746,0.0043742868690809945,0.0,0.015288945353710752,1.600361561176667,1.5995577700966073,-1.2693928522077316,3460.9780564567536,0.2613878377156028,10.743932463633964,0.02109824457345506,73899.0,0.0,73637.0,0.0,0.0,0.9787217250179546,0.9000000000000004,0.8808495302579393,0.31351061038819467,0.3270101079975789,0.0019119069609970258,0.021435470325733723,-0.18576866513360615,0.1340989346864892,0.5397489539748954,1.5995577765403335,0.0,239
311,train,pact,3.0,0,0.2531380826036473,0.0552490713124289,0.09208178017179763,0.020540129440100124,0.0,0.014891179077810448,1.5316981129566496,1.5456681560771734,0.3247759640840307,1291.5031023225026,0.42559891103700614,1.4886645891676389,0.046953867647453955,74137.0,0.0,73875.0,0.0,0.0,0.9914284183889254,0.9000000000000004,0.8922855517355468,0.47460587474961996,0.45492699820704685,0.030249621186937605,0.0474696061622632,-0.19429386232564652,0.28558710940977483,0.4476987447698745,1.5456681504456384,0.0,239
312,train,pact,3.0,0,0.15576158431569304,0.03377812620750789,0.056296874460001686,0.003803727704112001,0.0,0.015477732412330027,1.622014276153373,1.6349710241022468,0.5575345333151239,1544.1647780669782,0.6383832290332188,6.037392558911854,0.036658202128964146,74375.0,0.0,74113.0,0.0,0.0,0.991070576791484,0.9000000000000004,0.8919634976147608,1.182468932530776,0.28402670595714097,0.018660467320734023,0.033145844132666746,-0.19755104261014175,0.2278109142704531,0.4309623430962343,1.6349710234540251,0.0,239
313,train,pact,3.0,0,0.4417291690690918,0.09916010925644894,0.16526683758667604,0.04260175017382809,0.0,0.015270051108010768,1.5933377989665234,1.6067329782322362,0.5174567498671958,1207.767998986663,0.5801205651904748,3.644231417687867,0.044482486155692676,74613.0,0.0,74351.0,0.0,0.0,0.9897227529202545,0.9000000000000004,0.8907504550582694,0.5286983926784746,0.5598507350694997,0.0027103398751933128,0.04918253687371122,-0.19530726404645884,0.24772248434671654,0.40585774058577406,1.6067329763863885,0.0,239
314,train,pact,3.0,0,0.01609831423724945,0.006346676654262623,0.010577793748837177,0.0,0.0,0.015738055583432504,1.6273606132762701,1.644037490110517,0.49354297009970854,1258.8361512507354,0.6467722803977742,9.026808771378825,0.03455701844803755,74851.0,0.0,74589.0,0.0,0.0,0.9918762492834274,0.9000000000000004,0.892688601086828,3.57577271462324,-2.0575337611022393,0.01633021629220251,0.030009808929181155,-0.20041757194337997,0.2687913587940295,0.45188284518828453,1.6440374826241384,0.0,239
315,train,pact,3.0,0,0.007217877699358381,0.0016368316365024157,0.0027280524810829694,0.0,0.0,0.015291825057665923,1.6437041295622183,1.6422511678360496,0.2970212096948504,1272.5556732560801,0.6211543279898716,9.089830945725222,0.002758486373731175,75089.0,0.0,74827.0,0.0,0.0,0.9898996380582514,0.9000000000000004,0.890909658316289,0.17632453824953706,0.09714079313973334,0.0013194077202150277,0.0026358515518280544,-0.1919477889520662,0.15374343452327963,0.5355648535564853,1.6422511654514025,0.0,239
316,train,pact,3.0,0,0.4986505481252782,0.11616750414371584,0.1936124935965385,0.053822746586101325,0.0,0.014509615240906945,1.4645838637731066,1.4753866392698247,0.49838100431587307,1154.796319043786,0.395275680448527,1.4795623823189836,0.05121486064116763,75327.0,0.0,75065.0,0.0,0.0,0.9898106136581389,0.9000000000000004,0.8908295396980381,0.6943317928045422,0.5643918569841359,0.005443045432912186,0.05382799181724786,-0.18125595075805062,0.23264785305201935,0.4351464435146444,1.4753866444110095,0.0,239
317,train,pact,3.0,0,0.37911919344205136,0.0860251374799046,0.14337521765301214,0.03499429476560409,0.0,0.01614648120470002,1.599368004619327,1.6236767055599262,0.7371061272202176,1168.3065645225877,0.6232387909829367,4.104865205213116,0.052755800453813506,75565.0,0.0,75303.0,0.0,0.0,0.991576379063738,0.9000000000000004,0.8924187299596714,0.9664833396042009,0.5221003836180762,0.02865657442377816,0.051098035572478585,-0.19919098041425537,0.2551411021098549,0.3891213389121339,1.623676706254271,0.0,239
318,train,pact,3.0,0,0.016098320915726126,0.004648905276188386,0.007748175071237977,0.0,0.0,0.015614435622258166,1.6224735646068302,1.6211495319669715,0.5236701047570137,1252.2219184652033,0.4636218724265757,6.899934908336177,0.00721440497764131,75803.0,0.0,75541.0,0.0,0.0,0.990288199739975,0.9000000000000004,0.8912593570214435,0.18916556189445272,0.16173872736647577,0.0035822465887200322,0.006933982214740883,-0.19048701778468707,0.16496038458114481,0.5104602510460251,1.6211495330556263,0.0,239
319,train,pact,3.0,0,0.36126752409238416,0.08470946847027408,0.14118243721469645,0.0452643594233062,0.0,0.015297735406078055,1.5422807325877903,1.5508646678226263,0.4116617031551305,1048.1002733557793,0.2530519592899159,1.549630786335119,0.04167739223059516,76041.0,0.0,75779.0,0.0,0.0,0.9901695690394445,0.9000000000000004,0.8911525933812353,0.5210872462563226,0.5519117646814582,0.008639836929353845,0.04568180904789949,-0.18877312590611375,0.24068963470726132,0.39330543933054396,1.550864663688435,0.0,239
320,train,pact,3.0,0,0.08163405268523204,0.020093298141846884,0.033488828779824634,0.0003803727766459956,0.0,0.01560959105173352,1.6141341789995776,1.6146541282721643,0.40491843173693415,1175.6270889856826,0.6567242684848139,0.8886780771251502,0.05032210834382811,76279.0,0.0,76017.0,0.0,0.0,0.9911192483482999,0.9000000000000004,0.8920073045347525,0.3389987882283732,0.32664790220209083,0.04679770642242423,0.04646613073309252,-0.19727474909396658,0.24089735600462922,0.46443514644351463,1.614654126525093,0.0,239
321,train,pact,3.0,0,0.38597856810663256,0.08428186618510146,0.14046976885912504,0.03461392180191423,0.0,0.014399957494365994,1.521961664554963,1.5360478419639076,0.42317282436532455,939.4963437643012,0.4476587638944762,1.1999748326744495,0.04845702887617956,76517.0,0.0,76255.0,0.0,0.0,0.9902994685093229,0.9000000000000004,0.891269512256319,0.5640622216047705,0.563918245367647,0.029458731604630455,0.051634349439402254,-0.19008582343027994,0.2666844713492982,0.39748953974895396,1.5360478462744864,0.0,239
322,train,pact,3.0,0,0.4977520082539135,0.10599202580915783,0.17665336626815287,0.03537466741755418,0.0,0.01561871378109732,1.5925901050846947,1.6120879091478293,0.7686264372769759,789.8476225402065,0.7103154917391773,2.8578263143365854,0.059103448103692495,76755.0,0.0,76493.0,0.0,0.0,0.9902860050919664,0.9000000000000004,0.8912573865766804,0.9788550873363311,0.49862665813276597,0.04903570347680496,0.05704931612418785,-0.1968197872765642,0.2482566248256625,0.45188284518828453,1.6120879073205017,0.0,239
323,train,pact,3.0,0,0.19109902345770474,0.04526349639416359,0.07543915365728543,0.021681247957081973,0.0,0.015995928023992474,1.62228595836392,1.6419572029652456,0.5181072395466362,983.1631403328485,0.5659407074231981,6.039118362769921,0.04405750008884459,76993.0,0.0,76731.0,0.0,0.0,0.9913374711778872,0.9000000000000004,0.892203702338071,0.8001273495660925,0.29474422862112115,0.019365554473904978,0.04208853302541029,-0.19880292405446123,0.23801893231253157,0.4602510460251046,1.641957209088069,0.0,239
324,train,pact,3.0,0,0.08746963563609224,0.01761991244433885,0.029366519049145612,0.0003803727766459956,0.0,0.015647378987847013,1.6105548430187433,1.6100209637167064,0.30007150912634,1066.5995386355094,0.47346990841546066,3.8328107101647926,0.022020536855059954,77231.0,0.0,76969.0,0.0,0.0,0.9901651917142349,0.9000000000000004,0.8911486487508319,0.650106731525723,0.11211865995314829,0.008351736297071026,0.0210515420779656,-0.19831062189219695,0.2752900679545387,0.40585774058577406,1.6100209549820315,0.0,239
325,train,pact,3.0,0,0.02819465429997744,0.005725589090764679,0.009542647863332856,0.0,0.0,0.015131733440657665,1.5944636319471703,1.5971628200558938,-0.02195710775191081,1060.0131927873301,0.43942018490767876,2.322450005858513,0.008321284292429924,77469.0,0.0,77207.0,0.0,0.0,0.9897679053091105,0.9000000000000004,0.8907910927070235,0.3908308721856166,0.12182528095318379,0.0037268261783913385,0.00792813305677281,-0.19645670541301125,0.2609869729072079,0.36401673640167365,1.597162818889134,0.0,239
326,train,pact,3.0,0,0.478391402922768,0.11309561780695297,0.18849268156729948,0.04317230940114504,0.0,0.015870166811936197,1.6189145755069525,1.6481255736809894,0.5642376622598166,906.392269884692,0.5603980441075053,4.5604344042774025,0.07347829227246126,77707.0,0.0,77445.0,0.0,0.0,0.9908728671871967,0.9000000000000004,0.8917855570505853,0.7474592584978876,0.4210796807738899,0.036428063691772046,0.0727831180398372,-0.2045944079960199,0.29508294014659187,0.3807531380753138,1.6481255699074755,0.0,239
327,train,pact,3.0,0,0.08163405268523204,0.0203499255676662,0.03391654109450942,0.0,0.0,0.014846542776098561,1.5716457329534586,1.5693692467701486,0.46618155542776674,1013.5898672447045,0.47619320165412693,9.398729611141412,0.01910092391363037,77945.0,0.0,77683.0,0.0,0.0,0.9903954940859743,0.9000000000000004,0.891355923030167,0.37353309794136474,0.38518042218602555,0.008535007679496298,0.01917941138322687,-0.1878181502264261,0.2022908691652571,0.4602510460251046,1.5693692455343324,0.0,239
328,train,pact,3.0,0,0.42045798061068984,0.09245333873659395,0.15408888550188585,0.042982122202298634,0.0,0.015570409820029302,1.5884064291311608,1.6090474096302207,0.6735029265471583,958.9156095752157,0.6737800168193036,3.522011447526421,0.05961077705719294,78183.0,0.0,77921.0,0.0,0.0,0.9905750983429753,0.9000000000000004,0.8915175693304469,0.8361557591092966,0.4655401327802615,0.02943778844122347,0.059114261474811074,-0.2016998623355194,0.31514288257811807,0.3807531380753138,1.6090473973008756,0.0,239
329,train,pact,3.0,0,0.12646471729623124,0.03545994121402248,0.059099898649421986,0.01179155563959018,0.0,0.01612297085671058,1.6280129883578631,1.6466860392103635,0.40800401630760735,1329.8147141205218,0.4711195079913698,6.297419942323134,0.03801101140744174,78421.0,0.0,78159.0,0.0,0.0,0.9912215032338099,0.9000000000000004,0.8920993370989875,0.746548628714174,0.22762066629115152,0.015043597777886008,0.036337827409278586,-0.2008599172240377,0.25579394047301107,0.4393305439330544,1.6466860312402567,0.0,239
330,eval,pact,3.0,0,0.1870741706890581,0.030972624768673615,0.05162103671452569,0.013883606035839064,0.0,0.009681555461021585,0.8194514470619138,0.8602233908166447,0.30678593364220785,3678.093673386833,0.1912275779121419,13.806261908060337,0.03374868172813191,78659.0,0.0,78397.0,0.0,0.0,0.9969562209799698,0.9000000000000004,0.8972605743667571,0.7082916580834216,0.09167001359282234,0.008934338999636195,0.03227360820919899,-0.10953931710085894,0.020445710555209353,0.9707112970711297,0.8602233921635343,0.0,239
331,eval,pact,3.0,0,0.40549756067851994,0.1323556873695646,0.22059280103301823,0.0015214911065839823,0.0,0.008775990180647834,0.7991834479894598,0.8147497693365089,0.7716579852493238,16308.00527915795,0.021520545964312417,164.95204029522182,0.041175974794043904,78897.0,0.0,78635.0,0.0,0.0,0.98904879098158,0.9000000000000004,0.8901438907599349,0.996435374554077,0.7527020346816815,0.022627252159946706,0.03975078930189856,-0.11149317213705603,0.13967773524436927,0.6276150627615062,0.8147497716687655,0.0,239
332,eval,pact,3.0,0,0.0020282095075691135,0.00024203988224338346,0.0004033997751755112,0.0,0.0,0.008817510660854655,0.8045583773856383,0.8071234645205063,0.6742250460461093,53920.80653438807,-0.09714286774396896,326.7636413574219,0.005498717851726393,79135.0,0.0,78873.0,0.0,0.0,0.9954570741334221,0.9000000000000004,0.895911341930533,8.522792655273408,-9.640394892988612,0.0028647561770221686,0.004718362888083579,-0.0986267624104224,0.0013650256684174607,0.99581589958159,0.8071234616289048,0.0,239
333,eval,pact,3.0,0,0.48708752257839305,0.12181135296411554,0.20301891229308802,0.008368201023863948,0.0,0.0068709213066472045,0.7294928679655786,0.6912043776721635,0.7368341636956985,29270.100986368987,0.007733240634958926,76.25973142041322,0.041875980786636284,79373.0,0.0,79111.0,0.0,0.0,0.9847958677732794,0.9000000000000004,0.8863162600345691,0.9122365606500762,0.6806899664712571,0.01583901485428214,0.04158923918747628,-0.09530355166681766,0.14786788925487404,0.6652719665271967,0.6912043814245229,0.0,239
334,eval,pact,3.0,0,0.41756536128392996,0.10298189556364773,0.1716364844008746,0.0,0.0,0.007221512019119876,0.7859254484396101,0.7209620095446518,0.706852353018198,27816.311629674423,0.04146268220314421,99.78166207110034,0.02174442206610727,79611.0,0.0,79349.0,0.0,0.0,0.9909341756768805,0.9000000000000004,0.8918407379832727,0.7925399619962695,0.8142793107174133,0.006750101745128631,0.025734923375189834,-0.09162751842677862,0.14083503961541885,0.694560669456067,0.7209620084428269,0.0,239
335,eval,pact,3.0,0,0.17909066453400735,0.042202748301807716,0.07033791055587872,0.0,0.0,0.00765114269418073,0.7682793796311861,0.7386501850443405,0.8258687666769307,31898.63267357479,0.10501261587375502,26.307902352081683,0.022570760798870458,79849.0,0.0,79587.0,0.0,0.0,0.987308467282411,0.9000000000000004,0.8885775951660827,0.836518922239967,0.6428233482992252,0.0111782986944351,0.022025058681153103,-0.08739064624706494,0.06472002136561916,0.8619246861924686,0.7386501895726246,0.0,239
336,eval,pact,3.0,0,0.5020526421234931,0.13230266872469884,0.2205044348286046,0.00950931929145398,0.0,0.00692378356760547,0.7314974476104003,0.6933775277317319,0.6740085096040032,17035.714210414488,-0.02738741892710217,57.74652817458787,0.042667208116688615,80087.0,0.0,79825.0,0.0,0.0,0.987804951777518,0.9000000000000004,0.8890244437062091,0.9570287887871959,0.7001681621041017,0.105861347168684,0.042793923844758684,-0.09541545384994568,0.19914537523368642,0.6150627615062761,0.693377525227192,0.0,239
337,eval,pact,3.0,0,0.3190210646045298,0.05607421183638995,0.09345701507766507,0.003803727704112001,0.0,0.007711446917105357,0.7420701582810869,0.7266488959350347,0.667647525855188,22005.975810669457,-0.018701433978471165,69.48608807041056,0.02530481041288276,80325.0,0.0,80063.0,0.0,0.0,0.9918500165061472,0.9000000000000004,0.8926649896669587,0.8617448399541184,0.606349200624285,0.00673148815194597,0.025728260568795125,-0.09426292333439427,0.010475088281551382,0.9748953974895398,0.7266488973086374,0.0,239
338,eval,pact,3.0,0,0.31501783161268476,0.08735085563796521,0.14558475299389284,0.005325218810695983,0.0,0.007974736429517114,0.7370183048886734,0.7485024871686512,0.7870654778001698,26197.00981057139,-0.002881823188457716,124.5983522087959,0.029500289699335477,80563.0,0.0,80301.0,0.0,0.0,0.9887972957918335,0.9000000000000004,0.8899175477327164,1.0361219510530097,0.7079532458547195,0.008204405350485243,0.026299286181707262,-0.09930532801878476,0.0340069438262263,0.8702928870292888,0.748502491712052,0.0,239
339,eval,pact,3.0,0,0.5019461374421663,0.09953349726608574,0.16588915326538428,0.0,0.0,0.006099437249465904,0.7007362222821144,0.6619436328131784,0.7635976208303763,23177.721242481693,0.09787346958085333,62.55077677690833,0.029770647625684363,80801.0,0.0,80539.0,0.0,0.0,0.9838676654644092,0.9000000000000004,0.8854808752506846,0.8818378526309474,0.7058080620122715,0.013084354344755411,0.030444295474846367,-0.08394138261537681,0.0029377726342027953,0.9205020920502092,0.6619436343417054,0.0,239
340,train,pact,3.0,0,0.04666315660102996,0.012583031171587619,0.0209717174942297,0.0,0.0,0.014991463052896026,1.554717511312732,1.5613704396092243,0.5572738041438817,2151.9901855979506,0.30914765107737674,12.31423445625784,0.02554876513625242,81039.0,0.0,80777.0,0.0,0.0,0.985906089948311,0.9000000000000004,0.8873154535951974,1.8815549123948014,-0.3362318410983549,0.01039659702960485,0.021091478274722103,-0.19183927715133958,0.2641918157808837,0.40585774058577406,1.5613704489268911,0.0,239
341,train,pact,3.0,0,0.022306911853421187,0.00498603307983008,0.00831005476606585,0.0,0.0,0.015610058242494092,1.624305271703329,1.624912953526405,0.3421538490256505,879.8996796548117,0.49052745552741334,2.9094986287120994,0.007822499559399726,81277.0,0.0,81015.0,0.0,0.0,0.9898645720721289,0.9000000000000004,0.8908780960358337,0.5173546983946397,0.14020169820910744,0.0039171920911351054,0.007408150288843351,-0.20519555276218884,0.34354135137541175,0.3305439330543933,1.6249129561020361,0.0,239
342,train,pact,3.0,0,0.048809969762233514,0.013280303753806141,0.02213383780880763,0.0007607455532919912,0.0,0.01527232312788275,1.5827088700178777,1.588898495151408,0.22915573176542087,848.4049789875621,0.24054680862873168,7.091181452803033,0.018771398097722866,81515.0,0.0,81253.0,0.0,0.0,0.9904007627375455,0.9000000000000004,0.8913606672107425,0.7761288113323338,0.10191941821833905,0.00820507927179033,0.017537669812779186,-0.19562100927792167,0.24698062257040268,0.40585774058577406,1.5888984883081754,0.0,239
343,train,pact,3.0,0,0.3859785423496817,0.0877201647603839,0.14620026513577583,0.04374286837907017,0.0011411183299379866,0.015080537781446673,1.547821555177537,1.565396169239507,0.5552949423913427,945.2800882890135,0.45239570306684185,5.2475195389911224,0.06463981043375935,81753.0,0.0,81491.0,0.0,0.0,0.9905299644091139,0.9000000000000004,0.8914769476427693,0.7852340774117083,0.379648751993405,0.025683024350334618,0.0633019308489455,-0.19501826811823342,0.3141339505623313,0.3054393305439331,1.5653961694170455,0.0,239
344,train,pact,3.0,0,0.03316622928357742,0.008305837034298229,0.013843060897811312,0.0,0.0,0.014910039795897745,1.614684778526737,1.6081143470488832,0.40136659793773954,1148.5177826821555,0.49011518927797615,7.6895286483245915,0.010624949034658032,81991.0,0.0,81729.0,0.0,0.0,0.990958422547105,0.9000000000000004,0.891862562261366,0.19174551559240194,0.1753992783479844,0.004332358805870798,0.010360586126705157,-0.18479492301116188,0.1178373245496899,0.6192468619246861,1.6081143493167591,0.0,239
345,train,pact,3.0,0,0.48708752257839305,0.11576402110955945,0.19294002390860931,0.050399391720983275,0.0,0.01617602994626536,1.5767167432537637,1.605084352164089,0.6566223346289232,1134.9058674449202,0.603176580812143,2.9874161097793897,0.06893287152519535,82229.0,0.0,81967.0,0.0,0.0,0.9911677061763269,0.9000000000000004,0.8920509136870316,0.7889116071975307,0.4576317142814914,0.03280574282398448,0.06938307987385776,-0.19370029651785284,0.22689100566782397,0.45188284518828453,1.6050843471453864,0.0,239
346,train,pact,3.0,0,0.22391449630794566,0.05716518655365891,0.09527530458672498,0.03233168551612599,0.0001901863883229978,0.015449192355460951,1.5562047013179028,1.5723378758051405,0.5524889335472714,1320.4997333861793,0.33045038923808223,9.274915039289946,0.04906395090564649,82467.0,0.0,82205.0,0.0,0.0,0.9914215526321443,0.9000000000000004,0.8922793755471456,0.8156288856082218,0.38244210552658664,0.0232908193018317,0.04669467944877854,-0.19539738170954343,0.2772485830440073,0.3807531380753138,1.5723378854323589,0.0,239
347,train,pact,3.0,0,0.5005976261530134,0.13126211006331623,0.21877016981378494,0.05496386516543113,0.0,0.01604503259125115,1.6256685990169957,1.633846807679372,0.623286805641701,1169.6086157635166,0.5205823222650644,3.761161889241829,0.06530435360426465,82705.0,0.0,82443.0,0.0,0.0,0.9907967557966959,0.9000000000000004,0.8917170600911065,0.7216914572807822,0.5069501624331592,0.006888403298540248,0.0661814969586341,-0.19421038749190497,0.19169708299949553,0.4811715481171548,1.6338468057688635,0.0,239
348,train,pact,3.0,0,0.41462239765982967,0.10137892796894646,0.16896486800859553,0.04735640969485917,0.0,0.016082356824192793,1.614633539730535,1.638466371153189,0.5522397633127588,1456.6819825751013,0.48597936045425205,5.674145389550899,0.06733225314453181,82943.0,0.0,82681.0,0.0,0.0,0.9913276678348685,0.9000000000000004,0.8921948773591588,0.5199253384823395,0.526377166182751,0.054460119774663134,0.07027814788626952,-0.19332680094897925,0.17700821982848153,0.5188284518828452,1.6384663657570224,0.0,239
349,train,pact,3.0,0,0.48485144005920816,0.1109995927238982,0.1849993094358952,0.04336249541538031,0.0,0.016940454278281544,1.6008133359533971,1.6391538990092578,0.5581461133817249,1178.71679227821,0.5707470469145596,1.287050711809342,0.07381569265259359,83181.0,0.0,82919.0,0.0,0.0,0.9917123881344018,0.9000000000000004,0.8925411329608582,0.6586142855337233,0.5284851777906506,0.10316536455814328,0.07258589027807989,-0.19064687058761795,0.14801626161013678,0.47280334728033474,1.6391539074201633,0.0,239
350,train,pact,3.0,0,0.41162969583010295,0.09269873160993411,0.15449787685436178,0.04031951338925621,0.0,0.01579705906338273,1.5361566054771136,1.591429349767613,0.5447035266016318,1119.0337480999935,0.6301830136626335,1.5844737363659687,0.06598313895315244,83419.0,0.0,83157.0,0.0,0.0,0.9913353800274837,0.9000000000000004,0.892201822921322,0.5339043650030709,0.5478343295266785,0.06666742744190353,0.06842850969137944,-0.1904458852918219,0.20905664856523934,0.39330543933054396,1.5914293441810703,0.0,239
351,train,pact,3.0,0,0.39594290426846546,0.09281217428671355,0.15468694733150856,0.04203119107120706,0.0,0.016248820803545134,1.5631491080487623,1.6038073373638935,0.48776909197723517,1086.058710712768,0.6371045275961504,1.089332083029727,0.07081480068641727,83657.0,0.0,83395.0,0.0,0.0,0.9913881687938418,0.9000000000000004,0.8922493318134771,0.5321063076670471,0.5224153062617676,0.06609064571150555,0.07163543168603438,-0.18968108058935218,0.17656310276269324,0.48535564853556484,1.6038073454519353,0.0,239
352,train,pact,3.0,0,0.05794356438666426,0.013996172564243143,0.023326953550529186,0.0,0.0,0.016229979621799794,1.6027794719739938,1.6418479616173143,0.3307809594036645,1337.862388451229,0.7160295176954947,0.7858410382869353,0.04397374187366234,83895.0,0.0,83633.0,0.0,0.0,0.9916751923421436,0.9000000000000004,0.8925076506127873,0.32434299545580064,0.27560196896975797,0.03957762799878744,0.03931441486552046,-0.1909102156220745,0.15519748360485475,0.5188284518828452,1.641847955643223,0.0,239
353,train,pact,3.0,0,1.0033001283974734e-05,3.2714861126082742e-06,5.4524770268593685e-06,0.0,0.0,0.015709050510187776,1.5940156940635777,1.5976451099168307,0.19064998229240773,1010.4848211440083,0.4560272991657257,1.191813349723816,0.0123719594990065,84133.0,0.0,83871.0,0.0,0.0,0.9909603224139832,0.9000000000000004,0.8918642678520171,230.7545908473009,-255.4175772712457,0.010439974985305432,0.011060568390908031,-0.19048274164220366,0.20098519243894478,0.502092050209205,1.597645112045258,0.0,239
354,train,pact,3.0,0,0.09046236122763525,0.022977247754900735,0.03829541114838972,0.002662609436521969,0.0,0.015415367368359321,1.5792561669728746,1.5830426714909127,-0.15176204715467692,903.4402363669424,0.4219128023521297,1.231965467022054,0.016468146934274952,84371.0,0.0,84109.0,0.0,0.0,0.9898689144824838,0.9000000000000004,0.8908820055019906,0.3039221415123607,0.3149977637554424,0.0009662003575175293,0.01713552775715573,-0.1853631792207747,0.15926288613905457,0.5062761506276151,1.5830426686383974,0.0,239
355,train,pact,3.0,0,0.17513455355801244,0.042791617938849384,0.07131936003974884,0.012742487830596987,0.0,0.01684168495323556,1.5967951529195619,1.6187927620680262,0.5382765987926946,1163.0451057466005,0.6013771528728836,6.4956111533871255,0.040530461383492505,84609.0,0.0,84347.0,0.0,0.0,0.9920260983530946,0.9000000000000004,0.8928234664466091,0.9758963164132675,0.3553887044983115,0.020057525178687512,0.038285177051007875,-0.18951671830892447,0.1506276150627615,0.5271966527196653,1.6187927595757072,0.0,239
356,train,pact,3.0,0,0.03145542497177721,0.006799012860915259,0.011331687570867619,0.0,0.0,0.015062892793923243,1.5993010306956879,1.597879208780233,0.2745679477268682,1337.4176674048772,0.5601953089735997,7.752999446880867,0.007228045870216805,84847.0,0.0,84585.0,0.0,0.0,0.9903868292166099,0.9000000000000004,0.8913481312815614,0.1936441445361166,0.17789743266196834,0.001874424143629597,0.007172574288047125,-0.183826753714264,0.11543369239443306,0.6276150627615062,1.59787920136785,0.0,239
357,train,pact,3.0,0,0.3756273159996906,0.08895302154546336,0.14825502676721497,0.039178395371057995,0.0,0.015478522526528921,1.6295922732752237,1.6178402514138481,0.3026385199303922,1022.3827100937336,0.25881133791230715,1.4115402591278363,0.046733364764850384,85085.0,0.0,84823.0,0.0,0.0,0.9903067592297637,0.9000000000000004,0.8912760590409634,0.4791240832212586,0.5184383378566686,0.00944773660872174,0.05104339299976794,-0.19508451143192745,0.22917593993887062,0.502092050209205,1.6178402475633644,0.0,239
358,train,pact,3.0,0,0.11952211124389958,0.025645934211200535,0.04274322174440911,0.0030429821508200098,0.0,0.016658390297410255,1.598383427913219,1.638744760756712,0.3006924828475489,1133.1535736467051,0.477045425435988,1.2637065509373173,0.05330919829600541,85323.0,0.0,85061.0,0.0,0.0,0.9909864327398803,0.9000000000000004,0.8918877722827959,0.3283779577359325,0.31576551797128494,0.04884229600733889,0.04960839481971706,-0.1911519932135893,0.15671088162853497,0.5146443514644351,1.6387447698226323,0.0,239
359,train,pact,3.0,0,0.03145542497177721,0.006551640125245555,0.010919399599348161,0.0,0.0,0.016034999667475913,1.6089990543022314,1.6147249991923696,0.22215768071398076,1020.3056796405106,0.44507493733362175,1.120898097628829,0.021395613471529285,85561.0,0.0,85299.0,0.0,0.0,0.9905849248794332,0.9000000000000004,0.8915264072777337,0.21724329695086503,0.17047465332595013,0.018230218508773866,0.019805324984768943,-0.19127408432707865,0.16872904240481912,0.5439330543933054,1.6147250023559598,0.0,239
360,eval,pact,3.0,0,0.137177762364597,0.0343680147938563,0.05728002092160811,0.008748573800509944,0.0,0.009082629055049753,0.6964406165368388,0.7321336172115853,0.50775783007115,2928.8139140236826,0.22007426027224153,5.934806609752288,0.02506331265874784,85799.0,0.0,85537.0,0.0,0.0,0.9967235049942048,0.9000000000000004,0.89705113511704,0.9021962098922538,0.43329938035780047,0.008093203877325397,0.02343471589737872,-0.09916424671242431,0.018843289118371465,0.9456066945606695,0.7321336153122461,0.0,239
361,eval,pact,3.0,0,0.0008817244371400257,0.00015165927852725582,0.0002527654556828847,0.0,0.0,0.010542897357523565,0.7965534868100697,0.7998551963263476,0.35315759997487567,25380.340150202668,0.22595347464084625,6.975137233734131,0.0022883085148198584,86037.0,0.0,85775.0,0.0,0.0,0.9954981534550879,0.9000000000000004,0.8959483182579903,2.821888281956128,-3.1347558053098554,0.0015937170319375582,0.0019787472709779583,-0.10021166424847278,0.0024036321552568327,0.99581589958159,0.7998551915049951,0.0,239
362,eval,pact,3.0,0,1.0033076722564557e-05,2.593488742867251e-06,4.322480867718147e-06,0.0,0.0,0.010507950976210408,0.7885841300796764,0.7923844740979342,-1.2483079148792915,162399.1801124477,0.22595347464084625,6.975137233734131,0.0013186752301286204,86275.0,0.0,86013.0,0.0,0.0,0.9941841001041763,0.9000000000000004,0.8947656724492875,4.250432146721394,-4.285223315701848,0.001080782828513154,0.001079784110276161,-0.09411389236557648,0.0013947001394700141,0.9916317991631799,0.7923844733703905,0.0,239
363,eval,pact,3.0,0,0.4175653372727219,0.031526116528195765,0.0525435248393676,0.0,0.0,0.006968210226267763,0.6619809577903987,0.6789068539771076,0.23663785182150027,51408.506235290275,0.107866187007108,63.943674245638825,0.022086580320958938,86513.0,0.0,86251.0,0.0,0.0,0.9811823082518877,0.9000000000000004,0.8830640546696954,0.7672398817324189,0.33095414635518716,0.002843337704737981,0.020920593517045314,-0.08328194052310822,0.0018991661473634232,0.9874476987447699,0.6789068538290745,0.0,239
364,eval,pact,3.0,0,0.12999683991421615,0.031187538469753254,0.051979228311953105,0.005325218623652119,0.0,0.009225840182491738,0.713175061482266,0.7426272961135688,0.622907217669936,67747.91022162657,0.0744368565818256,86.20394878706672,0.018456274517383194,86751.0,0.0,86489.0,0.0,0.0,0.9901632816222921,0.9000000000000004,0.8911469329351162,1.073773218489234,0.5117055607932188,0.004619335683528334,0.01552230543281618,-0.09438178333552637,0.010386064868393722,0.9832635983263598,0.7426272980850435,0.0,239
365,eval,pact,3.0,0,0.4909922425595826,0.046502428883320734,0.07750404445051043,0.0,0.0,0.00752959908258996,0.6780396535306795,0.6841705279370233,0.4678623910728359,59225.147955347806,0.12756390868058765,56.076948676648,0.027428863155090535,86989.0,0.0,86727.0,0.0,0.0,0.9834928619811725,0.9000000000000004,0.8851435498712452,0.8306106688886112,0.4541240081329666,0.012174789121167527,0.026565473865733238,-0.08851006412767057,0.002611353452624707,0.9874476987447699,0.6841705239669271,0.0,239
366,eval,pact,3.0,0,0.48485143263255603,0.08317056184693139,0.1386175970279913,0.0,0.0,0.0070680163588343675,0.6423689333963594,0.6464989369883198,0.5910523065587966,25818.782340971495,0.11735600067076574,61.25845428889765,0.03377204940062032,87227.0,0.0,86965.0,0.0,0.0,0.983908488286589,0.9000000000000004,0.8855176149053055,0.9172505641725521,0.6146178927156156,0.008780246711380425,0.03161344521729642,-0.08288617390299617,0.00017804682631532092,0.9916317991631799,0.6464989373458369,0.0,239
367,eval,pact,3.0,0,0.012006890569388804,0.0026399805660331068,0.004399967494456752,0.0,0.0,0.00976261356260986,0.7683598351777847,0.767074940094888,0.6747866676941078,65215.83195770136,0.06975991944451213,154.638501666081,0.0058431285155827965,87465.0,0.0,87203.0,0.0,0.0,0.995209378677432,0.9000000000000004,0.8956884119550553,0.2997939986226111,0.2114359920805996,0.003459421757580989,0.005062183689629994,-0.09067775260360228,0.0020475385026261905,0.9916317991631799,0.7670749410794795,0.0,239
368,eval,pact,3.0,0,0.19109905445188377,0.02825738351043678,0.04709563614551181,0.0,0.0,0.007557489614053064,0.6779462914586566,0.6612682595661993,0.3321902050819856,148854.5251046025,0.057706832499964215,59.71158945809847,0.011385066126897993,87703.0,0.0,87441.0,0.0,0.0,0.9812392541304792,0.9000000000000004,0.8831152989525176,0.7100111396873559,0.6919268640243748,0.003698604866000476,0.01206427708192179,-0.07431418481747146,0.002136561915783851,0.9790794979079498,0.6612682591564416,0.0,239
369,eval,pact,3.0,0,0.21976545920194163,0.05400849696213212,0.09001415772108429,0.0034233549898139604,0.0,0.007946871390574024,0.7349542573904891,0.6924593739180386,0.7187329887346243,78268.41358851988,0.1285933680287085,24.461489557721126,0.020255974568933185,87941.0,0.0,87679.0,0.0,0.0,0.9876302460746287,0.9000000000000004,0.8888672136362626,0.7678511999472659,0.7119664855374059,0.007423487186659215,0.02189479259409743,-0.08488320608166672,0.10522567435235468,0.803347280334728,0.6924593721234948,0.0,239
370,train,pact,3.0,0,0.47839141184577105,0.11251229089533633,0.18752047222477658,0.04792696892217612,0.0,0.015963942804237415,1.6273097460738783,1.6298106562143588,0.4779933643016855,1768.345939348931,0.45085386493560864,5.929320969840972,0.0665910783512167,88179.0,0.0,87917.0,0.0,0.0,0.9861859621861988,0.9000000000000004,0.8875673378361818,0.7094041655485097,0.58869886170551,0.08635107079084883,0.06512993992458266,-0.19176290442740343,0.15401050476275258,0.5104602510460251,1.629810656065651,0.0,239
371,train,pact,3.0,0,0.4023595106228796,0.09721502573291477,0.16202503132688237,0.05572461090576698,0.0,0.016516751414905283,1.6118782332252757,1.6493150160402434,0.4779564424039929,1143.0096943747549,0.6385445654641634,1.4486690153636692,0.07290443158942318,88417.0,0.0,88155.0,0.0,0.0,0.991108350424587,0.9000000000000004,0.8919974964532892,0.527584076453106,0.5477391830711732,0.07512567171943374,0.07437285303068054,-0.20267831160351163,0.27778272352295325,0.42677824267782427,1.6493150209520864,0.0,239
372,train,pact,3.0,0,0.43151489933949033,0.09719927499911943,0.16199878343267374,0.028147585097715946,0.0,0.016161468408019845,1.5977694424625222,1.6207725108916788,0.746821761879462,886.9660251250327,0.7511188026252651,3.6454790546305507,0.0492467147192945,88655.0,0.0,88393.0,0.0,0.0,0.9910717027955475,0.9000000000000004,0.8919645208693947,1.0393320105027697,0.6022381406687835,0.03232931304456932,0.04750307600859506,-0.20040546571911408,0.2894447906466068,0.3723849372384937,1.6207725177439347,0.0,239
373,train,pact,3.0,0,0.0023364927420596237,0.00045515151629755353,0.0007585858393783943,0.0,0.0,0.01561032261730612,1.5990114825540007,1.6003451444613883,0.5394038317343182,1095.1887888888434,0.6807567477226257,7.436999797821045,0.004499605791200007,88893.0,0.0,88631.0,0.0,0.0,0.9904908752341649,0.9000000000000004,0.8914417659388426,2.3154813268201124,-0.649283063978894,0.003682188225048701,0.003989372283944112,-0.18832238179225885,0.16267545031009822,0.5271966527196653,1.600345161877476,0.0,239
374,train,pact,3.0,0,0.19920830527869945,0.04518657612691538,0.07531095357168155,0.018257892842572104,0.0,0.015492375322450031,1.6010496561497325,1.5977708797075758,0.3617189842662053,1088.3109189596137,0.6056081580941148,5.277601791226216,0.02791146768046232,89131.0,0.0,88869.0,0.0,0.0,0.9899127680387457,0.9000000000000004,0.8909214700116274,0.364020950954079,0.39535978828414986,0.0009608131029822151,0.029728526390663243,-0.19218955559624976,0.21813703670732065,0.5146443514644351,1.5977708828586206,0.0,239
375,train,pact,3.0,0,0.2531380826036473,0.058017016130438165,0.09669501980542956,0.028718144013293118,0.0,0.015237695288115714,1.5852530486414123,1.6097405704993084,0.3354164008440832,1106.5630837923313,0.5721952201931048,1.0098107035688775,0.05744073617517574,89369.0,0.0,89107.0,0.0,0.0,0.9910165630125102,0.9000000000000004,0.891914875437525,0.45338080035187944,0.46319146151569257,0.04729532081234668,0.05732623848841997,-0.19064027468549521,0.18490162912846078,0.5146443514644351,1.6097405770101367,0.0,239
376,train,pact,3.0,0,0.00595315217983492,0.001779290924989034,0.002965484628471873,0.0,0.0,0.01590047514253144,1.6099850892023062,1.6257456573482338,0.3256397939376751,979.4193250584303,0.612445519808446,1.0369827642600407,0.03233287315114273,89607.0,0.0,89345.0,0.0,0.0,0.9909426310571168,0.9000000000000004,0.8918483486734174,0.35069509113494624,0.15171985856375825,0.031089364033236744,0.028839058785847384,-0.1951823750865599,0.21080744235733995,0.5271966527196653,1.6257456556268144,0.0,239
377,train,pact,3.0,0,0.08163402942219938,0.01946246912580536,0.03243744688562291,0.003613541378136958,0.0,0.016038892416587434,1.603573769705066,1.6111943098291692,0.25074210264193963,947.0835721961624,0.5137691512142764,4.936258258679921,0.023765685495011565,89845.0,0.0,89583.0,0.0,0.0,0.9904714503547637,0.9000000000000004,0.8914242828241452,0.6908854617438642,0.19923409716108753,0.010599684384369264,0.022647323571881046,-0.20414986643577834,0.3420873022938366,0.35564853556485354,1.6111943007619223,0.0,239
378,train,pact,3.0,0,0.5017308978531066,0.10901452526625892,0.18169086493510664,0.0376569040150822,0.0,0.014482829263862457,1.4659064369720396,1.4797006937749215,0.5833752862641503,896.3431927668998,0.5392668392181895,2.761457918578112,0.06168387808435632,90083.0,0.0,89821.0,0.0,0.0,0.9899605492667674,0.9000000000000004,0.8909644664082068,0.7457096873353843,0.46063049677284673,0.0560206218029965,0.06224840382410206,-0.1852865994155857,0.2914923291492329,0.3263598326359833,1.479700692538463,0.0,239
379,train,pact,3.0,0,0.04055126141090673,0.009904382129834972,0.016507302442683437,0.0,0.0,0.01581525431641974,1.5991837908533328,1.602830521731197,0.5487344973256897,824.298218284192,0.48697065951684526,4.481420655629625,0.016436739871229695,90321.0,0.0,90059.0,0.0,0.0,0.9903770615366213,0.9000000000000004,0.8913393374766266,1.19728412673637,0.1694905204847672,0.00963458640898762,0.014990409332518485,-0.1979111301103169,0.27799044482032104,0.39748953974895396,1.6028305192689614,0.0,239
380,train,pact,3.0,0,0.2656803508259933,0.06434742619257347,0.10724570529951756,0.025865348624883835,0.0,0.015212857240429109,1.5786319676802247,1.575015349617563,0.46575924380055034,836.7619554846856,0.5021720703176874,3.2650983283709283,0.0331692724320263,90559.0,0.0,90297.0,0.0,0.0,0.9902111179659058,0.9000000000000004,0.8911899889363405,0.45722100035201024,0.4948538880809621,0.0012284356475745504,0.03641083897475643,-0.18814667498005178,0.19819579216000477,0.5188284518828452,1.5750153508395244,0.0,239
381,train,pact,3.0,0,0.14082450920353773,0.03194222673090008,0.053237043546839564,0.006466337078286016,0.0,0.01632575386118097,1.6014096485022222,1.6126691302495022,0.6127496523837165,957.0010146137062,0.6329293353288243,7.4463863856622865,0.036725299066579495,90797.0,0.0,90535.0,0.0,0.0,0.9902978262641938,0.9000000000000004,0.8912680193968897,1.3422855255545743,0.29689155905464704,0.02072839151757459,0.032489374863026686,-0.2069717763859185,0.3774592717884804,0.30962343096234307,1.6126691410232428,0.0,239
382,train,pact,3.0,0,0.4870875290074779,0.10877644645616902,0.18129406454042574,0.039178395121666175,0.0,0.015835263049346883,1.5765036888202364,1.5860210624698814,0.6123975113844772,824.5469894089958,0.6162725191360737,3.2693750976767997,0.04637287120665053,91035.0,0.0,90773.0,0.0,0.0,0.9901217661143347,0.9000000000000004,0.8911095630673684,0.6500247087611323,0.579369709777865,0.0033027090423274784,0.049131387993488776,-0.18935060088002853,0.1962966260126413,0.41841004184100417,1.586021063020932,0.0,239
383,train,pact,3.0,0,0.4653420398303694,0.10065112515811386,0.16775186682437124,0.03081019397310632,0.0,0.01441203869166141,1.4441206063685557,1.457796735244815,0.7998844125779603,798.911428539324,0.6436267601146858,4.5357170456622935,0.04898215718489436,91273.0,0.0,91011.0,0.0,0.0,0.9905127773225058,0.9000000000000004,0.8914614756237014,0.9858505735125513,0.5915264107321081,0.030499572256072,0.04807990102416925,-0.18650001903179164,0.3375767826938485,0.28451882845188287,1.457796728676248,0.0,239
384,train,pact,3.0,0,0.36491424218167223,0.08301715834526453,0.13836192300325184,0.03537466747990213,0.0001901863883229978,0.015200145382854979,1.50134563321349,1.520362061436705,0.6074143473573309,911.0010562401935,0.47755787793593674,5.838724847618007,0.060017551199988965,91511.0,0.0,91249.0,0.0,0.0,0.9913318279398037,0.9000000000000004,0.8921986282121187,0.8257166346429345,0.3994145717358295,0.023815146747178266,0.058645538521042116,-0.19425168105740034,0.335351197364907,0.29707112970711297,1.5203620566525944,0.0,239
385,train,pact,3.0,0,0.4900851427265331,0.12290559863711328,0.20484264900533847,0.06143020224371715,0.0,0.015790112782269716,1.5372955731766993,1.5699940750289663,0.6775958836078644,1163.9623859996077,0.5909243356514426,3.0751091533624977,0.07097099016120494,91749.0,0.0,91487.0,0.0,0.0,0.991404285740154,0.9000000000000004,0.8922638406813395,0.7746688347748845,0.4847785733282829,0.044177352576642424,0.07169207947710568,-0.1951403744340433,0.2792961215466334,0.3598326359832636,1.5699940672737784,0.0,239
386,train,pact,3.0,0,0.09659444735923473,0.02488125173431209,0.041468751768292476,0.008368200774472128,0.0,0.015820961529350055,1.5919024517845408,1.6059813491968928,0.4914186581906913,980.9639930884708,0.5824766841767722,3.966509484845724,0.029657370895517513,91987.0,0.0,91725.0,0.0,0.0,0.9913303283467951,0.9000000000000004,0.8921972752615,0.7590934682669432,0.19381116181026758,0.01281731775488879,0.028220538821735783,-0.19783194297060772,0.26300483693878157,0.4309623430962343,1.6059813470109676,0.0,239
387,train,pact,3.0,0,0.4824189044268233,0.10349483429581216,0.1724913784187665,0.047356409819555086,0.0,0.015518955946763564,1.5659830091388653,1.5753262337281615,0.5538721171881863,921.6261844395593,0.595208617901453,2.069938411273717,0.04721182038852649,92225.0,0.0,91963.0,0.0,0.0,0.9899383641187117,0.9000000000000004,0.8909445050870025,0.5769761977205112,0.5481313891125636,0.002167772446145219,0.05059266547469333,-0.1909184772613436,0.21861182824416153,0.4895397489539749,1.5753262465674263,0.0,239
388,train,pact,3.0,0,0.4595581971330663,0.10660700271129302,0.1776783264284855,0.030810194534237913,0.0,0.01576635235663363,1.5469299669545067,1.5772528201965108,0.7870948521661958,844.1999664945083,0.7251573885833867,3.6886208212026492,0.052446026606368344,92463.0,0.0,92201.0,0.0,0.0,0.9910738899618013,0.9000000000000004,0.8919664753530814,0.9713013909168597,0.5963888260730509,0.034706989792978454,0.05209948189817681,-0.1955465372709456,0.2744295082940147,0.4393305439330544,1.5772528091749738,0.0,239
389,train,pact,3.0,0,0.00036113544281525344,0.00011633470607361323,0.00019389117442492287,0.0,0.0,0.01563198392563909,1.6028284048934363,1.6059915034342012,0.5491318823652787,1036.2145893942861,0.5999082922935486,8.227252960205078,0.006183513463024249,92701.0,0.0,92439.0,0.0,0.0,0.9908671209502918,0.9000000000000004,0.8917803968844553,0.5818709782114779,-0.3726571310328832,0.005654672174722164,0.0055490295063810435,-0.19257638921559597,0.21718745363363898,0.4895397489539749,1.6059915097800224,0.0,239
390,eval,pact,3.0,0,0.07326335892778778,0.00881385232110215,0.014689752865116557,0.0,0.0,0.008741274440980606,0.6963067425095386,0.6893794899455673,0.31144761842788515,3546.1874882526477,0.5179018317780235,7.3831504742969525,0.004873008712021455,92939.0,0.0,92677.0,0.0,0.0,0.9929591614332159,0.9000000000000004,0.8936632312990133,0.5485437260499472,0.5525009929137213,0.0011889549066490005,0.0052829737917259026,-0.07846431923423028,0.0,1.0,0.6893794906231872,0.0,239
391,eval,pact,3.0,0,0.49821823029872664,0.07864686962996198,0.13107810914482962,0.0,0.0,0.005671679041305533,0.5778942269012021,0.5778956448183897,0.7218351970157862,9344.901714500524,0.08642312829386614,70.38527843044393,0.02808127001563095,93177.0,0.0,92915.0,0.0,0.0,0.9840231954303247,0.9000000000000004,0.8856208593775537,0.9532458943760177,0.6695871158237265,0.01790244661271572,0.026781647581077147,-0.07378533786214961,0.00824950295260987,0.9707112970711297,0.5778956477854953,0.0,239
392,eval,pact,3.0,0,0.42329975400295616,0.11597896229542248,0.19329825923828842,0.005895778038012931,0.0,0.008585923216422575,0.796733196933898,0.7997530764865077,0.7196772170864887,23841.773155563547,-0.02302307518759,139.88714788548617,0.041369084062280764,93415.0,0.0,93153.0,0.0,0.0,0.9917442873432047,0.9000000000000004,0.8925698337195808,0.9413353548365505,0.7150810490882824,0.024339874026250756,0.04021380675340921,-0.11463993331871296,0.25935487699931753,0.5397489539748954,0.7997530744258441,0.0,239
393,eval,pact,3.0,0,0.06536319171795504,0.012645864129664008,0.02107643933331586,0.0,0.0,0.009865428236309268,0.7479176212055414,0.7370166814726267,0.681630463530329,95118.11452340482,-0.06316984666191883,248.51735812550308,0.008959365494268708,93653.0,0.0,93391.0,0.0,0.0,0.9943726908212925,0.9000000000000004,0.894935402660689,0.6615312760888425,0.6008652557639261,0.004440938846251726,0.008483829842315339,-0.08397079517726865,0.004273123831567702,0.9916317991631799,0.7370166818540681,0.0,239
394,eval,pact,3.0,0,0.4824189044268233,0.11933707903721613,0.19889512401262677,0.0,0.0,0.007259213382175589,0.7714981651206395,0.7247194707643038,0.5849149186616164,53951.948924555436,0.10673237490228077,25.733927678862376,0.03020182580620861,93891.0,0.0,93629.0,0.0,0.0,0.9865552122124069,0.9000000000000004,0.8878996722618406,0.8637392584294945,0.7692343667330425,0.010046522424090654,0.03001943076025523,-0.10001782929087494,0.24368675628356917,0.5606694560669456,0.7247194698249764,0.0,239
395,eval,pact,3.0,0,1.0033001283974734e-05,1.5949193743740942e-06,2.658198727696655e-06,0.0,0.0,0.011659813627881236,0.812965438954501,0.8216297708794662,0.741912323311283,94129.02608525104,-0.07011581212282181,86.03742980957031,0.009638401213546272,94129.0,0.0,93867.0,0.0,0.0,0.9950544816679535,0.9000000000000004,0.8955490160187917,798.7040517499144,-1367.5946512890519,0.0067277403145839096,0.00791711017107552,-0.09690888609508315,0.0074186177631383726,0.9916317991631799,0.8216297707522332,0.0,239
396,eval,pact,3.0,0,0.4982182329869342,0.048760707696688985,0.08126784111545436,0.0,0.0,0.0068415175474572255,0.5908695199998353,0.5860116465570537,0.6191159005444419,45877.62437892259,0.06924741871062681,42.724892931503234,0.026494789095088903,94367.0,0.0,94105.0,0.0,0.0,0.9785200181615902,0.9000000000000004,0.880668002691229,0.8393000919201923,0.47454602242100163,0.005437992112711072,0.024963510519859993,-0.06588895641242631,0.0,1.0,0.5860116453646793,0.0,239
397,eval,pact,3.0,0,0.33866766505446294,0.08983274636975161,0.14972123431636272,0.007607455408224002,0.0,0.008733736007244454,0.7193610350207804,0.7488245634853091,0.7800152884118228,26455.242596103555,-0.014366834015277639,130.18236571276037,0.034589502436331,94605.0,0.0,94343.0,0.0,0.0,0.9909998794479848,0.9000000000000004,0.8918998595560944,0.9806389006270132,0.6968724523248535,0.016074367019594932,0.032415822688022546,-0.10001181784613124,0.15220036202854684,0.7112970711297071,0.74882457164896,0.0,239
398,eval,pact,3.0,0,0.5018883339752502,0.09035785703258721,0.1505964198490706,0.0,0.0,0.00887504567306442,0.7233932063170557,0.6803630016837658,0.6371338053228466,40775.558806223846,0.09636386453019889,58.825579507580365,0.03770078259625445,94843.0,0.0,94581.0,0.0,0.0,0.9904092016579217,0.9000000000000004,0.8913682634361618,0.7700227142354833,0.5948488562949266,0.02606032954321967,0.0386800975480339,-0.08708947758960701,0.002195910857888958,0.9874476987447699,0.6803629980953086,0.0,239
399,eval,pact,3.0,0,0.4754479658978925,0.09774321555598066,0.16290534985753796,0.003993914092434999,0.0,0.009269324095265074,0.7181898124796576,0.6889649461253418,0.32775652514591375,66154.52332309101,0.02371948610937172,71.02433059405084,0.03725456865504384,95081.0,0.0,94819.0,0.0,0.0,0.9874606131260365,0.9000000000000004,0.8887145368374542,0.7668343759605322,0.6878175177279127,0.025207702374579956,0.037288110354471035,-0.0851311491833339,0.012463277842072466,0.9748953974895398,0.6889649491363028,0.0,239
400,train,pact,3.0,0,0.4977520082539135,0.09942138952096664,0.16570230852593337,0.02510460288454798,0.0,0.015438335982763118,1.5036219166412512,1.534696246789589,0.5939149866572281,2818.307951987039,0.6028290042443255,5.2461309704820485,0.05959813312771555,95319.0,0.0,95057.0,0.0,0.0,0.9848330083252496,0.9000000000000004,0.8863496937512354,0.9668256138714798,0.4503465645573338,0.040758415805892304,0.057162959339042585,-0.18263019119599133,0.18151873942846972,0.45188284518828453,1.5346962442235468,0.0,239
401,train,pact,3.0,0,0.502088449363476,0.12192044625885977,0.20320073144179043,0.05496386522777909,0.0,0.016476610531274496,1.6043255224387516,1.6176540716921435,0.6736313907671174,908.1969430835676,0.6061835745388494,2.758944303670189,0.06450822612925367,95557.0,0.0,95295.0,0.0,0.0,0.9909151201467634,0.9000000000000004,0.8918235838163847,0.7698636552534281,0.47222159396448526,0.01699248468503356,0.06566746140319744,-0.2006280453899149,0.2843704560966201,0.42677824267782427,1.6176540658641336,0.0,239
402,train,pact,3.0,0,0.1751345835546242,0.043716548077134265,0.07286090849208667,0.016356028959342128,0.0,0.015725971873709346,1.5613315968333927,1.5882146049244135,0.5214379558253986,1066.4628053290076,0.5408685238540921,6.403476392374877,0.04099030229730617,95795.0,0.0,95533.0,0.0,0.0,0.9902257961708133,0.9000000000000004,0.8912031959789068,0.4377508498466952,0.45354087863276027,0.026523888115332447,0.04107111743427268,-0.18498938825298777,0.14148787797857504,0.5355648535564853,1.5882146035758757,0.0,239
403,train,pact,3.0,0,0.06283616020874398,0.010317803303973295,0.017196337875221353,0.0,0.0,0.015721592687802956,1.5624859971481386,1.5666629988778087,0.4947767465932599,943.5273820565834,0.6050861505284968,7.296859782111196,0.025821442671741697,96033.0,0.0,95771.0,0.0,0.0,0.9907764929607822,0.9000000000000004,0.8916988225661561,1.8557561858916858,-0.32126361698329164,0.015155102734773442,0.022829088651054933,-0.1849574870338704,0.1546039941838037,0.5648535564853556,1.5666629913905215,0.0,239
404,train,pact,3.0,0,0.08452667201199193,0.018553589509142075,0.030922647671743953,0.0,0.0,0.015982293936903258,1.60897085955951,1.6119108404574534,0.2956142375035266,951.0474922467475,0.424663935137219,5.640091898551047,0.02186388228279558,96271.0,0.0,96009.0,0.0,0.0,0.9903002376336931,0.9000000000000004,0.891270193594769,0.709607863633115,0.2192277857775322,0.009596340926491836,0.0207262332612068,-0.19051037670613305,0.17267574705480873,0.4686192468619247,1.611910834319905,0.0,239
405,train,pact,3.0,0,0.01609831423724945,0.0042103479918828976,0.0070172461789781105,0.0,0.0,0.01581469534557297,1.6046435394047693,1.6047114268506422,-0.17895253283793894,1098.1034369688155,0.46329925062766136,2.22111203630599,0.007050908171858202,96509.0,0.0,96247.0,0.0,0.0,0.9907810578286398,0.9000000000000004,0.8917029400250902,0.47231829115752266,0.1372758309047355,0.0036952270788282882,0.006667540170238685,-0.19785705722544808,0.2694145226861331,0.3891213389121339,1.6047114222801437,0.0,239
406,train,pact,3.0,0,0.06036286422683006,0.014144893780033587,0.023574821178196873,0.0,0.0,0.015143249858030465,1.568487007997026,1.5724480481327328,0.09345690482861078,923.4456587915141,0.290081015706187,3.9521904395713965,0.018041975177614075,96747.0,0.0,96485.0,0.0,0.0,0.9904710800079122,0.9000000000000004,0.8914239518812012,0.5671640063556999,0.14346626937921603,0.00731808423755066,0.01729060977377839,-0.1940107503419285,0.2736282975755957,0.41841004184100417,1.5724480575186042,0.0,239
407,train,pact,3.0,0,0.4671610229562556,0.11346437078007428,0.189107272544347,0.05001901906903319,0.0,0.017177063046280434,1.6060635337769735,1.6459325467193475,0.5895112100871724,1051.02182274982,0.47529568775677783,3.9658815898157065,0.07594888681491299,96985.0,0.0,96723.0,0.0,0.0,0.9915432466123892,0.9000000000000004,0.8923889036956691,0.7326319236088952,0.4123996875876167,0.036730260829682705,0.07600688442946353,-0.20751957929581405,0.33659752514911423,0.3389121338912134,1.6459325405583638,0.0,239
408,train,pact,3.0,0,0.0012663892698259907,0.000406323581891111,0.0006772059062629778,0.0,0.0,0.016190321155469162,1.6038628040996057,1.6070573302492437,0.438198974067696,1265.6273443629054,0.5505777597427368,8.419539451599121,0.006685054404846155,97223.0,0.0,96961.0,0.0,0.0,0.9911790729566599,0.9000000000000004,0.8920611404973593,0.3340842991295554,-0.082007922090918,0.006018185789847898,0.006024369319816116,-0.1938285852527901,0.22288495207572925,0.497907949790795,1.6070573352154216,0.0,239
409,train,pact,3.0,0,1.0033001283974734e-05,1.2719880169813783e-06,2.1199799242875614e-06,0.0,0.0,0.01606802421594701,1.6158385221928233,1.6157293678826368,0.0548337192216666,1145.4193730693482,0.5505777597427368,8.419539451599121,0.0013580278269218371,97461.0,0.0,97199.0,0.0,0.0,0.990505464406193,0.9000000000000004,0.8914548939242024,17.471312110804547,-17.664844628529178,0.0012140903956636884,0.0012198800196532996,-0.19805276135167632,0.2516395145256536,0.4309623430962343,1.6157293763757152,0.0,239
410,train,pact,3.0,0,0.00020369909520827966,6.177902595402096e-05,0.00010296503659975852,0.0,0.0,0.015649248904326472,1.6038322221783914,1.6042385587632406,-3.4752524068664807,961.563000794734,0.5505777597427368,8.419539451599121,0.001106267389107541,97699.0,0.0,97437.0,0.0,0.0,0.9903987259545586,0.9000000000000004,0.8913588319363455,0.831793302513648,-0.6086600295396585,0.0009410738556732173,0.0010005048122050284,-0.19499954192605157,0.23965102822042195,0.39748953974895396,1.6042385576790663,0.0,239
411,train,pact,3.0,0,0.501946137909228,0.11999619825226576,0.19999365230894864,0.04830734188586598,0.0,0.016162480463402417,1.6117642566748742,1.6333053673161622,-0.9044903899449466,961.9946976027229,0.5844241587219129,2.835201021268278,0.06525746494286623,97937.0,0.0,97675.0,0.0,0.0,0.9906934636906101,0.9000000000000004,0.8916240967966024,0.7268430665045852,0.4563438928884569,0.0005591858284788032,0.06606725671297674,-0.20004900352501545,0.2634796284756224,0.401673640167364,1.63330536684137,0.0,239
412,train,pact,3.0,0,0.01843199975083282,0.0028843758881213115,0.004807292878018667,0.0,0.0,0.015782397809325402,1.5970018069614427,1.6131383245460158,0.4633311957245591,1110.745612363935,0.6425573462971085,7.1255409318532905,0.019601301484688666,98175.0,0.0,97913.0,0.0,0.0,0.9905644914595153,0.9000000000000004,0.8915080273500546,0.2771472713776467,0.1526678915065779,0.018734289095938984,0.01784018158136232,-0.18700998917566006,0.13035995133386746,0.5606694560669456,1.613138331153453,0.0,239
413,train,pact,3.0,0,0.4392558533156307,0.10672447724370983,0.1778741161438139,0.05020920551970414,0.0001901863883229978,0.014585294799731117,1.465518239402372,1.4798515483924035,0.6322667056297159,1074.626484252419,0.5902999558458767,3.6877001042645348,0.06788566368768405,98413.0,0.0,98151.0,0.0,0.0,0.9912613086620634,0.9000000000000004,0.8921351540038776,0.7768110313246324,0.4648954386529388,0.03431980040814005,0.06727660821446814,-0.1951752101024381,0.39286032226475565,0.3138075313807531,1.4798515527373945,0.0,239
414,train,pact,3.0,0,0.5020884493196984,0.12001556616029485,0.20002593108929964,0.04488398645961634,0.0,0.015440516886944302,1.5573378205299377,1.58054896802583,0.6786344517723786,982.9237829232316,0.5558737576257234,2.785586346642243,0.06399843350411334,98651.0,0.0,98389.0,0.0,0.0,0.9910976702199321,0.9000000000000004,0.8919878831468366,0.7537947292592749,0.4709134634143759,0.05337773635983467,0.06495989608445894,-0.19075224529359214,0.2206296922757352,0.41841004184100417,1.580548971171255,0.0,239
415,train,pact,3.0,0,0.48485143263255603,0.11151613324073273,0.1858602112731346,0.04564473213760424,0.0,0.0151728542120231,1.5038642559091417,1.5225540102775126,0.7145066882277133,1025.8445462661807,0.6104307652267951,3.2713007241113417,0.06250926914574212,98889.0,0.0,98627.0,0.0,0.0,0.9907678398128333,0.9000000000000004,0.8916910395462643,0.8334629260080301,0.5150021262513553,0.04283694519350926,0.06235393747360013,-0.18998712979733723,0.2979613638386896,0.30962343096234307,1.5225540030065459,0.0,239
416,train,pact,3.0,0,0.5020705397688578,0.10992162633426907,0.1832026996619115,0.03385317656036201,0.0,0.014551710635501595,1.4895227611314303,1.4976877909325157,0.6911586076644674,833.3702001850974,0.5497947165656788,3.1171777183540694,0.060657674084304516,99127.0,0.0,98865.0,0.0,0.0,0.9900784125886701,0.9000000000000004,0.8910705554435443,0.7728324586630254,0.459315430022293,0.0654643545858562,0.061459963054057196,-0.18118124823589196,0.20585180569156353,0.41422594142259417,1.497687789025744,0.0,239
417,train,pact,3.0,0,0.2656803508259933,0.06354255022149982,0.10590424405518777,0.023773298290982906,0.0,0.01573647683385027,1.5259506078943548,1.5488453494953809,0.5756276151375791,933.2368266213389,0.42379907135185335,6.005357628836292,0.04428766195070014,99365.0,0.0,99103.0,0.0,0.0,0.99096441967218,0.9000000000000004,0.8918679593497241,0.4737142189170483,0.48857156805735635,0.021692205762394286,0.04607746927418345,-0.184175523004854,0.1815780883705748,0.49372384937238495,1.5488453492120817,0.0,239
418,train,pact,3.0,0,0.5020705397838968,0.10848026890862951,0.18080043719024333,0.03594522645782726,0.0,0.01492024276202942,1.5250795683102627,1.5420561128580421,0.6697947982714266,1011.2600092548705,0.6179438624920706,2.3564098427485223,0.06788361035716023,99603.0,0.0,99341.0,0.0,0.0,0.9903729632808573,0.9000000000000004,0.8913356487222296,0.9116715160179149,0.38901355181074426,0.0853372123092413,0.0674032137659086,-0.18218073879199007,0.1521410130864417,0.5271966527196653,1.5420561100957195,0.0,239
419,train,pact,3.0,0,0.24477056702595276,0.057633796075126885,0.09605631992413524,0.031000380797865,0.0,0.015457201310702324,1.5474853914651912,1.565419407569215,0.6113738859048947,1050.441847541841,0.6207438946767831,5.741259521769679,0.04706430782575675,99841.0,0.0,99579.0,0.0,0.0,0.9907099639521483,0.9000000000000004,0.8916389418446369,0.8440470965641181,0.4156403255623671,0.023625775848415274,0.045690383587741766,-0.19572498987217124,0.31122585239918094,0.3723849372384937,1.5654194163985062,0.0,239
420,eval,pact,3.0,0,0.496713411596384,0.0495928128186134,0.08265468293019043,0.007227082506882097,0.0,0.007615489104887369,0.6163724264340421,0.6437272434454084,0.47634347462753873,2164.284047912853,0.1485321579742631,12.178771056390707,0.03454978851928808,100079.0,0.0,99817.0,0.0,0.0,0.9937928508515138,0.9000000000000004,0.894413545540686,0.6920969643435612,0.3504800969666567,0.017938772914931178,0.03385524813935285,-0.0785353426419318,0.008783643431555832,0.9748953974895398,0.6437272433615694,0.0,239
421,eval,pact,3.0,0,0.4488243158769947,0.07303020547784156,0.12171700374551715,0.0,0.0,0.007582478368436629,0.6459259490587721,0.6547614375916485,0.6634251587560486,9937.503779582898,0.06041393255343404,52.58821837173845,0.03260720423013595,100317.0,0.0,100055.0,0.0,0.0,0.9871473584215013,0.9000000000000004,0.8884326032514851,0.8651423472277572,0.6131172075774298,0.01482550541145934,0.03165306272881425,-0.08597961297552635,0.029110656102554974,0.9205020920502092,0.6547614397746734,0.0,239
422,eval,pact,3.0,0,0.3649142709313249,0.0770371336700949,0.12839521911491714,0.0,0.0,0.0077491899315174275,0.740805831788474,0.6906132454902059,0.728448516903562,47547.82789618201,0.024131200646506194,66.75100422703571,0.018846557857507693,100555.0,0.0,100293.0,0.0,0.0,0.9878585575514758,0.9000000000000004,0.889072678328558,0.7583562768421624,0.7819286452163369,0.004321122785088617,0.022249006226884832,-0.08764172219859424,0.1536247366390694,0.702928870292887,0.6906132471292387,0.0,239
423,eval,pact,3.0,0,0.2615026996800263,0.06401148786323602,0.10668580660207241,0.0017116774949069802,0.0,0.008164503180059492,0.7455447453335239,0.7141291673712152,0.7467957500633335,31531.98369263206,0.06417044528800384,29.280444675908427,0.02691007583990506,100793.0,0.0,100531.0,0.0,0.0,0.9890551826445129,0.9000000000000004,0.8901496487182553,0.8119095180125433,0.6942912300902102,0.011828878153171232,0.027596570853393322,-0.10009577733996099,0.23196534021781062,0.6527196652719666,0.714129170725273,0.0,239
424,eval,pact,3.0,0,0.19514417073502602,0.036986987525037054,0.06164497651345955,0.0,0.0,0.011782633156270162,0.7558029605753751,0.8062132145570412,0.7589399288388975,51975.49878644744,0.10618703587908127,121.31107491529137,0.030440938584974122,101031.0,0.0,100769.0,0.0,0.0,0.9942415197025283,0.9000000000000004,0.8948173433168164,1.080006639548797,0.4506682912409392,0.016340880371154026,0.02734682062703134,-0.09943378157550267,0.0006528383631561768,0.9916317991631799,0.8062132152990865,0.0,239
425,eval,pact,3.0,0,0.14082453795319042,0.02802254099478735,0.04670423212519381,0.0,0.0,0.009647179875234493,0.7268399591226458,0.6987271064494943,0.5014523512149954,110877.28853948745,0.05165013391914228,134.43234626418877,0.019509164449392533,101269.0,0.0,101007.0,0.0,0.0,0.9856418982210519,0.9000000000000004,0.8870776901684047,0.5342467043479117,0.383170113919889,0.002625661950438049,0.01903611350615575,-0.079956884047581,0.004006053592094721,0.9874476987447699,0.6987271042597226,0.0,239
426,eval,pact,3.0,0,0.2864649897415939,0.034888579697120094,0.05814762903173687,0.0,0.0,0.008324193417496012,0.6627331374828785,0.6781918225677442,0.21082069566712042,55467.0437042364,0.04726018750100985,31.640458071082207,0.024505498896988116,101507.0,0.0,101245.0,0.0,0.0,0.9841092558086667,0.9000000000000004,0.8856983139923925,0.7921199024332006,0.6461796945079283,0.022728837535691424,0.023758566248616414,-0.07522425739345762,0.0,1.0,0.6781918253647851,0.0,239
427,eval,pact,3.0,0,0.472293708546508,0.02044217026338922,0.03407028203432046,0.0,0.0,0.00537597086810542,0.5332947445713825,0.534489067653233,0.6602590014246218,28701.01441553347,0.1128023940159951,16.448166268639984,0.016145465046042678,101745.0,0.0,101483.0,0.0,0.0,0.982595981414348,0.9000000000000004,0.8843363588325149,0.7564412804974763,0.3509710502820883,0.011225056807127069,0.01554948252832291,-0.06020496362550926,0.0,1.0,0.5344890691125407,0.0,239
428,eval,pact,3.0,0,0.11274788101110218,0.009115912679548251,0.015193187185032458,0.0,0.0,0.008671422027222906,0.6622058387580776,0.661802705860537,0.4493680186102081,102049.46819429916,0.26976414719230213,14.815505614340555,0.006973164544292729,101983.0,0.0,101721.0,0.0,0.0,0.9848391962350662,0.9000000000000004,0.8863552526948841,0.6493994247783919,0.5328866106716157,0.0035850878346771484,0.006833167689673166,-0.07315768338515087,8.902341315766046e-05,0.99581589958159,0.6618027068631884,0.0,239
429,eval,pact,3.0,0,0.49775201144090475,0.07612870645838841,0.1268811702556145,0.0,0.0,0.007013480831716974,0.6453953492591571,0.6161230994567711,0.4844096517166591,30328.368454171024,0.10721796861836087,20.578171997389536,0.02669643023768323,102221.0,0.0,101959.0,0.0,0.0,0.9845367348343758,0.9000000000000004,0.8860830417736804,0.776847799412546,0.6795159884582727,0.015335912386385294,0.027854935475040584,-0.07467107039833151,0.005252381376301967,0.9623430962343096,0.6161230975379817,0.0,239
430,train,pact,3.0,0,0.1870741706890581,0.04458720065173172,0.07431199754163073,0.014644351651479011,0.0,0.01674051992945903,1.6206073045231808,1.645988630949204,0.5807732442183474,1835.5021150341593,0.5961643900394938,7.450553659115875,0.041973621171906936,102459.0,0.0,102197.0,0.0,0.0,0.9866024333064027,0.9000000000000004,0.8879421635152904,1.0835003134529981,0.32513743141776896,0.018827367002247936,0.03760851584823031,-0.20362804982902366,0.29110656102554977,0.3598326359832636,1.6459886288652172,0.0,239
431,train,pact,3.0,0,0.07057713395643153,0.013170470198461185,0.02195078284566076,0.0,0.0,0.015692631449067195,1.5826776169832781,1.582410984458285,0.36136869680931377,870.0955123582146,0.5778434982983138,7.202060206415264,0.011557302196702781,102697.0,0.0,102435.0,0.0,0.0,0.9894277969663612,0.9000000000000004,0.8904849914327326,0.23132177580874758,0.23213244001160305,0.001828975781774942,0.011718965329286578,-0.18911308771522153,0.18970889343897446,0.5355648535564853,1.582410982442236,0.0,239
432,train,pact,3.0,0,0.4934485877536371,0.10891119743906856,0.18151864951508603,0.04279193656215109,0.0,0.015446579103284052,1.5379058357063198,1.5575816761000885,0.7171134982398364,742.5001606322732,0.6964195888162158,2.6328571097122575,0.059189150421626896,102935.0,0.0,102673.0,0.0,0.0,0.9905224360182694,0.9000000000000004,0.891470171916435,0.8210893887913159,0.5094463187289143,0.03736622566639474,0.060692657260652864,-0.1854558626746028,0.1681355529837681,0.5104602510460251,1.557581689634601,0.0,239
433,train,pact,3.0,0,0.47694583179846367,0.11662414680796403,0.19437356286857055,0.05705591524994024,0.0,0.01662845856015216,1.5799570617316656,1.601672787297221,0.6580224039664329,1029.9683161140986,0.5826784970870078,4.039788001750803,0.07169769968541347,103173.0,0.0,102911.0,0.0,0.0,0.9915118347152008,0.9000000000000004,0.8923606323896591,0.7651741904587616,0.46074027241969673,0.03927362613224735,0.07201477548177647,-0.19371730877624116,0.22039229650731473,0.41422594142259417,1.6016727850104886,0.0,239
434,train,pact,3.0,0,0.0488099870398625,0.012956309813135593,0.021593848382055594,0.0017116774325590253,0.0,0.016273002563021048,1.5987848863940857,1.5959569781893965,0.48671438055557187,998.1982013271444,0.5247547431034523,8.133813983975095,0.01628313240742264,103411.0,0.0,103149.0,0.0,0.0,0.9899598739137211,0.9000000000000004,0.8909638668702736,0.25344564933325653,0.2563883541182739,0.00796736863780547,0.01589833477377564,-0.19058725229381168,0.19849253687053028,0.4895397489539749,1.5959569911571592,0.0,239
435,train,pact,3.0,0,0.501946137909228,0.10850201589564068,0.18083668647488144,0.026816280254759052,0.0,0.015460212714970112,1.5584466175554188,1.5844975333333515,0.6343253089044882,761.1894911762062,0.6243983323853385,1.7164258714999114,0.05908015175531599,103649.0,0.0,103387.0,0.0,0.0,0.9904996338748533,0.9000000000000004,0.8914496492142457,0.809490903558069,0.4669595920156887,0.033123811008408666,0.05945280437244718,-0.1890546837350361,0.19513932164159176,0.4811715481171548,1.5844975294058008,0.0,239
436,train,pact,3.0,0,0.001747928173575944,0.0003212130150017835,0.0005353550058845567,0.0,0.0,0.015954173549962966,1.588151343198002,1.5954752701595738,0.4933274787340204,1080.200394762111,0.44644632935523987,7.888066291809082,0.01681839834234315,103887.0,0.0,103625.0,0.0,0.0,0.9909167559077051,0.9000000000000004,0.8918250514872403,13.004679320125947,-12.611222274721172,0.012102680794884113,0.01501135745915783,-0.19246363026948735,0.2157037300810113,0.4602510460251046,1.5954752634970861,0.0,239
437,train,pact,3.0,0,0.015004510717528821,0.0038266494317426175,0.006377748753834091,0.0,0.0,0.016027555849683708,1.615978024494698,1.6162549526621608,0.24266484157410237,997.1505326147359,0.44291021609406095,7.48092212886491,0.004188282281015688,104125.0,0.0,103863.0,0.0,0.0,0.9902532422392937,0.9000000000000004,0.8912278999843358,0.20137155789991668,0.1615284045087122,0.0010575303140514059,0.004143796952136414,-0.19137770937918272,0.1851390248968812,0.5397489539748954,1.6162549503798507,0.0,239
438,train,pact,3.0,0,0.0038738003089876893,0.0009016552023666572,0.0015027586170206738,0.0,0.0,0.016536261023228763,1.6067021419313663,1.6085470864962335,-0.5321871718210577,854.5459921609407,0.34992846846580505,1.9553749561309814,0.003997094294139833,104363.0,0.0,104101.0,0.0,0.0,0.9905401363532413,0.9000000000000004,0.8914861013200991,1.3563731641998225,0.11887409422887252,0.0032038489841746177,0.0035881695295155542,-0.2004723533353274,0.3056470518413009,0.39748953974895396,1.6085470985039314,0.0,239
439,train,pact,3.0,0,0.5008256440260959,0.1195566981043926,0.1992611520039356,0.043172308777665494,0.0,0.016887091339865865,1.6055991756866168,1.6503597822149427,0.4834239360054168,1013.0772717846986,0.5744921061596112,2.67834804696518,0.07277747415099682,104601.0,0.0,104339.0,0.0,0.0,0.9914845841699066,0.9000000000000004,0.8923361034572873,0.7543859371856515,0.4308756781925064,0.059757600812351,0.0729840540046566,-0.20067739184516611,0.2554378468203804,0.4100418410041841,1.65035977825444,0.0,239
440,train,pact,3.0,0,0.3893441522848197,0.09173919921627641,0.15289865197786387,0.06238113349950463,0.0,0.01618306751647442,1.5600901403187708,1.5908833517689087,0.5587064948042068,1264.8577988117809,0.5979142777902312,3.3320798380105567,0.07003651787702259,104839.0,0.0,104577.0,0.0,0.0,0.9913237860512035,0.9000000000000004,0.8921913873700418,0.6915423705482727,0.3455402058675573,0.02544087322340125,0.06968056364764291,-0.1899230782288143,0.1890857295468708,0.4769874476987448,1.5908833419840973,0.0,239
441,train,pact,3.0,0,0.5005976261530134,0.11300254351233463,0.1883375615613343,0.030810194284846094,0.0,0.013303490694627851,1.3722013304921872,1.3725687230481263,0.6177027671905742,1002.3010948532296,0.5795370087214594,2.394254695920266,0.052682114974498186,105077.0,0.0,104815.0,0.0,0.0,0.9899825772979768,0.9000000000000004,0.890984295551747,0.7622346756822066,0.5424554131648656,0.011570026541853117,0.05395999551306491,-0.19651787725587458,0.5085610848986617,0.16317991631799164,1.3725687247688392,0.0,239
442,train,pact,3.0,0,0.3069478625608959,0.08207248606408919,0.1367874651639407,0.05629516913551666,0.0,0.01592146467503207,1.5838129507946668,1.591071148048385,0.5893016400197559,1011.4681189628825,0.380588372413334,5.281901746364817,0.05657761038581073,105315.0,0.0,105053.0,0.0,0.0,0.9908140638383363,0.9000000000000004,0.8917326425907502,0.4984722500357522,0.5198526225691726,0.03450462688199894,0.059099527748075614,-0.1961619297971655,0.263776373186148,0.4686192468619247,1.5910711526705592,0.0,239
443,train,pact,3.0,0,0.01843199975083282,0.0036026750588854122,0.00600445817419397,0.0,0.0,0.01648680530644361,1.587891882682944,1.620401692689712,0.3294699057375537,1395.0690315278505,0.6797386393823883,0.8348251192140779,0.04000218962484807,105553.0,0.0,105291.0,0.0,0.0,0.9915213198342583,0.9000000000000004,0.892369153110552,0.3038996609928277,0.14922046727124116,0.03902653981313794,0.0351064116187456,-0.18913767071163792,0.1428529036469925,0.5690376569037657,1.620401691745667,0.0,239
444,train,pact,3.0,0,0.2656803508259933,0.06748504747529334,0.11247507165203521,0.03594522670721908,0.0,0.015461464016990558,1.5386328315635107,1.5534340392595554,0.3310861554479998,943.0334110020593,0.25503877765463984,1.4309623812531826,0.037542167487559126,105791.0,0.0,105529.0,0.0,0.0,0.9903076839746292,0.9000000000000004,0.8912768987432185,0.45376666203448074,0.48852824248364723,0.00557578004824383,0.04054878586435605,-0.18382112087119415,0.18561381643372205,0.5062761506276151,1.5534340316086743,0.0,239
445,train,pact,3.0,0,0.4977520082539135,0.12394530128861268,0.20657548858518612,0.05058957792226241,0.0,0.016156791432694412,1.602251233914906,1.6204346405911145,0.7647088973093232,938.6023781748496,0.6646770907246418,3.5817536786510358,0.06223065428685194,106029.0,0.0,105767.0,0.0,0.0,0.9913533773881122,0.9000000000000004,0.8922180156827472,0.9501691284806755,0.5343280742160088,0.037023958893349536,0.061783559361246715,-0.1992876173629305,0.2737173209887534,0.41841004184100417,1.6204346432445769,0.0,239
446,train,pact,3.0,0,0.31501786260686376,0.07324555265429458,0.12207591494075418,0.028718143950945164,0.0,0.015206595257345478,1.5225346819127454,1.5411401899788668,0.6064869709094698,878.7752248851824,0.519412599597516,5.771784365675938,0.04440578805705509,106267.0,0.0,106005.0,0.0,0.0,0.9904081599482931,0.9000000000000004,0.8913673239771791,0.500345189107881,0.5261251131383022,0.019916644001988552,0.04725983191406253,-0.18613444271430676,0.21246921273628297,0.45188284518828453,1.5411401779517409,0.0,239
447,train,pact,3.0,0,0.137177762364597,0.04047105507033163,0.06745175421538725,0.008938760064137031,0.0,0.017488191901826957,1.5992121242579058,1.637739640399502,0.6027369449328179,1222.5483643599634,0.5641001390612774,9.285253156179165,0.04221282414137288,106505.0,0.0,106243.0,0.0,0.0,0.9918415683582736,0.9000000000000004,0.8926573829670831,1.3421773631628031,0.3077143411333396,0.02051020649456847,0.0375702644787947,-0.2002254767030088,0.25027448885723613,0.41841004184100417,1.6377396435932152,0.0,239
448,train,pact,3.0,0,0.43414843287689137,0.10691608927978093,0.1781934702557767,0.06124001616713392,0.0,0.015423143876786637,1.4811491809130712,1.4936422984969167,0.578064932858096,1052.6010655359244,0.48477277262564983,5.443068790635304,0.04331899411605172,106743.0,0.0,106481.0,0.0,0.0,0.9909493212420571,0.9000000000000004,0.8918543664980134,0.5715540934646598,0.6045230486871632,0.0032116408152775703,0.04896952405135502,-0.18305354795806625,0.23594171933885275,0.4560669456066946,1.4936422986197089,0.0,239
449,train,pact,3.0,0,0.5016285056306393,0.11429618874785298,0.190493636932207,0.03461392242539378,0.0,0.015541427293363724,1.5229833901676673,1.566241095754392,0.731192753404753,1172.0912220208716,0.6233509099383733,3.1564227143092136,0.0714714110061277,106981.0,0.0,106719.0,0.0,0.0,0.9915545660082765,0.9000000000000004,0.8923990838697266,0.9582664620122444,0.3971801747299186,0.04594945798938473,0.06990929888600335,-0.18554658463947454,0.16982699783376365,0.4769874476987448,1.5662410958981183,0.0,239
450,eval,pact,3.0,0,0.5020920332959219,0.10056321428021657,0.1676053470134347,0.011791556013677908,0.0,0.0055588063068890544,0.6753024115971441,0.6053743328758863,0.6535803947488633,2410.0926365553087,0.1723929449224396,12.319693149881882,0.03908620293497665,107219.0,0.0,106957.0,0.0,0.0,0.9910301770625254,0.9000000000000004,0.8919271337936114,0.7889426926799732,0.6113270323076185,nan,0.041120251536439466,-0.08390329518496874,0.13092376628386598,0.7364016736401674,0.6053743316323371,0.0,239
451,eval,pact,3.0,0,0.09659447261740192,0.016034309511052475,0.026723847864019133,0.0,0.0,0.009850866425778546,0.6958655714988708,0.6952533504952946,0.6866880587952905,16679.484582366305,0.07560249860690728,50.00215168079073,0.012156115750836746,107457.0,0.0,107195.0,0.0,0.0,0.9908064638720396,0.9000000000000004,0.891725795039572,0.6831257481117619,0.6569206192122041,0.008763744698808296,0.012357813701672658,-0.07950658979959635,0.0,1.0,0.6952533506397677,0.0,239
452,eval,pact,3.0,0,0.023700621450150866,0.005559408034504977,0.00926567934267844,0.0,0.0,0.010018132034217682,0.6800406269697964,0.6990628730053682,0.55742372877927,74237.16058936977,0.04259844250571777,106.03644481164142,0.008811849844544565,107695.0,0.0,107433.0,0.0,0.0,0.9937616551770326,0.9000000000000004,0.894385460280973,1.7308185212858391,-0.04810308662143381,0.003333179769470007,0.007016423753088644,-0.08559078140118961,0.0,1.0,0.6990628709192002,0.0,239
453,eval,pact,3.0,0,0.4023595106228796,0.04992027518624526,0.08320045407099048,0.0,0.0,0.008518662707973662,0.6347341694592432,0.6120581124367575,0.34808959927269606,128965.08977020136,0.024072556067960754,68.45938953894452,0.025786375485664568,107933.0,0.0,107671.0,0.0,0.0,0.9795880161818101,0.9000000000000004,0.8816291894374033,0.7345312702771518,0.5003961288182133,0.001645877445116639,0.025286436071677843,-0.07540717102106971,0.006558058102614321,0.9748953974895398,0.612058115063099,0.0,239
454,eval,pact,3.0,0,0.4859937123801958,0.11636184668603004,0.19393640306636264,0.0,0.0,0.006951981882669936,0.683445975994964,0.6689704120408541,0.7594891683077712,23336.030338814067,0.043386448322060796,85.59251066830367,0.03699133392797479,108171.0,0.0,107909.0,0.0,0.0,0.9880099750462935,0.9000000000000004,0.889208957490562,0.9445173053132914,0.7257411715985655,0.02633290124557367,0.03738985940517865,-0.08947121038297842,0.07130775393928603,0.6694560669456067,0.6689704145030844,0.0,239
455,eval,pact,3.0,0,0.015004510717528821,0.003499202778535261,0.005832004456172715,0.0,0.0,0.011300101324869125,0.738305886420246,0.7359186379729953,0.6438949469741917,52948.15316912918,-0.06356756746083124,228.55150368024115,0.007700928935983752,108409.0,0.0,108147.0,0.0,0.0,0.9962584032174434,0.9000000000000004,0.8966325371834025,0.3009028753765061,0.2614588821686449,0.004999673092882875,0.006838582577398164,-0.08708170946757954,0.003917030178937061,0.9916317991631799,0.7359186398296341,0.0,239
456,eval,pact,3.0,0,0.4934485925616751,0.022196922906005057,0.036994869541029776,0.0,0.0,0.005563166067023687,0.495606374790479,0.49465781188410196,0.3833695697485154,64045.77170502092,0.12575057977735002,32.25355376558822,0.013148755463479265,108647.0,0.0,108385.0,0.0,0.0,0.9777300600975627,0.9000000000000004,0.8799570287620672,0.8446012238981986,0.49750479258931446,0.008761502689484394,0.012338587273863071,-0.06048567256185634,0.0,1.0,0.4946578086949952,0.0,239
457,eval,pact,3.0,0,0.06794362143753681,0.012355307211676757,0.02059217798581447,0.0,0.0,0.010257415976141536,0.689816411070245,0.6818341433253747,0.07783403141773793,136716.13143959205,0.18803705138867433,37.9583646463051,0.009717995345701608,108885.0,0.0,108623.0,0.0,0.0,0.9907517146365912,0.9000000000000004,0.8916765173359396,0.5143246164490773,0.4795883684676403,0.003820671120603733,0.009405252534923412,-0.07888556122553535,0.0,1.0,0.6818341432117431,0.0,239
458,eval,pact,3.0,0,0.04055126141090673,0.004641737735320139,0.007736229045526271,0.0,0.0,0.009733365494056477,0.6534376602043168,0.6667590153765978,-0.13456104150447198,191709.83085447174,-0.0009114239464716588,84.60762326388179,0.007771648553289691,109123.0,0.0,108861.0,0.0,0.0,0.9909303465148894,0.9000000000000004,0.8918372947551216,1.5604219520190084,-0.08768569142366878,0.003212010399643127,0.005975083247310322,-0.07511463961557267,0.0,1.0,0.6667590142044031,0.0,239
459,eval,pact,3.0,0,0.21562707504729067,0.03063027572131725,0.05105045584412696,0.0,0.0,0.008817144525412735,0.6558484458773705,0.6376929633537596,-0.5289905289008777,379935.8845449791,0.009550236555198247,65.15354005063428,0.010540820124839671,109361.0,0.0,109099.0,0.0,0.0,0.9836114188617243,0.9000000000000004,0.8852502481707968,0.7403715039099358,0.6957723991475391,0.001518947314707475,0.011710162830313037,-0.07043114742937508,0.0,1.0,0.6376929629623693,0.0,239
460,train,pact,3.0,0,0.00791006892580767,0.0019220113037027435,0.003203351970978284,0.0,0.0,0.015986876819423054,1.592711402531947,1.5915401752523797,0.0028020157682111246,2447.9438938795274,-0.060302608790632074,36.317594328684784,0.021708436210437144,109599.0,0.0,109337.0,0.0,0.0,0.9837959610767444,0.9000000000000004,0.885416348110183,4.691123688531337,-4.308593052991804,0.011818828759433764,0.018213706989977197,-0.19418633587765596,0.24327131368883348,0.3891213389121339,1.5915401819711696,0.0,239
461,train,pact,3.0,0,0.5020526421234931,0.10476240317979447,0.17460399492398462,0.03461392186426219,0.0,0.014149278577682113,1.4470436578016401,1.4538229863513963,0.4844581826890051,928.1602361830708,0.47779079691884907,5.921551479205926,0.05447220448945224,109837.0,0.0,109575.0,0.0,0.0,0.989314793542838,0.9000000000000004,0.8903832929403712,0.749205323246822,0.48055871040433984,0.0023156488896347582,0.055629271669527636,-0.1879782854139585,0.36119766165168105,0.24267782426778242,1.453822990615409,0.0,239
462,train,pact,3.0,0,0.29880202014860646,0.06800616606340547,0.11334360259727314,0.02738683935738009,0.0,0.01527663203400548,1.5246437728155606,1.5436172759682563,0.6338166010928453,968.3047536427007,0.6078776073755081,5.2500343213021505,0.05051598714072273,110075.0,0.0,109813.0,0.0,0.0,0.990993478308163,0.9000000000000004,0.8918941138179731,0.9049174017663577,0.42734214613190435,0.0228727429855132,0.04895004575339509,-0.19394766975565944,0.30009792575447336,0.37656903765690375,1.5436172776951151,0.0,239
463,train,pact,3.0,0,0.03316622928357742,0.008659090298157581,0.014431816794876415,0.0,0.0,0.015163183889340095,1.5780205252779078,1.5768076867239247,0.46821291937987675,905.471081338667,0.5509921367354224,7.236231246752719,0.00989939198213304,110313.0,0.0,110051.0,0.0,0.0,0.9898064607855666,0.9000000000000004,0.8908257923365637,0.20767748183468976,0.19924871595538862,0.0033989815424466806,0.00974856288889306,-0.18951665081770966,0.1993234220600018,0.502092050209205,1.5768076774450073,0.0,239
464,train,pact,3.0,0,0.09973254793120946,0.026641926301251628,0.0444032079194509,0.004944846096397943,0.0,0.015606712277152547,1.5724328127865013,1.5770938152049874,0.14902376776481258,842.2098008159813,0.3960035589200183,1.2411668380434044,0.023190675296033556,110551.0,0.0,110289.0,0.0,0.0,0.9898028191662234,0.9000000000000004,0.8908225158268438,0.3483611992615082,0.36933019272750944,0.008590822887852928,0.023524500113263118,-0.18898423800318903,0.1822012522626784,0.502092050209205,1.5770938195494133,0.0,239
465,train,pact,3.0,0,0.4948741555965635,0.11393702862419007,0.18989503676483113,0.044883986397268386,0.0,0.015448981831746495,1.5547292167671556,1.5926216925537238,0.7327408823009315,844.6743508821751,0.6801764418889289,2.806455242833333,0.05927523167679188,110789.0,0.0,110527.0,0.0,0.0,0.9913403209782046,0.9000000000000004,0.8922062703256328,0.8861899476425804,0.5234436746039576,0.03434881664091541,0.05989603125529216,-0.18921743442894012,0.18742395916792784,0.48535564853556484,1.5926216870341985,0.0,239
466,train,pact,3.0,0,0.0014944071429085072,0.0003567360177520218,0.0005945600166482847,0.0,0.0,0.015899215480039933,1.5964848411631885,1.5999321114568033,0.500625719959267,1113.4892889685211,0.5771408081054688,7.768947124481201,0.008062977793506662,111027.0,0.0,110765.0,0.0,0.0,0.99077945523681,0.9000000000000004,0.8917014933031473,5.2049623638859455,-4.012940875970234,0.006068867972140133,0.00718361553905296,-0.1906115007394241,0.19481290246001365,0.5104602510460251,1.599932106074263,0.0,239
467,train,pact,3.0,0,3.5839762234725213e-06,8.349044764293631e-07,1.3915075013067216e-06,0.0,0.0,0.015501178767937373,1.5780416140995266,1.5776654970695783,0.21324810418803558,1018.8824370954825,0.5771408081054688,7.768947124481201,0.0010766134743321668,111265.0,0.0,111003.0,0.0,0.0,0.9900475747914493,0.9000000000000004,0.8910427926474536,2.7947025321945955,-3.0271751728094065,0.0009734936987341776,0.000968453608137485,-0.1931031152297022,0.24422089676251518,0.4351464435146444,1.5776654944663746,0.0,239
468,train,pact,3.0,0,0.04055126141090673,0.009752618606364507,0.016254363483632427,0.0,0.0,0.015908674792889273,1.5836044525002835,1.584402146199757,-0.016999274919931796,933.3803276796222,0.31955613124196003,3.7719404827101957,0.013192859970868047,111503.0,0.0,111241.0,0.0,0.0,0.9902507343551604,0.9000000000000004,0.8912256389981035,0.516087211850245,0.14801293548452765,0.005740153797547803,0.012626963887981306,-0.19903725590471594,0.327902905130716,0.38493723849372385,1.5844021493070983,0.0,239
469,train,pact,3.0,0,0.3859785423496817,0.08986487460337778,0.1497747785823468,0.052681628505555154,0.0,0.016245390052778575,1.558132907087334,1.5816625468900514,0.5572764035781931,904.619067331737,0.5302918370672849,4.988013176239684,0.06700079086544498,111741.0,0.0,111479.0,0.0,0.0,0.990999598134013,0.9000000000000004,0.8918996181448134,0.7073935039360796,0.3852215614354665,0.029560959454187574,0.06638260388739065,-0.2008136710285023,0.3380218997596368,0.33472803347280333,1.5816625564115236,0.0,239
470,train,pact,3.0,0,0.1371777911142497,0.03503536497637051,0.058392270963945156,0.01160136937596309,0.0,0.01613096292734645,1.5641617894671451,1.5715633186835125,0.43760327028430157,1070.1369207533833,0.472923623557713,6.521505217671893,0.025043215036146718,111979.0,0.0,111717.0,0.0,0.0,0.9908296149146107,0.9000000000000004,0.8917466317260615,0.35814264696139464,0.37717143929152885,0.004648865793668036,0.026065321564654895,-0.1833210652044975,0.1429716015312027,0.5941422594142259,1.5715633155207993,0.0,239
471,train,pact,3.0,0,0.472293708546508,0.11749921235292338,0.19583200360030334,0.06009889715136843,0.0,0.01597358136550839,1.5832112773192977,1.5865655114959971,0.5626075938655741,903.6669308969665,0.5174280363894905,1.4132892781221718,0.06377035376292392,112217.0,0.0,111955.0,0.0,0.0,0.9913916817270063,0.9000000000000004,0.8922524908596502,0.619421971429307,0.5843042381551158,0.06261225771524158,0.06688958646585409,-0.20063660544833098,0.31769488708863763,0.401673640167364,1.5865655093898925,0.0,239
472,train,pact,3.0,0,0.0,0.0,0.0,0.0,0.0,0.016101710917233298,1.560869926189279,1.5884023206503322,0.43736422672930125,965.3811336501373,0.7903937697410583,1.357126235961914,0.03329257846485519,112455.0,0.0,112193.0,0.0,0.0,0.9905148390446746,0.9000000000000004,0.8914633283555258,nan,nan,0.028972440621587662,0.02897244024116772,-0.19304150176209187,0.23772218760200595,0.4393305439330544,1.5884023295579495,0.0,239
473,train,pact,3.0,0,0.23223904260317552,0.05269438312300367,0.08782396651541112,0.027957398397653172,0.0005705591649689933,0.01557796484903748,1.5447183897305732,1.5685781467409812,0.4673658144897996,919.3512746898699,0.5467958272002232,3.9376048602818443,0.0493426673303292,112693.0,0.0,112431.0,0.0,0.0,0.9905132277241312,0.9000000000000004,0.8914618861226358,0.7669864606963985,0.2641963515449156,0.018178744636844064,0.04741422082180601,-0.1977289010478553,0.328169975370189,0.3263598326359833,1.5685781577818045,0.0,239
474,train,pact,3.0,0,0.43414843287689137,0.10192778095466055,0.16987962823303437,0.049258274139220744,0.0,0.01614803097222515,1.5649620361906713,1.5822228031178398,0.4982670584233735,971.6969691320443,0.5351021341262502,2.75628001595142,0.04545821076688633,112931.0,0.0,112669.0,0.0,0.0,0.9903642689832584,0.9000000000000004,0.8913278208118104,0.5363127228100543,0.5666195999532126,0.003971798935115499,0.050483895394859535,-0.19052599470511755,0.2177512685836375,0.4435146443514644,1.5822228098023015,0.0,239
475,train,pact,3.0,0,0.47389736845189456,0.10150701068513432,0.1691783399690234,0.0336629906084747,0.0,0.014926376224546128,1.4905993342399597,1.493333371613315,0.8101244835674014,917.0705540868528,0.73777575123759,3.7650910571030494,0.04841287670438821,113169.0,0.0,112907.0,0.0,0.0,0.9905476652428695,0.9000000000000004,0.8914928842787962,1.01038389264322,0.6119117160021741,0.038541003875434396,0.046863867203747876,-0.1928128516834874,0.36250333837799337,0.26359832635983266,1.4933333779147242,0.0,239
476,train,pact,3.0,0,0.00014589585375555142,4.0001570170152945e-05,6.666928215564139e-05,0.0,0.0,0.016043826072597602,1.5922416620673494,1.5917912494687356,0.5935578386155133,979.595919684885,0.5379261374473572,9.627793312072754,0.007268720013956505,113407.0,0.0,113145.0,0.0,0.0,0.9906927227475154,0.9000000000000004,0.8916234309204453,0.8624835080835593,-0.6293496322755119,0.0066505151147424,0.006490181898211118,-0.19676941473385953,0.2657348882756165,0.41841004184100417,1.5917912428673988,0.0,239
477,train,pact,3.0,0,0.05326771741892722,0.013541765622953238,0.02256960850502928,0.0,0.0,0.01574636841091526,1.5594912118991548,1.5625918208305807,0.3446950110992627,829.4722854422724,0.5062449242779401,8.278623295129593,0.010405648226954946,113645.0,0.0,113383.0,0.0,0.0,0.9898224288449626,0.9000000000000004,0.8908401595498727,0.2858428645418214,0.2918213215657808,0.0009959814050572195,0.010722065186056173,-0.1906263783238377,0.23979940057568472,0.40585774058577406,1.562591814483218,0.0,239
478,train,pact,3.0,0,0.19109905445188377,0.04704543604434757,0.07840905583153208,0.0184480792308951,0.0,0.015575327548085396,1.5649358645143867,1.5747235574482874,0.2855946387487725,919.1706402511278,0.3982479218783239,1.196262080799087,0.036597443867774845,113883.0,0.0,113621.0,0.0,0.0,0.9908031292540259,0.9000000000000004,0.891722794357204,0.41355179337968623,0.4285473000257656,0.015485733203631617,0.03757843357378375,-0.18616291861546727,0.1730021662363868,0.5355648535564853,1.5747235421430428,0.0,239
479,train,pact,3.0,0,0.5013695566800022,0.11583479540777224,0.1930579804712697,0.05058957860808991,0.0,0.01594297583195455,1.5403001360813444,1.5817636453456958,0.5863912711582423,1020.4997658190866,0.5257631552144574,2.117834213139123,0.07127687267210943,114121.0,0.0,113859.0,0.0,0.0,0.9911639812601162,0.9000000000000004,0.8920475548780115,0.7970967990349357,0.46673493074058203,0.1423981970708285,0.07107809081938601,-0.19318407862834858,0.22887919522834504,0.46443514644351463,1.5817636453274408,0.0,239
480,eval,pact,3.0,0,0.497250765612289,0.10174060743500597,0.16956766969243028,0.004564473070360128,0.0,0.010750778340909895,0.7291420582198698,0.7129551351818579,0.5215163647380334,3427.213859015429,0.30095784578113877,13.358816114429649,0.04554737260697651,114359.0,0.0,114097.0,0.0,0.0,0.9968436018692399,0.9000000000000004,0.8971592123039597,0.8322004744982096,0.5895902278427874,0.030175223670623922,0.0458502488261455,-0.0967832821875699,0.008813317902608385,0.9874476987447699,0.7129551303595101,0.0,239
481,eval,pact,3.0,0,0.4367288415779668,0.08055081235550643,0.13425134851090795,0.009319132778435072,0.0,0.010673862808894475,0.6964202079314068,0.7016514431233186,0.35402392867219995,23198.86078468227,0.14692677753085123,116.33681292513923,0.03902639717323449,114597.0,0.0,114335.0,0.0,0.0,0.9925737413402381,0.9000000000000004,0.8933163497238479,0.7920629642113237,0.5885140378217475,0.018571768517551178,0.04049779876489894,-0.09479589515519388,0.021157897860470638,0.9623430962343096,0.7016514478570108,0.0,239
482,eval,pact,3.0,0,0.0012663892698259907,0.00035551594158441654,0.000592526526534472,0.0,0.0,0.011039114074009981,0.731858293381695,0.743904396829246,0.4519594347875986,127950.74254707113,0.1650005578994751,227.97801208496094,0.007567762741604703,114835.0,0.0,114573.0,0.0,0.0,0.9940671542947761,0.9000000000000004,0.894660415135667,0.5199137940549168,0.019620373432811866,0.006416765531957116,0.0063058545766203475,-0.08723038143380185,0.003412564171043651,0.99581589958159,0.7439043989392804,0.0,239
483,eval,pact,3.0,0,0.15197705929011698,0.02974931750183284,0.049582192810939354,0.0,0.0,0.008830028591934732,0.7021187087481989,0.674758284411171,0.20415744010081893,244906.14608394352,0.13154853140413136,166.37855949561467,0.009343656493062505,115073.0,0.0,114811.0,0.0,0.0,0.9844703148099668,0.9000000000000004,0.8860232672930761,0.698368147479164,0.7291170067684741,0.0014775695437694797,0.011047078423673544,-0.07824669798283031,0.04344342562093831,0.899581589958159,0.6747582856160852,0.0,239
484,eval,pact,3.0,0,0.22391449630794566,0.05078237845374746,0.08463729345529823,0.00646633714063397,0.0,0.009551146439818284,0.7243136597727133,0.755883143910803,0.6179571069434098,26010.930647718356,0.04975446996719393,103.35437919903998,0.028838424947284256,115311.0,0.0,115049.0,0.0,0.0,0.9901061367290289,0.9000000000000004,0.8910954989274675,1.0620351395331782,0.5226203696016378,0.007820516218623471,0.02462931972378904,-0.10031561037105659,0.01973352324994807,0.8535564853556485,0.755883144004653,0.0,239
485,eval,pact,3.0,0,0.38597856810663256,0.042416908775555984,0.07069484492547486,0.0,0.0,0.006391640179732106,0.6085813591669793,0.5741546629113632,0.6351664260840316,56025.8823875523,0.07802516468274544,75.51030673940811,0.011984067341647886,115549.0,0.0,115287.0,0.0,0.0,0.9816798532857057,0.9000000000000004,0.8835118492153399,0.7429197365433068,0.7680514850246383,0.004114796087036238,0.014064471253922607,-0.06485381797670205,0.0,1.0,0.5741546563210548,0.0,239
486,eval,pact,3.0,0,0.2364116824699286,0.07603847115732297,0.12673078026946086,0.004564473319751947,0.0,0.009381560692524686,0.7687265047468401,0.8032248715975294,0.7251876340750371,44037.34835087605,-0.053475040392441164,214.6797767164318,0.03282731570396962,115787.0,0.0,115525.0,0.0,0.0,0.9909900474249069,0.9000000000000004,0.891891019613673,1.1028607078255295,0.6772267024528946,0.01433553149151366,0.02711781745223196,-0.10573478924773662,0.1285498085996617,0.7573221757322176,0.8032248714247285,0.0,239
487,eval,pact,3.0,0,0.0003611348120901913,6.667228405135899e-05,0.00011112046323056142,0.0,0.0,0.011536471658701926,0.7637778036763977,0.7650666154578141,0.5908880692645596,123065.00307269875,-0.1242123618721962,314.8242492675781,0.0035363234609762932,116025.0,0.0,115763.0,0.0,0.0,0.9951088818795512,0.9000000000000004,0.8955979742515037,8.101917539529406,-15.150227563935669,0.002317653884682314,0.0027348330579542216,-0.09362821444918042,0.0014837235526276745,0.99581589958159,0.7650666153848212,0.0,239
488,eval,pact,3.0,0,0.39917434158470244,0.07842723722331425,0.13071205436492134,0.0,0.0,0.007944914277557237,0.6884699006210311,0.7135996138949773,0.6617753165286954,31733.257322175734,0.030446813930367668,115.90408995560523,0.03306372146800192,116263.0,0.0,116001.0,0.0,0.0,0.9835088779237978,0.9000000000000004,0.8851579702050117,0.9679827854878573,0.6239930464250398,0.009454755684544828,0.030886739729143773,-0.09116807660473274,0.024481438618356628,0.8619246861924686,0.7135996128371774,0.0,239
489,eval,pact,3.0,0,0.06036286422683006,0.010805718378148288,0.018009529677462017,0.0,0.0,0.00974528905234171,0.6963208810305496,0.7000819538178304,0.6291685181681581,59845.42341134937,0.07280867420931865,54.13816049009188,0.007558969468088766,116501.0,0.0,116239.0,0.0,0.0,0.992817340286207,0.9000000000000004,0.8935355798469926,1.0912434446348227,0.5018637986080696,0.0027019682406270178,0.006293358290996636,-0.08591459979582393,0.0022255853289415116,0.99581589958159,0.7000819608161613,0.0,239
490,train,pact,3.0,0,0.06283617998029117,0.017747555650956613,0.02957925851707735,0.0009509319416149889,0.0,0.015919156288767087,1.5758083799394105,1.575998096785286,0.17284702987504624,3567.2137576306714,0.11231116115049339,49.396465288046514,0.014589680830174976,116739.0,0.0,116477.0,0.0,0.0,0.9799021547309524,0.9000000000000004,0.8819119119743922,0.29514398893006316,0.30653293542911497,0.002377156956500521,0.01456906475084214,-0.18729868483882953,0.18282441615478207,0.5230125523012552,1.5759980838870975,0.0,239
491,train,pact,3.0,0,0.46716103549544,0.10992451121581394,0.18320750602501276,0.0515405098638774,0.0,0.015526675085330607,1.5332987532954834,1.5481895323079002,0.5040836780016392,964.2359866856531,0.5131009718613645,1.1971726517298231,0.05249350414042474,116977.0,0.0,116715.0,0.0,0.0,0.9906782687458533,0.9000000000000004,0.891610420897416,0.624499203546585,0.6116277722788219,0.03881835856440442,0.056415654586386484,-0.18680104676184228,0.2130923766283866,0.4225941422594142,1.5481895391468548,0.0,239
492,train,pact,3.0,0,0.13356819286291968,0.029642661083743554,0.04940443300919351,0.0024724230481989714,0.0,0.016387638020247345,1.601532826363791,1.6214490600210851,0.6698963270526551,913.8799111593718,0.7118853512668211,7.640267047423199,0.034702714338750586,117215.0,0.0,116953.0,0.0,0.0,0.9909303914054168,0.9000000000000004,0.8918373292958887,1.4647840487011268,0.24487571637632632,0.017649428065766224,0.03002265857963211,-0.19859655284585476,0.2623519985756254,0.4100418410041841,1.6214490568193753,0.0,239
493,train,pact,3.0,0,0.4554288766948919,0.09627938061697111,0.16046562520302463,0.02890833058865998,0.0,0.015778650671913908,1.541198034166791,1.5401050236434617,0.5829511393313628,865.0223986254576,0.6213169616323635,4.162415831907025,0.043564621775331186,117453.0,0.0,117191.0,0.0,0.0,0.9898000648829728,0.9000000000000004,0.8908200281434479,0.5371214510462449,0.5558403609226958,0.0028561243321746587,0.04744927409734814,-0.1804822801607129,0.14676993382592954,0.497907949790795,1.5401050291230083,0.0,239
494,train,pact,3.0,0,0.00014589538669387058,6.327701170654056e-05,0.0001054616858325431,0.0,0.0,0.01644419291286601,1.5971634759563782,1.623661240773221,0.37933695827567926,1138.1601393951032,0.8186384439468384,0.8833375573158264,0.03198903785588875,117691.0,0.0,117429.0,0.0,0.0,0.9919821098758586,0.9000000000000004,0.892783871505051,111.4304070494611,-132.01550256314454,0.021772685891382187,0.02803179671039033,-0.19447020518747207,0.200569749844209,0.497907949790795,1.6236612492753044,0.0,239
495,train,pact,3.0,0,0.3028837280172224,0.07562772359881792,0.12604619852017204,0.04697603666882136,0.0001901863883229978,0.016677358739124806,1.5829252303893595,1.6242368131501903,0.5152753598395751,1091.65531480861,0.6148236620251604,4.448800163538386,0.0604039382162235,117929.0,0.0,117667.0,0.0,0.0,0.9913138467896434,0.9000000000000004,0.8921824327073835,0.7570485890722626,0.35736706587289324,0.023560966523886423,0.05892831905916427,-0.20060878478573027,0.28751595002819075,0.401673640167364,1.6242368154711233,0.0,239
496,train,pact,3.0,0,0.3308880299083897,0.0817077546491274,0.13617958023109222,0.05705591518759229,0.0003803727766459956,0.01634057231878698,1.5688617179583306,1.607836786423767,0.5658073017537344,1000.5140654113003,0.45141956034782793,5.134306200877393,0.06355778156160123,118167.0,0.0,117905.0,0.0,0.0,0.9915002175454815,0.9000000000000004,0.8923501714004134,0.7604048315982833,0.3737625176535895,0.026447401037439703,0.062306702407817334,-0.19773669987659598,0.2660613074571946,0.40585774058577406,1.607836776242614,0.0,239
497,train,pact,3.0,0,0.3069478625608959,0.06618685025379484,0.11031140745032328,0.02168124789473402,0.0,0.01508138453291737,1.5227353635193415,1.5251557482835139,0.48630046071367783,787.2149867612447,0.5109103172394023,4.765984970156618,0.03649454662857858,118405.0,0.0,118143.0,0.0,0.0,0.9895496178870421,0.9000000000000004,0.8905946352990601,0.46001193059370327,0.4852006553984194,0.0048711760368259655,0.039481780455846174,-0.18303488670857362,0.19502062375738152,0.4686192468619247,1.5251557432159242,0.0,239
498,train,pact,3.0,0,0.4982182329869342,0.11283497394142006,0.1880582763634764,0.04355268205309513,0.0,0.01507939571109464,1.4841834880318103,1.5172932414828983,0.5834138582939882,968.6307207051681,0.6337758856338437,1.539730952125214,0.06843802938432623,118643.0,0.0,118381.0,0.0,0.0,0.9909656431884446,0.9000000000000004,0.8918690589182546,0.8156115876977412,0.511363079088089,0.10702270701527596,0.06734203252840054,-0.18934312560434327,0.2958544763939583,0.3263598326359833,1.517293236757639,0.0,239
499,train,pact,3.0,0,0.3756273159996906,0.08660470767015901,0.1443411687445458,0.035755040256548125,0.0,0.014829787071092858,1.4315099773546642,1.44258030588158,0.6142835352710101,946.7253678453517,0.43375816953730884,4.598887142775947,0.05631586652108815,118881.0,0.0,118619.0,0.0,0.0,0.9910461718068462,0.9000000000000004,0.8919415439023134,0.5576481773065984,0.5569277842798912,0.04352946654597128,0.059004337409955435,-0.19099061073043389,0.35938751891747545,0.3179916317991632,1.4425802934659016,0.0,239
500,train,pact,3.0,0,0.40235948536471244,0.08036923261317809,0.13394871194269478,0.026626093928784008,0.0,0.014226194942627243,1.4951051688094519,1.496893269995765,0.7548378301963646,929.3033797132421,0.6784329347031884,3.8712630124770446,0.04329006446166954,119119.0,0.0,118857.0,0.0,0.0,0.9895173548155749,0.9000000000000004,0.8905656060913117,1.0350842442904802,0.5988463417211161,0.029501831537345424,0.04159704601454498,-0.18508956849119965,0.25095700169144486,0.3682008368200837,1.4968932776498205,0.0,239
501,train,pact,3.0,0,0.27401919350725557,0.07290646483857798,0.12151076401127565,0.04374286819202631,0.0,0.014633002086975086,1.5320090055465698,1.5539083381078234,0.6067531425583812,854.683718629462,0.5054332815328901,4.652658723138865,0.03762952544118539,119357.0,0.0,119095.0,0.0,0.0,0.9904108152229916,0.9000000000000004,0.891369706916011,0.4943880030034382,0.5329704451356141,0.006690239636921896,0.04099251093561118,-0.18539685389684057,0.1841300928810944,0.4895397489539749,1.5539083359372967,0.0,239
502,train,pact,3.0,0,0.42045798061068984,0.10799807735483795,0.17999678598979885,0.03746671781380306,0.0,0.017484470504378923,1.61138915466963,1.6565508907310134,0.7375412428728207,1212.071322516916,0.5993311824160141,6.210855339860317,0.06027421004150577,119595.0,0.0,119333.0,0.0,0.0,0.9922449301975043,0.9000000000000004,0.8930204139094972,1.0039297523088866,0.5677912207465261,0.03932680914530883,0.05654201618391849,-0.19980019100385168,0.2305112911362355,0.4811715481171548,1.6565508894574736,0.0,239
503,train,pact,3.0,0,0.010237411712357194,0.0023209549745846912,0.0038682581265424097,0.0,0.0,0.016131357391166137,1.602513600094049,1.6060528610540734,0.5159114693996797,1209.1862854259284,0.4556304182716992,2.792138496702186,0.006886588565169377,119833.0,0.0,119571.0,0.0,0.0,0.990633773255049,0.9000000000000004,0.8915703842829461,1.0533202448351293,0.18763790690355941,0.0052505014839470295,0.00626967037122192,-0.19976643024383317,0.28837650968871475,0.41422594142259417,1.6060528649832309,0.0,239
504,train,pact,3.0,0,0.4955261337087284,0.12760867278352084,0.21268110362831508,0.06903765783898501,0.0,0.01724664661176035,1.6064038645772256,1.6392496948960436,0.6077005896857592,1093.797737919636,0.5659619963817517,3.094042122862828,0.07788518244579871,120071.0,0.0,119809.0,0.0,0.0,0.9922014704309248,0.9000000000000004,0.8929813085240799,0.7516661892769545,0.4434786201410891,0.04905495274191101,0.0780732218121572,-0.20758870418257505,0.33357072910175384,0.3514644351464435,1.6392496815083106,0.0,239
505,train,pact,3.0,0,0.020964593625584595,0.005445560005747329,0.009075932995572763,0.0,0.0,0.015767399361941607,1.589785467131866,1.5914319035398412,0.4754135207152267,1146.4882304299326,0.4820846152317975,7.9791396941101205,0.014158258414301227,120309.0,0.0,120047.0,0.0,0.0,0.9900438750638124,0.9000000000000004,0.8910394630172761,0.2214458952719906,0.20270336326800042,0.010819139227585522,0.013227401343763661,-0.18974177404037537,0.1894121487284489,0.5230125523012552,1.5914319090739297,0.0,239
506,train,pact,3.0,0,0.2864649582486312,0.07737501681837164,0.12895835161700583,0.04146063159449829,0.0011411183299379866,0.014520212117520212,1.461028608567545,1.4849202341115624,0.5670470843504662,1208.188622127517,0.3453892401446857,7.345864619670054,0.0576929192167851,120547.0,0.0,120285.0,0.0,0.0,0.9913162606530609,0.9000000000000004,0.8921846116437074,0.8875965828799933,0.4218759509507988,0.024905155028996838,0.05501620410006322,-0.19687559242177016,0.41220807739102056,0.24686192468619247,1.4849202300200852,0.0,239
507,train,pact,3.0,0,0.2322390740961382,0.0533952202913573,0.08899202730965622,0.024914416558572936,0.0,0.01590409951681996,1.5219685338032296,1.5185400728900063,0.4845370459506701,915.1988361949202,0.39101388857205044,7.183517997733719,0.031917400943080286,120785.0,0.0,120523.0,0.0,0.0,0.9896407947879456,0.9000000000000004,0.8906766999216758,0.44571955504720734,0.462378915207342,0.005505566390873413,0.034011150588024265,-0.18423333715267554,0.21371554052049022,0.45188284518828453,1.5185400679832681,0.0,239
508,train,pact,3.0,0,0.5013695556751894,0.12120462967920415,0.20200770427189157,0.041270445143827335,0.0,0.01691029829491382,1.5965918831246668,1.6247350334123587,0.6997789650781384,1018.4886397996208,0.557370971560977,3.7203506794933494,0.07296750107663197,121023.0,0.0,120761.0,0.0,0.0,0.9920648750400942,0.9000000000000004,0.892858361100552,0.9387519941990257,0.43064118900691317,0.06063234167439597,0.07142727802191942,-0.1966886687184111,0.22671295884150863,0.49372384937238495,1.6247350325245744,0.0,239
509,train,pact,3.0,0,0.0010625928217568533,0.0002857164496109747,0.00047619404468152507,0.0,0.0,0.016277105699460875,1.5838991712825568,1.5937760519682114,0.4819663235582567,1291.4100331581785,0.37580472230911255,11.278249740600586,0.012493409904788704,121261.0,0.0,120999.0,0.0,0.0,0.9912917145126534,0.9000000000000004,0.8921625182718412,0.49424276413880686,-0.028314839796156566,0.01170779580032169,0.011215536994835221,-0.18773688253266346,0.17484198344164514,0.5439330543933054,1.5937760592849541,0.0,239
510,eval,pact,3.0,0,0.4769458410955545,0.07349406908664506,0.12249010732957838,0.0019018638832299778,0.0,0.007021399729234404,0.7179253511598419,0.6867860680344713,0.5247221476862122,2354.622205662428,0.1811051646356615,8.04649157304644,0.025994500380582236,121499.0,0.0,121237.0,0.0,0.0,0.9912364512806657,0.9000000000000004,0.8921127835577003,0.7708925783744693,0.651639959202329,0.001755824848563255,0.02685058502374201,-0.08572755240702841,0.09412742217869967,0.803347280334728,0.686786068345314,0.0,239
511,eval,pact,3.0,0,0.3756273159996906,0.0690500688438554,0.11508344175979869,0.0,0.0,0.009456710851942208,0.7432531999993025,0.687985764637153,0.687020847488148,15460.50993213095,0.05949256894306307,28.22736626788662,0.03412623434993887,121737.0,0.0,121475.0,0.0,0.0,0.991367714674403,0.9000000000000004,0.8922309252008733,0.6166473348871783,0.568716703667372,0.010438069452489302,0.03557358769345327,-0.08144570907313192,0.0025816789815721534,0.9916317991631799,0.6879857607460055,0.0,239
512,eval,pact,3.0,0,0.28232660558694295,0.05897487872716434,0.09829145942721614,0.0009509319416149889,0.0,0.010916529449334205,0.7661390768434213,0.7674672905371279,0.4437109160872184,41085.67192811846,0.02348696255839245,40.527921349433676,0.04037239070140044,121975.0,0.0,121713.0,0.0,0.0,0.9896670278146177,0.9000000000000004,0.8907003068524924,0.699186810003788,0.5669985823105572,0.02769554447565627,0.03970829290669084,-0.08657959582227921,0.0,1.0,0.7674672894040937,0.0,239
513,eval,pact,3.0,0,0.2364116824699286,0.06391001525377026,0.10651668669776718,0.005705591524994024,0.0,0.013441526923313052,0.8891796177899988,0.9383706578899128,0.43359620476367583,113332.45547038442,0.03370959700619077,148.2358035642233,0.04015047110180725,122213.0,0.0,121951.0,0.0,0.0,0.9958987452993832,0.9000000000000004,0.896308841316271,0.9996128611106356,0.5786571154830156,0.023086106692387805,0.03694148003571827,-0.10937091697513304,0.0033235407578859908,0.9916317991631799,0.9383706602065746,0.0,239
514,eval,pact,3.0,0,0.48366004122113304,0.08003053903893827,0.13338422673359482,0.0,0.0,0.00639777031929766,0.7307066927395106,0.7020550572223743,0.5782474705863697,69172.88027915795,0.020413043950269123,74.45105334605134,0.02428849171321044,122451.0,0.0,122189.0,0.0,0.0,0.9841409146037561,0.9000000000000004,0.8857268118708702,0.8217456085875151,0.7391792279524191,0.012766092430886835,0.025079725015027816,-0.09358606866463592,0.12288198462862399,0.7196652719665272,0.7020550564425021,0.0,239
515,eval,pact,3.0,0,0.43414843287689137,0.04946176075690684,0.08243626238580108,0.0001901863883229978,0.0,0.007175418167378925,0.6952236041613703,0.6731302407745537,0.6647955121854359,35558.82871338912,-0.0028482814162100615,40.47995839059104,0.02154273640268938,122689.0,0.0,122427.0,0.0,0.0,0.9852246998743033,0.9000000000000004,0.8867022075912444,0.7697494689264204,0.6376722077980636,0.010166222027138523,0.021759072539326442,-0.0757270450003366,0.0018991661473634232,0.9874476987447699,0.6731302395059738,0.0,239
516,eval,pact,3.0,0,0.33866766505446294,0.09431261120854025,0.15718767693487048,0.0038037277664599556,0.0,0.01064679356171091,0.888206058216893,0.9058659781222563,0.758594838645169,36051.79464402458,-0.011122170516200146,121.86018816896063,0.030313865031275478,122927.0,0.0,122665.0,0.0,0.0,0.9924721189123816,0.9000000000000004,0.893224890511405,0.9827926016677894,0.7368377842063691,0.012034223174999411,0.02848170919608808,-0.1256222547323634,0.24549689901777502,0.6317991631799164,0.9058659802730159,0.0,239
517,eval,pact,3.0,0,0.007910073110366154,0.0017384227664391588,0.002897371110924282,0.0,0.0,0.012198411339356187,0.8447091650513925,0.841428042705089,0.6698239291063413,182163.60857413703,-0.04922447339573166,198.85478342926154,0.005692071541968468,123165.0,0.0,122903.0,0.0,0.0,0.9952019497939234,0.9000000000000004,0.8956817363595364,0.5149168679072995,0.30073005598274194,0.004095888444096534,0.004814829391419545,-0.09418996716697532,0.0016617703789429954,0.9916317991631799,0.8414280455669623,0.0,239
518,eval,pact,3.0,0,0.3825699220520223,0.025142053089918768,0.04190341935908421,0.005895777850969067,0.0,0.007723913331239418,0.6443623424075139,0.6785746037211877,0.22303089578187865,34150.1107887683,0.15639410358093772,47.615392563233314,0.02257785095665682,123403.0,0.0,123141.0,0.0,0.0,0.9827681789213644,0.9000000000000004,0.884491337704858,0.6902471154177706,0.1696136370233,0.004246084471666362,0.021233197143807944,-0.07944871260127984,0.008635271076293066,0.9874476987447699,0.6785746071735286,0.0,239
519,eval,pact,3.0,0,0.426090166965406,0.08888521092773607,0.1481420090505449,0.0005705591649689933,0.0,0.00983523355337117,0.7802385620492273,0.6952948117605313,0.015401137102332948,57877.749436127095,0.04380163382524507,52.393280212849255,0.037058338133236356,123641.0,0.0,123379.0,0.0,0.0,0.9860935066534385,0.9000000000000004,0.8874841361115667,0.6341589790065689,0.599630731758388,0.002497228525397885,0.03932693118139883,-0.08429424140432744,0.009169411555239027,0.9748953974895398,0.695294817072208,0.0,239
520,train,pact,3.0,0,0.00595315217983492,0.001882014078892783,0.0031366900000640847,0.0,0.0,0.016737452597127424,1.5975499816519445,1.6421243191762949,0.06957923120937883,2924.992681399549,0.09645211825996762,35.534402897667185,0.036792810048681984,123879.0,0.0,123617.0,0.0,0.0,0.9864648228908682,0.9000000000000004,0.8878183142909445,0.29813511966983264,0.1294716028736146,0.03458310466126672,0.032038771099251184,-0.19043897006939234,0.13659159025490372,0.5732217573221757,1.642124330217746,0.0,239
521,train,pact,3.0,0,0.42329977726598883,0.10192964171344167,0.16988272481138206,0.048877900427355424,0.0,0.016403400000169186,1.6178714211515801,1.6020889125109716,0.33526785609363013,1120.328968510967,0.3476537151747309,1.5142095774786244,0.05039424836420294,124117.0,0.0,123855.0,0.0,0.0,0.9904780886662057,0.9000000000000004,0.891430262242401,0.48101263842236963,0.5220593884625462,0.004920663717139053,0.05545786741797551,-0.1939698585466752,0.23558562568622218,0.4476987447698745,1.6020889084184482,0.0,239
522,train,pact,3.0,0,0.10614912902745642,0.03185107392705485,0.05308512065182859,0.0005705591649689933,0.0,0.017359147062642057,1.6017139122575896,1.644348569245518,0.5549578064405768,1259.5575722411088,0.41691041217189456,12.314743213823151,0.04135902442094562,124355.0,0.0,124093.0,0.0,0.0,0.9917293273255416,0.9000000000000004,0.8925563658131715,1.5778694208120043,0.14974574553062714,0.01944534742617446,0.035259172035416265,-0.19758397779901554,0.2182557345915309,0.48535564853556484,1.6443485711607657,0.0,239
523,train,pact,3.0,0,0.5018883339752502,0.12295839296627595,0.20493064338283695,0.05039939165863532,0.0,0.014440404859110401,1.487820158942474,1.5045807630945949,0.6582965708676741,1084.3837484575215,0.4921298644283327,3.8937654884290493,0.06408073697784705,124593.0,0.0,124331.0,0.0,0.0,0.9900792353322815,0.9000000000000004,0.891071286660358,0.7826990577838796,0.48812365433099936,0.02692503026790089,0.06459784183249843,-0.19194718893506588,0.3099201756728686,0.32217573221757323,1.5045807699853486,0.0,239
524,train,pact,3.0,0,0.0007224776207325224,0.00011667169631258136,0.00019445282513778423,0.0,0.0,0.015471371321327143,1.5732840878195344,1.5739644531425572,0.5555452474989153,992.483879823565,0.36220476031303406,11.854208946228027,0.015206140611918885,124831.0,0.0,124569.0,0.0,0.0,0.9908488839241252,0.9000000000000004,0.8917639739343811,0.6053686091468262,-0.2994142586146933,0.014270563543670707,0.013581631449806196,-0.18469433651354397,0.150063800112763,0.5690376569037657,1.573964461705464,0.0,239
525,train,pact,3.0,0,3.583932445953487e-06,5.632218934993054e-07,9.387031355366173e-07,0.0,0.0,0.015994999698016436,1.5869956156199947,1.5863271492794468,0.32772748120651274,966.6614923836297,0.36220476031303406,11.854208946228027,0.0012881666767292754,125069.0,0.0,124807.0,0.0,0.0,0.9907633617333288,0.9000000000000004,0.8916870101226424,26.911424466865025,-28.322845204133777,0.001152658972648096,0.0011577730198330748,-0.18988756421180714,0.19686044096263983,0.4895397489539749,1.5863271474286822,0.0,239
526,train,pact,3.0,0,0.10942615455924436,0.02751009395434879,0.0458501540209201,0.002852795824844967,0.0,0.01574108421716792,1.5946383930150434,1.5881045059180159,-0.9571376431628158,942.8280144216625,0.3357545133976258,9.39442975451258,0.02000485341684367,125307.0,0.0,125045.0,0.0,0.0,0.990143725562794,0.9000000000000004,0.8911293375941001,0.28796049745659724,0.2986388501117875,0.000979427642412189,0.020759964374200114,-0.18582074416749483,0.15193329178907383,0.5355648535564853,1.5881045051223324,0.0,239
527,train,pact,3.0,0,0.5020884493196984,0.11032777670573306,0.18387961809530223,0.036896159022921794,0.0,0.015285520450013327,1.5137334977233758,1.535219448630281,0.6669650332199479,829.7623804323842,0.6085844527477998,2.3284361856253075,0.0567830075805999,125545.0,0.0,125283.0,0.0,0.0,0.9898529174936367,0.9000000000000004,0.8908676093592305,0.8927785060155733,0.4888854225292443,0.042011513374745846,0.05698427100272296,-0.18510065772532916,0.20662334193892992,0.41422594142259417,1.535219462470302,0.0,239
528,train,pact,3.0,0,0.49975553764743685,0.10404162891082633,0.17340270579446662,0.033282617582436884,0.0,0.015389259405839394,1.5337099831972163,1.5529446162938074,0.7267824890224505,708.2863455417266,0.6231032528263755,3.3025681084668785,0.05956965750550937,125783.0,0.0,125521.0,0.0,0.0,0.9902462971759142,0.9000000000000004,0.8912216529686581,0.826224189315226,0.480005338485635,0.055725871274868645,0.05993266512199488,-0.1830541335194446,0.1531796195732811,0.5062761506276151,1.552944609177026,0.0,239
529,train,pact,3.0,0,0.03145542497177721,0.009839724148162124,0.016399539120360882,0.0,0.0,0.016451536921324464,1.6103554245817113,1.6168781880554295,0.5114891414363015,1097.3964710953844,0.5444736042406768,8.792772938018064,0.016904925722940573,126021.0,0.0,125759.0,0.0,0.0,0.9915314117236117,0.9000000000000004,0.8923782491783717,0.2500591701681706,0.23141959654839672,0.010682131931681266,0.016136073273320187,-0.18774440443500107,0.13899522241016052,0.5606694560669456,1.616878197571894,0.0,239
530,train,pact,3.0,0,0.4706366194916741,0.10720531087187041,0.1786755088745484,0.03727653161252393,0.0,0.014982129043848819,1.515315921984956,1.5276443866007499,0.5360072317482537,977.1607111847052,0.42877768902848457,1.2953563355002942,0.05037161223902114,126259.0,0.0,125997.0,0.0,0.0,0.9905582973149032,0.9000000000000004,0.8915024467093177,0.5997679212047659,0.5767480735619723,0.020526810280548837,0.05401463241600841,-0.18437329382468684,0.22419062880204166,0.4351464435146444,1.527644385385907,0.0,239
531,train,pact,3.0,0,0.05557842856955229,0.012412760132590307,0.020687932527625776,0.0,0.0,0.016842534220056552,1.5894982143924825,1.607543957782091,0.6170785736339361,1027.6321045943384,0.5147673006337058,5.997380170612654,0.0319114673549551,126497.0,0.0,126235.0,0.0,0.0,0.9912756307354532,0.9000000000000004,0.892148042323699,2.1396282578127996,-0.44748784917945317,0.01702664030516254,0.02714729880199039,-0.1937781475750648,0.21368586604943768,0.4686192468619247,1.6075439574713906,0.0,239
532,train,pact,3.0,0,0.31902109559870884,0.06973754458721712,0.1162292320080889,0.03556485380587718,0.0,0.015811961570902724,1.5645198111254799,1.568051084065537,0.5087610847281612,898.5654771876634,0.4850826405581071,4.113705195143631,0.03705763451957921,126735.0,0.0,126473.0,0.0,0.0,0.9898095761881712,0.9000000000000004,0.8908285907621663,0.45089241211391984,0.48080115076240293,0.0017659770469215148,0.040328512596422866,-0.1853375843124419,0.1643075462179887,0.5104602510460251,1.5680510800202274,0.0,239
533,train,pact,3.0,0,0.43151489933949033,0.09116235065456936,0.1519372416827704,0.030620007896523097,0.0,0.01622546295085961,1.5615700730220043,1.586462382741553,0.7533399445242462,855.1591781552366,0.7044258204962918,4.9136826726432625,0.04864504235060145,126973.0,0.0,126711.0,0.0,0.0,0.990952482033973,0.9000000000000004,0.8918572157995471,0.9857847590054004,0.5931437004482547,0.03534490007108876,0.04717094430146607,-0.19299360521234638,0.23451734472833022,0.39748953974895396,1.5864623814465608,0.0,239
534,train,pact,3.0,0,0.07326333691171423,0.016440141401187273,0.027400234390659528,0.0015214911065839823,0.0,0.0161396870370097,1.5746305998897951,1.5837618813355099,0.44075640287858175,1140.551443953893,0.5474762379125571,4.638232980313162,0.021444784739165796,127211.0,0.0,126949.0,0.0,0.0,0.9905428646997427,0.9000000000000004,0.8914885688027577,0.6789257949666482,0.1540931825342201,0.009588157606707509,0.020375917214855443,-0.19240141490548604,0.22576337576782693,0.4769874476987448,1.5837618777086766,0.0,239
535,train,pact,3.0,0,0.5000638237883528,0.116127430396792,0.1935457051273017,0.040129327125629125,0.0,0.015064528163241915,1.5548203320682796,1.5624681386987536,0.5950135052453523,942.2013794966822,0.5870134346654724,2.169876411120762,0.05679772553732131,127449.0,0.0,127187.0,0.0,0.0,0.9904718184570888,0.9000000000000004,0.8914246222464111,0.6556594684047446,0.5122350872694867,0.001656036351050716,0.059095346124450165,-0.18418920153923873,0.16864001899166148,0.5271966527196653,1.5624681474738584,0.0,239
536,train,pact,3.0,0,0.025146192200367425,0.005052480267283907,0.00842079973251305,0.0,0.0,0.015563420413615315,1.5742880355364108,1.580040231409432,0.5730373714758262,921.1275499415697,0.51998098961479,5.883613316583833,0.022120932725484183,127687.0,0.0,127425.0,0.0,0.0,0.9910952548601637,0.9000000000000004,0.891985717677671,2.8593053796933465,-1.2380215124581913,0.012101347024884095,0.01930440648407266,-0.19241103642068927,0.22941333570729103,0.45188284518828453,1.5800402331915508,0.0,239
537,train,pact,3.0,0,0.4634686815016611,0.10302399446889193,0.1717066481567249,0.044883986646660205,0.0,0.015127802039710921,1.5629892035009472,1.5803262541483636,0.586291649226863,872.9705486217802,0.5223176943208383,2.877251893905416,0.04404145548941867,127925.0,0.0,127663.0,0.0,0.0,0.9901213598550613,0.9000000000000004,0.8911092007010551,0.565739836821927,0.5767631330464345,0.0016748227925355813,0.04854574793327218,-0.1859968582878929,0.1727647704679664,0.47280334728033474,1.5803262451712474,0.0,239
538,train,pact,3.0,0,0.4175653372727219,0.09220197081336193,0.1536699408001574,0.03138075307572736,0.0,0.015587683330644624,1.5705271610156262,1.6006103118094441,0.7674728257885538,829.1528409694528,0.7012294615661748,5.450370381816161,0.049338989031879096,128163.0,0.0,127901.0,0.0,0.0,0.9908828219110497,0.9000000000000004,0.891794517698647,1.030286279476227,0.5775477771371679,0.029640889360258976,0.0478481337882064,-0.194884897543954,0.240511587880946,0.4393305439330544,1.6006103184285414,0.0,239
539,train,pact,3.0,0,0.019673128869098604,0.004607841272407458,0.007679735110728284,0.0,0.0,0.016008071963788326,1.6092860696206033,1.6120461252942744,0.5379998312335633,911.9357001013337,0.42196426693365663,2.560931176820061,0.008506450249967419,128401.0,0.0,128139.0,0.0,0.0,0.9903192195932237,0.9000000000000004,0.8912872744404621,0.9693651553570732,0.18336357466518804,0.005198267022541796,0.007826979247469331,-0.19535454038156003,0.23137185079675954,0.4476987447698745,1.612046124287573,0.0,239
540,eval,pact,3.0,0,0.167300184708377,0.023927914662164013,0.039879855455407655,0.0,0.0,0.009397592088675213,0.6762915946948478,0.6625986144133692,0.3746039011363704,2841.5230735874575,0.2913917911055821,5.057019461148952,0.012154182822494202,128639.0,0.0,128377.0,0.0,0.0,0.9939811159876101,0.9000000000000004,0.8945829795993023,0.6467916926693437,0.5171314721048446,0.0009219424341738756,0.012527325994794931,-0.0730207615921894,0.0,1.0,0.6625986160054609,0.0,239
541,eval,pact,3.0,0,0.0760018663305159,0.018805582140120347,0.0313426352752773,0.0,0.0,0.013097879108602656,0.8562309258153747,0.8794271361129553,0.3974611771655382,30355.871964075577,0.1085066606590688,55.97800977060486,0.017396406968081347,128877.0,0.0,128615.0,0.0,0.0,0.9962083148657028,0.9000000000000004,0.8965874601108759,0.942477156302263,0.45941407402418777,0.00930031224482966,0.016231892719108878,-0.11105308390081244,0.0012463277842072464,0.99581589958159,0.879427140003331,0.0,239
542,eval,pact,3.0,0,0.023700621450150866,0.005799194543778182,0.00966532388026193,0.0,0.0,0.011485814097411463,0.7980021323120244,0.8040345054291282,-0.030443149345605946,156922.6740814592,0.15653942975071433,91.72585087141731,0.00719469888564433,129115.0,0.0,128853.0,0.0,0.0,0.9928938200907728,0.9000000000000004,0.8936044135477752,0.7799821617760292,0.4031042178092725,0.004175053392221646,0.006461292523286738,-0.10112137055716663,0.0,1.0,0.8040345001074283,0.0,239
543,eval,pact,3.0,0,0.18307093769721308,0.013726271698116807,0.02287711829013312,0.0,0.0,0.009779058096766722,0.722890771083752,0.7384090459745798,0.13225257795682288,123239.21922398012,0.1540036779130852,55.0029036809211,0.015425460249922047,129353.0,0.0,129091.0,0.0,0.0,0.9832291844374964,0.9000000000000004,0.8849062482557536,0.7576229259882682,0.10763312957648008,0.005016044039032696,0.014503655973704977,-0.0900333170573798,0.002314608742099172,0.9832635983263598,0.7384090443672237,0.0,239
544,eval,pact,3.0,0,0.5020268857079679,0.10167084692811575,0.1694514043814265,0.002662609436521969,0.0,0.009594150376603569,0.7169166859473145,0.6663473810860303,0.2979059577149935,71276.44843423118,0.043481201919333454,56.66353185007263,0.039911838736439664,129591.0,0.0,129329.0,0.0,0.0,0.9864919391386678,0.9000000000000004,0.8878427222682841,0.7847960039678733,0.6095425901954069,0.00427079670286427,0.03819671136260843,-0.08515204754631361,0.011009228760497343,0.9665271966527197,0.6663473794915581,0.0,239
545,eval,pact,3.0,0,0.08163402942219938,0.014823176684106454,0.024705293192850888,0.0,0.0,0.011170347705366535,0.7859582483269679,0.8184551965741433,0.31149726119437976,48152.81210774059,0.048600048497007484,82.92579466528474,0.022143438550016246,129829.0,0.0,129567.0,0.0,0.0,0.9917870468175561,0.9000000000000004,0.8926083246035555,1.2067406397549436,-0.0979539368746436,0.007638622237595193,0.01941971058828686,-0.0999935301668464,0.010920205347339685,0.9748953974895398,0.8184551966386099,0.0,239
546,eval,pact,3.0,0,0.2531380511106846,0.042589083424055506,0.07098180184731524,0.004944845971702033,0.0,0.010226109209295097,0.766178755206543,0.7888474338473636,0.640301888083813,89005.19925961035,0.18801111969551282,51.33900612168731,0.02297821521727859,130067.0,0.0,129805.0,0.0,0.0,0.9883015011144981,0.9000000000000004,0.8894713388826059,0.9536407283697292,0.5510005505033496,0.006959691888284909,0.019852392847949804,-0.09758671632414834,0.00824950295260987,0.9790794979079498,0.7888474331708255,0.0,239
547,eval,pact,3.0,0,0.20738793141458225,0.03357814193593516,0.055963566303742704,0.0020920502092050207,0.0,0.011338684289953885,0.7836428019042793,0.7902698611614595,0.36830518379121646,101145.67286382061,0.0997179500665126,143.98963124382945,0.02747312873391489,130305.0,0.0,130043.0,0.0,0.0,0.9889549858649904,0.9000000000000004,0.8900594646461838,0.632377528779868,0.35499722238472475,0.009608742655613102,0.026503530007525967,-0.10023007033951851,0.0057271729131428235,0.9832635983263598,0.7902698626656954,0.0,239
548,eval,pact,3.0,0,0.500344105122346,0.03132880962024592,0.05221467970801755,0.0,0.0,0.005877696613831812,0.5639102871697318,0.5625921080052603,0.3370567692997067,54572.36570018306,0.09335883048257818,53.44978739926007,0.014643151078287465,130543.0,0.0,130281.0,0.0,0.0,0.9785021208070811,0.9000000000000004,0.8806518960946773,0.8413604785175156,0.5696595585767406,0.010451146744583783,0.014150526799811011,-0.06352223144136107,0.0,1.0,0.5625921046878689,0.0,239
549,eval,pact,3.0,0,0.15576161381352116,0.03300753264954274,0.055012552586057036,0.0,0.0,0.01040910837673056,0.7351691091908571,0.7166122023530584,0.16341693976808291,103666.93899548902,0.03747314825618959,76.69383227775286,0.0217439387866518,130781.0,0.0,130519.0,0.0,0.0,0.9898729646056267,0.9000000000000004,0.8908856483682928,0.5935254872702114,0.5120917832204621,0.008151216821588732,0.02148323461791368,-0.08228536303535754,0.002433306626309386,0.99581589958159,0.716612205614557,0.0,239
550,train,pact,3.0,0,0.08746965989669216,0.021985495187151347,0.03664248990024431,0.0005705591649689933,0.0,0.015981969181993766,1.578753945218968,1.6084294339104177,-0.6622750685417783,2783.0440574231006,-0.03621304295489479,22.620074894637742,0.038300805580490524,131019.0,0.0,130757.0,0.0,0.0,0.9854114437203029,0.9000000000000004,0.8868702724887736,0.3281314490307276,0.32494553734587994,0.028236701470325514,0.034800972543056724,-0.18569173960392288,0.13748182438648032,0.5857740585774058,1.6084294324531727,0.0,239
551,train,pact,3.0,0,0.4260901446999406,0.09963941561066932,0.16606567977044098,0.0503993914092435,0.0001901863883229978,0.014928056030421202,1.488495852159157,1.511450927127854,0.6703945284857411,1177.880346066782,0.5242897702310874,4.255913827957968,0.060529974862060285,131257.0,0.0,130995.0,0.0,0.0,0.9910897899372308,0.9000000000000004,0.8919807934362021,0.8920662753730627,0.5039066305417235,0.03292667120695114,0.059072051450578984,-0.1965695008046923,0.375025965162171,0.28870292887029286,1.5114509372965261,0.0,239
552,train,pact,3.0,0,0.36126752409238416,0.08347482561736824,0.13912469915728812,0.04127044545556711,0.0,0.015276681368773078,1.5800083062638797,1.580790023923419,0.5620880467372958,974.2044608782525,0.4909982915196147,4.386972888244246,0.04401898000459479,131495.0,0.0,131233.0,0.0,0.0,0.9899268270037663,0.9000000000000004,0.8909341234043552,0.4922182209923541,0.5278510617977084,0.010656008269111424,0.04798864930961671,-0.18455592674433927,0.14062731831805098,0.5690376569037657,1.580790030617007,0.0,239
553,train,pact,3.0,0,0.02819465429997744,0.008393649646167733,0.013989415551367373,0.0,0.0,0.016596388923214692,1.589016180407552,1.615136324611169,0.45710207366045547,1288.4640444192926,0.5668062707370295,7.648466932224928,0.03763572751251186,131733.0,0.0,131471.0,0.0,0.0,0.9915195930453025,0.9000000000000004,0.8923676083776243,3.301049804676125,-1.741469909214223,0.01653278189854174,0.03268219305423505,-0.1955289066887285,0.22843407816255676,0.4435146443514644,1.615136323737087,0.0,239
554,train,pact,3.0,0,0.49725076854988837,0.1234558513377687,0.20575973941668357,0.05572461065637516,0.0,0.015821377493472278,1.6052301344013613,1.6055741898684321,0.5458774454424072,1223.4669296711559,0.5722124511414991,2.791778713090649,0.06091568360390594,131971.0,0.0,131709.0,0.0,0.0,0.990612436537962,0.9000000000000004,0.8915511703890238,0.6537183197011034,0.5091805107153398,0.0025387656426540126,0.06295045176433267,-0.19890817107136027,0.2840143624439894,0.401673640167364,1.6055741950513058,0.0,239
555,train,pact,3.0,0,0.04253382063096937,0.010695419879529745,0.017825699174589996,0.0,0.0,0.01662708217644417,1.621524900073287,1.6456905613384487,0.5314093669837489,1273.5603341457734,0.5747591691037103,5.226531519550659,0.026123290643569424,132209.0,0.0,131947.0,0.0,0.0,0.9912354200454936,0.9000000000000004,0.8921118590622268,1.9720109709615676,-0.2526608184372581,0.015058246117666652,0.022889103849806188,-0.19875022191387617,0.2441615478204101,0.42677824267782427,1.6456905672533568,0.0,239
556,train,pact,3.0,0,0.001494409176462552,0.0002898415892392131,0.00048306930849058787,0.0,0.0,0.01529270713314975,1.562587862733019,1.562835192829994,0.36888429366644454,1070.5830476513468,0.5599709153175354,5.701483249664307,0.0016392905077911991,132447.0,0.0,132185.0,0.0,0.0,0.9904741036343275,0.9000000000000004,0.8914266744916908,0.2594359696106231,-0.1206955643592913,0.0012773174611254746,0.0015014947024701922,-0.18177699532563577,0.1269770616338764,0.5815899581589958,1.5628351861753906,0.0,239
557,train,pact,3.0,0,0.501210307838382,0.11653009928519001,0.19421682237869345,0.03499429464090818,0.0,0.013387895163896817,1.3959449103187815,1.4017748343894672,0.5963932189731918,1182.0306411807007,0.46020664678395545,3.7238583851558893,0.06405124812928578,132685.0,0.0,132423.0,0.0,0.0,0.9903386591867422,0.9000000000000004,0.8913047750125869,0.8324707323717673,0.48733997216172986,0.06135527119040489,0.06297022798273977,-0.19775347893661568,0.5066025698091932,0.20502092050209206,1.4017748291524679,0.0,239
558,train,pact,3.0,0,0.033166217367872536,0.007242485403134897,0.012070808391548034,0.0,0.0,0.01657970016237707,1.6215742419953127,1.6287133923135542,0.5309298435015658,1114.3463622536121,0.3217712378900919,5.785815734743573,0.014704169168733216,132923.0,0.0,132661.0,0.0,0.0,0.9917209562397402,0.9000000000000004,0.8925488473979998,1.3521435407803697,0.06552519287293967,0.009111235831095587,0.013217495173502278,-0.19891601793757682,0.25579394047301107,0.401673640167364,1.628713390867792,0.0,239
559,train,pact,3.0,0,0.14082453795319042,0.038039806888903446,0.06339967522786484,0.014073792611205928,0.0,0.015932311140250212,1.5871652713879383,1.5830745794284293,0.3849482564372498,1073.2705946407557,0.3529526204120165,4.763150458056558,0.024293265603743317,133161.0,0.0,132899.0,0.0,0.0,0.9901939131724784,0.9000000000000004,0.8911745051958571,0.36587908801663294,0.3830638673761273,0.001203329664733036,0.025668251212972712,-0.18907008718796764,0.18798777411792636,0.5230125523012552,1.5830745793501972,0.0,239
560,train,pact,3.0,0,0.1161134909462402,0.02843348254734402,0.04738913564702579,0.003993913967739089,0.0,0.016108495750265763,1.5766296204662722,1.5990535197896438,0.2926577592743989,999.4219038576261,0.5256502655136036,1.4023047171876022,0.04300804658321407,133399.0,0.0,133137.0,0.0,0.0,0.9911738090435331,0.9000000000000004,0.8920564092851583,0.3737917941455094,0.3637011030492594,0.03460715829799944,0.041341586214798075,-0.18936333627904875,0.1683729487521885,0.5397489539748954,1.5990535311392773,0.0,239
561,train,pact,3.0,0,0.00036113544281525344,0.00013749272028343738,0.00022915452616445128,0.0,0.0,0.01593655804717703,1.6155064811766398,1.623415930749981,0.27096398742129113,973.9299242346856,0.3424765169620514,1.3461018800735474,0.019007983348121923,133637.0,0.0,133375.0,0.0,0.0,0.9914023454718012,0.9000000000000004,0.8922620862098918,0.7963140142849273,-0.2651159588275216,0.017631560657990344,0.016988509549919095,-0.19525248020244027,0.21240986379417787,0.4769874476987448,1.6234159330311935,0.0,239
562,train,pact,3.0,0,0.34251425579287914,0.09010368357753178,0.15017279100638573,0.06162038838264832,0.0005705591649689933,0.016492539354323342,1.5787766039620883,1.6215136774414254,0.5435170651292701,1105.6168603617775,0.47857192757239403,5.350589640469731,0.06901653218336372,133875.0,0.0,133613.0,0.0,0.0,0.9916959115650863,0.9000000000000004,0.8925263013799819,0.7332385398053382,0.3676977723021493,0.02651506980890696,0.06791131201815873,-0.2004574057448248,0.28158105581768006,0.3472803347280335,1.621513668191289,0.0,239
563,train,pact,3.0,0,0.46716103549544,0.10526390422556196,0.17543982726574425,0.05077976480936904,0.0,0.015374377321171336,1.5671231654398612,1.5762819937083512,0.562408152235103,870.5996379772489,0.5769988422800307,3.3570626914251798,0.04494209977346141,134113.0,0.0,133851.0,0.0,0.0,0.9902321012947849,0.9000000000000004,0.8912088733836697,0.6000432050444091,0.5908920967907951,0.007427054722534699,0.04905212520393757,-0.18681670986504373,0.18588088667319505,0.45188284518828453,1.5762819989683432,0.0,239
564,train,pact,3.0,0,0.47389736845189456,0.10587261583954022,0.1764543469346878,0.026055534888510923,0.0,0.01557638295088353,1.4942290728062266,1.5014188007829579,0.8045660142619241,918.9014798088552,0.6148731027686946,4.1500590456080735,0.04902604586838367,134351.0,0.0,134089.0,0.0,0.0,0.9907609398893732,0.9000000000000004,0.8916848284430084,1.0005907886358814,0.6268708030199583,0.04067294931039214,0.047405826666287176,-0.19125521656260275,0.3344016142912253,0.30962343096234307,1.501418796469154,0.0,239
565,train,pact,3.0,0,0.5020268853461184,0.13328286295711153,0.22213809153200983,0.04925827376513302,0.0,0.016773227631469028,1.6015759222677064,1.6303429359172676,0.6885775731697242,1160.3159800254152,0.5429017763881006,3.493446491253426,0.0765363373170182,134589.0,0.0,134327.0,0.0,0.0,0.9921642781301523,0.9000000000000004,0.8929478279217516,0.8090809018538697,0.4386792179599257,0.06151913106441498,0.076037806165541,-0.2015717988400319,0.27045312917297243,0.4351464435146444,1.630342931279675,0.0,239
566,train,pact,3.0,0,0.2947040708871606,0.07743893518567971,0.12906488326586277,0.048687714163728336,0.0,0.01672771050318078,1.5991868825637148,1.6316032442088906,0.4972608278984804,1464.2431134978099,0.4875431836399573,4.938698713001347,0.06694383808279168,134827.0,0.0,134565.0,0.0,0.0,0.9916252860464312,0.9000000000000004,0.8924627468675749,0.6874509020570782,0.2989237072060352,0.024795976497335444,0.06576596221118916,-0.20466167287167508,0.3121457610018102,0.3682008368200837,1.6316032337005877,0.0,239
567,train,pact,3.0,0,0.02230692015294469,0.003752518733384338,0.006254197647390793,0.0,0.0,0.0154285723768237,1.5814568495151886,1.5822018624349619,0.38755000211204943,1090.3126011293803,0.5015231345363241,6.414748586371354,0.005955388031743572,135065.0,0.0,134803.0,0.0,0.0,0.9894293132686216,0.9000000000000004,0.890486362838346,0.1793262141928728,0.12959428353179447,0.002979772364356678,0.005715855459662429,-0.18615719822789378,0.15240808332591468,0.5313807531380753,1.5822018688587733,0.0,239
568,train,pact,3.0,0,0.167300184708377,0.039816397430372664,0.0663606582646208,0.01426397881248506,0.0,0.015491942446445072,1.5371157349901718,1.5462553339024467,0.17992966859328666,933.5998177628138,0.18768797609097787,1.3665022436046201,0.025755558985019508,135303.0,0.0,135041.0,0.0,0.0,0.9905365298981447,0.9000000000000004,0.8914828477544265,0.4287280586750009,0.4307729460702474,0.004724711257897849,0.027119272811923792,-0.1841707587133732,0.18668209739161398,0.5146443514644351,1.5462553328379132,0.0,239
569,train,pact,3.0,0,0.10942615455924436,0.025026817579049117,0.041711359736422246,0.0030429822131679647,0.0,0.016126019046271697,1.5619681864104011,1.5724555782693201,0.3170591309105502,1012.8362717887846,0.34037236440692986,1.3402281939733975,0.0412765491693417,135541.0,0.0,135279.0,0.0,0.0,0.9902329215444781,0.9000000000000004,0.8912096075931852,0.3385819634175543,0.3404481038336299,0.03389137612136368,0.039487156269791296,-0.18623293369782076,0.17982729457847413,0.4435146443514644,1.5724555756195924,0.0,239
570,eval,pact,3.0,0,0.00864344554228482,0.0020900935211620015,0.0034834890112243827,0.0,0.0,0.012445452389264457,0.7862946652967062,0.8140512959228898,0.2771061445005768,3658.676477919064,0.3346039651265703,1.7166204372709266,0.014042516481559958,135779.0,0.0,135517.0,0.0,0.0,0.998313229203723,0.9000000000000004,0.8984818899980649,0.16795272188302288,0.06551035449788556,0.012601227864614028,0.012819850013131533,-0.09088796917342701,0.003026796047360456,0.99581589958159,0.8140512970388737,0.0,239
571,eval,pact,3.0,0,0.07326335892778778,0.01595629420947387,0.026593821927220474,0.0,0.0,0.011505628853186841,0.7772133270566932,0.760698755914696,0.07495849588096812,31966.551759855516,0.05274399913015491,21.768815954360004,0.01191768380491819,136017.0,0.0,135755.0,0.0,0.0,0.9908058340330004,0.9000000000000004,0.8917252272990956,0.5101792355137206,0.40289760901318605,0.002917148508935324,0.011772060529601655,-0.0876789674496726,0.002344283213151726,0.9916317991631799,0.7606987603665027,0.0,239
572,eval,pact,3.0,0,0.11952211124389958,0.02504080239825621,0.041734667879331534,0.0,0.0,0.010111488278168079,0.7607932260345714,0.7624591070239015,-0.36562982199238186,59024.66350679917,-0.04097949998953992,42.083588987214796,0.016999122087559253,136255.0,0.0,135993.0,0.0,0.0,0.985604387821014,0.9000000000000004,0.8870439253840985,0.7041067659374128,0.7309471491730561,0.013022373427387351,0.01689279485283474,-0.08587674054487988,0.0029377726342027953,0.9748953974895398,0.7624591016610092,0.0,239
573,eval,pact,3.0,0,0.00014589538669387058,5.817344126283779e-05,9.695572682259854e-05,0.0,0.0,0.013325323939136382,0.8552626792855841,0.8636944356323785,0.2976314912405972,112850.83315899581,-0.02244907058775425,28.44855308532715,0.008073389768370555,136493.0,0.0,136231.0,0.0,0.0,0.9963827908787268,0.9000000000000004,0.8967444924131098,29.30873971183088,-49.87653938746823,0.004752946942964028,0.006253984144004257,-0.1050009276909427,0.00044511706578830235,0.9707112970711297,0.8636944371835674,0.0,239
574,eval,pact,3.0,0,0.4595581971330663,0.07205833917734678,0.12009722534367409,0.0,0.0,0.007423630583384484,0.7118060427978946,0.7441417424000457,0.6406992636153389,36808.316659584205,0.08291760594881174,89.88269627443417,0.028825214169685687,136731.0,0.0,136469.0,0.0,0.0,0.9791960859647855,0.9000000000000004,0.8812764563819854,1.046103108037673,0.6409614487428711,0.010843788779437029,0.025860023328247304,-0.09089339356219732,0.0005044660078934093,0.99581589958159,0.7441417401230378,0.0,239
575,eval,pact,3.0,0,0.013958485612926312,0.0020147612852129157,0.0033579352611047995,0.0,0.0,0.011824630132669808,0.780681983696367,0.7795353872257297,0.5956336693783685,143197.74816945606,-0.08970650674730918,208.19943154307092,0.004682692335762676,136969.0,0.0,136707.0,0.0,0.0,0.9937047492011322,0.9000000000000004,0.8943342546538828,0.46560525389047713,0.21829401250480873,0.0030305903544649484,0.004109148390076774,-0.08925772838904351,0.0014243746105225673,0.99581589958159,0.7795353876709062,0.0,239
576,eval,pact,3.0,0,0.005953148992843712,0.0011272078132819215,0.001878679619823674,0.0,0.0,0.011624758398729264,0.7656401801059436,0.7701901676265764,-0.2874512552470261,163325.45193187761,0.09622728244779499,35.70800956821841,0.003164179951427933,137207.0,0.0,136945.0,0.0,0.0,0.993029121075714,0.9000000000000004,0.8937261856500075,0.9459133617981091,-0.11568252141032276,0.00195074978872158,0.002575090556370414,-0.08905248917791296,0.0,1.0,0.7701901645671371,0.0,239
577,eval,pact,3.0,0,0.051011509713621825,0.010642443771251705,0.01773740530133863,0.0,0.0,0.012943476993808812,0.8507997780165413,0.8444328261967983,0.08593428643200172,396517.2869050732,-0.04382308196104969,111.31207889293528,0.01094202007357982,137445.0,0.0,137183.0,0.0,0.0,0.9909844164070225,0.9000000000000004,0.8918859518472121,0.41784717715270964,0.3472707847396824,0.004848908725073614,0.010682223679373142,-0.10392843860882425,0.00017804682631532092,0.99581589958159,0.8444328319042202,0.0,239
578,eval,pact,3.0,0,0.2032900131473154,0.045710345143344516,0.07618390402651784,0.0005705591649689933,0.0,0.009387852393176454,0.7814423433158189,0.7432406099520966,-1.2383212923972426,312713.9187859571,-0.017732005671327194,86.42060324537205,0.01631878205052885,137683.0,0.0,137421.0,0.0,0.0,0.983467331241863,0.9000000000000004,0.885120573901731,0.6471465826706668,0.6838038942948998,0.002547944304071196,0.018630674734290798,-0.08746711384863404,0.0323451734472833,0.899581589958159,0.7432406088639331,0.0,239
579,eval,pact,3.0,0,0.3269574497412977,0.05262005568894672,0.0877000877487441,0.0,0.0,0.012124946364299024,0.7920856812509034,0.8079709357048178,0.6900296700050641,69615.834213193,0.09593814017327121,124.61797586943814,0.03649400266970675,137921.0,0.0,137659.0,0.0,0.0,0.9938731984114547,0.9000000000000004,0.894485868669454,0.8868049545844701,0.47973670298981497,0.019384334140484877,0.0344140659043542,-0.09876245791656987,0.009228760497344134,0.9790794979079498,0.8079709316132904,0.0,239
580,train,pact,3.0,0,0.0023364927420596237,0.0005725483239516831,0.0009542471169305101,0.0,0.0,0.016697986022214634,1.6165035878265253,1.6199819695001865,-0.08682949928967204,4693.373030530858,0.07517418265342712,210.61927795410156,0.005645904634194157,138159.0,0.0,137897.0,0.0,0.0,0.9803336202848906,0.9000000000000004,0.8823002447767736,2.9222977656498688,-4.907866639911949,0.0022214886736838463,0.003411756881322613,-0.19474823721821422,0.2068904121784029,0.4602510460251046,1.6199819763202639,0.0,239
581,train,pact,3.0,0,0.4510805060552793,0.11019419724033312,0.18365698502932457,0.053252187857568016,0.0,0.01668204989081646,1.5957025147382184,1.6438246224714623,0.5351298811015475,1104.0080732401445,0.5207051667638092,6.837361964471171,0.07675972754704653,138397.0,0.0,138135.0,0.0,0.0,0.9921144074974698,0.9000000000000004,0.8929029418833585,0.7587650147196346,0.4050493095813541,0.03870028222820932,0.07538150940635963,-0.19836987743388473,0.2210748093415235,0.45188284518828453,1.643824630185797,0.0,239
582,train,pact,3.0,0,0.017240593236713734,0.004962609205249768,0.008271014978734106,0.0,0.0,0.01645423272803862,1.5860267179281642,1.5868543234330341,0.39152881677679435,1178.6007664891965,0.27803252687264685,6.256986771667353,0.009234772883691712,138635.0,0.0,138373.0,0.0,0.0,0.9904476690990656,0.9000000000000004,0.8914028870011972,0.7202194590464231,0.16707319066461845,0.005540321338336754,0.008632989597439114,-0.1938716299100826,0.25303421466512355,0.42677824267782427,1.5868543170258076,0.0,239
583,train,pact,3.0,0,0.023700630373153914,0.0046999393031061975,0.007833231644737574,0.0,0.0,0.015123766034483037,1.573213923176961,1.5748197254276675,0.06293699359686881,996.7398689301941,0.271596082521283,5.928772622571331,0.004857938515871644,138873.0,0.0,138611.0,0.0,0.0,0.9901062397278503,0.9000000000000004,0.8910955883967826,0.23768735566667593,0.16372730143278458,0.0010384260763487418,0.004831346203995602,-0.18740288966454233,0.20068844772841923,0.47280334728033474,1.5748197322904154,0.0,239
584,train,pact,3.0,0,0.2947040708871606,0.08364779392662412,0.1394129795130748,0.05477367796658472,0.0,0.017443570627920547,1.6187715869568382,1.666745182859349,0.5290277158241392,1304.3209008891213,0.5627593219155547,5.359104505143904,0.06689560898505618,139111.0,0.0,138849.0,0.0,0.0,0.9928186822635858,0.9000000000000004,0.893536795632111,0.8044093487225136,0.37370804928838985,0.028517605627912584,0.06448285170795716,-0.20287812585019332,0.24327131368883348,0.401673640167364,1.666745177153486,0.0,239
585,train,pact,3.0,0,0.05794354536329254,0.010353099028853271,0.017255164174948504,0.0,0.0,0.015565883808586138,1.5662867711178927,1.571121588910474,0.3270719292647669,1133.8111638663702,0.42007103846038235,4.281677151823643,0.014324455324484417,139349.0,0.0,139087.0,0.0,0.0,0.9898472001861828,0.9000000000000004,0.8908624646553933,0.5822875520337393,0.08389851395492254,0.0059464006322093475,0.01362660116219901,-0.19138097647380722,0.23531855544674918,0.4225941422594142,1.5711215914854713,0.0,239
586,train,pact,3.0,0,0.06036286422683006,0.01647547407360073,0.027459121634492628,0.004944846034049988,0.0,0.015706205526249926,1.5758531168414958,1.585403545132242,0.24333009494772517,1028.8352377664096,0.2680711578655692,6.230000230058965,0.02211614305549983,139587.0,0.0,139325.0,0.0,0.0,0.9909395323637639,0.9000000000000004,0.8918455741894296,0.7604686362096995,0.1385513430903873,0.00977253273998877,0.02079568649973393,-0.1931855061792946,0.23846404937831983,0.40585774058577406,1.585403551015949,0.0,239
587,train,pact,3.0,0,0.4986505481252782,0.11201627912478938,0.18669378656803734,0.04222137752187801,0.0,0.014476822683330485,1.4260623709427263,1.4432524101005937,0.4958739827803987,1179.0626591000098,0.4621528016099371,2.685585497064072,0.050309187875111745,139825.0,0.0,139563.0,0.0,0.0,0.9897475711471366,0.9000000000000004,0.890772791836551,0.7126303707787883,0.5527512180316609,0.0018688483178266324,0.051965144515976655,-0.19107913150344047,0.38698477699635003,0.2719665271966527,1.443252399717668,0.0,239
588,train,pact,3.0,0,0.05557844634596492,0.013356982185081254,0.022261635738823886,0.0,0.0,0.016210299698347575,1.5840772013783955,1.5793558513769046,0.5378000526747444,1061.9705672643174,0.5450221917525744,5.724308432894272,0.03321295556228483,140063.0,0.0,139801.0,0.0,0.0,0.9906768878633507,0.9000000000000004,0.8916091799237239,0.2889027882279617,0.2592687399168955,0.028345008535044534,0.030982030725601482,-0.19074251676943293,0.20911599750734444,0.45188284518828453,1.579355857832117,0.0,239
589,train,pact,3.0,0,0.053267700141298224,0.011790399705905542,0.01965066464156632,0.0,0.0,0.016198883896935187,1.594031541916117,1.5983508321530648,0.38160156031532766,896.8683584045666,0.5156653110701669,4.8778795148538245,0.017834783033185315,140301.0,0.0,140039.0,0.0,0.0,0.991281279210765,0.9000000000000004,0.8921531286698505,0.9949990170167567,0.17724916844001148,0.00988067188518471,0.01667321574480651,-0.1910241869569181,0.18935279978634378,0.4895397489539749,1.5983508433437137,0.0,239
590,train,pact,3.0,0,0.0008817244371400257,0.00020883436211315177,0.0003480572444588924,0.0,0.0,0.01669963429755995,1.6106663618127672,1.6117510409035942,-0.32017673875965574,1144.4136227404224,0.5326640605926514,5.300493240356445,0.0015992412031512354,140539.0,0.0,140277.0,0.0,0.0,0.9907285720733419,0.9000000000000004,0.8916556900016434,0.6116024620853062,-0.07877478804769722,0.0013176511394529403,0.0014544303725506705,-0.19092508390032473,0.1789667349179501,0.497907949790795,1.6117510319025807,0.0,239
591,train,pact,3.0,0,0.44651358694995696,0.10883843443663567,0.18139737793742475,0.05249144199253625,0.0001901863883229978,0.015308430387198178,1.490357680799572,1.5132071291053644,0.5855882132277828,1039.3082198777458,0.5290631887865366,4.4766581721884435,0.07331523969457739,140777.0,0.0,140515.0,0.0,0.0,0.9913411856196416,0.9000000000000004,0.8922070444378394,0.7668567249046869,0.42260293891086,0.034974269357917365,0.0724090042243474,-0.18807334461812664,0.26837591619929374,0.3723849372384937,1.5132071371159441,0.0,239
592,train,pact,3.0,0,0.382569948058365,0.07949637600575891,0.13249395130859812,0.02700646639369023,0.0,0.015036705329967467,1.5275376207160152,1.5342721250765494,0.5595190599872477,789.4975491447927,0.5905646077010422,4.360905964005442,0.03807155940258899,141015.0,0.0,140753.0,0.0,0.0,0.9899472145355895,0.9000000000000004,0.8909524726568405,0.5530670303048124,0.5773320509909392,0.01106688298209202,0.04196099744073142,-0.1867151137271951,0.22935398676518587,0.39330543933054396,1.534272128046039,0.0,239
593,train,pact,3.0,0,0.33866769455229107,0.07126881402535021,0.11878134994661968,0.026626094053479918,0.0,0.01582458375458251,1.5428357747808161,1.5691963264632924,0.46281644876531974,893.7164207043509,0.6079673462792857,1.0027102875410263,0.06383928777961738,141253.0,0.0,140991.0,0.0,0.0,0.9900663130951726,0.9000000000000004,0.8910596620088841,0.5270070315010099,0.4962058495520427,0.05881478422682504,0.0634009070795762,-0.186961956369439,0.1916080595863379,0.4309623430962343,1.5691963252887644,0.0,239
594,train,pact,3.0,0,0.4859937123801958,0.11410460656409985,0.19017433322328373,0.03537466741755418,0.0,0.017376568476244744,1.6251678958098759,1.655661887952972,0.7575622003946344,882.5386058855256,0.6596987013038731,5.27513150839626,0.058747610313015126,141491.0,0.0,141229.0,0.0,0.0,0.9915159327215729,0.9000000000000004,0.8923643236379744,0.9710363682216766,0.5639631395282729,0.04697576630860567,0.056131270449125366,-0.20118242109639808,0.24887978871776614,0.3891213389121339,1.655661877403543,0.0,239
595,train,pact,3.0,0,0.502088449363476,0.1224664301377313,0.20411070551808239,0.041650818107517196,0.0,0.0169295084947198,1.589827275675211,1.6065186025208509,0.6443444612634731,1011.438833069103,0.5942177560538926,3.594889594171835,0.06680835700578301,141729.0,0.0,141467.0,0.0,0.0,0.9911511732444603,0.9000000000000004,0.8920360359686688,0.7756027960696302,0.4559818888640854,0.019336462952196598,0.06706120492305966,-0.19185988779254526,0.19086619781002404,0.5104602510460251,1.6065186165254102,0.0,239
596,train,pact,3.0,0,0.32695747973790945,0.07377669817999817,0.12296115669358255,0.041460631532150335,0.0,0.014894807064383599,1.5093403194239947,1.5183993675219962,0.5417047084375406,1056.0538210050831,0.5301546894606187,4.759728552906084,0.04599338390515673,141967.0,0.0,141705.0,0.0,0.0,0.9899662935085376,0.9000000000000004,0.8909696432835886,0.5395937269493256,0.557709825671735,0.028286667270954736,0.048697071035965406,-0.18384097115262876,0.22140122852310157,0.46443514644351463,1.5183993639795392,0.0,239
597,train,pact,3.0,0,0.013958478934449634,0.004628357263606467,0.007713928506506274,0.0,0.0,0.017153325740045335,1.6097919063089283,1.6242767876660973,0.4723138253060345,1058.3082364772654,0.37551349201960543,14.07860444704359,0.03778903942485048,142205.0,0.0,141943.0,0.0,0.0,0.9909342003666706,0.9000000000000004,0.8918407626730628,4.205218618681424,-2.778012927563824,0.021656426517874933,0.03311212938454267,-0.2038814001405268,0.31279859936496635,0.39330543933054396,1.6242767794764514,0.0,239
598,train,pact,3.0,0,0.4722936973789786,0.11819194691740591,0.19698656552785881,0.0519208827652193,0.0,0.016838422386077034,1.5838567933776888,1.6119038081069372,0.5880062288320215,1113.2161170608329,0.5799739696708932,4.660036720740745,0.07861366055936993,142443.0,0.0,142181.0,0.0,0.0,0.9921752915222775,0.9000000000000004,0.8929577422441299,0.7372848792637905,0.40842339135445893,0.03646326083324704,0.07848305181331278,-0.2003937670090726,0.2808391940413662,0.38493723849372385,1.611903808988719,0.0,239
599,train,pact,3.0,0,0.22391452780090834,0.04702767773553479,0.0783794575324148,0.016356029084038035,0.0,0.015271787186811783,1.5487581194694071,1.5486154264485985,0.4696577868451633,952.8299662697764,0.5284488373221713,7.144238119344831,0.03164283100152232,142681.0,0.0,142419.0,0.0,0.0,0.9898966897481655,0.9000000000000004,0.8909070055355088,0.44458491610050543,0.44714100688069547,0.009555258723031286,0.032785678344971605,-0.18658553191985747,0.21294400427312382,0.41841004184100417,1.5486154217288872,0.0,239
600,eval,pact,3.0,0,0.012006890569388804,0.0023111279437345966,0.0038518798240729816,0.0,0.0,0.013318677273068468,0.8677071519975383,0.882012177211969,0.5012523881062304,4588.154323689609,0.5151056251391207,2.5210080156765224,0.015783573929941338,142919.0,0.0,142657.0,0.0,0.0,0.9978055851728846,0.9000000000000004,0.8980250094226214,0.39695289735463646,-0.15817310271541518,0.013928302603492532,0.014406034929451833,-0.0986325221835343,0.009169411555239027,0.9874476987447699,0.8820121713855963,0.0,239
601,eval,pact,3.0,0,0.31902109559870884,0.0663086069777427,0.11051433945008798,0.0,0.0,0.009891168754080224,0.8052670602768535,0.7678440099730153,0.527880875136563,21634.366709433838,0.08397478960771318,25.159439326330208,0.01732190659710023,143157.0,0.0,142895.0,0.0,0.0,0.9880958755644794,0.9000000000000004,0.8892862702014556,0.73255790229173,0.770160102665902,0.00423132855607902,0.02164462040310967,-0.09230679214589596,0.06326597228404404,0.8242677824267782,0.7678440129654488,0.0,239
602,eval,pact,3.0,0,0.11274788101110218,0.02201297718259042,0.03668829227191743,0.0,0.0,0.011484097379598782,0.7997475433549123,0.7940410080065787,0.7074723632764617,48461.54562058708,0.04105784120544729,27.45465186051245,0.01659931126732582,143395.0,0.0,143133.0,0.0,0.0,0.9893876586000291,0.9000000000000004,0.8904488695216478,0.8055153068717301,0.6567993096885223,0.011255281588302985,0.015362833243712907,-0.08840607872579133,0.00824950295260987,0.9707112970711297,0.7940410125786529,0.0,239
603,eval,pact,3.0,0,0.09046236122763525,0.0193805127376257,0.03230085248088247,0.0,0.0,0.011730262731049974,0.8327078200783191,0.7988536073572965,0.6252770365282083,87072.97910401413,-0.060175600535700015,27.960829970228122,0.017379835664945418,143633.0,0.0,143371.0,0.0,0.0,0.9919771951112787,0.9000000000000004,0.8927794515338403,0.40019701241081623,0.3837381382657503,0.006482326318538621,0.016980526326847687,-0.09172872725218398,0.0025816789815721534,0.9916317991631799,0.7988536110499999,0.0,239
604,eval,pact,3.0,0,0.009418925725383427,0.0024185119291360024,0.004030852950080425,0.0,0.0,0.012932384819197605,0.8668861468965539,0.8893953893473956,0.15850856950093511,143101.5484603818,-0.06301227655012363,34.44473162854566,0.009923049323767362,143871.0,0.0,143609.0,0.0,0.0,0.9952829535037404,0.9000000000000004,0.8957546401971553,0.6971572757812579,0.6141053929433188,0.009032017887547249,0.008785979890471099,-0.10071411718293953,0.00400605359209472,0.9916317991631799,0.8893953919718913,0.0,239
605,eval,pact,3.0,0,0.41162967206828666,0.12436420412353731,0.20727366455904306,0.0024724230481989714,0.0001901863883229978,0.011074660736560884,0.872688955654659,0.9008337758076241,0.734371642282069,42979.95609146182,0.05244780166469666,125.44718909562881,0.03415349093908795,144109.0,0.0,143847.0,0.0,0.0,0.9890469510934343,0.9000000000000004,0.8901422391626127,0.9680402508997452,0.7651979132647856,0.013808305178732648,0.03255084700294026,-0.11495175367963925,0.11279266447075581,0.698744769874477,0.9008337732943084,0.0,239
606,eval,pact,3.0,0,0.29470410188133966,0.05038843185949384,0.0839807167158827,0.0013313046559130298,0.0,0.0105214904824264,0.7886914441276295,0.7140736278130918,0.6862258951035504,59041.295485747905,-0.03355389523640651,162.2550476106141,0.030260205382352624,144347.0,0.0,144085.0,0.0,0.0,0.9867091413322353,0.9000000000000004,0.8880382102902464,0.5510520123423491,0.4669930416195016,0.005895206333061151,0.03079987202223515,-0.08355336297124578,0.005460102673669843,0.9832635983263598,0.7140736303174103,0.0,239
607,eval,pact,3.0,0,0.11274788101110218,0.02628800166756751,0.043813334725558255,0.0,0.0,0.013321419727743046,0.8499411693676745,0.8801230011375379,0.35211419572890057,89063.85424293933,0.0034053536243035328,32.72257606953258,0.029627716381133973,144585.0,0.0,144323.0,0.0,0.0,0.9929817047079238,0.9000000000000004,0.893683514585056,0.7313065243038713,0.5258393379520614,0.023530410740885042,0.027811218918180367,-0.09819674410339387,0.0,1.0,0.8801230024250692,0.0,239
608,eval,pact,3.0,0,0.10291769171121948,0.025420110299248684,0.04236684789431523,0.0019018638832299778,0.0,0.012888279597364584,0.8596056919217608,0.8625821356494058,-0.05909643621304731,72766.99855354341,-0.08630974540899987,48.72426254080928,0.02648294670702149,144823.0,0.0,144561.0,0.0,0.0,0.9907528082197181,0.9000000000000004,0.8916775066732862,0.59031955375462,0.47073131468687834,0.01618893368205032,0.024485222388362846,-0.09875396429861849,0.01308644173417609,0.9581589958158996,0.8625821360767921,0.0,239
609,eval,pact,3.0,0,0.2781775054950136,0.0621198670390083,0.10353310579966431,0.005515405261366936,0.0,0.012687016592193474,0.855124105968236,0.8983316481362825,0.6468859821183911,52495.52797299948,-0.05556786774290398,95.61763391534653,0.026025255826383705,145061.0,0.0,144799.0,0.0,0.0,0.9934786019464916,0.9000000000000004,0.8941307227481858,1.0391966202288738,0.6769345638042218,0.011325526152185239,0.023551228795216175,-0.10611359492107819,0.005222706905249414,0.9874476987447699,0.8983316432230694,0.0,239
