episode,phase,arm,sigma,direct,A,load,load_frac,sat,clipped,x_std,q_cmd_abs,q_exec_abs,resid_after,reward,v_out,cr,q_loss,destroy,steps
0,train,blind,3.0,0,0.502091316396975,0.23276366330168205,0.38793937441404824,0.39197413542280635,0.03708634572298457,0.020167911744766155,1.5334883324770747,1.8064506043948887,0.23157056841460932,-0.2458656751445553,0.5190658476512656,0.24267782426778242,1.8064506051822944,0.0,239
1,eval,blind,3.0,0,0.5020913164463541,0.182499323191459,0.304165484066125,0.3507036890320199,0.0,0.010904834999324887,0.35791462691009795,1.0062910865789676,0.18249932249639197,-0.1540373476479364,0.2959138253360635,0.497907949790795,1.0062910884418121,0.0,239
2,eval,blind,3.0,0,0.19514417073502602,0.08388555923979632,0.13980924026012467,0.1409281103805518,0.0,0.00995255106471666,0.387242962563387,0.6748271340106821,0.08388555819774753,-0.1323767431964171,0.5739636190984895,0.02092050209205021,0.6748271363161918,0.0,239
3,eval,blind,3.0,0,0.4288286743681341,0.19916742817982808,0.33194564930364556,0.3891213381016105,0.0,0.013240942579526533,0.3668218703324825,1.0725557642002983,0.19916742643599947,-0.19207391727237597,0.7729902964479658,0.016736401673640166,1.0725557599582296,0.0,239
4,eval,blind,3.0,0,0.4392558730871779,0.16238577410860297,0.27064290053518963,0.3316850499503283,0.0,0.011679441773305379,0.3581405842528682,0.9298511393773505,0.16238577300645143,-0.15529764796957543,0.4295676429567643,0.02092050209205021,0.9298511373319267,0.0,239
5,eval,blind,3.0,0,0.012959528787482421,0.0007116559055556456,0.0011860931143658426,0.0,0.0,0.007815756151164302,0.3991957396642932,0.39739145506874785,0.000711655893363089,-0.08420671965175318,0.4091516068726075,0.0,0.3973914542028412,0.0,239
6,eval,blind,3.0,0,0.12999683991421615,0.05676516826887446,0.0946086020463158,0.08311145020079912,0.0,0.008745275393993474,0.38342984887346565,0.5813682862405498,0.05676516765488182,-0.1070773466819764,0.3788242974568979,0.14225941422594143,0.5813682915841406,0.0,239
7,eval,blind,3.0,0,0.34251425579287914,0.15566606962059773,0.25944340003883304,0.3010650430513725,0.0,0.010936968485438986,0.37314627840179776,0.9285914212091199,0.15566606935210273,-0.15848291148835475,0.5612035965458918,0.22594142259414227,0.9285914211934374,0.0,239
8,eval,blind,3.0,0,0.5013695566800022,0.15951519492334748,0.2658586123951175,0.29478889223671356,0.0,0.00923741387230613,0.3455071590186163,0.8977154397316058,0.15951519462032973,-0.14782025994821288,0.3865099854595092,0.46443514644351463,0.8977154371637636,0.0,239
9,eval,blind,3.0,0,0.007217877699358381,0.00015413375586607016,0.0002568895791962433,0.0,0.0,0.0076020152423000855,0.3956437171378395,0.3959416118002337,0.00015413376939052274,-0.07709440107216486,0.2973678744176385,0.11715481171548117,0.39594160927608096,0.0,239
10,eval,blind,3.0,0,0.00595315217983492,0.0003484102968271385,0.000580683797235305,0.0,0.0,0.008212249218505734,0.41747176285568144,0.4165036017425888,0.00034841026633433074,-0.09033411258721996,0.4459479509777738,0.0,0.4165036010650643,0.0,239
11,train,blind,3.0,0,0.001747928173575944,0.0005697934027913682,0.0009496556575484107,0.0,0.0,0.015785455171829364,1.6184345069789488,1.6177473477239888,0.0005697934026695948,-0.19711454710893184,0.25178788688091636,0.3682008368200837,1.6177473482570717,0.0,239
12,train,blind,3.0,0,0.35386675944174084,0.1545814133073063,0.25763564827874114,0.26759224045226765,0.03537466804103372,0.018555542452175125,1.580149574010442,1.765801937260887,0.15278697653235845,-0.2281996567874748,0.33276951838333485,0.37656903765690375,1.7658019293725418,0.0,239
13,train,blind,3.0,0,0.026644077069207902,0.008694204251974442,0.014490339580771588,0.0,0.0,0.015338814924529532,1.5798596487883245,1.5767008076153042,0.008694204210936824,-0.18547046682356133,0.1621116353600997,0.5271966527196653,1.576700799897675,0.0,239
14,train,blind,3.0,0,0.16342433874363083,0.08126386753629886,0.13543976312017342,0.10479269641213836,0.007987828309565907,0.01763304410050292,1.6372568592366814,1.7144513185054189,0.08108468112000825,-0.21603183570510878,0.3179026083860056,0.3598326359832636,1.7144513225240263,0.0,239
15,train,blind,3.0,0,0.10942615455924436,0.03528641705107403,0.05881068958690445,0.022441993136286236,0.0022822366598759733,0.015625386113090497,1.586794925284685,1.581313206560941,0.03524527166106457,-0.1859002680643774,0.15614706667853648,0.5313807531380753,1.5813132053900978,0.0,239
16,train,blind,3.0,0,0.40235948536471244,0.17640453794752586,0.29400751962393806,0.2866108785987399,0.020159757162237765,0.019182944087755855,1.5872987847946678,1.7737865580175711,0.17585109938021615,-0.23296767167290372,0.43547286269622243,0.25523012552301255,1.7737865493767706,0.0,239
17,train,blind,3.0,0,0.048809969762233514,0.01756560081993785,0.02927599957823012,0.0009509319416149889,0.0001901863883229978,0.015764348132917695,1.571390845536188,1.5741177208752812,0.017560989168829626,-0.1912321842112028,0.2215792753494169,0.41841004184100417,1.5741177180263293,0.0,239
18,train,blind,3.0,0,0.21227404353102547,0.10159687768733104,0.169328106626618,0.1455039524513742,0.006422925092603849,0.017473273353813136,1.5695487273776012,1.6895340992056804,0.10146461307676477,-1.300188764877073,0.2640302189330867,0.42391304347826086,1.6895341010338587,0.005434782608695652,184
19,train,blind,3.0,0,0.2241366888889229,0.11317465610218543,0.1886244068617053,0.12135922373498528,0.006178287915813113,0.017422363541803314,1.5842734991925433,1.7095845503714477,0.11306167869678602,-2.159721156240882,0.33223163258279975,0.33980582524271846,1.7095845521642092,0.009708737864077669,103
20,train,blind,3.0,0,0.09350415801189335,0.027915702888653925,0.04652616832285748,0.009889691943404066,0.0001901863883229978,0.01569982824621091,1.6118062193423635,1.5996217712697625,0.027910661466365387,-0.18998055533218977,0.18217157779162585,0.4895397489539749,1.5996217578239507,0.0,239
21,train,blind,3.0,0,0.5018883339752502,0.22279370769997303,0.371322790324743,0.34347660802148877,0.05268162906668675,0.01933312508819243,1.523101254985921,1.7585482150939717,0.22039124684697642,-0.24346671108833065,0.5051485207276181,0.19246861924686193,1.7585482134014188,0.0,239
22,train,blind,3.0,0,0.3685238404330022,0.16336743009596222,0.27227900416814216,0.28318752429475347,0.018448079667330787,0.018604037235003885,1.5972982283416652,1.7711262121858955,0.16300442254808076,-0.2323139312650843,0.3682305112911364,0.34309623430962344,1.771126219931045,0.0,239
23,train,blind,3.0,0,0.27817753698797626,0.12129641176185511,0.2021606563065228,0.18942563659725828,0.0085583874745349,0.017900947993816068,1.626753131465433,1.717735419712306,0.12112391252529842,-0.2111088020117,0.28214487076767863,0.42677824267782427,1.7177354158483589,0.0,239
24,train,blind,3.0,0,0.3347918485875449,0.14110715373781624,0.23517855237872304,0.22936477714752054,0.027767212570461768,0.01791871781753197,1.545454997148474,1.6817566383333884,0.13986066394748198,-0.22395668325972176,0.402148431704205,0.2803347280334728,1.6817566408384912,0.0,239
25,train,blind,3.0,0,7.168495677855786e-07,1.4763408136908665e-07,2.4605679720792154e-07,0.0,0.0,0.015669258944612293,1.6086066916397925,1.6086066876495233,1.4765097742128698e-07,-0.1872661435100017,0.1534466898127541,0.5104602510460251,1.6086066904826857,0.0,239
26,train,blind,3.0,0,0.501817049438165,0.21512905043218247,0.35854836059471196,0.32978318756344926,0.033092431568201616,0.018899354243954978,1.5656402564946577,1.7574139100238368,0.21395398973974472,-0.2306748982372326,0.4012285231015758,0.30962343096234307,1.7574139135676146,0.0,239
27,train,blind,3.0,0,0.05794354536329254,0.018153292905663726,0.03025548621615401,0.0009509319416149889,0.0,0.015861607519091422,1.5834375445314033,1.586380737595977,0.01815329265544994,-0.19561098328722906,0.26389507107035814,0.3723849372384937,1.5863807380393549,0.0,239
28,train,blind,3.0,0,0.013958478934449634,0.004212105988212384,0.007020176331455153,0.0,0.0,0.016205376448600737,1.6162534717735386,1.612337109434056,0.00421210598352411,-0.18910723478950664,0.15828362859432032,0.502092050209205,1.612337124406942,0.0,239
29,train,blind,3.0,0,6.514758795400435e-05,1.492965175088536e-05,2.4882751809497398e-05,0.0,0.0,0.015897141561052416,1.5972068424504173,1.597194309513938,1.4929636719487568e-05,-0.18911556822726086,0.16801685509955785,0.5397489539748954,1.5971943099794468,0.0,239
30,eval,blind,3.0,0,0.4260901446999406,0.1972979497129539,0.32882987149552956,0.2868010638024518,0.0,0.015044133559796788,1.0913029340520564,1.4119410139496855,0.19729794923770294,-0.18617521957734084,0.2503931867414464,0.7196652719665272,1.4119410059267556,0.0,239
31,eval,blind,3.0,0,0.2905912866229464,0.11116607358301556,0.18527676524268316,0.15005705614718434,0.0,0.012710184728820267,1.1335512272483634,1.1985334017037348,0.11116607282467203,-0.15920168236874302,0.1866227484495089,0.6610878661087866,1.1985334083277055,0.0,239
32,eval,blind,3.0,0,3.583932445953487e-06,9.97456036621089e-07,1.6624265957806867e-06,0.0,0.0,0.012128889377552346,1.1508990274313604,1.150901354257033,9.974604965700032e-07,-0.13281141772037197,0.001335351197364907,0.99581589958159,1.1509013579518248,0.0,239
33,eval,blind,3.0,0,0.4595582126649525,0.19742719355012753,0.3290452795573481,0.26835298488329645,0.0,0.014219147577944161,1.1169998531062233,1.3382333470937098,0.19742719227963573,-0.17999902363674944,0.3520579245674945,0.5690376569037657,1.3382333461887865,0.0,239
34,eval,blind,3.0,0,0.2864649897415939,0.11009937530829401,0.18349893750071478,0.15386078453712385,0.0,0.012704208286705126,1.1173983792380808,1.2041432114325807,0.1100993746922122,-0.17290918883333267,0.29742722335974364,0.5523012552301255,1.2041432092090711,0.0,239
35,eval,blind,3.0,0,0.08452669602320004,0.024626904345115316,0.04104483835346788,0.0,0.0,0.011269847679275349,1.1749067703051548,1.0650427986139035,0.02462690442950425,-0.13140603331519302,0.10015133980236803,0.6903765690376569,1.0650427945104128,0.0,239
36,eval,blind,3.0,0,0.0008817244371400257,0.0003923229708725481,0.0006538715864293994,0.0,0.0,0.012227497139563745,1.1616421471579803,1.1599002313414377,0.00039232301096642333,-0.133312940268673,0.04311700643936022,0.9037656903765691,1.1599002311552602,0.0,239
37,eval,blind,3.0,0,0.012006890569388804,0.004973088678144986,0.008288480733179343,0.0,0.0,0.012021087768592844,1.1556996423829051,1.1336018941891244,0.004973088780830363,-0.13000085408069678,0.0,1.0,1.1336019095014433,0.0,239
38,eval,blind,3.0,0,0.4955261337087284,0.2032336199553352,0.33872264759120907,0.3029669095532166,0.0,0.013601404354638696,0.9970615835369382,1.2684152113219185,0.20323361875556328,-0.2201319732969935,0.6705540223745512,0.09623430962343096,1.2684152127311796,0.0,239
39,eval,blind,3.0,0,0.4934485925616751,0.20773684768526543,0.34622803486017345,0.2588436667764536,0.0,0.013708702461486175,1.12999713296172,1.2930946063920543,0.20773684653791694,-0.17235909858172543,0.2962995934597466,0.6443514644351465,1.293094615410316,0.0,239
40,train,blind,3.0,0,6.514794980351147e-05,1.556906824121466e-05,2.594844552115479e-05,0.0,0.0,0.016412789237814095,1.6093141349289706,1.6092848199181975,1.5569052182354235e-05,-0.18569074887719442,0.12246654203388822,0.5481171548117155,1.6092848182685462,0.0,239
41,train,blind,3.0,0,0.2740191620142929,0.12479505214579457,0.2079917221873459,0.19532141394944372,0.02757702630683468,0.017622431272555097,1.5458944402479227,1.6880602589710987,0.12340453141613081,-0.21522846547358368,0.2833021751387282,0.4225941422594142,1.6880602685177704,0.0,239
42,train,blind,3.0,0,0.3575846668143823,0.15248633947195234,0.2541438588536701,0.25732217548282577,0.037276531986611655,0.018207757268100977,1.552453761070842,1.7142706124353608,0.15062299559520467,-0.21844023937244972,0.27600225525980004,0.4476987447698745,1.7142706101042335,0.0,239
43,train,blind,3.0,0,0.09350415801189335,0.03857023545998311,0.0642837188112391,0.03214149887841117,0.0030429822131679647,0.016222719570707575,1.58829781575183,1.6121701830101811,0.03841194872941106,-0.1987540939803056,0.26766372889403245,0.42677824267782427,1.612170184024321,0.0,239
44,train,blind,3.0,0,0.5000638237883528,0.2101204905112396,0.35020076740918465,0.32502852679545907,0.03214149950189072,0.019757984710709196,1.5821125704374273,1.782990974861209,0.20900642501889466,-0.23677751780780878,0.4488263746698716,0.26359832635983266,1.782990960271563,0.0,239
45,train,blind,3.0,0,0.0020282095075691135,0.000560652107234856,0.0009344201264725769,0.0,0.0,0.015467544265527855,1.5762447293333428,1.57562845222122,0.000560652179081132,-0.18727732017879187,0.1743671919048043,0.5104602510460251,1.5756284441400805,0.0,239
46,train,blind,3.0,0,0.051011509713621825,0.020544059117695208,0.03424009664265963,0.00817801451084504,0.0003803727766459956,0.01566087686608713,1.598994441112215,1.5849474825619654,0.020531223496538707,-0.18996548578820321,0.20009495830736818,0.4393305439330544,1.584947465676464,0.0,239
47,train,blind,3.0,0,0.5020820002946379,0.22395574974111562,0.37325952862613815,0.35203499468550026,0.015785470230808816,0.020231981303885767,1.598719391363934,1.8077673675126111,0.22362164756735003,-0.24616474526756385,0.4888572361197661,0.25523012552301255,1.8077673642319338,0.0,239
48,train,blind,3.0,0,0.15197702979228886,0.07215103024480025,0.12025170445046711,0.0798782807264368,0.002852795824844967,0.016445182369063338,1.5950291271489037,1.6371333417034548,0.07210428112253893,-0.20708455438929266,0.3449657259859343,0.38493723849372385,1.637133343285891,0.0,239
49,train,blind,3.0,0,3.5839762234725213e-06,3.782640751105418e-07,6.304400135586662e-07,0.0,0.0,0.015928925451467974,1.6073194255888712,1.6073188430095817,3.782756968545552e-07,-0.189347439186605,0.15858037330484584,0.46443514644351463,1.6073188483552123,0.0,239
50,train,blind,3.0,0,0.07057713395643153,0.017082524637554802,0.028470872159963027,0.0,0.0,0.0161052824029208,1.6079971678087401,1.5904943376904253,0.017082524482324227,-0.1859458932129002,0.1596189797916852,0.5313807531380753,1.5904943359616999,0.0,239
51,train,blind,3.0,0,0.0012663892698259907,0.0005165481269610441,0.0008609135226099596,0.0,0.0,0.015450926879459844,1.595783521939521,1.5948477080676347,0.0005165480689055999,-0.18463882057056918,0.12092346953915548,0.6276150627615062,1.5948477083821053,0.0,239
52,train,blind,3.0,0,0.09046236122763525,0.033020985915568395,0.055034971872175834,0.027767212071678128,0.002852795824844967,0.016437537948674984,1.6104377592956671,1.6224569241870896,0.03291715597675404,-0.18986159596597874,0.14626546781803615,0.5271966527196653,1.6224569254489112,0.0,239
53,train,blind,3.0,0,0.33509426405633624,0.13762344160381795,0.2293723707518161,0.21667950663526178,0.013289676821332867,0.01783477917305683,1.6105514479390646,1.7294334509110048,0.13737770976115563,-1.066994431798283,0.29501742997956487,0.4279661016949153,1.7294334461439707,0.00423728813559322,236
54,train,blind,3.0,0,0.31501786260686376,0.13536214530583368,0.22560354181449416,0.21434005396635464,0.015405097391814867,0.018170158203426264,1.618805076537272,1.7269851054107794,0.1349612744421796,-0.21480934131742224,0.3022344876702573,0.4393305439330544,1.7269851058770962,0.0,239
55,train,blind,3.0,0,0.1595777480052146,0.06959759662693378,0.11599598184110614,0.07759604419125672,0.004564473319751947,0.016617851164269896,1.6121356584536979,1.633652569609207,0.0694674085266057,-0.20567018239161236,0.32235377904388857,0.37656903765690375,1.6336525745162658,0.0,239
56,train,blind,3.0,0,0.07326335892778778,0.02852590385251559,0.047543169319792605,0.015405096955379182,0.0003803727766459956,0.015882165749872952,1.599651740435277,1.6043372697910006,0.028519270865019666,-0.188648740085651,0.15208166414433663,0.5606694560669456,1.6043372745147557,0.0,239
57,train,blind,3.0,0,0.4926731121291847,0.2114865303816282,0.3524774986511768,0.3284518835310158,0.026055535137902743,0.01925635028525283,1.5568346361236094,1.7425121929356244,0.21065575412305185,-0.22764744366554904,0.38283035104899255,0.34309623430962344,1.7425121973694666,0.0,239
58,train,blind,3.0,0,0.40549756067851994,0.18107518856702873,0.30179193144343053,0.3084823126324051,0.031570940336921725,0.0180714171220038,1.5426352126329015,1.7401118004172418,0.17988149013417645,-0.23203355258166855,0.4259770319594054,0.3138075313807531,1.7401118013724641,0.0,239
59,train,blind,3.0,0,0.2864649582486312,0.1265836852901249,0.21097277920133245,0.19684290636533475,0.014834538289193828,0.017986670670306085,1.5845244269989525,1.7077949431152024,0.12617138693155186,-0.21991229932221673,0.3641651087569364,0.3305439330543933,1.7077949464390065,0.0,239
60,eval,blind,3.0,0,0.4934485877536371,0.198098831071928,0.33016468088329376,0.22384937300841679,0.0,0.012561312789939126,1.0875773838873188,1.180673088862806,0.19809883002896972,-0.15801185522937472,0.3288524882043977,0.5815899581589958,1.1806730932659515,0.0,239
61,eval,blind,3.0,0,0.14082453795319042,0.04548406088124999,0.07580676134284849,0.027386839295032134,0.0,0.010454405887270635,1.076554504897305,0.9922390505983241,0.04548406063365432,-0.123394726860552,0.13860945428647733,0.7824267782426778,0.9922390505309796,0.0,239
62,eval,blind,3.0,0,0.4554288604148302,0.19578684852884135,0.3263113720228172,0.24648155222128626,0.0,0.013383770846687725,1.051386764358776,1.2578160690463238,0.1957868465398868,-0.17082893944484506,0.3679931155227158,0.5355648535564853,1.2578160699157022,0.0,239
63,eval,blind,3.0,0,0.19514417073502602,0.08561009922264914,0.14268348250026905,0.09109927776218957,0.0,0.011569142729827207,1.0531430404056565,1.0972568329782166,0.08561009865019263,-0.13705777156623172,0.14988575328644768,0.7907949790794979,1.0972568317647042,0.0,239
64,eval,blind,3.0,0,0.4510805060552793,0.20637087332448634,0.3439514102313422,0.3139977186419475,0.0,0.014338276762063284,0.9869502832700019,1.344400695614735,0.20637087251825545,-0.20454799469022106,0.4057390427015639,0.3472803347280335,1.3444006907356327,0.0,239
65,eval,blind,3.0,0,0.0038738029971952595,0.0016504065595152222,0.002750677473745192,0.0,0.0,0.011033975776425215,1.0545763071610839,1.0472344222427912,0.0016504066368108557,-0.11834268478712132,0.0,1.0,1.0472344233981274,0.0,239
66,eval,blind,3.0,0,0.09046233746581896,0.03620923859892641,0.06034872721361676,0.019208824784187093,0.0,0.010773998909244104,1.062833857835586,1.0173377053009416,0.03620923850793127,-0.12228006759736289,0.09024006647081516,0.8117154811715481,1.0173377079616417,0.0,239
67,eval,blind,3.0,0,0.4488243158769947,0.21002164232317738,0.3500360226697385,0.3139977180808159,0.0,0.014511684948484954,1.0015105181159334,1.3606640692161216,0.21002164155156056,-0.19728433307819376,0.32725006676755997,0.5230125523012552,1.3606640783986121,0.0,239
68,eval,blind,3.0,0,0.0,0.0,0.0,0.0,0.0,0.011160287717707985,1.0498624528801093,1.0498624528801093,0.0,-0.11904714594305149,0.0,1.0,1.0498624502354794,0.0,239
69,eval,blind,3.0,0,0.07600188859598127,0.022206676347142476,0.03701112568679229,0.0,0.0,0.01034324138062893,1.079596864129709,0.9809428962204746,0.02220667636705242,-0.10890794922876187,0.0,1.0,0.9809428943119377,0.0,239
70,train,blind,3.0,0,0.14822527385418105,0.04803520912147677,0.08005867394334715,0.03727653086434847,0.0034233549274660055,0.016231236689057685,1.598807274547082,1.5889790512029096,0.04793029182498484,-0.1870741516648468,0.16608801448114185,0.49372384937238495,1.588979050136647,0.0,239
71,train,blind,3.0,0,0.20738793141458225,0.0847723904238645,0.14128729769764964,0.11430201614002802,0.005515405261366936,0.017107369884786245,1.6015365662435108,1.65594694230347,0.08467020601504575,-0.21332776674111237,0.36603460043324726,0.301255230125523,1.6559469415966437,0.0,239
72,train,blind,3.0,0,0.215627043554328,0.09685644287977134,0.16142738174036886,0.13997717756606545,0.024914416683268846,0.016468144012186443,1.5274453320263819,1.6175647131069935,0.0954299058396078,-0.213585898670579,0.34983233923855306,0.3514644351464435,1.6175647156903419,0.0,239
73,train,blind,3.0,0,0.0017479297706943053,0.000475656071692843,0.0007927600814947867,0.0,0.0,0.015622624451349095,1.5942111424322407,1.5938521598672268,0.0004756561202575768,-0.1860918601945258,0.14374313777856912,0.5230125523012552,1.5938521578859106,0.0,239
74,train,blind,3.0,0,0.03862336533101252,0.011803954357544845,0.019673256612081805,0.0,0.0,0.016133997236694127,1.6482718459731864,1.6377832296004355,0.011803954395842564,-0.18784654949242013,0.1142170390812784,0.5606694560669456,1.6377832153535108,0.0,239
75,train,blind,3.0,0,0.0020282095075691135,0.0004766637661662849,0.0007944395620751907,0.0,0.0,0.015537630581534682,1.6085582477777074,1.608230758162223,0.00047666375453693006,-0.19068973821592075,0.1858512122021425,0.5104602510460251,1.6082307611264466,0.0,239
76,train,blind,3.0,0,0.39917434158470244,0.18175252580868007,0.3029208279905376,0.29650057122797147,0.015975656619131813,0.019540638518695055,1.598620066832299,1.780125225188842,0.18145209078437835,-0.24009840855373404,0.46752129143298027,0.22594142259414227,1.7801252309375553,0.0,239
77,train,blind,3.0,0,1.0033076722564557e-05,2.638627170408768e-06,4.3977121384151936e-06,0.0,0.0,0.016244337155588876,1.6305547882822269,1.6305521936097405,2.6386331829678846e-06,-0.1887441209518911,0.13484079646280303,0.5271966527196653,1.6305521980583177,0.0,239
78,train,blind,3.0,0,0.19514417073502602,0.08648926203027278,0.14414875350488135,0.10764549267341901,0.003993914154782953,0.017380217346460187,1.6363837359839404,1.6907299854266593,0.08643176467403578,-0.21688265980460528,0.3671325558621918,0.33472803347280333,1.6907299869295427,0.0,239
79,train,blind,3.0,0,0.4392558730871779,0.19277592773536045,0.321293162249923,0.3119056671857834,0.027196653405492776,0.019107225816696882,1.581222493528821,1.7721916270056528,0.19184981494886016,-0.22814433255812572,0.3555001632095908,0.41841004184100417,1.772191634451827,0.0,239
80,train,blind,3.0,0,0.07326335892778778,0.027895433554944834,0.046492386191024415,0.011981742214957042,0.0007607455532919912,0.016017254327022504,1.5678730025949836,1.5766437275639138,0.027876834263688997,-0.18486656625136,0.14098341197068162,0.5523012552301255,1.5766437271477545,0.0,239
81,train,blind,3.0,0,0.27401919350725557,0.11082867668569234,0.1847144360421469,0.1629897296802768,0.009889692192795885,0.017826721333279023,1.571440978778456,1.6590297104923297,0.11065233500648977,-0.2056177269467291,0.29873290008605596,0.37656903765690375,1.6590297029721122,0.0,239
82,train,blind,3.0,0,0.38597856810663256,0.15961073074792073,0.26601784530136674,0.26416888577419345,0.026816280691194735,0.01755212995547131,1.5341377033848145,1.6908487979338258,0.15847805708581747,-0.22309916509952638,0.39018961987002587,0.33472803347280333,1.690848795461658,0.0,239
83,train,blind,3.0,0,0.010237411712357194,0.003179327358304675,0.0052988787847349445,0.0,0.0,0.015687640468009346,1.6044167514625454,1.6025798924298467,0.0031793273973330332,-0.19359015667263615,0.22505118846256567,0.4351464435146444,1.6025799039902007,0.0,239
84,train,blind,3.0,0,0.502052641987655,0.21366449886912176,0.3561074485719112,0.3227462904473229,0.018448079667330787,0.019016150503992163,1.6169212525359755,1.775283707983823,0.21320611961555302,-0.2314884093618813,0.4269562895041396,0.3179916317991632,1.7752837036717075,0.0,239
85,train,blind,3.0,0,0.24058936510885828,0.09702708633564143,0.1617117890642194,0.13484214570482406,0.012742487955292897,0.01744864614890834,1.5595623327099628,1.631781701762307,0.09646725667226903,-0.2020973376598011,0.2592955280572124,0.47280334728033474,1.6317817004056772,0.0,239
86,train,blind,3.0,0,0.5017308978531066,0.22258527798007452,0.37097540934796996,0.3472803341669019,0.05135032453546963,0.018368127393423264,1.4895266728421135,1.697649270171401,0.2195523141097693,-0.23455992022140534,0.4489450725540817,0.301255230125523,1.697649264318183,0.0,239
87,train,blind,3.0,0,0.9785521839346204,0.3946300840803555,0.6577167010733059,0.6980519518256187,0.03246753343514034,0.022375076676585844,1.608308391911643,1.993228486606053,0.39406365901231766,-14.568174083532424,0.750759878419453,0.0,1.9932284675028922,0.07142857142857142,14
88,train,blind,3.0,0,0.0007224766159197316,0.0002015938174523117,0.000335989655091702,0.0,0.0,0.01537346180964838,1.5902550260392192,1.5900234472801495,0.0002015937818640504,-0.19113590515490186,0.22036262203626217,0.4811715481171548,1.5900234496592212,0.0,239
89,train,blind,3.0,0,0.01200688445204372,0.003808406732166979,0.00634734420773346,0.0,0.0,0.01588903283544477,1.6469207912309398,1.64186173752262,0.0038084066962210082,-0.1954043093323421,0.20858185702839846,0.4602510460251046,1.6418617415145436,0.0,239
90,eval,blind,3.0,0,0.501946137909228,0.20875417160043308,0.34792357442088795,0.289463675670544,0.0,0.012689347579104974,0.9780172927609049,1.2043152993942405,0.20875417118369421,-0.17713227429228076,0.39701474821211313,0.4393305439330544,1.2043153084841787,0.0,239
91,eval,blind,3.0,0,0.13356819286291968,0.05896293221221298,0.0982715436970405,0.051920882702871346,0.0,0.01111002138934671,1.0205681930027248,1.058506474896455,0.058962933040058646,-0.14272661701096775,0.2392059111546337,0.6694560669456067,1.0585064774628599,0.0,239
92,eval,blind,3.0,0,0.2698529906927464,0.09557978236669928,0.15929961591159192,0.1257131996887997,0.0,0.011191797209903598,1.0417104171409766,1.0677462497640355,0.09557978174687294,-0.14449917491282094,0.23175761892044278,0.5815899581589958,1.0677462533539466,0.0,239
93,eval,blind,3.0,0,0.4769458410955545,0.2017783744948201,0.3362972460137719,0.2835678970090515,0.0,0.013069796960929478,0.9948201049820649,1.2360053208956658,0.2017783729117057,-0.16432151311364449,0.23576367251253752,0.7154811715481172,1.2360053195315583,0.0,239
94,eval,blind,3.0,0,0.08452669602320004,0.02387092513548333,0.03978487268638472,0.0,0.0,0.010246837611025721,1.0804348188962896,0.9746877917684771,0.02387092489218018,-0.11169533352518418,0.0,1.0,0.9746877871294832,0.0,239
95,eval,blind,3.0,0,0.025146192200367425,0.008420044946087044,0.014033407867919248,0.0,0.0,0.01074871888275114,1.0614034476140553,1.0250789644079727,0.00842004512320638,-0.11993298532460635,0.06347369358141192,0.8619246861924686,1.0250789651114411,0.0,239
96,eval,blind,3.0,0,0.4769458410955545,0.20485116462686578,0.3414185638579678,0.3006846720204692,0.0,0.013346613356044758,0.9610128714449735,1.2587689054062177,0.2048511641158135,-0.18952693364280232,0.4626843526514141,0.3891213389121339,1.258768911178464,0.0,239
97,eval,blind,3.0,0,0.2740191620142929,0.1262434124750539,0.21040565788523766,0.1844807920595592,0.0,0.012753438679930057,0.9888481649893597,1.2048410278858002,0.1262434122514476,-0.16340469253289985,0.26730763524140183,0.6359832635983264,1.2048410266895264,0.0,239
98,eval,blind,3.0,0,0.2531380826036473,0.09481093752584308,0.15801820958905832,0.124572080984774,0.0,0.011382588962283936,1.043434856576401,1.0904063282526686,0.09481093721918735,-0.14267970825963003,0.21051069764681446,0.6527196652719666,1.090406334110725,0.0,239
99,eval,blind,3.0,0,0.3825699220520223,0.16882672928416517,0.2813778429330623,0.25484975349454203,0.0,0.013207439526089439,0.9878737736945372,1.2569527644118506,0.16882672854701022,-0.1637915907342372,0.29303540164396574,0.606694560669456,1.256952759306261,0.0,239
100,train,blind,3.0,0,0.48112744734638124,0.20315380175906053,0.3385896207722733,0.30011411235671664,0.03613541365667367,0.01851283749721352,1.487320499938901,1.6487284290241895,0.20126132383676773,-0.21902115797004504,0.37265200747796673,0.3472803347280335,1.6487284322097309,0.0,239
101,train,blind,3.0,0,0.4870875290074779,0.21794523490015874,0.36324200222043906,0.3430962346213632,0.06371243946472471,0.018292676834740274,1.4070138200556384,1.6631203228958482,0.21398512434475436,-0.23628177778886741,0.43956793970147506,0.27615062761506276,1.6631203158784675,0.0,239
102,train,blind,3.0,0,0.33479187858415665,0.14151038856283144,0.23585061326394455,0.21757322206906196,0.011981742464348862,0.017784484056171387,1.5667604706776193,1.6648575127374179,0.1411488221852687,-0.2087395044074244,0.2982284340781626,0.4560669456066946,1.6648575132766312,0.0,239
103,train,blind,3.0,0,0.39266590399484474,0.16186890064985404,0.2697814588400167,0.25599087151274025,0.011411183237031913,0.0186708769088837,1.6146762535661834,1.7304509885640325,0.16162347114414125,-0.22239777065213756,0.34647912400961456,0.3682008368200837,1.7304509834957762,0.0,239
104,train,blind,3.0,0,0.48813355436147227,0.20587724103505511,0.3431286841629596,0.31190566762221905,0.013122860794286848,0.018686149119317656,1.6123473292614128,1.7456282319882923,0.20562330319461045,-0.23002973256377804,0.41428529036469924,0.29707112970711297,1.745628228926955,0.0,239
105,train,blind,3.0,0,0.14822524460574474,0.06267945984395414,0.10446575388526844,0.07512362114305776,0.0032331686014909623,0.016280257419749283,1.5786286223383628,1.6120636946985412,0.06261020345139906,-0.20504458081484428,0.33778450399121634,0.36401673640167365,1.6120636859990467,0.0,239
106,train,blind,3.0,0,0.06283617998029117,0.02382674781108705,0.03971124404683506,0.0085583874745349,0.0001901863883229978,0.015668785591146064,1.6172731241920504,1.6159887114329319,0.02382605632460182,-0.19106554308558024,0.1733285854179649,0.5313807531380753,1.6159887141467792,0.0,239
107,train,blind,3.0,0,0.3342696727093916,0.1370223948523223,0.22837062867681576,0.19126659807529342,0.007660878675707271,0.01731510010935115,1.6252100983362519,1.691682428791282,0.1368505467956546,-1.3363293136830194,0.2732887082636067,0.4550561797752809,1.6916824359870146,0.0056179775280898875,178
108,train,blind,3.0,0,0.4392558533156307,0.20126108016799157,0.33543508361151786,0.33320654242856734,0.035374668165729636,0.019212413105770758,1.5351702002301875,1.733027145204185,0.19981721673422848,-0.2331955157742726,0.4366895160093772,0.32217573221757323,1.7330271387999114,0.0,239
109,train,blind,3.0,0,0.053267700141298224,0.017808170016042103,0.029680281422039708,0.0020920502092050207,0.0,0.015445040612945247,1.5886164938555603,1.577535587873419,0.017808169490810814,-0.19275926967978402,0.24463633935725093,0.4393305439330544,1.5775355931375306,0.0,239
110,train,blind,3.0,0,0.24775445636445306,0.09148939502339554,0.1524823074692938,0.10570325892207758,0.0040737565536544005,0.017053502394360893,1.6158320684477967,1.6297519392562363,0.09140330853054211,-1.1414479664716113,0.21982470226147466,0.45754716981132076,1.629751931069914,0.0047169811320754715,212
111,train,blind,3.0,0,0.017240593236713734,0.004814690041472569,0.008024482910951675,0.0,0.0,0.015214623374841078,1.581850829483575,1.5735667435195158,0.004814689936382169,-0.19076807078887817,0.22398290750467373,0.42677824267782427,1.5735667387098802,0.0,239
112,train,blind,3.0,0,0.32300136876191454,0.12928131967472453,0.21546883597658512,0.18828451882845187,0.021110688979156845,0.016920959917929756,1.542308644520189,1.6198498509419015,0.12829797492525066,-0.21465306276735713,0.3717024244042851,0.3598326359832636,1.6198498570959785,0.0,239
113,train,blind,3.0,0,0.3028837280172224,0.13043828015668693,0.21739710216715136,0.1854317234400426,0.009128946639503893,0.017591531127379528,1.6121266656340913,1.6857928706013507,0.13027463167641315,-0.2145037510799404,0.3492685242885546,0.34309623430962344,1.6857928665444926,0.0,239
114,train,blind,3.0,0,0.4990500914879464,0.20359629084963535,0.33932710705799557,0.2938379606691863,0.014073792735901836,0.01870216993482542,1.5986683326286253,1.729604107316069,0.20335155521323062,-0.23204132646466444,0.44217929315409954,0.24267782426778242,1.7296041145345562,0.0,239
115,train,blind,3.0,0,0.11274785525415133,0.04956475613959266,0.08260791680693873,0.04184100455818815,0.0038037277664599556,0.016626144887949633,1.5877726394761058,1.5996933694165123,0.049374268827640545,-0.19914374497856288,0.26908810350455503,0.4435146443514644,1.5996933716738362,0.0,239
116,train,blind,3.0,0,0.2864649897415939,0.12828500753726285,0.21380831183580778,0.2114872575180301,0.010650437746087876,0.017930042195410535,1.6013717820953624,1.7136348815143856,0.12809268051742762,-0.21773070809630418,0.31137422475444376,0.39330543933054396,1.7136348788505154,0.0,239
117,train,blind,3.0,0,0.010237411712357194,0.003256379258425901,0.005427298504024088,0.0,0.0,0.015285670233181206,1.6006018015630075,1.5947725501020582,0.003256379186724231,-0.18726270929824135,0.15077598741802428,0.5564853556485355,1.5947725595046975,0.0,239
118,train,blind,3.0,0,0.10614915428562363,0.030909636604744137,0.05151605607710103,0.014644351339739237,0.0007607455532919912,0.015838218352145605,1.6342506503460297,1.6234345426120518,0.03087870936203776,-0.1866560633856409,0.11884625656547673,0.5857740585774058,1.6234345406752086,0.0,239
119,train,blind,3.0,0,0.4961388843030782,0.2294042074458786,0.3823402907496472,0.36059338159890353,0.02890833096274771,0.019711008270087975,1.5643834646276848,1.7824314219183504,0.22851439562875087,-0.23692255612168203,0.4522092643698626,0.28870292887029286,1.7824314168279451,0.0,239
120,eval,blind,3.0,0,0.47839141184577105,0.18683866731212162,0.3113977416442482,0.22327881321996826,0.0,0.011697412120221205,1.0027744804964904,1.109194826381476,0.1868386669686599,-0.14870823993164242,0.3010771832992077,0.6150627615062761,1.1091948277391512,0.0,239
121,eval,blind,3.0,0,0.382569948058365,0.1518244989952204,0.2530407967078417,0.2381133520079457,0.0,0.012252957444193784,0.95737295145769,1.1626944533825918,0.15182449773212633,-0.17656028337671517,0.36609394937535233,0.4225941422594142,1.162694455875765,0.0,239
122,eval,blind,3.0,0,0.15197702979228886,0.06135006160750522,0.10225009334066135,0.05230125541716939,0.0,0.010718696082895426,1.0049026084744281,1.018684446811676,0.06135006204305804,-0.13809063667850813,0.22422030327309417,0.6359832635983264,1.0186844398255572,0.0,239
123,eval,blind,3.0,0,0.07057711293792525,0.027194762868614563,0.045324603365135094,0.009699505492733114,0.0,0.010398419649889653,1.0309940598998608,0.9886517284679612,0.027194763000008004,-0.1208061202665837,0.10403869551025251,0.8075313807531381,0.9886517271300408,0.0,239
124,eval,blind,3.0,0,0.4824189044268233,0.19210276298090853,0.3201712316163196,0.24305819604686116,0.0,0.012050725022821871,0.9903778760503027,1.1377210136362699,0.19210276253549208,-0.1557807800890418,0.2658239116887742,0.5983263598326359,1.1377210168733258,0.0,239
125,eval,blind,3.0,0,0.010237411712357194,0.003692788990801658,0.006154647939358682,0.0,0.0,0.010629780925654466,1.0296921198836928,1.0132954447339269,0.0036927890238631226,-0.11877319196088548,0.07620404166295734,0.8535564853556485,1.0132954480026188,0.0,239
126,eval,blind,3.0,0,0.49487416027990566,0.19105620542617255,0.3184269729702247,0.2230886267692973,0.0,0.011428419489873316,1.0014775228300852,1.0836407007283246,0.19105620528771625,-0.14598999014708497,0.29353986765185913,0.6192468619246861,1.0836407017767797,0.0,239
127,eval,blind,3.0,0,0.03674998030288848,0.011815389018726466,0.01969231424814725,0.0,0.0,0.01030627430210116,1.033184726866718,0.9831137319239612,0.011815389115840711,-0.11425104618614952,0.001335351197364907,0.99581589958159,0.98311373160981,0.0,239
128,eval,blind,3.0,0,0.00595315217983492,0.0023857298511760915,0.003976216198775185,0.0,0.0,0.010741597653277,1.0304609003426142,1.0198280023231665,0.0023857298202152174,-0.11516047330866994,0.0,1.0,1.0198280064001681,0.0,239
129,eval,blind,3.0,0,0.19109905445188377,0.0629267920041883,0.10487797849280195,0.047166222932448446,0.0,0.010215580324587806,1.044011210048548,0.9779460856605274,0.06292679212075585,-0.11809167479224131,0.06578830232351109,0.891213389121339,0.977946082105038,0.0,239
130,train,blind,3.0,0,0.06283616020874398,0.02089541051639088,0.034825682139100124,0.002852795824844967,0.0,0.015715631085475246,1.5901841892856934,1.588629556999047,0.020895410203562757,-0.1894397430868088,0.18724591234161253,0.5146443514644351,1.588629559650001,0.0,239
131,train,blind,3.0,0,0.03862336533101252,0.0118666460903076,0.01977774260332321,0.0,0.0,0.016633282750689087,1.6132914122178466,1.6063280287646848,0.011866646429689924,-0.18897621148951982,0.16908513605744982,0.49372384937238495,1.6063280283029386,0.0,239
132,train,blind,3.0,0,0.4934485877536371,0.22001780085169817,0.36669628315151437,0.3275009511529651,0.03100038117195273,0.018820716878672025,1.554927311931195,1.7469375018794167,0.21873467149300085,-0.23370165968751266,0.43449360515148816,0.2803347280334728,1.7469374915973064,0.0,239
133,train,blind,3.0,0,0.5019461374421663,0.21646227128222262,0.36077039555709073,0.3438569793641318,0.062381134933507595,0.018757858635101734,1.4549022995278427,1.691891316838843,0.21270481329595756,-0.2433954093103987,0.5025074928039409,0.19246861924686193,1.6918913258786197,0.0,239
134,train,blind,3.0,0,0.49975553764743685,0.2114847121660182,0.3524744682005221,0.31304678620154885,0.014834538289193828,0.018987720417225087,1.5959496547986274,1.7533102095376498,0.21121382001060984,-0.23596234245192527,0.46906436392771306,0.2301255230125523,1.753310205811254,0.0,239
135,train,blind,3.0,0,0.34251428529070727,0.14787241715457944,0.24645399193116999,0.2394446547934201,0.0209205026531818,0.0174438890934801,1.567983140506505,1.6926876553431713,0.14706181201022084,-0.21206605567392953,0.2975755957150064,0.4769874476987448,1.6926876469592542,0.0,239
136,train,blind,3.0,0,0.4417291690690918,0.20629096569967537,0.3438182257126313,0.3470901488384941,0.03765690482560561,0.019949127810863023,1.5662223190443287,1.7960098587818225,0.20499777939482583,-0.23507405569433068,0.4101605388883943,0.3514644351464435,1.7960098698944202,0.0,239
137,train,blind,3.0,0,0.27401919350725557,0.11876955418880228,0.19794922620738772,0.18010650481639048,0.00950931941614989,0.017707484653492353,1.5856378846587496,1.6938260519354913,0.11854925244928587,-0.20900763741142525,0.27653639573874594,0.4560669456066946,1.693826049081495,0.0,239
138,train,blind,3.0,0,0.046663172881091675,0.012659257548594156,0.021098761808906637,0.0,0.0,0.01584966782145358,1.5920541690483252,1.5878443259075596,0.012659257600454383,-0.18321811546901,0.12501854654440786,0.5899581589958159,1.5878443232929882,0.0,239
139,train,blind,3.0,0,0.4288286743681341,0.17938959314806313,0.2989826116303691,0.28813237057819524,0.03670597282164267,0.01873234564937246,1.5171268916529093,1.664913303433103,0.17765252871237205,-0.2241609166555311,0.4090625834594499,0.2719665271966527,1.6649133017587143,0.0,239
140,train,blind,3.0,0,0.24058936510885828,0.09889900066233646,0.16483164624417337,0.13902624531271068,0.005705591649689934,0.016916296179854472,1.5874348759152401,1.6395551981287522,0.09879256985106744,-0.20349182881893624,0.2591471557019496,0.4435146443514644,1.639555217143892,0.0,239
141,train,blind,3.0,0,0.28232660558694295,0.1155045305400776,0.192507526394217,0.16203879748927,0.006466337202981925,0.01718050705378088,1.600992835964618,1.659089709425571,0.11535654936895329,-0.20538719865557536,0.2741030891124366,0.46443514644351463,1.6590896989964816,0.0,239
142,train,blind,3.0,0,0.0038738003089876893,0.0013335745976466996,0.002222624299632508,0.0,0.0,0.016378242688089857,1.6294307337146423,1.6276979448905051,0.0013335746726743044,-0.19686429136862227,0.22021424968099942,0.45188284518828453,1.6276979531328366,0.0,239
143,train,blind,3.0,0,7.168989468786756e-07,8.496651720649185e-08,1.4161082141970334e-07,0.0,0.0,0.01590825740645433,1.6096244284797414,1.609624140681582,8.496296294686233e-08,-0.18743874991136206,0.13834238404700436,0.5815899581589958,1.609624138631845,0.0,239
144,train,blind,3.0,0,0.020964593625584595,0.005360119613218725,0.00893353219917916,0.0,0.0,0.015735824785300504,1.6032062275140355,1.5991706439141948,0.005360119349335878,-0.18492207343522798,0.1188462565654767,0.5899581589958159,1.599170650972805,0.0,239
145,train,blind,3.0,0,0.04666315660102996,0.012968281934609652,0.021613801804979557,0.0,0.0,0.01594500826617165,1.6151446749974494,1.6119866480887186,0.01296828184446693,-0.19033309917177701,0.17018309148639424,0.497907949790795,1.611986652839866,0.0,239
146,train,blind,3.0,0,0.33479187858415665,0.13100093709601354,0.2183348640030554,0.19741346540560784,0.029098517226374798,0.017737415921192413,1.5436199145337028,1.6442735407142959,0.12923599285604875,-0.20555692855060945,0.23065966349149827,0.4602510460251046,1.6442735490806477,0.0,239
147,train,blind,3.0,0,0.4738973789959445,0.21384474889827626,0.356407864646514,0.33682008355731247,0.028718144636772667,0.01880273937976385,1.547080931304389,1.7230139242555307,0.21279732364395593,-0.2260379436015388,0.4073414641384018,0.36401673640167365,1.7230139082512694,0.0,239
148,train,blind,3.0,0,0.4997555405538623,0.20909314465024786,0.3484885209980036,0.31418790403270325,0.02624572152622574,0.01914773222885122,1.5533101351690093,1.715110679051866,0.2082223208131859,-0.22494011207631448,0.408053651443663,0.25523012552301255,1.7151106721895761,0.0,239
149,train,blind,3.0,0,0.48112744734638124,0.21403260200396332,0.3567209457317377,0.3419551160420334,0.02073031632720676,0.019497858506537756,1.5851591611008264,1.7808201452678218,0.21361181041193886,-0.23550009358692003,0.4481735363067153,0.2928870292887029,1.7808201668803494,0.0,239
150,eval,blind,3.0,0,0.020964593625584595,0.00782773548852366,0.013046225146441642,0.0,0.0,0.011625337732028387,1.1177554898681001,1.082952835071037,0.007827735522224433,-0.12256278596882446,0.0,1.0,1.0829528287504553,0.0,239
151,eval,blind,3.0,0,0.3575846380647296,0.1564154929958981,0.2606924542878115,0.2171928484195446,0.0,0.01316885498233498,1.025488370382636,1.2378564919637336,0.15641549276321967,-0.15890881035987628,0.28953381405976436,0.6359832635983264,1.2378564930086127,0.0,239
152,eval,blind,3.0,0,0.4859937123801958,0.19786084403413462,0.3297680270124181,0.279573983602444,0.0,0.012636842010308945,0.9387955895028852,1.1857633464755373,0.19786084373484616,-0.17813953713551756,0.4461853467461943,0.42677824267782427,1.1857633530724008,0.0,239
153,eval,blind,3.0,0,0.00010017924373394666,3.445675904924931e-05,5.742792649219927e-05,0.0,0.0,0.011994130005397558,1.1221285681844257,1.1220136965667853,3.445678273416572e-05,-0.12497652349932706,0.0,1.0,1.1220137024365109,0.0,239
154,eval,blind,3.0,0,0.08452667201199193,0.03428330311087003,0.05713883447865118,0.016736401860684032,0.0,0.01139440317151125,1.0887428330078284,1.0642840982605724,0.034283302955883,-0.13298381047028565,0.18867028695213509,0.7238493723849372,1.0642840971472056,0.0,239
155,eval,blind,3.0,0,0.07879227929296571,0.022431930343669918,0.037386548351099474,0.0,0.0,0.010992858601757423,1.1204554533359894,1.020802185500516,0.02243193025918966,-0.11593324204070438,0.0,1.0,1.0208021918554537,0.0,239
156,eval,blind,3.0,0,0.09659447261740192,0.023353954002308167,0.03892325568269835,0.0,0.0,0.010681144363211787,1.1006293421509874,0.9962815030099956,0.023353954242384324,-0.13226985007738587,0.2109558147126027,0.6401673640167364,0.9962815115037631,0.0,239
157,eval,blind,3.0,0,0.5015085087071692,0.20296151931740408,0.33826915108818933,0.2791936102023185,0.0,0.012304230593631987,0.9317183669142145,1.155542756536017,0.2029615181062159,-0.18540442314833955,0.506483871924983,0.26359832635983266,1.1555427624367747,0.0,239
158,eval,blind,3.0,0,0.27401919350725557,0.09707007556885801,0.16178344163227054,0.11297071048654772,0.0,0.01154062742655746,1.0825441447261985,1.0863622985624368,0.09707007567939777,-0.13333341682166736,0.12670999139440342,0.8368200836820083,1.0863623016516686,0.0,239
159,eval,blind,3.0,0,0.24895395069227458,0.1120675822568202,0.1867792775871395,0.15081780170047632,0.0,0.012738593326487956,1.0251599954261938,1.1865360289812088,0.11206758183770678,-0.15503985579406193,0.22718775037834948,0.6694560669456067,1.1865360230764082,0.0,239
160,train,blind,3.0,0,0.6353367269039154,0.2993494406342506,0.49891572445631027,0.254545459151268,0.009090909361839294,0.020181174017488958,1.544187319278717,1.790219795703888,0.29911913722753525,-20.229318846817783,0.6134751773049645,0.1,1.7902197601030452,0.1,10
161,train,blind,3.0,0,0.4392558533156307,0.199686902806412,0.33281145304615345,0.33377710097005675,0.03518448183975459,0.018868533596318512,1.5456891950204283,1.7153141376363683,0.19816063082060084,-0.2284100728088922,0.41315766046470226,0.3179916317991632,1.7153141342638492,0.0,239
162,train,blind,3.0,0,0.137177762364597,0.05838150728644502,0.09730250346874375,0.049448459280584646,0.0034233549898139604,0.016231330731205612,1.61340521768546,1.6211941449213227,0.05825096682336259,-0.1963307710889036,0.21736550045995431,0.4895397489539749,1.6211941394581493,0.0,239
163,train,blind,3.0,0,0.27817753698797626,0.1152879695607785,0.1921465877571962,0.17934575863961894,0.007227082756273916,0.017583503691814682,1.6083780008379884,1.6928608290321159,0.11514585771860708,-0.21065117080339243,0.2793851449597911,0.39748953974895396,1.6928608231659785,0.0,239
164,train,blind,3.0,0,0.046663172881091675,0.013397178885513073,0.022328629797625562,0.0,0.0,0.015909282794557354,1.6136073096027932,1.6006309115737054,0.013397178833089647,-0.18322667735335085,0.09756966082079586,0.6150627615062761,1.600630910981193,0.0,239
165,train,blind,3.0,0,0.4982182329869342,0.21229526793892498,0.35382539867708424,0.32883225549713835,0.03651578649566762,0.01906443400908589,1.5160516817200633,1.7258666870983075,0.21072310839410274,-0.23035160505664729,0.4154425947357489,0.3472803347280335,1.7258666811430736,0.0,239
166,train,blind,3.0,0,0.49941803140382607,0.2101453986632573,0.350242284896644,0.28223659210374663,0.011791556076025863,0.018502121571077338,1.5991920135510018,1.7065296098278158,0.20991593372979334,-0.2268110554591979,0.4031870381910443,0.3138075313807531,1.7065296110404093,0.0,239
167,train,blind,3.0,0,0.026644067398029395,0.006277001010534469,0.010461667836048284,0.0,0.0,0.015900910352687956,1.6220373975183175,1.6154590393708839,0.006277001104379862,-0.19144637780156576,0.1870678655152972,0.47280334728033474,1.6154590388796384,0.0,239
168,train,blind,3.0,0,0.0010625928217568533,0.00035331813424251384,0.000588863527139982,0.0,0.0,0.016151776358048785,1.6107775549010752,1.610359575708541,0.0003533181802728398,-0.18581835808593244,0.11804504584705776,0.6192468619246861,1.610359567641624,0.0,239
169,train,blind,3.0,0,0.5010294404741651,0.20244777991275104,0.33741292197525913,0.26987447779797114,0.010840624134410875,0.018219031473411303,1.6009228810605645,1.6802191634557238,0.2022589627308681,-0.22696562656990124,0.467936734027716,0.2594142259414226,1.6802191557377415,0.0,239
170,train,blind,3.0,0,0.2364116824699286,0.11012130891685956,0.18353548804899603,0.1709775581768866,0.01692658849839885,0.0176665091431197,1.5602883287553508,1.6900745181359007,0.10929543395512642,-0.21895423452001628,0.3685272560016618,0.3054393305439331,1.6900745202054739,0.0,239
171,train,blind,3.0,0,0.05101152724064263,0.012794260820529153,0.021323767140312616,0.0,0.0,0.015885746020776956,1.5985883604033722,1.590776499095821,0.0127942608348223,-0.18889833807808842,0.18864061248108252,0.4769874476987448,1.5907765039588853,0.0,239
172,train,blind,3.0,0,0.048809969762233514,0.01262545108816598,0.02104241645006121,0.0001901863883229978,0.0,0.015613873843805061,1.5928876217937868,1.585448962125818,0.012625451163284916,-0.18884281075072407,0.1734472833021751,0.5397489539748954,1.5854489691404452,0.0,239
173,train,blind,3.0,0,0.39266590399484474,0.17422082497490554,0.2903679984085262,0.28052491367362037,0.027957398958784765,0.01786035739633578,1.5659527706301861,1.7051302234498027,0.17321247849433966,-0.2169841213449539,0.3357369654885902,0.41841004184100417,1.7051302330837614,0.0,239
174,train,blind,3.0,0,0.4824189044268233,0.2031857746014375,0.33864290998770297,0.30677063632210927,0.015214911065839823,0.01894425882891631,1.5880558333636328,1.7476266024002969,0.2028930860507754,-0.22676006729083303,0.40716341731208644,0.32217573221757323,1.7476265942391302,0.0,239
175,train,blind,3.0,0,0.0349310103396663,0.010364557166285066,0.017274261226307184,0.0,0.0,0.01651903823851978,1.6208203482328598,1.614372287584648,0.010364557279884378,-0.18631862139384875,0.12439538265230421,0.5648535564853556,1.6143722972890553,0.0,239
176,train,blind,3.0,0,0.08163405268523204,0.028083126866088808,0.04680520918173673,0.008938760188832941,0.0009509319416149889,0.015742532297127167,1.5793512086987995,1.5652103124802084,0.028065121690434888,-0.18111328570414478,0.1272144574022968,0.5857740585774058,1.5652103074455876,0.0,239
177,train,blind,3.0,0,0.013958478934449634,0.004056141358400451,0.006760235423213416,0.0,0.0,0.01614121686098279,1.633146552361205,1.6267821519444676,0.004056141434919779,-0.1936004849785639,0.18932312531529125,0.4602510460251046,1.6267821400071851,0.0,239
178,train,blind,3.0,0,0.0017479297706943053,0.0005269901692174633,0.0008783169336973545,0.0,0.0,0.01583580985065222,1.6159240102169403,1.6155469991173206,0.0005269900908410913,-0.18763905265945935,0.12801566812071574,0.5439330543933054,1.6155469891525918,0.0,239
179,train,blind,3.0,0,0.4403859893174376,0.19147182949993294,0.3191196693981692,0.32772727265954016,0.020681818798184395,0.019235633071511982,1.612616978287697,1.8117822188138961,0.1910397537515564,-1.2357542205642476,0.4128368794326241,0.345,1.811782215612526,0.005,200
180,eval,blind,3.0,0,0.15957777750304272,0.05421494555486796,0.09035823439848492,0.03841764944367828,0.0,0.012041130686708762,1.219688927029965,1.1418053126235388,0.05421494477308306,-0.142968463367972,0.10917237900234428,0.6401673640167364,1.1418053170578788,0.0,239
181,eval,blind,3.0,0,0.14822527385418105,0.03635837696066465,0.06059729029607392,0.0034233548651180505,0.0,0.011289532937374449,1.2114951431003076,1.0731067200460194,0.03635837684111367,-0.14551894641464325,0.26021543665984154,0.5648535564853556,1.0731067189280041,0.0,239
182,eval,blind,3.0,0,0.502091316396975,0.20895272387154756,0.3482544966906389,0.27748193270741145,0.0,0.013241985490814507,1.0679391754721,1.2542923319165178,0.20895272283005054,-0.1857781570739302,0.4399537078251581,0.301255230125523,1.2542923369853716,0.0,239
183,eval,blind,3.0,0,0.00014589585375555142,8.029473965469296e-05,0.00013382455754672493,0.0,0.0,0.013259683104395617,1.2522780418894779,1.2519201815876502,8.029469432456372e-05,-0.14268491508872372,0.0,1.0,1.2519201802753983,0.0,239
184,eval,blind,3.0,0,0.5005976241194593,0.21263946706617143,0.35439906446680874,0.26645112062597875,0.0,0.013487827213029047,1.111429659891328,1.2772732905762965,0.2126394659043319,-0.16979312829837406,0.3171013976675866,0.5481171548117155,1.2772732841412247,0.0,239
185,eval,blind,3.0,0,0.14450739523119227,0.04741595069031844,0.07902657764211977,0.027386839170336224,0.0,0.011941799336740413,1.2207904600199297,1.1296291187966718,0.04741595031677869,-0.1493521174896136,0.24134247307041753,0.5774058577405857,1.1296291167159462,0.0,239
186,eval,blind,3.0,0,0.4934485877536371,0.2069322847788978,0.34488709493598435,0.29573982592407133,0.0,0.013486855911289704,1.0177104410766058,1.2779785773744143,0.20693228500749683,-0.21003479169097392,0.5685925398379774,0.12552301255230125,1.2779785760708868,0.0,239
187,eval,blind,3.0,0,0.5020526421234931,0.20962441347078634,0.34937398038669604,0.25637124254364346,0.0,0.01321094455372807,1.1188538461050728,1.2500071798657773,0.2096244127367975,-0.1701051093001812,0.3370723166859551,0.5732217573221757,1.2500071857053203,0.0,239
188,eval,blind,3.0,0,0.22391452780090834,0.07773622569926891,0.12956036128131498,0.08520349903834913,0.0,0.012231892976757903,1.185483418249186,1.1650200979978969,0.07773622534280789,-0.15682242116273784,0.2284340781625568,0.6610878661087866,1.1650201067764574,0.0,239
189,eval,blind,3.0,0,0.47839141184577105,0.20113835671329536,0.3352305511094627,0.26036515669842647,0.0,0.0138178919515062,1.108580995304315,1.3022027535667977,0.201138356010998,-0.1800020163263055,0.27609127867295763,0.301255230125523,1.3022027561422935,0.0,239
190,train,blind,3.0,0,0.4997555405538623,0.20055869990296343,0.33426445446872916,0.29821224847348665,0.016736402110075852,0.018408575765476814,1.596761413947309,1.743732600281927,0.20023294896678048,-0.2257364425121976,0.3876376153595062,0.3514644351464435,1.743732590311784,0.0,239
191,train,blind,3.0,0,0.11952211124389958,0.053577503402487014,0.08929583006993883,0.049448459529976466,0.003613541378136958,0.016560599942414954,1.614048814424411,1.6513658126029012,0.05347207690479899,-0.19544956910981087,0.1676014125048221,0.497907949790795,1.6513658050121267,0.0,239
192,train,blind,3.0,0,0.1445073664815396,0.06544489834509877,0.10907481780858876,0.07949790838622647,0.003613541378136958,0.01727984814074623,1.5822007169783365,1.6316476696205937,0.06536950673040968,-0.2128065911709408,0.3842547256595152,0.25523012552301255,1.6316476670997264,0.0,239
193,train,blind,3.0,0,0.025146201497458203,0.008278709213037744,0.013797847868201993,0.0,0.0,0.016216031770576494,1.5903051281075098,1.5877436980542778,0.008278709024837032,-0.18352237237810706,0.11252559423128282,0.6108786610878661,1.5877436982471667,0.0,239
194,train,blind,3.0,0,0.02819465429997744,0.008157096967643232,0.01359516087259523,0.0,0.0,0.016038530607509063,1.6116322548319606,1.6084397377828175,0.008157096833859987,-0.19215140543300052,0.1968307664915873,0.42677824267782427,1.6084397292951327,0.0,239
195,train,blind,3.0,0,0.4836600335450891,0.2248837170950366,0.374806135387052,0.36154431366521445,0.051540510736748764,0.018879956443049795,1.5016157422604421,1.7345707593602615,0.22227606233921138,-0.2417426537859169,0.43499807115938166,0.28451882845188287,1.734570759301055,0.0,239
196,train,blind,3.0,0,0.3959428790102983,0.1693543865463904,0.28225726827965814,0.26911373124711185,0.015024724677516825,0.01857104717469365,1.6151105103133612,1.7610252941003903,0.1689910857248719,-0.23220111284099995,0.45431615181459395,0.26359832635983266,1.7610252978826177,0.0,239
197,train,blind,3.0,0,0.02819466484402731,0.006963666573062853,0.011606109914571781,0.0,0.0,0.015484652700191013,1.5930413745935992,1.5849733447430023,0.0069636665094514995,-0.18460163527221876,0.12736282975755958,0.5690376569037657,1.5849733473635743,0.0,239
198,train,blind,3.0,0,0.49613888111608695,0.22603273711118385,0.3767211769173707,0.3387219472534986,0.013883606347578839,0.018731870720646183,1.5728945969038928,1.7425047822577184,0.22573720734791974,-0.23844664711998215,0.5060090803881421,0.2175732217573222,1.7425047831082507,0.0,239
199,train,blind,3.0,0,0.12747102875188673,0.04716713631174438,0.07861188630879663,0.025776053438099418,0.0011086474831511334,0.015852722231434975,1.570124105345912,1.592322241242339,0.047145258635948,-1.4115359104743739,0.19577062791904515,0.524390243902439,1.5923222504669612,0.006097560975609756,164
200,train,blind,3.0,0,0.05326771741892722,0.020301565390098968,0.03383593997179149,0.0024724229858510164,0.0001901863883229978,0.016564973144866057,1.6174935466574825,1.6090634168441325,0.02029797258580999,-0.186052783543913,0.12531529125493338,0.606694560669456,1.6090634138623148,0.0,239
201,train,blind,3.0,0,0.0007224766159197316,0.0002116233379973165,0.00035270552983104203,0.0,0.0,0.015651512361096537,1.6119906812532176,1.6118495683789753,0.00021162329397625076,-0.18552452764346422,0.10564111694709041,0.606694560669456,1.6118495643221353,0.0,239
202,train,blind,3.0,0,0.011099790736339269,0.003989398859820726,0.006648997343245165,0.0,0.0,0.015556936142537508,1.5903116948434997,1.5884037117578993,0.003989398690099121,-0.1875566514325382,0.1679278316864002,0.5230125523012552,1.5884037155116866,0.0,239
203,train,blind,3.0,0,0.11952208523755692,0.05136881317133633,0.08561468299852867,0.045264359298610286,0.0038037277664599556,0.016259144818231028,1.5780143662975423,1.5923243726147767,0.05119274805401497,-0.19939965782908103,0.267960473604558,0.4100418410041841,1.5923243682545631,0.0,239
204,train,blind,3.0,0,0.6465159179257042,0.2923060605170194,0.48717669320166024,0.4733727826521947,0.024475525204951946,0.02090155682526529,1.5987281845166132,1.8692608433362294,0.2918508803876966,-1.4435656048056151,0.5416928952117168,0.1952662721893491,1.8692608435903977,0.005917159763313609,169
205,train,blind,3.0,0,0.501210307838382,0.21656908596056407,0.3609484250327681,0.32293647745912546,0.016736402172423805,0.019287776517599945,1.578280275336868,1.7467607698679968,0.2161804635296633,-0.23447351422050194,0.4860381613697736,0.2175732217573222,1.746760766721237,0.0,239
206,train,blind,3.0,0,0.5426585948427802,0.2147867034356826,0.35797779001101543,0.30113636422902346,0.01578282875319322,0.018272417943484873,1.5973034062319331,1.6972043038242393,0.2144281685163555,-1.6100454083052635,0.4323286052009456,0.2638888888888889,1.6972043128089709,0.006944444444444444,144
207,train,blind,3.0,0,0.004340025042008344,0.001333740341601792,0.0022229005089570344,0.0,0.0,0.016574177702023768,1.6231814513146627,1.6213683747846213,0.0013337403600504544,-0.187209267331011,0.1349298198759607,0.606694560669456,1.6213683804320016,0.0,239
208,train,blind,3.0,0,0.003041941807975517,0.0008301362299009506,0.001383560357623754,0.0,0.0,0.01589612725334998,1.6211521687866755,1.6200739801179416,0.0008301362206157327,-0.18744851175937005,0.12528561678388084,0.5899581589958159,1.620073974843951,0.0,239
209,train,blind,3.0,0,0.501210307838382,0.22560925021310113,0.3760153642655511,0.3375808305446074,0.036325600107344626,0.01827858260415775,1.5105318883472905,1.6916441924901189,0.2240901197661842,-0.23011533462422626,0.4264518234962462,0.3138075313807531,1.691644196641652,0.0,239
210,eval,blind,3.0,0,0.07326333691171423,0.01909610836379543,0.03182684530465811,0.0,0.0,0.009690532403818827,0.9968634280200782,0.9147575917228994,0.019096108153523295,-0.10539894967173125,0.001988189560521084,0.9790794979079498,0.9147575918397866,0.0,239
211,eval,blind,3.0,0,3.939130826693449e-05,1.697367540400896e-05,2.8289459554661672e-05,0.0,0.0,0.010361757565866454,0.9835494704326326,0.9834737498391124,1.697366687987452e-05,-0.11042607879000801,0.0005638149499985163,0.9748953974895398,0.9834737430474,0.0,239
212,eval,blind,3.0,0,0.5013695566800022,0.20052893145439005,0.3342148418455832,0.2594142249438553,0.0,0.011607198233649946,0.920062536225658,1.0997953747855072,0.2005289312330061,-0.1480536833666975,0.33104839906228667,0.5899581589958159,1.0997953671323537,0.0,239
213,eval,blind,3.0,0,0.11274785525415133,0.04374883757783251,0.07291472181285708,0.026816280317107005,0.0,0.01019297509257405,0.989683499146705,0.9653396215523636,0.04374883723589294,-0.1178667299852203,0.06644114068666725,0.7531380753138075,0.9653396302925629,0.0,239
214,eval,blind,3.0,0,0.500344105122346,0.19779376844183477,0.32965624001916843,0.2561810572152357,0.0,0.011713271022961323,0.9415259214125916,1.1077811622594689,0.19779376787902878,-0.1584162439048687,0.349238849817502,0.41841004184100417,1.1077811547526324,0.0,239
215,eval,blind,3.0,0,0.4417291495469365,0.20592811125989177,0.34321347187682605,0.322175733900968,0.0,0.013632923015393317,0.8790295735063912,1.2846340594431347,0.2059281100986611,-0.18993303931614397,0.36950651354639613,0.5062761506276151,1.2846340567653667,0.0,239
216,eval,blind,3.0,0,7.168989468786756e-07,3.093718607115041e-07,5.156197171136113e-07,0.0,0.0,0.010394639226463798,0.9807245182691757,0.9807231396311995,3.09365619827358e-07,-0.10945139420372382,0.0002373957684204279,0.9916317991631799,0.9807231338401114,0.0,239
217,eval,blind,3.0,0,0.5013695566800022,0.20353537459130044,0.33922557998351194,0.2639786978271716,0.0,0.011840009811981172,0.9272601447344824,1.1182109169256738,0.2035353746738019,-0.15187875992737174,0.27882133000979253,0.6401673640167364,1.118210914342588,0.0,239
218,eval,blind,3.0,0,0.5020705397688578,0.2008327612340478,0.33472122837297147,0.25789273383727135,0.0,0.011713777910859546,0.9371315609959878,1.1097571099777102,0.20083276024022506,-0.14857935371009687,0.21567405560995878,0.7322175732217573,1.109757113020426,0.0,239
219,eval,blind,3.0,0,0.0014944071429085072,0.0006019751273780461,0.0010032918571253894,0.0,0.0,0.010340124099792047,0.9844606847942624,0.9817801881036,0.0006019751845810769,-0.11087663034153772,0.0,1.0,0.9817801897225495,0.0,239
220,train,blind,3.0,0,0.11274788101110218,0.0376672672715343,0.06277877377472436,0.01939901117251009,0.0011411183299379866,0.01567885050137048,1.5897514296376056,1.5898022319981244,0.03764755119874246,-0.18510026584674336,0.13472209857859288,0.5313807531380753,1.589802236552167,0.0,239
221,train,blind,3.0,0,0.4955261374568512,0.2095277271786411,0.3492128264348809,0.32826169664390914,0.01806770689068479,0.019036199496162736,1.5653198645703463,1.7343333874786249,0.2092145807368237,-0.23446245850096817,0.4477877681830321,0.29707112970711297,1.7343333879874987,0.0,239
222,train,blind,3.0,0,0.05794354536329254,0.021726122621676877,0.03621020190170932,0.008368200899168038,0.0001901863883229978,0.015706547395673006,1.6141594783032789,1.60226382371272,0.02172254196073284,-0.18960970185890932,0.17573221757322174,0.502092050209205,1.602263827959897,0.0,239
223,train,blind,3.0,0,0.32695747973790945,0.14019538992582373,0.23365894469166945,0.2415367058754965,0.04317230965053686,0.017562110886897377,1.5183320826067586,1.6780086598635717,0.13742128734348516,-0.2182851155121962,0.2808688685124188,0.4351464435146444,1.6780086634804001,0.0,239
224,train,blind,3.0,0,0.051011509713621825,0.01563192003767764,0.026053198624368674,0.0,0.0,0.015523936979425876,1.5809036513252737,1.5775060925523607,0.0156319203458251,-0.19139406306181597,0.2407193091783139,0.4351464435146444,1.5775061015392913,0.0,239
225,train,blind,3.0,0,0.4417291690690918,0.17601210373249765,0.29335346332222473,0.2677824259053713,0.01502472461516887,0.018746085320774732,1.6152092068763957,1.7394214115382238,0.17569941689136886,-0.22522307494029506,0.38567910027003766,0.3723849372384937,1.7394214141326045,0.0,239
226,train,blind,3.0,0,0.4811274396703373,0.22909238980035784,0.38182058969413213,0.3830353750469296,0.07854697762922264,0.01848503631426637,1.3245365756824925,1.6672882205771602,0.22323664307918703,-0.2518002396025759,0.5442594735748836,0.14644351464435146,1.6672882161163385,0.0,239
227,train,blind,3.0,0,0.4918546215835647,0.20809689225666356,0.3468281046274166,0.32293647770851724,0.014834538289193828,0.0194210625958929,1.5817301415499285,1.7956212275197816,0.20779022626288013,-0.24045833995371718,0.4446422742514615,0.26359832635983266,1.7956212172661314,0.0,239
228,train,blind,3.0,0,0.2781775054950136,0.12196864177045526,0.2032810387481275,0.18448079075025214,0.02415367131702072,0.016813641147119106,1.5026304622075548,1.6137303186261005,0.12065846458320506,-0.21444930443019172,0.3536603460043325,0.3305439330543933,1.6137303153320552,0.0,239
229,train,blind,3.0,0,0.496713411596384,0.20874908182627053,0.34791508924545306,0.28813236908184436,0.0173069613373928,0.018407826769754103,1.5947413554251444,1.7201573636741319,0.20836900329434316,-0.23065248704415695,0.46876761921718746,0.22594142259414227,1.7201573611824177,0.0,239
230,train,blind,3.0,0,0.34095339140751296,0.11401019234876407,0.19001696954041514,0.053661616519093513,0.0006313131501277288,0.016031075482411932,1.6117787634332974,1.6047821723752551,0.11399863341971973,-2.980879286143269,0.30033490937746254,0.4166666666666667,1.6047821799532165,0.013888888888888888,72
231,train,blind,3.0,0,0.025146192200367425,0.008364208528131956,0.013940346530586517,0.0,0.0,0.016057825604430302,1.630864282532217,1.6229403986591675,0.008364208352230352,-0.18841376878166902,0.13596842636280007,0.5397489539748954,1.622940396798275,0.0,239
232,train,blind,3.0,0,0.21976545920194163,0.09817006401595281,0.16361675095132155,0.15024724234846346,0.016165842945106857,0.017393342708334886,1.5502577194608904,1.6490997507482392,0.09752802776149498,-0.20162788851562363,0.2224991839520461,0.5146443514644351,1.6490997425050669,0.0,239
233,train,blind,3.0,0,0.5008256455296923,0.21017148257324228,0.35028575512117954,0.3090528716726782,0.029478890127716702,0.019381924960996066,1.578558775420967,1.7481156482856144,0.20922115855803944,-0.22941751580168362,0.4303095047330781,0.2803347280334728,1.7481156526920625,0.0,239
234,train,blind,3.0,0,0.03674998030288848,0.008747749852834155,0.014579582393532775,0.0,0.0,0.015871306006488815,1.6215894828281643,1.6108362058715342,0.008747749839134653,-0.1900733672785248,0.162823822665361,0.48535564853556484,1.610836196546157,0.0,239
235,train,blind,3.0,0,0.3190210646045298,0.12943869737646918,0.21573113356707188,0.1823887414139185,0.011411183299379868,0.017332547862534742,1.5629516440954168,1.6288028307040865,0.1290768179914339,-0.20790778728827577,0.34487670257277664,0.3682008368200837,1.6288028282998648,0.0,239
236,train,blind,3.0,0,0.2864649582486312,0.11744213567654244,0.19573686608233995,0.1669836444585393,0.009128946639503893,0.017627308601084864,1.6116565785148653,1.6854743982458713,0.11728060267879113,-0.21928509470195487,0.3744028012700673,0.33472803347280333,1.6854744005329763,0.0,239
237,train,blind,3.0,0,0.01843199975083282,0.005351772954237889,0.008919621267823953,0.0,0.0,0.01621243749281477,1.6008858204386722,1.5983991046829702,0.005351773058643314,-0.1852786703809842,0.12237751862073057,0.6234309623430963,1.5983991012413528,0.0,239
238,train,blind,3.0,0,0.228072871281629,0.10520191230726485,0.1753364944742921,0.15157854600680923,0.01844807960498283,0.01724037822437274,1.5603895800881804,1.6476031561775686,0.10444685360043231,-0.20488531166779844,0.24733671622303338,0.4811715481171548,1.6476031613373334,0.0,239
239,train,blind,3.0,0,0.5005976261530134,0.18924185139089084,0.3154030415889754,0.2639786987000429,0.03480410875136882,0.01721284249758496,1.5183755750436663,1.631467197729454,0.18756365957437326,-0.22284538646212315,0.4813199204724176,0.19246861924686193,1.6314672042777574,0.0,239
240,eval,blind,3.0,0,0.2698529591997837,0.1218848100095738,0.2031413235771762,0.17744389619039191,0.0,0.0125935335724447,0.9802953728073311,1.1863843442630568,0.12188480974690868,-0.156378904091366,0.20080714561262947,0.6234309623430963,1.1863843385599047,0.0,239
241,eval,blind,3.0,0,0.478391402922768,0.19760361967273943,0.3293393255696923,0.285469761578109,0.0,0.012844433284668586,0.9395299997788593,1.2129620027779036,0.19760361863212528,-0.17211723072573343,0.3133920887860174,0.5690376569037657,1.2129620033378712,0.0,239
242,eval,blind,3.0,0,0.5020268857079679,0.20319808669588976,0.3386634351112334,0.28166603337521334,0.0,0.012194012970250552,0.9285795885648688,1.1570140970676015,0.2031980875188645,-0.17551470831633512,0.4552063859461705,0.24267782426778242,1.157014098936295,0.0,239
243,eval,blind,3.0,0,0.010237411712357194,0.0036912835419867732,0.006152138825923411,0.0,0.0,0.011222809093330196,1.0708178289265813,1.0554613655581135,0.003691283533219092,-0.1207607902308643,0.019140033828897,0.9330543933054394,1.0554613711341072,0.0,239
244,eval,blind,3.0,0,0.49008514884387816,0.20482725934714258,0.34137871251245483,0.32712058049614956,0.0001901863883229978,0.012867857924191024,0.8550758374285997,1.2188974350815538,0.20482532351992455,-0.2091708444029586,0.6004332472773675,0.1799163179916318,1.2188974340655596,0.0,239
245,eval,blind,3.0,0,0.4175653372727219,0.1917002908010233,0.31950044088264357,0.2848992000439177,0.0,0.013912171646601922,0.9713192918809388,1.3070890470154615,0.19170029104039926,-0.17779539108697387,0.36766669634113774,0.5397489539748954,1.3070890400443458,0.0,239
246,eval,blind,3.0,0,0.031455413804247795,0.00975405648610093,0.01625676019028098,0.0,0.0,0.010917238830725144,1.0723617238978462,1.0289474219457875,0.009754056489267035,-0.11618436443388473,0.0008012107184189441,0.9748953974895398,1.028947425111213,0.0,239
247,eval,blind,3.0,0,0.4891325045084395,0.19988593135422283,0.3331431681998381,0.3050589590765941,0.0,0.012552051797166279,0.8677486655103611,1.1915864349658518,0.19988593096683138,-0.20501997639512684,0.5962788213300098,0.13389121338912133,1.1915864336235125,0.0,239
248,eval,blind,3.0,0,0.4934485925616751,0.2032663194690921,0.33877715335728525,0.27310764533954685,0.0,0.012589912617064733,0.9660551101592794,1.1829977538670455,0.20326631811180637,-0.16342759394791023,0.3438677705569898,0.5690376569037657,1.1829977543478005,0.0,239
249,eval,blind,3.0,0,0.4595582126649525,0.19371950805815455,0.3228658021621432,0.2715861536094833,0.0,0.013071616229924634,0.9757260650271651,1.2273365592108612,0.19371950670659213,-0.16358029438482727,0.29769429359921673,0.606694560669456,1.227336562314827,0.0,239
250,train,blind,3.0,0,0.05557844634596492,0.016252286974012042,0.027087143425507373,0.0,0.0,0.01563996602255056,1.6073776251601375,1.5921426440382602,0.016252286644055737,-0.18390151204285066,0.13448470281017244,0.5606694560669456,1.5921426544664232,0.0,239
251,train,blind,3.0,0,0.01609831423724945,0.004386331375640092,0.007310552052494965,0.0,0.0,0.01606607320426211,1.6241382996407512,1.6191432558343002,0.004386331330218633,-0.18972587267123814,0.1468589572390872,0.5230125523012552,1.6191432557350756,0.0,239
252,train,blind,3.0,0,0.3308880599050015,0.1332112753757143,0.22201875878247287,0.19265880613396857,0.011601369687702865,0.01758958466319858,1.59416289658726,1.6731699428298983,0.1329046799324243,-0.20823672612226327,0.28247128994925663,0.38493723849372385,1.6731699502866717,0.0,239
253,train,blind,3.0,0,0.0023364927420596237,0.0006579320543857485,0.001096553402950049,0.0,0.0,0.016166474368173832,1.6340213422994734,1.6337254229449827,0.0006579321236291191,-0.1948000731370319,0.19757262826790115,0.4811715481171548,1.6337254128186345,0.0,239
254,train,blind,3.0,0,0.010237411712357194,0.0029319320954482274,0.004886553191643688,0.0,0.0,0.01586907794387333,1.606904194444792,1.6019139035476302,0.0029319320854323695,-0.1902390408878097,0.18398172052583162,0.49372384937238495,1.601913903119855,0.0,239
255,train,blind,3.0,0,0.0023364956484850357,0.0005747773891119296,0.0009579622620477041,0.0,0.0,0.01570667519339333,1.603119424696248,1.602720900559525,0.0005747773264443198,-0.1883119168772282,0.17128104691533874,0.5230125523012552,1.6027208955583971,0.0,239
256,train,blind,3.0,0,0.26150266818706364,0.1089910011695332,0.1816516438705712,0.1513883603043137,0.006656523591304923,0.017782244352023722,1.6166642248381131,1.6840489648874835,0.10885650879117748,-0.21825501995225458,0.3815840232647853,0.3138075313807531,1.6840489587897114,0.0,239
257,train,blind,3.0,0,0.21976542770897894,0.09340577476648064,0.15567627216267466,0.12362114866907127,0.014834538226845873,0.016204542402474202,1.541427634999343,1.6056437138234223,0.09274255940298526,-0.2025030576977045,0.27698151280453426,0.4602510460251046,1.6056437238749213,0.0,239
258,train,blind,3.0,0,0.3538667886901772,0.16121802625593581,0.2686966684845456,0.272346899599211,0.028718144449728804,0.01848098669380386,1.5687062146773398,1.7378654013617767,0.16012111251637554,-0.22400497309663184,0.3380812487017419,0.40585774058577406,1.7378654024958624,0.0,239
259,train,blind,3.0,0,0.45752092677940104,0.19708856458193136,0.32848089145972376,0.31856219121352397,0.04298212357395364,0.018492565007108774,1.5005976654994437,1.6801286965733293,0.1948934445923845,-0.23144360498782615,0.44161547820410113,0.2928870292887029,1.6801287080143383,0.0,239
260,train,blind,3.0,0,0.2740191620142929,0.1180038228838567,0.19667301109909344,0.1770635222291348,0.03765690445151788,0.017317258158628536,1.5024589397418449,1.6138627050311993,0.11544055579199046,-0.21779558776835423,0.3923855307279148,0.28870292887029286,1.6138627066400237,0.0,239
261,train,blind,3.0,0,0.13939366963881344,0.04145696751844038,0.06909493954663048,0.017232767255096645,0.0007492507715801617,0.01633573934220924,1.6370483171808852,1.6313333465502813,0.04144590976234262,-1.2948913947419298,0.21483126802275737,0.45604395604395603,1.631333340849611,0.005494505494505495,182
262,train,blind,3.0,0,0.49905009486198143,0.20919245293664832,0.34865403848864135,0.31095473568060406,0.037656904700909696,0.018093564202736237,1.5149524127090326,1.6651526806743573,0.20722412313409536,-0.22341774123335637,0.3854713789726699,0.28870292887029286,1.6651526776700982,0.0,239
263,train,blind,3.0,0,0.05326771741892722,0.01898377994436171,0.03163963137973864,0.0024724230481989714,0.0,0.01577810814728859,1.5944006612610118,1.592616268780441,0.018983779758931344,-0.18484263540539633,0.13866880322858247,0.6192468619246861,1.5926162709942044,0.0,239
264,train,blind,3.0,0,0.0034414851706437025,0.001018358292350975,0.0016972637622605982,0.0,0.0,0.015796590510709016,1.5961063693756838,1.5960043426836883,0.0010183582748156128,-0.1940433737738661,0.22760319297308526,0.4602510460251046,1.5960043449774843,0.0,239
265,train,blind,3.0,0,0.4023595106228796,0.17143296490315124,0.2857215644609184,0.27843286396319894,0.03004944923033774,0.01851449833956847,1.5498208463441379,1.689675158536584,0.1701431076885817,-0.2173150016239639,0.33087035223597144,0.41841004184100417,1.6896751514007085,0.0,239
266,train,blind,3.0,0,0.02819465429997744,0.007656753060888211,0.012761254659970777,0.0,0.0,0.015384903906310702,1.6159534988044195,1.6126867422997702,0.007656752948795842,-0.1923135104997541,0.1894121487284489,0.502092050209205,1.6126867373904834,0.0,239
267,train,blind,3.0,0,0.19514420172920505,0.0833590468403649,0.13893172467777956,0.11430201570359234,0.011601369687702865,0.016758085813014828,1.5685450185292935,1.6278893289206915,0.08284364267769678,-0.1963185845660613,0.18905605507581827,0.5271966527196653,1.6278893196715043,0.0,239
268,train,blind,3.0,0,0.4934485877536371,0.2127388165155562,0.3545646412831694,0.31970330973050587,0.04963864716525856,0.017916872871408404,1.4241103400246369,1.6295934329471828,0.20965640782022427,-0.23612065293845194,0.5089765274933975,0.17573221757322174,1.6295934310019513,0.0,239
269,train,blind,3.0,0,0.013958478934449634,0.0035438762544845494,0.005906459930111512,0.0,0.0,0.01615845233934569,1.6065153267593064,1.603362218106641,0.003543876238425689,-0.1901174036151782,0.1784622689100567,0.49372384937238495,1.6033622109202565,0.0,239
270,eval,blind,3.0,0,0.09659444735923473,0.038272146832629715,0.06378690621822442,0.020920502341442028,0.0,0.012360107582296288,1.2221786260106076,1.1587876341457646,0.03827214703608254,-0.13396115632093808,0.04385886821567406,0.9330543933054394,1.1587876350759703,0.0,239
271,eval,blind,3.0,0,0.167300184708377,0.05570714378709492,0.09284523145585988,0.034233548838224374,0.0,0.011807042418075063,1.2103606657004256,1.107571459527295,0.05570714400814399,-0.13520718387673966,0.036113831270957596,0.9456066945606695,1.1075714526232627,0.0,239
272,eval,blind,3.0,0,0.49775201144090475,0.18903353601112882,0.31505585780450546,0.1877139603493104,0.0,0.011765151292428562,1.1432677120843193,1.108121734283958,0.1890335357851175,-0.1456637582994638,0.2869818095492448,0.6192468619246861,1.1081217390521976,0.0,239
273,eval,blind,3.0,0,3.5839762234725213e-06,1.9546189159349728e-06,3.2576977467226744e-06,0.0,0.0,0.013159562615389355,1.2334903910070283,1.2334816952130785,1.9546186115016e-06,-0.13891741338050853,0.0,1.0,1.233481695985945,0.0,239
274,eval,blind,3.0,0,0.4797851214425007,0.18649220368016933,0.3108203047540046,0.1979840248823166,0.0,0.012333713432922024,1.1330399790069547,1.1599270181426444,0.18649220409891742,-0.15053344419167872,0.21582242796522155,0.6903765690376569,1.159927022293905,0.0,239
275,eval,blind,3.0,0,0.475447956226714,0.19190516783072245,0.31984190723898226,0.22841384639051668,0.0,0.01281111436373862,1.0718859818191209,1.2105688118535605,0.1919051682939787,-0.1773402153290544,0.399685450606843,0.4100418410041841,1.2105688153618825,0.0,239
276,eval,blind,3.0,0,0.07879227929296571,0.022587327523572003,0.037645543304907166,0.0,0.0,0.011898501875525862,1.2153911630478862,1.1144592099858128,0.0225873273874294,-0.13622869957874462,0.12552301255230128,0.6694560669456067,1.1144592147213583,0.0,239
277,eval,blind,3.0,0,0.007217873016016257,0.0028693649626985313,0.004782274792240699,0.0,0.0,0.012945378573307433,1.2296316516449262,1.216835136942285,0.0028693648885994485,-0.14112254313651015,0.08519540639188107,0.8326359832635983,1.2168351338066528,0.0,239
278,eval,blind,3.0,0,0.025146201497458203,0.009501730741256658,0.015836217291187983,0.0,0.0,0.012653343706824291,1.2260083102282122,1.1835908715196235,0.009501730879408523,-0.1393364865609272,0.05623312264458885,0.8284518828451883,1.1835908704686828,0.0,239
279,eval,blind,3.0,0,0.19920830527869945,0.06677483006610772,0.11129137104285577,0.05230125529247348,0.0,0.011843019728178633,1.1877150328588286,1.1123240175481621,0.06677482955487275,-0.1436519064707383,0.1749310068548028,0.702928870292887,1.112324016525916,0.0,239
280,train,blind,3.0,0,0.619660552718084,0.23938810744562722,0.3989801258907061,0.3457300273532217,0.012741047211668709,0.01969340683144489,1.6295097014217665,1.746123910853357,0.23910878918303008,-1.7495316764468019,0.4276810659789384,0.2727272727272727,1.7461239307390044,0.007575757575757576,132
281,train,blind,3.0,0,0.4532820462560594,0.19105687917174968,0.31842808391232524,0.30543932992045353,0.03214149962658663,0.018739908086097015,1.5299802771672046,1.6810597792330146,0.1897762490736119,-0.22797373036553328,0.4092703047568178,0.3054393305439331,1.6810597724829182,0.0,239
282,train,blind,3.0,0,0.20738793141458225,0.0955092215961516,0.15918201330305046,0.12818562198882322,0.020540129814187853,0.017081759579744674,1.5420905596042778,1.6343725795027602,0.09436793058341521,-0.21134185588149818,0.3171904210807443,0.37656903765690375,1.6343725893395926,0.0,239
283,train,blind,3.0,0,0.5020268857079679,0.21200933500882785,0.3533488433748054,0.31437808929876304,0.048117156121022533,0.01795968736393307,1.4913340969065743,1.6694013172113746,0.2093184143523408,-0.22786912395267447,0.3976675865752694,0.28451882845188287,1.6694013111204078,0.0,239
284,train,blind,3.0,0,0.2032900131473154,0.08130627736618141,0.13551044438656132,0.11087866071377837,0.0085583874745349,0.016660278310383587,1.5713465610308628,1.6430793404579163,0.08102884724443714,-0.20015689190528485,0.22721742484940205,0.497907949790795,1.6430793480130772,0.0,239
285,train,blind,3.0,0,0.3501149740058049,0.16005967149291667,0.26676607801821023,0.27634081288112256,0.050779765183456775,0.017639715360890623,1.4853448376495968,1.6608931896078039,0.15699856336109272,-0.22354359328884502,0.365322413127986,0.3598326359832636,1.6608931824856559,0.0,239
286,train,blind,3.0,0,0.17513455355801244,0.0725229249980798,0.12087152945611428,0.07930772137442393,0.006656523591304923,0.016160494856396104,1.5801233474679572,1.611692863029416,0.072311910107989,-0.1992722533860209,0.25110537404670763,0.4225941422594142,1.6116928557432295,0.0,239
287,train,blind,3.0,0,0.4918546168378746,0.21410438879379645,0.3568405980548651,0.3254089006943683,0.0540129339719916,0.017521088685700084,1.401859147528724,1.611075623763655,0.21061683574711323,-0.24209758047128632,0.5565447045906406,0.14644351464435146,1.611075620776656,0.0,239
288,train,blind,3.0,0,0.007217873016016257,0.0021046361236060507,0.0035077268451356785,0.0,0.0,0.015822610065777433,1.5870971215818717,1.5852179926309626,0.0021046361436834315,-0.1883298257552499,0.18947149767055402,0.5188284518828452,1.5852179843556737,0.0,239
289,train,blind,3.0,0,0.07600188859598127,0.023570111167249722,0.03928351540774784,0.008938760001789076,0.0009509319416149889,0.015759345130394817,1.5945205329352343,1.5942922785691138,0.02354159819829897,-0.18751006928854239,0.15858037330484584,0.5523012552301255,1.5942922811362015,0.0,239
290,train,blind,3.0,0,0.11952208523755692,0.04055617233944344,0.06759361608809242,0.013122860731938893,0.0005705591649689933,0.015994022699719817,1.6025834447669185,1.5900413448840505,0.040529958887015244,-0.19477967508004926,0.24920620789934417,0.4351464435146444,1.5900413456100142,0.0,239
291,train,blind,3.0,0,0.023700621450150866,0.0057065307397146225,0.009510883793493472,0.0,0.0,0.015469084581492711,1.6091721900836193,1.6053256514680934,0.005706530478175912,-0.18879539769693138,0.1587287456601086,0.5523012552301255,1.6053256515501217,0.0,239
292,train,blind,3.0,0,0.4367288618482977,0.19901477445009388,0.3316912389080046,0.3432864203238587,0.0412704460166987,0.018801370877227025,1.4886290854988737,1.7153570656995893,0.19673704016441892,-0.22684326729034443,0.3641651087569365,0.37656903765690375,1.7153570690369602,0.0,239
293,train,blind,3.0,0,0.501210307838382,0.22368984394071736,0.37281634991168516,0.36078356935888156,0.04031951432447553,0.01920649961852878,1.4867311626298656,1.7204257040343025,0.22180606572379535,-0.2315580748735121,0.4254428914804594,0.24686192468619247,1.7204256926843329,0.0,239
294,train,blind,3.0,0,0.45108052358230005,0.20522162617979342,0.3420359921256174,0.33853176061578377,0.04146063252971761,0.01939299711217192,1.4958562983129813,1.717488899141176,0.20314294699122887,-0.22854392700779716,0.3850856108489867,0.35564853556485354,1.717488898487889,0.0,239
295,train,blind,3.0,0,0.11335174340544449,0.040136350116906805,0.06689391123684964,0.021156263378908007,0.0010473397882303334,0.01585279587733512,1.618369797133081,1.613955935849572,0.04011702222380361,-1.1107870526488304,0.16227081086381015,0.5622119815668203,1.6139559301174402,0.004608294930875576,217
296,train,blind,3.0,0,0.004340025042008344,0.001524634279098696,0.0025410569598009348,0.0,0.0,0.016165946633652412,1.6140974176478686,1.6116425178041018,0.0015246344271446451,-0.1836227895964617,0.09970622273657972,0.6234309623430963,1.611642513028672,0.0,239
297,train,blind,3.0,0,0.502052641987655,0.21377493912909643,0.3562915139037275,0.3094332449481078,0.04298212363630159,0.018903382210193442,1.4804250822406433,1.6648994611895733,0.21125641079235574,-0.23408950019445854,0.4788569393750557,0.18828451882845187,1.6648994649008082,0.0,239
298,train,blind,3.0,0,0.4754479658978925,0.19292200258838177,0.3215366223453526,0.28965386168477925,0.015595283842485819,0.01871491177007556,1.5966067321629704,1.709718830665285,0.19252273984929158,-0.2220117684766333,0.38493723849372385,0.3305439330543933,1.7097188361248885,0.0,239
299,train,blind,3.0,0,0.4769458410955545,0.20319734723334593,0.33866219789765883,0.31894256430190976,0.027196653530188686,0.018344233112573376,1.521197958471386,1.7036090573007592,0.20228040771563507,-0.22530120192686037,0.3855010534437224,0.39330543933054396,1.7036090552613201,0.0,239
300,eval,blind,3.0,0,0.19514420172920505,0.06290771996684126,0.10484618993688406,0.045834918276535415,0.0,0.010578392087150692,1.076217523678576,1.0045715336644998,0.06290771923534876,-0.1196464997581429,0.043888542686726616,0.9330543933054394,1.0045715433051405,0.0,239
301,eval,blind,3.0,0,0.004841264746033501,0.002002124793012383,0.0033368744341745215,0.0,0.0,0.01149182223469393,1.0900671968400228,1.0822780995189396,0.0020021247538622514,-0.1259031836552189,0.00011869788421021395,0.99581589958159,1.0822781004043178,0.0,239
302,eval,blind,3.0,0,0.41462237339922975,0.17665373910009394,0.2944228618755736,0.22936477795804394,0.0,0.01277654981981012,0.9978955946706828,1.2081653889128354,0.17665373819653568,-0.16186589927313133,0.3295350010386065,0.5857740585774058,1.208165395274552,0.0,239
303,eval,blind,3.0,0,0.0001001795120615216,4.7276522149575414e-05,7.879420272006447e-05,0.0,0.0,0.011391673774836452,1.0779491735302753,1.0777389442072753,4.727653301784683e-05,-0.1230623865727669,0.0,1.0,1.0777389474860275,0.0,239
304,eval,blind,3.0,0,0.3649142709313249,0.1380159818581583,0.23002660780346018,0.16679345788317246,0.0,0.011723703603946046,1.028289281922903,1.1119884457672988,0.1380159819146307,-0.1403405071288177,0.1415769013917327,0.8368200836820083,1.111988444899049,0.0,239
305,eval,blind,3.0,0,0.0,0.0,0.0,0.0,0.0,0.01150389421325972,1.0878221260453866,1.0878221260453866,0.0,-0.1224065200477088,0.0014837235526276745,0.9707112970711297,1.0878221277049325,0.0,239
306,eval,blind,3.0,0,0.3720951933817057,0.13890094775064174,0.2315015499112313,0.19056675442841262,0.0,0.011791783864278673,1.0113398520018766,1.1209848297440357,0.138900947670728,-0.15499467304273243,0.2706311759992878,0.6192468619246861,1.1209848269766949,0.0,239
307,eval,blind,3.0,0,0.04457112279658256,0.014153217510219175,0.023588694552048286,0.0,0.0,0.010843296488552163,1.087342651818088,1.0244793824570948,0.014153217523705573,-0.11485084607609729,0.0,1.0,1.0244793805897543,0.0,239
308,eval,blind,3.0,0,0.2405893336158956,0.10284611694236499,0.17141017518533544,0.11658425329868763,0.0,0.011957293309594766,1.0411920101073995,1.1299127557911135,0.10284611769565494,-0.14206825966859982,0.13736312650227012,0.8158995815899581,1.1299127555557473,0.0,239
309,eval,blind,3.0,0,0.11952208523755692,0.04968874871860006,0.08281457404881008,0.0365157855604483,0.0,0.011128534325184184,1.0727854585547827,1.0523181445429015,0.0496887485116767,-0.12340009507810769,0.04928929641829135,0.9330543933054394,1.0523181396384649,0.0,239
310,train,blind,3.0,0,0.3190210646045298,0.14268670961536978,0.2378111458706809,0.2455306197808876,0.062190948046400955,0.01711364764190244,1.4356094643660668,1.6243417405184344,0.1375968813266063,-0.2302546228233252,0.43876672898305596,0.26359832635983266,1.6243417440938976,0.0,239
311,train,blind,3.0,0,0.4797851214425007,0.20954149218679244,0.3492357747514635,0.2940281486162082,0.019589197997268774,0.01853319779856746,1.5693888709136132,1.6881700198021892,0.20906816996948424,-0.22035889546727797,0.4025935487699931,0.3054393305439331,1.6881700159025497,0.0,239
312,train,blind,3.0,0,0.49487416027990566,0.20880046025841964,0.3480007174533449,0.3109547362417357,0.012552301629317855,0.01870095164409866,1.6181823803291162,1.747576793118002,0.208552522873551,-0.2308460792542428,0.4279652215199264,0.26359832635983266,1.747576802946745,0.0,239
313,train,blind,3.0,0,0.02819466484402731,0.007459191441237361,0.012431985076926512,0.0,0.0,0.01578062485755425,1.6114315622521245,1.6023483376123915,0.0074591916033633545,-0.1850297681056625,0.12739250422861212,0.5648535564853556,1.6023483425296352,0.0,239
314,train,blind,3.0,0,0.015004510717528821,0.0035388564423228823,0.00589809377357353,0.0,0.0,0.015311839253832605,1.591484662379181,1.588390969332292,0.003538856358542818,-0.1834679730532368,0.11234754740496751,0.5564853556485355,1.5883909703414976,0.0,239
315,train,blind,3.0,0,0.24477056702595276,0.09278000510794034,0.15463332351868622,0.12362114873141923,0.009889692192795885,0.016979469574800843,1.5749512953239504,1.6257807475253627,0.09242841983874032,-0.2058696135594189,0.3254992729754592,0.3723849372384937,1.6257807318691373,0.0,239
316,train,blind,3.0,0,0.47063660832414467,0.2047767650068004,0.34129455351225924,0.32578927434388566,0.018638265993305828,0.01841237369503935,1.5455240390290774,1.7317976819421457,0.204168433396323,-0.23398366901535222,0.48882756164871366,0.23430962343096234,1.7317976818121457,0.0,239
317,train,blind,3.0,0,0.43151489933949033,0.18765125187441695,0.31275204231594317,0.28565994622068924,0.03879802315554359,0.01744165421740218,1.4784203209138815,1.6344902395703305,0.18532286848989254,-0.22423977330309738,0.4214368378883647,0.3179916317991632,1.6344902384906708,0.0,239
318,train,blind,3.0,0,0.4941819601855557,0.19593038061190238,0.32655058814607285,0.2858501336065795,0.016926588560746803,0.017963414078492626,1.5486472917401142,1.6850977597376293,0.19545188000960342,-0.22075357252727443,0.4065402534199828,0.2928870292887029,1.6850977546591888,0.0,239
319,train,blind,3.0,0,0.19514420172920505,0.07883591163761852,0.1313931684866528,0.10441232432131987,0.005515405261366936,0.01671227109404164,1.612424043930724,1.654266707817381,0.07874368675989922,-0.20081882936596254,0.22140122852310157,0.497907949790795,1.654266695393169,0.0,239
320,train,blind,3.0,0,0.2790140411764566,0.1150802023972314,0.19180031272357415,0.17309253197163343,0.008725649610693966,0.017064936675264368,1.5646213937018598,1.645359983401639,0.11491715498037333,-1.0988043486383878,0.2831180344478217,0.4375,1.6453599705960857,0.004464285714285714,224
321,train,blind,3.0,0,0.49008514884387816,0.21084002963375098,0.35139999485676465,0.3527957399894004,0.05477367952528359,0.018278929104864845,1.4410069816780888,1.6772398963632942,0.20748969789668814,-0.23667886085831505,0.4572835989198493,0.2803347280334728,1.677239899959048,0.0,239
322,train,blind,3.0,0,0.4465136047263696,0.17947696329324134,0.2991282289016202,0.2835678959491363,0.03004944935503365,0.017956399187352118,1.520875616053657,1.6527575987652257,0.17810295869449688,-0.217531245505135,0.36659841538324583,0.3723849372384937,1.6527575968817831,0.0,239
323,train,blind,3.0,0,0.46892580401234446,0.21074649302607204,0.3512441039068462,0.32331685048516323,0.013122860794286848,0.01907388130826369,1.5859416172095422,1.757577093824682,0.21047194203025532,-0.24183155837499917,0.5237840885486217,0.17154811715481172,1.7575770824937915,0.0,239
324,train,blind,3.0,0,0.0010625928217568533,0.0003324448736603703,0.0005540747525975124,0.0,0.0,0.015918887239806823,1.6238593164846986,1.6233346340047765,0.0003324449347905916,-0.18985560848488856,0.15620641562064155,0.5355648535564853,1.623334626549286,0.0,239
325,train,blind,3.0,0,0.05557842856955229,0.013957112692452376,0.02326185302556201,0.0,0.0,0.01619162495641591,1.6376864161950275,1.6271152823041173,0.013957112427808444,-0.18588466336980441,0.09837087153921481,0.6108786610878661,1.6271152902097608,0.0,239
326,train,blind,3.0,0,0.49941803140382607,0.2100316109766533,0.35005263760533095,0.29650057016805625,0.013122860794286848,0.018668031398884982,1.5994833246434583,1.716395327236862,0.20978288436011527,-0.22838637446309087,0.4314964835751803,0.301255230125523,1.7163953161428007,0.0,239
327,train,blind,3.0,0,0.17513455355801244,0.06260160185656292,0.10433599427243169,0.05952833792405148,0.0013313047182609845,0.017273729107884307,1.631373897755994,1.6450043148575468,0.06257148741979603,-0.2080066246904133,0.3090892904833971,0.3472803347280335,1.6450043087767983,0.0,239
328,train,blind,3.0,0,0.11274785525415133,0.03742492660605125,0.062374873746517234,0.01825789278022415,0.0003803727766459956,0.016241027944366677,1.6011458864770673,1.5895980781092305,0.0374215800355266,-0.19957167496393202,0.29624024451764147,0.33472803347280333,1.5895980848006364,0.0,239
329,train,blind,3.0,0,0.17513455355801244,0.07756114461873614,0.12926856157888117,0.08444275398384078,0.011791556013677908,0.0163638695069125,1.5211184361489747,1.573555190194102,0.07695035107562602,-0.20658884945356085,0.34953559452802757,0.3179916317991632,1.5735552086346594,0.0,239
330,eval,blind,3.0,0,0.006565895839070679,0.002441701577801236,0.004069502331476238,0.0,0.0,0.010956391197274668,1.0502608857394262,1.039582557758028,0.002441701574543799,-0.11904731992190612,0.032285824505178196,0.9414225941422594,1.0395825603624635,0.0,239
331,eval,blind,3.0,0,0.026644067398029395,0.008362392341585588,0.013937319986116449,0.0,0.0,0.010651583083862416,1.0528677564784572,1.01612250076677,0.008362392419946739,-0.12170108193149622,0.105136650939197,0.803347280334728,1.0161224935929907,0.0,239
332,eval,blind,3.0,0,0.5020913164463541,0.19427179584235088,0.3237862869480744,0.2542791945166169,0.0,0.011170350048285772,0.9162197894880463,1.0575603018495328,0.19427179500753367,-0.17602592636746886,0.5280572123801893,0.17154811715481172,1.0575603028937857,0.0,239
333,eval,blind,3.0,0,0.07057711293792525,0.018537371792727263,0.030895617386537105,0.0,0.0,0.01021159993592751,1.054020238970114,0.9735193351073245,0.018537371680239133,-0.11389197106499875,0.06145582954983827,0.8619246861924686,0.9735193362663045,0.0,239
334,eval,blind,3.0,0,0.2656803193330306,0.11262923938050041,0.18771537480716083,0.1409281096947243,0.0,0.011544507315916216,0.9846969941420535,1.0994677076653956,0.11262923916267834,-0.14379973872083526,0.2189382474257396,0.6610878661087866,1.0994677047676502,0.0,239
335,eval,blind,3.0,0,0.37562728849699706,0.16140733722342976,0.2690121928387868,0.2337390637672097,0.0,0.012345449375495253,0.9449905965118728,1.169359043552287,0.16140733760473255,-0.16307087339406395,0.3012255556544705,0.5732217573221757,1.1693590391095152,0.0,239
336,eval,blind,3.0,0,0.00014589585375555142,6.595712874662404e-05,0.00010992853856493551,0.0,0.0,0.01096906366457999,1.0381301112753576,1.0378369217637193,6.59571417763724e-05,-0.11729660603221104,0.0,1.0,1.0378369123356477,0.0,239
337,eval,blind,3.0,0,0.15197705929011698,0.04043782979082394,0.06739637792591692,0.015024724178733188,0.0,0.00975309683119091,1.0400557789842455,0.9281351550727709,0.04043782956934866,-0.11335390321333726,0.1330900026707024,0.7573221757322176,0.9281351604944614,0.0,239
338,eval,blind,3.0,0,3.939130826693449e-05,1.7975983103965195e-05,2.99599688260516e-05,0.0,0.0,0.010886106164697323,1.0324425073847112,1.0323625573553301,1.7975967121213113e-05,-0.11705311995109302,0.0,1.0,1.0323625548157402,0.0,239
339,eval,blind,3.0,0,0.24477056702595276,0.10339401306007394,0.17232333512189624,0.11810574396883594,0.0,0.011371585412854992,0.9876181765081493,1.076385024888246,0.1033940132672713,-0.1351323870322233,0.16347666102851718,0.7740585774058577,1.076385027298051,0.0,239
340,train,blind,3.0,0,0.06794362143753681,0.019354877717815272,0.03225812725437231,0.004564473195056038,0.0011411183299379866,0.015335059905946878,1.5789753889438995,1.5787904616679107,0.019296605852375314,-0.19231637197966803,0.24060061129410365,0.401673640167364,1.5787904544018623,0.0,239
341,train,blind,3.0,0,0.42329975400295616,0.16578483304160024,0.27630801189247695,0.25884366652706176,0.012362115240994856,0.01799939782650962,1.5876075159056915,1.6934646432868605,0.1654930306285069,-0.22523352856625442,0.4489450725540817,0.2384937238493724,1.6934646501031847,0.0,239
342,train,blind,3.0,0,0.012959528787482421,0.0033671573651019313,0.005611928737642941,0.0,0.0,0.015568378100865306,1.607603740492625,1.6027576519355615,0.003367157478899126,-0.18741357836377529,0.15086501083118192,0.5313807531380753,1.602757653823374,0.0,239
343,train,blind,3.0,0,0.47694583179846367,0.20777223524268548,0.3462870093572141,0.30715100853762367,0.023392925763728728,0.018793003173802187,1.5547656608924707,1.7045786819697424,0.20707154797252986,-0.22431433460650516,0.41300928810943943,0.29707112970711297,1.7045786802627698,0.0,239
344,train,blind,3.0,0,0.48967740860547915,0.2073501759847061,0.3455835780484623,0.26813074645031704,0.010214504900943028,0.017050765229786716,1.604573204276267,1.699029801936632,0.20715467640711518,-2.470908585908009,0.34966929635827554,0.449438202247191,1.6990298059471483,0.011235955056179775,89
345,train,blind,3.0,0,0.10291766645305227,0.03801785910802065,0.06336309185530332,0.026245720902746194,0.004374286931428949,0.016031242511527433,1.5682903675354674,1.5879695260873898,0.03778674337217084,-0.19878129106709408,0.2853793881124069,0.41422594142259417,1.5879695245633683,0.0,239
346,train,blind,3.0,0,0.3843235407722021,0.16687696701644453,0.278128232954558,0.2757148956748801,0.00960307326954855,0.01820632875700232,1.5598061328202906,1.706172741634745,0.16668280889746417,-1.1604553899858732,0.3350980588019845,0.38967136150234744,1.7061727480160016,0.004694835680751174,213
347,train,blind,3.0,0,0.0008817254575398053,0.00029657392100885,0.0004942898456982404,0.0,0.0,0.01642668611958436,1.5942297398295862,1.5939520071241147,0.00029657393196845137,-0.18543281320168492,0.1430902994154129,0.5815899581589958,1.5939520112555545,0.0,239
348,train,blind,3.0,0,0.002674004892043177,0.0008552848171709674,0.0014254747099383387,0.0,0.0,0.015168291643246323,1.59712792939222,1.5962371761330003,0.0008552848396685937,-0.1880930078979379,0.1693818807679753,0.5313807531380753,1.59623717665893,0.0,239
349,train,blind,3.0,0,0.5005976261530134,0.2226699844010517,0.37111658720665164,0.3389121342029532,0.036896159272313614,0.01839647372253239,1.4814596447984545,1.6804274432828736,0.22096060369639034,-0.22863927902329598,0.4163921778094307,0.32217573221757323,1.6804274489909732,0.0,239
350,train,blind,3.0,0,0.00595315217983492,0.0019135626702732357,0.0031892709122536213,0.0,0.0,0.01608511355460064,1.6099618396499666,1.6067143481645625,0.0019135627011427798,-0.18710408898266773,0.14475206979435595,0.5439330543933054,1.606714356464133,0.0,239
351,train,blind,3.0,0,0.07879225602993307,0.025520087606405107,0.04253347765289127,0.0077976417965469995,0.0003803727766459956,0.015951215570098935,1.5784775492536474,1.5734160163412534,0.025517285877335077,-0.1868776645382802,0.17318021306270212,0.5188284518828452,1.573416015237248,0.0,239
352,train,blind,3.0,0,0.4465136047263696,0.20081564602766003,0.334692691275895,0.3236972237605929,0.03822746386587869,0.018834998686973272,1.52852272064616,1.7411517600634108,0.19903939509359783,-0.22874222870222158,0.3745511736253302,0.39748953974895396,1.7411517626221606,0.0,239
353,train,blind,3.0,0,0.46716103549544,0.19432751442882096,0.3238791432151903,0.29707112945772113,0.01122099691105687,0.019301719026382873,1.5801498740288005,1.728179584237821,0.19413123482163772,-0.2279600119973877,0.39238553072791477,0.3305439330543933,1.7281795970248075,0.0,239
354,train,blind,3.0,0,0.5020268853461184,0.21103105044409962,0.35171836584134986,0.30886268603253064,0.03138075407329464,0.01802993481238392,1.4906202385116323,1.6482927145818287,0.2095491148763537,-0.2266978906852397,0.48609751031187876,0.19665271966527198,1.6482927108301888,0.0,239
355,train,blind,3.0,0,0.49975553764743685,0.1943267574257547,0.32387788414553714,0.2723469001603426,0.011791556076025863,0.018129049722401418,1.6008783025222841,1.7061298083061953,0.1941158331759363,-0.2264367655489977,0.40698537048577105,0.28870292887029286,1.7061298097657098,0.0,239
356,train,blind,3.0,0,0.4023595106228796,0.1791793532433243,0.29863220696309756,0.3084823125077092,0.04488398727013975,0.01794661685754253,1.4912821740286122,1.681500312424105,0.17682538029189668,-0.22864411338312776,0.4014362443989436,0.3389121338912134,1.681500316412958,0.0,239
357,train,blind,3.0,0,0.4288286743681341,0.17960953888724213,0.29934918724169596,0.2837580832726786,0.013883606347578839,0.01901950669829504,1.625351250670445,1.741804366580612,0.17935294104322888,-0.23066803212719256,0.4245229828778302,0.2719665271966527,1.7418043700619628,0.0,239
358,train,blind,3.0,0,0.878838450136319,0.3852001421258483,0.6420001291053395,0.6888604353011494,0.02624840027009937,0.022253146113067026,1.5910183946851273,1.9552545203289515,0.38469795347519326,-3.0964399042256727,0.6665667765457997,0.07042253521126761,1.9552545063773308,0.014084507042253521,71
359,train,blind,3.0,0,0.00864344554228482,0.0031165047631593287,0.005194174498523596,0.0,0.0,0.01599452644002051,1.5963711556530398,1.5945758133752574,0.003116504877375119,-0.18626114258184098,0.14297160153120272,0.5439330543933054,1.594575812668699,0.0,239
360,eval,blind,3.0,0,0.38934417804177057,0.14860325202434255,0.24767205665937955,0.1711677446899055,0.0,0.01191622828752987,1.0454493039073305,1.118880845824545,0.14860325159767918,-0.14415019363895493,0.1714294192706015,0.7615062761506276,1.1188808447728142,0.0,239
361,eval,blind,3.0,0,0.502052641987655,0.19882405747260817,0.331373384489011,0.2723469011579099,0.0,0.011586552026007465,0.8918007441394997,1.1028745190618428,0.1988240569912077,-0.19395190646771335,0.6387133149351613,0.0041841004184100415,1.102874520992315,0.0,239
362,eval,blind,3.0,0,0.502091316396975,0.19267056664717666,0.3211175747789666,0.19456067014189446,0.0,0.011260592431769119,1.0362148150240527,1.057808445337926,0.19267056582438458,-0.1408635864202361,0.2993857384492121,0.6150627615062761,1.0578084402941828,0.0,239
363,eval,blind,3.0,0,0.1445073664815396,0.05953117108528885,0.09921860601448564,0.048307341200038476,0.0,0.011645702221898448,1.1083075491454313,1.0905192119681186,0.059531170932097977,-0.12878916530784792,0.07929018665242292,0.8744769874476988,1.0905192174502176,0.0,239
364,eval,blind,3.0,0,0.42329975400295616,0.18513755121153988,0.3085625449524414,0.25808291997620253,0.0,0.01309704282671743,0.961937552840141,1.2331682815212586,0.1851375505973151,-0.17351164473442565,0.3484673135701357,0.5313807531380753,1.2331682855816735,0.0,239
365,eval,blind,3.0,0,0.41162969583010295,0.15802619025157108,0.26337694813842955,0.2430581981666916,0.0,0.012129832514090206,0.9314497388805805,1.150045480438855,0.1580261895060442,-0.191807214578275,0.5463663610196148,0.25523012552301255,1.1500454811890277,0.0,239
366,eval,blind,3.0,0,0.001747928173575944,0.0007654380014740519,0.001275729932873432,0.0,0.0,0.012049980755801853,1.130889539439309,1.127967397787581,0.0007654379907884405,-0.1282454562264478,0.0,1.0,1.1279673945836455,0.0,239
367,eval,blind,3.0,0,0.27817753698797626,0.09433829385771296,0.15723046975938026,0.1226702168521522,0.0,0.011231822301692108,1.0268703431015733,1.0613859543366413,0.09433829433908301,-0.15428071079045477,0.28472654974925066,0.5481171548117155,1.0613859548119724,0.0,239
368,eval,blind,3.0,0,0.45108052358230005,0.17834630257035528,0.29724380431376995,0.19893495694862748,0.0,0.011996049935652809,1.0237424058146058,1.1232388273317944,0.17834630240313,-0.14986829602208845,0.29416303154396284,0.6192468619246861,1.123238834016594,0.0,239
369,eval,blind,3.0,0,0.4288286963842077,0.16737746198115594,0.27896240202518363,0.22803347136934432,0.0,0.012146373025129966,0.981731078115966,1.1459534321619378,0.16737746197454972,-0.1624725497959902,0.26336093059141225,0.5397489539748954,1.1459534227921444,0.0,239
370,train,blind,3.0,0,0.08746963563609224,0.0270937716751676,0.04515628293466537,0.012171928790323904,0.0005705591649689933,0.015729695242911453,1.5820090326803997,1.5711645795710416,0.027076765732109306,-0.19438620541681256,0.27567583607822194,0.33472803347280333,1.5711645710317668,0.0,239
371,train,blind,3.0,0,0.24895398218523726,0.10673664761340648,0.17789438582026929,0.15024724222376756,0.015785470230808816,0.017201676740696864,1.5707319216748161,1.6697237716060302,0.10608166481027766,-0.20865872337215308,0.2748152764176979,0.41841004184100417,1.6697237651627432,0.0,239
372,train,blind,3.0,0,0.18707420168323716,0.07519917985579112,0.12533195322699064,0.0863446176800269,0.004374286931428949,0.016808163020058407,1.610560738391956,1.640563433888567,0.07509524214311801,-0.19392069404599002,0.16697824861271848,0.5355648535564853,1.6405634347665923,0.0,239
373,train,blind,3.0,0,0.5020705397688578,0.21132201287286514,0.3522033019481611,0.31932293689151187,0.041650818793344695,0.01756759703151539,1.4827544427317056,1.6625263887968023,0.20917631302460932,-0.2297010594619495,0.454909641235645,0.2594142259414226,1.6625263840701914,0.0,239
374,train,blind,3.0,0,0.3269574497412977,0.13799311021433838,0.22998848173417352,0.22194750868875113,0.014454165512547832,0.017984882786199762,1.5877843082699317,1.6990084969847772,0.13757850527792592,-0.21776017168356104,0.3629187809727291,0.3514644351464435,1.6990084873751132,0.0,239
375,train,blind,3.0,0,0.05778082943371369,0.020481278840828298,0.034135463013484336,0.0012925463547638807,0.0,0.015707161420982736,1.5978267028998425,1.5951003836229514,0.02048127918238451,-1.130097852948631,0.10708883735000503,0.6445497630331753,1.595100387691785,0.004739336492890996,211
376,train,blind,3.0,0,0.48366004122113304,0.21362346565604423,0.3560390568534816,0.3343476608832012,0.04640547868846351,0.018678099838588154,1.502214917577959,1.6978761885455462,0.211223835668355,-0.2282494015917944,0.388587198433188,0.36401673640167365,1.6978761913328975,0.0,239
377,train,blind,3.0,0,0.9953040070831776,0.35779622104018927,0.5963269388303161,0.5909090880304575,0.014204545877873898,0.019877441343851388,1.5530854314565659,1.8396745547652245,0.35750987753272057,-12.753346510076371,0.5288120567375886,0.125,1.839674517642863,0.0625,16
378,train,blind,3.0,0,0.501817049438165,0.20501930652521516,0.341698798177341,0.29022442109914004,0.03461392261243764,0.018588393609035588,1.5115646323399563,1.6502448936386587,0.2033034191288409,-0.21875052856787172,0.3763019674174308,0.3682008368200837,1.6502448915642474,0.0,239
379,train,blind,3.0,0,0.29470410188133966,0.11918059683868941,0.19863430469777998,0.15728413933989394,0.01122099691105687,0.016866796246679132,1.5849816943811073,1.6382375631372301,0.11889361771033718,-0.20127356342551034,0.2583162705124781,0.49372384937238495,1.638237568465492,0.0,239
380,train,blind,3.0,0,0.11274785525415133,0.04184244274930663,0.06973739739416837,0.035564853681181265,0.0009509319416149889,0.016303170499660728,1.6481600266620204,1.6438026084061945,0.04183125378560712,-0.19847741248285392,0.23241045728359894,0.46443514644351463,1.643802614851451,0.0,239
381,train,blind,3.0,0,0.25732146626996916,0.10166180282108316,0.169436314006078,0.15367059646540607,0.012742488017640852,0.0169314892415082,1.5855228663987195,1.6585796398098998,0.10129184714067713,-0.20296596262836272,0.2466838778598772,0.4435146443514644,1.658579637876474,0.0,239
382,train,blind,3.0,0,0.07057713395643153,0.023441334438978337,0.039068889364217325,0.009128946514807985,0.0011411183299379866,0.01648003343594062,1.5934255282749192,1.592402307807651,0.023398806175746016,-0.18816761693503703,0.1697082999495534,0.4895397489539749,1.5924023117565138,0.0,239
383,train,blind,3.0,0,0.39470512187437873,0.16525456813641934,0.2754242378632282,0.27508576263515455,0.012221269660963202,0.018884166923597595,1.6048349749367192,1.7455392614850458,0.16504192286032227,-1.1724665046482263,0.3298541415763416,0.3584905660377358,1.7455392620843244,0.0047169811320754715,212
384,train,blind,3.0,0,0.5005976261530134,0.21743407429557424,0.3623900736734358,0.3124762266001442,0.03613541378136958,0.017700229196665054,1.4846514331247018,1.6431314204527245,0.21568900056315887,-0.22367237328312234,0.41309831152259713,0.3263598326359833,1.6431314323330675,0.0,239
385,train,blind,3.0,0,0.501210307838382,0.1961265395569411,0.3268775199291846,0.26759224045226765,0.029478890127716702,0.017028776862537762,1.4737619386058471,1.585390060267189,0.19454701996883503,-0.2181392614283675,0.41995311433573707,0.24686192468619247,1.5853900660678397,0.0,239
386,train,blind,3.0,0,0.02979833591694332,0.007124911859151995,0.011874852682659637,0.0,0.0,0.01584582532284524,1.6138886846757834,1.6092030438419167,0.007124911958153728,-0.18658312577361627,0.1374224754443752,0.5523012552301255,1.6092030380848428,0.0,239
387,train,blind,3.0,0,0.1830709686913921,0.06943312419086346,0.1157218611695795,0.06922784329208868,0.002662609436521969,0.01614457933294536,1.61327816951225,1.6359810961340262,0.06939289528641156,-0.19477005602675754,0.19374462150212174,0.502092050209205,1.6359810961691121,0.0,239
388,train,blind,3.0,0,0.2927276078241578,0.10702966127766038,0.17838275338574153,0.09821428637951612,0.0073051950229065755,0.0182549320410804,1.6312475129961967,1.6699842305055685,0.10684643738851005,-1.9885467877719745,0.22606382978723402,0.4375,1.6699842271898813,0.008928571428571428,112
389,train,blind,3.0,0,0.496713411596384,0.20692780488816692,0.34487962984390097,0.2839482695363057,0.012362115240994856,0.01879660454169539,1.5710208555644527,1.700683703981184,0.20668092558781956,-0.2368550582619072,0.5015875842013117,0.20920502092050208,1.7006837107673567,0.0,239
390,eval,blind,3.0,0,0.5012103088587818,0.18619565963141121,0.31032606523108197,0.20330924344362075,0.0,0.010837265031186233,0.9820199012756348,1.031950437062455,0.1861956590071097,-0.1653559959238358,0.4828629929671503,0.2594142259414226,1.0319504372668074,0.0,239
391,eval,blind,3.0,0,0.09659444735923473,0.03480814238783107,0.058013565905921154,0.015595283281354226,0.0,0.010746110064585432,1.0806184131730052,1.027630063093357,0.0348081426646219,-0.1280514945377294,0.15558325172853793,0.7112970711297071,1.027630062032186,0.0,239
392,eval,blind,3.0,0,7.168495677855786e-07,5.2084466903986776e-08,8.68074410345608e-08,0.0,0.0,0.011443755164680122,1.0895286122625343,1.0895287454377658,5.208046360513211e-08,-0.12254601358733325,0.0008902341315766048,0.9707112970711297,1.089528744103632,0.0,239
393,eval,blind,3.0,0,0.3069478625608959,0.10694183768408867,0.17823637464431027,0.10745530640979192,0.0,0.010845066496330824,1.0437779647286467,1.0371752954302473,0.10694183744894434,-0.12947232383014004,0.10213952936288911,0.8702928870292888,1.037175302008762,0.0,239
394,eval,blind,3.0,0,0.010237411712357194,0.0041688155246729025,0.006948025593868745,0.0,0.0,0.011293530912298289,1.0904789125570193,1.0745281128205015,0.004168815533440584,-0.12282929205894057,0.0,1.0,1.074528106275995,0.0,239
395,eval,blind,3.0,0,0.0023364927420596237,0.0009857971043967463,0.0016429950238378897,0.0,0.0,0.01147308757832609,1.0927290317902505,1.0883420715770962,0.0009857970916714314,-0.12390944683901049,0.0,1.0,1.0883420741300074,0.0,239
396,eval,blind,3.0,0,0.07879225602993307,0.022050959976642318,0.03675159893963568,0.0,0.0,0.010628447136802747,1.10657025356173,1.0112912813240513,0.02205096000833383,-0.1175750159892486,0.0,1.0,1.0112912820824431,0.0,239
397,eval,blind,3.0,0,0.4465136047263696,0.16809237414460643,0.2801539206660716,0.21985545748197882,0.0,0.011565970989026005,0.95910810277053,1.0979377674133708,0.16809237299698393,-0.17591429879477763,0.45894536929879226,0.3598326359832636,1.0979377643369732,0.0,239
398,eval,blind,3.0,0,0.2740191620142929,0.10862716201554729,0.18104524975135985,0.11715481177782913,0.0,0.011425492506684681,1.0450228773150982,1.0870804598391306,0.10862716211579719,-0.13451778712906462,0.17745333689426987,0.7447698744769874,1.0870804588330774,0.0,239
399,eval,blind,3.0,0,0.017240600663365867,0.006435769093270408,0.010726280985037195,0.0,0.0,0.01110656089324769,1.0825957122208185,1.0539679287866568,0.0064357691280975855,-0.119310546973277,0.0,1.0,1.0539679264224837,0.0,239
400,train,blind,3.0,0,0.24895395069227458,0.10103271120332538,0.16838782625898785,0.14644351508078715,0.004754659708074945,0.017179874826035613,1.60828795293385,1.6756092474550384,0.10094785071377826,-0.21597866180187386,0.34452060892014597,0.3305439330543933,1.6756092515320982,0.0,239
401,train,blind,3.0,0,0.06036288374898542,0.01755685885540949,0.029261429992531937,0.0003803727766459956,0.0,0.016079654769044542,1.6326860850326186,1.6284150932623254,0.017556858893402777,-0.18879461251525276,0.12991483426807918,0.5732217573221757,1.6284150847712342,0.0,239
402,train,blind,3.0,0,0.010237416458047271,0.002879857461315981,0.004799762142702321,0.0,0.0,0.016222207399794374,1.633278103054318,1.6298325136615641,0.0028798573817675407,-0.19109889031704266,0.165613222944301,0.497907949790795,1.6298325142794523,0.0,239
403,train,blind,3.0,0,0.4341484118583851,0.17883280493246823,0.2980546343210202,0.2525675167723181,0.007987828309565907,0.018003813439208594,1.596588509601529,1.6697218226089636,0.1786767418013662,-0.22752602860187965,0.4514674025935488,0.2217573221757322,1.6697218246409442,0.0,239
404,train,blind,3.0,0,0.4260901446999406,0.1868896539264946,0.3114827063274263,0.2978318744498816,0.029859262842014744,0.017872713104856813,1.5325148659271177,1.6720553442025285,0.1854283481618162,-0.22179265731469416,0.35920947209116,0.3598326359832636,1.6720553506868352,0.0,239
405,train,blind,3.0,0,0.22640516608388353,0.09354471119139225,0.15590783282265336,0.11319505705416781,0.005516328496261708,0.01714930065355978,1.6135537838472904,1.663037237901132,0.09345064398250755,-1.17600693802364,0.2392756317565241,0.470873786407767,1.663037240179955,0.0048543689320388345,206
406,train,blind,3.0,0,0.0005835234280700004,0.00011146591017198082,0.00018577650862197474,0.0,0.0,0.01622984232965498,1.620818585780874,1.6206966571229273,0.00011146592161867565,-0.18784613224062227,0.13433633045490964,0.5606694560669456,1.6206966630856374,0.0,239
407,train,blind,3.0,0,0.4023595106228796,0.16871848099807907,0.2811974277328354,0.26473944606142563,0.033853177121493605,0.0179296491733873,1.5322202513906247,1.664307931227664,0.16716585225184794,-0.2133566995544894,0.30686370515445566,0.4476987447698745,1.664307938959806,0.0,239
408,train,blind,3.0,0,0.49975553764743685,0.2011103643908199,0.3351838957330138,0.2769113733553986,0.029669076578387656,0.017833621206081562,1.5025936300285692,1.628640003284151,0.199734242339968,-0.2219836078363228,0.4196266951541589,0.27615062761506276,1.6286400077153877,0.0,239
409,train,blind,3.0,0,0.19109905445188377,0.07945343831862263,0.13242238019515126,0.09528337774416393,0.0030429822131679647,0.01668482244786296,1.601724372249268,1.6362059540329619,0.07939226032308645,-0.19962238244259878,0.22098578592836582,0.4811715481171548,1.6362059607038522,0.0,239
410,train,blind,3.0,0,0.0488099870398625,0.013968609913139533,0.023281015455570594,0.0,0.0,0.01556733709070286,1.6073374438984125,1.5963503865517332,0.013968609833317101,-0.18442587318806486,0.12495919760230273,0.5606694560669456,1.5963503883188896,0.0,239
411,train,blind,3.0,0,1.0033001283974734e-05,1.446285004855161e-06,2.4104750588308305e-06,0.0,0.0,0.0163468537992451,1.6319152199074813,1.631915247839365,1.4463218869582973e-06,-0.19084604709392405,0.16083563310483992,0.5397489539748954,1.6319152500589869,0.0,239
412,train,blind,3.0,0,0.0017479297706943053,0.0006676506656662865,0.0011127510331629554,0.0,0.0,0.016302574669482442,1.616167333834341,1.6153119558070992,0.0006676507623543257,-0.1892034958990595,0.14837235526276749,0.5732217573221757,1.6153119431413143,0.0,239
413,train,blind,3.0,0,0.1830709686913921,0.07036606341704656,0.1172767557481352,0.08349182260335739,0.009699505742124933,0.016683085155225198,1.5749748837997724,1.5980762402881639,0.06970890606568128,-0.19845028253536498,0.24092703047568173,0.4351464435146444,1.5980762480070503,0.0,239
414,train,blind,3.0,0,0.49775201144090475,0.22108946119307696,0.36848238294182595,0.3373906430963692,0.01977938438559177,0.019195594133177937,1.5788108861097232,1.7608361700588688,0.2206231191860497,-0.23252229279317246,0.4630997952461497,0.2719665271966527,1.760836165320186,0.0,239
415,train,blind,3.0,0,0.4967134153445068,0.21121690229899198,0.352028120838311,0.30315709394640505,0.04735641044303463,0.018164205859769838,1.4804262094916658,1.6234556628570398,0.20833195730077908,-0.23133934608773388,0.48292234190925565,0.2217573221757322,1.6234556584815694,0.0,239
416,train,blind,3.0,0,0.1595777480052146,0.05692719797861397,0.09487865471852411,0.056485355274447833,0.0013313047182609845,0.01616391131973915,1.5648562459267332,1.5682279602254285,0.056897403852485984,-0.20145689880937423,0.3739576842042791,0.2719665271966527,1.5682279674923434,0.0,239
417,train,blind,3.0,0,0.015004510717528821,0.004351030176941517,0.00725171651956238,0.0,0.0,0.01610166638033566,1.6191256637353777,1.6138403263550922,0.004351030166103689,-0.1865410310518259,0.1405382949048933,0.5606694560669456,1.6138403312177385,0.0,239
418,train,blind,3.0,0,0.15576158431569304,0.06218904821124468,0.10364840324952818,0.06352225170474671,0.0024724230481989714,0.01678683954996357,1.6109804398843932,1.6273376018931178,0.06213573316128691,-0.19559965999399923,0.20724650583103357,0.4686192468619247,1.6273376042803007,0.0,239
419,train,blind,3.0,0,0.2753760886154946,0.10090124359271613,0.16816872110077957,0.11124401980716932,0.0035885168533576163,0.01629466009265008,1.5856401983060335,1.604116748430227,0.1008171779663754,-1.51681289703835,0.2664240388204554,0.4144736842105263,1.604116740872904,0.006578947368421052,152
420,eval,blind,3.0,0,0.4811274396703373,0.18204344488617893,0.3034057066533286,0.20882464851794383,0.0,0.011873566840724653,1.048424769146173,1.1304437687706248,0.1820434449505666,-0.17176186755231593,0.4082613727410309,0.3514644351464435,1.1304437637465456,0.0,239
421,eval,blind,3.0,0,0.43151492035799666,0.16777947803475932,0.279632430064244,0.18847470552851464,0.0,0.012188502267844757,1.087736452723148,1.1581153792940921,0.1677794775035231,-0.14839898210514363,0.21629721950206232,0.6694560669456067,1.1581153794687546,0.0,239
422,eval,blind,3.0,0,0.39594290426846546,0.15065082979054145,0.2510846871184916,0.17478128575630267,0.0,0.012150072623200123,1.0814967933559019,1.1541573038036355,0.15065082960852075,-0.15900246939352106,0.3089112436570819,0.5104602510460251,1.1541572968701777,0.0,239
423,eval,blind,3.0,0,0.3685238404330022,0.14054556491263684,0.23424257865849255,0.17116774500164528,0.0,0.012206710281267482,1.0632521557508652,1.1575385797223288,0.14054556555608722,-0.17157970483895904,0.3795661592332117,0.4560669456066946,1.1575385747063218,0.0,239
424,eval,blind,3.0,0,0.16342436824145895,0.05240355909345491,0.08733925676335207,0.028337770737863484,0.0,0.011110920399606664,1.1676328229604904,1.0527886358639187,0.05240355959433914,-0.1272625718524945,0.04795394522092644,0.8284518828451883,1.0527886462887426,0.0,239
425,eval,blind,3.0,0,0.5015085098678519,0.19660413341540586,0.3276735170250325,0.2010270070331366,0.0,0.011657263465502365,1.0848783040146448,1.1023517605151092,0.19660413302743596,-0.14503648083807466,0.22009555179678922,0.7071129707112971,1.102351758053895,0.0,239
426,eval,blind,3.0,0,0.31501783161268476,0.1289171312938573,0.2148618588419378,0.1470140743081041,0.0,0.012670559611339043,1.1075797654594837,1.2008854316617654,0.12891713141276898,-0.15581363460133224,0.23300394670465,0.6276150627615062,1.2008854249773273,0.0,239
427,eval,blind,3.0,0,0.01843199975083282,0.007379081815522102,0.012298469124707709,0.0,0.0,0.012069557645362041,1.1716973679335048,1.1389173763067653,0.007379081886241974,-0.12772995766669595,0.0,1.0,1.1389173788985711,0.0,239
428,eval,blind,3.0,0,0.5008256455296923,0.19445699421041324,0.32409495399328664,0.1957017882224406,0.0,0.011501032335948682,1.0790541847879418,1.0905684145424654,0.19445699445654763,-0.14363504121876267,0.2995044363334224,0.606694560669456,1.0905684211146056,0.0,239
429,eval,blind,3.0,0,0.18307093769721308,0.07624925801688907,0.1270820826694986,0.06960821613108265,0.0,0.012062520259274286,1.1442699681764865,1.141305343002455,0.07624925848732997,-0.13588710238527985,0.09869729072079289,0.8619246861924686,1.141305338597226,0.0,239
430,train,blind,3.0,0,0.4392558533156307,0.1924604290272259,0.32076733384695305,0.3183720043887653,0.034043363260424786,0.018185622908299687,1.4796439209742527,1.6472877904959802,0.1908070802497932,-0.22964027191477446,0.46401970384877894,0.2217573221757322,1.6472877852421492,0.0,239
431,train,blind,3.0,0,0.04055126141090673,0.01043643908661545,0.01739406467137871,0.0,0.0,0.015149422490649767,1.5922638781399907,1.5821559868098303,0.010436439313540085,-0.18771655343553045,0.1806878542389982,0.4811715481171548,1.5821559891324133,0.0,239
432,train,blind,3.0,0,0.019673136295750737,0.0052747341604224085,0.008791223368294503,0.0,0.0,0.015939917988202313,1.6209638739729526,1.61759897630085,0.005274734130085623,-0.18768673525139246,0.13908424582331821,0.5355648535564853,1.6175989757890985,0.0,239
433,train,blind,3.0,0,0.010237411712357194,0.0025089024024222543,0.004181503972660158,0.0,0.0,0.016296278660002488,1.6172338130583823,1.615418116168497,0.0025089025039507842,-0.18875865278412404,0.15558325172853793,0.502092050209205,1.6154181274354644,0.0,239
434,train,blind,3.0,0,0.013958478934449634,0.003448629244311058,0.005747715263979638,0.0,0.0,0.01568177940955222,1.6233491493568262,1.6204184573065785,0.0034486293431910176,-0.19872461384260148,0.26929582480192293,0.3891213389121339,1.62041845606995,0.0,239
435,train,blind,3.0,0,0.500344105122346,0.22725062359095927,0.3787509858205237,0.34081399733800766,0.04792696967035158,0.01890637410929325,1.4896596590345375,1.7074538853377976,0.2248009399153637,-0.2288557290146848,0.3946407905279089,0.34309623430962344,1.7074538911492672,0.0,239
436,train,blind,3.0,0,0.5016285056306393,0.21878364320393728,0.36463935237160394,0.3354887784649637,0.03347280428249966,0.01910126663814591,1.508267667004254,1.7019194868319205,0.2175713174720806,-0.229455971214142,0.46740259354877,0.23430962343096234,1.7019195007419536,0.0,239
437,train,blind,3.0,0,0.228072871281629,0.09118138047579807,0.1519689475258685,0.1247622674977929,0.009128946639503893,0.016801080812610468,1.568915920028128,1.62935188026109,0.09088120508918814,-0.19776319870477127,0.2083147867889255,0.5397489539748954,1.62935187257575,0.0,239
438,train,blind,3.0,0,0.5020268853461184,0.20982224267970032,0.3497036863541573,0.32502852754363454,0.04355268280127059,0.018259202180796588,1.485543895964842,1.6669351446079907,0.20768032758831578,-0.22728709541108638,0.4064512300068251,0.29707112970711297,1.666935150145682,0.0,239
439,train,blind,3.0,0,0.020964593625584595,0.006333978524517802,0.010556630408961256,0.0,0.0,0.016047367828052536,1.6216461339256254,1.6155494606145755,0.006333978740574167,-0.18777472617714197,0.1446333719101457,0.5188284518828452,1.6155494554486727,0.0,239
440,train,blind,3.0,0,7.168989468786756e-07,8.909040973102869e-08,1.4848399845976772e-07,0.0,0.0,0.01568771266109587,1.6237359707824355,1.6237356685195508,8.907299614209432e-08,-0.18739532789098204,0.12240719309178315,0.6234309623430963,1.6237356657530995,0.0,239
441,train,blind,3.0,0,0.4884342475579335,0.220308045985607,0.3671800317672583,0.28111888261941764,0.009790210081980779,0.01951290463598875,1.601410249563364,1.7435475074327909,0.2201582681387663,-3.314475875278322,0.4110201854882707,0.27692307692307694,1.7435475186326643,0.015384615384615385,65
442,train,blind,3.0,0,0.017240600663365867,0.0046409338536851545,0.007734889306980926,0.0,0.0,0.015792313347488766,1.5966224276371082,1.591712121684182,0.0046409338768829776,-0.1835374507448553,0.13024125344965726,0.5648535564853556,1.5917121189429033,0.0,239
443,train,blind,3.0,0,0.3649142709313249,0.14449588151329107,0.24082643652200128,0.2114872573933342,0.0085583874745349,0.018304931970165115,1.5911226811269337,1.6891781326118374,0.14435233913183507,-0.21380867572518852,0.3312561203596545,0.35564853556485354,1.6891781359608808,0.0,239
444,train,blind,3.0,0,1.0033001283974734e-05,2.198182540813219e-06,3.6636373955097874e-06,0.0,0.0,0.01586876825184004,1.6261390317932831,1.626138741002422,2.1981874421905243e-06,-0.19171645603221432,0.18030208611531498,0.5230125523012552,1.6261387295611085,0.0,239
445,train,blind,3.0,0,0.475447956226714,0.215395148778028,0.35899186236771075,0.34747052211392376,0.05039939284324646,0.01833697804931754,1.4299255726726483,1.652499164746895,0.21244967175859136,-0.2391903948923008,0.49767055402237453,0.17154811715481172,1.6524991671146414,0.0,239
446,train,blind,3.0,0,0.27817753698797626,0.10619822241042662,0.17699701371994825,0.1460631422417932,0.009699505804472887,0.01624221042593528,1.5843019216130467,1.6341905636268679,0.10594372799842025,-0.1979844434485474,0.23137185079675948,0.4895397489539749,1.6341905636187344,0.0,239
447,train,blind,3.0,0,0.5000638219418426,0.2168661359785166,0.3614435067204312,0.3356789652897224,0.028337771797778716,0.018124332562844934,1.5237615392796664,1.6919400290465254,0.2157613978780094,-0.22527412933349764,0.4210807442357341,0.301255230125523,1.6919400291100783,0.0,239
448,train,blind,3.0,0,0.06036286422683006,0.016013092413616137,0.026688486008843257,0.0009509319416149889,0.0,0.015591643493482259,1.6071337000096693,1.6008061816502814,0.01601309239449772,-0.19194420703201268,0.20510994391524967,0.4602510460251046,1.6008061765445813,0.0,239
449,train,blind,3.0,0,0.4824189044268233,0.21365045130790133,0.3560840351288089,0.326740205786717,0.02415367131702072,0.018988563291432344,1.5619814418349804,1.744273896496665,0.21295117981497996,-0.22901110269025493,0.42888513012255564,0.2803347280334728,1.7442738897765118,0.0,239
450,eval,blind,3.0,0,0.0014944071429085072,0.0006448147786115335,0.0010746912410917252,0.0,0.0,0.012671470720024787,1.200315234301978,1.197540859797011,0.0006448147795857203,-0.1349655343919128,0.0,1.0,1.1975408617461916,0.0,239
451,eval,blind,3.0,0,0.09046233746581896,0.038085021609914144,0.06347503076436799,0.02301255255064705,0.0,0.01203328465446674,1.1650558134003164,1.139883101984048,0.03808502151006,-0.14502121383788458,0.18858126353897742,0.6861924686192469,1.1398831061973898,0.0,239
452,eval,blind,3.0,0,0.4085878752840285,0.16011462457832162,0.26685767345472383,0.1860022827297075,0.0,0.012635039879694955,1.0983998650786269,1.1986904201647228,0.16011462461311837,-0.15472942126450095,0.19404136621264723,0.7238493723849372,1.1986904238525804,0.0,239
453,eval,blind,3.0,0,0.08452667201199193,0.026695321419949215,0.044492200656529035,0.0013313047182609845,0.0,0.011647286341198288,1.1844620781962343,1.1043539411976746,0.02669532144862684,-0.13517824627041317,0.1362058221312205,0.6820083682008368,1.1043539407125775,0.0,239
454,eval,blind,3.0,0,0.011099790736339269,0.004718345971269022,0.007863909480913063,0.0,0.0,0.01245468227138205,1.193725726843878,1.1727299378506808,0.004718345940399478,-0.13835454929218177,0.04566901094987982,0.8284518828451883,1.172729938950247,0.0,239
455,eval,blind,3.0,0,0.01200688445204372,0.004832731761620623,0.00805455246949023,0.0,0.0,0.012601404961307678,1.2123309109500262,1.1914777291868521,0.0048327317573889994,-0.1345756855515595,0.019080684886791894,0.8828451882845189,1.191477731069371,0.0,239
456,eval,blind,3.0,0,0.472293708546508,0.1924400478742104,0.3207333742192908,0.2228984410668018,0.0,0.01280176469804836,1.072473456670051,1.2033967292209051,0.19244004748767135,-0.16156122316018467,0.3099498501439212,0.5899581589958159,1.2033967371173875,0.0,239
457,eval,blind,3.0,0,0.40549758593668717,0.1627781521827304,0.2712968869374556,0.19265880607162061,0.0,0.012830532779410543,1.0971879911722,1.2182422981102596,0.16277815065036502,-0.15848625040113185,0.27641769785453574,0.6610878661087866,1.2182422949630598,0.0,239
458,eval,blind,3.0,0,0.00010017924373394666,3.7990615432341604e-05,6.33176877801443e-05,0.0,0.0,0.012791309065368635,1.2045546632930324,1.2044430065853327,3.7990634763860785e-05,-0.13790204222421346,0.0,1.0,1.2044430094296232,0.0,239
459,eval,blind,3.0,0,0.5019918540521879,0.20273369318181791,0.3378894514567779,0.22461011849936083,0.0,0.012248077663148765,1.078113193292498,1.1627340271881934,0.20273369266178481,-0.15312312145570314,0.20427905872577823,0.7322175732217573,1.162734024563614,0.0,239
460,train,blind,3.0,0,0.17120400338753217,0.08226898226595158,0.13711495166680682,0.11201977972954387,0.010270064969441882,0.017281559032921886,1.5939081428440045,1.6762157184808324,0.08193908502460043,-0.20348402860870313,0.2413721475414701,0.497907949790795,1.6762157122955585,0.0,239
461,train,blind,3.0,0,0.026644067398029395,0.006693624068229,0.011156039592484474,0.0,0.0,0.016093997614045147,1.6094640847529327,1.601487416103794,0.006693624180580136,-0.1884428462056008,0.160034422386421,0.502092050209205,1.6014874102936083,0.0,239
462,train,blind,3.0,0,0.1299968671675179,0.05596049054813543,0.09326747179233029,0.06333206544111962,0.006085964426335929,0.016542779981201537,1.5897183812313,1.6243363070188706,0.05578703580593576,-0.19464678236574723,0.19626695154158877,0.4769874476987448,1.6243363259608858,0.0,239
463,train,blind,3.0,0,0.2615026996800263,0.11004872764407163,0.1834145205842916,0.1660327117064009,0.023012552924734777,0.016440708955913534,1.5547637485560015,1.6372386576241529,0.10877384121010272,-0.20344382349166648,0.22416095433098904,0.5188284518828452,1.6372386685344638,0.0,239
464,train,blind,3.0,0,6.514758795400435e-05,1.760606266475121e-05,2.9343436059610682e-05,0.0,0.0,0.015555539838657968,1.5827338336401904,1.5827248206198465,1.7606105688797646e-05,-0.18602652186124752,0.15982670108905309,0.5941422594142259,1.5827248269082208,0.0,239
465,train,blind,3.0,0,0.2947040708871606,0.1267082349020932,0.21118036194295742,0.19494104223271294,0.019208825158274823,0.017242835400135072,1.5319900173522438,1.6502291772156081,0.125908540337131,-0.21637345848890335,0.3789726698121606,0.35564853556485354,1.6502291737191166,0.0,239
466,train,blind,3.0,0,0.14822524460574474,0.06481154723788604,0.1080192315242902,0.06276150677493426,0.007607455470571957,0.01624843309863342,1.5626575467975568,1.5924996449358793,0.06442143393987444,-0.2087431260410864,0.37078251580165583,0.28870292887029286,1.592499630239385,0.0,239
467,train,blind,3.0,0,0.17909063403861195,0.07450458997588753,0.12417430219300886,0.09224039571803982,0.007607455532919911,0.016640410817006145,1.5564194882763978,1.6019153747099713,0.07424379770863689,-0.1988692219291244,0.26089794949405026,0.39330543933054396,1.6019153757449167,0.0,239
468,train,blind,3.0,0,0.43414843287689137,0.19528617568471893,0.3254769103812608,0.3204640544732744,0.018257893279007786,0.01902845250754364,1.5612741025421908,1.7463232386062335,0.19488750902446822,-0.22886185763207775,0.4213181400041545,0.3138075313807531,1.7463232241300557,0.0,239
469,train,blind,3.0,0,0.32300136876191454,0.1455048498170209,0.24250804266808837,0.2413465190507378,0.043933055141480895,0.017765370583372134,1.5000916677040037,1.6682918787501346,0.14272821276104902,-0.2254212017642915,0.36455087688061966,0.3138075313807531,1.6682918855678346,0.0,239
470,train,blind,3.0,0,0.03862336533101252,0.011344448686248591,0.018907413632816207,0.0,0.0,0.01574059566443934,1.6172833347919098,1.612741116200531,0.011344448995887775,-0.18576708137971687,0.11602718181548416,0.5857740585774058,1.612741113249673,0.0,239
471,train,blind,3.0,0,0.382569948058365,0.1630498537907979,0.27174971569680206,0.24286800990792998,0.021681248206473793,0.018068902954365668,1.5555781612336386,1.65974149444612,0.16217744361569522,-0.2128137899375433,0.3161814890649574,0.41422594142259417,1.659741488856863,0.0,239
472,train,blind,3.0,0,0.3926658787366775,0.1717233739931635,0.28620558496311094,0.2567516164425527,0.016546215784100808,0.018439487852234097,1.5904132444489452,1.7169149241188082,0.1713039050208783,-0.22732654662201687,0.45033977269355174,0.26359832635983266,1.7169149287647811,0.0,239
473,train,blind,3.0,0,0.5018883342007137,0.20388358270604356,0.33980592629371104,0.2793837964659455,0.014834538289193828,0.01829310393576592,1.594296811016035,1.6924006694530342,0.20357210423074826,-0.218447785240956,0.38858719843318795,0.3179916317991632,1.6924006735598187,0.0,239
474,train,blind,3.0,0,0.44414846890925763,0.1963195672861391,0.3271992298272167,0.32046405472266626,0.03955876877118354,0.018660490065968934,1.488370510823557,1.6854680656887997,0.19413005983538617,-0.2317222757951141,0.42428558710940983,0.2803347280334728,1.6854680673157254,0.0,239
475,train,blind,3.0,0,0.009418925725383427,0.002976165863359688,0.004960276073704095,0.0,0.0,0.015832013281054453,1.6068840096685177,1.6024562290024058,0.0029761658700876653,-0.18591019162850592,0.14816463396539956,0.5606694560669456,1.602456222608711,0.0,239
476,train,blind,3.0,0,0.0001001795120615216,4.0375988072083454e-05,6.729330520840191e-05,0.0,0.0,0.015645347239457413,1.605172418899616,1.605120166325669,4.037595452352575e-05,-0.1881525731407694,0.15314994510222854,0.5146443514644351,1.605120172731445,0.0,239
477,train,blind,3.0,0,0.05557844634596492,0.014639414670542677,0.024399022726303357,0.0,0.0,0.01604032896607179,1.619301358526222,1.599432950738085,0.01463941432469495,-0.18693885732507048,0.1424671355233093,0.5481171548117155,1.599432962204743,0.0,239
478,train,blind,3.0,0,0.933527484536171,0.388696910265614,0.6478280858958468,0.6938502685550381,0.028743316364638945,0.022508851444239125,1.5911263893632328,1.8979679942131042,0.3881005173658623,-3.2164571829731345,0.6913850646641635,0.07352941176470588,1.8979679928067,0.014705882352941176,68
479,train,blind,3.0,0,0.04253383616285562,0.011146464930849967,0.01857743999203784,0.0,0.0,0.016159433166196405,1.6158166363149506,1.6040888797787942,0.011146464276896638,-0.18518066728203597,0.1280453425917683,0.5439330543933054,1.604088868910931,0.0,239
480,eval,blind,3.0,0,0.0010625928217568533,0.0005349928966957674,0.0008916547766104379,0.0,0.0,0.012648310599981118,1.1903425056066472,1.1879661661810457,0.0005349929015058147,-0.1340484580428983,0.0,1.0,1.1879661731864144,0.0,239
481,eval,blind,3.0,0,0.2656803508259933,0.0923705126388314,0.15395083649339208,0.08292126293960475,0.0,0.011637056577136295,1.1576411619346012,1.0963223083996874,0.0923705119256658,-0.1334343330206922,0.1055817680049853,0.8451882845188284,1.0963223069136552,0.0,239
482,eval,blind,3.0,0,0.4994180284038787,0.19528856979308953,0.32548091445550725,0.19950551586420467,0.0,0.011873694576584114,1.114209354921365,1.1164965256736867,0.1952885694274346,-0.14989677434088947,0.27754532775453283,0.602510460251046,1.1164965285725104,0.0,239
483,eval,blind,3.0,0,0.4955261374568512,0.19007776669425322,0.3167962411523404,0.2086344625660565,0.0,0.011663951931490122,1.0376852932834226,1.1037042455817865,0.19007776626585457,-0.17734881411704406,0.5079379210065583,0.27615062761506276,1.103704238222408,0.0,239
484,eval,blind,3.0,0,0.2740191620142929,0.11457903845430299,0.19096504383367072,0.12799543597458796,0.0,0.012709830001592792,1.1336999121570188,1.1978802368605985,0.11457903869127394,-0.14622335545319218,0.14104276091278672,0.8075313807531381,1.1978802439339613,0.0,239
485,eval,blind,3.0,0,0.4653420398303694,0.18873086335721023,0.3145514021882842,0.21300874881165796,0.0,0.01262506034671403,1.1009295340861236,1.1887835024166307,0.18873086380019125,-0.15712351943060182,0.32983174574913204,0.5523012552301255,1.1887835081800482,0.0,239
486,eval,blind,3.0,0,0.00791006892580767,0.0032344900161307014,0.0053908163575683505,0.0,0.0,0.012552259941916586,1.1953836539799199,1.1812340470038698,0.0032344899602062905,-0.13548256518762766,0.051396183863022644,0.8661087866108786,1.1812340483400554,0.0,239
487,eval,blind,3.0,0,0.46716103549544,0.18415370279374857,0.30692279979638476,0.1993153292888378,0.0,0.01233775694523334,1.0930140345166417,1.1503717243422025,0.18415370261918648,-0.15244671080595923,0.29407400813080503,0.5983263598326359,1.1503717270663762,0.0,239
488,eval,blind,3.0,0,0.3893441522848197,0.16097273242400004,0.2682878569464558,0.1936097381379315,0.0,0.013162468237584168,1.1083114533743599,1.2313337105338045,0.16097273139114893,-0.1580298846592338,0.17976794563636903,0.7866108786610879,1.2313337085251457,0.0,239
489,eval,blind,3.0,0,0.43151492035799666,0.16539800061031332,0.2756633009051268,0.18429060535949643,0.0,0.0121784676635973,1.1069880302481072,1.1518014880777903,0.16539800095946794,-0.14808861122354394,0.2362978129914834,0.6485355648535565,1.1518014959107779,0.0,239
490,train,blind,3.0,0,0.29059125512998374,0.1230467630749791,0.20507791012934992,0.17649296337590556,0.014263979124224835,0.01735112216385962,1.5607573634411003,1.662894867204722,0.1226101884849299,-0.21476113918670398,0.35647942075432504,0.3305439330543933,1.6628948667239285,0.0,239
491,train,blind,3.0,0,0.4769458410955545,0.20698922236184733,0.34498198652964757,0.31000380336490135,0.014454165512547832,0.01923621584228766,1.5980620077464371,1.751837741380955,0.20667656959066408,-0.22910245717638358,0.42698596397519206,0.2803347280334728,1.751837738822977,0.0,239
492,train,blind,3.0,0,0.015004504288443965,0.004455024632555262,0.007425040868762442,0.0,0.0,0.01626585222094877,1.6330189707388938,1.6307551603935753,0.0044550246883655106,-0.19207046200896505,0.16558354847324847,0.5146443514644351,1.630755151046905,0.0,239
493,train,blind,3.0,0,0.15576158431569304,0.06065042630028657,0.10108403332435738,0.06143020130849782,0.002852795824844967,0.016622610475914748,1.6023819167244884,1.6173415258838542,0.06059143770615409,-0.20111467830554203,0.29220451645449413,0.37656903765690375,1.6173415229088655,0.0,239
494,train,blind,3.0,0,0.3488134659178879,0.12432851628197925,0.20721417825426097,0.071146243940229,0.005928853931634322,0.017261407712636435,1.6194424706956614,1.6965918255888897,0.1241841267834863,-4.562534071205981,0.30342275670675306,0.32608695652173914,1.6965918242697613,0.021739130434782608,46
495,train,blind,3.0,0,0.20738793141458225,0.085973900729586,0.14328981811026303,0.11240015188271031,0.004944846096397943,0.017046578066758654,1.6017565293292122,1.6574776220022385,0.08587749700914878,-0.21683320584838048,0.3882311047805572,0.28870292887029286,1.6574776199973495,0.0,239
496,train,blind,3.0,0,0.14082450920353773,0.06613882932330727,0.11023137002165218,0.06732597965825053,0.006276150814658927,0.017161502039145723,1.5722083451857627,1.6229147731509668,0.06591273177837442,-0.20187767363039133,0.2703047568177097,0.3891213389121339,1.622914767646301,0.0,239
497,train,blind,3.0,0,0.29880202014860646,0.12576916866712215,0.20961525002327625,0.19817421077185596,0.02434385764299576,0.017470109576523056,1.5100420122366072,1.6280964318678468,0.12442515298347469,-0.21607063996538958,0.34855633698329325,0.33472803347280333,1.6280964365287312,0.0,239
498,train,blind,3.0,0,0.5020705397838968,0.21579170097185593,0.35965278571834214,0.3183720043264174,0.033853177121493605,0.01808612709709104,1.530639731235584,1.6976133076216886,0.2143710948811261,-0.2296843646336838,0.45989495237247396,0.25523012552301255,1.697613315480725,0.0,239
499,train,blind,3.0,0,0.0012663892698259907,0.0004200709006292687,0.0007001181730024407,0.0,0.0,0.016176821397048534,1.6319027488201732,1.6311388507048954,0.00042007087207341834,-0.1879383140666683,0.12831241283124128,0.5857740585774058,1.6311388466907215,0.0,239
500,train,blind,3.0,0,0.1751345835546242,0.07899403382581878,0.13165670561043558,0.1160136929491075,0.020159756975193902,0.016464021847930162,1.5532075383673154,1.6284273256816624,0.07763396303356838,-0.2049949252955639,0.26158046232825904,0.4476987447698745,1.6284273202836488,0.0,239
501,train,blind,3.0,0,0.16730015471176524,0.0791691247843697,0.1319485246126818,0.107835679061742,0.02168124814412584,0.016963249781640502,1.5426929538220042,1.6165226707897427,0.07791326869689888,-0.21092708569567292,0.33594468678595807,0.33472803347280333,1.6165226672424384,0.0,239
502,train,blind,3.0,0,0.4653420529930334,0.20761628824359957,0.3460270960888437,0.33244579587770806,0.05819703476448937,0.018362623697855983,1.452193032996924,1.6738996832440587,0.2040268522669599,-0.2285991303928153,0.40484880856998734,0.3263598326359833,1.6738996827288373,0.0,239
503,train,blind,3.0,0,0.013958478934449634,0.0033964759138550744,0.005660793056601837,0.0,0.0,0.01617267850794241,1.5955694534788571,1.5915654967519528,0.0033964759581120757,-0.19282935880283292,0.22576337576782693,0.4393305439330544,1.5915654958960601,0.0,239
504,train,blind,3.0,0,0.501210307838382,0.21916751264663967,0.36527913538694334,0.32769113747894013,0.046976037604040684,0.018172158253725975,1.4773516709834462,1.6452994768090827,0.21663762491740296,-0.2299322290178116,0.47096353007507646,0.24686192468619247,1.6452994814534163,0.0,239
505,train,blind,3.0,0,0.05101152724064263,0.012176251981891331,0.020293752017438754,0.0,0.0,0.015450999154378055,1.580586318191624,1.5765630687629828,0.012176251781147965,-0.18736663705241594,0.19214220006528385,0.45188284518828453,1.5765630698495299,0.0,239
506,train,blind,3.0,0,0.011099790736339269,0.002797918069210107,0.004663196451356537,0.0,0.0,0.015561314962149663,1.5935915179831213,1.5907935976483334,0.002797918177070851,-0.18737436019810105,0.16407015044956821,0.5271966527196653,1.590793599404763,0.0,239
507,train,blind,3.0,0,0.14450739523119227,0.05645751762598418,0.09409585218729498,0.06124001535661051,0.004374286931428949,0.016757727127179316,1.6088424935999275,1.6245157364522065,0.05632349639208807,-0.19082612735687662,0.15976735214694798,0.5439330543933054,1.62451573352354,0.0,239
508,train,blind,3.0,0,0.4918546168378746,0.21805004727393223,0.363416692381883,0.32693039086573294,0.015595283842485819,0.01911546992893997,1.5825249994150266,1.7562700756922924,0.21776493817849,-0.23478808613672794,0.4675806403750854,0.2384937238493724,1.7562700744534665,0.0,239
509,train,blind,3.0,0,0.4392558730871779,0.20355667335006652,0.33926106805974765,0.3470901480279707,0.06637504908829055,0.01902742319151946,1.4711724183050658,1.7018157582901512,0.19953278326863852,-0.23444942591980578,0.3995074037805276,0.3138075313807531,1.7018157707556456,0.0,239
510,eval,blind,3.0,0,0.008643440734246789,0.003534335759163943,0.005890559444969196,0.0,0.0,0.012020084461407681,1.1476656911762189,1.1320205562783086,0.0035343357731983218,-0.12725755498624713,0.0,1.0,1.1320205484237618,0.0,239
511,eval,blind,3.0,0,0.09350418227249328,0.02461831646232362,0.041030524802994794,0.0,0.0,0.010793542542015533,1.1254769224502053,1.0160953650664086,0.02461831667040383,-0.12989084738630594,0.13300097925754473,0.7489539748953975,1.0160953709181013,0.0,239
512,eval,blind,3.0,0,0.03674999346555246,0.01271034647701123,0.02118390987737535,0.0,0.0,0.01156886342608966,1.1380387614461667,1.0816761993464068,0.012710346314930903,-0.1226444152475877,0.0,1.0,1.081676191801622,0.0,239
513,eval,blind,3.0,0,0.5015085098678519,0.19393365990104924,0.3232227293625313,0.19969570243957152,0.0,0.011298898928486996,1.0297913952851396,1.0728521467377452,0.19393366000388684,-0.1493009262452117,0.2805721238018932,0.5523012552301255,1.0728521496596306,0.0,239
514,eval,blind,3.0,0,0.3109929788440381,0.1313442134590762,0.21890699472480502,0.16698364452088726,0.0,0.012543405876709265,1.04434643006225,1.1854192070881193,0.13134421323349108,-0.16110180530184567,0.2749339743019081,0.5899581589958159,1.1854192066379028,0.0,239
515,eval,blind,3.0,0,0.49613888111608695,0.18719845495246903,0.31199738821616324,0.1922784330455828,0.0,0.011313796430635247,1.0472067291517138,1.0754531551479793,0.187198454509762,-0.1506973628811655,0.3088815691860293,0.4602510460251046,1.0754531502505125,0.0,239
516,eval,blind,3.0,0,0.49975553764743685,0.18450543047046453,0.30750901546381865,0.18105743663330956,0.0,0.010894896470840288,1.0363733953013081,1.0366303421338732,0.1845054302738919,-0.14686026610974284,0.3171607466096917,0.4560669456066946,1.036630344860518,0.0,239
517,eval,blind,3.0,0,0.372095166128404,0.15813277000440193,0.2635545861553795,0.1915176880534224,0.0,0.012819980277492817,1.0428274268884539,1.2098972487524464,0.15813276998038212,-0.1589578437691111,0.2663877266387727,0.6276150627615062,1.2098972491307667,0.0,239
518,eval,blind,3.0,0,0.2405893336158956,0.10085728391444809,0.16809545167938322,0.10726511995912097,0.0,0.012201739316338587,1.0962154496165,1.1502279425390596,0.10085728423784766,-0.14391270909928994,0.17095462773376066,0.7656903765690377,1.1502279438534972,0.0,239
519,eval,blind,3.0,0,0.5020913164463541,0.18980100349326828,0.31633497097200197,0.19360973844967128,0.0,0.011195533979532142,1.040245390836165,1.0647828873231322,0.18980100278536935,-0.1513537635118794,0.33935725095700175,0.497907949790795,1.064782879462183,0.0,239
520,train,blind,3.0,0,0.4811274396703373,0.18997531533219353,0.31662547635237215,0.2854697605181937,0.010460251357764879,0.018696095317087786,1.607641666005346,1.7222773412780283,0.1897747150331757,-0.23418211141695278,0.4994510222855278,0.16736401673640167,1.7222773467359116,0.0,239
521,train,blind,3.0,0,0.4615407718850152,0.1927601617756877,0.321266894496536,0.2824267784297217,0.013122860794286848,0.01875364768346109,1.6232684376848292,1.75400406172086,0.1925063826043644,-0.22952247954760943,0.357280631472744,0.3598326359832636,1.7540040510084633,0.0,239
522,train,blind,3.0,0,0.44882433315462367,0.19385286494574733,0.32308806488773867,0.29650057122797147,0.0213008754298278,0.018723227405164657,1.5574130016889531,1.7302607305379094,0.19319576605300262,-0.22367855285747554,0.36371999169114816,0.3598326359832636,1.730260736899536,0.0,239
523,train,blind,3.0,0,0.12999683991421615,0.05566724260548105,0.09277872759105558,0.05610498256014979,0.0030429822131679647,0.01659276709545045,1.6278023889374034,1.6577521846882968,0.05559950931407405,-0.20744181601267758,0.306834030683403,0.36401673640167365,1.6577521961564337,0.0,239
524,train,blind,3.0,0,0.43151489933949033,0.18468417408853594,0.30780691556363643,0.2567516178142077,0.014073792735901836,0.018545730131050906,1.62428334517459,1.7439346734948737,0.18440425383130665,-0.22941825882122194,0.4420902697409419,0.28870292887029286,1.743934662387399,0.0,239
525,train,blind,3.0,0,0.002674004892043177,0.0008228967598518629,0.0013714945522817943,0.0,0.0,0.015607237617122828,1.5980639268164853,1.5975605538699418,0.0008228967810404257,-0.18400767624038056,0.11703611383127097,0.5690376569037657,1.5975605591852147,0.0,239
526,train,blind,3.0,0,3.939117242876347e-05,8.148817047398834e-06,1.3581361908029187e-05,0.0,0.0,0.016089026765531575,1.619729248300257,1.6197230020327549,8.148729492360765e-06,-0.18853844904803585,0.14834268079171486,0.5062761506276151,1.619723012289667,0.0,239
527,train,blind,3.0,0,0.4997555405538623,0.2212774530049714,0.3687956966409824,0.3499429442269034,0.016165843007454814,0.01948976921985339,1.5692212392096738,1.7594630097245572,0.2209965170833856,-0.23715889709931237,0.4370456096620078,0.2594142259414226,1.759463004399853,0.0,239
528,train,blind,3.0,0,0.4934485925616751,0.21390853008885782,0.35651416676982345,0.31742107319532575,0.027006467079517732,0.01933704884566959,1.5448786471678124,1.7327548961260328,0.21288448261554577,-0.22567646095879762,0.36594557702008956,0.37656903765690375,1.7327548843354876,0.0,239
529,train,blind,3.0,0,3.583932445953487e-06,3.661413935926903e-07,6.102356762833753e-07,0.0,0.0,0.016075905016915693,1.605950099404387,1.6059495672022448,3.661354647527515e-07,-0.18865207321120936,0.14721505089171788,0.5188284518828452,1.6059495705278022,0.0,239
530,train,blind,3.0,0,0.49941803140382607,0.21635890523765772,0.3605981240895086,0.3242677824891262,0.02814758540945572,0.018999791232611845,1.5384456445482486,1.707772505333234,0.21540447119227354,-0.2253888086308044,0.4256802872488799,0.2928870292887029,1.707772498602019,0.0,239
531,train,blind,3.0,0,0.01609831423724945,0.003986606823658134,0.006644344420789543,0.0,0.0,0.015512482543713627,1.5949873033926576,1.5908623267915958,0.003986606845219627,-0.18853597918747184,0.1762070091100626,0.46443514644351463,1.5908623278842442,0.0,239
532,train,blind,3.0,0,0.3538667886901772,0.15285805932147786,0.2547633908160373,0.2531380747526759,0.01464435190087083,0.018450377407682492,1.5968875251554544,1.7242038107816144,0.15255326573047362,-0.21927486134581267,0.33579631443069535,0.4100418410041841,1.724203804966484,0.0,239
533,train,blind,3.0,0,0.25344812195879923,0.10143258291715676,0.16905428241552395,0.13242009186853557,0.008302200330446844,0.017316582531893634,1.6219801448251558,1.686498879842018,0.10126700048396627,-1.1217214556017978,0.24676964927620712,0.45662100456621,1.6864988823752083,0.0045662100456621,219
534,train,blind,3.0,0,0.7800863629918757,0.33639425330045747,0.560657006241684,0.543976349438109,0.02512934295142569,0.02143346602702892,1.570513503822854,1.8368369747952717,0.33584671681065387,-1.884280768247796,0.5658190624459437,0.16260162601626016,1.8368369864636664,0.008130081300813009,123
535,train,blind,3.0,0,0.018431992074788867,0.00489914545619,0.00816524194006245,0.0,0.0,0.015699820746920973,1.6370464934963562,1.631876346207064,0.004899145568586802,-0.1897675774794803,0.1414582035075225,0.5648535564853556,1.631876328554571,0.0,239
536,train,blind,3.0,0,0.1299968671675179,0.043906673035460426,0.07317778231852146,0.032331685142038255,0.0015214911065839823,0.0169983312475912,1.5949510652649852,1.5889881278181675,0.043876568589024764,-0.18958345934492804,0.18125166918899668,0.4895397489539749,1.5889881239438142,0.0,239
537,train,blind,3.0,0,0.5008256455296923,0.20840128761320484,0.3473354340835974,0.2879421840028284,0.010270064969441882,0.018051139581714715,1.5772444164403812,1.696983720218786,0.20820032917041034,-0.22706042563856463,0.4274904299830855,0.28451882845188287,1.6969837317020777,0.0,239
538,train,blind,3.0,0,0.11274788101110218,0.04623168281408706,0.07705279842587032,0.03765690376569038,0.0015214911065839823,0.016437628530511422,1.6130749997234743,1.6380800879151252,0.04619497686438092,-0.19348496067306956,0.17994599246268436,0.502092050209205,1.6380800978699368,0.0,239
539,train,blind,3.0,0,0.0008817254575398053,0.00022840470095212808,0.000380674468931327,0.0,0.0,0.015654832440346603,1.6078182369096508,1.607657103358951,0.00022840468000711204,-0.18815738860534123,0.15481171548117154,0.5188284518828452,1.6076570970611852,0.0,239
540,eval,blind,3.0,0,0.026644067398029395,0.010151331714380272,0.01691888528224519,0.0,0.0,0.012523700111003974,1.2158014682047538,1.1713996968508764,0.010151331548677187,-0.12984192677092174,0.0,1.0,1.1713996919193448,0.0,239
541,eval,blind,3.0,0,0.4934485877536371,0.19150317542562525,0.3191719208031778,0.1972232790172848,0.0,0.011841288425815466,1.1028576061815398,1.1192653720348948,0.19150317551521998,-0.148255593844181,0.3014036024807858,0.5983263598326359,1.1192653670270083,0.0,239
542,eval,blind,3.0,0,0.0001001795120615216,5.265261687359784e-05,8.77543567474269e-05,0.0,0.0,0.01281686602199302,1.2042613578141983,1.204027506098089,5.265259589813845e-05,-0.13661582104133588,0.001691444849995549,0.9372384937238494,1.2040275033738548,0.0,239
543,eval,blind,3.0,0,0.4417291495469365,0.18956421492436207,0.3159403174412466,0.2278432872255477,0.0,0.013307252849128768,1.080587171859821,1.254902054325806,0.18956421417162012,-0.16690532125203594,0.30220481319920484,0.5355648535564853,1.2549020552727046,0.0,239
544,eval,blind,3.0,0,0.3069478625608959,0.10798556953176021,0.1799759290423551,0.10574362922662471,0.0,0.01170913331506766,1.1388054966427792,1.1107591573289248,0.10798556924203097,-0.1463824615537516,0.1405382949048933,0.6150627615062761,1.1107591635580454,0.0,239
545,eval,blind,3.0,0,0.496713411596384,0.1933631855969134,0.3222719394788438,0.19779383830694972,0.0,0.011802090337757162,1.1048808264931875,1.1162759424128792,0.1933631858258473,-0.149577471604318,0.2811656132229443,0.5523012552301255,1.1162759416898693,0.0,239
546,eval,blind,3.0,0,0.5018883339752502,0.19554283805556227,0.3259046930127103,0.1966527201640556,0.0,0.011673595224873446,1.1100804613723914,1.1025902012900828,0.195542837659464,-0.14698801901988653,0.29695243182290276,0.606694560669456,1.102590196953942,0.0,239
547,eval,blind,3.0,0,0.21976545920194163,0.07575967884442898,0.12626611664200788,0.06390262466843658,0.0,0.011581429276443924,1.155468593581451,1.0913033888803865,0.07575967896921623,-0.14649063694831188,0.21944271343363309,0.5774058577405857,1.0913033991544014,0.0,239
548,eval,blind,3.0,0,0.026644077069207902,0.010149312732769488,0.016915520416218573,0.0,0.0,0.012308750919233929,1.200515354776981,1.1553950259875054,0.010149312703665658,-0.1345707198507952,0.03365085017359566,0.8075313807531381,1.1553950280555692,0.0,239
549,eval,blind,3.0,0,0.02230692015294469,0.008743888406018691,0.014573146977557344,0.0,0.0,0.012378742988513604,1.1996315824935626,1.1607408772951389,0.008743888361906295,-0.13550881432100345,0.044838125760408326,0.7949790794979079,1.160740881695486,0.0,239
550,train,blind,3.0,0,0.5008256440260959,0.19787238598884002,0.32978727019575343,0.25332826263734987,0.018067706828336836,0.018172199913850016,1.5563916563987732,1.6646745237346474,0.19738601096170866,-0.2155326774496057,0.39351316062791186,0.28870292887029286,1.6646745239993332,0.0,239
551,train,blind,3.0,0,0.15957777750304272,0.07138668559733659,0.11897779559226689,0.07740585792762963,0.0022822366598759733,0.01648098887353512,1.5772844625317402,1.6198713771967708,0.07134276223258433,-0.1954556924243285,0.20558473545209058,0.4811715481171548,1.6198713738127308,0.0,239
552,train,blind,3.0,0,0.4891325118103957,0.214364586494176,0.3572742629892589,0.3400532510365402,0.0500190198795566,0.018530158665046783,1.4967096343200077,1.688190634031176,0.21154008446191633,-0.23023136465257343,0.4297160153120272,0.30962343096234307,1.688190636308967,0.0,239
553,train,blind,3.0,0,0.8318617939949036,0.366630990590368,0.6110515573195049,0.6087662375399044,0.024350650076355253,0.02197756614935185,1.691482893058232,1.9299791540418352,0.36628854061876026,-7.412992810695604,0.544579533941236,0.10714285714285714,1.9299791184750248,0.03571428571428571,28
554,train,blind,3.0,0,0.012959521485526197,0.0034398347943123513,0.005733057681875884,0.0,0.0,0.0156849819492689,1.6140418651213706,1.6100093021552433,0.003439834757156258,-0.19389584812446348,0.2369506513546396,0.45188284518828453,1.610009310309044,0.0,239
555,train,blind,3.0,0,0.0034414877965033177,0.0009745341758769801,0.0016242234744986415,0.0,0.0,0.016129681507367096,1.6244669237396208,1.6232543951796687,0.0009745341356461098,-0.18850464943863998,0.12513724442861807,0.5606694560669456,1.6232544000977671,0.0,239
556,train,blind,3.0,0,0.09659447261740192,0.0431758468470107,0.07195973640992638,0.04089007211778952,0.003613541378136958,0.01645414434786434,1.5878220592083792,1.6162869010011522,0.04303760121626537,-0.191407252830647,0.17861064126531948,0.5104602510460251,1.616286905944182,0.0,239
557,train,blind,3.0,0,0.19920827428452043,0.07722762182355414,0.12871268854451426,0.09033853183480985,0.0038037277664599556,0.016521663440071888,1.6266572954265643,1.648603250042664,0.07714847236748484,-0.20402748077945315,0.26944419715718565,0.4476987447698745,1.6486032568538784,0.0,239
558,train,blind,3.0,0,0.4738973789959445,0.2083089344059049,0.3471815079377482,0.3033472813946433,0.013313047182609845,0.018697930445356847,1.6137575654305174,1.7477564120891205,0.20803287197877696,-0.22928237454711678,0.43591797976201074,0.2928870292887029,1.7477564082157542,0.0,239
559,train,blind,3.0,0,0.00010017924373394666,2.918190432838593e-05,4.8636503413633275e-05,0.0,0.0,0.01623542541754919,1.6246171930345032,1.624645870101003,2.918189889425022e-05,-0.19248685520118866,0.18371465028635864,0.5355648535564853,1.62464587459575,0.0,239
560,train,blind,3.0,0,0.018431992074788867,0.004476665084964594,0.007461108213544348,0.0,0.0,0.015554422993898765,1.5735800323625988,1.5695450158797548,0.004476665051324706,-0.18496652081368153,0.17392207483901598,0.5188284518828452,1.5695450221822853,0.0,239
561,train,blind,3.0,0,0.40549758593668717,0.17814219770616355,0.2969036171066421,0.3094332444493242,0.0542031203603146,0.01831352834640437,1.4801464898815713,1.6664677825931724,0.1744755026570354,-0.22212119868848873,0.3487047093385561,0.3598326359832636,1.6664677743971488,0.0,239
562,train,blind,3.0,0,0.15576158431569304,0.06843069138431704,0.11405113851261875,0.08843666807627579,0.009699505804472887,0.016499249030793063,1.5644084170273658,1.613013425880895,0.06809432508422585,-0.19720915363661115,0.2379595833704264,0.4351464435146444,1.613013429389228,0.0,239
563,train,blind,3.0,0,0.4955261337087284,0.2174407410682487,0.3624011834308857,0.3305439331790892,0.031190567684971637,0.018407653477510524,1.5322882807404425,1.6991348004740152,0.21636726296030293,-0.22736163619460845,0.42722335974361264,0.2928870292887029,1.6991347950247353,0.0,239
564,train,blind,3.0,0,0.44414848793262934,0.19765318091771916,0.32942191556668304,0.33149486431018077,0.05743628908650147,0.018427602644760364,1.495945159610844,1.6697416342950766,0.1940582401008846,-0.22740580512836772,0.3837205851805692,0.3305439330543933,1.669741640041663,0.0,239
565,train,blind,3.0,0,0.00864344554228482,0.0028792220123840286,0.004798702870875672,0.0,0.0,0.015393984825525698,1.5773138852797792,1.5750795989355781,0.0028792219357124836,-0.18410368244653913,0.14947031069171193,0.5481171548117155,1.5750795919205034,0.0,239
566,train,blind,3.0,0,0.19109902345770474,0.07914215736400745,0.13190358040646286,0.09566375058315787,0.0032331686014909623,0.01688112892896311,1.636603237944168,1.6392461842074055,0.0790680103346101,-0.2057834541764123,0.32656755393335113,0.3682008368200837,1.6392461907662557,0.0,239
567,train,blind,3.0,0,0.07057713395643153,0.0170878152377676,0.028479690987890282,0.0001901863883229978,0.0,0.015190430482358488,1.5848095840988798,1.5782274651228134,0.01708781521460022,-0.18742085096929842,0.18279474168372947,0.5104602510460251,1.5782274653640207,0.0,239
568,train,blind,3.0,0,0.04457112279658256,0.014141116647776042,0.023568526649450403,0.0,0.0,0.016016824278107623,1.627014401567531,1.6243948377824728,0.014141116599858228,-0.18896655744224122,0.1455829549838274,0.5355648535564853,1.6243948266987842,0.0,239
569,train,blind,3.0,0,0.5017308978531066,0.2025595192492242,0.3375991506220553,0.29821224884757436,0.013122860794286848,0.018225502713766557,1.5799497615343356,1.7007176217673712,0.20230572710630693,-0.22919684746588057,0.4475800468856643,0.2594142259414226,1.7007176161420534,0.0,239
570,eval,blind,3.0,0,0.22391449630794566,0.0948461801521239,0.1580769491776367,0.09870673279632584,0.0,0.01220397834001678,1.1020385771366343,1.1439416252045451,0.09484617986626095,-0.13806217194311388,0.1002997121576308,0.8786610878661087,1.1439416280006274,0.0,239
571,eval,blind,3.0,0,0.0,0.0,0.0,0.0,0.0,0.012252918419245022,1.1472238042863343,1.1472238042863343,0.0,-0.128198974023997,0.0,1.0,1.147223812260531,0.0,239
572,eval,blind,3.0,0,0.500344105122346,0.19442911528681198,0.32404848945214587,0.22575123508355607,0.0,0.01144759656416221,0.9980596426141811,1.0822522819166902,0.19442911420783923,-0.17581541508859652,0.49517789845396026,0.2384937238493724,1.0822522848335876,0.0,239
573,eval,blind,3.0,0,0.4689258159280493,0.18398018847670816,0.3066336112631491,0.1989349565121918,0.0,0.011791970092261591,1.0316305408667321,1.1105040105441624,0.1839801877234791,-0.14524474181203118,0.18608860797056295,0.7698744769874477,1.1105040094324017,0.0,239
574,eval,blind,3.0,0,0.48708752257839305,0.18955090657014412,0.3159181355464878,0.2512362119293612,0.0,0.011812435806958808,0.9486049161795292,1.1188191798940363,0.18955090634711622,-0.1975233404701941,0.654084690940384,0.1087866108786611,1.1188191826960414,0.0,239
575,eval,blind,3.0,0,0.011099790736339269,0.004611609864319484,0.007686016162057119,0.0,0.0,0.011984115388540544,1.1413780366027704,1.1208644237478407,0.004611609852263922,-0.12986356602535232,0.04810231757618919,0.8200836820083682,1.1208644261211702,0.0,239
576,eval,blind,3.0,0,0.28232660558694295,0.10546679801510249,0.17577797632382414,0.10992772920859907,0.0,0.011602156474566765,1.0834778124567854,1.0859336328681044,0.10546679722704627,-0.13735024119844153,0.13113148758123389,0.7949790794979079,1.0859336339916053,0.0,239
577,eval,blind,3.0,0,0.1751345835546242,0.06000886748096259,0.10001476886623761,0.039939140238522484,0.0,0.011124758515506983,1.1263467497406645,1.0408147512370074,0.06000886751295854,-0.1256324693509827,0.05368111813406927,0.9121338912133892,1.04081475380604,0.0,239
578,eval,blind,3.0,0,0.4634686679649094,0.19477874654706637,0.32463120716076227,0.22461011843701287,0.0,0.012660465473075354,1.0255968439778524,1.1885311502542455,0.19477874728282096,-0.15856599364919788,0.3157363719991691,0.5271966527196653,1.1885311515552526,0.0,239
579,eval,blind,3.0,0,0.05326771741892722,0.017141380170709698,0.028568965184870548,0.0,0.0,0.011371641505556376,1.1350544928008044,1.0589263915516842,0.01714138022383332,-0.1252028766883496,0.05439330543933052,0.8828451882845189,1.0589263873882193,0.0,239
580,train,blind,3.0,0,0.8153276578946547,0.35104814070192253,0.5850801447575743,0.5578512407161973,0.014462810348380695,0.020534868140450933,1.6267420866272666,1.7349435036832637,0.35087366842410783,-9.335397355965826,0.5070921985815603,0.18181818181818182,1.7349435226956844,0.045454545454545456,22
581,train,blind,3.0,0,0.3926658787366775,0.16783498175044995,0.27972492723697484,0.2615062767117592,0.01122099691105687,0.01874175831620975,1.6158780804737842,1.7290504327877796,0.1676246549652974,-0.22801695252406634,0.41659989910679845,0.28451882845188287,1.7290504318770807,0.0,239
582,train,blind,3.0,0,0.28232657409398026,0.12425457190836207,0.20709092456636274,0.18505135085044047,0.006276150814658927,0.01826335381810012,1.6332679433303896,1.7143756989155854,0.12414920399683697,-0.22428385319716598,0.3620878957832577,0.3054393305439331,1.7143757043007752,0.0,239
583,train,blind,3.0,0,0.41462239765982967,0.16419252142403057,0.2736541664764072,0.23392925028022862,0.010840624134410875,0.018267178759914064,1.6066647965040166,1.697968093171778,0.1639706520475111,-0.21625745989290132,0.3215228938544171,0.41841004184100417,1.6979680842384233,0.0,239
584,train,blind,3.0,0,0.1445073664815396,0.0543921365421803,0.09065355120529225,0.03993914055026226,0.0030429822131679647,0.01591626939726175,1.6106622867504423,1.6176735277455223,0.05430838227257634,-0.1947293831268214,0.2171577791625864,0.4560669456066946,1.6176735453322522,0.0,239
585,train,blind,3.0,0,0.4948741555965635,0.20142231396281685,0.33570380957287427,0.27881323717628065,0.011030810522733872,0.018229376976709486,1.6088829040527344,1.70600592491517,0.20121439707130867,-0.22891995219578448,0.4869580699724027,0.23430962343096234,1.706005926215335,0.0,239
586,train,blind,3.0,0,0.5005976241194593,0.21131415680215715,0.3521902136133074,0.28432864256234347,0.02415367131702072,0.0178190667677094,1.520925710640193,1.6377722665854577,0.21060974966060192,-0.21666891128355295,0.4164515267515357,0.3138075313807531,1.637772274428354,0.0,239
587,train,blind,3.0,0,0.0007224766159197316,0.00021263050673715577,0.0003543841405920236,0.0,0.0,0.016402238849394617,1.6184009408352265,1.6182027326966928,0.0002126304588041212,-0.18746280030677567,0.13721475414700735,0.5481171548117155,1.6182027272173058,0.0,239
588,train,blind,3.0,0,0.0003611348120901913,7.124623763165534e-05,0.00011874372750875311,0.0,0.0,0.015891320929398847,1.5834199389653225,1.5834108366627075,7.124616228439553e-05,-0.18651005894061298,0.15080566188907682,0.5230125523012552,1.5834108297381522,0.0,239
589,train,blind,3.0,0,0.02230692015294469,0.005838957027731625,0.009731594677398344,0.0,0.0,0.016379333598048242,1.6313682560142613,1.624017787777729,0.005838957031628372,-0.18702992648703562,0.12599780408914213,0.5397489539748954,1.6240177852755342,0.0,239
590,train,blind,3.0,0,0.5015085087071692,0.20747422579496663,0.3457903247240762,0.2970711291459814,0.027767212695157677,0.01837350619629524,1.5446094119897946,1.6664465067276895,0.20641851208399115,-0.2169923789402139,0.36232529155167803,0.3598326359832636,1.666446504451197,0.0,239
591,train,blind,3.0,0,0.1344515717321627,0.03955331031843829,0.06592217913164206,0.009267431873719669,0.0,0.015286821433460539,1.6144624508700325,1.6083384717552407,0.03955330992211052,-2.133418257144468,0.18054121049369967,0.5048543689320388,1.6083384669653167,0.009708737864077669,103
592,train,blind,3.0,0,0.4836600335450891,0.20098386604300403,0.3349730615739961,0.2930772163005055,0.012552301629317855,0.018382237612359444,1.600829294785296,1.7265672903180622,0.20068542075613888,-0.23138053613984252,0.46600789340929993,0.24686192468619247,1.7265672839192745,0.0,239
593,train,blind,3.0,0,0.48485144005920816,0.2035843423953064,0.3393071905740125,0.29193609747178384,0.012171928852671859,0.019071708692463746,1.6102211779630333,1.7450083436826282,0.20337263312593598,-0.22795548730080456,0.39342413721475417,0.32217573221757323,1.7450083331291866,0.0,239
594,train,blind,3.0,0,0.05725538222709317,0.017699478491020524,0.02949912991061865,0.001175548624375771,0.0,0.015854070771983343,1.6425431817770004,1.6276272591845742,0.017699478287513244,-1.0505547197986551,0.1369222303741746,0.5689655172413793,1.6276272488088361,0.004310344827586207,232
595,train,blind,3.0,0,0.47389736845189456,0.19920601692812326,0.3320099780961618,0.3098136164777947,0.03651578649566762,0.01876424073346863,1.517530762002059,1.671104719199895,0.19734380335339133,-0.22583931452583383,0.42170390812783765,0.301255230125523,1.6711047076472654,0.0,239
596,train,blind,3.0,0,0.5020268853461184,0.21741833651443712,0.3623638422099377,0.3335869149558215,0.021871434657144747,0.018585998746157316,1.5770731044613666,1.7484363666638172,0.2168573939579877,-0.23240902833718027,0.45268405590670346,0.27615062761506276,1.7484363682020083,0.0,239
597,train,blind,3.0,0,0.06794362143753681,0.021129565431578592,0.035215940728730515,0.007036896180907054,0.0011411183299379866,0.01657623099358012,1.6135763276571011,1.602854449379893,0.021089634505126974,-0.19182205373435032,0.2066530164099825,0.45188284518828453,1.6028544460813414,0.0,239
598,train,blind,3.0,0,0.06036288374898542,0.018531429320794827,0.030885714438428982,0.002662609436521969,0.0001901863883229978,0.015817454069167,1.5827326388039848,1.5807494132089814,0.018531026954097876,-0.1811902724338758,0.1062346063681415,0.6150627615062761,1.580749419988343,0.0,239
599,train,blind,3.0,0,0.0034414851706437025,0.001000486235695831,0.0016674770181776375,0.0,0.0,0.01611808277121024,1.5885754137857189,1.588092129848991,0.0010004863050876128,-0.1863795723882305,0.1482239829075047,0.5313807531380753,1.588092133272094,0.0,239
600,eval,blind,3.0,0,0.4175653372727219,0.17764925595802045,0.2960820561563489,0.21700266290409295,0.0,0.013156611716402032,1.0799526233054604,1.248757043518282,0.17764925541524618,-0.1687882833288574,0.2986438766728983,0.5815899581589958,1.2487570326618067,0.0,239
601,eval,blind,3.0,0,0.31099300983821715,0.11540176213830251,0.19233624617819758,0.11962723482602809,0.0,0.011778155733367515,1.1333832025029171,1.1271799036523786,0.11540176223438169,-0.13871662664265813,0.12507789548651294,0.7866108786610879,1.1271799085861853,0.0,239
602,eval,blind,3.0,0,0.07057711293792525,0.026117133406541558,0.043528552600813376,0.0060859641769441105,0.0,0.011848308205425304,1.1964056761194972,1.126916886061804,0.026117133525392345,-0.13580547155437075,0.14766016795750614,0.7154811715481172,1.126916895844391,0.0,239
603,eval,blind,3.0,0,0.26150266818706364,0.10737557326349484,0.17895926813071128,0.11620388014795391,0.0,0.012433967325606511,1.1352081947246855,1.184318824792008,0.10737557329515592,-0.15403453646192794,0.2557049170598534,0.606694560669456,1.1843188288681095,0.0,239
604,eval,blind,3.0,0,0.08746963563609224,0.03647514037170158,0.060791895171677574,0.017687333739951065,0.0,0.012017873371074513,1.1893844245367968,1.138553621629292,0.03647513986929519,-0.1319087502307604,0.041217840291996787,0.9372384937238494,1.1385536307803998,0.0,239
605,eval,blind,3.0,0,0.019673136295750737,0.007898661493238259,0.013164435025676208,0.0,0.0,0.011958680859918873,1.170648143880038,1.1355342246498523,0.007898661294625926,-0.12889254604891798,0.0,1.0,1.1355342153404988,0.0,239
606,eval,blind,3.0,0,0.5008256440260959,0.19731955394642253,0.3288658884248967,0.20045644774347168,0.0,0.011748817704021775,1.1074284187919425,1.1166872566713948,0.19731955304055057,-0.14474900692419923,0.31211608653075756,0.5983263598326359,1.1166872519034234,0.0,239
607,eval,blind,3.0,0,0.3991743668428696,0.15293582503920836,0.25489300952450555,0.17154811715481172,0.0,0.01211839981248532,1.104075371720302,1.1478197870768263,0.15293582484631937,-0.14854097494003457,0.15039021929434107,0.8200836820083682,1.1478197836400312,0.0,239
608,eval,blind,3.0,0,0.5020526421234931,0.19487892362609638,0.32479816825290075,0.19627234732506166,0.0,0.011562643734890203,1.10884618858912,1.0999113728436467,0.19487892320412128,-0.15656809389342033,0.29989020445710546,0.22594142259414227,1.0999113725864773,0.0,239
609,eval,blind,3.0,0,0.41162969583010295,0.1515732015032581,0.2526219710226051,0.17040699926130942,0.0,0.011799456577974071,1.0738255835477277,1.1284339832586225,0.15157320136260988,-0.17392202270634555,0.45396005816196333,0.3891213389121339,1.1284339827028547,0.0,239
