episode,phase,arm,sigma,direct,A,load,load_frac,sat,clipped,x_std,q_cmd_abs,q_exec_abs,fit_gain,cond_psi,beta_cos,beta_relerr,pred_err,updates,skipped,bounded,diverged,conf,trust_pol,trust_app,corr_frac,explained,corr_dark,resid_after,reward,v_out,cr,q_loss,destroy,steps
0,train,pact,3.0,0,0.37911919344205136,0.08457588808833942,0.10571985357452515,0.0662482584121337,0.01813110229111117,0.016087756071348817,0.7834649543632524,0.7923779284355531,0.7526714575231449,3514594.9300261303,0.7079375321396225,4.843706076614029,0.0485761281537383,119.0,0.0,0.0,0.0,0.9796251262456304,0.7493723849372388,0.7418495608672936,0.6502651701355036,0.5709544199776103,0.030183633711809914,0.06980555833835607,-0.11552217596603914,0.2570051984277925,0.29707112970711297,0.7923779275409787,0.0,239
1,eval,pact,3.0,0,0.05557842856955229,0.006041341601006607,0.007551676619902183,0.0,0.0,0.006519329069751202,0.43168692278313336,0.4327518305269744,0.5338730866938954,1971.267890962098,0.1792449855779504,3.115618052841729,0.00717296656798357,357.0,0.0,0.0,0.0,0.995318770907414,0.9000000000000004,0.8957868752120429,0.5947067663627025,0.20740099760099984,0.0029191511972541254,0.0068828930206904695,-0.08959525689593686,0.4791428933688348,0.0,0.4327518310221265,0.0,239
2,eval,pact,3.0,0,0.5020913164463541,0.0453900550303245,0.05673756577471448,0.0,0.0,0.005198652168276046,0.3417244338465535,0.335285817105401,0.7018746087740655,12116.389566716789,0.41091499734810205,23.951369991861128,0.00881981539197079,595.0,0.0,22.631799163179917,0.0,0.9869427174703845,0.9000000000000004,0.8882484234027783,0.8395121417707865,0.8067534989130117,0.007552942726761103,0.009894588432970329,-0.04881765991684362,0.037403321922150366,0.7615062761506276,0.33528581674616775,0.0,239
3,eval,pact,3.0,0,0.4769458410955545,0.043688811824406655,0.05461101238457962,0.0,0.0,0.005995416585122192,0.4272293056903025,0.4123612580563733,0.592306237589864,58371.043655203976,0.1386545931016364,49.43426547389649,0.01433480562747916,833.0,0.0,114.64435146443515,0.0,0.9870598669082051,0.9000000000000004,0.8883538577845904,0.6727311107743505,0.7073205928237196,0.005223324654555957,0.016186619036690678,-0.07525126413465702,0.2510460251046025,0.02510460251046025,0.4123612568733611,0.0,239
4,eval,pact,3.0,0,0.47389736845189456,0.044162126512194665,0.055202654848654525,0.0,0.0,0.00564272728140727,0.3439598754360087,0.344212368005988,-0.20236454799646614,156635.1613166841,0.03889541140763346,36.983531724458956,0.013931127030316693,1071.0,0.0,205.4560669456067,0.0,0.9869746567065746,0.9000000000000004,0.888277170797771,0.9267992485880071,0.7442479314651949,0.01128340283408761,0.013862107086451296,-0.059693466804622015,0.1562064156206416,0.6485355648535565,0.34421236740865674,0.0,239
5,eval,pact,3.0,0,0.07326335892778778,0.007198364357989163,0.008997954954713472,0.0,0.0,0.0066824899051166975,0.432327413284629,0.43013687051489763,-2.1148537146745867,84646.19143893829,-0.2836803603745903,79.39168065561908,0.01026385309134228,1309.0,0.0,302.4979079497908,0.0,0.9892003884749433,0.9000000000000004,0.8902803282233961,0.515889682330134,0.47681801747821595,0.005404035348398057,0.007908108441921918,-0.0818199392700038,0.3690883732724736,0.0,0.43013687149207835,0.0,239
6,eval,pact,3.0,0,0.011099790736339269,0.0012452330386291564,0.0015565412552376637,0.0,0.0,0.006372410894632651,0.43658747608192794,0.4387984081915732,-0.34218983571960837,219413.09327601988,-0.38588172820821465,9.172819774021164,0.0030207262071488606,1547.0,0.0,401.1338912133891,0.0,0.9924302366737542,0.9000000000000004,0.8931871905735845,0.7044249238026637,0.575714940868447,0.0024787265835490464,0.002659195791501318,-0.08120700591672533,0.3125396221630531,0.0041841004184100415,0.4387984062077182,0.0,239
7,eval,pact,3.0,0,0.15576158431569304,0.014077001087160276,0.017596250309096638,0.0013947001810353172,0.0,0.006423470018641969,0.4322687877521355,0.4301519335313821,-0.9075247504783475,360585.7883106695,0.30309259317908827,104.80736900672753,0.012210135837182964,1785.0,0.0,550.3849372384938,0.0,0.9904272273245217,0.9000000000000004,0.8913844858752135,0.5399427296530128,0.3154076640965525,0.0038620024720871157,0.011436811341927484,-0.08466445846959497,0.3698491188030936,0.100418410041841,0.4301519332229848,0.0,239
8,eval,pact,3.0,0,0.49821823029872664,0.04785135212940792,0.059814186541006314,0.0,0.0,0.006035304768595486,0.42306824708084684,0.41610450300711466,-1.1551359621340322,226776.0508629707,-0.19101181142733561,140.6999663348976,0.019877663681041994,2023.0,0.0,696.5230125523012,0.0,0.9886873390634688,0.9000000000000004,0.8898185859414823,0.7575024836708897,0.6180572126503009,0.013736604005098343,0.0197576160209495,-0.07649476186152593,0.2567516165842526,0.1589958158995816,0.4161045020642438,0.0,239
9,eval,pact,3.0,0,0.020964593625584595,0.002269461078361487,0.0028368261738178717,0.0,0.0,0.006434118482342699,0.4369991639293886,0.43412782432643937,-1.572013871440329,280486.8483917364,-0.07861572725378818,379.0462490065826,0.010822365642525256,2261.0,0.0,816.0083682008368,0.0,0.99290671433365,0.9000000000000004,0.8936160245450471,0.35204770753088066,0.28298847751964784,0.008280028136610294,0.008409418176399801,-0.08053766216437577,0.33054393305439317,0.0,0.43412782411105383,0.0,239
10,eval,pact,3.0,0,0.3612674953427315,0.03193666532660013,0.03992082937943888,0.0034867504525882926,0.0,0.0062398628534351686,0.41163559912637687,0.40630523255679396,-0.09274683057386078,173612.35989801254,0.22952195303709438,149.5277545362337,0.02326085147833662,2499.0,0.0,969.9163179916318,0.0,0.990772450194698,0.9000000000000004,0.8916951840642107,0.6423200908622579,0.38902415618524055,0.008744471719103825,0.022507572855905603,-0.08268287986554371,0.3929250665652339,0.1799163179916318,0.4063052323016768,0.0,239
11,train,pact,3.0,0,0.501210307838382,0.1073738369328361,0.13421728927298096,0.06973500874002608,0.0,0.015996699555091184,0.7623774783381857,0.7651097446555373,0.09381277522532012,4916.435322398421,0.7019266025416522,12.064225717817889,0.05976935292333053,2737.0,0.0,1082.0,0.0,0.9814999500079135,0.9000000000000004,0.883349936626945,0.8754038856169525,0.48121138082603276,0.05793882608413696,0.057856443530985124,-0.10077769473593978,0.1387092684163814,0.4309623430962343,0.765109745891127,0.0,239
12,train,pact,3.0,0,0.0012663892698259907,0.0003763344213751312,0.00047041802682546574,0.0,0.0,0.01567837505145427,0.78766735945536,0.7877639571368444,0.5394069926509298,603.1531034972378,0.8684073090553284,7.134000778198242,0.010603309296221067,2975.0,0.0,1082.0,0.0,0.9905845702442664,0.9000000000000004,0.8915260865598543,0.20219142812900892,0.17722930926135982,0.009906026981978127,0.009517050734548206,-0.10766640010707568,0.16799797134525168,0.4225941422594142,0.7877639578466685,0.0,239
13,train,pact,3.0,0,0.5019918540521879,0.11902251713071103,0.14877813708365134,0.0829846605845575,0.0027894003620706344,0.01712737094404402,0.8171180190526292,0.8254888978588032,0.6770650569863897,776.455294684885,0.6727133079053966,2.4751689917871644,0.05834887257804432,3213.0,0.0,1082.0,0.0,0.9913310999650835,0.9000000000000004,0.8921979690695407,0.7704139228271696,0.5102405043749763,0.0017216879558483405,0.059171470755489085,-0.10959088470345002,0.14923291492329152,0.37656903765690375,0.8254888976080431,0.0,239
14,train,pact,3.0,0,0.24477056702595276,0.05716860898422333,0.07146075720880754,0.03626220451987438,0.0013947001810353172,0.017121466103196925,0.835311839395986,0.8442626200211099,0.594134331622383,1114.5405613089206,0.3562887365847951,4.734647217654783,0.047814724412571376,3451.0,0.0,1082.0,0.0,0.9915537325408169,0.9000000000000004,0.8923983356942692,0.9196346413924906,0.4019733547938279,0.02411873655178207,0.045494184442055434,-0.10611129526407954,0.09750221884113099,0.4602510460251046,0.8442626188787448,0.0,239
15,train,pact,3.0,0,0.32300139925731,0.0790682116489258,0.0988352589519305,0.0585774073540915,0.0013947001810353172,0.017557937025470528,0.8859609925347891,0.8702108554510891,0.5032896454364186,1247.6251241133302,0.4824894969760748,3.838913669271948,0.04195621451927387,3689.0,0.0,1082.0,0.0,0.9914957499404332,0.9000000000000004,0.8923461527006397,0.44156909498312225,0.4840305154510691,0.002432542607957479,0.04555575923942917,-0.10944480155529114,0.10650437428680105,0.40585774058577406,0.8702108499933379,0.0,239
16,train,pact,3.0,0,0.3028837280172224,0.08376060067984094,0.10470074535942141,0.05997210765982273,0.004184100543105951,0.019160848709064923,0.8955426849580709,0.9255203359047239,0.5802040083887188,1796.9977250996992,0.5394159039194115,7.220390684435058,0.05779361201325533,3927.0,0.0,1082.0,0.0,0.9934181790471576,0.9000000000000004,0.8940763396199278,1.1289980034232645,0.5232541750612609,0.03575225907734761,0.053559264304529425,-0.11571302546393965,0.13427158615443133,0.200836820083682,0.9255203442337002,0.0,239
17,train,pact,3.0,0,0.33479187858415665,0.09032712211156196,0.11290889564026284,0.06903765871185638,0.0027894003620706344,0.017206023918721964,0.9187010723676642,0.8822241790873236,0.4695710986229166,1756.9146294374345,0.46348312737178604,6.59318450804036,0.04866716925251574,4165.0,0.0,1082.0,0.0,0.9919594818079321,0.9000000000000004,0.8927635156459888,0.436646632858519,0.4827090339983461,0.004195501067148841,0.052652811576397,-0.10880449643062777,0.0898947635349309,0.33472803347280333,0.8822241788065356,0.0,239
18,train,pact,3.0,0,0.07600188859598127,0.024245368177704434,0.030306708512280504,0.0034867504525882926,0.019525802472146483,0.019645104500383263,0.9430376563112107,0.9622902734259681,0.22457702514017974,2274.8201500800865,0.28921676444271616,1.6756713988890708,0.06024256764149301,4403.0,0.0,1082.0,0.0,0.993780184989195,0.9000000000000004,0.8944021445936737,0.28513474776933295,0.29054055923559097,0.055180882570796654,0.05509690676521604,-0.11726243351710701,0.1212121212121212,0.18828451882845187,0.9622902775380129,0.0,239
19,train,pact,3.0,0,0.4941819601855557,0.15706728856341945,0.19633409631382295,0.1269177158507343,0.008368201086211903,0.019264301291966976,0.9820989140905596,0.9809808090142126,0.44857191060626855,2034.725750911186,0.3862111977170997,4.472602709566699,0.08293449229786803,4641.0,0.0,1082.0,0.0,0.9930693596975574,0.9000000000000004,0.8937624051979894,0.8708250229334484,0.5424107986695947,0.07395155495032668,0.08291708949220729,-0.11799294862395253,0.10016482819830103,0.22594142259414227,0.9809808103659637,0.0,239
20,train,pact,3.0,0,0.06283616020874398,0.021412542581205816,0.026765676790761427,0.0020920502715529757,0.0020920502715529757,0.019602795131504536,0.9720466180575942,0.9856662638017822,0.3723170575237673,2737.4344548819954,0.03938410594810003,10.088652178333394,0.02702417943254503,4879.0,0.0,1082.0,0.0,0.9939047307648918,0.9000000000000004,0.894514232250437,0.916436475522396,0.2547181915819887,0.013771855892331968,0.025058395106045364,-0.12111301017228901,0.12869278559655128,0.17573221757322174,0.9856662625045312,0.0,239
21,train,pact,3.0,0,3.583932445953487e-06,8.192249399874842e-07,1.0240310303785032e-06,0.0,0.0,0.019779031833236312,0.9785067538836012,0.9788758206068222,0.4857778407040999,2888.063051614801,0.0504559688270092,11.0880126953125,0.0003701514790207123,5117.0,0.0,1082.0,0.0,0.9933609835273551,0.9000000000000004,0.8940248594124447,17.669093747797042,-18.41088539885448,0.0003196795703513208,0.000330664209404592,-0.11954338094300707,0.11043489286167116,0.14225941422594143,0.9788758241196799,0.0,239
22,train,pact,3.0,0,0.4417291495469365,0.13947621996087198,0.17434526411348258,0.12133891562537669,0.009762901204899265,0.01986311873514595,1.014480122711868,1.0005287307326265,0.309557677835039,3295.6325898110617,0.14364492779458332,6.600344685829833,0.09872989869134882,5355.0,0.0,1082.0,0.0,0.994284588921519,0.9000000000000004,0.8948561105269268,0.7385841669461356,0.41920119602526373,0.057497050810718174,0.09601377762433251,-0.12017772009808807,0.12222644858628125,0.19246861924686193,1.0005287296407848,0.0,239
23,train,pact,3.0,0,0.21976545920194163,0.06732688300839088,0.08415859896584563,0.0425383552098374,0.003486750390240338,0.019063611477847252,0.9942343932066003,0.9580672939452167,0.3545981194184914,3588.8545963814067,0.07011951593424985,8.905948297249223,0.04814400165522019,5593.0,0.0,1082.0,0.0,0.9926285200039213,0.9000000000000004,0.8933656467553462,0.3695395675464997,0.38461756656108437,0.011236821050117687,0.049735030272603425,-0.11749627682522182,0.1444148598960315,0.11715481171548117,0.9580672924488575,0.0,239
24,train,pact,3.0,0,0.496713411596384,0.16290915223855573,0.20363642800012147,0.11924686516677985,0.009065551176729561,0.01929994588367111,0.9331499321939556,0.9435673433367677,0.40728503378365327,3457.7406562581723,0.3170260192405542,5.883737348362991,0.07588910107270944,5831.0,0.0,1082.0,0.0,0.994056933594548,0.9000000000000004,0.8946512239248683,0.9621698896855869,0.5904361988252168,0.0700710961994316,0.07487890418525396,-0.12967993749823875,0.2509192341828325,0.02510460251046025,0.9435673459648312,0.0,239
25,train,pact,3.0,0,0.00010017924373394666,2.8862643695414986e-05,3.6078304170229506e-05,0.0,0.0,0.02102447527550379,1.0193184394716717,1.0356412001234716,0.4808049738157743,3926.2374425912003,0.22278393805027008,17.394447326660156,0.015082751808587704,6069.0,0.0,1082.0,0.0,0.9937254200420619,0.9000000000000004,0.894352848060959,67.67324569374163,-75.75696535527703,0.011862178106796285,0.013445138610888733,-0.12558001252648898,0.13896285025992147,0.10460251046025104,1.0356411987445449,0.0,239
26,train,pact,3.0,0,0.04457112279658256,0.01660084874633696,0.020751059542421766,0.0006973500905176586,0.0006973500905176586,0.019665278934690493,0.964368397720688,0.950283368262287,0.5154381991056218,3806.917979986598,0.1768101822958955,15.159450118013007,0.013069334460463525,6307.0,0.0,1082.0,0.0,0.9935943529196863,0.9000000000000004,0.8942348952073931,0.223910307177658,0.21971046320959886,0.00013769218487848573,0.013395715647070327,-0.1181271477334206,0.16051730696082164,0.12552301255230125,0.9502833719454453,0.0,239
27,train,pact,3.0,0,0.24477059851891544,0.07429232387856162,0.09286539821622374,0.06345885811241102,0.0020920502715529757,0.019029085142498983,0.9695511628643738,0.9370792097875763,0.12572703508964145,3215.92228053903,0.267858719554531,1.9555720549747035,0.05430334228944329,6545.0,0.0,1082.0,0.0,0.9926664854193332,0.9000000000000004,0.8933998266523353,0.3862993251042017,0.4076589547590269,0.018195919890711006,0.05599960590962118,-0.11412163062220675,0.1100545200963611,0.2384937238493724,0.9370792153598769,0.0,239
28,train,pact,3.0,0,0.3028837280172224,0.09689971598112546,0.12112463755856043,0.09693166233256272,0.006276150814658927,0.020254948572937602,0.9167441194526321,0.9520119283987388,0.4730394547454483,2829.7489519318774,0.5371009559062734,7.001360412671477,0.06673719516904658,6783.0,0.0,1082.0,0.0,0.9933029470583385,0.9000000000000004,0.8939726345209896,1.0542332157693737,0.5177287652133804,0.04001325293592064,0.06260097915283307,-0.11641672985680389,0.10206669202485101,0.26778242677824265,0.9520119260363653,0.0,239
29,train,pact,3.0,0,0.37911919344205136,0.10337473756929487,0.12921841438715642,0.07391910934547999,0.00976290126724722,0.019015304956616342,0.9155583682169974,0.9151345414097838,0.2504126051729194,2651.7280794407034,0.2786066093653534,6.346371901085187,0.08399623825514853,7021.0,0.0,1082.0,0.0,0.9925895156221909,0.9000000000000004,0.893330541614708,0.7252889032012845,0.34336552498456996,0.03967056723161676,0.0809561855989707,-0.11436105982009319,0.13148218587549132,0.18410041841004185,0.91513454049637,0.0,239
30,eval,pact,3.0,0,0.4977520082539135,0.17389791563679816,0.2173723812965702,0.10808926403023708,0.0,0.016881687356213645,0.6064000024955143,0.5463542883366221,0.3876562616690432,9960.889854782296,-0.474456172046801,21.425742362832423,0.07777224959626357,7259.0,0.0,1082.0,0.0,0.9975756351917857,0.9000000000000004,0.8978180468830603,0.7224259018092452,0.6054041971343134,0.07555072876409842,0.08135516101019029,-0.06980695062284477,0.09433244579688096,0.12133891213389121,0.5463542878138037,0.0,239
31,eval,pact,3.0,0,0.4417291690690918,0.15471502168879261,0.19339376587857138,0.154114369380923,0.0,0.017477285179258888,0.5999476403372058,0.5859457319251663,0.5540426506906374,83247.41519024581,-0.557615757612005,55.939296866061795,0.03921622989473233,7497.0,0.0,1083.4267782426778,0.0,0.9950622696756818,0.9000000000000004,0.8955560194398569,0.7861407010235826,0.8304820322796904,0.03937150752454093,0.04787295806381431,-0.0891883163592617,0.23938126030176238,0.0,0.5859457310634819,0.0,239
32,eval,pact,3.0,0,0.3685238404330022,0.12960205310268233,0.16200255536447863,0.145746168419407,0.0006973500905176586,0.01797962876886254,0.5959249667542749,0.575254299775327,0.46798378224221593,167093.22963519875,-0.44124812635916544,54.66357844843525,0.05511226540891197,7735.0,0.0,1092.0,0.0,0.9932688827544576,0.9000000000000004,0.8939419695522994,0.7295850657075859,0.7305289964843473,0.04145488704865177,0.05648903603856471,-0.07700245862150946,0.1631799163179917,0.0041841004184100415,0.575254300638795,0.0,239
33,eval,pact,3.0,0,0.5018170490880057,0.18459146594795278,0.2307393136178533,0.1297071162751529,0.003486750390240338,0.017964838739001354,0.6011054886185474,0.6077671781743421,-0.1993679558511465,123284.53755883891,-0.36526560159906685,51.76971338982363,0.05668692690296932,7973.0,0.0,1092.0,0.0,0.9931264578298544,0.9000000000000004,0.8938137957491137,0.9987402146601775,0.7058718466790498,0.05135217793285847,0.05517068149124479,-0.09629279778205486,0.2715861544313427,0.0,0.6077671740248277,0.0,239
34,eval,pact,3.0,0,0.5020268853461184,0.17694736801250546,0.22118419480449655,0.12552301629317855,0.0006973500905176586,0.016993495612307823,0.5950821414901621,0.5795032322157377,0.32670933690904075,196777.26768436193,-0.4213164926946911,53.0488213575036,0.051357000644385004,8211.0,0.0,1092.0,0.0,0.9932376828403153,0.9000000000000004,0.8939138899039025,0.9165485607511852,0.7115334508071214,0.011187908550103506,0.05213597779470071,-0.09418027714419476,0.2709521998224927,0.0041841004184100415,0.5795032334496314,0.0,239
35,eval,pact,3.0,0,0.45752091049933935,0.15916111977687145,0.19895138600563522,0.12622036594726052,0.0006973500905176586,0.017439356932969895,0.6098136070133752,0.5893052724116018,0.20704336024718029,192005.83668933055,-0.4265479355052924,49.32742115244207,0.06077497835352892,8449.0,0.0,1092.0,0.0,0.9930754335106168,0.9000000000000004,0.893767866504741,0.8686554306844605,0.6471052317299939,0.016751530004065422,0.06064192166505187,-0.0862663286602126,0.21402307594776215,0.0,0.5893052688768539,0.0,239
36,eval,pact,3.0,0,0.05557844634596492,0.021745589298943095,0.02718198503070841,0.0,0.0013947001810353172,0.017972827347377353,0.5897826137153673,0.5762730309404589,0.5577838149030837,176519.67854341003,-0.4563364426461224,88.80461733510803,0.01935825714947184,8687.0,0.0,1127.5439330543934,0.0,0.9948600258787307,0.9000000000000004,0.8953740043121402,0.5178162996808002,0.48072731333940033,0.008726761306336681,0.018341352751529212,-0.07725690751994498,0.16102447064790168,0.012552301255230125,0.5762730322598246,0.0,239
37,eval,pact,3.0,0,0.24477056702595276,0.08349078987917116,0.10436348105129536,0.050906556607789075,0.0006973500905176586,0.017969639488655653,0.6030035673574423,0.5929694193177643,0.3889769317843332,171858.4318449268,-0.5521137540435193,156.44243457427083,0.04357541796057699,8925.0,0.0,1205.602510460251,0.0,0.9931550605775921,0.9000000000000004,0.8938395352293756,0.895129137276216,0.5381990976962566,0.008910716732594469,0.039228298225942766,-0.08210386764696581,0.16837834411056163,0.0,0.592969418880264,0.0,239
38,eval,pact,3.0,0,0.4797851214425007,0.17033962415290532,0.21292451562732068,0.15132496926824418,0.0,0.016804586269865474,0.5992793299912409,0.5477918946343985,0.5090682886883804,225934.53321129706,-0.4743209371662788,100.0623900202029,0.04117880143696699,9163.0,0.0,1243.0,0.0,0.9928047699409549,0.9000000000000004,0.8935242720478249,0.7635171763447401,0.7814243094043506,0.017135602138612583,0.04774584787582129,-0.07773186419914262,0.20147077469253202,0.008368200836820083,0.5477918937364927,0.0,239
39,eval,pact,3.0,0,0.001494409176462552,0.0006938846694781916,0.0008673557960080026,0.0,0.0006973500905176586,0.0196833633915151,0.5800687940050867,0.6220963345411931,0.6569414047765931,170869.93790860355,-0.24769794940948486,76.7763442993164,0.03092398076555906,9401.0,0.0,1315.2008368200836,0.0,0.996077191630168,0.9000000000000004,0.8964694582518175,1.8967847275616205,-0.9311693588648888,0.027382701344585796,0.026439778321660338,-0.08080664941699735,0.1706605807024217,0.0,0.6220963339306396,0.0,239
40,train,pact,3.0,0,0.051011509713621825,0.015495782607339983,0.01936972730154175,0.0020920502715529757,0.0027894003620706344,0.01822844315339737,0.9184711359784195,0.9118405963337072,nan,10566.938895381145,0.24310115831962564,20.228252654295087,5.230194108605092e+31,9639.0,0.0,1419.0,71.98744769874477,0.8520135802828617,0.9000000000000004,0.7668122053146362,0.7462052567989058,-3.375237147511139e+33,0.004714405674385078,0.021327097297707723,-0.11004397707123229,0.10650437428680105,0.3054393305439331,0.9118405970706394,0.0,239
41,train,pact,3.0,0,0.4986505481252782,0.1245340171888331,0.15566751244126306,0.09274756172710881,0.007670850995694244,0.017623906900568486,0.8977262344071057,0.8622641658184419,nan,1923.7942303134807,0.5604349111662749,nan,0.0834343134854588,9877.0,0.0,1419.0,305.0,0.8255901553640804,0.9000000000000004,0.7430311241908053,0.43787639869228756,0.33048038848813166,0.0005021576982168577,0.08408954461166299,-0.10906863057051497,0.09813617344998098,0.41841004184100417,0.8622641652968378,0.0,239
42,train,pact,3.0,0,0.4634686815016611,0.10797074215314519,0.1349634199203701,0.08368201067507516,0.008368201086211903,0.01781213255969332,0.8386012653676037,0.836939506887392,nan,1724.506548382747,0.6378289931239444,nan,0.07900608388831738,10115.0,0.0,1419.0,544.0,0.8252910278332284,0.9000000000000004,0.7427619112086595,0.40236722072660563,0.38575095310593865,0.048512541298155805,0.07981482714562672,-0.10560217276985923,0.11702802079371118,0.3054393305439331,0.8369395082829912,0.0,239
43,train,pact,3.0,0,0.49975553764743685,0.10372017145346796,0.1296502062682654,0.05578800705436882,0.010460251357764879,0.015516332096408538,0.7647355761238721,0.7454120393328089,nan,1237.1203230215415,0.5912394498681424,nan,0.0720082946671134,10353.0,0.0,1419.0,783.0,0.824960210832093,0.9000000000000004,0.7424641683011873,0.680644196988282,0.3426203206294046,0.038982082424419265,0.0701284811103319,-0.10657832637654106,0.2126283758082921,0.11297071129707113,0.7454120359063313,0.0,239
44,train,pact,3.0,0,0.501946137909228,0.11282165140770782,0.14102705602505072,0.07391910953252386,0.011157601448282537,0.016971122876304555,0.8332222771819167,0.8274826496590132,nan,1036.890457727919,0.5870287449539456,nan,0.07470432728252308,10591.0,0.0,1419.0,1022.0,0.8252503462915142,0.9000000000000004,0.7427252892669773,0.5129824196280958,0.34476584436985247,0.020834221795666963,0.07489492620583078,-0.10725531521479567,0.11690122987194118,0.42677824267782427,0.8274826504626978,0.0,239
45,train,pact,3.0,0,0.3109929788440381,0.07030226393145773,0.0878778245344441,0.052998606816994094,0.012552301629317855,0.017393356438036463,0.8266885364155391,0.828320092735929,nan,1139.2465536843783,0.559594420708373,nan,0.05698871028036752,10829.0,0.0,1419.0,1261.0,0.825570817522424,0.9000000000000004,0.7430137178887882,0.64337017774185,0.3184416060297608,0.01845862729075764,0.054399438065020796,-0.1098774459919291,0.15734753391657158,0.35564853556485354,0.8283200910630975,0.0,239
46,train,pact,3.0,0,0.497250765612289,0.10374540919834377,0.12968175344993668,0.04951185642675376,0.01882845244397678,0.015489146734926865,0.7173472912241724,0.723249210161644,nan,1253.6718831720711,0.6047660229307751,nan,0.07637098017947506,11067.0,0.0,1419.0,1500.0,0.8248738823575454,0.9000000000000004,0.7423864745195939,0.4947263387746113,0.30347058715544606,0.032482163376968215,0.07495743752589691,-0.10542625415001608,0.20666920248510207,0.20920502092050208,0.7232492087352408,0.0,239
47,train,pact,3.0,0,0.012959528787482421,0.003471248869158383,0.004339060787186167,0.0,0.0,0.016957257323894477,0.8088039859942312,0.8096346534071607,nan,975.8546180884708,0.5856001634446897,nan,0.007878456164301698,11305.0,0.0,1419.0,1739.0,0.8251137287048116,0.9000000000000004,0.742602338351964,0.10114589859176926,0.11003110501746038,0.005087869007084507,0.007407757032406419,-0.11020732494059125,0.1764929631038418,0.38493723849372385,0.8096346542486094,0.0,239
48,train,pact,3.0,0,0.012006890569388804,0.0028920864953540623,0.0036151079229091608,0.0,0.0,0.016227089550061673,0.8297681786026416,0.8298421085629004,nan,856.9155888896607,0.43538972249090924,nan,0.0046044127480839294,11543.0,0.0,1419.0,1978.0,0.8255187342855222,0.9000000000000004,0.7429668427012456,0.10385639158675945,0.11399476012048548,0.002160563623433383,0.004423675795025938,-0.11119853058752135,0.15975656143020162,0.37656903765690375,0.8298421065793957,0.0,239
49,train,pact,3.0,0,0.37911919344205136,0.07800298304699856,0.09750372404004296,0.05648535714488648,0.005578800724141269,0.01726233847069098,0.8048132956027985,0.8105150548172296,nan,743.7078096397751,0.6984337374536812,nan,0.06455178134957773,11781.0,0.0,1419.0,2217.0,0.8252034341939822,0.9000000000000004,0.7426830669826044,0.522967876440101,0.27751671847231063,0.020121797600803876,0.06295782562430995,-0.11344334927230344,0.21199442119944215,0.32217573221757323,0.8105150583660851,0.0,239
50,train,pact,3.0,0,0.501210307838382,0.10286645764467131,0.12858306397699748,0.07112970923280118,0.023012552987082734,0.01607998479235621,0.7154134289988913,0.7335659457549889,nan,825.8544561793116,0.7030581979073242,nan,0.07285812719058729,12019.0,0.0,1419.0,2456.0,0.8247836997818249,0.9000000000000004,0.742305310700229,0.5202825108442627,0.31978791794528316,0.04109955206513405,0.07100237061359206,-0.10290620651957699,0.1834664638011918,0.2594142259414226,0.7335659484798736,0.0,239
51,train,pact,3.0,0,0.4706366194916741,0.09362247807106062,0.11702809105143494,0.07043235914228352,0.021617852806047416,0.016878948840176274,0.7409534903250977,0.7639268617375625,nan,767.7308063586886,0.6383718062644225,nan,0.06038455640854291,12257.0,0.0,1419.0,2695.0,0.8248993487537656,0.9000000000000004,0.7424093991143933,0.4031090203827253,0.40365045069538064,0.01868567966784422,0.06004101982842897,-0.10565979483272805,0.18295930011411185,0.2217573221757322,0.7639268592655195,0.0,239
52,train,pact,3.0,0,2.1493512025067902e-05,5.020574889039605e-06,6.275718599883255e-06,0.0,0.0020920502715529757,0.01752986307898887,0.8383921701539012,0.8423965078268091,nan,745.2857175691357,0.6609098315238953,nan,0.020665719431977685,12495.0,0.0,1419.0,2934.0,0.8251594975902445,0.9000000000000004,0.7426435301493401,280.74269169715427,-314.0966847142342,0.017327655591485535,0.018264843371291754,-0.11806524814518977,0.21782680360086218,0.30962343096234307,0.842396514205084,0.0,239
53,train,pact,3.0,0,0.2656803508259933,0.05780389336808082,0.07225486289798823,0.04253835533453331,0.009065551176729561,0.0165490121975206,0.7774365226344584,0.7817937014741378,nan,768.9853885921973,0.6107806805287445,nan,0.038724814618507325,12733.0,0.0,1419.0,3173.0,0.825290352729574,0.9000000000000004,0.7427613004480944,0.30079099988816255,0.3324185751762352,0.0002505467701698292,0.04005174442700157,-0.10517110669690292,0.15798148852542157,0.38493723849372385,0.7817937021147857,0.0,239
54,train,pact,3.0,0,0.4634686679649094,0.1005982413953918,0.12574779323786137,0.08089261031300453,0.013249651719835514,0.01634196268694639,0.7425168023822697,0.7605099406202468,nan,889.8488498831393,0.6744724651759638,nan,0.06370984029344373,12971.0,0.0,1419.0,3412.0,0.8246361608285784,0.9000000000000004,0.742172524520044,0.6733825911911253,0.43714549871956865,0.027012723930446163,0.061348024217965216,-0.10337963860332566,0.16381387092684166,0.3305439330543933,0.7605099391926162,0.0,239
55,train,pact,3.0,0,0.478391402922768,0.10349407938434015,0.12936759176422336,0.0690376589612482,0.01464435190087083,0.016754471371534855,0.7935022488548167,0.8085723665219471,nan,726.0985255540664,0.692688315109229,nan,0.07364003954135723,13209.0,0.0,1419.0,3651.0,0.8252551276314708,0.9000000000000004,0.7427296034960568,0.5575173760825057,0.3500063612523838,0.028901389047027902,0.07149817253887716,-0.10990961443448144,0.1886648915937619,0.3472803347280335,0.808572366982789,0.0,239
56,train,pact,3.0,0,0.4994180284038787,0.09781025372422507,0.12226280952059086,0.05509065715089503,0.011157601448282537,0.015560992472224467,0.7347126994048202,0.7465484008878843,nan,692.9528548108983,0.7255599406473806,nan,0.06818421680000943,13447.0,0.0,1419.0,3890.0,0.8246614010264185,0.9000000000000004,0.7421952391269316,0.5357362313559078,0.3364437236710608,0.03180920324203643,0.06765122387838787,-0.10287159960161699,0.17230886268543175,0.2510460251046025,0.746548403707908,0.0,239
57,train,pact,3.0,0,0.11952211124389958,0.02725927358193327,0.034074090153983404,0.012552301629317855,0.0027894003620706344,0.016939327729160597,0.8191939392224515,0.8242235597082761,nan,693.9574395981792,0.7066624451381891,nan,0.025542756526854678,13685.0,0.0,1419.0,4129.0,0.8251279777063985,0.9000000000000004,0.7426151635756553,0.23047723377755205,0.2509821469753132,0.007152591639288147,0.02549024895951444,-0.10940495902831024,0.15468492455940155,0.3682008368200837,0.8242235587802444,0.0,239
58,train,pact,3.0,0,0.3685238404330022,0.07863424479322147,0.09829279905621113,0.0662482584121337,0.00976290126724722,0.01629753019387939,0.7987698906385748,0.809058349065202,nan,646.6111478286807,0.6376682839134248,nan,0.05773281821056569,13923.0,0.0,1419.0,4368.0,0.8249890203256487,0.9000000000000004,0.7424900995637582,0.36878265117331227,0.3915406318298569,0.023446013339303642,0.05861860020042331,-0.10515219413856473,0.13541270445036135,0.36401673640167365,0.8090583467803614,0.0,239
59,train,pact,3.0,0,0.4634686815016611,0.10299671913401436,0.12874589051864263,0.07740585986041623,0.018131102353459123,0.016807627479378213,0.778684133640393,0.794498331377197,nan,743.7780437389677,0.7268886982646448,nan,0.07340285494615749,14161.0,0.0,1419.0,4607.0,0.8254015213774837,0.9000000000000004,0.7428613539520168,0.47649788659986314,0.4483270664940773,0.06325116447572197,0.07309181338651534,-0.1050443289265969,0.15113477874984152,0.39748953974895396,0.7944983315266714,0.0,239
60,eval,pact,3.0,0,0.025146201497458203,0.0015940374313948907,0.001992546764710089,0.0,0.0,0.0034654079907219157,0.22105196773008323,0.222817148841824,nan,1430.4466095609146,0.7327552485166733,nan,0.00674647738851186,14399.0,0.0,1419.0,4846.0,0.8274889920047137,0.9000000000000004,0.7447400751473016,0.40556541212385355,0.22971221203358616,0.00617624853837611,0.006184784059118573,-0.039876770395687315,0.021554456700900212,0.8451882845188284,0.2228171477751208,0.0,239
61,eval,pact,3.0,0,0.47694583179846367,0.07266704893325018,0.09083380521520994,0.10181311321557815,0.0,0.012746510656051743,0.2850434615522249,0.369465472870292,nan,12837.5057674392,-0.1029583957498293,nan,0.04082474281970474,14637.0,0.0,1432.5564853556486,5085.0,0.8240478637328208,0.9000000000000004,0.7416430529690188,0.4530209136291219,0.4454009828935154,0.0023278048477853495,0.042593136536947226,-0.05446146971901234,0.02903512108533029,0.7615062761506276,0.36946547343782643,0.0,239
62,eval,pact,3.0,0,0.5015085098678519,0.06118001614032974,0.07647501492047545,0.05230125678882439,0.0,0.009448626643206504,0.18703864920089433,0.261736040708909,nan,76068.63257550994,-0.18763205416275713,nan,0.037110599098828426,14875.0,0.0,1537.4602510460252,5324.0,0.8232797340618516,0.9000000000000004,0.7409517450811474,0.4612819452486549,0.41875455066964173,0.017758097804079834,0.03789470101917108,-0.04108432561229807,0.04868771395968048,0.47280334728033474,0.26173604022104935,0.0,239
63,eval,pact,3.0,0,0.000463527011177035,6.969419305525631e-05,8.711773674400761e-05,0.0,0.0,0.0038230076113669005,0.23975940566182635,0.2418721812040736,nan,30487.42846168933,0.06653346866369247,nan,0.0032712303063779616,15113.0,0.0,1620.347280334728,5563.0,0.8261610866839916,0.9000000000000004,0.7435449602464252,15.001028524792662,-30.78573369712343,0.00099288615568501,0.0019862285644574886,-0.04648737723398253,0.03993914035755039,0.6527196652719666,0.24187218043261363,0.0,239
64,eval,pact,3.0,0,0.43151489933949033,0.063726847509787,0.07965855389541743,0.09205021194833093,0.0,0.012635141856107222,0.3195188160845425,0.3902851499648274,nan,73824.7789863363,-0.26206331378215275,nan,0.03637443799681369,15351.0,0.0,1669.2887029288702,5802.0,0.8221825604408854,0.9000000000000004,0.7399642799813378,0.4842712128049799,0.4507405979613043,0.004192236634636564,0.037499250611290336,-0.06509492661564434,0.08735894509953088,0.3682008368200837,0.39028514966886785,0.0,239
65,eval,pact,3.0,0,0.3347918485875449,0.05236477299163635,0.0654559618370707,0.0690376589612482,0.0,0.010756423523470324,0.2938562993848673,0.35443664420099935,nan,108928.05741697176,0.1324432040243234,nan,0.03113499458998083,15589.0,0.0,1760.7573221757323,6041.0,0.8231874972457167,0.9000000000000004,0.7408687311485721,0.48296082017120456,0.433681408224857,0.0031847818049065995,0.03187091181991879,-0.04595883114788786,0.0008875364523900089,0.9790794979079498,0.3544366444678458,0.0,239
66,eval,pact,3.0,0,0.5000638219418426,0.08222011953408757,0.10277514280040952,0.11715481520696663,0.0,0.01572493104279727,0.36748870833149516,0.4622159059077626,nan,169932.4228393044,0.08263279757146805,nan,0.047186805438016496,15827.0,0.0,1847.937238493724,6280.0,0.8241135688755802,0.9000000000000004,0.7417021937450106,0.47442654023617586,0.43372018604740215,0.006704923091456294,0.048645755404676604,-0.07206121548744059,0.02218841130975022,0.7907949790794979,0.46221590558111786,0.0,239
67,eval,pact,3.0,0,0.3538667886901772,0.055527776124489184,0.06940971481171078,0.09065551176729561,0.0,0.011750503862081835,0.3078617823298506,0.37709577930272875,nan,326345.16242808575,-0.1162171535826898,nan,0.032353289902724604,16065.0,0.0,1986.8661087866108,6519.0,0.8251714989480613,0.9000000000000004,0.7426543291891968,0.4614248162251048,0.4651729702761971,0.005559513853129713,0.03372780372735471,-0.05259429338422406,0.0,1.0,0.37709577750540707,0.0,239
68,eval,pact,3.0,0,0.22807283978866633,0.02738305059788731,0.03422881147808656,0.0006973500905176586,0.0,0.00668193966980291,0.22755096799783628,0.2587679018535375,nan,64940.043647031904,-0.04962373211021266,nan,0.01878599764289194,16303.0,0.0,2080.405857740586,6758.0,0.8228709225125891,0.9000000000000004,0.7405838140882708,0.5145818778177503,0.344581079330769,0.0014284074052702636,0.018180537528906866,-0.04697314046587713,0.05109674147331051,0.4895397489539749,0.2587679030497893,0.0,239
69,eval,pact,3.0,0,0.15197705929011698,0.013668493533126417,0.01708561600557096,0.0,0.0,0.004553019804646218,0.212506089188065,0.22535547707619527,nan,167390.26925339957,-0.15206217902973607,nan,0.009671859658848316,16541.0,0.0,2200.1589958158997,6997.0,0.8228333390407483,0.9000000000000004,0.7405499896993198,0.4215006911898554,0.39441581163437645,0.0017653004827783054,0.009738122211685444,-0.035698492833828095,0.023709902370990233,0.7740585774058577,0.22535547812727735,0.0,239
70,train,pact,3.0,0,0.49008514884387816,0.10519035293335371,0.13148793231714886,0.06834030862133872,0.011854951538800196,0.016080504087984532,0.7623907032746151,0.7743886989779053,nan,2337.3013137115095,0.31757435495633957,nan,0.06801022043174998,16779.0,0.0,2312.0,7236.0,0.8190057114327802,0.9000000000000004,0.7371051194278765,0.45519185744245094,0.40367241772408546,0.02602299930829857,0.06772923053565696,-0.10252972369339279,0.1515151515151515,0.3598326359832636,0.7743887015313716,0.0,239
71,train,pact,3.0,0,0.06794360041903054,0.01633863565393577,0.02042329352169488,0.0013947001810353172,0.0,0.01672045121779938,0.81362141593979,0.8157332091276616,nan,750.5787304993953,0.5140981522065327,nan,0.02477904143935619,17017.0,0.0,2312.0,7475.0,0.8251632584188773,0.9000000000000004,0.7426469104060568,1.096513827376013,0.037603426988128685,0.01138221138235702,0.02217984745178126,-0.10644517083758527,0.1300874857360213,0.4686192468619247,0.8157332080110047,0.0,239
72,train,pact,3.0,0,6.514758795400435e-05,1.6186414385130668e-05,2.023301751715244e-05,0.0,0.0,0.017230283573199702,0.8281714782804624,0.8281557542509613,nan,758.206101676909,0.5069797039031982,nan,0.0003003779624790026,17255.0,0.0,2312.0,7714.0,0.8250752964279143,0.9000000000000004,0.7425677539414441,2.0968059160787376,-1.2829028036363925,0.00024156792271930964,0.00026846728386701756,-0.11111797978617673,0.16901229871941167,0.3598326359832636,0.8281557551938309,0.0,239
73,train,pact,3.0,0,0.4900851427265331,0.10926190066376845,0.1365773674669867,0.08647141109949376,0.009065551176729561,0.016946748800178265,0.8012785125975829,0.8095498718477193,nan,802.430265163278,0.6993979164496625,nan,0.08053470511870092,17493.0,0.0,2312.0,7953.0,0.8253036537928561,0.9000000000000004,0.7427732707566297,0.5034477503838025,0.31383296012172524,0.032121236788461335,0.07994427564105791,-0.1134837653691563,0.20768352985926208,0.36401673640167365,0.8095498727926829,0.0,239
74,train,pact,3.0,0,0.00791006892580767,0.0020974742149835295,0.002621842680519842,0.0,0.0,0.016401919579400317,0.8235920931380164,0.8236988610802335,nan,865.2475846422267,0.558903731312213,nan,0.005893724854560871,17731.0,0.0,2312.0,8192.0,0.8252588759905125,0.9000000000000004,0.7427329720313579,1.3329302216293817,-0.18264705894746003,0.0035216291134885697,0.005298140088602107,-0.10879386236482319,0.14340053252187143,0.4309623430962343,0.8236988585172221,0.0,239
75,train,pact,3.0,0,0.019673128869098604,0.0053193399744791104,0.006649174693996593,0.0,0.0,0.017203904304041617,0.7993443456154987,0.7992275829220417,nan,780.3196587343097,0.6859300438330264,nan,0.007002294508527933,17969.0,0.0,2312.0,8431.0,0.8252238309533028,0.9000000000000004,0.7427014309492072,0.2975229702518356,0.09535541065859388,0.002400078260231963,0.006753688753797102,-0.10128881947023369,0.09661468238874098,0.5230125523012552,0.7992275787785076,0.0,239
76,train,pact,3.0,0,0.12646471729623124,0.03051938029823466,0.03814922267319995,0.013947001748005217,0.004184100543105951,0.01651893057139536,0.8125500267519612,0.815313302572801,nan,860.1658646970614,0.34381406069596815,nan,0.032661148281933575,18207.0,0.0,2312.0,8670.0,0.8254130145994689,0.9000000000000004,0.7428716959813648,0.46351630224665014,0.13520921162075494,0.00887192244023171,0.031399135429740425,-0.1058942057417561,0.12349435780398124,0.4602510460251046,0.8153133061114751,0.0,239
77,train,pact,3.0,0,0.4634686815016611,0.09001804405994016,0.11252254681939612,0.051603906573610824,0.01464435190087083,0.016034638929028826,0.737289586638307,0.7471239910340209,nan,735.8041060060636,0.5464123359815096,nan,0.054917120358177994,18445.0,0.0,2312.0,8909.0,0.8250297667092359,0.9000000000000004,0.7425267711344125,0.37705032747026096,0.39243900503577633,0.0008594873584765342,0.05610600530236149,-0.10496746404152103,0.18473437301889187,0.24267782426778242,0.7471239918142615,0.0,239
78,train,pact,3.0,0,0.2573214347770065,0.05756432553364952,0.07195540238629988,0.039748955159506535,0.00488145063362361,0.01656954315107191,0.8168002713674282,0.8218917169580898,nan,757.4399094840971,0.690406774876008,nan,0.04741229511754564,18683.0,0.0,2312.0,9148.0,0.8249070195473388,0.9000000000000004,0.7424162980402863,0.7687920253919195,0.3420380858989943,0.017265570219764013,0.044179318901872315,-0.11097159606462476,0.17497147204260172,0.34309623430962344,0.8218917189496466,0.0,239
79,train,pact,3.0,0,0.43151492035799666,0.09637904538851909,0.12047379795568385,0.08298466064690546,0.011854951538800196,0.017719963998007723,0.7978780098789406,0.8188137484706596,nan,821.9703767529093,0.6017633310156761,nan,0.05815534501695259,18921.0,0.0,2312.0,9387.0,0.825333003718484,0.9000000000000004,0.7427996835948034,0.3753262574817677,0.40410574282503875,0.002207367952879784,0.06007873843258167,-0.10493015883991644,0.12450868517814125,0.3891213389121339,0.8188137486388245,0.0,239
80,train,pact,3.0,0,0.3649142709313249,0.07668560789461176,0.09585700348949887,0.06555090832161604,0.00976290126724722,0.01638083405613463,0.7743404983975398,0.7832407805460766,nan,869.6099036308512,0.5829738674677566,nan,0.06715412159785472,19159.0,0.0,2312.0,9626.0,0.8254398740983907,0.9000000000000004,0.7428958667870845,0.3878156933286932,0.40104077494208334,0.04981688900779073,0.06652174113029964,-0.10096672119215844,0.13630024090275136,0.3514644351464435,0.7832407843812611,0.0,239
81,train,pact,3.0,0,0.3612674953427315,0.07598047807544668,0.0949755918689745,0.06066945781268834,0.006973500905176585,0.016475665657761582,0.7936617472680543,0.8033467152128658,nan,703.6403147166743,0.6559167446950489,nan,0.054886990214140785,19397.0,0.0,2312.0,9865.0,0.824928445297305,0.9000000000000004,0.7424355822627016,0.7240325903420735,0.4043774069659002,0.022361852147656937,0.05175292385629063,-0.1057036601747268,0.1300874857360213,0.4351464435146444,0.803346715311795,0.0,239
82,train,pact,3.0,0,0.01609831423724945,0.004002933508741365,0.00500366669229186,0.0,0.0,0.01694078037172369,0.8139657088278727,0.815262410992359,nan,749.9948360171777,0.7124044209344617,nan,0.005936764332755161,19635.0,0.0,2312.0,10104.0,0.8251692929527251,0.9000000000000004,0.7426523449031878,0.49036977659417064,0.13675303481869128,0.002677642992579183,0.005660031152691008,-0.11128731941803131,0.1714213262330417,0.3389121338912134,0.8152624160334389,0.0,239
83,train,pact,3.0,0,0.3347918485875449,0.06836050153234667,0.08545062176914699,0.05648535726958239,0.012552301629317855,0.01647624037731205,0.7888810094056269,0.7990167772545476,nan,644.2130796041449,0.6855341470751631,nan,0.0598056776781282,19873.0,0.0,2312.0,10343.0,0.825045363922997,0.9000000000000004,0.7425408091505202,0.48747492567945855,0.238814417865841,0.01674996410388349,0.057938193192191144,-0.11355731785287637,0.24305819703309245,0.23430962343096234,0.7990167810444833,0.0,239
84,train,pact,3.0,0,0.36126752409238416,0.0807312087066497,0.1009140054266179,0.07531380952651531,0.00976290126724722,0.01781460838528763,0.8246648051000539,0.8339973280369986,nan,749.8066217270855,0.6616180657436409,nan,0.051927425749987176,20111.0,0.0,2312.0,10582.0,0.8254096867150342,0.9000000000000004,0.7428687027807515,0.33784142991964183,0.37007056693452567,0.0024901324004136054,0.05350504308922176,-0.10879807676373975,0.13262330417142135,0.45188284518828453,0.8339973290505077,0.0,239
85,train,pact,3.0,0,0.29470410188133966,0.06160815827083999,0.07701019222904924,0.043933055640264534,0.00488145063362361,0.016052217814568663,0.7743721954119256,0.7822615016703826,nan,696.500603967132,0.617180741731093,nan,0.061060721269968476,20349.0,0.0,2312.0,10821.0,0.8250927685693716,0.9000000000000004,0.742583471362062,0.339552703956023,0.35341305946113555,0.041585804965056546,0.06053270048473545,-0.10424176192527147,0.13655382274629135,0.4769874476987448,0.7822614998964431,0.0,239
86,train,pact,3.0,0,0.026644077069207902,0.0062884181962054074,0.007860522457845017,0.0,0.0006973500905176586,0.01628645603539165,0.8181334871128513,0.8157173128931093,nan,597.7279829081132,0.7852316078531193,nan,0.02519622240064541,20587.0,0.0,2312.0,11060.0,0.8252301360772744,0.9000000000000004,0.7427071093515372,0.16765540023041947,0.1695598835199139,0.022441649769040707,0.023139587663421914,-0.11048265505583472,0.1709141625459617,0.3472803347280335,0.815717313345733,0.0,239
87,train,pact,3.0,0,0.3028837280172224,0.06294715129525727,0.07868393572400587,0.04951185630205785,0.00976290126724722,0.016506485768621126,0.7765694521835159,0.7841768416899517,nan,667.5874174110062,0.7393536158685405,nan,0.05533200147207125,20825.0,0.0,2312.0,11299.0,0.8251496613275057,0.9000000000000004,0.7426346764903687,0.5214653838121343,0.2495645761972174,0.016140359326561687,0.05364491530327773,-0.10486150012626168,0.1577279066818816,0.3598326359832636,0.7841768419361294,0.0,239
88,train,pact,3.0,0,0.22391449630794566,0.05127480277106888,0.06409349838976135,0.029986053767563407,0.008368201023863948,0.016590493711716957,0.8025591617224107,0.8082412506247165,nan,737.0353722991305,0.6040644196162164,nan,0.048087212919047155,21063.0,0.0,2312.0,11538.0,0.8253880467374953,0.9000000000000004,0.7428492235339337,0.5132329728732343,0.22023934084948338,0.01373883151811444,0.046263171801203276,-0.10728408591295026,0.15176873335869148,0.3472803347280335,0.8082412520322478,0.0,239
89,train,pact,3.0,0,0.023700630373153914,0.00525254862508191,0.006565685447099766,0.0,0.0,0.016395463940403015,0.8190323593227434,0.8188099781339637,nan,785.5376392827374,0.6234845629733476,nan,0.005334431581055111,21301.0,0.0,2312.0,11777.0,0.8252770571529117,0.9000000000000004,0.7427493346286119,0.11557341223472639,0.12728503373075095,0.0008345051265337133,0.005325080230516402,-0.10802793322572916,0.14606314187904149,0.4309623430962343,0.8188099784747214,0.0,239
90,eval,pact,3.0,0,0.5008256455296923,0.016662734125206972,0.020828416510317065,0.0,0.0,0.0036786326604688765,0.266170462242729,0.25243519246578217,nan,1598.82859489409,0.38297778093665213,nan,0.01369396703723023,21539.0,0.0,2312.0,12016.0,0.8271455532836116,0.9000000000000004,0.7444309826675319,0.3711493553817809,0.21455771246628919,0.007637408534612726,0.013673633579593386,-0.05227015965717794,0.204006593127932,0.1297071129707113,0.25243519243203233,0.0,239
91,eval,pact,3.0,0,0.4085878510234286,0.017068408697950226,0.021335509935818064,0.0,0.0,0.004967895062702657,0.26302555359307694,0.24551649142259335,nan,13293.558877729472,-0.030724062845787953,nan,0.012004696309350228,21777.0,0.0,2346.0083682008367,12255.0,0.8227661945331046,0.9000000000000004,0.7404895584453599,0.39371636523961934,0.3350717825732469,0.0017908750145206563,0.012174294693307818,-0.04209836439015736,0.09331811842272092,0.4811715481171548,0.24551649015636878,0.0,239
92,eval,pact,3.0,0,0.4392558533156307,0.01871759063954768,0.02339698718160853,0.0,0.0,0.004917611673895161,0.26968628916281534,0.25184037670430776,nan,97631.4946227772,0.32825965680587244,nan,0.012653950552376197,22015.0,0.0,2466.907949790795,12494.0,0.8240909860722689,0.9000000000000004,0.7416818706809726,0.43613199327908486,0.3411967265590774,0.0010290810297097343,0.012717286594018192,-0.043869471682763804,0.09674147331051097,0.39748953974895396,0.2518403774898281,0.0,239
93,eval,pact,3.0,0,0.00791006892580767,0.0009193810054430325,0.0011492261967086428,0.0,0.0,0.0066583059936621575,0.23411351111892875,0.23309080623807268,nan,147898.1373398274,0.0013427923907911616,nan,0.0016262786674545104,22253.0,0.0,2600.757322175732,12733.0,0.8279175005198522,0.9000000000000004,0.7451257359033848,0.38630966357994356,-0.36583917841403757,0.0003837170751409938,0.001270280568190718,-0.035220868277436125,0.0,1.0,0.23309080700932283,0.0,239
94,eval,pact,3.0,0,0.48599371905867245,0.038179038794273826,0.04772379592621018,0.0,0.0,0.006181802242121437,0.24966437989947188,0.2213521302369848,nan,314373.30713912135,-0.2073239904653503,nan,0.02767516314953777,22491.0,0.0,2753.907949790795,12972.0,0.8217826491868646,0.9000000000000004,0.7396043618852624,0.3901527890422967,0.28144507509569294,0.0006035837114479098,0.02777878219006285,-0.03135109840695673,0.009002155445670089,0.7782426778242678,0.22135213103345128,0.0,239
95,eval,pact,3.0,0,0.018431992074788867,0.0026635061947132142,0.0033293825938291097,0.0,0.0,0.0068752664320607315,0.2302234192148911,0.2317985880449726,nan,274719.32899123954,0.04251881390342403,nan,0.005298861945155135,22729.0,0.0,2843.543933054393,13211.0,0.8280355541277131,0.9000000000000004,0.7452319815567846,1.1038120988915738,-0.14835852269048955,0.0024489330719415173,0.004632199243018911,-0.033585083115395375,0.0,1.0,0.2317985871191658,0.0,239
96,eval,pact,3.0,0,0.4961388843030782,0.031986510559736454,0.03998313632006277,0.0,0.0,0.005507368416131852,0.26616775752610244,0.24032498210294476,nan,251198.2894874477,-0.037054526548497536,nan,0.021459132958024305,22967.0,0.0,3016.958158995816,13450.0,0.8225931309506485,0.9000000000000004,0.7403338011588013,0.44133580229618846,0.35572455677344894,0.003344978294174733,0.02084139529001903,-0.03729318817692276,0.012298719411690123,0.7740585774058577,0.24032498155802776,0.0,239
97,eval,pact,3.0,0,0.0008817254575398053,0.00013542310752881308,0.00016927886782891106,0.0,0.0,0.00663022735354853,0.22809546337965642,0.22885469481286644,nan,337558.0221953452,0.09547048062086105,nan,0.0014167481399815632,23205.0,0.0,3239.326359832636,13689.0,0.8284539284815848,0.9000000000000004,0.7456085184378604,0.17584893068978508,-0.08250787494337808,0.0010913241692865735,0.0011678703001764394,-0.03539618542978552,0.0008875364523900089,0.9790794979079498,0.2288546962885562,0.0,239
98,eval,pact,3.0,0,0.49487416027990566,0.021673980677150817,0.02709247473552499,0.0,0.0,0.004521458125264076,0.26930488421577786,0.250136287329586,nan,60171.975491958685,0.18831744297528366,nan,0.015352958717595818,23443.0,0.0,3368.9958158995814,13928.0,0.821329563793777,0.9000000000000004,0.7391965886164908,0.4058051304426185,0.3319614194015056,0.0036165298304460464,0.014697757550558098,-0.0441699668793044,0.12831241283124126,0.3054393305439331,0.25013628820245454,0.0,239
99,eval,pact,3.0,0,0.025146201497458203,0.0027650265032564954,0.0034562829363243373,0.0,0.0,0.006423031229323173,0.21991123396233037,0.21822827892323418,nan,72529.30315115063,0.20910890416776037,nan,0.002951033230597946,23681.0,0.0,3446.384937238494,14167.0,0.8257492490143955,0.9000000000000004,0.743174304024445,0.3420624333592305,0.37668389448427586,0.0009090815057398395,0.0025634045725009815,-0.034877065927054314,0.01382021047293014,0.8661087866108786,0.21822827854588567,0.0,239
100,train,pact,3.0,0,0.3347918485875449,0.07141099438894379,0.08926373748779716,0.05509065696385116,0.008368201086211903,0.016249046876255002,0.8158270234717485,0.8222026797518072,nan,2246.8506456957703,0.6356850405492543,nan,0.061830405850220614,23919.0,0.0,3518.0,14406.0,0.8179708640695117,0.9000000000000004,0.7361737615643186,0.7008996626314064,0.2537496043978116,0.018426055313826472,0.05646057523300903,-0.1144418793993546,0.21237479396475215,0.28870292887029286,0.8222026793931508,0.0,239
101,train,pact,3.0,0,0.046663172881091675,0.01164544205450785,0.014556802145421464,0.0,0.0020920502715529757,0.01620705976057408,0.7856677713877985,0.7927672583064275,nan,687.1603398662232,0.6000933049277842,nan,0.010993675950002661,24157.0,0.0,3518.0,14645.0,0.8251110372682995,0.9000000000000004,0.7425999172561837,0.15948915729178773,0.17514649601171173,0.0016550816943174404,0.0108358227216398,-0.10524208302063193,0.14580956003550144,0.38493723849372385,0.7927672574629567,0.0,239
102,train,pact,3.0,0,0.31501786260686376,0.06943301476638979,0.08679126265421805,0.05997210765982273,0.011157601448282537,0.017750491192330565,0.8186029799937204,0.8361602484805813,nan,759.8752998128596,0.6545415414053027,nan,0.049079224851594216,24395.0,0.0,3518.0,14884.0,0.8253052369321241,0.9000000000000004,0.7427746967790516,0.34772948291069516,0.3776710604755491,0.0120583544535643,0.0499037820577941,-0.10785475754879796,0.12197286674274124,0.4393305439330544,0.836160246619213,0.0,239
103,train,pact,3.0,0,0.000463527011177035,8.220090148444424e-05,0.00010275112484629504,0.0,0.0006973500905176586,0.016590435052033375,0.8044486737899701,0.8083239619203192,nan,680.0725792282296,0.5747441053390503,nan,0.022406184808258553,24633.0,0.0,3518.0,15123.0,0.8252579756860454,0.9000000000000004,0.7427321605103784,39.06863242388952,-42.33042611785942,0.017721024762797025,0.019982124152486153,-0.10817726549485641,0.15240268796754153,0.4560669456066946,0.8083239590284177,0.0,239
104,train,pact,3.0,0,0.44414846890925763,0.09596376884034867,0.11995470253454772,0.07391910940782795,0.012552301629317855,0.016391941828450586,0.7862966136702932,0.7963847885196678,nan,728.4227849090448,0.561714118234784,nan,0.0751024025685259,24871.0,0.0,3518.0,15362.0,0.8254993640229293,0.9000000000000004,0.7429494089661283,0.5151576137697366,0.2975881735723437,0.025289253879768343,0.07320241745128822,-0.11218212514664204,0.2217573221757322,0.28870292887029286,0.7963847892624808,0.0,239
105,train,pact,3.0,0,0.004340025042008344,0.0010582756691124723,0.001322844536562458,0.0,0.0,0.016367807482645914,0.8268274792692153,0.8275746486800485,nan,738.1485434815474,0.6822266199598751,nan,0.004212834988644607,25109.0,0.0,3518.0,15601.0,0.8253109108454014,0.9000000000000004,0.7427798033259404,0.08257086355019347,0.0795583451456493,0.0032448878013502922,0.003874855692499969,-0.11033512264108086,0.15620641562064158,0.40585774058577406,0.8275746491781307,0.0,239
106,train,pact,3.0,0,0.5020268857079679,0.09433572764477709,0.11791965296907014,0.04532775582129985,0.015341701991388488,0.013956933865366526,0.6747243014713711,0.6854018568992615,nan,744.1710406826131,0.577772875055359,nan,0.06538321863505288,25347.0,0.0,3518.0,15840.0,0.8245477040442463,0.9000000000000004,0.7420929211452915,0.5202438319078426,0.307811898493468,0.003032649401575327,0.06466290577159899,-0.09811671974486061,0.18321288195765184,0.2217573221757322,0.6854018545045818,0.0,239
107,train,pact,3.0,0,0.09659444735923473,0.022350272997165542,0.02793784011731355,0.006276150814658927,0.0027894003620706344,0.016063412366470003,0.7884639118755213,0.7918400121657918,nan,744.4647393007159,0.7263610430342383,nan,0.024383551973526103,25585.0,0.0,3518.0,16079.0,0.8250290444705277,0.9000000000000004,0.7425261214687235,0.7877116366231229,0.22213057193775898,0.009337761646293075,0.02278441773064115,-0.10892636879511892,0.1795359452263218,0.3514644351464435,0.7918400134856579,0.0,239
108,train,pact,3.0,0,0.19920830527869945,0.043727844649605926,0.05465980309193708,0.02719665334314482,0.0027894003620706344,0.015852594544534342,0.7653866353518793,0.7764805820945916,nan,673.3527073560898,0.6723509043704515,nan,0.03121175062161954,25823.0,0.0,3518.0,16318.0,0.8250081723703999,0.9000000000000004,0.7425073387732566,0.2657243002622228,0.29333947364187274,0.000502856220188705,0.03224319470572478,-0.10690153478015743,0.1658425256751616,0.4560669456066946,0.7764805828685689,0.0,239
109,train,pact,3.0,0,0.5018170490880057,0.10999143177558603,0.1374892793161608,0.07949790994492535,0.016039052081906147,0.016832957360367426,0.7641822403943689,0.7820985100259342,nan,729.2644231947895,0.7313248415372362,nan,0.07250641049450911,26061.0,0.0,3518.0,16557.0,0.8250189111821322,0.9000000000000004,0.7425170044519911,0.6447260746651824,0.3565758194481444,0.03702408336102962,0.07121884234631473,-0.10323217350193817,0.1389628502599214,0.37656903765690375,0.7820985139996188,0.0,239
110,train,pact,3.0,0,0.39594290426846546,0.08923703828485825,0.11154629094726184,0.06345885792536715,0.010460251357764879,0.016793252192983193,0.7889216860218526,0.8043045392220988,nan,680.977480581116,0.6953582925776557,nan,0.05778901599333953,26299.0,0.0,3518.0,16796.0,0.8252858150454245,0.9000000000000004,0.7427572196497578,0.3978814395295355,0.42522753715089867,0.016909257080065222,0.05944370835431107,-0.10427942445127751,0.13313046785850133,0.3514644351464435,0.8043045387738151,0.0,239
111,train,pact,3.0,0,0.00595315217983492,0.0014643169046371345,0.0018303960089697932,0.0,0.0027894003620706344,0.015870214843241866,0.7991549942533341,0.8007241039844737,nan,721.7552697089925,0.8183487356956035,nan,0.02587656740566314,26537.0,0.0,3518.0,17035.0,0.8253576017323897,0.9000000000000004,0.7428218198620624,0.17825070513024388,0.14554605352207528,0.025036628873065292,0.0231660054826127,-0.10966243380663497,0.17573221757322174,0.38493723849372385,0.8007241056101982,0.0,239
112,train,pact,3.0,0,2.1493512025067902e-05,5.776150878221693e-06,7.220187368627373e-06,0.0,0.0,0.015998745475463164,0.818149119241467,0.8181049050646347,nan,636.3356724184428,0.5201322436332703,nan,0.0009643826400952474,26775.0,0.0,3518.0,17274.0,0.8250965997264974,0.9000000000000004,0.7425869239424063,10.143345650712988,-10.163660842916833,0.0008175928673734504,0.0008614642426615913,-0.10989694329745983,0.16254596170914165,0.40585774058577406,0.8181049055693081,0.0,239
113,train,pact,3.0,0,0.4392558533156307,0.09666863335695623,0.12083578500298785,0.07322175950435415,0.008368201086211903,0.017119668418284367,0.8271531960206052,0.8425322016662135,nan,725.217685076981,0.5826275431196435,nan,0.07404248625192028,27013.0,0.0,3518.0,17513.0,0.825460262877173,0.9000000000000004,0.7429142272622017,0.5311028288665623,0.3169041934647632,0.025526137615957144,0.07254509499323823,-0.11856485162860472,0.24622797007734246,0.2510460251046025,0.8425321995090498,0.0,239
114,train,pact,3.0,0,0.1445073664815396,0.032657515376584755,0.04082189102685573,0.015341701929040533,0.004184100543105951,0.016036505543015056,0.7872350930419427,0.7931750760916386,nan,755.3148515134676,0.6958324101180711,nan,0.03328613530860037,27251.0,0.0,3518.0,17752.0,0.8251952885583853,0.9000000000000004,0.742675742594268,0.49689383561831096,0.20093746390888323,0.010517376201340533,0.03207790472670887,-0.10978344436130943,0.19246861924686193,0.36401673640167365,0.793175076266739,0.0,239
115,train,pact,3.0,0,0.004340025042008344,0.0010153017989053537,0.001269127229488541,0.0,0.0,0.01575974138282146,0.79181531495629,0.7916475616738388,nan,708.8516871240847,0.7110758876451388,nan,0.0013414607888270625,27489.0,0.0,3518.0,17991.0,0.8251642140883282,0.9000000000000004,0.7426477700596574,0.08394656652385236,0.08493173276406285,0.00041352790046996765,0.0013066163120894092,-0.10420378545710976,0.1294535311271713,0.4476987447698745,0.7916475645090236,0.0,239
116,train,pact,3.0,0,0.382569948058365,0.08426995375393972,0.10533743524887024,0.06415620807823277,0.007670850995694244,0.015986975958516284,0.7908114364456432,0.802199336275396,nan,752.5353370570738,0.41404987459078774,nan,0.04958887889488819,27727.0,0.0,3518.0,18230.0,0.8250149565760561,0.9000000000000004,0.7425134391465447,0.3887438162030044,0.4179769678178089,0.0013450087663354785,0.05210442945778089,-0.1081460079591097,0.1589958158995816,0.3807531380753138,0.8021993340434964,0.0,239
117,train,pact,3.0,0,0.49487416027990566,0.09854776990416296,0.12318470405486424,0.05439330681098555,0.018131102353459123,0.015429892483708999,0.7180839565009751,0.7363081796398722,nan,687.1957218696881,0.6793334971661348,nan,0.07091364491668581,27965.0,0.0,3518.0,18469.0,0.8251867334214215,0.9000000000000004,0.7426680413748928,0.5840717579178867,0.38854581062743965,0.07335350130714717,0.06903711508250324,-0.10162032632826548,0.16888550779764167,0.29707112970711297,0.7363081788913785,0.0,239
118,train,pact,3.0,0,0.0014944071429085072,0.0003200389963308511,0.0004000487212758028,0.0,0.0,0.016160165562750343,0.8074444314176568,0.8091665794410466,nan,722.9900711889546,0.7329006195068359,nan,0.017528134220373276,28203.0,0.0,3518.0,18708.0,0.8251658301473163,0.9000000000000004,0.742649229500583,14.862470746999838,-15.305407510764962,0.011891385906139426,0.01563766573068187,-0.10704607897469763,0.14606314187904146,0.4393305439330544,0.8091665763020306,0.0,239
119,train,pact,3.0,0,0.2364116824699286,0.0553133042178853,0.06914162526773454,0.04393305557791658,0.005578800724141269,0.01712563772983927,0.8499786115590499,0.8573666545387092,nan,760.585883615406,0.6644766279905411,nan,0.05139956925459845,28441.0,0.0,3518.0,18947.0,0.8255054831006038,0.9000000000000004,0.7429549202759396,0.48524656483932804,0.2189837506953255,0.014245033980634942,0.04990812097520229,-0.11929002989520342,0.20717636617218207,0.27615062761506276,0.8573666566661414,0.0,239
120,eval,pact,3.0,0,0.5015085098678519,0.02293970753327744,0.028674633100590312,0.0,0.0,0.0036079525142892507,0.18124284938164834,0.16885353468950823,nan,1355.369503005279,0.2911626700483356,nan,0.01737254490651128,28679.0,0.0,3518.0,19186.0,0.8266435258059323,0.9000000000000004,0.7439791547703444,0.37514816091936076,0.24665946058124488,0.0014995802193880081,0.017491832495107856,-0.031837349667742584,0.0,1.0,0.168853534995746,0.0,239
121,eval,pact,3.0,0,0.4994180284038787,0.018295988862161442,0.02286998475105537,0.0,0.0,0.003101787931250728,0.1854211335152263,0.1733100185459129,nan,9431.58685890102,0.058504338103451736,nan,0.012381841262966145,28917.0,0.0,3534.384937238494,19425.0,0.8213448876117563,0.9000000000000004,0.7392103840367066,0.569061506269134,0.34476454566755854,0.003823457518592477,0.012110834631476566,-0.03427091195388246,0.019525801952580194,0.8117154811715481,0.17331001823467063,0.0,239
122,eval,pact,3.0,0,0.3756273159996906,0.0261095622584332,0.03263695147495534,0.0,0.0,0.004899414748179426,0.2344996733396123,0.2228855990403367,nan,79964.52080609309,-0.21006337232170744,nan,0.019083133460291384,29155.0,0.0,3675.6778242677824,19664.0,0.8239464981785379,0.9000000000000004,0.741551828184886,0.41777025310527915,0.3246763553480202,0.0030180444234495303,0.01898328308868475,-0.039841848671428044,0.03778369468746038,0.606694560669456,0.2228855995662373,0.0,239
123,eval,pact,3.0,0,0.1445073664815396,0.004008411061636919,0.005010513604297006,0.0,0.0,0.003717499939533862,0.20351640624481265,0.20421819709958391,nan,73293.05799718881,0.3184252297155029,nan,0.006044236916274702,29393.0,0.0,3807.0794979079496,19903.0,0.8228316931794378,0.9000000000000004,0.7405485090600895,0.6854105394071242,-0.17031688682469004,0.001973309294916275,0.0047987672611369625,-0.037373222902445456,0.02269557499683023,0.7656903765690377,0.20421819760633095,0.0,239
124,eval,pact,3.0,0,0.00014589585375555142,1.5280903361481518e-05,1.9101127569327933e-05,0.0,0.0,0.004843088664761335,0.24561027873884186,0.2456102201005904,nan,259715.57219207636,0.32645469903945923,nan,0.0010059099238551958,29631.0,0.0,3951.1589958158997,20142.0,0.8277856203801462,0.9000000000000004,0.7450070362460164,1.102701124347532,-0.7101820726392403,0.0005062536670325184,0.0005138260696421107,-0.03836945039873276,0.0030429821224800305,0.9581589958158996,0.24561022073399222,0.0,239
125,eval,pact,3.0,0,0.13356819286291968,0.004900667556559033,0.006125834132743187,0.0,0.0,0.004210953578785467,0.22533390474618728,0.22415577280471513,nan,303944.83371469664,0.3248447966547566,nan,0.00527821081543388,29869.0,0.0,4094.907949790795,20381.0,0.8234631086243746,0.9000000000000004,0.7411167848559104,0.33602791736197785,0.08091541497271404,0.0011128919994483559,0.005226294550617035,-0.040855074138256744,0.03867123113985039,0.6610878661087866,0.22415577101883297,0.0,239
126,eval,pact,3.0,0,0.009418921166737213,0.0005066776122255144,0.000633347015628186,0.0,0.0,0.004767872839552354,0.24553065294999957,0.24513589886940673,nan,332066.7402588912,0.3235949222388128,nan,0.0007139756196760817,30107.0,0.0,4199.556485355649,20620.0,0.8259957986396725,0.9000000000000004,0.743396202141271,0.7102238299666006,-0.026754691733734903,0.00020211000286863277,0.0005430308920192478,-0.034616570534630395,0.0005071636870800051,0.9916317991631799,0.24513589898225388,0.0,239
127,eval,pact,3.0,0,0.5018883342007137,0.012665875832749692,0.015832344033993976,0.0,0.0,0.002300272929037933,0.16890766100654042,0.1685432106505877,nan,101231.24351137552,0.1423522435541744,nan,0.00739122912344702,30345.0,0.0,4290.175732217574,20859.0,0.8207862398365052,0.9000000000000004,0.7387075960386748,0.6110771529298245,0.4318886844656833,0.0024180975273743067,0.007463063622891093,-0.02949867850210822,0.0041841004184100415,0.8786610878661087,0.16854321080719578,0.0,239
128,eval,pact,3.0,0,0.14822527385418105,0.012946121214721735,0.01618265038520792,0.0,0.0,0.004899290346474266,0.25174924544210714,0.24479547760227235,nan,178226.11238232217,-0.07202078029513359,nan,0.009747235627975715,30583.0,0.0,4408.627615062762,21098.0,0.8242186142061545,0.9000000000000004,0.7417967359391217,0.3914837302777043,0.33745094461724356,0.00158239201625512,0.009737164208387359,-0.03781659320105565,0.0,1.0,0.24479547757809625,0.0,239
129,eval,pact,3.0,0,0.39266590399484474,0.029899874829410023,0.03737484170494887,0.0,0.0,0.005072244364090233,0.24719158569389807,0.233681402508185,nan,70797.08461362448,-0.31869362628235476,nan,0.020863124275595637,30821.0,0.0,4514.9246861924685,21337.0,0.823601528565754,0.9000000000000004,0.7412413594363624,0.4249259915961704,0.3740523547031058,0.0035419192660252103,0.020515214535164174,-0.03640955643199325,0.0,1.0,0.23368140306192486,0.0,239
130,train,pact,3.0,0,0.4653420398303694,0.09139236637812365,0.11424045236119401,0.059274757631653026,0.007670850995694244,0.01540673031202794,0.7675169670182791,0.7751075727670262,nan,2121.369554336101,0.6456484785264506,nan,0.061526770147233886,31059.0,0.0,4578.0,21576.0,0.8171383171151373,0.9000000000000004,0.7354244697044086,0.7012370806032939,0.39232371679236766,0.023256141586567868,0.058678206904873124,-0.10406715305937256,0.1602637251172816,0.3138075313807531,0.7751075739651151,0.0,239
131,train,pact,3.0,0,0.2573214347770065,0.05709614289253105,0.07137017499963084,0.04044630506298033,0.006973500905176585,0.016527020563390962,0.8204516133753326,0.8241087322953355,nan,752.5828693980452,0.5663956371311364,nan,0.05206400786855776,31297.0,0.0,4578.0,21815.0,0.8255169219551725,0.9000000000000004,0.7429652126763157,0.4926553406909823,0.23414561192187533,0.01509366569334199,0.050641902692218514,-0.1102031086636125,0.15886902497781158,0.37656903765690375,0.8241087287153682,0.0,239
132,train,pact,3.0,0,0.4934485877536371,0.10688002326934572,0.13360002050680406,0.07601115961703296,0.009065551176729561,0.015694729991113012,0.809379111149321,0.8011668676112985,nan,765.6450036978622,0.6764402561606723,nan,0.07588262999601755,31535.0,0.0,4578.0,22054.0,0.8251739062025956,0.9000000000000004,0.7426564930373156,0.5143417792923475,0.3449661167856316,0.03797425095443473,0.07491344952893494,-0.1125947583922707,0.21364270318245213,0.29707112970711297,0.8011668634567739,0.0,239
133,train,pact,3.0,0,0.011099790736339269,0.002705439111336829,0.0033817987274217796,0.0,0.0,0.015704793112243383,0.810090847344578,0.8103073084703549,nan,637.4143648666318,0.678870924845899,nan,0.008229961008179073,31773.0,0.0,4578.0,22293.0,0.8252576158136503,0.9000000000000004,0.7427318348046626,0.12012000837023554,0.1282471638258138,0.006174529286187769,0.007639483993203977,-0.11020488617243669,0.16812476226702164,0.4476987447698745,0.8103073073973331,0.0,239
134,train,pact,3.0,0,0.3028837280172224,0.06110257134333783,0.07637820955280107,0.046722455939987216,0.01394700181035317,0.01583817740951014,0.7679537846453519,0.7815420255376704,nan,655.5451780183545,0.7254029136914838,nan,0.05395105112320646,32011.0,0.0,4578.0,22532.0,0.8249345257192476,0.9000000000000004,0.7424410531710381,0.49182132558178704,0.2459117746954651,0.015700320558726926,0.051791088762751555,-0.10794741147580811,0.1906935463420819,0.26778242677824265,0.7815420224121169,0.0,239
135,train,pact,3.0,0,0.43151492035799666,0.0912049992093747,0.11400624339399792,0.06903765883655229,0.006276150814658927,0.01605995239009964,0.7972380666054443,0.8141140987683539,nan,652.060803529109,0.6609345941364017,nan,0.05390492683896604,32249.0,0.0,4578.0,22771.0,0.8253437106080633,0.9000000000000004,0.7428093240849643,0.3920065565993316,0.41751864520048176,0.0023768600758298166,0.05636717668694549,-0.10697053609438069,0.1385824774946114,0.401673640167364,0.8141141012644615,0.0,239
136,train,pact,3.0,0,0.41462237339922975,0.09100579311911072,0.11375723398604994,0.07949791006962126,0.00976290126724722,0.018226891864192473,0.84779586889255,0.861316573545025,nan,598.0519705417266,0.723747290327958,nan,0.05998665040503081,32487.0,0.0,4578.0,23010.0,0.8251617313927686,0.9000000000000004,0.7426455427413207,0.7112999554079455,0.42521420667964605,0.02157888386864215,0.05710959504650726,-0.1166182915954305,0.1711677443895017,0.39330543933054396,0.8613165707684406,0.0,239
137,train,pact,3.0,0,0.3538667886901772,0.07480304688391066,0.09350380159076054,0.0627615078348495,0.0034867504525882926,0.01663286071592186,0.7863702835772327,0.7943352750779196,nan,646.0573653855583,0.6708386549141616,nan,0.04890380295421675,32725.0,0.0,4578.0,23249.0,0.8253117557848847,0.9000000000000004,0.7427805642203806,0.34304151924197207,0.37598655356988797,0.005054441691832023,0.051034558097301945,-0.10432800744914035,0.13122860403195133,0.4393305439330544,0.7943352711200604,0.0,239
138,train,pact,3.0,0,0.08452667201199193,0.019149706667932344,0.023937131984974137,0.004184100543105951,0.0006973500905176586,0.016095269419287943,0.7900105502814927,0.7934202649104545,nan,666.847113062647,0.6072283372220634,nan,0.0293796718720674,32963.0,0.0,4578.0,23488.0,0.824954071803073,0.9000000000000004,0.7424586435242178,1.2041248870211074,-0.011942957883547045,0.013014019678471746,0.025904718104060195,-0.11045958746185951,0.18283250919234184,0.3514644351464435,0.7934202655233209,0.0,239
139,train,pact,3.0,0,0.0008817244371400257,0.00018267003555037375,0.00022833753605463317,0.0,0.0,0.01614933748141118,0.8166935226907291,0.8167136433733059,nan,599.4206790684656,0.6002686619758606,nan,0.0005202157389796876,33201.0,0.0,4578.0,23727.0,0.8251263838432823,0.9000000000000004,0.7426137315678297,0.462147922582061,0.16035389643927844,0.0003496901655952099,0.00048017859279787133,-0.1094364298217381,0.1570939520730316,0.4769874476987448,0.8167136465991018,0.0,239
140,train,pact,3.0,0,0.34251428529070727,0.07026562180030223,0.08783202247274503,0.04253835552157717,0.007670850995694244,0.01592176213517598,0.7755314837439788,0.7806812572179977,nan,655.8026286488298,0.5855391287092884,nan,0.043623373991060026,33439.0,0.0,4578.0,23966.0,0.8253373580996461,0.9000000000000004,0.7428036015402821,0.3484693617581896,0.37921278477614184,7.42760017629669e-06,0.04520606420760713,-0.10174022514128396,0.12653733992646127,0.4351464435146444,0.7806812565761069,0.0,239
141,train,pact,3.0,0,0.06283616020874398,0.014278676854895265,0.017848345334900404,0.0027894003620706344,0.0013947001810353172,0.016571350444388813,0.8142453011857914,0.8164796076060339,nan,701.8297987423183,0.7538645706416174,nan,0.026162197381461617,33677.0,0.0,4578.0,24205.0,0.8250756740071284,0.9000000000000004,0.7425680931143183,1.3536419745902624,-0.20398993006290422,0.011128372385682333,0.023002741853005125,-0.11072117948889637,0.1706605807024217,0.4100418410041841,0.8164796049937993,0.0,239
142,train,pact,3.0,0,0.00020369909520827966,5.5680194651419646e-05,6.960023503368682e-05,0.0,0.0,0.016691429902912433,0.8269725975631171,0.8269805632625165,nan,793.1416087130623,0.7526080012321472,nan,0.00034549923837319464,33915.0,0.0,4578.0,24444.0,0.825482510871967,0.9000000000000004,0.7429342384617698,1.004341379683374,0.03963716314018284,0.0002708842014469511,0.00031138752165248227,-0.11005129703412311,0.15569925193356154,0.3891213389121339,0.82698056617776,0.0,239
143,train,pact,3.0,0,0.11274785525415133,0.028956306434764538,0.03619538119714147,0.0125523015669699,0.006973500842828631,0.016782037847554585,0.799725270857372,0.8056690202846687,nan,878.3318471230224,0.22587833834118423,nan,0.03111800694595594,34153.0,0.0,4578.0,24683.0,0.825416723803995,0.9000000000000004,0.742875039826876,0.4790139186932546,0.15249858423316687,0.009059023303956153,0.029411675763330092,-0.1095519027063092,0.17015341701534173,0.3682008368200837,0.8056690222669595,0.0,239
144,train,pact,3.0,0,0.034930997800481874,0.007791398791915948,0.009739248151254667,0.0,0.0,0.01579823286202444,0.7872320701637029,0.786498008537492,nan,802.77075884831,0.4370934742202819,nan,0.009608595831724952,34391.0,0.0,4578.0,24922.0,0.8251083822429929,0.9000000000000004,0.7425975245910709,0.3281306253252811,0.09219870342017766,0.0029270804108032403,0.009303570350844687,-0.10484210370940585,0.14378090528718146,0.4100418410041841,0.7864980075393206,0.0,239
145,train,pact,3.0,0,0.5000638237883528,0.11077231379382876,0.13846538397155045,0.080195260035443,0.012552301629317855,0.017632634715551206,0.8009382950835647,0.8123419110869763,nan,737.0864852841429,0.5976630494107636,nan,0.0691380826298947,34629.0,0.0,4578.0,25161.0,0.8251251451141166,0.9000000000000004,0.7426126093046436,0.4882850527430415,0.3760613325085135,0.0002450413805490825,0.06882250625264788,-0.10718361263405085,0.13490554076328137,0.4476987447698745,0.8123419069531657,0.0,239
146,train,pact,3.0,0,0.39917434158470244,0.08201003193817961,0.1025125343634705,0.05997210772217068,0.006973500905176585,0.016764966776851704,0.7835221418401687,0.7970875327058417,nan,623.0370651947404,0.5557086346787887,nan,0.059392277014960054,34867.0,0.0,4578.0,25400.0,0.825065889617888,0.9000000000000004,0.7425592818519561,0.6389171197682624,0.3870854943749684,0.024049270501429285,0.05746327496083087,-0.10457261332572136,0.12691771269177127,0.4560669456066946,0.7970875348713724,0.0,239
147,train,pact,3.0,0,0.4615407577247839,0.10105687300204877,0.12632108302726974,0.07670850970755062,0.012552301629317855,0.017464012538363462,0.8088281017467068,0.8194965245085282,nan,613.7378774986107,0.6400436569457274,nan,0.0740021449157181,35105.0,0.0,4578.0,25639.0,0.8252336766929307,0.9000000000000004,0.7427102903441904,0.534152417199429,0.33734870622706814,0.02637918608001711,0.07272371958072246,-0.11713413440591416,0.24470647901610237,0.2928870292887029,0.8194965258342239,0.0,239
148,train,pact,3.0,0,0.0020282095075691135,0.0003874933552111413,0.0004843666755728751,0.0,0.0,0.01625144031194962,0.7816784249688791,0.7814878350022447,nan,715.1656376667103,0.5012649893760681,nan,0.0035050753082854287,35343.0,0.0,4578.0,25878.0,0.8249321096113037,0.9000000000000004,0.7424388824646443,2.2619521114178416,-1.184191809102333,0.002590194826685655,0.0031270668383345675,-0.10289831960825545,0.12755166730062129,0.4811715481171548,0.781487835921115,0.0,239
149,train,pact,3.0,0,0.11274788101110218,0.023909491819029877,0.02988686325249192,0.008368201086211903,0.0020920502715529757,0.016659024004945257,0.7975017015031192,0.7955561619423424,nan,813.2710412955184,0.51659049224654,nan,0.019326895735133458,35581.0,0.0,4578.0,26117.0,0.825286184145317,0.9000000000000004,0.7427575480987836,0.17493335185286646,0.19287891026707837,4.0017205703641654e-05,0.019639434686551018,-0.10052891581033858,0.10346139216432106,0.46443514644351463,0.7955561598377999,0.0,239
150,eval,pact,3.0,0,0.48112744734638124,0.012603230570432259,0.015754037354675208,0.0,0.0,0.0031659582358975914,0.14729859307408333,0.14405909509526635,nan,1711.6572503125817,0.5342234406760547,nan,0.013535193649849321,35819.0,0.0,4578.0,26356.0,0.8271927070418162,0.9000000000000004,0.7444734196782611,0.3466594787735763,0.20546717155872485,0.016755728692644172,0.013233434726488016,-0.025887878824111636,0.0,1.0,0.1440590947374652,0.0,239
151,eval,pact,3.0,0,0.48485144005920816,0.02474092941457803,0.030926160246681662,0.0,0.0,0.00371473781992467,0.18453737338965906,0.16356114457092524,nan,14226.63556750948,0.14901783177677821,nan,0.016058704834314506,36057.0,0.0,4588.694560669456,26595.0,0.8234924930907692,0.9000000000000004,0.7411432250024883,0.4179624616883531,0.39033019671595315,0.00466458684864587,0.01656082153898005,-0.03133112706420916,0.0,1.0,0.1635611454725262,0.0,239
152,eval,pact,3.0,0,0.4595581971330663,0.010132550623170592,0.012665687547984463,0.0,0.0,0.002444963274128096,0.13973786326507145,0.13557017451175585,nan,68820.95496371601,0.18715862002005512,nan,0.010119182131716895,36295.0,0.0,4689.71129707113,26834.0,0.8226901179327626,0.9000000000000004,0.7404210896671567,0.73684781847718,0.19225331888359998,0.007106964845724147,0.009759924282947221,-0.029735046221880553,0.03245847597312032,0.5648535564853556,0.13557017475643013,0.0,239
153,eval,pact,3.0,0,0.2740191620142929,0.009551115480352255,0.011938893639852871,0.0020920502715529757,0.0,0.004363899471123301,0.19390713570008217,0.1923584345743746,nan,262175.6466069561,0.12485733070916391,nan,0.01189131084386314,36533.0,0.0,4809.979079497908,27073.0,0.826102664156439,0.9000000000000004,0.7434923773530138,0.49890546912509587,-0.08095516360125132,0.0029455521457987886,0.010931864366223685,-0.03601881690250469,0.01305946494231013,0.8451882845188284,0.1923584359041168,0.0,239
154,eval,pact,3.0,0,0.4881335476829956,0.013135026115623873,0.016418781704027174,0.0,0.0,0.0017920192542961297,0.12724096303080915,0.11747930431153984,nan,174822.12696129706,0.2819429147193621,nan,0.0095657005311364,36771.0,0.0,4934.28870292887,27312.0,0.823328599396111,0.9000000000000004,0.7409957247049739,0.6153323437092239,0.29794568586758563,0.0018757068364021296,0.009096122141265034,-0.03642196908038865,0.16178521617852157,0.2803347280334728,0.11747930448072509,0.0,239
155,eval,pact,3.0,0,0.00020369909520827966,2.5868498204579425e-05,3.233562494954727e-05,0.0,0.0,0.005766902275765354,0.25210448669339824,0.2524943196499198,nan,175796.99745031382,0.2684409022331238,nan,0.0008309996853948855,37009.0,0.0,5047.242677824268,27551.0,0.8271277226414142,0.9000000000000004,0.7444149338051864,4.581576329488463,-8.86741905444789,0.000535444175867546,0.0006400183180200835,-0.03999110722463422,0.011791555724610119,0.8493723849372385,0.2524943206080007,0.0,239
156,eval,pact,3.0,0,0.0008817254575398053,9.816494958274793e-05,0.0001227061820979874,0.0,0.0,0.005747313140677171,0.25059818972104764,0.25034236240835867,nan,126230.88413637552,0.2684409022331238,nan,0.0003558896023072726,37247.0,0.0,5136.543933054393,27790.0,0.8257527211719976,0.9000000000000004,0.7431774294027225,0.26135892364148916,-0.09423729271039982,0.00022607932716515018,0.0003183590612770862,-0.0370891723597149,0.016356028908330163,0.7949790794979079,0.2503423625487428,0.0,239
157,eval,pact,3.0,0,0.00046352766528258015,5.897613233500881e-05,7.372016336383574e-05,0.0,0.0,0.006015863185787425,0.26171874694495023,0.2616993345351399,nan,581989.934165795,0.2684409022331238,nan,0.00028507856853797286,37485.0,0.0,5295.334728033473,28029.0,0.8278383549037838,0.9000000000000004,0.7450544991253809,0.21827271635374046,0.19269416158021047,5.693634460688008e-05,0.00010271335180367101,-0.03192421464677206,0.0,1.0,0.2616993342000393,0.0,239
158,eval,pact,3.0,0,0.4532820635336884,0.019209208643892205,0.024011509820213564,0.0,0.0,0.003967435799137724,0.1799301214391467,0.17218358038484302,nan,98180.31243462343,0.14520771735421845,nan,0.014183870641732998,37723.0,0.0,5419.104602510461,28268.0,0.8187035171307281,0.9000000000000004,0.7368331472993396,0.5350957293045663,0.26295081568732515,5.7060896920791225e-05,0.01368692002603235,-0.02935680000238883,0.0,1.0,0.17218358121052202,0.0,239
159,eval,pact,3.0,0,0.04055127557113798,0.004471869283547505,0.005589836235984378,0.0,0.0,0.005781905792817224,0.2564656921510417,0.253008934493843,nan,195693.1633842181,0.23059973569594666,nan,0.005255852966709647,37961.0,0.0,5493.652719665272,28507.0,0.8258062013771743,0.9000000000000004,0.7432255640189518,0.26088971910590886,0.29286969790922734,0.002231208732924782,0.0050061055183326375,-0.0376370803274399,0.0035501458095600355,0.9539748953974896,0.25300893532847396,0.0,239
160,train,pact,3.0,0,0.012006890569388804,0.0030993983970067774,0.0038742477697105717,0.0,0.0,0.016819929092280785,0.8093635564568651,0.8089894713467634,nan,3091.337833420502,-0.004766589022829942,nan,0.006501594925261293,38199.0,0.0,5564.0,28746.0,0.8176708304981807,0.9000000000000004,0.7359037339437956,0.11288900180416345,0.11661755073633817,0.0028388522156758585,0.005175291102600701,-0.10583388482320594,0.12400152149106124,0.47280334728033474,0.8089894700855099,0.0,239
161,train,pact,3.0,0,0.4488243158769947,0.09509153333498209,0.11886440934460674,0.08019526022248687,0.010460251357764879,0.01643715657500324,0.7869179349813501,0.8003140484064692,nan,671.6006456957701,0.6343388024670809,nan,0.07240052604424342,38437.0,0.0,5564.0,28985.0,0.8252016069001233,0.9000000000000004,0.7426814287277446,0.5367123109558963,0.32321768593644495,0.027259988244622946,0.07082630502971894,-0.10887110334911791,0.17560542665145176,0.33472803347280333,0.8003140456758482,0.0,239
162,train,pact,3.0,0,0.5020705397688578,0.11208118478254056,0.14010147224086938,0.0829846604598616,0.012552301629317855,0.01658376002154278,0.783933957002153,0.7957481156457917,nan,671.5002260088422,0.6060241588613479,nan,0.0725485805741601,38675.0,0.0,5564.0,29224.0,0.8252425687582423,0.9000000000000004,0.7427182945746258,0.5513872221800554,0.3586456574822001,0.03542598895728588,0.07184414238431276,-0.10795423710121488,0.1797895270698618,0.35564853556485354,0.7957481153751048,0.0,239
163,train,pact,3.0,0,0.29059125512998374,0.060642308132959455,0.0758028815916416,0.03486750440118702,0.004184100543105951,0.01615742406131754,0.8010813543986077,0.801416242035363,nan,652.4019366787069,0.775420837821322,nan,0.051015823950190255,38913.0,0.0,5564.0,29463.0,0.8250484351832498,0.9000000000000004,0.7425435769009291,0.646614376944645,0.3011595960760921,0.016774183136559175,0.04903946580948838,-0.1040457204362677,0.12539622163053124,0.45188284518828453,0.8014162419661568,0.0,239
164,train,pact,3.0,0,0.008643440734246789,0.0022972926464002183,0.0028716156849901632,0.0,0.0,0.016323265913293295,0.8150226645888644,0.8155352665290673,nan,649.5976452687794,0.16543987331031257,nan,0.0035489636564109265,39151.0,0.0,5564.0,29702.0,0.8251127618127289,0.9000000000000004,0.742601466727556,0.42786117707006444,0.18650010654105909,0.001741882077430559,0.0033825582081799554,-0.10830655812271976,0.14454165081780143,0.4435146443514644,0.8155352639317517,0.0,239
165,train,pact,3.0,0,0.36126752409238416,0.07984608735784822,0.09980760281221318,0.06415620807823277,0.015341701991388488,0.016811347097474068,0.7716446806945562,0.7881749748684871,nan,799.4339617485781,0.39364919565212775,nan,0.04905097994723744,39389.0,0.0,5564.0,29941.0,0.8254223109289194,0.9000000000000004,0.7428800623287217,0.34921196355328493,0.38595500363306046,5.083486592352331e-05,0.050733249340819346,-0.10406135586481331,0.14428806897426144,0.40585774058577406,0.7881749712715876,0.0,239
166,train,pact,3.0,0,0.16342436824145895,0.03861178892837712,0.04826473293676933,0.023709903015252436,0.0034867504525882926,0.01655253084672607,0.7996309913040205,0.8042147672700084,nan,775.8129139664782,0.7235677366974962,nan,0.050292399801045,39627.0,0.0,5564.0,30180.0,0.8250606718422479,0.9000000000000004,0.7425545932857561,0.28448242185024714,0.3033241915742386,0.03541264598545162,0.048598835980285846,-0.10405786681618652,0.11740839355902118,0.42677824267782427,0.8042147688397154,0.0,239
167,train,pact,3.0,0,0.3308880299083897,0.06827640651661789,0.08534550418216781,0.05230125678882439,0.006973500905176585,0.01640491247728514,0.7940998826814994,0.7996866651908124,nan,618.9922063979145,0.7262031710297493,nan,0.05307130635887478,39865.0,0.0,5564.0,30419.0,0.824958565843654,0.9000000000000004,0.7424626871631734,0.6717538708281369,0.35533086112850665,0.01933155014645308,0.05133530795554705,-0.11326167095938851,0.2307594776214023,0.30962343096234307,0.7996866660534601,0.0,239
168,train,pact,3.0,0,0.5018883339752502,0.11559716910901957,0.14449645350508808,0.07322175950435415,0.009065551176729561,0.017382277438814545,0.8174575134550677,0.8224847243794836,nan,697.6626678849863,0.6608139247824457,nan,0.0772750189907315,40103.0,0.0,5564.0,30658.0,0.8252850681169263,0.9000000000000004,0.7427565452942788,0.5385737440267889,0.347123762375532,0.04285862772829003,0.07719358314212536,-0.11138429865306192,0.17623938126030178,0.3598326359832636,0.8224847210516377,0.0,239
169,train,pact,3.0,0,0.018431992074788867,0.004656298983132409,0.00582037333673778,0.0,0.0,0.016435641044298788,0.8006689876442674,0.8028249558544558,nan,646.8167139795535,0.6661733044740047,nan,0.01078379218860882,40341.0,0.0,5564.0,30897.0,0.8251606577609872,0.9000000000000004,0.7426445736047115,1.195736978869785,-0.029503969358629867,0.006526611564535118,0.009631562407490666,-0.10358408234503166,0.12349435780398124,0.4351464435146444,0.8028249546165933,0.0,239
170,train,pact,3.0,0,0.2615026996800263,0.055360297090503316,0.0692003661515856,0.03486750433883906,0.0027894003620706344,0.015808218611778387,0.7829248324098946,0.7864048085078036,nan,635.5614692975288,0.6233421075605947,nan,0.03789419547285745,40579.0,0.0,5564.0,31136.0,0.8250653042952885,0.9000000000000004,0.7425587571315686,0.2932369431627826,0.3173570294412573,0.00018777770901190388,0.039386829124097446,-0.10937960095642112,0.19246861924686193,0.3723849372384937,0.7864048084813694,0.0,239
171,train,pact,3.0,0,0.033166217367872536,0.008913709643074905,0.011142136503287292,0.0,0.0,0.016822948231591715,0.8064865842149846,0.811200551844541,nan,704.8181157451295,0.6095216183233461,nan,0.02325403938463511,40817.0,0.0,5564.0,31375.0,0.8253215152349432,0.9000000000000004,0.7427893455557245,1.6409635794640458,-0.4563337170812032,0.011797137557521402,0.02045019006731172,-0.11170250569302205,0.18524153670597185,0.3389121338912134,0.811200549435039,0.0,239
172,train,pact,3.0,0,0.3756273159996906,0.07981470635853512,0.09976837682830843,0.06485355816875042,0.006276150814658927,0.015990655193159894,0.7980426614753372,0.8028394058035009,nan,666.9394097108722,0.6463942072007447,nan,0.049046963332280584,41055.0,0.0,5564.0,31614.0,0.825019814728693,0.9000000000000004,0.7425178174693216,0.35224600280639934,0.388090183404987,0.000503738459511541,0.05158819214089992,-0.10595692411614677,0.14162545961709141,0.401673640167364,0.8028394072559221,0.0,239
173,train,pact,3.0,0,0.14450739523119227,0.03168356094788407,0.03960444870847606,0.013249651719835514,0.004184100543105951,0.01631787675432861,0.7887730246807242,0.7855842058628673,nan,678.1456048558447,0.7472687812218107,nan,0.04643759098065682,41293.0,0.0,5564.0,31853.0,0.8251482238330602,0.9000000000000004,0.7426333818974356,0.24137383156777834,0.2568424181491764,0.033474603958096205,0.04452317457930594,-0.10602486454574497,0.16115126156967155,0.3891213389121339,0.7855842046889033,0.0,239
174,train,pact,3.0,0,0.06283617998029117,0.017887061744655344,0.02235882565602658,0.0013947001810353172,0.0013947001810353172,0.016221791917894614,0.8021498114244708,0.8049294030815987,nan,655.4904984350484,0.5808409917554097,nan,0.02634613379416208,41531.0,0.0,5564.0,32092.0,0.8251326964490084,0.9000000000000004,0.7426194149579962,0.23536389564293017,0.24902304269036113,0.016033324083383736,0.02538761687338368,-0.10603231139372814,0.12742487637885128,0.4895397489539749,0.8049294025353432,0.0,239
175,train,pact,3.0,0,0.2531380826036473,0.046505191118036186,0.05813148552601793,0.023709903077600392,0.00488145063362361,0.01635615552885645,0.813434133532157,0.8048708125886558,nan,707.5231004020659,0.5774560786440781,nan,0.04426869451629473,41769.0,0.0,5564.0,32331.0,0.8251037976731815,0.9000000000000004,0.7425934011467331,0.24036583075600435,0.2514377900452356,0.016968790163919955,0.04416064373957905,-0.10762891204191756,0.15012045137568147,0.41422594142259417,0.8048708124356313,0.0,239
176,train,pact,3.0,0,0.4948741555965635,0.1064887004223736,0.13311086766793873,0.07043235895523965,0.009065551176729561,0.016170569142681317,0.7518594593557852,0.7600403036532541,nan,629.867044233378,0.6612668800553517,nan,0.06795599844665208,42007.0,0.0,5564.0,32570.0,0.8250152039727406,0.9000000000000004,0.7425136678388428,0.658185146168181,0.4020976009700905,0.029516664694153493,0.06625182208484312,-0.101023073430764,0.1402307594776214,0.3891213389121339,0.7600403056852704,0.0,239
177,train,pact,3.0,0,3.939130826693449e-05,9.633625538364076e-06,1.2042030769913695e-05,0.0,0.0,0.01582825857128901,0.7948552181780588,0.7943027295702172,nan,689.7649742988363,0.5713851451873779,nan,0.006091002762766027,42245.0,0.0,5564.0,32809.0,0.8249987593255781,0.9000000000000004,0.7424988629428911,0.48297896986274813,0.1283594001005488,0.005547851071179706,0.005440106925870088,-0.1037607857382871,0.1195638392291112,0.4560669456066946,0.7943027296699657,0.0,239
178,train,pact,3.0,0,0.0005835245887526782,0.00015697364159141254,0.00019621703653546657,0.0,0.0,0.015830139876012086,0.7936640797673907,0.7937446942389261,nan,629.3931815813775,0.5713851451873779,nan,0.00020842158866435438,42483.0,0.0,5564.0,33048.0,0.825025348483768,0.9000000000000004,0.7425227948312481,0.042839128147483044,0.04447665332258688,5.517071643787182e-05,0.00020290445642165642,-0.10391759834904497,0.12526943070876126,0.4100418410041841,0.7937446971720779,0.0,239
179,train,pact,3.0,0,0.5020920332959219,0.1025463497645855,0.1281829296421846,0.06624825859917756,0.009065551176729561,0.01593582930577194,0.7753139493605083,0.7806608748610548,nan,628.4105722594959,0.6199985876461203,nan,0.06945770244947883,42721.0,0.0,5564.0,33287.0,0.8248592445541126,0.9000000000000004,0.7423733061327595,0.5276627595347839,0.32267016223461786,nan,0.06900313804426599,-0.11164335114469581,0.23430962343096234,0.27615062761506276,0.7806608752203702,0.0,239
180,eval,pact,3.0,0,0.12646474479892483,0.002930801251164347,0.0036635014275359853,0.0,0.0,0.0029106767698109273,0.1250037140754601,0.12239162796118519,nan,1540.4995893534258,0.5392400254514925,nan,0.004181093257821699,42959.0,0.0,5564.0,33526.0,0.8269093435678522,0.9000000000000004,0.7442183908558291,0.23768208017129835,0.07525108513801115,0.0020826689993217896,0.004042446357161528,-0.02780775136238149,0.0012679092177000128,0.9790794979079498,0.1223916282538773,0.0,239
181,eval,pact,3.0,0,0.02819465429997744,0.0009241093248267713,0.0011551366116775215,0.0,0.0,0.003377597429058963,0.1383431833938824,0.1387395114797678,nan,14476.044596013664,0.27173368302349266,nan,0.0016654543650471002,43197.0,0.0,5600.175732217574,33765.0,0.8274528606167398,0.9000000000000004,0.7447075574467871,0.9230840803883126,-0.03540175856469774,0.0008000374031585775,0.0015432700703176768,-0.02604807483112827,0.0,1.0,0.13873951162230955,0.0,239
182,eval,pact,3.0,0,0.4967134153445068,0.018618358793341883,0.023272947629136745,0.0,0.0,0.0021047616525062176,0.10527642409484755,0.0863103162590804,nan,90542.85427562761,0.053042677500982724,nan,0.011545621606114099,43435.0,0.0,5763.158995815899,34004.0,0.8224690694938643,0.9000000000000004,0.7402221459474524,0.4739839003481949,0.39086499026633903,0.001262211163910771,0.011762794742612052,-0.02150656294020418,0.0,1.0,0.08631031598610144,0.0,239
183,eval,pact,3.0,0,0.0014944071429085072,9.350845573931396e-05,0.00011688556568891932,0.0,0.0,0.003368813921034991,0.13248405935998742,0.13294945392274457,nan,231543.60205282428,0.08094125986099243,nan,0.001407205941371457,43673.0,0.0,5966.820083682009,34243.0,0.82508704540121,0.9000000000000004,0.742578322418564,3.8276483528974174,-8.54271397286122,0.0004957310832474313,0.0008147732110788547,-0.03699003924674498,0.07328515278306075,0.5313807531380753,0.13294945439333944,0.0,239
184,eval,pact,3.0,0,0.5018883339752502,0.023069736383465423,0.028837169332843308,0.0,0.0,0.002646652086361245,0.1246036784294759,0.10577857662693727,nan,90759.85610617154,0.12302584767976783,nan,0.01634206580948942,43911.0,0.0,6135.895397489539,34482.0,0.824624866496569,0.9000000000000004,0.7421623651702035,0.4925525641658723,0.30234664488626106,0.005876372464829021,0.016090002502256295,-0.03129544894397372,0.0,1.0,0.10577857643917364,0.0,239
185,eval,pact,3.0,0,0.19514417073502602,0.00511809843086758,0.006397622783011707,0.0006973500905176586,0.0,0.0026352061837946676,0.10119497102673583,0.1054167109911786,nan,57009.375678281904,0.3483440267958651,nan,0.007420762217624082,44149.0,0.0,6255.238493723849,34721.0,0.8223284411879264,0.9000000000000004,0.7400955802227164,0.6971275143901794,-0.1319059908857787,0.00260473365560209,0.006803916828978658,-0.02279414189621571,0.00025358184354000256,0.99581589958159,0.10541671057885543,0.0,239
186,eval,pact,3.0,0,0.501946137909228,0.016792615722867544,0.020990768372315696,0.0,0.0,0.0021927592896945993,0.10431493768881554,0.09404044066824674,nan,84642.07861532427,0.22884445799569206,nan,0.011861565029911042,44387.0,0.0,6424.715481171548,34960.0,0.8221021105056029,0.9000000000000004,0.7398918894544306,0.5785385031723251,0.3664615553102145,0.006151792622404173,0.010824735782978176,-0.034794195333717415,0.0787371624191708,0.2384937238493724,0.09404044045541671,0.0,239
187,eval,pact,3.0,0,0.48485144005920816,0.01763226645500832,0.022040331945786553,0.0,0.0,0.002352057219673899,0.11173304731501695,0.10212897086929078,nan,318313.8265559623,0.06143779556995655,nan,0.011707491287182252,44625.0,0.0,6615.765690376569,35199.0,0.8251291843887153,0.9000000000000004,0.7426162496770277,0.47590507745529037,0.4124184454222638,0.005475274808261366,0.011854413637178308,-0.031620376814526445,0.0391783948269304,0.5606694560669456,0.10212897072957501,0.0,239
188,eval,pact,3.0,0,0.44414846890925763,0.013921331531370113,0.01740166338118744,0.0006973500905176586,0.0,0.0024783071179223484,0.10763641074299812,0.09542061429798104,nan,106487.46160760983,0.06284185505345967,nan,0.010910267710284366,44863.0,0.0,6764.083682008368,35438.0,0.8219909800146414,0.9000000000000004,0.7397918645058715,0.546848949768198,0.28692421002934476,0.0032119633020976416,0.010702384832591815,-0.02398131494236039,0.015468492455940156,0.7405857740585774,0.09542061435566951,0.0,239
189,eval,pact,3.0,0,0.25732146626996916,0.003891668056883143,0.004864584869309316,0.0,0.0,0.002434940535962878,0.10398829644195205,0.10203478018515529,nan,101942.58312630754,-0.012622111947368246,nan,0.0035051489898532623,45101.0,0.0,6872.937238493724,35677.0,0.8228387045810412,0.9000000000000004,0.740554817052067,0.4610224884421348,0.3129337593575433,0.00115137523687859,0.0032899850994303715,-0.02551847690707856,0.0,1.0,0.10203478094320324,0.0,239
190,train,pact,3.0,0,0.502088449363476,0.11366117641115261,0.14207646270852406,0.07810321001328185,0.011854951538800196,0.016699990354065303,0.8087540024494028,0.8203866796638177,nan,2119.596533611729,0.6373080205343757,nan,0.06987765838224519,45339.0,0.0,6942.0,35916.0,0.8174913166457141,0.9000000000000004,0.7357421655784591,0.590099281245765,0.3886338864668869,0.018993905745446682,0.0691985501011514,-0.11086769861791493,0.16951946240649168,0.40585774058577406,0.8203866814641658,0.0,239
191,train,pact,3.0,0,2.149352706407653e-05,5.26295568371215e-06,6.578694665526862e-06,0.0,0.0,0.01631885487013925,0.8128394560584463,0.8129603006101552,nan,678.7469875702798,0.784544050693512,nan,0.012526084232589992,45577.0,0.0,6942.0,36155.0,0.8254427403585681,0.9000000000000004,0.7428984469948453,1.2531901768316398,-0.3920255970984796,0.011374215953122636,0.0111906220870376,-0.1169110117834519,0.24483326993787244,0.28451882845188287,0.8129603010572651,0.0,239
192,train,pact,3.0,0,0.0,0.0,0.0,0.0,0.0,0.016001042488097333,0.8025976382663559,0.8026170395782303,nan,695.0998131660238,0.784544050693512,nan,0.00011110095699040506,45815.0,0.0,6942.0,36394.0,0.825192979439532,0.9000000000000004,0.74267366042197,nan,nan,9.925687833502597e-05,9.925701980259816e-05,-0.11022497969476186,0.1800431089134018,0.3598326359832636,0.8026170388329104,0.0,239
193,train,pact,3.0,0,0.025146192200367425,0.006306310743932205,0.007882888034968134,0.0,0.0,0.015724699725065707,0.7888519418538864,0.7884647434725423,nan,628.969170606286,0.5466652624153193,nan,0.007871575774473945,46053.0,0.0,6942.0,36633.0,0.8251497782922689,0.9000000000000004,0.7426347774940555,0.33388819320984137,0.1340417378442048,0.0026944814575310364,0.0076066996911756165,-0.11222075201542152,0.22771649549892226,0.3054393305439331,0.7884647417954211,0.0,239
194,train,pact,3.0,0,0.025146201497458203,0.00562670977078254,0.00703338668403429,0.0,0.0,0.016107575902150298,0.8137206689583207,0.8143204933803949,nan,615.1034044082195,0.5636252836951651,nan,0.005014537660175368,46291.0,0.0,6942.0,36872.0,0.8248946659235775,0.9000000000000004,0.742405179903597,0.11520840963566148,0.11867004060754305,6.2051941226355e-05,0.005077943905017,-0.10973753597514337,0.1577279066818816,0.401673640167364,0.8143204908798691,0.0,239
195,train,pact,3.0,0,0.03674998030288848,0.00845302017033155,0.010566274788258423,0.0,0.0,0.016413848825718693,0.7949022698103134,0.7962557592401943,nan,572.8379369759659,0.5374777661207829,nan,0.010611033115329446,46529.0,0.0,6942.0,37111.0,0.8249731931726304,0.9000000000000004,0.7424758585427097,0.4912839772623292,0.15968211831105472,0.00407088680620528,0.010169356505429883,-0.11652134776441919,0.27247369088373274,0.2175732217573222,0.7962557552593339,0.0,239
196,train,pact,3.0,0,0.2988020511427855,0.05641017426624865,0.07051271453766965,0.034867504463534975,0.004184100543105951,0.015426507510466961,0.7571350093541285,0.7509880929437143,nan,605.8892674146836,0.5217578202392517,nan,0.03912738786082354,46767.0,0.0,6942.0,37350.0,0.8248630944156248,0.9000000000000004,0.7423767696863438,0.2825996971293284,0.3077396144182939,0.00015198293227445834,0.04016777298294153,-0.09702826386760628,0.10865981995689108,0.4476987447698745,0.7509880914929418,0.0,239
197,train,pact,3.0,0,0.00027498420791614755,6.281093273664509e-05,7.85136667732198e-05,0.0,0.0006973500905176586,0.016366581931304983,0.8171520840423376,0.8197323068914054,nan,462.5425483990913,0.7330896258354187,nan,0.01809488118248193,47005.0,0.0,6942.0,37589.0,0.8245848334982804,0.9000000000000004,0.7421263349106122,0.4644925513849996,0.09582672595656627,0.01680044783330136,0.016138090395878137,-0.1101049260215045,0.14796500570559146,0.42677824267782427,0.8197323068829331,0.0,239
198,train,pact,3.0,0,0.4948741555965635,0.10881798657800608,0.13602247534606657,0.07252440922679262,0.008368201086211903,0.016666424660417387,0.8070916506037054,0.8198371475959921,nan,592.7780632753253,0.4789661055111237,nan,0.07431668295645813,47243.0,0.0,6942.0,37828.0,0.8252193426487336,0.9000000000000004,0.7426973925474797,0.5513719969437484,0.3669354942032943,0.037420080704314095,0.07395914051229734,-0.11480612591307546,0.198808165335362,0.3891213389121339,0.8198371508772238,0.0,239
199,train,pact,3.0,0,0.28232660558694295,0.06013324709292114,0.07516655429421289,0.04393305557791658,0.00976290126724722,0.016840859281705794,0.8065860377445381,0.8150732989216449,nan,752.4517298742318,0.5162521159767356,nan,0.04560713160507358,47481.0,0.0,6942.0,38067.0,0.8255311205796118,0.9000000000000004,0.7429779927600877,0.3077347646262661,0.3370734755931841,0.010953868538698381,0.04607395023944355,-0.1150199159624866,0.22733612273361226,0.30962343096234307,0.8150732997533074,0.0,239
200,train,pact,3.0,0,0.29880202014860646,0.06666121116908638,0.08332651007889634,0.052301256601780526,0.00488145063362361,0.01721097943938053,0.818215634408855,0.8225251153173806,nan,654.8398179569004,0.6733770243293571,nan,0.051091079368298896,47719.0,0.0,6942.0,38306.0,0.8253182803736571,0.9000000000000004,0.7427864351531951,0.7369061894214777,0.3867342731212994,0.020182149047118233,0.0488555707976565,-0.11692489515393364,0.24407252440725244,0.24267782426778242,0.8225251140245863,0.0,239
201,train,pact,3.0,0,0.10614912902745642,0.024480520549354973,0.030600649316713094,0.006276150814658927,0.0027894003620706344,0.016308966583755476,0.7978398605370621,0.7960454632048827,nan,649.3903972035173,0.47361925287974926,nan,0.02645890401392809,47957.0,0.0,6942.0,38545.0,0.8251842669363301,0.9000000000000004,0.742665822535878,0.46509211407893286,0.15827867227327075,0.007953529075235959,0.025305986947528083,-0.1072074424635642,0.15405096995055154,0.45188284518828453,0.796045463287909,0.0,239
202,train,pact,3.0,0,0.09350415801189335,0.025751577858306163,0.03218947059152064,0.008368201086211903,0.00488145063362361,0.016646686628184214,0.8229402445849016,0.8270996870106733,nan,777.8578297124249,0.6681176543325404,nan,0.028129546364957358,48195.0,0.0,6942.0,38784.0,0.8255999963652638,0.9000000000000004,0.7430399795955195,0.4841407266805712,0.15298896916599714,0.008378988213769178,0.02704147873439039,-0.10940741771911253,0.1502472422974515,0.3598326359832636,0.827099685397737,0.0,239
203,train,pact,3.0,0,0.44651358694995696,0.09239507496299304,0.11549383626719129,0.058577407541135364,0.011854951538800196,0.01656963576701037,0.782371635092851,0.7915672018936987,nan,716.036820543361,0.7265849395900591,nan,0.07253148237235502,48433.0,0.0,6942.0,39023.0,0.8250479336563015,0.9000000000000004,0.7425431240053855,0.516825344689409,0.2958228157719397,0.02492574659845559,0.07071195345831778,-0.108415377956129,0.17839482693039177,0.3514644351464435,0.7915671990921946,0.0,239
204,train,pact,3.0,0,0.004340025042008344,0.0009557043183224751,0.0011946303395432164,0.0,0.0,0.016613038249945103,0.8244912853799604,0.8245868782618055,nan,736.0157940597215,0.7799630528384095,nan,0.0035910671944384756,48671.0,0.0,6942.0,39262.0,0.8251821328905337,0.9000000000000004,0.742663902967046,0.09877447782496752,0.09875662320845591,0.0027366939552272195,0.003310059504115868,-0.10822291581849948,0.1319893495625713,0.4602510460251046,0.824586882130361,0.0,239
205,train,pact,3.0,0,2.149352706407653e-05,7.54570964810041e-06,9.43213632568e-06,0.0,0.0,0.016435202515087864,0.8160170355351899,0.8160070881683956,nan,710.824011383695,0.058634430170059204,nan,0.0006416376218188527,48909.0,0.0,6942.0,39501.0,0.8254830281105999,0.9000000000000004,0.7429347058220388,0.06406943578274435,0.06779864401344271,0.0005771630282187617,0.0005745783974820537,-0.11138704707639709,0.1802966907569418,0.38493723849372385,0.816007087580036,0.0,239
206,train,pact,3.0,0,0.005953148992843712,0.0016833682800771008,0.0021042102689306334,0.0,0.0,0.01703670434361503,0.8245124815647572,0.8243141159976377,nan,684.7354475843358,0.5282223320967483,nan,0.0024019229913392337,49147.0,0.0,6942.0,39740.0,0.8252234496332113,0.9000000000000004,0.7427010910281576,0.23395912808764452,0.08772854906448646,0.0008809781659043178,0.002312819537764576,-0.1094025984939313,0.13807531380753138,0.4602510460251046,0.8243141219300734,0.0,239
207,train,pact,3.0,0,0.2698529906927464,0.054553059979564646,0.06819132070927957,0.04114365534054185,0.005578800724141269,0.016438255718301313,0.7950373800728611,0.800946124427987,nan,518.8097809987088,0.5327641479904807,nan,0.037317974507295806,49385.0,0.0,6942.0,39979.0,0.8249372001971161,0.9000000000000004,0.7424434690295901,0.28465189631877874,0.3161547245570224,2.248994210869727e-05,0.03859784124125102,-0.10387141569495678,0.12818562190947128,0.4476987447698745,0.8009461237628871,0.0,239
208,train,pact,3.0,0,0.137177762364597,0.02945905157529786,0.03682381270866024,0.011157601448282537,0.0013947001810353172,0.016361344793702333,0.7903222518361264,0.799189185559999,nan,561.2945857985748,0.6865198006191015,nan,0.03134691276077072,49623.0,0.0,6942.0,40218.0,0.8249707132203808,0.9000000000000004,0.7424736239920101,0.8661205113883754,0.25080117771193067,0.013380855392087315,0.028978046100312908,-0.10363954983252187,0.12729808545708127,0.3682008368200837,0.7991891893889359,0.0,239
209,train,pact,3.0,0,0.07057713395643153,0.016223305726678246,0.02027913105156125,0.0027894003620706344,0.0013947001810353172,0.01595965041106793,0.7996099174147371,0.7994330155051403,nan,662.8540248471822,0.6299472680650495,nan,0.013575615681193427,49861.0,0.0,6942.0,40457.0,0.8251642677075693,0.9000000000000004,0.7426478264222085,0.17322320677660735,0.19251735857614727,0.0006005758656187641,0.01377013537067686,-0.10715905583160197,0.15734753391657158,0.401673640167364,0.7994330187553687,0.0,239
210,eval,pact,3.0,0,0.33479187858415665,0.006146599590537788,0.007683249211885629,0.0,0.0,0.001966909007860979,0.09458646385552494,0.09261972254539634,nan,1313.055761616599,0.599645317348975,nan,0.006832038658811364,50099.0,0.0,6942.0,40696.0,0.82731694257409,0.9000000000000004,0.7445852290137542,0.47134991913035035,0.2883503070028751,0.005305787356749102,0.0066915785540168065,-0.0212692065324843,0.0,1.0,0.09261972281740898,0.0,239
211,eval,pact,3.0,0,0.06283616020874398,0.0020860434620129024,0.002607554195720737,0.0,0.0,0.0024318353530646897,0.10818120447536891,0.10964945748947155,nan,12535.158659739474,0.4638193389361872,nan,0.0031890890293569053,50337.0,0.0,6985.07949790795,40935.0,0.8253569144085361,0.9000000000000004,0.7428212061087955,0.766546504128311,0.09054497583402554,0.0015925290532999667,0.0029515895132066986,-0.02712661726462986,0.0,1.0,0.10964945724446336,0.0,239
212,eval,pact,3.0,0,0.009418925725383427,0.0005499429652593953,0.0006874286751462552,0.0,0.0,0.0028377707207879388,0.12438918076549114,0.12364030551461495,nan,66383.437271182,0.4315838524798968,nan,0.001125972069587771,50575.0,0.0,7104.887029288703,41174.0,0.8276857837224106,0.9000000000000004,0.7449171874812457,0.1156938306827719,-0.050520113372287456,0.00045282885799767937,0.0009631694680579454,-0.026139514238387947,0.0,1.0,0.12364030516235575,0.0,239
213,eval,pact,3.0,0,0.018431992074788867,0.0010856287477836151,0.0013570358227884163,0.0,0.0,0.0025847376215614565,0.1156152251593488,0.1158426541320699,nan,178293.86558577407,-0.05858693692334402,nan,0.001980302629482866,50813.0,0.0,7244.9748953974895,41413.0,0.82586728117456,0.9000000000000004,0.7432805382058212,0.43911340595546017,-0.1999118665125792,0.0007358873667633779,0.0019286168330284732,-0.026542099532160458,0.0,1.0,0.11584265406100962,0.0,239
214,eval,pact,3.0,0,0.12646474479892483,0.0023147941630790128,0.0028934925865876904,0.0,0.0,0.002117384310127879,0.09879692564387202,0.09686118997165848,nan,156122.45820802826,-0.12624099987820103,nan,0.00210934637584329,51051.0,0.0,7373.28870292887,41652.0,0.8218257502033122,0.9000000000000004,0.7396431560296892,0.4882588313799646,0.2738706486708282,0.00020941000068749129,0.0017817256465829689,-0.0271210486978847,0.002789400278940028,0.9665271966527197,0.09686118950394042,0.0,239
215,eval,pact,3.0,0,0.1870741706890581,0.00569586521764638,0.007119831115692459,0.0,0.0,0.002165163576624368,0.09758066866063672,0.09642411935217211,nan,112642.92269220711,0.33660259481254484,nan,0.00610643028448215,51289.0,0.0,7460.564853556485,41891.0,0.8223429602808533,0.9000000000000004,0.7401086502244781,0.5213948433248685,0.09415570391623229,0.0014863771095406265,0.0058304691680772305,-0.02316898110909214,0.00025358184354000256,0.99581589958159,0.09642411928909325,0.0,239
216,eval,pact,3.0,0,0.350115003503633,0.015240230609588366,0.019050286993027247,0.0,0.0,0.0022817742552951165,0.11260684362951681,0.09575029097840378,nan,99308.18357740586,0.3825280206223412,nan,0.009559386244724908,51527.0,0.0,7583.694560669456,42130.0,0.8224252724248495,0.9000000000000004,0.7401827293210449,0.355776392857005,0.38429005055687426,0.0003497598178862398,0.01010672717624189,-0.025403758462357956,0.005705591479650057,0.8242677824267782,0.09575029089383151,0.0,239
217,eval,pact,3.0,0,0.4769458410955545,0.014808875445938823,0.01851109322890742,0.0,0.0,0.0021259161274954207,0.1043575279040566,0.08874421384357009,nan,228382.98568253138,0.1681289666382962,nan,0.010367970967472426,51765.0,0.0,7754.251046025104,42369.0,0.8244328498840332,0.9000000000000004,0.7419895411285895,0.47133006952804135,0.3541076414761508,0.0024758810504863504,0.010247040497115716,-0.020463816233462117,0.0041841004184100415,0.9246861924686193,0.08874421372586783,0.0,239
218,eval,pact,3.0,0,0.001747928173575944,0.00011309576300952499,0.0001413697026535785,0.0,0.0,0.0026960463782335986,0.1199545681351897,0.12048287094262854,nan,403241.28579367156,0.01770063303411007,nan,0.0014185973869419411,52003.0,0.0,7954.0753138075315,42608.0,0.8259838606273778,0.9000000000000004,0.7433854579676146,2.487498604312232,-5.358715834710056,0.0006788120242576538,0.000935807240292504,-0.02378882935116111,0.0,1.0,0.12048287115608698,0.0,239
219,eval,pact,3.0,0,0.0010625911311165598,7.90707867297699e-05,9.88384795487626e-05,0.0,0.0,0.002460243864760395,0.11089412637335486,0.11081492405182149,nan,79527.64485813284,0.01770063303411007,nan,0.0008738670154975408,52241.0,0.0,8117.133891213389,42847.0,0.8253939843826215,0.9000000000000004,0.7428545683747056,3.530846212985323,-5.466589097372902,0.000346578681021104,0.0006197163067447805,-0.033673628102684566,0.04906808672499049,0.5564853556485355,0.11081492348512348,0.0,239
220,train,pact,3.0,0,0.38597856810663256,0.08613913247541426,0.10767390951191545,0.08158996040352219,0.007670850995694244,0.017271019695677393,0.835000794677056,0.8414246305262194,nan,2348.8877448556814,0.3824192117120307,nan,0.05094932725355895,52479.0,0.0,8219.0,43086.0,0.8160096392596616,0.9000000000000004,0.7344086581693035,0.3839655197486368,0.41286113977554806,0.0004922314520840968,0.05271697983329751,-0.1116771379540782,0.16140484341321162,0.4393305439330544,0.8414246293683731,0.0,239
221,train,pact,3.0,0,0.017240593236713734,0.004344964349945855,0.005431205221710831,0.0,0.0006973500905176586,0.016432728801530523,0.8093263530581566,0.8100298058288367,nan,683.2316225442926,0.7716591161165277,nan,0.025490661208818873,52717.0,0.0,8219.0,43325.0,0.8254525673938097,0.9000000000000004,0.7429072939202377,3.0609085346894616,-2.100102087333265,0.013031854078842582,0.022623437793611718,-0.10849016254249472,0.15075440598453152,0.4309623430962343,0.8100298009468021,0.0,239
222,train,pact,3.0,0,0.5020705397838968,0.09178505245849215,0.11473131011617743,0.04741980603050487,0.012552301629317855,0.014140070916278186,0.6851606515536248,0.6882705854322122,nan,698.8346235841886,0.6528890204857489,nan,0.06508388930627741,52955.0,0.0,8219.0,43564.0,0.824520828584248,0.9000000000000004,0.7420687281437,0.48683129960901106,0.29121542634345077,0.0014998503975220956,0.06439806767785629,-0.09758338339507779,0.18156459997464183,0.26778242677824265,0.6882705837544276,0.0,239
223,train,pact,3.0,0,0.47694583179846367,0.10071057580549586,0.12588821152042112,0.06764295853082106,0.015341701991388488,0.015502118928821671,0.7448788663707517,0.7498862250828843,nan,833.3008959143731,0.5401588418992493,nan,0.06659697047843906,53193.0,0.0,8219.0,43803.0,0.8249736822299878,0.9000000000000004,0.7424762974723114,0.6127273507689871,0.39887480444106727,0.026961120534300182,0.06598073798212296,-0.10403798144579521,0.1799163179916318,0.32217573221757323,0.7498862245301137,0.0,239
224,train,pact,3.0,0,0.013958478934449634,0.0032422148198070527,0.004052768313695158,0.0,0.0,0.016249698229235398,0.8176782566383792,0.8170524850550057,nan,718.6056122719992,0.6275576535129148,nan,0.0057774250808164136,53431.0,0.0,8219.0,44042.0,0.8253492139373364,0.9000000000000004,0.742814274761966,0.8178322643311253,0.11789539501327773,0.003116583804712718,0.005394307363477694,-0.11727837630768875,0.2416634968936224,0.301255230125523,0.8170524830967908,0.0,239
225,train,pact,3.0,0,0.21562707504729067,0.04842560174194857,0.06053199859138563,0.02928870380174166,0.00488145063362361,0.016906719795081408,0.8179767593180285,0.8193105787786978,nan,670.8142153688055,0.5901456829394257,nan,0.03305604571381626,53669.0,0.0,8219.0,44281.0,0.8253537411470293,0.9000000000000004,0.7428183535651682,0.28997998987307216,0.3183818813078637,8.056927287825033e-05,0.034106243698630224,-0.1129890047571488,0.18016989983517182,0.38493723849372385,0.8193105802886733,0.0,239
226,train,pact,3.0,0,0.0020282095075691135,0.0004794869376660644,0.0005993586265926237,0.0,0.0,0.016097227562507265,0.7953623620536038,0.7954534839636113,nan,686.0631966690638,0.7022468447685242,nan,0.019300179221805196,53907.0,0.0,8219.0,44520.0,0.8253757676818879,0.9000000000000004,0.7428381744787783,10.177506261798893,-10.072936321448298,0.01364402996157413,0.01723222558041518,-0.11256732248405345,0.21402307594776213,0.3472803347280335,0.795453482454775,0.0,239
227,train,pact,3.0,0,0.01843199975083282,0.004253498228958447,0.005316872321923846,0.0,0.0,0.01635610609252988,0.8042854519568726,0.8030048600051194,nan,606.6212801753726,0.6966764818424959,nan,0.003933389441301576,54145.0,0.0,8219.0,44759.0,0.8251755895973748,0.9000000000000004,0.7426580135792369,0.10526948230542345,0.11473065891797396,0.00018291115320700593,0.00396741653589153,-0.11061270806864779,0.1830860910358818,0.37656903765690375,0.8030048606469251,0.0,239
228,train,pact,3.0,0,0.002028211354079294,0.0005193443694110535,0.0006491804115323104,0.0,0.0,0.015670524549156146,0.8019255511306819,0.8013819133138058,nan,619.6640575201442,0.48765912652015686,nan,0.002795344627252634,54383.0,0.0,8219.0,44998.0,0.8250324795934446,0.9000000000000004,0.7425292179175501,0.08634551301534299,0.09404206624639289,0.0022664194046760236,0.002552392115473317,-0.10916664795166227,0.16673006212755168,0.38493723849372385,0.801381912041585,0.0,239
229,train,pact,3.0,0,0.215627043554328,0.04921494834764961,0.06151868130514783,0.03695955473508795,0.006276150814658927,0.016167596464774038,0.7634433366389454,0.7682535193205877,nan,701.9529069078517,0.5730934374221449,nan,0.04677477210543847,54621.0,0.0,8219.0,45237.0,0.8252500096125582,0.9000000000000004,0.7427249942364553,0.49693692531556877,0.22097125458397027,0.014064065872844367,0.045208142185291456,-0.10305832729651655,0.14251299606948142,0.41422594142259417,0.7682535176202772,0.0,239
230,train,pact,3.0,0,1.0033076722564557e-05,3.7158212484938004e-06,4.644775803339235e-06,0.0,0.0,0.016483006788959344,0.8265055580119208,0.8265137755970576,nan,588.1674820010134,0.568548858165741,nan,0.0007649893467349399,54859.0,0.0,8219.0,45476.0,0.8251182444424808,0.9000000000000004,0.7426064044361833,0.1315843013182005,0.13063054785285644,0.000688706442409026,0.0006833187467598226,-0.1104069762956831,0.16394066184861164,0.3807531380753138,0.8265137758013894,0.0,239
231,train,pact,3.0,0,0.005378621699537879,0.001139599414573735,0.0014244992349045468,0.0,0.0,0.01658617476659932,0.8177578098853762,0.8173297593783135,nan,614.1371774074921,0.5672652040565364,nan,0.001081781377647188,55097.0,0.0,8219.0,45715.0,0.8250611085273232,0.9000000000000004,0.7425549778479412,0.05455388336171131,0.05696794836573349,7.1860015462617965e-06,0.0010879301135096936,-0.10953381023943737,0.15633320654241153,0.39748953974895396,0.8173297616187838,0.0,239
232,train,pact,3.0,0,0.1751345835546242,0.0427991336292511,0.05349891381178107,0.029986053767563407,0.00488145063362361,0.0164210582595264,0.8128267055276048,0.8182169447758207,nan,546.5671792768534,0.5160106530561108,nan,0.03041809754667837,55335.0,0.0,8219.0,45954.0,0.8249052296622528,0.9000000000000004,0.7424146989399419,0.27273496688798615,0.30130933108353364,0.0007967078526617379,0.03128367197337813,-0.11007263215389845,0.16596931659693168,0.39748953974895396,0.8182169402232454,0.0,239
233,train,pact,3.0,0,0.3893441522848197,0.08070441589029638,0.1008805137163074,0.06624825834978575,0.008368201086211903,0.01695085599751574,0.7900318858763165,0.7990814365727134,nan,673.2514089161382,0.7444779533721413,nan,0.0581818773122855,55573.0,0.0,8219.0,46193.0,0.8252496262973322,0.9000000000000004,0.7427246448385166,0.6739573211638539,0.38547725185670356,0.02183478302322328,0.05598961697037967,-0.10972970332100002,0.18397362748827184,0.3263598326359833,0.7990814366104714,0.0,239
234,train,pact,3.0,0,0.12646471729623124,0.030471881190705173,0.038089848520882916,0.013249651719835514,0.0020920502715529757,0.016295683486913196,0.8039751798537984,0.8100525787310621,nan,619.9229966167626,0.6203955836344713,nan,0.03148163276603718,55811.0,0.0,8219.0,46432.0,0.825208149195715,0.9000000000000004,0.7426873193625126,0.46176894955469483,0.18166596051220474,0.009255551231180053,0.03035613176620869,-0.1105255951381444,0.17915557246101182,0.3682008368200837,0.8100525768460679,0.0,239
235,train,pact,3.0,0,0.3028837280172224,0.0675376226117577,0.08442202293694946,0.04951185623970989,0.013249651719835514,0.016252688157555324,0.7846294624037323,0.7885926309115717,nan,740.0171927607707,0.6524638979068361,nan,0.058868721726634946,56049.0,0.0,8219.0,46671.0,0.825217195135779,0.9000000000000004,0.7426954532766941,0.49948237033189924,0.26374002629183135,0.018231950021375006,0.056723579823791545,-0.10552008330908375,0.1574743248383416,0.34309623430962344,0.7885926332357086,0.0,239
236,train,pact,3.0,0,0.48708752257839305,0.10948698826021078,0.1368587261549692,0.08368201067507516,0.011854951538800196,0.016976939322364566,0.8134987224594818,0.8255844068203012,nan,752.2764223489801,0.6260432014904261,nan,0.07779686404664896,56287.0,0.0,8219.0,46910.0,0.8254669316144169,0.9000000000000004,0.7429202193994402,0.5315507545511174,0.3459039964347663,0.032975304825231436,0.07685723231723493,-0.11227178769822489,0.18701660961075187,0.36401673640167365,0.825584406928176,0.0,239
237,train,pact,3.0,0,0.5020268857079679,0.10977518245384862,0.13721897168637587,0.07043235901758761,0.00488145063362361,0.01595271043440475,0.7811764524197479,0.7745225372174793,nan,677.3542145924588,0.6087404791281313,nan,0.07108221834459222,56525.0,0.0,8219.0,47149.0,0.8252455487410892,0.9000000000000004,0.7427209785293835,0.5587983323245419,0.35970478090734714,0.028249749758591253,0.0710466225177564,-0.10845462736988382,0.18346646380119186,0.41422594142259417,0.7745225376166779,0.0,239
238,train,pact,3.0,0,0.4554288604148302,0.08801181907696157,0.11001476782627555,0.06066945768799243,0.010460251357764879,0.0144758762365059,0.681676064013936,0.6943061527597355,nan,695.8501466886768,0.6923469172860788,nan,0.05930622086653712,56763.0,0.0,8219.0,47388.0,0.8246207818326591,0.9000000000000004,0.7421586942473216,0.6489841056011989,0.3929651006166386,0.020902863629938415,0.058292509805777395,-0.09844988152703717,0.18219855458349182,0.26778242677824265,0.6943061514695404,0.0,239
239,train,pact,3.0,0,0.215627043554328,0.04644982157675776,0.05806227346760025,0.03905160506898888,0.006973500905176585,0.015970497657096783,0.76304275576789,0.7744363838783368,nan,683.2734523118789,0.6872190172203415,nan,0.043807376655418756,57001.0,0.0,8219.0,47627.0,0.8250069074550932,0.9000000000000004,0.7425062000502104,0.5467406442303444,0.22867229587701776,0.013310414929947001,0.04213053820982077,-0.10611606336013821,0.1791555724610118,0.36401673640167365,0.774436387274203,0.0,239
240,eval,pact,3.0,0,2.149352706407653e-05,1.6748734645920057e-06,2.093591624296126e-06,0.0,0.0,0.0035442718573569254,0.1593464504475374,0.15955503908410731,nan,1697.3502554793738,0.6742472648620605,nan,0.00015734753324030096,57239.0,0.0,8219.0,47866.0,0.8287100056225286,0.9000000000000004,0.7458389842859372,0.08232112135571715,0.014678984574651999,0.00014172534936036794,0.00014100618771514887,-0.03457529823590548,0.03169773044250032,0.694560669456067,0.15955503827826825,0.0,239
241,eval,pact,3.0,0,0.4671610229562556,0.024125430751571104,0.030156787062473444,0.0,0.0,0.002837371556273424,0.12258177574833068,0.10187367999840481,nan,13420.473775823744,0.4787107834506733,nan,0.01529191492980728,57477.0,0.0,8240.979079497907,48105.0,0.8216920988829066,0.9000000000000004,0.7395228712379184,0.5338123694159096,0.3888468079879567,0.0021529255480143344,0.015288112330480351,-0.026495783644168856,0.027386839102320277,0.6778242677824268,0.10187368015206724,0.0,239
242,eval,pact,3.0,0,0.45108052358230005,0.00970580929505669,0.012132260918257835,0.0,0.0,0.002217819183094575,0.11685110885790202,0.11172676094219276,nan,70209.1975761637,0.25761398323909007,nan,0.007171655930863659,57715.0,0.0,8355.008368200837,48344.0,0.8238754272460938,0.9000000000000004,0.7414878656674628,0.4139328546352285,0.3222294837303177,0.001513316119775071,0.0071679636416299205,-0.028202239416033677,0.007480664384430073,0.8577405857740585,0.11172676078889515,0.0,239
243,eval,pact,3.0,0,0.07326335892778778,0.002167894173280386,0.002709867535296139,0.0,0.0,0.0028530205083644664,0.13634490497628515,0.13527195115094404,nan,76090.77184394613,0.2975972788077175,nan,0.004390436495706891,57953.0,0.0,8461.556485355648,48583.0,0.8232947887237102,0.9000000000000004,0.740965295286857,0.61328421510218,-0.04877154499296976,0.0024969105311139998,0.00398428566246313,-0.027646729946055992,0.004818055027260047,0.9497907949790795,0.1352719517546428,0.0,239
244,eval,pact,3.0,0,0.0,0.0,0.0,0.0,0.0,0.00395364312271911,0.17742165502269897,0.17760364826628353,nan,144902.38500261508,0.06014856696128845,nan,0.0005933144144273303,58191.0,0.0,8566.410041841003,48822.0,0.8263630111347182,0.9000000000000004,0.7437266909427722,nan,nan,0.0004526375252764456,0.000452637422492128,-0.03119367935932058,0.0,1.0,0.17760364796281877,0.0,239
245,eval,pact,3.0,0,0.4392558533156307,0.022815518995298874,0.028519397529665615,0.0,0.0,0.003086562482513503,0.13554434079256017,0.11464447794661363,nan,119705.31214042887,0.043403049352698904,nan,0.015662926356853707,58429.0,0.0,8693.376569037657,49061.0,0.8210637901742089,0.9000000000000004,0.7389574003518875,0.5388365715986501,0.353931689575004,0.002934441380480777,0.01563760532342895,-0.03097354492017113,0.0677063522251807,0.3891213389121339,0.11464447758778197,0.0,239
246,eval,pact,3.0,0,0.49865054549941856,0.010787162000985165,0.013483951741211636,0.0,0.0,0.0021356600680131326,0.10955464888254968,0.09987830423660359,nan,83196.60944037657,0.38994137726131844,nan,0.009610286098417815,58667.0,0.0,8793.39748953975,49300.0,0.822219523924664,0.9000000000000004,0.7399975601973394,0.5699401353890678,0.14133032800313738,0.0030923132047367594,0.008905714129343255,-0.020195556101163345,0.0,1.0,0.09987830412859014,0.0,239
247,eval,pact,3.0,0,0.07057711293792525,0.004134111189315761,0.0051676386748459435,0.0,0.0,0.0038519742446620343,0.16573104368343514,0.16499442632103564,nan,251643.10924424685,0.24096153014062838,nan,0.005118414576488808,58905.0,0.0,8945.698744769874,49539.0,0.8273003481671402,0.9000000000000004,0.7445702984243258,0.4717190730220443,0.1417978685331297,0.0019894508330134905,0.004861935065712421,-0.03411368820461896,0.00012679092177000128,0.99581589958159,0.16499442640476375,0.0,239
248,eval,pact,3.0,0,0.5000638237883528,0.011304211675717749,0.01413026381101095,0.0,0.0,0.0019062889849954133,0.10272226292468514,0.09737795359108238,nan,366002.76634414226,-0.1635550156549383,nan,0.007774251112792345,59143.0,0.0,9118.92468619247,49778.0,0.824991830347971,0.9000000000000004,0.7424926287708921,0.493953167112944,0.3451420753039629,0.002191020808822941,0.007772192028355999,-0.02032045563345944,0.0,1.0,0.097377953802144,0.0,239
249,eval,pact,3.0,0,0.5010294404741651,0.02708684170008352,0.03385855066546173,0.0,0.0,0.002729758412760359,0.12141564636487343,0.09485933376343679,nan,111535.84388075313,0.013271368106741411,nan,0.018141757968665104,59381.0,0.0,9282.610878661088,50017.0,0.8224288309967168,0.9000000000000004,0.7401859327589617,0.4854068351113122,0.3406458827239517,0.003671708778711036,0.018124608905541722,-0.028109223372880215,0.09154304551794092,0.4393305439330544,0.09485933365680882,0.0,239
250,train,pact,3.0,0,0.0034414851706437025,0.0007014622057327284,0.0008768277516404447,0.0,0.0,0.016238935709206162,0.8025261448018222,0.8025154654076907,nan,2067.0494342628385,-0.33685994148254395,nan,0.0056108791314464996,59619.0,0.0,9390.0,50256.0,0.8175860276157387,0.9000000000000004,0.735827409697377,2.450058465766734,-3.996845597306949,0.0020785954710570583,0.003375570186770377,-0.11405545761403263,0.22556104982883224,0.3054393305439331,0.8025154651022958,0.0,239
251,train,pact,3.0,0,0.0023364956484850357,0.0005984405377900075,0.0007480506299079515,0.0,0.0,0.01663544696217956,0.8238490066767736,0.8238640086546104,nan,588.6995457605339,-0.33685994148254395,nan,0.0005989941035255768,59857.0,0.0,9390.0,50495.0,0.8252210320289165,0.9000000000000004,0.7426989110942664,0.05663628123883506,0.054474033003288014,3.234554967970734e-05,0.0005987944230255295,-0.11406627986946535,0.20147077469253197,0.33472803347280333,0.8238640104841163,0.0,239
252,train,pact,3.0,0,0.4204580038737225,0.0909010898190504,0.11362635596083523,0.07112970898340935,0.010460251357764879,0.016770179183748415,0.8126312116137608,0.8201923320482964,nan,628.2709897093195,0.2260240640600356,nan,0.05369422055185903,60095.0,0.0,9390.0,50734.0,0.8251509908352935,0.9000000000000004,0.7426358748180597,0.3829531299542807,0.4125263317376817,0.0008427780348692731,0.05590679140692814,-0.11452562822228332,0.20248510206669204,0.3598326359832636,0.82019232788947,0.0,239
253,train,pact,3.0,0,0.37562728849699706,0.07533387925178588,0.09416734418698668,0.05439330699802941,0.007670850995694244,0.015845210321157953,0.7298259165247115,0.7420738990336782,nan,684.1758948928641,0.7055499703315511,nan,0.05186388278224167,60333.0,0.0,9390.0,50973.0,0.8251909351747904,0.9000000000000004,0.7426718219054793,0.7541337209503055,0.42208066176963255,0.020202686252146537,0.04950274730531818,-0.09978095597458705,0.1389628502599214,0.4393305439330544,0.742073899858993,0.0,239
254,train,pact,3.0,0,0.5020920332959219,0.10372823607253259,0.12966028820092754,0.07043235895523965,0.010460251357764879,0.015834541520820814,0.764868864392137,0.7645136391642702,nan,658.8308307216756,0.6392183623936175,nan,0.07186474512861145,60571.0,0.0,9390.0,51212.0,0.824837042946197,0.9000000000000004,0.7423533181266306,0.4929711210180006,0.3071824235171646,nan,0.07142516395864253,-0.09917029938612833,0.12552301255230125,0.39748953974895396,0.7645136371840533,0.0,239
255,train,pact,3.0,0,0.2531380826036473,0.05700406916028852,0.07125508206093754,0.0418410053063636,0.005578800724141269,0.016419057394319436,0.7895958985993055,0.7940830962428488,nan,611.8111546727903,0.7042660805470774,nan,0.04515256052305844,60809.0,0.0,9390.0,51451.0,0.8250984711627082,0.9000000000000004,0.7425886050926591,0.32796576707189545,0.35746683476101127,0.015280067975468496,0.04587300567036284,-0.10650806195085714,0.15290985165462154,0.401673640167364,0.7940830981412672,0.0,239
256,train,pact,3.0,0,0.0002036993206716357,6.170388182737694e-05,7.712984720398925e-05,0.0,0.0006973500905176586,0.015391002350221837,0.7946643395403937,0.7986699750483286,nan,790.4584595748072,0.702605664730072,nan,0.020500365017256193,61047.0,0.0,9390.0,51690.0,0.8250114177061424,0.9000000000000004,0.7425102596502424,0.5816277414656962,0.11121558422977829,0.018972524981781255,0.018311043151264143,-0.10568079795791077,0.14454165081780146,0.4351464435146444,0.7986699742601875,0.0,239
257,train,pact,3.0,0,0.03862335179426082,0.009995148234075985,0.012493934765070928,0.0,0.0006973500905176586,0.01550955007244369,0.8093715508363237,0.8116413666613431,nan,672.9192816443025,0.6294592657909732,nan,0.012388011152823416,61285.0,0.0,9390.0,51929.0,0.8251049102100867,0.9000000000000004,0.7425943969682669,0.3663066614965311,0.10506093362521807,0.004018015402477029,0.011938991550633549,-0.1131882494477388,0.19373652846456194,0.3389121338912134,0.8116413636270973,0.0,239
258,train,pact,3.0,0,0.16342433874363083,0.038666893789968716,0.04833361447234585,0.02510460300924389,0.00488145063362361,0.016703715737885698,0.8072307384163765,0.811224738548989,nan,613.1954726215187,0.6802492282863816,nan,0.03884513662126067,61523.0,0.0,9390.0,52168.0,0.8251587224804706,0.9000000000000004,0.7426428328498138,0.5030057427406218,0.16156068218664243,0.00973097339263417,0.03723004977031276,-0.11647435518807833,0.24255103334601238,0.21338912133891214,0.8112247399554945,0.0,239
259,train,pact,3.0,0,0.5010294404741651,0.102649581821588,0.12831197036686878,0.05788005738826975,0.008368201086211903,0.015774524051727235,0.7373918092275763,0.7486096424163635,nan,619.2654099723784,0.5632357819933272,nan,0.07127636478956649,61761.0,0.0,9390.0,52407.0,0.8249093393900404,0.9000000000000004,0.7424183881931226,0.5349680088184964,0.33238744954848043,0.036673519236501306,0.07106367428299959,-0.1018232548963696,0.17167490807658173,0.3598326359832636,0.7486096439736547,0.0,239
260,train,pact,3.0,0,0.21976542770897894,0.049096864050332284,0.0613710756988287,0.030683403982776976,0.007670850995694244,0.016384971780102373,0.7991358342903927,0.8021465461997308,nan,634.466407169358,0.5066400376386223,nan,0.044567684498790915,61999.0,0.0,9390.0,52646.0,0.8249974664783877,0.9000000000000004,0.7424977025227567,0.5858655261442989,0.26772824771213244,0.01449035371215574,0.04275177249701491,-0.11524916437140852,0.2429314061113224,0.27615062761506276,0.8021465441625594,0.0,239
261,train,pact,3.0,0,0.03862335179426082,0.010426927099737342,0.013033658295003896,0.0006973500905176586,0.0006973500905176586,0.01685510652537251,0.8068689164008057,0.8086655715394718,nan,705.808801116305,0.6161114029181054,nan,0.01275760211512275,62237.0,0.0,9390.0,52885.0,0.82531384169806,0.9000000000000004,0.7427824396468605,0.42047016008598836,0.13865021328417493,0.004407439789053465,0.012270390667649868,-0.10830861395220048,0.15481171548117154,0.4225941422594142,0.808665574539961,0.0,239
262,train,pact,3.0,0,0.010237411712357194,0.0024902628598915326,0.0031128284657041217,0.0,0.0,0.01707541780881428,0.8071310893012889,0.8076645704492864,nan,633.8855491223196,-0.04858400435362276,nan,0.003517318565009267,62475.0,0.0,9390.0,53124.0,0.8250890693405183,0.9000000000000004,0.7425801449739783,0.293884124721957,0.08155447153624629,0.0012874677822586748,0.003381290926619201,-0.10813316495910927,0.16153163433498163,0.3598326359832636,0.8076645738159107,0.0,239
263,train,pact,3.0,0,0.3308880299083897,0.07263704915292608,0.09079630403935865,0.06136680777851009,0.012552301629317855,0.016809110537027185,0.7875789302911719,0.7981611442241708,nan,703.9420510774876,0.6970869592511754,nan,0.06273268521753643,62713.0,0.0,9390.0,53363.0,0.8252580924014167,0.9000000000000004,0.7427322642573752,0.4960967240977554,0.25912347621416376,0.019030031529255212,0.06106401709683832,-0.1071355525109911,0.16596931659693168,0.35564853556485354,0.7981611484676296,0.0,239
264,train,pact,3.0,0,0.4204580038737225,0.08830029008912556,0.1103753547621975,0.06066945781268834,0.009065551176729561,0.016044697905481485,0.7694496826646717,0.7724369675793907,nan,629.3316040039062,0.673357209888244,nan,0.052797729342349775,62951.0,0.0,9390.0,53602.0,0.8252436583511001,0.9000000000000004,0.7427192774277851,0.3834029720248878,0.4139816828399622,0.0030338964090726615,0.054847523535355325,-0.10415390715750618,0.15240268796754153,0.4225941422594142,0.772436973725186,0.0,239
265,train,pact,3.0,0,0.031455413804247795,0.007933334031678828,0.009916666859014897,0.0,0.0,0.01597353714083762,0.7939135892371253,0.7915430751056352,nan,691.4584414430243,0.7260900773263875,nan,0.026998781904877284,63189.0,0.0,9390.0,53841.0,0.824997475705885,0.9000000000000004,0.7424977082587685,2.119608480659515,-0.9929034883278731,0.01276839879270765,0.023800154292695885,-0.1103580172886738,0.19639913782173196,0.3179916317991632,0.7915430736230208,0.0,239
266,train,pact,3.0,0,0.24477056702595276,0.05862779150704235,0.07328473511023194,0.03835425485377531,0.006276150814658927,0.016070551171735177,0.7815650662867095,0.7831725283023204,nan,702.6576962012127,0.6646009220987185,nan,0.053831921199192466,63427.0,0.0,9390.0,54080.0,0.8252701435129014,0.9000000000000004,0.7427431083124552,0.4912832878535934,0.22706981161855222,0.01502274065894221,0.05213660649637688,-0.10680041239865287,0.16191200710029158,0.38493723849372385,0.7831725313119527,0.0,239
267,train,pact,3.0,0,0.48241889700017115,0.09404947562039699,0.11756183751632882,0.05788005738826975,0.01464435190087083,0.015680759675629343,0.729297067206275,0.7346261625010598,nan,715.071709668786,0.6625108545233016,nan,0.07098135442734077,63665.0,0.0,9390.0,54319.0,0.8246864142777032,0.9000000000000004,0.742217756963674,0.5285713444534129,0.30508728541263364,0.027291486769999294,0.06928568832755526,-0.10258434027764098,0.18727019145429188,0.27615062761506276,0.7346261565840287,0.0,239
268,train,pact,3.0,0,0.5005976241194593,0.10615860833902113,0.13269825338179106,0.05997210772217068,0.008368201086211903,0.015531284601143152,0.7185902824960493,0.7298069326323944,nan,703.8742162473033,0.6301584851043494,nan,0.07005766348691198,63903.0,0.0,9390.0,54558.0,0.8247769754302052,0.9000000000000004,0.7422992587089539,0.5575248293674065,0.3662505760373046,0.032934765693628125,0.06955945794178352,-0.09585363717460002,0.1203245847597312,0.41422594142259417,0.7298069303923671,0.0,239
269,train,pact,3.0,0,0.5018170490880057,0.10586774758508856,0.1323346763717028,0.0794979100072733,0.011854951538800196,0.016025307139179136,0.7877165830409677,0.7917059436752207,nan,583.5172378348506,0.6821945534091615,nan,0.06909200400464767,64141.0,0.0,9390.0,54797.0,0.8251562796876022,0.9000000000000004,0.7426406337127526,0.5852985447022603,0.3639367610776283,0.0374954417347908,0.06857202431405252,-0.10818375420207714,0.1786484087739318,0.3723849372384937,0.7917059427563031,0.0,239
270,eval,pact,3.0,0,0.5015085098678519,0.014521566241383427,0.01815195694001445,0.0,0.0,0.0024017877245972627,0.1348719185833901,0.12511077308131063,nan,1233.7414313280433,0.5408844858033887,nan,0.009602750693671952,64379.0,0.0,9390.0,55036.0,0.8270559221132031,0.9000000000000004,0.7443503156366708,0.530244189965561,0.36679407536798625,0.00670357421040535,0.009684576015338831,-0.03186155298531827,0.023709902370990233,0.698744769874477,0.1251107734152233,0.0,239
271,eval,pact,3.0,0,0.40235948536471244,0.022986657716754275,0.02873332052275214,0.0006973500905176586,0.0,0.003426498643348625,0.15363191881813265,0.1365694841642759,nan,12020.939594093226,0.20077613454358847,nan,0.017745083553529495,64617.0,0.0,9427.284518828452,55275.0,0.8231521814936873,0.9000000000000004,0.7408369462859181,0.4506283267191348,0.30536851330463255,0.004725797599530779,0.017619544307985752,-0.030243513571585213,0.033219221503740334,0.6820083682008368,0.13656948444733097,0.0,239
272,eval,pact,3.0,0,0.002028211354079294,0.00016081220846176638,0.00020101524997816984,0.0,0.0,0.003675519945158401,0.16862775846754657,0.16909164025070278,nan,109942.26327144352,0.20938323438167572,nan,0.0012118079599173774,64855.0,0.0,9599.719665271967,55514.0,0.8273302996258357,0.9000000000000004,0.7445972571811915,0.11392280584597055,0.05874693401722064,0.000922213216849388,0.000997001645274589,-0.03596486631240429,0.04665905921136045,0.6694560669456067,0.16909164068839133,0.0,239
273,eval,pact,3.0,0,0.02819465429997744,0.0013551905043200027,0.0016939881208493577,0.0,0.0,0.003509811209962863,0.16633623950651003,0.16660328084704268,nan,162193.816520659,0.29987558928244284,nan,0.0020546593197543956,65093.0,0.0,9788.334728033473,55753.0,0.8244445320203214,0.9000000000000004,0.7420000642163983,0.5113838901842906,-0.006558296591654633,0.0007772980357075871,0.0019422650284734925,-0.028929021920484854,0.0,1.0,0.16660328109058806,0.0,239
274,eval,pact,3.0,0,0.05326771741892722,0.003550580090365759,0.004438224900265774,0.0,0.0,0.0034624106809886556,0.16849326301818113,0.16456287008199733,nan,215061.26026412135,0.19919228765755018,nan,0.0024698546696934227,65331.0,0.0,9930.393305439331,55992.0,0.8250529457460387,0.9000000000000004,0.74254762708642,0.3405309314486735,0.37270131744496915,0.00015469253137790804,0.002468597573023464,-0.03180933130461798,0.013439837707620134,0.891213389121339,0.16456287012421583,0.0,239
275,eval,pact,3.0,0,0.0007224766159197316,7.670443231302262e-05,9.588053302399066e-05,0.0,0.0,0.003764812014295591,0.17461720791696006,0.17542328426778067,nan,227826.8269155335,-0.09832166880369186,nan,0.0024147462810946933,65569.0,0.0,10061.07949790795,56231.0,0.8265869116184602,0.9000000000000004,0.7439282013407312,5.713640933878082,-13.310732859045872,0.0012521886253186191,0.0016454034138477706,-0.03560975799451333,0.02675288449347027,0.702928870292887,0.17542328458362916,0.0,239
276,eval,pact,3.0,0,0.14082450920353773,0.0028192289824595772,0.0035240360364041713,0.0,0.0,0.002788829811796094,0.13587701916071163,0.13749209395512377,nan,235274.99575052303,0.3078305511170351,nan,0.002689593295335003,65807.0,0.0,10203.481171548117,56470.0,0.8222096405268713,0.9000000000000004,0.7399886562859164,0.5277794480151665,0.12250572093822498,0.00031321219891348545,0.0025065829273999843,-0.03717088691717069,0.0717636617218207,0.47280334728033474,0.13749209386597797,0.0,239
277,eval,pact,3.0,0,0.0005835234280700004,4.708659298177363e-05,5.885823496302471e-05,0.0,0.0,0.0035436683710446293,0.17001681089027157,0.16992940454428165,nan,168679.62568645398,0.3006479740142822,nan,0.0004615532020598876,66045.0,0.0,10331.393305439331,56709.0,0.8253489747082339,0.9000000000000004,0.7428140614696127,3.2231880933452266,-4.3363325560927,0.00019832727178584566,0.00033741695493122144,-0.028187909999057438,0.0,1.0,0.16992940493200975,0.0,239
278,eval,pact,3.0,0,0.3926658787366775,0.019019118472718536,0.023773896761116072,0.0006973500905176586,0.0,0.003542889049374128,0.16823764725210277,0.16267766173788692,nan,256223.85456982217,0.012056918292614207,nan,0.015331057773193804,66283.0,0.0,10448.376569037657,56948.0,0.8235002126404432,0.9000000000000004,0.7411501726844819,0.5592087453963032,0.2847082730519571,0.00445858063737312,0.015056548917775187,-0.0344870978663178,0.0016482819830100164,0.99581589958159,0.16267766136252607,0.0,239
279,eval,pact,3.0,0,0.09046236122763525,0.003159762397007242,0.0039497027557604935,0.0,0.0,0.0032749774383096547,0.16025877927885893,0.15963525940745943,nan,172536.53710120294,-0.08350514380892575,nan,0.004775028912887312,66521.0,0.0,10641.502092050208,57187.0,0.8229344805164815,0.9000000000000004,0.7406410135983423,0.6689360282975993,0.2401019292258001,0.0017477705101712527,0.0034041363776614693,-0.03171620660824807,0.010650437428680106,0.8786610878661087,0.1596352587029151,0.0,239
280,train,pact,3.0,0,0.12646474479892483,0.026246504031127698,0.032808128181603474,0.009065551114381606,0.0013947001810353172,0.015877429758798658,0.803806654578971,0.798773714376294,nan,2502.374642471888,-0.11537762547387238,nan,0.022291685404559447,66759.0,0.0,10760.0,57426.0,0.8178114773838091,0.9000000000000004,0.7360303132603857,0.2002051704906541,0.21718650278527651,0.0019484282255755577,0.022271778635989007,-0.10732519038468787,0.1622923798656016,0.39748953974895396,0.7987737132869417,0.0,239
281,train,pact,3.0,0,7.168989468786756e-07,3.029874362300879e-07,3.7873426484427253e-07,0.0,0.0,0.015658842866838944,0.7796577364206314,0.7808889486674984,nan,606.6619717266769,0.626905620098114,nan,0.011376177493342058,66997.0,0.0,10760.0,57665.0,0.8253870362018442,0.9000000000000004,0.7428483154983201,10.737331630311326,-10.454819410271023,0.010203032572584975,0.010163431351448635,-0.10902485491548838,0.19487764676049196,0.34309623430962344,0.780888947581744,0.0,239
282,train,pact,3.0,0,0.3859785423496817,0.07629960496413933,0.09537450038599875,0.047419806092852824,0.013249651719835514,0.015729708501593713,0.7614518550524652,0.7603051146204003,nan,700.166147399647,0.6190699748227287,nan,0.06532325211690279,67235.0,0.0,10760.0,57904.0,0.8250809314360679,0.9000000000000004,0.7425728165953728,0.469024617334583,0.23418560326141358,0.017306891998604818,0.06304938852140157,-0.10480769043208422,0.1808038544440218,0.34309623430962344,0.76030511368277,0.0,239
283,train,pact,3.0,0,0.06036288374898542,0.014416692513687206,0.018020864443033476,0.0027894003620706344,0.0013947001810353172,0.015944738565480423,0.8005957848482053,0.800725165333708,nan,689.1327956451033,0.7434350778368227,nan,0.013530351588464534,67473.0,0.0,10760.0,58143.0,0.8249444485209477,0.9000000000000004,0.7424499861366081,0.1654509138361197,0.1715963330356609,0.001958653910650476,0.013542268489461653,-0.10706887468185092,0.15595283377710153,0.4225941422594142,0.80072516100129,0.0,239
284,train,pact,3.0,0,0.4417291495469365,0.09565415992525444,0.119567693060497,0.08507671079376253,0.011157601448282537,0.016514518592413124,0.7851550349630572,0.7967234947192618,nan,717.8704126589467,0.6038534912167732,nan,0.06931183513479938,67711.0,0.0,10760.0,58382.0,0.8253344172713148,0.9000000000000004,0.7428009602315256,0.5736248550786428,0.3590944175084597,0.025905316589738835,0.06836451847051664,-0.10757876485135763,0.1606440978825916,0.4309623430962343,0.7967234917415519,0.0,239
285,train,pact,3.0,0,0.4824189044268233,0.10718686697115597,0.13398357455934803,0.0871687609406196,0.012552301629317855,0.016676966355681014,0.7966227752144865,0.8031783103942871,nan,644.0085745456329,0.6690855784396247,nan,0.0625649835270436,67949.0,0.0,10760.0,58621.0,0.8252771748658504,0.9000000000000004,0.7427494428646615,0.45784452156205535,0.4343379666185583,0.009376527482262727,0.06386729561632196,-0.11045866571309498,0.18549511854951184,0.34309623430962344,0.8031783101034132,0.0,239
286,train,pact,3.0,0,0.49865054549941856,0.10650585038037888,0.1331323031180047,0.07182705926097088,0.00976290126724722,0.0162765910404746,0.7722647688877633,0.7770834450442422,nan,661.5863417621437,0.7301090167656105,nan,0.06821793426806302,68187.0,0.0,10760.0,58860.0,0.8249060439265423,0.9000000000000004,0.7424154191835156,0.6757997638382222,0.40198590452645355,0.040277362432486065,0.06624398869267474,-0.10511357878984491,0.16013693419551164,0.3807531380753138,0.777083441508657,0.0,239
287,train,pact,3.0,0,0.001494409176462552,0.0003566844326129308,0.00044585551288006653,0.0,0.0,0.01599584922153565,0.7894971746031709,0.7899454980465159,nan,656.6448913318842,0.6527946591377258,nan,0.00710935006883199,68425.0,0.0,10760.0,59099.0,0.8251742254241241,0.9000000000000004,0.742656784825744,0.09093057729205178,0.08278782447952537,0.006549534397928004,0.00638649200112291,-0.10401802465919509,0.1309750221884113,0.3891213389121339,0.7899455004706077,0.0,239
288,train,pact,3.0,0,0.02979833591694332,0.006404543068532362,0.008005678345508695,0.0,0.0,0.0167822535597879,0.7985942729098029,0.7972568915728245,nan,624.3239513700478,0.635780203728995,nan,0.00579858223711016,68663.0,0.0,10760.0,59338.0,0.8250555538233354,0.9000000000000004,0.7425499780407511,0.12406829167289157,0.13474297445848216,0.0002916306992584067,0.005860683109135626,-0.10239385434682417,0.10181311018131102,0.49372384937238495,0.7972568871001992,0.0,239
289,train,pact,3.0,0,0.44651358694995696,0.09313589546621656,0.11641986125000757,0.07043235895523965,0.011854951538800196,0.01598052159205048,0.7600194573651796,0.7730379214346659,nan,699.9208128861303,0.6494211126820313,nan,0.0690899761627471,68901.0,0.0,10760.0,59577.0,0.8250613751271778,0.9000000000000004,0.7425552165159122,0.550030054350567,0.3417732966194488,0.025986120839661453,0.06788564452348145,-0.10633017453105485,0.17661975402561178,0.3305439330543933,0.7730379202473936,0.0,239
290,train,pact,3.0,0,0.48485144005920816,0.10162447846529503,0.12703059003229006,0.06276150802189336,0.011157601448282537,0.0150010852234742,0.7372210443518651,0.7461038229355752,nan,781.9052979537134,0.5849386454875499,nan,0.06081197636102611,69139.0,0.0,10760.0,59816.0,0.8252788936742679,0.9000000000000004,0.7427509846048874,0.45272126275432284,0.4162448464377554,0.007566678243511845,0.06170907335903371,-0.09966792208657181,0.14517560542665148,0.4100418410041841,0.7461038210238777,0.0,239
291,train,pact,3.0,0,0.03862336533101252,0.008110249651858737,0.010137811385472739,0.0,0.0006973500905176586,0.015825569286755437,0.7872949136600335,0.7926914764248676,nan,756.8502728450248,0.5819908462807724,nan,0.026894057413103314,69377.0,0.0,10760.0,60055.0,0.8248283935391254,0.9000000000000004,0.7423455410921423,0.14187174319993653,0.13920924689727443,0.023214093838243292,0.024840578227766662,-0.10595444584830034,0.1434005325218714,0.4351464435146444,0.7926914783437932,0.0,239
292,train,pact,3.0,0,0.005378621699537879,0.0011943198338204071,0.0014928996423116295,0.0,0.0,0.015606259013366375,0.7944600869546874,0.793931477551181,nan,597.7562858549621,0.6618172422861953,nan,0.005185088775502191,69615.0,0.0,10760.0,60294.0,0.8250694187615207,0.9000000000000004,0.7425624620964337,0.09760043179588451,0.10185273916923199,0.004160274526188332,0.0047575370854437285,-0.10523686928222781,0.1389628502599214,0.4351464435146444,0.7939314735256765,0.0,239
293,train,pact,3.0,0,0.3308880599050015,0.07815553446238041,0.09769441224142074,0.07182705913627496,0.008368201086211903,0.016853946188043912,0.7990396224804004,0.8064118410503515,nan,738.9883854439069,0.41946598949791497,nan,0.04806964294786446,69853.0,0.0,10760.0,60533.0,0.8254316461634935,0.9000000000000004,0.7428884645885004,0.3576755536382674,0.3943144614032966,0.0015640377136151074,0.05007530464177633,-0.10899697775100713,0.16888550779764167,0.3472803347280335,0.8064118429661181,0.0,239
294,train,pact,3.0,0,0.0002749838577568819,4.363633060656638e-05,5.4545410630567425e-05,0.0,0.0006973500905176586,0.016412974495019873,0.8092560185797544,0.8150785012973403,nan,757.0484414838846,0.37422096729278564,nan,0.025954958426748564,70091.0,0.0,10760.0,60772.0,0.8253775515815703,0.9000000000000004,0.7428397775693918,66.4160031975978,-73.19613129233053,0.02117834572846021,0.023152625778345117,-0.1093435304234523,0.15671357930772156,0.4100418410041841,0.8150785014231269,0.0,239
295,train,pact,3.0,0,0.15576158431569304,0.03255997386087725,0.04069996532323701,0.01394700181035317,0.005578800724141269,0.015723292304740667,0.7722153390551212,0.7825410839902806,nan,706.7351319380884,0.6941871676734301,nan,0.033451634584502295,70329.0,0.0,10760.0,61011.0,0.8250234214331814,0.9000000000000004,0.7425210578172277,0.40080118319017677,0.1559632095039465,0.008910453938382476,0.0319264375421542,-0.10438024449032798,0.1414986686953214,0.38493723849372385,0.7825410818336443,0.0,239
296,train,pact,3.0,0,0.33479187858415665,0.07210880028469546,0.09013599457842601,0.06206415786902775,0.010460251357764879,0.01718153025191199,0.78125163551155,0.7882775525293589,nan,707.1520699856171,0.5985587475252451,nan,0.04681804812273155,70567.0,0.0,10760.0,61250.0,0.8252041247599294,0.9000000000000004,0.7426836956993805,0.3246294139494522,0.35514613663182026,0.0006870877576956344,0.04814515690928015,-0.10505657188573517,0.15354380626347156,0.41841004184100417,0.7882775499507082,0.0,239
297,train,pact,3.0,0,0.33866766505446294,0.06301888238787842,0.07877359846824215,0.0411436552781939,0.00488145063362361,0.015410726730201284,0.7581989290075821,0.7605032039860801,nan,669.062911412706,0.713235513186355,nan,0.04771954047485843,70805.0,0.0,10760.0,61489.0,0.824777050247751,0.9000000000000004,0.7422993350228505,0.7348740543199328,0.3729498784101437,0.017878219537551,0.04584420417439364,-0.1077848330021346,0.22251806770635219,0.26778242677824265,0.7605032053495806,0.0,239
298,train,pact,3.0,0,0.4417291690690918,0.0931776465285678,0.11647205063548971,0.06136680771616213,0.007670850995694244,0.016203015619912282,0.78923412153661,0.7956139632972214,nan,773.7529217708061,0.6912316169324779,nan,0.05783514968566714,71043.0,0.0,10760.0,61728.0,0.8255398645061828,0.9000000000000004,0.7429858590768471,0.3694554493542241,0.3897436673683231,0.003149124550735437,0.06011256788846078,-0.10351385452101805,0.1321161404843413,0.401673640167364,0.79561396539754,0.0,239
299,train,pact,3.0,0,0.48112744734638124,0.10165486638168461,0.1270685744089084,0.06694560856499931,0.006973500905176585,0.016732138363843217,0.8199470881138885,0.8229976409898143,nan,638.7633437152687,0.7593791105757198,nan,0.07016597394773028,71281.0,0.0,10760.0,61967.0,0.8250336826595801,0.9000000000000004,0.7425302982829106,0.5241346994373157,0.4330635109962022,0.059418561019831236,0.07010185489407643,-0.11122270264663725,0.17801445416508174,0.3514644351464435,0.8229976425415585,0.0,239
300,eval,pact,3.0,0,0.17909063403861195,0.00922183822438448,0.011527297104503419,0.0,0.0,0.004706519774003461,0.18328751249542796,0.18548323122090873,nan,1745.736814107855,0.7562449038278108,nan,0.013374846531896536,71519.0,0.0,10760.0,62206.0,0.828809358584831,0.9000000000000004,0.745928403972083,1.1512055692544347,-0.04326905924313995,0.005866319919599859,0.012084346346188898,-0.03760416128751378,0.0016482819830100164,0.9665271966527197,0.18548323297040942,0.0,239
301,eval,pact,3.0,0,0.09659447261740192,0.0067668201492824855,0.00845852471359356,0.0,0.0,0.004182014759497476,0.17383085640155121,0.1669924242663583,nan,14394.440517537265,0.5099284214632017,nan,0.004456036852255744,71757.0,0.0,10797.284518828452,62445.0,0.8252042237684817,0.9000000000000004,0.7426837818642541,0.3993895281829723,0.42205294020800177,0.0006217588791059825,0.004547682067492118,-0.03234736660869688,0.025611766197540253,0.7615062761506276,0.1669924245555242,0.0,239
302,eval,pact,3.0,0,0.08746963563609224,0.006520761132214906,0.00815095104569603,0.0,0.0,0.004406922371185162,0.1679246983019378,0.17071697016141404,nan,92758.55129609047,0.0007538095866252033,nan,0.0103748081257824,71995.0,0.0,10942.937238493723,62684.0,0.8259632983965853,0.9000000000000004,0.743366954590985,0.6610842439393324,-0.2424885094377538,0.002983849376198647,0.009355962442192268,-0.035507280341379364,0.02776721186763028,0.7071129707112971,0.1707169711318431,0.0,239
303,eval,pact,3.0,0,0.22391452780090834,0.013116078706725869,0.016395097638748083,0.0,0.0,0.003909313485755051,0.16133466534410063,0.15175878348522606,nan,296673.3441749477,-0.14318536578533414,nan,0.010457390845533087,72233.0,0.0,11156.230125523012,62923.0,0.8239809567708849,0.9000000000000004,0.7415828430502983,0.36816468547748515,0.2633887056345764,0.0010347578083007923,0.010329890220825927,-0.030027163856448078,0.00393051857487004,0.9205020920502092,0.15175878406461668,0.0,239
304,eval,pact,3.0,0,0.47839141184577105,0.02255044273824066,0.02818805179412414,0.0,0.0,0.0033473660270722434,0.13246449254546705,0.11343703047999777,nan,135388.88026281382,0.08695622348025925,nan,0.017797299644181107,72471.0,0.0,11303.882845188284,63162.0,0.8226436678335757,0.9000000000000004,0.7403792829942504,0.4315930695584954,0.3587488247245433,0.009962204655513484,0.01677809563849246,-0.023496326610963247,0.0303030303030303,0.7154811715481172,0.1134370308081953,0.0,239
305,eval,pact,3.0,0,0.5016285056306393,0.029382997398018664,0.036728744973591965,0.0,0.0,0.0036036116436365447,0.16984523639519344,0.14345776894476622,nan,189425.06759937239,-0.06998657431866522,nan,0.021741077357466686,72709.0,0.0,11479.489539748954,63401.0,0.824215080698165,0.9000000000000004,0.7417935600590008,0.5258939478218719,0.28494808669423977,0.013040602905675769,0.02062869578537582,-0.03009591421624982,0.0,1.0,0.14345776953812991,0.0,239
306,eval,pact,3.0,0,0.17909063403861195,0.009726009394925766,0.012157511260228904,0.0013947001810353172,0.0,0.0033432372081459785,0.12574871436197887,0.12773273275798833,nan,95071.33572502615,0.2510987660734599,nan,0.010408317099596182,72947.0,0.0,11630.008368200837,63640.0,0.8228660661056949,0.9000000000000004,0.7405794431225525,0.5112688933985575,0.17575544724257264,0.0037015957282397244,0.009325423804097167,-0.03098075154723244,0.038924812983390386,0.6443514644351465,0.12773273220625342,0.0,239
307,eval,pact,3.0,0,0.24895398218523726,0.013969331645986058,0.017461663482410364,0.0,0.0,0.003913854765627829,0.16673723128176135,0.15376342340493301,nan,255977.09731302303,0.14371140286955733,nan,0.011916297860784558,73185.0,0.0,11821.058577405858,63879.0,0.8258360384897208,0.9000000000000004,0.7432524125446336,0.31486248083271057,0.20293831053983435,0.0010093607118809207,0.011836043448322823,-0.032010115856198576,0.028020793711170278,0.7364016736401674,0.1537634235256647,0.0,239
308,eval,pact,3.0,0,0.03674998030288848,0.0019433019084644759,0.002429127291057838,0.0,0.0,0.004290585410264886,0.1679689688413213,0.16926259693989693,nan,114064.89520135983,0.01787300562587368,nan,0.005581794959828102,73423.0,0.0,11961.410041841003,64118.0,0.8271484997232589,0.9000000000000004,0.7444336352612683,1.1279163422175613,-1.0410710781233332,0.0018794909132259857,0.003632711155036129,-0.034558820854648745,0.030303030303030307,0.6820083682008368,0.16926259813616598,0.0,239
309,eval,pact,3.0,0,0.0005835234280700004,6.740868062768633e-05,8.426084121874052e-05,0.0,0.0,0.0037820212222503258,0.1480787541389964,0.1479759695998171,nan,102406.33397620294,0.016239076852798462,nan,0.000919442079739916,73661.0,0.0,12061.887029288702,64357.0,0.8245450051259795,0.9000000000000004,0.7420904877046162,3.8988349675092313,-4.676726600649232,0.0005011875983711386,0.0007426336976160319,-0.02975231924969303,0.01711677443895017,0.8200836820083682,0.1479759697737859,0.0,239
310,train,pact,3.0,0,0.2698529906927464,0.06511292973926053,0.08139115657253584,0.05718270729775209,0.010460251357764879,0.017676065727546188,0.7954459778933346,0.8115389955592455,nan,3313.4690544096497,0.25170616917779753,nan,0.042353244937745546,73899.0,0.0,12139.0,64596.0,0.818997541356785,0.9000000000000004,0.7370977727189723,0.32278823450862376,0.3514620473078153,0.00016773254935643586,0.04368118291277143,-0.11325120887338892,0.20552808418917204,0.35564853556485354,0.811538993475027,0.0,239
311,train,pact,3.0,0,0.4288286963842077,0.08896498316379578,0.11120622347312503,0.059274757631653026,0.007670850995694244,0.016150888586494775,0.7960958459636657,0.7972304488076326,nan,702.8213909580119,0.6215086844301623,nan,0.0659341270037806,74137.0,0.0,12139.0,64835.0,0.8249386663716208,0.9000000000000004,0.7424447843220443,0.45838308436816105,0.4422203776573139,0.049036914836877665,0.0665366285262341,-0.10557909651863369,0.1397235957905414,0.46443514644351463,0.7972304456410365,0.0,239
312,train,pact,3.0,0,0.4532820635336884,0.10032323630258518,0.12540403770401412,0.08507671091845843,0.01394700181035317,0.017051821751870744,0.8138133115972934,0.8266503671846629,nan,668.1938486777589,0.7307158339472495,nan,0.07332196622447863,74375.0,0.0,12139.0,65074.0,0.825548381984982,0.9000000000000004,0.7429935213910984,0.4572294075043555,0.43575382932844386,0.05854365180750362,0.07290634344951503,-0.11242414019133337,0.1783948269303918,0.401673640167364,0.8266503692091987,0.0,239
313,train,pact,3.0,0,0.39594290426846546,0.0879366647276694,0.10992082337896775,0.07531380940181939,0.012552301629317855,0.01692418289267571,0.8097126749519524,0.8233485651440201,nan,698.7176871199987,0.732431075438296,nan,0.0697630667848567,74613.0,0.0,12139.0,65313.0,0.8254307176777509,0.9000000000000004,0.7428876271307718,0.42165494644022394,0.4241240192352035,0.049812271748101565,0.07016764970878178,-0.11227128785739515,0.17725370863446183,0.39748953974895396,0.823348564075611,0.0,239
314,train,pact,3.0,0,0.478391402922768,0.10727630635701796,0.13409537720077752,0.08786611115583316,0.011854951538800196,0.017804133186553252,0.8264577128772457,0.8386455750615028,nan,693.4435051953942,0.6953126566180624,nan,0.06662739067685218,74851.0,0.0,12139.0,65552.0,0.8253555033496234,0.9000000000000004,0.7428199317165998,0.6992676108053123,0.4418821272192941,0.030704192510072854,0.06364709894059842,-0.11999399049521035,0.25307467985292253,0.2175732217573222,0.8386455768237171,0.0,239
315,train,pact,3.0,0,0.025146201497458203,0.005721099130450928,0.007151373738193325,0.0,0.0,0.015771666405309442,0.7883352222053576,0.7887758491677719,nan,676.8283464120522,0.6623963299655515,nan,0.009300382039308788,75089.0,0.0,12139.0,65791.0,0.8252194875453805,0.9000000000000004,0.742697516245822,0.11746647696193963,0.12641400870020325,0.004806420494054434,0.008915141256004679,-0.11038948668840887,0.21491061240015213,0.30962343096234307,0.788775847852529,0.0,239
316,train,pact,3.0,0,0.005953148992843712,0.0013819040852779923,0.0017273799971099305,0.0,0.0,0.015777523179293054,0.7904085882288642,0.7901015501142047,nan,686.0717814297856,0.7019228653428944,nan,0.003763711875804825,75327.0,0.0,12139.0,66030.0,0.824835331619534,0.9000000000000004,0.7423517821224165,1.0725357456949545,-0.014837960400479133,0.0023998365191021417,0.0034107271584765094,-0.10687342339735358,0.15240268796754153,0.48535564853556484,0.7901015554807593,0.0,239
317,train,pact,3.0,0,0.5020820002191994,0.11240569922464674,0.14050711590602968,0.08089261012596066,0.016736402172423805,0.01647410051172373,0.7683857843965666,0.7835962082801005,nan,722.6811073973588,0.6283433959823274,nan,0.07519920579964884,75565.0,0.0,12139.0,66269.0,0.8251686143575852,0.9000000000000004,0.7426517386316754,0.5534869327319877,0.3367410339262509,0.046008309349417686,0.07433003345557983,-0.10343797837629815,0.14745784201851148,0.3514644351464435,0.7835962085722966,0.0,239
318,train,pact,3.0,0,3.939117242876347e-05,1.175755626767926e-05,1.4696943965124572e-05,0.0,0.0,0.01692778849876856,0.8130093082224474,0.8110018269038101,nan,666.1087278741174,0.6778843998908997,nan,0.009528840835574941,75803.0,0.0,12139.0,66508.0,0.8251510866017521,0.9000000000000004,0.7426359576161436,58.09256308691888,-63.492448601357935,0.008003451873163512,0.008514007283760689,-0.1150194916177859,0.23291492329149235,0.30962343096234307,0.8110018313639484,0.0,239
319,train,pact,3.0,0,7.168989468786756e-07,1.3844929606299147e-07,1.7306160485707067e-07,0.0,0.0,0.016218206896855804,0.8134028325519801,0.8134107471260565,nan,633.8405593169783,0.6778843998908997,nan,9.346521759321092e-05,76041.0,0.0,12139.0,66747.0,0.8250386510434011,0.9000000000000004,0.7425347756142396,0.09719826282991444,0.10908054936815181,8.364473221732402e-05,8.341849876311533e-05,-0.11347707512374071,0.2111068847470521,0.3389121338912134,0.8134107416336777,0.0,239
320,train,pact,3.0,0,0.00864344554228482,0.0019956440028105426,0.0024945548677473097,0.0,0.0,0.016668466427343973,0.8220280231791062,0.8227216171170877,nan,628.7731186615373,0.674363516614028,nan,0.001796756213968234,76279.0,0.0,12139.0,66986.0,0.8252545677468368,0.9000000000000004,0.7427290922428275,0.09995615101176994,0.10005456289329673,8.136568932056817e-07,0.0018174971185176666,-0.10789884751249651,0.13236972232788133,0.4560669456066946,0.8227216216213697,0.0,239
321,train,pact,3.0,0,0.10942612930107716,0.02481348373739782,0.03101685256755993,0.008368201086211903,0.0027894003620706344,0.015948558360665537,0.7771801009587164,0.777632997624545,nan,660.9019272297496,0.5826844415904089,nan,0.026065368333475364,76517.0,0.0,12139.0,67225.0,0.8251683063586885,0.9000000000000004,0.7426514590634462,0.4736246779114084,0.21153991605698852,0.008904157244195141,0.025103635175000666,-0.11174088219807228,0.2283504501077723,0.2803347280334728,0.7776329941496487,0.0,239
322,train,pact,3.0,0,0.5020820002946379,0.11198725892562031,0.13998406646314682,0.07182705913627496,0.006973500905176585,0.016693761988219542,0.8022445840566228,0.8119818918625181,nan,636.7680275889121,0.6146041080043905,nan,0.07294886309612605,76755.0,0.0,12139.0,67464.0,0.8252267440991422,0.9000000000000004,0.7427040535535773,0.5365039387939756,0.3486845147914748,0.0006948864126267532,0.07323985224140118,-0.11340629185307936,0.20426017497147206,0.3305439330543933,0.8119818899168357,0.0,239
323,train,pact,3.0,0,0.4870875290074779,0.10720951022670012,0.1340118796702486,0.07601115980407683,0.009065551176729561,0.016544803390552185,0.8020367304400919,0.8130137561255419,nan,664.9883931052236,0.6350047030334194,nan,0.06771193256126289,76993.0,0.0,12139.0,67703.0,0.8252812741191816,0.9000000000000004,0.7427531308708829,0.47826412028265536,0.43058659551766265,0.035594037966802716,0.06830303504026522,-0.11190693638918031,0.1944972739951819,0.33472803347280333,0.813013754583498,0.0,239
324,train,pact,3.0,0,0.08746965989669216,0.01878556070894234,0.023481949938043013,0.00488145063362361,0.0013947001810353172,0.016309121237370227,0.8053599301741213,0.8048200066119557,nan,677.8327151502027,0.72894887782041,nan,0.03473517236374825,77231.0,0.0,12139.0,67942.0,0.8253696680567754,0.9000000000000004,0.7428326846166635,0.20316950054919547,0.20917323791315912,0.026051357282794143,0.032974383533419846,-0.10652309878246932,0.14238620514771141,0.42677824267782427,0.8048200042896851,0.0,239
325,train,pact,3.0,0,0.0034414851706437025,0.0006779074867161733,0.0008473842725259784,0.0,0.0,0.016439219007354275,0.8055448442323437,0.8058975463631761,nan,595.43628159527,0.7163233160972595,nan,0.009494024550119195,77469.0,0.0,12139.0,68181.0,0.8250081860869499,0.9000000000000004,0.7425073499958884,4.667474769880821,-3.9777279736726774,0.006074803304211453,0.008456993934696698,-0.10891154613154629,0.1597565614302016,0.4309623430962343,0.8058975494896141,0.0,239
326,train,pact,3.0,0,0.19514417073502602,0.0436175704410108,0.054521960465977244,0.023012552987082734,0.00488145063362361,0.016516012057786706,0.8010015136651913,0.807004996548138,nan,590.9468399111696,0.6231350565804598,nan,0.04300780262881851,77707.0,0.0,12139.0,68420.0,0.824719738261969,0.9000000000000004,0.7422477468287096,0.45194809888076803,0.1772564978283745,0.011423249123267885,0.041504846841961957,-0.11151249301268695,0.20679599340687205,0.27615062761506276,0.807004994448563,0.0,239
327,train,pact,3.0,0,0.5020526421234931,0.10894157818777225,0.13617696291293363,0.07461645962304152,0.008368201086211903,0.014760952848146151,0.7133793195545923,0.7275123982125247,nan,672.8350575977788,0.6799171724080042,nan,0.06965978370022777,77945.0,0.0,12139.0,68659.0,0.8250776634056698,0.9000000000000004,0.7425698775127841,0.5421483701058428,0.3612573059711014,0.003166100138332695,0.07013501854448785,-0.09679812245138504,0.1307214403448713,0.42677824267782427,0.7275123988342733,0.0,239
328,train,pact,3.0,0,0.007910073110366154,0.0017068288123094336,0.0021335358758878095,0.0,0.0,0.01637358197096782,0.7998203268609785,0.7999742043567003,nan,642.172992530727,0.4910449522808506,nan,0.012819567324338426,78183.0,0.0,12139.0,68898.0,0.824876751111641,0.9000000000000004,0.7423890532310039,0.13196712216232068,0.1312965403729025,0.011689316474954633,0.011629518068753082,-0.10482566400578146,0.12907315836186128,0.4560669456066946,0.7999742084797373,0.0,239
329,train,pact,3.0,0,0.18307093769721308,0.04198295844133663,0.05247869513245346,0.029986053892259317,0.00488145063362361,0.01643027207438121,0.8094041648020804,0.8219643856192234,nan,646.0958587774173,0.4329650648966993,nan,0.04160625911605151,78421.0,0.0,12139.0,69137.0,0.8252884039818991,0.9000000000000004,0.7427595412382022,0.5035093134383473,0.19516247267913622,0.012272083521940444,0.04022692113059717,-0.11610493248808124,0.22467351337644223,0.2928870292887029,0.8219643812704057,0.0,239
330,eval,pact,3.0,0,0.472293708546508,0.012939766287672683,0.01617470701849282,0.0,0.0,0.0029812023144947936,0.14353688425972871,0.13629412189687146,nan,1383.7118320864115,0.18285065170603504,nan,0.009445565325991254,78659.0,0.0,12139.0,69376.0,0.8273963339657963,0.9000000000000004,0.7446566827626407,0.4359684863487747,0.280993009460179,0.0005952599618182171,0.009611473505779278,-0.024857513058252834,0.0,1.0,0.13629412091649343,0.0,239
331,eval,pact,3.0,0,0.016098320915726126,0.001638004748859975,0.0020475058167199623,0.0,0.0,0.005068832745378112,0.2099257091598032,0.2093309162800282,nan,14312.710374648601,0.19122446996304032,nan,0.0027893159300014358,78897.0,0.0,12192.221757322175,69615.0,0.8280806885603581,0.9000000000000004,0.7452725995035849,0.18543352861098447,0.20616038294151817,0.0015179637876192855,0.0025938452812601914,-0.03571908666401953,0.024090275136300243,0.803347280334728,0.20933091658424566,0.0,239
332,eval,pact,3.0,0,0.3756273159996906,0.01421617271061295,0.01777021501939051,0.0,0.0,0.0035694297602805445,0.16604588833875236,0.15778106898381122,nan,60746.1205543933,-0.0783049104556005,nan,0.010960627181132063,79135.0,0.0,12338.71129707113,69854.0,0.8224664218256165,0.9000000000000004,0.7402197610134859,0.5410916898099809,0.2880850676820771,0.0013890582423217975,0.010478351161562911,-0.03058429711272744,0.008368200836820083,0.8870292887029289,0.15778106983206594,0.0,239
333,eval,pact,3.0,0,0.2364117139628913,0.009133954559721708,0.01141744256481722,0.0,0.0,0.004271421459489833,0.17983124339680293,0.1725542988768432,nan,123761.22048247908,0.161705562805905,nan,0.008653684716017051,79373.0,0.0,12521.941422594142,70093.0,0.8224083842343366,0.9000000000000004,0.7401675255228785,0.3404016514321126,0.24790114705383004,0.0025206022638907064,0.008277316706568767,-0.02696416939360285,0.023836693292760232,0.8702928870292888,0.17255429876906742,0.0,239
334,eval,pact,3.0,0,0.5013695566800022,0.03019771801459816,0.03774714494073306,0.0,0.0,0.003456554520012086,0.14899220252136805,0.121267329667652,nan,48466.63926435016,0.15074736275807585,nan,0.019273526216447977,79611.0,0.0,12648.995815899581,70332.0,0.8226044587011616,0.9000000000000004,0.7403439933036661,0.43571982492017186,0.3868213088319231,0.006313601641782692,0.01949984294403282,-0.03249219091735612,0.12780524914416128,0.3472803347280335,0.1212673299359573,0.0,239
