episode,phase,arm,sigma,direct,A,load,load_frac,sat,clipped,x_std,q_cmd_abs,q_exec_abs,fit_gain,cond_psi,beta_cos,beta_relerr,pred_err,updates,skipped,bounded,diverged,resets,conf,trust_pol,trust_app,corr_frac,explained,corr_dark,resid_after,reward,v_out,cr,q_loss,destroy,steps
0,train,pact,3.0,0,0.502091316396975,0.10342022188474193,0.17236702588889635,0.03157094027457377,0.0,0.015241366818890163,1.4964746473723376,1.5070624623338549,0.7638862931586522,12552301957.160727,0.6791433566035586,1.5274699912659793,0.04975176625466474,119.0,0.0,0.0,0.0,0.0,0.9738900357833966,0.7493723849372388,0.7404006914114852,0.8340457889914562,0.5196357657020945,0.015346241183578968,0.052503958257163266,-0.1857776979915168,0.2428855455651503,0.37656903765690375,1.5070624655215081,0.0,239
1,eval,pact,3.0,0,0.36491424218167223,0.044510088351032276,0.07418347501485285,0.0186382656192181,0.0,0.004927962412473173,0.3329109051362241,0.384388295551723,0.7016914686398527,1241.7849414777556,0.3323825072793282,10.872791591049737,0.024580060225759464,357.0,0.0,96.25523012552301,0.0,0.0,0.9932336166314001,0.9000000000000004,0.8939102386829744,0.5670225969503502,0.48921033351528276,0.004329309459765452,0.026089354582855703,-0.09449272320310928,0.5852992670405649,0.06276150627615062,0.3843882989636225,0.0,239
2,eval,pact,3.0,0,0.4955261374568512,0.022791945777125837,0.03798657469770322,0.0,0.0,0.0050961509693772476,0.38808820692814544,0.38633406474001736,0.6102416004097112,7477.570625081721,0.30191210005822045,15.002746781544705,0.007673160978651383,595.0,0.0,333.0,0.0,0.0,0.9840690725518071,0.9000000000000004,0.885662146193213,0.8539236268761982,0.7464948921792564,0.011851634612927835,0.00739054213958465,-0.06652044421766831,0.11329713047864921,0.39748953974895396,0.3863340667154488,0.0,239
3,eval,pact,3.0,0,0.4392558730871779,0.019944394260233197,0.03324065538939192,0.0,0.0,0.005343575014004087,0.39200750018263464,0.39469575694914144,0.29898655430168286,38830.62118364278,0.1021336108820209,41.55705216140428,0.007774776114719807,833.0,0.0,571.0,0.0,0.0,0.9808888747103544,0.9000000000000004,0.8827999553421052,0.8651567338674899,0.738545611502291,0.006205335450567194,0.007689642470532631,-0.06482996299763465,0.10952847265497491,0.4769874476987448,0.394695756987824,0.0,239
4,eval,pact,3.0,0,0.0760018663305159,0.005616058303551665,0.00936009639047838,0.0,0.0,0.004374310629496889,0.34397024651950375,0.34925334934908975,0.723412569097894,108964.41525562239,0.22334035607561406,93.8416774262943,0.006134291509727491,1071.0,0.0,809.0,0.0,0.0,0.9854807277603628,0.9000000000000004,0.8869326341601096,1.2275571668429166,0.3151247289872763,0.0029199131308569612,0.005157403840788613,-0.07875647775546839,0.38695510252529747,0.19246861924686193,0.34925335024027415,0.0,239
5,eval,pact,3.0,0,0.48112744734638124,0.02076334581374129,0.03460557499608044,0.0,0.0,0.0051607329721823645,0.38929935248576447,0.38631542357440773,-0.579485312645873,75656.24365030073,0.24073448814607565,43.492171048120476,0.007140416637107839,1309.0,0.0,1047.0,0.0,0.0,0.982804244532246,0.9000000000000004,0.8845237959877716,0.813802433330723,0.7454611860375477,0.005869972465249399,0.006818173198949031,-0.06251774784700667,0.10911303006023916,0.5941422594142259,0.3863154227559837,0.0,239
6,eval,pact,3.0,0,0.00014589538669387058,2.305592718900953e-05,3.842654603423972e-05,0.0,0.0,0.003777458417233251,0.3171705541251594,0.32410105389531185,-1.2893242646460752,70740.93039847018,0.1441596895456314,38.528167724609375,0.005276635657921901,1547.0,0.0,1285.0,0.0,0.0,0.9858653261072965,0.9000000000000004,0.8872787675598176,48.394314008264715,-84.6480789705938,0.00304497390742579,0.004044634939822131,-0.08050965166307643,0.4682928276803465,0.04184100418410042,0.3241010547150644,0.0,239
7,eval,pact,3.0,0,0.17909063403861195,0.008190673747831778,0.013651122057404281,0.0,0.0,0.004057866845583878,0.33405703804981757,0.3342859196363633,0.38178729446737336,48359.01902458159,0.20347784677808753,28.738083207956418,0.005401445285292444,1785.0,0.0,1523.0,0.0,0.0,0.9836235186669617,0.9000000000000004,0.8852611461568577,0.8312747568714325,0.5022228033469024,0.002062895808990936,0.004993685830002611,-0.0811805345214049,0.4785898691355826,0.18410041841004185,0.3342859220678714,0.0,239
8,eval,pact,3.0,0,0.42329975400295616,0.023388739579150983,0.03898123081791146,0.0,0.0,0.005773637266478903,0.37816648708975964,0.37815992777317636,0.685806308206654,53799.30151265037,0.18086995952957502,31.2111239024286,0.005361378546044324,2023.0,0.0,1761.0,0.0,0.0,0.9757498993409728,0.9000000000000004,0.8781748914070209,0.9384430040733748,0.8045139552998599,0.002288504809855598,0.0055378925122971405,-0.1125543780887908,0.6625419151903618,0.11297071129707113,0.3781599259498282,0.0,239
9,eval,pact,3.0,0,0.15197705929011698,0.00421643778312211,0.00702739595589603,0.0,0.0,0.0033105493807643028,0.31870432890109934,0.31852349900800314,-0.7863866286547114,52556.33963944822,-0.04461162022965723,49.5675674223002,0.004282004134651569,2261.0,0.0,1999.0,0.0,0.0,0.9846655800003387,0.9000000000000004,0.886199002360699,0.4191894475608546,0.4240691037402249,0.0018587766569706015,0.003756561507368616,-0.07529441622973707,0.331167096946497,0.0,0.31852349797223933,0.0,239
10,eval,pact,3.0,0,0.4554288604148302,0.024790045656025075,0.04131674087774357,0.0,0.0,0.00563514611204486,0.37477669917888723,0.3742240578809044,0.36549156185660403,60519.34250784519,0.09285623687228736,41.25847703143643,0.006272135294143843,2499.0,0.0,2237.0,0.0,0.0,0.9765424123618394,0.9000000000000004,0.8788881522591643,0.8832764716258712,0.7772847846651414,0.0026512492971960456,0.006596898359527118,-0.11503312005428522,0.722751416955993,0.07531380753138076,0.3742240577451769,0.0,239
11,train,pact,3.0,0,6.514758795400435e-05,1.5068395304635837e-05,2.5113990905920676e-05,0.0,0.0,0.015188314094671893,1.5431718180369134,1.5428630834344041,-5.646974587914335,1926.4069734836721,-0.03922520950436592,90.46808624267578,0.005497379542587064,2737.0,0.0,2475.0,0.0,0.0,0.9787870590656871,0.9000000000000004,0.8809083316116653,67.75225198568519,-149.27696580849747,0.002898677228188018,0.0038407166325231472,-0.20922966843716292,0.461022582272471,0.18828451882845187,1.5428630813005881,0.0,239
12,train,pact,3.0,0,0.02096458594954064,0.005299447496825557,0.008832411624501687,0.0,0.0,0.015299605696645242,1.556406092693616,1.5572300710438685,-0.32860370413507395,763.2339577136179,0.47161299802331746,2.4647989143387545,0.008000114756815571,2975.0,0.0,2713.0,0.0,0.0,0.9895377657902291,0.9000000000000004,0.8905839680627798,0.5830273457081413,0.1812797528209794,0.004031848063999691,0.007568743068454046,-0.2009692013569652,0.36653906644114065,0.24267782426778242,1.5572300704787578,0.0,239
13,train,pact,3.0,0,0.0,0.0,0.0,0.0,0.0,0.015024887826527512,1.5599174135399663,1.5599475956860944,-2.1177334920133006,965.5233113436519,0.48417022824287415,2.1350204944610596,0.0005996568652944421,3213.0,0.0,2951.0,0.0,0.0,0.9905364862545764,0.9000000000000004,0.8914828185755838,nan,nan,0.0005391016097232883,0.0005391019083495947,-0.1935509871848795,0.27896970236505536,0.4225941422594142,1.55994760072104,0.0,239
14,train,pact,3.0,0,0.00014589538669387058,3.4381797217309015e-05,5.730299595582677e-05,0.0,0.0,0.016155041333397062,1.6266934013765726,1.6268116270647888,-13.657438735084055,1468.0348380499804,0.48417022824287415,2.1350204944610596,0.00048042632750434965,3451.0,0.0,3189.0,0.0,0.0,0.9918365600717617,0.9000000000000004,0.8926528854350165,0.4790593193072511,-0.3533359564502365,0.000403800856833131,0.0004353652114381833,-0.19211688507752164,0.16706727202587615,0.5104602510460251,1.6268116206059946,0.0,239
15,train,pact,3.0,0,0.47389736845189456,0.15112733282063598,0.25187886699963025,0.0834918221669217,0.0,0.01817490450188393,1.7122154794477518,1.720539785329268,0.27288942164488167,2244.269249313546,0.47077441506991824,5.93797138719878,0.10495399083225174,3689.0,0.0,3427.0,0.0,0.0,0.9940144806227424,0.9000000000000004,0.89461301360669,0.7651107681629847,0.40999031007713926,0.06772279679775238,0.10180891384701848,-0.19702497214275655,0.12101249295231314,0.5062761506276151,1.720539785397464,0.0,239
16,train,pact,3.0,0,0.4488243158769947,0.15990966020148198,0.2665160789516624,0.12438189459645099,0.0,0.018578421922642193,1.727491967348873,1.7409147054081682,0.31446428709199736,4098.8554268681355,0.38793292881679337,7.173369477483518,0.11797134945301581,3927.0,0.0,3665.0,0.0,0.0,0.9950462923887883,0.9000000000000004,0.8955416417520914,0.7305883853719269,0.38708903383319804,0.06800555839898094,0.11581961208151724,-0.2125605093450211,0.3107807353333927,0.26778242677824265,1.7409146999010559,0.0,239
17,train,pact,3.0,0,0.29880202014860646,0.10776453331510086,0.17960754104542387,0.08235070433576736,0.0009509319416149889,0.019738411064216844,1.8031707059389377,1.8303314706770446,0.2176489015129321,6187.269316733133,0.3742320540061057,10.95164008719153,0.09801458502305227,4165.0,0.0,3903.0,0.0,0.0,0.9959104938985912,0.9000000000000004,0.8963194200184554,0.6964348720609619,0.3060178230089735,0.046208926062617034,0.09483114680641615,-0.23858032478390245,0.4367785394225348,0.23430962343096234,1.8303314893242966,0.0,239
18,train,pact,3.0,0,0.3069478625608959,0.11766341004320216,0.1961056638373745,0.09813617475362003,0.0001901863883229978,0.017534674396621507,1.8739703843783135,1.684924985823771,0.23405026073984522,7290.744189657426,0.27379855967154065,10.142661147536593,0.06844703489563829,4403.0,0.0,4141.0,0.0,0.0,0.9958813053294705,0.9000000000000004,0.8962931495830105,0.46949205970660096,0.45097551175549055,0.007789439073640783,0.07263861765800567,-0.22752574708845788,0.47491023472506605,0.16317991631799164,1.6849249848094103,0.0,239
19,train,pact,3.0,0,0.41162967206828666,0.2109883355211674,0.3516471802322028,0.28908330295624596,0.0001901863883229978,0.02218166589113459,1.9899012598532513,2.056151484844575,0.4345803323151177,9659.320292069822,0.17186489077791509,18.550393417789348,0.09580875649487125,4641.0,0.0,4379.0,0.0,0.0,0.9982144298912591,0.9000000000000004,0.89839295986806,0.9328110188998168,0.6973244111535735,0.08912681761596884,0.09982569784580664,-0.2752287835880545,0.623045194219413,0.07112970711297072,2.0561514890976595,0.0,239
20,train,pact,3.0,0,0.36126752409238416,0.16488845623780243,0.2748140558176289,0.21243819064425623,0.0,0.0198429493256942,2.1211311118872094,1.8575177836118881,0.3931832095319756,13215.049383825837,0.12950903584081758,19.488572731177676,0.08455455623504757,4879.0,0.0,4617.0,0.0,0.0,0.9966802756656663,0.9000000000000004,0.8970122257535926,0.5166151984905689,0.5476552267658334,0.02308685965228664,0.092051851757993,-0.22843075834584903,0.40820202379892573,0.1506276150627615,1.8575177760328176,0.0,239
21,train,pact,3.0,0,0.38934417804177057,0.18255943422434437,0.30426568369903295,0.25123621230344895,0.0001901863883229978,0.02180890789037282,2.140324047918599,2.023517073946518,0.30512227909834316,16128.840501601726,0.1377682636051622,4.800943405558375,0.11884279487942927,5117.0,0.0,4855.0,0.0,0.0,0.9972311263303877,0.9000000000000004,0.8975079850172897,0.610337118527234,0.5658696978018056,0.10096100472756439,0.12330427021957217,-0.25106466775542674,0.4436926911777797,0.1799163179916318,2.023517088970332,0.0,239
22,train,pact,3.0,0,0.5018883342007137,0.2825228544821569,0.47087135842027605,0.3718143802557031,0.0,0.02188493056168242,2.1334694130151344,2.0428386642344325,0.2249844575526824,19239.291685734832,0.07240722949565953,13.0424010344629,0.10509560918474421,5355.0,0.0,5093.0,0.0,0.0,0.9986132882130196,0.9000000000000004,0.8987519386921966,0.8793575079811564,0.6637629906568293,0.23637815482086605,0.11194303448635415,-0.29165566369029894,0.7881539511558208,0.0,2.0428386428617222,0.0,239
23,train,pact,3.0,0,0.25732146626996916,0.12440048134228152,0.2073341108286007,0.13731456912711076,0.0003803727766459956,0.022734088170494122,2.175502900299168,2.1191386567997634,0.3453148569147956,28468.106367677825,0.07454484972565056,34.846465918808306,0.10806425061528903,5593.0,0.0,5331.0,0.0,0.0,0.997691612862144,0.9000000000000004,0.897922436811934,0.5521206996451191,0.5118257308113602,0.08287354848363389,0.10651053057469147,-0.2975385797824876,0.7705866642927091,0.0,2.1191386606120513,0.0,239
24,train,pact,3.0,0,0.015004510717528821,0.012237104516871912,0.0203951730480063,0.0,0.0,0.025652999147991008,2.2788848767220724,2.4157409229039146,0.3447513015449795,24650.54332014906,0.07764548462305108,5.451265865788799,0.05604461297221388,5831.0,0.0,5569.0,0.0,0.0,0.9990914234556414,0.9000000000000004,0.8991822575425503,0.41053375118824365,0.3493447123609733,0.051785076951991825,0.051404912893711026,-0.3024126116469064,0.6521261758509155,0.0041841004184100415,2.41574093586496,0.0,239
25,train,pact,3.0,0,0.001747928173575944,0.0014618072669980386,0.002436345379442078,0.0,0.0,0.024844052690903513,2.2791171143743285,2.3257971263829633,-0.014660841139972553,28961.570328844144,0.12003578990697861,8.992337226867676,0.014180785403528472,6069.0,0.0,5807.0,0.0,0.0,0.9985599849513385,0.9000000000000004,0.8987039661806497,2.4358388553647576,-1.2534325790936451,0.010635465176098726,0.012534161789974034,-0.27149539897074776,0.3494762455859224,0.12552301255230125,2.3257971239815025,0.0,239
26,train,pact,3.0,0,0.0043400218550171355,0.0035023488779333087,0.005837247680646668,0.0,0.0,0.02478996972908036,2.319533317657694,2.3301130019471237,-1.9952717301237035,29310.73380295502,0.07954627022957703,1.2415092749575691,0.008743397982120826,6307.0,0.0,6045.0,0.0,0.0,0.9984296176224075,0.9000000000000004,0.8985866500243981,0.3458732821461552,0.05565251062757548,0.0054878955335299455,0.008174894062926891,-0.28141746026525993,0.4900145404908159,0.029288702928870293,2.3301130016392606,0.0,239
27,train,pact,3.0,0,0.4706366194916741,0.24569304648759507,0.4094883502492921,0.36515785828544506,0.0,0.019789288457576576,2.246369035672942,1.8507638344206072,-1.938766598460366,29219.38203615324,0.050405050564976094,5.333020663161657,0.0873949024246647,6545.0,0.0,6283.0,0.0,0.0,0.996700026749567,0.9000000000000004,0.8970300131263095,0.6072541742961591,0.6472264668252072,0.002977613486179437,0.10169572496950377,-0.27965752069275657,0.8162853497136415,0.0,1.8507638351035336,0.0,239
28,train,pact,3.0,0,0.2864649582486312,0.16848833908370275,0.28081385539559683,0.27139596759524803,0.0003803727766459956,0.02647225452376584,2.3434506609848853,2.4752870922806873,0.4752297935126716,31788.448818318513,0.0940702844577477,28.330414440841356,0.08224424282985128,6783.0,0.0,6521.0,0.0,0.0,0.9986339942181959,0.9000000000000004,0.8987705769898003,0.9683796974711175,0.7490789472035444,0.07729469450308127,0.0871989129570987,-0.2928026607665235,0.4650879848066708,0.03765690376569038,2.4752871032142867,0.0,239
29,train,pact,3.0,0,0.41162967206828666,0.20967758270597942,0.34946258363976906,0.30848231500162737,0.0,0.02257128660547621,2.258560171685957,2.1109944150537627,0.3767779493182274,33508.32235551778,0.07001461535224605,26.757137961966222,0.11969428048098935,7021.0,0.0,6759.0,0.0,0.0,0.9964731662343237,0.9000000000000004,0.8968258233249936,0.712847734199845,0.5576594217399924,0.07522387190588883,0.12254584572476697,-0.29639127250607444,0.7478856939375057,0.008368200836820083,2.1109944164269896,0.0,239
30,eval,pact,3.0,0,0.023700630373153914,0.02223125081973308,0.03705208298772628,0.0015214911065839823,0.0,0.02707388285531908,2.5832156845715257,2.575745419228925,0.4606501013664022,179320.87073417887,0.06766319751864198,52.20603792836975,0.02462136688365535,7259.0,0.0,6997.0,0.0,0.0,0.9980921503390229,0.9000000000000004,0.8982829219626582,0.6931684769899307,0.34800222482151233,0.011050434067631917,0.02254950408979658,-0.32565354440247096,0.6844713492981989,0.0,2.575745413206306,0.0,239
31,eval,pact,3.0,0,0.4653420529930334,0.26136538320897823,0.4356088973389389,0.461392165165566,0.0,0.02313714299085998,2.4989249676341294,2.1887309414073512,0.015624903691893592,501496.0367416318,-0.05770617032985721,81.34648001443392,0.07437741548937422,7497.0,0.0,7235.0,0.0,0.0,0.9982867138655116,0.9000000000000004,0.89845802419854,0.701177733527879,0.762170712612787,0.04297100407156077,0.09312673715999249,-0.3244873616964399,0.8797590432950533,0.0,2.1887309429297988,0.0,239
32,eval,pact,3.0,0,0.00036113544281525344,0.00041367674667035546,0.0006894612253524722,0.0,0.0,0.02916060296124993,2.587880930641206,2.768964953003568,0.44302418539018046,1079186.0486401673,-0.05085315927863121,71.90946960449219,0.05518861610255356,7735.0,0.0,7473.0,0.0,0.0,0.9976310636458536,0.9000000000000004,0.8978679373423923,1.592600086224587,0.044095297068983075,0.04769828217512552,0.04586410474920622,-0.3411872267817322,0.674827146206119,0.0,2.768964951225082,0.0,239
33,eval,pact,3.0,0,0.4510805060552793,0.2562332070969259,0.4270552722711621,0.4534043358584328,0.0,0.025069128749229667,2.601042850246988,2.3608582840304995,0.5615525253148258,740531.4890167364,-0.019248837700771716,149.0779368508311,0.09229383266152946,7973.0,0.0,7711.0,0.0,0.0,0.9948512623125539,0.9000000000000004,0.8953661160489007,0.7401193836074755,0.6982582540741085,0.05195527367534176,0.1040234937172804,-0.28509260684127047,0.5484138995222412,0.04602510460251046,2.3608582737090473,0.0,239
34,eval,pact,3.0,0,0.022306911853421187,0.02080326311130254,0.03467210242987482,0.005515405199018981,0.0015214911065839823,0.027644361127713485,2.589053729588018,2.6303015578242026,-0.09716564389620323,1510431.5959728034,-0.10538371023040062,277.2358688929091,0.038554832752342005,8211.0,0.0,7949.0,0.0,0.0,0.9974168332052031,0.9000000000000004,0.8976751174388071,0.8908050235977759,-0.10831375863505088,0.017271531839888794,0.02989409681386217,-0.31884254281080193,0.5888898780379241,0.0,2.6303015607910916,0.0,239
35,eval,pact,3.0,0,0.4706366194916741,0.2698445940238865,0.44974091384198445,0.48155192108084466,0.0,0.023418052648057748,2.5864215844844676,2.216982710311602,0.11094616525358361,1631112.0177824267,0.004112191404027,144.1651184050109,0.06945527566082495,8449.0,0.0,8187.0,0.0,0.0,0.9956678311695115,0.9000000000000004,0.896101021055896,0.6998416660125993,0.7532698854230981,0.006544730930517499,0.08699430246588045,-0.29344531025913423,0.7052138045639338,0.012552301255230125,2.2169827229703016,0.0,239
36,eval,pact,3.0,0,0.475447956226714,0.2811801132027456,0.46863343972989424,0.495815898147587,0.0,0.024170196007266952,2.4095087350661784,2.2693685677261035,0.43578530218311934,716015.5438023013,-0.029895619482189714,78.6576242885829,0.0514702226958826,8687.0,0.0,8425.0,0.0,0.0,0.9973108673694243,0.9000000000000004,0.8975797684621611,0.8648876566037326,0.8657206323317482,0.06018575697148941,0.0770338853766604,-0.34956452595182497,0.905575833110775,0.0,2.26936856025438,0.0,239
37,eval,pact,3.0,0,0.06036288374898542,0.05185755796088286,0.08642925416332743,0.02909851685228707,0.0,0.02706139532763464,2.593434960273519,2.568327555596579,0.573975237522851,1206939.9785564854,0.0536672328623152,171.0228790219359,0.05287033047675151,8925.0,0.0,8663.0,0.0,0.0,0.996361994843104,0.9000000000000004,0.8967257759311708,0.609925155455501,0.43570639009984347,0.026892716102732743,0.04637122190865263,-0.3198938970983991,0.674827146206119,0.012552301255230125,2.5683275631215974,0.0,239
38,eval,pact,3.0,0,0.501817049438165,0.30731299697254905,0.5121882498007615,0.48687713933040905,0.0,0.02387554560121632,2.53511078587137,2.262821042388054,0.34866000208945236,650193.8262290795,-0.025694530692524337,67.27056786605004,0.06647665180639992,9163.0,0.0,8901.0,0.0,0.0,0.9987393218603094,0.9000000000000004,0.8988653758080933,0.7893832036331861,0.80254403749655,0.10633093565702438,0.08835396829945771,-0.31556783770998387,0.8085106382978726,0.0,2.2628210356360383,0.0,239
39,eval,pact,3.0,0,0.019673128869098604,0.020150490799747314,0.03358414963888254,0.0013313047182609845,0.0,0.02850561507950268,2.5645903633229405,2.70218360324285,0.6472259377086512,1296351.3270135983,0.02674067785055474,243.82655548351082,0.04858408392909681,9401.0,0.0,9139.0,0.0,0.0,0.9978724643276327,0.9000000000000004,0.8980851914094582,1.4198901468489795,-0.06388780210336042,0.02993990345261036,0.04189449181258055,-0.3485062949403842,0.7515653283480224,0.0,2.7021836070784317,0.0,239
40,train,pact,3.0,0,0.4891325045084395,0.27089195351196,0.45148652453410487,0.4018638278649941,0.0,0.022460476561570266,2.328080563365665,2.107813074000211,0.2116812112717792,92409.29504445607,-0.025426981562205776,31.039104844735757,0.13075138843583262,9639.0,0.0,9377.0,0.0,0.0,0.9936467240170954,0.9000000000000004,0.8942820242758076,0.7452143932092651,0.577061191929563,0.0915457102421083,0.13275715822517622,-0.28374625785273144,0.69482773969554,0.02510460251046025,2.107813069002366,0.0,239
41,train,pact,3.0,0,0.5008256440260959,0.28977379527800984,0.4829562562055083,0.4229745148490164,0.0,0.022765088214628616,2.3190321149187607,2.1275807678948886,0.30159362982257143,32330.087547398012,0.04196344983567207,20.375492143830495,0.10766728513457162,9877.0,0.0,9615.0,0.0,0.0,0.9982104588253229,0.9000000000000004,0.8983893978047072,0.8112686038722441,0.6586217311524232,0.11059862024643842,0.1172441922120407,-0.2502117560297862,0.3351138015964865,0.17154811715481172,2.127580774080285,0.0,239
42,train,pact,3.0,0,0.06283617998029117,0.04159484465871246,0.06932473650884573,0.019208824908883003,0.0,0.02458784076926848,2.2881633113118895,2.3144913754702614,0.47457486023214573,31573.091167625524,0.08948110257008475,39.60362479876275,0.06421852832519796,10115.0,0.0,9853.0,0.0,0.0,0.9980108219210573,0.9000000000000004,0.8982097224710377,0.3893433314952802,0.3255483039273166,0.04424009516531991,0.06077463238083107,-0.2902770797194705,0.6079112139826108,0.008368200836820083,2.314491375764068,0.0,239
43,train,pact,3.0,0,0.3347918485875449,0.17796336679489724,0.2966055706412255,0.2415367086188065,0.0020920502092050207,0.023601248540825924,2.239963825776487,2.2097046365298985,0.350722172394956,28640.10402229341,0.0557191393427769,27.900173050589142,0.11217200805172012,10353.0,0.0,10091.0,0.0,0.0,0.9985389115920127,0.9000000000000004,0.8986849994340202,0.7749215580045539,0.5517965579623652,0.07036317806841448,0.1122965169408082,-0.2898355384243791,0.6166948574141666,0.016736401673640166,2.2097046421033677,0.0,239
44,train,pact,3.0,0,0.4367288618482977,0.21687382086691356,0.36145631573613535,0.3153290241707319,0.0,0.020141658213410418,2.21938383828646,1.8988539264790683,0.3658138838397908,21738.628440441946,0.07185046993211598,20.879044969710346,0.08823285763693592,10591.0,0.0,10329.0,0.0,0.0,0.9971853128038191,0.9000000000000004,0.8974667585544507,0.5900429113787795,0.6264678683704636,0.02226806812755325,0.09993025180825255,-0.23620249780758937,0.4524169856672305,0.11297071129707113,1.8988539338791905,0.0,239
45,train,pact,3.0,0,0.4595581971330663,0.25589707001677675,0.4264950555398287,0.4079497905455873,0.0009509319416149889,0.02332084236284679,2.146886241984667,2.1859683506658385,0.40445159481659093,16049.002676353295,0.14385092785293588,19.59254378354699,0.08231946384479685,10829.0,0.0,10567.0,0.0,0.0,0.9987555133747755,0.9000000000000004,0.8988799392927641,0.9311481444385113,0.7881470416561152,0.10406065167024217,0.09661049209924796,-0.2538933790821887,0.2936585655360693,0.14225941422594143,2.1859683398799628,0.0,239
46,train,pact,3.0,0,0.37911919344205136,0.1750497254501299,0.2917495105251432,0.19094712932488908,0.0022822366598759733,0.021298641281467415,1.9928178108885697,1.9671511425632813,0.24187225845318958,15466.841506766476,0.11010195367587691,21.491395811655533,0.12041937678304178,11067.0,0.0,10805.0,0.0,0.0,0.9967204000660566,0.9000000000000004,0.8970483319529928,0.790316846835736,0.48576490237141556,0.07503040156316483,0.11832820859476612,-0.2719509570919925,0.6044393008694621,0.13807531380753138,1.9671511436934235,0.0,239
47,train,pact,3.0,0,2.1493512025067902e-05,1.0557078525509733e-05,1.7595128643338153e-05,0.0,0.0,0.02105713692380731,1.9702700541109222,2.0012993438473305,0.38921946997921836,11295.67874771182,0.15399762988090515,36.123680114746094,0.010797283099769423,11305.0,0.0,11043.0,0.0,0.0,0.997838902922355,0.9000000000000004,0.8980549923046862,66.89061928975394,-75.95830398266021,0.009131322958645351,0.009677592707821266,-0.23162985863409793,0.23724739606516515,0.24686192468619247,2.00129934664351,0.0,239
48,train,pact,3.0,0,0.41462239765982967,0.1680940825344311,0.2801567722019027,0.17630277723697438,0.0001901863883229978,0.017386217065794574,1.9163336993261362,1.6688325325315467,0.2010698932083957,7439.2788494541055,0.12123717968527492,16.878190565308767,0.07586744067913787,11543.0,0.0,11281.0,0.0,0.0,0.9957444977062018,0.9000000000000004,0.8961700283333847,0.5319975729421138,0.5555884860020743,0.003295522763724684,0.08428181183843964,-0.22467343599731204,0.49419864090922583,0.1297071129707113,1.6688325228143037,0.0,239
49,train,pact,3.0,0,0.4417291495469365,0.20983808903226597,0.3497301072143939,0.2489539768281841,0.0,0.019842540143860433,1.8141739592891357,1.8787402238805921,0.43780435341172635,6488.842513974241,0.24086664286617454,14.064122373090129,0.0928080986998196,11781.0,0.0,11519.0,0.0,0.0,0.9975324076089899,0.9000000000000004,0.8977791362726538,0.9916755924053153,0.6886064926580198,0.08925692601637407,0.09524935880621357,-0.24665311177281485,0.5333095937564913,0.13389121338912133,1.8787402215762756,0.0,239
50,train,pact,3.0,0,0.15576161381352116,0.055984618752179464,0.0933076908496412,0.02909851697698298,0.0,0.017791634805453746,1.8017382571886773,1.7436178169489904,0.45846433962488775,5817.578324194234,0.17994968507392137,21.587255311311537,0.05046403355834125,12019.0,0.0,11757.0,0.0,0.0,0.9941767294536574,0.9000000000000004,0.8947590367564596,0.3088061425558734,0.3027275831869696,0.017119659426771888,0.0509206486250192,-0.1997784006006439,0.13650256684174603,0.4560669456066946,1.7436178132704074,0.0,239
51,train,pact,3.0,0,0.0,0.0,0.0,0.0,0.0,0.018650974279511175,1.7340077805219833,1.8041811767482359,0.0759221493971834,3441.2882044325315,0.3651113212108612,1.7474372386932373,0.03633928724767243,12257.0,0.0,11995.0,0.0,0.0,0.9951527303232808,0.9000000000000004,0.8956374373894855,nan,nan,0.032594857435424084,0.03259485708374265,-0.20310663687770691,0.09881598860500311,0.5648535564853556,1.8041811731497321,0.0,239
52,train,pact,3.0,0,0.31501783161268476,0.09913493611743414,0.16522488019940107,0.06884747082718247,0.0,0.01753190139534583,1.7087397291071744,1.6891767873923649,0.24159009583955865,2974.5293775742025,0.42677115145525174,7.230810747485779,0.0888923239976043,12495.0,0.0,12233.0,0.0,0.0,0.9925306761115166,0.9000000000000004,0.8932775929881938,0.6699770534805878,0.2854714623107284,0.037224115597872205,0.08613019382627876,-0.19674903757273643,0.1609840054601027,0.48535564853556484,1.6891767863754263,0.0,239
53,train,pact,3.0,0,0.36852381268091683,0.11901026548645201,0.1983504237677263,0.09224039584273573,0.0001901863883229978,0.016802585052489986,1.6805768711297582,1.6505699130281744,0.3044279293161057,2940.532102959924,0.42796124549091613,7.985708503543583,0.09683172122251912,12733.0,0.0,12471.0,0.0,0.0,0.9930813442214264,0.9000000000000004,0.8937731911447756,0.7151650733344318,0.3379316040482371,0.04294159945307507,0.0945498845617922,-0.20680276294338434,0.333422356746491,0.32217573221757323,1.6505699214636365,0.0,239
54,train,pact,3.0,0,0.0488099870398625,0.014421567522617331,0.024035945184957837,0.0001901863883229978,0.0,0.015920333445430673,1.666056803080826,1.6575777922215322,0.26460221310040943,2458.5958374534193,0.48136512651478397,11.485113769894365,0.01719188996518584,12971.0,0.0,12709.0,0.0,0.0,0.9914591187712538,0.9000000000000004,0.8923131753710024,0.2221653773713051,0.18400030626581365,0.006536686756344659,0.016885011484184025,-0.19177096563006038,0.12872785542597703,0.5104602510460251,1.6575777877630387,0.0,239
55,train,pact,3.0,0,0.20738793141458225,0.06331605173355269,0.10552674434645828,0.039178395184014135,0.0005705591649689933,0.01598967521969681,1.5941447573226866,1.6016390146570725,0.3769573699605016,2164.7261283587213,0.33957649175093263,6.422714540649158,0.05724487994859876,13209.0,0.0,12947.0,0.0,0.0,0.992160072635906,0.9000000000000004,0.8929440466429898,0.8036952847349976,0.33523302040302216,0.024970828648656608,0.05516579316706868,-0.2175794732323073,0.4461259978040892,0.23430962343096234,1.6016390099419504,0.0,239
56,train,pact,3.0,0,0.4085878752840285,0.10273212901811957,0.1712202035380424,0.0568657289239652,0.0,0.015587395836431612,1.6613902192734276,1.604337471798374,0.33598921351352995,1634.7559237300602,0.4094388776431523,4.34822003237872,0.051095609551697,13447.0,0.0,13185.0,0.0,0.0,0.9906589895112744,0.9000000000000004,0.8915930659701136,0.4801576660037934,0.5189075416971419,0.004597259239138414,0.0564273146612406,-0.19190211922980935,0.19828481557316238,0.45188284518828453,1.6043374739582903,0.0,239
57,train,pact,3.0,0,0.12646471729623124,0.038390656819573904,0.06398442531864025,0.008368200899168038,0.0,0.016553788330935907,1.6081882879823821,1.6429453689184148,0.48806641253966165,1827.5017661888728,0.5402309229932569,9.247616191538807,0.04629528275632522,13685.0,0.0,13423.0,0.0,0.0,0.991657446119077,0.9000000000000004,0.8924916838003502,1.4811608697697538,0.2554908714356968,0.02510293965021284,0.03970603896529028,-0.20820576374484534,0.33006914151755246,0.30962343096234307,1.642945370125645,0.0,239
58,train,pact,3.0,0,0.0349310103396663,0.009855150619172125,0.0164252502157423,0.0,0.0,0.015912201925800434,1.6573012184398443,1.6523038413235334,0.25354806514589356,1574.1429642553608,0.45458518448733887,10.387617729198983,0.01045125841309714,13923.0,0.0,13661.0,0.0,0.0,0.9917249642156657,0.9000000000000004,0.89255244063533,0.2242785090273626,0.18828506464749983,0.0028444613622677687,0.010371727728631706,-0.20080666160418556,0.2514911421703908,0.4225941422594142,1.6523038444709368,0.0,239
59,train,pact,3.0,0,0.4288286743681341,0.11743790293528862,0.19572982180136145,0.08235070458515917,0.0,0.01610218146309319,1.6176315845305949,1.615689452472591,0.5481233359879529,1716.1091477142718,0.49814741425683806,6.942916953663447,0.08103734812461556,14161.0,0.0,13899.0,0.0,0.0,0.9919487128197897,0.9000000000000004,0.8927538085682123,0.7491327162558139,0.4159255825019864,0.037548188953070154,0.08028110429044485,-0.20766874353414674,0.3762426184753257,0.26778242677824265,1.6156894535259494,0.0,239
60,eval,pact,3.0,0,0.40549756067851994,0.08593128023537121,0.14321879207321722,0.020159757099889812,0.0,0.011293074725951735,1.173412376367896,1.1534711623790375,0.3607556948352558,5312.3626683446655,0.12347051326699836,21.83176286873957,0.05727380283262627,14399.0,0.0,14137.0,0.0,0.0,0.9950816631317139,0.9000000000000004,0.8955734738744952,0.781810231366065,0.4251723036904804,0.021349745973520264,0.05589849236479738,-0.1786187384252647,0.5345559215406985,0.13389121338912133,1.1534711614284934,0.0,239
61,eval,pact,3.0,0,0.3991743668428696,0.08749087377144248,0.14581811757013372,0.0020920502715529757,0.0,0.011136201868870267,1.1920706849217915,1.1520636687717678,0.39543047996245667,27445.671731988754,0.0031550422763338927,29.78936646273944,0.03643287591603059,14637.0,0.0,14375.0,0.0,0.0,0.993154564163176,0.9000000000000004,0.8938390859500135,0.593880449114992,0.6267031966929717,0.009914671471859846,0.04100927156756659,-0.1640844327088165,0.43111071545149704,0.2301255230125523,1.1520636832127378,0.0,239
62,eval,pact,3.0,0,0.08163405268523204,0.025360072038466915,0.04226678472055389,0.0,0.0,0.012319720663894047,1.1935038748645383,1.2134812678752085,0.2960934946975947,52539.3500343227,-0.06360268158736837,26.338617316848563,0.046012767008018665,14875.0,0.0,14613.0,0.0,0.0,0.991604422799713,0.9000000000000004,0.8924439636733242,0.32678594551950996,0.28081436719537034,0.035064479614128216,0.04308220391477376,-0.1653805152799086,0.37288940324638714,0.301255230125523,1.2134812666965733,0.0,239
63,eval,pact,3.0,0,0.0001001795120615216,5.6748911747985344e-05,9.458151592043273e-05,0.0,0.0,0.012702990066119817,1.2141064171012974,1.2372341879242135,-0.1190621973990529,68154.13438153766,-0.10326054692268372,21.652301788330078,0.017835658923070097,15113.0,0.0,14851.0,0.0,0.0,0.9933347846673622,0.9000000000000004,0.8940012856507401,1.349184192244683,-0.9866079032477779,0.015919139440264754,0.01555880879623831,-0.1767117146380231,0.42051692928573553,0.2803347280334728,1.2372341914981808,0.0,239
64,eval,pact,3.0,0,0.020964593625584595,0.008371755357029352,0.013952925016965462,0.0,0.0,0.012150522225992326,1.2058508116829845,1.19714946203152,-1.649426185735404,75542.63157034518,-0.09945964487025974,20.400403146464456,0.008667237100175706,15351.0,0.0,15089.0,0.0,0.0,0.9935183188406493,0.9000000000000004,0.894166466331881,0.19831230377196502,0.16454394590037635,0.0018521825634603918,0.008620063293381912,-0.16730144746996237,0.3903973411673937,0.29707112970711297,1.1971494649600554,0.0,239
65,eval,pact,3.0,0,0.023700621450150866,0.006278345444675381,0.010463908437878637,0.0,0.0,0.012316256303683111,1.2093197997643859,1.2101181541027883,-0.3651067728944372,63702.41749476988,0.002237570917630319,29.883210178199672,0.012283130076292037,15589.0,0.0,15327.0,0.0,0.0,0.9921269972952839,0.9000000000000004,0.8929142705067431,0.956434775728409,0.10277269832823754,0.00742236138133497,0.011233845053710214,-0.17203315745779282,0.4144633371910146,0.2217573221757322,1.2101181507867986,0.0,239
66,eval,pact,3.0,0,2.149352706407653e-05,8.055124267210957e-06,1.3425206888767122e-05,0.0,0.0,0.012195014398716484,1.2073532096012867,1.205521798532877,-6.141845535034914,64339.24712343096,-0.00032069330336526036,31.284624099731445,0.001980177933124255,15827.0,0.0,15565.0,0.0,0.0,0.9931350253117135,0.9000000000000004,0.8938215040761557,3.5147473603293706,-3.8320630525569443,0.0017725797893867723,0.0017787137020601055,-0.16939562171187653,0.4001305676726313,0.28451882845188287,1.2055217987821731,0.0,239
67,eval,pact,3.0,0,0.4836600335450891,0.10496528402549773,0.1749421303650261,0.006846709979627921,0.0,0.011319437716935594,1.1872978200473545,1.1726303681668877,0.3105776631214878,53110.668066814855,-0.04855849711486493,77.55140882755423,0.052764605726875274,16065.0,0.0,15803.0,0.0,0.0,0.9918810371075714,0.9000000000000004,0.8926929180592174,0.8013231646108093,0.5551974818638801,0.030217150204576725,0.0526361432370718,-0.17397976197692686,0.5010534437223657,0.12552301255230125,1.1726303659931288,0.0,239
68,eval,pact,3.0,0,0.0349310103396663,0.013550679106454055,0.02258446445674845,0.0,0.0,0.012000451608712952,1.2009059659606742,1.1900755628382311,0.32619378026808654,63249.12102837343,-0.04269872646180671,167.01160528470282,0.019710411823492997,16303.0,0.0,16041.0,0.0,0.0,0.9937699185255681,0.9000000000000004,0.8943929018834644,0.21384506062112568,0.2014437166671027,0.01025573252637342,0.01902443086329037,-0.16603878615563739,0.3902489688121309,0.2803347280334728,1.1900755642269483,0.0,239
69,eval,pact,3.0,0,0.0001001795120615216,3.973282521705545e-05,6.622137024727841e-05,0.0,0.0,0.01237038434697432,1.2092221750873902,1.2184874816918474,-0.22586812570430026,70227.67148274058,0.0008429586887359619,12.421649932861328,0.01109024316594141,16541.0,0.0,16279.0,0.0,0.0,0.9926225021793254,0.9000000000000004,0.8933602269723325,1.4361505706120037,-1.1774940201791124,0.010015690262160457,0.009803823934318537,-0.1731105571883787,0.4073117896673492,0.2928870292887029,1.2184874786491826,0.0,239
70,train,pact,3.0,0,0.04457112279658256,0.013273501512892865,0.02212250186781892,0.0,0.0,0.01641612761034377,1.6701977068410259,1.662761645337029,-2.433158779735034,5596.96248508597,0.055828958687423165,10.824071027743766,0.011652022173845455,16779.0,0.0,16517.0,0.0,0.0,0.9880242911342797,0.9000000000000004,0.8892218398249798,0.2393301367070364,0.22417267755355452,0.001613586934238103,0.011806664200890302,-0.2048266800318785,0.30621086679129944,0.35564853556485354,1.6627616519476849,0.0,239
71,train,pact,3.0,0,0.05326771741892722,0.012851369620308624,0.021418947609798802,0.0009509319416149889,0.0,0.015645539744612937,1.651392462363303,1.649096540826135,-0.08076140802026294,1605.5194536153242,0.4731495734226255,1.090030353937189,0.020427848561666906,17017.0,0.0,16755.0,0.0,0.0,0.9910771996406331,0.9000000000000004,0.8919694638152501,0.22201349124661346,0.19804225275873744,0.012309379744692706,0.01961777537815647,-0.1977156711063802,0.21309237662838657,0.4435146443514644,1.6490965371632056,0.0,239
72,train,pact,3.0,0,0.27401919350725557,0.06876813442813803,0.11461355172690993,0.03328261727069711,0.0,0.01647273371791054,1.6545270741235263,1.6385130011885736,0.13384836641720899,1377.0559240365128,0.40523299194529466,1.2065479815255649,0.048802970892021034,17255.0,0.0,16993.0,0.0,0.0,0.9920678156190338,0.9000000000000004,0.8928610083947122,0.38237433584989017,0.40767616473257473,0.015149879354060414,0.050812774051417244,-0.20072550136708073,0.26944419715718565,0.3891213389121339,1.638512998220262,0.0,239
73,train,pact,3.0,0,0.1299968671675179,0.03251474729434118,0.05419124326441481,0.003993913967739089,0.0,0.016433913932887206,1.6944915170948875,1.6920961086720103,0.26444324707635775,1537.130657626994,0.419123194488272,1.3902610650122416,0.05412666621680321,17493.0,0.0,17231.0,0.0,0.0,0.9920924924407544,0.9000000000000004,0.8928832254649206,0.32934090961374113,0.33305658581783426,0.0459232247977828,0.05159930109531544,-0.20539192619829982,0.26276744117036116,0.38493723849372385,1.6920961079864185,0.0,239
74,train,pact,3.0,0,0.500344105122346,0.12630014694690675,0.2105002295340082,0.05895777894612635,0.0,0.01647090304946862,1.6783231576616295,1.674472274640614,0.5376599276414975,1380.5105547406185,0.5699072033790364,1.6032375508771282,0.07024704595973177,17731.0,0.0,17469.0,0.0,0.0,0.9915616302809456,0.9000000000000004,0.8924054493465184,0.7352730774350076,0.5011796411360163,0.08164354129449318,0.07096265521188848,-0.21849251561677613,0.4074304875515594,0.27615062761506276,1.6744722751135008,0.0,239
75,train,pact,3.0,0,0.03316622928357742,0.008609414754691631,0.01434902369662599,0.0,0.0,0.016123551041448966,1.675845385096562,1.6769395944463659,0.44452748064216707,1717.8935209777067,0.6354294264042227,6.890884291676796,0.030992213196791397,17969.0,0.0,17707.0,0.0,0.0,0.9921477584160522,0.9000000000000004,0.892932956936968,0.2514373752941597,0.2170389991457633,0.027931389887692025,0.028652306664618175,-0.2051874478608653,0.27520104454138106,0.3263598326359833,1.676939598040012,0.0,239
76,train,pact,3.0,0,0.046663172881091675,0.013797237595339172,0.02299539526484676,0.0,0.0,0.016384111980373765,1.7045050136215019,1.7047365759207116,0.16625493910968805,1764.8150466216657,0.41349046886216645,1.4235121675116247,0.017894650742004404,18207.0,0.0,17945.0,0.0,0.0,0.9920903344533434,0.9000000000000004,0.8928812824532577,0.2260138887770232,0.2210382655150518,0.008552036048810639,0.017456012851535245,-0.212208184389256,0.307902311641295,0.3263598326359833,1.7047365755770756,0.0,239
77,train,pact,3.0,0,0.32695747973790945,0.08204890970085685,0.1367481734036819,0.03385317680975383,0.0,0.016333467245226625,1.698930373750471,1.686169246998791,0.23514059682128996,1471.7334255074857,0.3055483761816344,1.7479746793104516,0.05513901268248934,18445.0,0.0,18183.0,0.0,0.0,0.9921963030324321,0.9000000000000004,0.8929766486379392,0.4054804810749344,0.4398777676613448,0.019471608826171348,0.05792877550147255,-0.2093177938220819,0.3030950473307813,0.37656903765690375,1.6861692410761409,0.0,239
78,train,pact,3.0,0,0.25732146626996916,0.06809772874211181,0.11349620636129776,0.042411562912633725,0.0,0.016370080064623677,1.6816964578429026,1.6796585882557984,0.2890663021653267,1716.119530330642,0.5695980436258237,1.125239233092783,0.07080988506260465,18683.0,0.0,18421.0,0.0,0.0,0.9924362778164851,0.9000000000000004,0.8931926331759497,0.40735057161295385,0.42703171518681793,0.055296500256853336,0.06929871985283544,-0.2100536930003457,0.34045520638594606,0.27615062761506276,1.6796585799324688,0.0,239
79,train,pact,3.0,0,0.4288286963842077,0.11237259200220917,0.18728764137765466,0.06428299813091007,0.0,0.01610622154042187,1.660431236153367,1.6389139618833692,0.39205111581910107,1893.2236220866566,0.4769996753796374,1.4492167087279604,0.07477379779849654,18921.0,0.0,18659.0,0.0,0.0,0.9915538081065381,0.9000000000000004,0.8923984095142476,0.5560316236047225,0.569747858451197,0.07858786060356758,0.07765724569964359,-0.21478898617512462,0.4219413038962581,0.1799163179916318,1.6389139718867294,0.0,239
80,train,pact,3.0,0,0.00595315217983492,0.0018811509669899636,0.003135251420435338,0.0,0.0,0.017191231461187288,1.7083119438283114,1.7299202917509997,0.2685363623138252,2346.469310808381,0.7201183878477647,1.2159138873032447,0.0423643587056789,19159.0,0.0,18897.0,0.0,0.0,0.9921850048348495,0.9000000000000004,0.8929664741998936,0.2904244431020568,0.09023223170319317,0.038634895283307526,0.035664221736072525,-0.20892546454371388,0.24950295260986968,0.3682008368200837,1.7299203007765729,0.0,239
81,train,pact,3.0,0,0.3069478625608959,0.09224110155749309,0.1537351554397064,0.07740585886284897,0.0,0.015977371893199668,1.7340619683764469,1.6921957441952438,0.3103463845210594,2061.2408871191815,0.4137002479082371,1.610152801958587,0.04834075971257144,19397.0,0.0,19135.0,0.0,0.0,0.9919292353187146,0.9000000000000004,0.8927362858002156,0.4569352319242262,0.4998812409994797,0.004467968673023554,0.052855519543764294,-0.2001450336806078,0.20344817353630668,0.4602510460251046,1.692195752271108,0.0,239
82,train,pact,3.0,0,0.26150266818706364,0.07453020909698471,0.12421700534675997,0.04412324084397639,0.0,0.017466496711277313,1.739196034156129,1.761316887504386,0.622308924856545,2104.499388116174,0.47370198792992274,9.066121586446483,0.05873218212943041,19635.0,0.0,19373.0,0.0,0.0,0.9921552057545554,0.9000000000000004,0.8929396633323765,1.0786374509707475,0.46824124073844,0.03496154081116184,0.05424096903989723,-0.21136097215267508,0.22976942935992167,0.39330543933054396,1.7613168876405187,0.0,239
83,train,pact,3.0,0,0.36852381268091683,0.11210413021604783,0.18684020025056988,0.07911753529784071,0.0,0.017115267402800307,1.7069628108994233,1.6781030397036085,0.37937137447141706,2979.3299790386377,0.4122396095920837,6.6539919895108275,0.09108822326912354,19873.0,0.0,19611.0,0.0,0.0,0.9928856901045124,0.9000000000000004,0.8935971000703309,0.6859272805159006,0.33388717782773303,0.039069989225309756,0.08902204346893722,-0.2241678843358746,0.45197186860144223,0.23430962343096234,1.6781030384022413,0.0,239
84,train,pact,3.0,0,0.4934485877536371,0.1584317277133378,0.2640528578687363,0.10327120617842575,0.0,0.01734422009524005,1.7735907457862439,1.7327441695344996,0.44416951671803845,2913.1865275235355,0.283241253003291,7.61082981271225,0.10066727276844709,20111.0,0.0,19849.0,0.0,0.0,0.99316028695725,0.9000000000000004,0.8938442299056751,0.7417713126970792,0.4399555851392215,0.07752431793646379,0.10039211887570106,-0.2049902229148935,0.213329772396807,0.39330543933054396,1.7327441700021364,0.0,239
85,train,pact,3.0,0,0.4341484118583851,0.14727336570567442,0.24545558797852887,0.11506276219210365,0.0,0.017351895385659514,1.743780300706999,1.715385255953258,0.3706884831813589,3695.7829926941686,0.2671598844409425,10.654483762745079,0.10361470126987252,20349.0,0.0,20087.0,0.0,0.0,0.9933917899012067,0.9000000000000004,0.8940525950248271,0.7500378592006046,0.41774459747638226,0.05547448037111241,0.10151157252661977,-0.2217023811348706,0.4249087510015134,0.20502092050209206,1.7153852429413194,0.0,239
86,train,pact,3.0,0,0.3069478625608959,0.09852697947528943,0.1642116182134852,0.06846709767644875,0.0,0.016372117346394262,1.7555457248847355,1.62474340175485,0.3581390375248059,3442.7219575379186,0.24098585727605112,12.14557295364316,0.06000171080777211,20587.0,0.0,20325.0,0.0,0.0,0.9929468564408593,0.9000000000000004,0.8936521493241378,0.42375015806339544,0.45220163550840053,0.012193985868746168,0.06379315079088521,-0.2213810767505036,0.4614676993382593,0.19665271966527198,1.624743405452743,0.0,239
87,train,pact,3.0,0,0.2740191620142929,0.10297245681178697,0.17162074790644036,0.07398250418477477,0.0,0.019209798289049868,1.8134249797924793,1.870721864899831,0.4273546314389137,3916.6193449267785,0.2919552851172172,17.21123108005923,0.07660059535790188,20825.0,0.0,20563.0,0.0,0.0,0.9938369735015486,0.9000000000000004,0.8944532517109954,1.087460614265445,0.5002195396647,0.04717570226312729,0.07076166492251672,-0.219267699259575,0.23205436363096826,0.2928870292887029,1.8707218579937979,0.0,239
88,train,pact,3.0,0,0.4934485925616751,0.17998842326236794,0.299980684404313,0.12324077676529664,0.0,0.016736728811410556,1.7875576413326184,1.652699073987027,0.4135079402554484,4096.998057090089,0.27215300292306616,8.975595837357652,0.07919667188027507,21063.0,0.0,20801.0,0.0,0.0,0.9934432740989589,0.9000000000000004,0.894098922547935,0.6570722621301451,0.5694582538520236,0.011063021036203612,0.08281838228423383,-0.22170818405097314,0.4963648772960623,0.14644351464435146,1.6526990570860094,0.0,239
89,train,pact,3.0,0,0.5008256440260959,0.19365912075806047,0.32276517904369084,0.10041841035358078,0.0001901863883229978,0.016291363534973506,1.6059806631199984,1.5816788833011644,0.3178653313649748,5658.549138663703,0.17064666426954908,15.509115964298967,0.09745792905063559,21301.0,0.0,21039.0,0.0,0.0,0.9948901673739924,0.9000000000000004,0.8954011266700393,0.9639181740237852,0.5398813408219002,0.10502027281943489,0.09568482547000862,-0.274702426042704,0.8569987239977449,0.02092050209205021,1.5816788810032247,0.0,239
90,eval,pact,3.0,0,0.29470410188133966,0.10578610355306146,0.17631015842320166,0.06409281161789115,0.0,0.01324044934485622,1.2489857047671553,1.1479269036688067,0.4075709937381944,14345.492185456982,0.015257128678499935,38.6103014606811,0.0653014722247082,21539.0,0.0,21277.0,0.0,0.0,0.996224175437225,0.9000000000000004,0.8966017350492118,0.5280815636392229,0.5442167476346014,0.033629530024022684,0.06900560583482851,-0.13205281882795988,0.030208611531499452,0.7573221757322176,1.1479268966638447,0.0,239
91,eval,pact,3.0,0,0.5015085087071692,0.20579870849099252,0.34299782862518785,0.1019399033306034,0.0,0.013973440378748472,1.2392712469879055,1.215839919684821,0.2370121644256504,54214.699349503135,-0.02226355228843786,106.84233366196126,0.0780438107075988,21777.0,0.0,21515.0,0.0,0.0,0.9959648937361011,0.9000000000000004,0.8963683868551853,0.9402086370388428,0.6480485100201792,0.09277630540040824,0.07976095685852247,-0.13809118672727724,0.023175761892044275,0.7907949790794979,1.2158399261199204,0.0,239
92,eval,pact,3.0,0,0.0,0.0,0.0,0.0,0.0,0.013763479861161948,1.1196564458404126,1.17234156296343,0.4041371819364476,104264.73685930962,-0.036073148250579834,388.5439147949219,0.02722753679855224,22015.0,0.0,21753.0,0.0,0.0,0.998041281889672,0.9000000000000004,0.8982371276392598,nan,nan,0.023801074222034178,0.02380107459222516,-0.13473299715083248,0.04486780023146088,0.8075313807531381,1.172341560680268,0.0,239
93,eval,pact,3.0,0,0.4967134153445068,0.21438038105909346,0.35730060868635705,0.12970711621280495,0.0,0.014194811361152132,1.3531202860955913,1.1836213242558755,0.49232921939514673,98161.42466984833,-0.040369809262267464,137.99475932420546,0.0654188211516294,22253.0,0.0,21991.0,0.0,0.0,0.9922644777776806,0.9000000000000004,0.8930380121185191,0.7486004875288931,0.6983669132480128,0.0045111258098456475,0.07383363500089389,-0.1827846243045578,0.5802842814326835,0.05439330543933055,1.183621322029333,0.0,239
94,eval,pact,3.0,0,0.03145542497177721,0.013310027456990683,0.022183378477116645,0.0,0.0,0.014189227168530102,1.1471407288786757,1.2269587289838113,0.4544654090783586,82124.58691814853,-0.032864615399094306,278.06291396647816,0.047615406232024836,22491.0,0.0,22229.0,0.0,0.0,0.9979575790121964,0.9000000000000004,0.8981617958475855,0.5034058101625758,0.47502090073432734,0.044798726041646884,0.04259889429263677,-0.140195724738888,0.03599513338674738,0.7824267782426778,1.2269587342303419,0.0,239
95,eval,pact,3.0,0,0.10291766645305227,0.04489984979222735,0.07483307739683703,0.008368200961515993,0.0011411183299379866,0.014067507701610298,1.2567377122875039,1.2661144500247603,0.05778336908013626,128906.9098457113,-0.019175232439711067,198.45979603164864,0.043847468200385195,22729.0,0.0,22467.0,0.0,0.0,0.9939015560070341,0.9000000000000004,0.8945113853181257,0.8351987465417448,0.35491279603163217,0.020214926978997603,0.04083645672665979,-0.15715183027011928,0.20104454138104988,0.4686192468619247,1.2661144387829355,0.0,239
96,eval,pact,3.0,0,0.215627043554328,0.08686171349017588,0.14476951184937298,0.042601750485567864,0.0001901863883229978,0.014047540368699317,1.2703690429112902,1.2102367687175464,0.4094401300284684,52597.00008989278,-0.038593304824282776,221.85392516227947,0.05569328758748692,22967.0,0.0,22705.0,0.0,0.0,0.9924891453906582,0.9000000000000004,0.8932402031691005,0.7341941689338891,0.5260431685361969,0.024362223088246537,0.054891527495950956,-0.1766083420949161,0.4076382088489273,0.37656903765690375,1.2102367711085613,0.0,239
97,eval,pact,3.0,0,0.22391452780090834,0.08721311571674785,0.14535518439494416,0.03803727747755569,0.0,0.01337725736948985,1.2651328691378796,1.1690530602403266,0.22551659154842088,138607.68736924685,-0.0340309532310046,213.68864651604179,0.04432525400220413,23205.0,0.0,22943.0,0.0,0.0,0.9944377986706451,0.9000000000000004,0.8949939953981583,0.5408782998004964,0.5515051563754667,0.007392238411638472,0.04641461185526461,-0.14228398955728494,0.15401050476275258,0.5313807531380753,1.1690530463267301,0.0,239
98,eval,pact,3.0,0,0.0002749838577568819,0.00020438023997766889,0.0003406336907566248,0.0,0.0,0.014124668374751154,1.1211363092127204,1.189435315930195,0.25499395720629514,93721.58892847803,-0.024541951715946198,48.27988052368164,0.037796047017383524,23443.0,0.0,23181.0,0.0,0.0,0.9977626967629628,0.9000000000000004,0.8979864018232753,33.577214746195935,-43.641931120806134,0.02690592547065241,0.0324783081434293,-0.1356403968363815,0.011424671355233094,0.9246861924686193,1.1894353180153523,0.0,239
99,eval,pact,3.0,0,0.22391449630794566,0.08204857801222612,0.13674762256116052,0.03499429457856023,0.0,0.013277108938857975,1.2341489914072108,1.1770972870134409,0.21803572710416433,107622.36380426255,-0.03190167936146703,125.32062500989586,0.06759215598715523,23681.0,0.0,23419.0,0.0,0.0,0.9909948980957893,0.9000000000000004,0.8918953890830403,0.7151162675611469,0.3791566557424939,0.028390262032016403,0.06425758971828796,-0.13672647164771784,0.03709308881569185,0.799163179916318,1.1770972898967884,0.0,239
100,train,pact,3.0,0,0.031455413804247795,0.015045311693813278,0.025075518985953043,0.0,0.0,0.018773251376796717,1.8092928182131076,1.816147349369576,-0.052704572607470856,12659.970157639253,-0.025181034786400686,35.48582547080068,0.02460318937433482,23919.0,0.0,23657.0,0.0,0.0,0.9891416263380809,0.9000000000000004,0.89022744001205,0.9883897541049965,0.04262201200496629,0.011678756242381398,0.022042518397588595,-0.21657747950900877,0.24816760141250485,0.3891213389121339,1.816147352530519,0.0,239
101,train,pact,3.0,0,0.19514420172920505,0.06715094243872764,0.11191822871859049,0.031190566812100272,0.0,0.01664711953097931,1.7882750144064676,1.6726542045381778,-0.5752590732214481,4828.91830993397,0.023449881273861505,24.728141719826095,0.04370796129301217,24157.0,0.0,23895.0,0.0,0.0,0.9939374838912837,0.9000000000000004,0.8945437053756236,0.370259147456662,0.3716175528103035,0.0024436832033294686,0.04594596596015812,-0.2130862438020297,0.3510193180806553,0.27615062761506276,1.672654203619452,0.0,239
102,train,pact,3.0,0,0.001747928173575944,0.0011647541661248503,0.0019412567727238516,0.0,0.0,0.019088045869287588,1.7790520914428902,1.8498762282367531,0.11593353732734545,4495.007547929197,0.11753422766923904,3.5019690990448,0.03889120586419081,24395.0,0.0,24133.0,0.0,0.0,0.9943204469760591,0.9000000000000004,0.8948883803319732,10.197164878524074,-9.450912385177174,0.025969231182667002,0.03467507971349371,-0.21088646429501345,0.14822398290750466,0.5146443514644351,1.8498762196216296,0.0,239
103,train,pact,3.0,0,0.14082450920353773,0.05472365689340192,0.09120609051572055,0.02225180674796324,0.0,0.017720225491175218,1.808217078322646,1.7809648152175808,0.12653847682488514,4428.148941103884,0.13382954909524658,14.000208693069395,0.05991355286205819,24633.0,0.0,24371.0,0.0,0.0,0.9933041880320306,0.9000000000000004,0.8939737527939067,0.6235566127991694,0.2191704278985086,0.02505912269041145,0.05768409702696966,-0.20423141667531913,0.150063800112763,0.49372384937238495,1.7809648183406661,0.0,239
104,train,pact,3.0,0,0.0,0.0,0.0,0.0,0.0,0.018322858589245435,1.787871291447883,1.7918765415207611,-0.21611347631490438,5312.85394874477,0.1448473036289215,17.335777282714844,0.003247405116012316,24871.0,0.0,24609.0,0.0,0.0,0.9937899771095818,0.9000000000000004,0.8944109660811005,nan,nan,0.0029192854967903517,0.0029192856759798352,-0.20606617785260387,0.14220006528383627,0.46443514644351463,1.7918765430882897,0.0,239
105,train,pact,3.0,0,0.25732146626996916,0.09053563604580654,0.15089271481684366,0.07227082581699643,0.0,0.017572905488359006,1.8298543372413603,1.708867820486364,-1.3313137824636412,5176.555651804393,0.200926944239369,11.286941302371325,0.0557170680318092,25109.0,0.0,24847.0,0.0,0.0,0.9930490799030001,0.9000000000000004,0.8937441514625709,0.3739574048505437,0.39767034137936164,0.0021596398540985598,0.059211046513726266,-0.19777029166481808,0.14694798065224488,0.4895397489539749,1.7088678229200234,0.0,239
106,train,pact,3.0,0,3.5839762234725213e-06,2.0639633464677624e-06,3.4399386266417897e-06,0.0,0.0,0.019067924576869944,1.7696448724140184,1.8508672140632214,0.12736519030197893,5348.7523188251835,0.3073587417602539,2.0456130504608154,0.047683261296902806,25347.0,0.0,25085.0,0.0,0.0,0.9947947380931806,0.9000000000000004,0.8953152418635381,15.23388382374281,-14.970447254491733,0.04201914736105106,0.041696978698847,-0.21179935352819693,0.1562954390337992,0.4435146443514644,1.8508672116031317,0.0,239
107,train,pact,3.0,0,0.04666315660102996,0.019596027527802706,0.03266004468074152,0.0030429822131679647,0.0,0.018253261924849894,1.772816695927576,1.7678645968935978,0.011388867424711367,5427.727347018828,0.07976472871105292,8.629026031394384,0.026319586560831533,25585.0,0.0,25323.0,0.0,0.0,0.9932692761700522,0.9000000000000004,0.8939423276789518,0.5208290289964935,0.16306221421112388,0.011890604045611479,0.02521552831406031,-0.2042246252521172,0.15564260067064303,0.5146443514644351,1.7678645916798912,0.0,239
108,train,pact,3.0,0,0.3959428790102983,0.13515736393535643,0.22526225240536524,0.11430201676350757,0.0,0.01811500994301553,1.8041844677226813,1.7490447789555315,0.2924620236655421,4573.101217229995,0.19109723185116978,13.752187993735948,0.1079046386508388,25823.0,0.0,25561.0,0.0,0.0,0.9938777495627623,0.9000000000000004,0.8944899412378606,0.7030788685746073,0.3527230242175967,0.053406512353387545,0.10534448609940676,-0.21141626330581115,0.2869224606071397,0.3514644351464435,1.749044773493378,0.0,239
109,train,pact,3.0,0,0.497250765612289,0.17285028579164083,0.2880837863492568,0.11696462545185408,0.0,0.016596790128406994,1.7224203577600263,1.6318722339853582,0.33862175483833296,4589.034352322503,0.2656188949506153,11.538521785616377,0.10648363898021157,26061.0,0.0,25799.0,0.0,0.0,0.9931857633291428,0.9000000000000004,0.8938671609846618,0.7545333709519322,0.4448836694042735,0.08363911895840256,0.1064380521741871,-0.22727170989176185,0.5525089765274934,0.14225941422594143,1.6318722299443345,0.0,239
110,train,pact,3.0,0,0.13356819286291968,0.04906979991140372,0.08178299540809938,0.020159756725802083,0.0003803727766459956,0.01772543051665859,1.7390816002211311,1.7410983740036459,0.287713144800653,4414.876647693842,0.1715858261330856,18.90931758122464,0.05169226837667898,26299.0,0.0,26037.0,0.0,0.0,0.9935650366619541,0.9000000000000004,0.8942085025699568,0.7796688777317614,0.29030414718768116,0.02428045269139361,0.049532430490019055,-0.2182925190570598,0.33184960978070566,0.3263598326359833,1.7410983789866896,0.0,239
111,train,pact,3.0,0,0.06036288374898542,0.020554125977906706,0.03425687363159185,0.003233168414447098,0.0,0.01678227275321611,1.778390855469963,1.7539131691266303,0.22838819848381325,4154.119783154092,0.18730068418770154,19.17019996383699,0.018613536679234637,26537.0,0.0,26275.0,0.0,0.0,0.9921133575579113,0.9000000000000004,0.8929019984341067,0.2233890578835941,0.21041948490723272,0.0029593314522960777,0.0187825870752056,-0.2033783908158625,0.16579126977061634,0.49372384937238495,1.753913175911083,0.0,239
112,train,pact,3.0,0,0.0003611348120901913,0.00018069989167404202,0.00030116648584941334,0.0,0.0,0.017144043996119598,1.7164399075208847,1.7407519792413113,-0.044087080226989005,3110.415684656119,0.25291818380355835,1.8620846271514893,0.016644581442915106,26775.0,0.0,26513.0,0.0,0.0,0.9918180454725002,0.9000000000000004,0.8926362235675795,16.956796410363197,-16.926180240841436,0.012594917904751032,0.014901903897297869,-0.2019831725167644,0.165613222944301,0.4769874476987448,1.7407519736527872,0.0,239
113,train,pact,3.0,0,0.19514420172920505,0.05595373600780663,0.09325621769569666,0.02852795787436194,0.0,0.01633848021757715,1.7196372223698444,1.6734424258375766,-0.5341455403405581,2710.7573415844013,0.26117990443397265,1.787990017416088,0.037527502881538145,27013.0,0.0,26751.0,0.0,0.0,0.9918614062305274,0.9000000000000004,0.8926752456561292,0.3285972877343645,0.34966564774907916,0.0018409142751335096,0.03945533483196391,-0.2010821276286798,0.23214338704412588,0.40585774058577406,1.6734424256099885,0.0,239
114,train,pact,3.0,0,0.08452667201199193,0.03102318901767994,0.05170531159337275,0.007417268957553049,0.0,0.017415594603772816,1.7149982676845215,1.7499903639988919,0.39028508805330825,2938.31292392619,0.4805963660383823,7.890872284458272,0.03916830207936263,27251.0,0.0,26989.0,0.0,0.0,0.9927049077205579,0.9000000000000004,0.8934343933560359,1.2759025929409604,0.31616625692347966,0.023460431838629586,0.03556428146236829,-0.2068773706468118,0.21154930413365383,0.4476987447698745,1.7499903757695319,0.0,239
115,train,pact,3.0,0,0.4836600335450891,0.13886476664385752,0.23144126091174105,0.07987828159930815,0.0,0.016090955300778774,1.6649761244841699,1.6273536667165398,0.4899342234039905,2549.1841514938546,0.46293024900836954,8.095211741066379,0.09288754670346881,27489.0,0.0,27227.0,0.0,0.0,0.9921572263270741,0.9000000000000004,0.8929414784060362,0.704916346641596,0.41137448434668944,0.055576790080860604,0.09186634699965995,-0.20592785427249483,0.3600997062227365,0.2510460251046025,1.627353669791698,0.0,239
116,train,pact,3.0,0,0.5019918540521879,0.14697290469630236,0.24495482399635501,0.08463294037216378,0.0,0.015900168846513314,1.6715449688324868,1.6349477127007361,0.5168127292868483,2780.549061029027,0.43996907165858534,5.904105201425912,0.07944179674177956,27727.0,0.0,27465.0,0.0,0.0,0.991443783169511,0.9000000000000004,0.8922993894900239,0.7321729173271623,0.4662633510684012,0.030532333999872208,0.0803128305635567,-0.2054505535180751,0.36012938069378914,0.27615062761506276,1.6349477080591228,0.0,239
117,train,pact,3.0,0,0.2947040708871606,0.09093674539487807,0.1515612294163144,0.07093952159751908,0.0,0.01677861018885691,1.6794944423013152,1.696382027290855,0.5079897885292644,2892.8307043099503,0.44945979193164715,10.432913070443284,0.0696123715871984,27965.0,0.0,27703.0,0.0,0.0,0.9921868251457374,0.9000000000000004,0.892968124176169,0.840201450792953,0.40734796091699355,0.030894088229899287,0.0681479761345803,-0.21474660575704588,0.3730081011305974,0.28870292887029286,1.6963820211279972,0.0,239
118,train,pact,3.0,0,0.47389736845189456,0.12975041711658253,0.21625067921744798,0.06903765727785342,0.0,0.01623410179969469,1.6656165225236486,1.642871494073748,0.49896855309418553,2288.2950138108004,0.4949017620361001,5.773320838497273,0.0884187191327309,28203.0,0.0,27941.0,0.0,0.0,0.991602219298295,0.9000000000000004,0.8924419775168766,0.7200502811360366,0.4030755500008759,0.04692665682174266,0.08724917565904963,-0.2062652569437756,0.34155316181489065,0.33472803347280333,1.6428714920527467,0.0,239
119,train,pact,3.0,0,0.0010625928217568533,0.00034512366897866876,0.0005752060253798541,0.0,0.0,0.01666006693912662,1.6670116889426898,1.6730334938320655,0.38886158960134914,1908.7940546139514,0.35602691769599915,14.400275230407715,0.008282474161780374,28441.0,0.0,28179.0,0.0,0.0,0.991650683859901,0.9000000000000004,0.8924855931533431,0.3790607004597164,-0.1586743933933319,0.0075701075807556245,0.007456262599848305,-0.2015916247614199,0.24339001157304374,0.41422594142259417,1.6730335066389854,0.0,239
120,eval,pact,3.0,0,0.0010625928217568533,0.0005692324206826913,0.0009487206495033819,0.0,0.0,0.013965456415295101,1.3193662228943415,1.322277062108826,-0.38525580185968195,11751.515639301124,0.35602691769599915,14.400275230407715,0.002493835736207847,28679.0,0.0,28417.0,0.0,0.0,0.9963188986897967,0.9000000000000004,0.8966869854029252,0.22731611984951197,-0.10048353969222945,0.0018006613706588335,0.0022985047669170392,-0.1848148728730474,0.5011721416065759,0.17573221757322174,1.3222770594203528,0.0,239
121,eval,pact,3.0,0,0.41462239765982967,0.14727862745389927,0.2454643557229319,0.12095854129003182,0.0,0.012619542163527847,1.204315152627155,1.191141437536503,-1.0321531240949136,51091.46454138337,0.13363241426068043,19.064459170257695,0.06850894770432053,28917.0,0.0,28655.0,0.0,0.0,0.9924623130754446,0.9000000000000004,0.893216068026411,0.50067317610175,0.5407320797951847,0.002444596308219173,0.0762684767287435,-0.16430215703301335,0.41289059022522934,0.19246861924686193,1.1911414288758098,0.0,239
122,eval,pact,3.0,0,0.3991743668428696,0.10000196308838023,0.16666992244302276,0.06295169353734499,0.0,0.01204915478032581,1.1133693060116787,1.1660172689908719,0.3830403437424903,53466.30753138076,-0.0230579714334149,21.734903060242722,0.0904873985656884,29155.0,0.0,28893.0,0.0,0.0,0.9931306577127847,0.9000000000000004,0.8938175669275068,0.5607725560301781,0.5161315912301094,0.10258068389224785,0.08776847978812256,-0.17710858263244716,0.5572865663669545,0.15481171548117154,1.1660172685980807,0.0,239
123,eval,pact,3.0,0,0.0488099870398625,0.013268239891723287,0.02211373184144421,0.0,0.0,0.014254339548825407,1.2646207597465196,1.3275237330332958,0.2130273920347501,95157.10917887029,-0.03236081639000811,27.281745120571248,0.05410071168967745,29393.0,0.0,29131.0,0.0,0.0,0.993468172380615,0.9000000000000004,0.8941213311510605,0.3021805145188117,0.2087696892937061,0.049613701990606746,0.04767206503530364,-0.1854877286544149,0.5033087035223597,0.13807531380753138,1.327523736984533,0.0,239
124,eval,pact,3.0,0,0.5015085098678519,0.1656876823928321,0.27614611397828825,0.11335108538302417,0.0,0.011270357191632795,1.1203246253803685,1.1294309319811386,0.49977298448774105,54940.503268828455,-0.01792253916088256,30.374709743834938,0.08756597963002,29631.0,0.0,29369.0,0.0,0.0,0.9926329078035874,0.9000000000000004,0.8933695968723696,0.6779521398584165,0.4854826150723963,0.03353538364171982,0.0897232720640071,-0.1526467702854871,0.3211668002017864,0.3305439330543933,1.1294309263072058,0.0,239
125,eval,pact,3.0,0,0.1335682206150051,0.05373352331674495,0.08955586659704982,0.0163560292710819,0.0,0.013955166927737546,1.243627670170373,1.2736247231770759,0.4591801790013972,80287.25581851465,0.0511917340078208,92.73445453404382,0.0571733479345194,29869.0,0.0,29607.0,0.0,0.0,0.9938837658910074,0.9000000000000004,0.8944953734904653,0.3221364663161906,0.33396877470929,0.030671623722968885,0.05667401056748398,-0.17400712390681225,0.44413780824356813,0.17154811715481172,1.2736247257693691,0.0,239
126,eval,pact,3.0,0,1.0033076722564557e-05,3.883964869205423e-06,6.47327488348683e-06,0.0,0.0,0.014537201315616588,1.2963368708119731,1.3305320230986784,0.19666734730598817,86765.85836166318,-0.04004348814487457,33.179203033447266,0.03317420736878767,30107.0,0.0,29845.0,0.0,0.0,0.9942305589320769,0.9000000000000004,0.8948074846088138,11.722349361493038,-12.104633348541553,0.02977710084149109,0.029449156520568676,-0.18412370701026695,0.47939107985400153,0.100418410041841,1.3305320255944078,0.0,239
127,eval,pact,3.0,0,0.0065658995871934805,0.003003805030671155,0.005006341470179448,0.0,0.0,0.014023455491125833,1.3214342050472563,1.3215617971440239,-0.316818076696356,240533.0394874477,-0.039475759023714765,33.40901072354496,0.004617161854405529,30345.0,0.0,30083.0,0.0,0.0,0.9939380185873439,0.9000000000000004,0.8945441999196009,0.20269153412981672,0.11119736390437762,0.0018750965675594215,0.004329958953626773,-0.1858052443312815,0.4967506454197454,0.18410041841004185,1.3215617901653989,0.0,239
128,eval,pact,3.0,0,0.0034414877965033177,0.001717033667914449,0.002861722570247427,0.0,0.0,0.014038787005180844,1.321062380798691,1.323337662170123,-2.371797979376805,330806.1134283473,-0.015196441672742367,42.6260871887207,0.005657767444200206,30583.0,0.0,30321.0,0.0,0.0,0.993678237603798,0.9000000000000004,0.8943103960867207,0.18277101309848892,0.05132248308426757,0.00393355940969466,0.00517011950901616,-0.184531950949455,0.4993619988723701,0.16736401673640167,1.3233376544831388,0.0,239
129,eval,pact,3.0,0,0.501946137909228,0.13269504975987462,0.2211583963768614,0.06884747088953042,0.0,0.009914765340007186,1.029867958324225,1.036037808182848,0.09344843976106106,121594.23651608263,-0.003653063960266241,39.98249247882157,0.07290646106016405,30821.0,0.0,30559.0,0.0,0.0,0.9911615259976566,0.9000000000000004,0.8920453522494647,0.7069904157600008,0.4526854940028169,0.0070335689233615994,0.07450286828996575,-0.16508689061361606,0.5635478797590433,0.13807531380753138,1.0360378122397547,0.0,239
130,train,pact,3.0,0,0.27401919350725557,0.07300766624290365,0.12167943403086816,0.03290224486813884,0.0,0.017062819416724363,1.7120786341663186,1.6913474344309405,0.42489810967545133,4066.9169462196,0.12707858193260482,109.70791214554879,0.06174947428867751,31059.0,0.0,30797.0,0.0,0.0,0.9895216301395304,0.9000000000000004,0.890569441986882,0.3954729614563119,0.4204765482797681,0.03561010868942136,0.062459093633509204,-0.20473132555410242,0.2540431466809104,0.38493723849372385,1.6913474231705383,0.0,239
131,train,pact,3.0,0,0.0002036993206716357,6.598377578453917e-05,0.00010997295280636939,0.0,0.0,0.0165978941080554,1.6815968208233183,1.7083736737901696,0.2444201020765504,1927.5147567174424,0.5659403800964355,1.1849045753479004,0.033595193298260786,31297.0,0.0,31035.0,0.0,0.0,0.9918818179533572,0.9000000000000004,0.8926936200971882,1.48858779901218,-0.5164156654136824,0.030491303244059013,0.029436770129791037,-0.20481240751295177,0.22635686518887801,0.41422594142259417,1.7083736767523803,0.0,239
132,train,pact,3.0,0,0.06536319171795504,0.019477383462106895,0.03246230359350745,0.0015214911065839823,0.0,0.016361358061152274,1.6864784743995347,1.6793918440032705,0.06717617604888831,1680.8644728401216,0.5035462987971605,1.2715532071420836,0.015619170677976144,31535.0,0.0,31273.0,0.0,0.0,0.9913843705564364,0.9000000000000004,0.8922459086613675,0.2606097607182726,0.2649743800648515,0.0016362928663564598,0.01600317814927811,-0.20027209826676223,0.2268019822546663,0.41422594142259417,1.6793918481331196,0.0,239
133,train,pact,3.0,0,0.10614912902745642,0.03411253182385283,0.056854216186156804,0.013693419709864022,0.0,0.016829641592381015,1.6738035833486453,1.6857703677281177,0.42046522183897106,1581.3960252067534,0.5899504671909819,5.06442009654504,0.03704216536845638,31773.0,0.0,31511.0,0.0,0.0,0.9914170770465579,0.9000000000000004,0.8922753388911611,0.926159990698692,0.2769842524665226,0.016864965705402718,0.03517520949721851,-0.21088462608056296,0.32932727974123854,0.3682008368200837,1.6857703666305033,0.0,239
134,train,pact,3.0,0,0.5015085098678519,0.1214657069790576,0.20244283215583606,0.05344237368475942,0.0,0.014548915763732405,1.5502599879288774,1.526661073562989,0.5498143474427227,1377.9422239678674,0.5850472478702602,2.933613051181059,0.06290905576668851,32011.0,0.0,31749.0,0.0,0.0,0.990941858441261,0.9000000000000004,0.8918476533690257,0.693354059138547,0.48361661672255307,0.003063328591032097,0.06448590668151155,-0.20761823231965323,0.4850589038250392,0.16736401673640167,1.5266610686001818,0.0,239
135,train,pact,3.0,0,0.34633041948240073,0.0957633851335136,0.1596056303219998,0.06200076066051068,0.0,0.016958149118839947,1.686033208998676,1.6950131285639487,0.6161976109987523,1871.3839662942926,0.5989124908357485,6.79232328756085,0.06434578722572756,32249.0,0.0,31987.0,0.0,0.0,0.9915619467591641,0.9000000000000004,0.8924057254232622,0.8764018077832442,0.4726852490092217,0.030881794373271987,0.062294660818034385,-0.205841144520783,0.27748597881242765,0.3807531380753138,1.6950131202025533,0.0,239
136,train,pact,3.0,0,0.49821823029872664,0.13155262319277156,0.21925435469059126,0.06485355673474746,0.0,0.015559811373026925,1.5627028116621233,1.5634497833052439,0.5938013397998889,1748.2672083387813,0.5146856808637476,5.109920783771132,0.07762316218285069,32487.0,0.0,32225.0,0.0,0.0,0.9913785462598921,0.9000000000000004,0.8922406711837737,0.7136843096701435,0.4557666454420085,0.05153015289455652,0.07777167167748368,-0.20899176101862296,0.4509332621146029,0.27615062761506276,1.563449790727535,0.0,239
137,train,pact,3.0,0,0.10614915428562363,0.029989296025476918,0.04998215844709619,0.006276150689963018,0.0,0.016644597700387863,1.6988763649593337,1.696165783135961,0.44858970614656746,2045.3156605485094,0.43328030525889855,12.615468983370889,0.032615442713040656,32725.0,0.0,32463.0,0.0,0.0,0.9910248782345441,0.9000000000000004,0.8919223649232457,0.2969807195479086,0.30687639579110604,0.016107290929812154,0.03229227296230636,-0.20120915479901363,0.20181607762841625,0.4895397489539749,1.6961657927787352,0.0,239
138,train,pact,3.0,0,0.33866766505446294,0.09408187705594934,0.15680311906189712,0.05135032403668599,0.0,0.01779111422536014,1.6823309148704657,1.7001940765141443,0.5768539934228155,2171.3872519776414,0.5584627581939537,6.221339086359016,0.06701687803476362,32963.0,0.0,32701.0,0.0,0.0,0.9925533388449058,0.9000000000000004,0.8932979802706251,0.8461334838321407,0.4525960928394529,0.03391147148795426,0.06511406752253614,-0.20424323265244035,0.2277812397994006,0.4309623430962343,1.7001940779900526,0.0,239
139,train,pact,3.0,0,0.010237411712357194,0.0030690049210853852,0.005115007891279324,0.0,0.0,0.016967920884567948,1.6895213216917286,1.69375577107633,0.3849782360148729,2553.4812788065506,0.3390274732432106,3.7131575111564734,0.006751474033065519,33201.0,0.0,32939.0,0.0,0.0,0.9915332065965341,0.9000000000000004,0.8923798585037807,0.7340099558750901,0.19279125679163622,0.004489962736603475,0.006270749918813525,-0.20709126572548026,0.27956319178610645,0.35564853556485354,1.6937557586749703,0.0,239
140,train,pact,3.0,0,0.40549756067851994,0.10681358775975819,0.1780226310774992,0.06656523435435036,0.0,0.017609398775036488,1.6878888245407009,1.6855723972599876,0.45981881013101117,2042.1000235968554,0.5252112056670328,7.05784274519238,0.0813323636422378,33439.0,0.0,33177.0,0.0,0.0,0.9920473684825658,0.9000000000000004,0.8928426050242021,0.6794756635886885,0.35736962153001794,0.03440997247360175,0.08017716001306181,-0.21288080588562297,0.3613460340069439,0.28451882845188287,1.6855723949622663,0.0,239
141,train,pact,3.0,0,0.28232660558694295,0.08184943866011256,0.13641572144180797,0.054773678527716314,0.0,0.01662569600800403,1.6952945712221217,1.67272032479362,0.4239064236814507,2096.488405874085,0.4920046514359977,8.156659278410748,0.04557920626275023,33677.0,0.0,33415.0,0.0,0.0,0.9908450360577475,0.9000000000000004,0.8917605093832295,0.44949981807639744,0.4870897905306071,0.006873657813620022,0.049142579477919446,-0.19777449917046439,0.20033235407578864,0.502092050209205,1.6727203348173372,0.0,239
142,train,pact,3.0,0,0.04055127557113798,0.010380492741171423,0.01730082028778757,0.0,0.0,0.01720943012777482,1.667431131067635,1.697528526373987,0.323012814112787,2160.5664654975158,0.6075400182642199,1.0094289011536284,0.046305185089386594,33915.0,0.0,33653.0,0.0,0.0,0.9919746612903962,0.9000000000000004,0.8927771775792334,0.2699761246911099,0.2267469105427684,0.04420325595240753,0.0419062524727082,-0.19960398491463335,0.19288406184159768,0.502092050209205,1.6975285286030295,0.0,239
143,train,pact,3.0,0,0.21976545920194163,0.05722129948451948,0.09536882726488748,0.02643590766515692,0.0,0.016404805042504265,1.6113128270564219,1.6130877895335274,0.2673448470409445,2094.397286770234,0.5100115329401264,1.2295835452099724,0.03966707390125171,34153.0,0.0,33891.0,0.0,0.0,0.9908490457794158,0.9000000000000004,0.8917641218237299,0.4106652544334326,0.4397406544881235,0.012821648102143677,0.04139090164917206,-0.199385045203745,0.2716104335440221,0.3891213389121339,1.6130877789577989,0.0,239
144,train,pact,3.0,0,0.07057711293792525,0.02069550042320603,0.03449249889809496,0.0,0.0,0.01788788701692074,1.6812357942429546,1.7069403476794893,0.441302503252628,2174.533584658571,0.5901772898610167,7.8967128944696245,0.033362557387727636,34391.0,0.0,34129.0,0.0,0.0,0.9920469071077004,0.9000000000000004,0.8928422032539814,1.5915646657373388,0.08147441922161824,0.018183492440261916,0.029223811691412586,-0.2032301862682804,0.2153179619573281,0.46443514644351463,1.7069403625423574,0.0,239
145,train,pact,3.0,0,0.20738796240876128,0.059959910699149556,0.09993317724772043,0.03309243069533025,0.0,0.017489272921841013,1.6959698871089823,1.6652979823335943,0.29245234430459754,2479.744762723915,0.5009689157103894,6.3707487366189515,0.03719340781968625,34629.0,0.0,34367.0,0.0,0.0,0.9907234393403122,0.9000000000000004,0.8916510740084628,0.3789538759566031,0.4024760208008198,0.0022546689135756774,0.03948911461296246,-0.19485084398066765,0.15941125849431734,0.5188284518828452,1.665297979871421,0.0,239
146,train,pact,3.0,0,0.36126752409238416,0.10043198383380011,0.16738662749649927,0.0713198940624253,0.0,0.018397393646147335,1.7405949676385983,1.7273944356950257,0.33175620230920144,2557.8105162297334,0.5037457727238723,1.4005015814154718,0.07730024822336859,34867.0,0.0,34605.0,0.0,0.0,0.9924641683011873,0.9000000000000004,0.8932177367070728,0.4883761731568948,0.5026012133041502,0.06328639721133462,0.07898223413949419,-0.1980618652792979,0.14949998516276447,0.5230125523012552,1.7273944400627033,0.0,239
147,train,pact,3.0,0,0.19514417073502602,0.06210823650350702,0.10351372240588583,0.027196652532621407,0.0,0.018419499892866138,1.6648637515231655,1.734166641614427,0.5367529536889687,3987.011173264252,0.42440713150231907,11.581988538658269,0.05673920241804115,35105.0,0.0,34843.0,0.0,0.0,0.9941447394662323,0.9000000000000004,0.8947302429745886,1.1997050719566726,0.39747346261689875,0.031133067275964675,0.05165933391320905,-0.213900773792947,0.3090596160123446,0.39330543933054396,1.7341666316485267,0.0,239
148,train,pact,3.0,0,0.006565895839070679,0.003130174547306722,0.005216957121321768,0.0,0.0,0.019386581303045217,1.7552259896090838,1.76124648668776,0.3628172012178469,5390.057061486663,0.27513684725162874,2.60418484699776,0.007255444940029562,35343.0,0.0,35081.0,0.0,0.0,0.9935179542298097,0.9000000000000004,0.8941661396285979,0.6988259689470787,0.1985797901592804,0.004868711015704181,0.006731596012808243,-0.2013658590938551,0.12222914626546781,0.5606694560669456,1.7612465012997962,0.0,239
149,train,pact,3.0,0,0.18707420168323716,0.05506528407543757,0.09177546670198125,0.02852795750027421,0.0,0.018265774307936182,1.751133216973628,1.6987957567849419,-0.09484933900196792,4391.905571718096,0.2968548186528633,2.4950930478682576,0.036989595363414396,35581.0,0.0,35319.0,0.0,0.0,0.9916377287030719,0.9000000000000004,0.8924739388242426,0.33344987081139704,0.34929914504811765,0.0018455714991971574,0.03883093894226964,-0.19269282021680062,0.09926110567079142,0.5732217573221757,1.6987957611654503,0.0,239
150,eval,pact,3.0,0,0.003041941807975517,0.0014561458842896576,0.002426909720517839,0.0,0.0,0.01988767716784233,1.3823822128224073,1.4842459088090074,0.17615441993564743,26880.70259790141,0.46464234590530396,1.6378239393234253,0.029516735186247024,35819.0,0.0,35557.0,0.0,0.0,0.9994031859242267,0.9000000000000004,0.8994628487770527,0.3739948781008219,0.10959806371384528,0.027957401934717956,0.02657021978718061,-0.1626015534455614,0.0033532152289385444,0.9874476987447699,1.4842459186089403,0.0,239
151,eval,pact,3.0,0,0.3575846668143823,0.10859085001882164,0.1809847351347747,0.06580448842697063,0.0,0.015047583037356078,1.2907418930380914,1.2208130835988034,0.1439082630808664,119718.32729144875,0.2711525290627734,23.092783598221494,0.04616629221636381,36057.0,0.0,35795.0,0.0,0.0,0.9894045601330043,0.9000000000000004,0.8904640886574111,0.6690215680897948,0.6003963356741335,0.005309767034705928,0.049406423407828894,-0.15940419762411862,0.2584052939256357,0.5732217573221757,1.2208130818355412,0.0,239
152,eval,pact,3.0,0,0.16730015471176524,0.06564666483259374,0.10941110097124411,0.012932674094224076,0.0,0.018152019901349205,1.3524839593775602,1.4170550813734781,0.6560048036994296,182509.59234440376,0.16360948206739945,140.3102358534745,0.032310896391384146,36295.0,0.0,36033.0,0.0,0.0,0.9980651683887178,0.9000000000000004,0.8982586202262336,1.0106116130669625,0.6814591694003276,0.01750443087158991,0.028436168293745324,-0.16411474130598835,0.13584972847858987,0.7489539748953975,1.417055092566139,0.0,239
153,eval,pact,3.0,0,0.3069478625608959,0.10315071240480415,0.17191783840339153,0.06979840276879745,0.0,0.016718251030564808,1.3332801962497345,1.267877120353188,0.5556801840600608,222651.71378138076,0.12257878465975429,125.98997643602443,0.047815643171058915,36533.0,0.0,36271.0,0.0,0.0,0.9901094411706326,0.9000000000000004,0.8910984819653642,0.6529709897825503,0.600467789885937,0.012153559500562414,0.050431303965379815,-0.14693512419241167,0.05560995875248523,0.8410041841004184,1.267877114790093,0.0,239
154,eval,pact,3.0,0,0.5013695556751894,0.19144360153656623,0.3190726486547235,0.08634461786707076,0.0,0.017229950864055044,1.3703256496325695,1.3137638000264826,0.4902863660866247,79201.23708812761,0.139877311729487,88.62686711873968,0.059145165081272315,36771.0,0.0,36509.0,0.0,0.0,0.9960868605509962,0.9000000000000004,0.8964781638967442,0.8512836075760253,0.7077275319207598,0.04900383071175644,0.06405593176220375,-0.1432214545240875,0.007834060357874121,0.9665271966527197,1.3137637952864116,0.0,239
155,eval,pact,3.0,0,0.0020282095075691135,0.001073873760037428,0.0017897894567148525,0.0,0.0,0.019414216330641235,1.377371512696334,1.4467250739680175,0.605258582526171,151706.5053772228,0.09664802253246307,290.2509460449219,0.02779378653913113,37009.0,0.0,36747.0,0.0,0.0,0.9971302570658249,0.9000000000000004,0.8974172043999867,7.660167138693976,-7.886965239702652,0.017915662649176912,0.02446126874056976,-0.1596680421032828,0.01890263806047657,0.9246861924686193,1.446725074208345,0.0,239
156,eval,pact,3.0,0,0.02819465429997744,0.010798283808219985,0.017997139009486816,0.0,0.0,0.01764170482372826,1.3007475087832208,1.315042581268933,0.0962738932400068,222612.05491631798,0.10059617132447254,80.86413646043594,0.013702699580428553,37247.0,0.0,36985.0,0.0,0.0,0.9918607137317936,0.9000000000000004,0.892674630967643,1.0361802146353536,0.1105835302552175,0.004661196941342303,0.011514394242067093,-0.15690652941155933,0.13947001394700137,0.7740585774058577,1.3150425821123148,0.0,239
157,eval,pact,3.0,0,7.168495677855786e-07,1.3104262998011976e-07,2.184043528568623e-07,0.0,0.0,0.01895981530608243,1.3511956496218758,1.359987149677516,-2.9635474370114476,1034903.1132322176,0.09829308837652206,83.99970245361328,0.003672181729959893,37485.0,0.0,37223.0,0.0,0.0,0.9958390523075559,0.9000000000000004,0.8962551231912989,817.5201383954587,-5778.280110833454,0.002630692520257117,0.0027268231928223845,-0.15114967798045145,0.0,1.0,1.359987148044916,0.0,239
158,eval,pact,3.0,0,0.08452667201199193,0.029887684082800414,0.049812804497366824,0.005135032422372986,0.0,0.01779741293723426,1.3793270248748268,1.356929743888488,0.02581407555295437,401986.6671351987,0.08398400235796448,215.07400139405638,0.02541552832209852,37723.0,0.0,37461.0,0.0,0.0,0.9945600572739685,0.9000000000000004,0.8951040289392033,0.5382079913292779,0.3343491010695231,0.007238210414581728,0.024931581806835707,-0.1509046714374365,0.03741950799726995,0.9330543933054394,1.3569297483372473,0.0,239
159,eval,pact,3.0,0,0.000463527011177035,0.0002273188763401358,0.00037886476696802064,0.0,0.0,0.018928359656216708,1.351815104484558,1.3634336538394625,-1.6457136671631656,1370009.7379707112,0.08346033096313477,249.48031616210938,0.005701624112258272,37961.0,0.0,37699.0,0.0,0.0,0.9959615698419355,0.9000000000000004,0.8963653886667355,4.607676274499808,-7.433462155177768,0.0035845520988205194,0.0044571956771593466,-0.1509302032002627,0.0,1.0,1.3634336564177982,0.0,239
160,train,pact,3.0,0,0.2573214347770065,0.07599145681714804,0.12665241803509286,0.04621529130257323,0.0009509319416149889,0.019482255977613532,1.7613308090545143,1.7391599259615942,0.05659314691942481,24954.44170044456,0.23889347524323723,19.7374026595798,0.0787374867675787,38199.0,0.0,37937.0,0.0,0.0,0.9875291208717115,0.9000000000000004,0.8887761957226438,0.6563920638892786,0.15052898020657657,0.02576254721991402,0.07510003184307382,-0.20012136568614394,0.13656191578385116,0.5606694560669456,1.7391599178987862,0.0,239
161,train,pact,3.0,0,0.015004510717528821,0.0060808841292451675,0.010134806408204439,0.0,0.0,0.01958377072081032,1.7773898645424944,1.771713218928381,-0.010444882377459976,5212.6058344501835,0.28051950392862746,21.94730467327469,0.0082335660105501,38437.0,0.0,38175.0,0.0,0.0,0.9936850302887761,0.9000000000000004,0.8943165131692608,0.19178500377140814,0.14739280039154068,0.0032878756071511076,0.007995598426353669,-0.19877467937766125,0.07842962699189887,0.602510460251046,1.771713217419225,0.0,239
162,train,pact,3.0,0,0.215627043554328,0.06661114212983037,0.1110185609120502,0.0393685811982494,0.0013313047182609845,0.019947278323080624,1.7132556712777045,1.7441847154784902,0.30409741579169197,5161.298166187238,0.27303671699687526,9.134565029682973,0.06465520830162524,38675.0,0.0,38413.0,0.0,0.0,0.9942640774419617,0.9000000000000004,0.8948376480505557,0.7144095636458044,0.2650742047141098,0.026286772641469724,0.062046869077318385,-0.22095673119082937,0.35683551440695566,0.3138075313807531,1.7441847154643972,0.0,239
163,train,pact,3.0,0,0.44882433315462367,0.14101783253400949,0.23502969818057495,0.11563332098298491,0.0,0.018579113180262025,1.7777612348979488,1.6802039478114459,0.3540868292169092,5512.308029877092,0.3320985767195414,5.971368538285898,0.06439051581069313,38913.0,0.0,38651.0,0.0,0.0,0.9923265157384353,0.9000000000000004,0.8930938428415913,0.5151595359899357,0.5536364332193431,0.004919364414591756,0.0713789219978737,-0.19899389269467563,0.21982848155731627,0.41841004184100417,1.680203956402512,0.0,239
164,train,pact,3.0,0,0.42045798061068984,0.1445352141003789,0.24089200313692077,0.11487257567908475,0.0,0.02124742930560182,1.7925328554967457,1.858582992434003,0.5965015615130069,5263.735214680309,0.4741442081319737,12.062254827890436,0.0797573245134376,39151.0,0.0,38889.0,0.0,0.0,0.9949080617357996,0.9000000000000004,0.8954172398754743,0.9783482389680719,0.594494661035555,0.06130222581024911,0.07623345224833639,-0.21518013423424348,0.18252767144425652,0.41422594142259417,1.8585829960699505,0.0,239
165,train,pact,3.0,0,0.22807283978866633,0.0692909173202561,0.11548485398511978,0.04773678228446131,0.0001901863883229978,0.0210527615606099,1.8074202597390658,1.83340697507978,0.3362611767886573,6440.433524287396,0.3928728640453586,10.90972268681147,0.06683241446974013,39389.0,0.0,39127.0,0.0,0.0,0.9940609465583099,0.9000000000000004,0.8946548341208422,0.6735502245010129,0.28011485601011543,0.02907625721767545,0.06464370833242226,-0.21310971984885652,0.18249799697320396,0.45188284518828453,1.8334069764549834,0.0,239
166,train,pact,3.0,0,0.10614915428562363,0.036492029936776804,0.06082004435165229,0.01578546973202518,0.0,0.020944491934779423,1.7756616490655364,1.760878136716627,0.26842054257083636,5264.215244181485,0.3978226702956475,11.673482683911981,0.02805853835365513,39627.0,0.0,39365.0,0.0,0.0,0.9932698153551652,0.9000000000000004,0.89394281274604,0.3119440617094541,0.30409217611904016,0.003639900687248535,0.028874166661758505,-0.20526310428599473,0.17169648951007452,0.4602510460251046,1.7608781338909103,0.0,239
167,train,pact,3.0,0,0.37911919344205136,0.12329132310897803,0.2054855185214437,0.09756561452873581,0.0,0.021232717771815703,1.7415570933449718,1.8050332952244013,0.5542513236839901,4520.120837351268,0.4833866751842419,7.711458500957888,0.08452225224773505,39865.0,0.0,39603.0,0.0,0.0,0.9952786026140636,0.9000000000000004,0.8957507241221152,0.8410877858028675,0.4704400463979689,0.047435402816653933,0.08204745107318692,-0.21647893878606075,0.25534882340722276,0.401673640167364,1.8050332955590596,0.0,239
168,train,pact,3.0,0,0.020964593625584595,0.007351726903876647,0.012252877474113204,0.0,0.0,0.021554013028366795,1.7920473828974128,1.7903288109033177,0.3873373957109252,5201.626656887422,0.45720160546786615,12.62749796532188,0.011625370010733604,40103.0,0.0,39841.0,0.0,0.0,0.9943741101101352,0.9000000000000004,0.8949366723144404,0.2214003853436122,0.1752019548273247,0.006149244807977421,0.011156875592175186,-0.201983092971951,0.10982521736550045,0.5439330543933054,1.7903288162296909,0.0,239
169,train,pact,3.0,0,0.06536319171795504,0.0221223488209274,0.036870578991221925,0.0009509319416149889,0.0,0.02051693299652767,1.7580616199820611,1.7467481760799137,-0.044761846921889885,4808.981985690703,0.22166544407855518,2.4043648851466477,0.023644982116242334,40341.0,0.0,40079.0,0.0,0.0,0.9933233183796935,0.9000000000000004,0.8939909663160476,0.23932275192034205,0.23191323804229647,0.008327977848239243,0.023442277643891934,-0.1980144342310574,0.10255497195762485,0.5732217573221757,1.7467481709281913,0.0,239
170,train,pact,3.0,0,0.22391452780090834,0.06753952298245795,0.11256586318750618,0.040129327063281164,0.0,0.019766849810530326,1.69341801649357,1.6973137877975049,0.11374089255308771,3786.1981420796287,0.3608398386374677,1.7971812631295814,0.056088375910594436,40579.0,0.0,40317.0,0.0,0.0,0.992710365411128,0.9000000000000004,0.893439313357844,0.38287016040896754,0.3940794835811531,0.025788828896890794,0.05715576629592768,-0.20260936632301413,0.2193833644915279,0.45188284518828453,1.6973137835035945,0.0,239
171,train,pact,3.0,0,0.000463527011177035,0.0002845965158881105,0.00047432750829536405,0.0,0.0,0.021580324609565184,1.7534014525273853,1.798769203688809,0.24726370001936557,3347.4900494818908,0.4221004247665405,1.9672846794128418,0.03530622033643922,40817.0,0.0,40555.0,0.0,0.0,0.9942624349474408,0.9000000000000004,0.8948361596801789,30.474448612921922,-32.12239494497338,0.024402454636974612,0.03157557259317659,-0.20447204790862408,0.12623519985756254,0.5313807531380753,1.7987692155616588,0.0,239
172,train,pact,3.0,0,0.4367288618482977,0.1230538686634885,0.2050897650224367,0.08805629579841343,0.0,0.0191897079874625,1.6938916025800186,1.6806043064743903,0.36989953867685843,2502.5269673239736,0.4199767512538194,1.7778977155685425,0.055609443903487626,41055.0,0.0,40793.0,0.0,0.0,0.9911232206611953,0.9000000000000004,0.8920108833073572,0.5193975203367723,0.554053654691415,0.0023147371051463242,0.062227270638747494,-0.199356780905021,0.2220837413573103,0.3891213389121339,1.6806043048066177,0.0,239
173,train,pact,3.0,0,0.20738793141458225,0.05369814080326837,0.08949689546692045,0.019779383949156088,0.0,0.02034005392186936,1.6443709471734498,1.6828437287937148,0.6355504605560622,1616.2710012012944,0.610113872643794,10.975726821931337,0.04782137060128776,41293.0,0.0,41031.0,0.0,0.0,0.9919694744393417,0.9000000000000004,0.8927725119570807,1.1973203546708746,0.4018123995877093,0.025831761626669995,0.04375702487285323,-0.20471979536311943,0.25359802961512207,0.34309623430962344,1.6828437132865248,0.0,239
174,train,pact,3.0,0,0.3959428790102983,0.09551264356536247,0.15918772859553595,0.05211106909119435,0.0003803727766459956,0.015777840565453637,1.417361150725616,1.4551260588558148,0.5813648422642232,1262.2628505818514,0.47747186960839516,6.1003496332647416,0.0686118217003941,41531.0,0.0,41269.0,0.0,0.0,0.9911761281380593,0.9000000000000004,0.8920584954477254,0.7282968957966893,0.3862883663430958,0.026043239643047677,0.06819226563456136,-0.2119675435048457,0.5344075491854359,0.20920502092050208,1.4551260572131266,0.0,239
175,train,pact,3.0,0,0.0023364927420596237,0.00041825176524230964,0.000697086218918774,0.0,0.0,0.018268377352583857,1.6217624445340624,1.622740419589326,0.4138395901005637,890.8114956013827,0.5421611666679382,10.322620391845703,0.0035703439488578353,41769.0,0.0,41507.0,0.0,0.0,0.9901359293251357,0.9000000000000004,0.8911223214540521,1.7706747594826786,-0.604157335163912,0.002844376074790489,0.0031918467804994124,-0.19531280679178833,0.21819638564942576,0.4351464435146444,1.6227404278882966,0.0,239
176,train,pact,3.0,0,0.0014944071429085072,0.0003556786868403418,0.0005927977735950187,0.0,0.0,0.017289514203310388,1.6107638737646606,1.6115703951863565,0.008457280166698503,823.7261263157035,0.5421611666679382,10.322620391845703,0.0015524230739517016,42007.0,0.0,41745.0,0.0,0.0,0.9894309043884277,0.9000000000000004,0.8904877963425225,0.4077291929661206,-0.05897539555581166,0.0011418727522861313,0.0014261526317629382,-0.20563080467738515,0.3625923617911511,0.29707112970711297,1.6115703971114061,0.0,239
177,train,pact,3.0,0,0.5015085087071692,0.11589180209648856,0.19315299244881773,0.047546596394921946,0.0,0.017475772456160773,1.574872970082271,1.5891383419974578,0.5738525126235575,909.0931766781348,0.6560797700073928,2.5090903145997596,0.0661038409637981,42245.0,0.0,41983.0,0.0,0.0,0.9907990903535149,0.9000000000000004,0.8917191706940719,0.7162668966860875,0.45490000199706593,0.048182519152760506,0.06794266982752221,-0.2024665306065873,0.33490608029911867,0.35564853556485354,1.5891383422927676,0.0,239
178,train,pact,3.0,0,0.09973252267304225,0.023154238552847175,0.03859039455998134,0.0034233549898139604,0.0,0.01791437113049701,1.6020500934273627,1.6093212545666236,0.519642745101801,731.8363438051615,0.6020128768108879,5.410942520556589,0.02663078866207341,42483.0,0.0,42221.0,0.0,0.0,0.9903118565491552,0.9000000000000004,0.8912806485986111,0.8821135486181967,0.2851720128545129,0.01354657322001415,0.02526587545024192,-0.21346774104950567,0.45054749399091965,0.19665271966527198,1.6093212534583041,0.0,239
179,train,pact,3.0,0,0.06283616020874398,0.015791432627418424,0.02631905343634769,0.002282236597528019,0.0,0.01734159427995026,1.5811577768505367,1.5861062262846337,0.28065222844668514,615.897057441488,0.5212342805817536,4.047373388601646,0.01962665342297171,42721.0,0.0,42459.0,0.0,0.0,0.9896010903633788,0.9000000000000004,0.8906409603282498,0.6545983781037976,0.18179820429271332,0.00832683551747915,0.01865755789937592,-0.21285589411410086,0.47232855574349386,0.24686192468619247,1.586106222690405,0.0,239
180,eval,pact,3.0,0,0.18307093769721308,0.038478262353503746,0.06413043120314092,0.031000380423777275,0.0,0.017490523345144973,0.8178326253112889,0.8619102912966676,0.5481987454963528,1896.5127251916351,0.08895754430318352,15.02052339998748,0.03058388009940169,42959.0,0.0,42697.0,0.0,0.0,0.9954026540951749,0.9000000000000004,0.895862368609616,0.6170314168480413,0.32614888779202533,0.007341475657406537,0.030525153847684047,-0.13904184992329469,0.49796729873290013,0.03765690376569038,0.8619102950110235,0.0,239
181,eval,pact,3.0,0,0.4934485925616751,0.03634040634360987,0.06056734115423051,0.0,0.0,0.005657592888192808,0.5173726838752316,0.5163690142302334,0.5618738675466641,7305.276657296025,0.13576035181286444,17.673370305464356,0.014628526867682963,43197.0,0.0,42935.0,0.0,0.0,0.9791957760954502,0.9000000000000004,0.8812761753174052,0.7782705219894615,0.6361448614439349,0.007859688449763891,0.014846430841061797,-0.08483540773964045,0.28258998783346684,0.5062761506276151,0.5163690101336915,0.0,239
182,eval,pact,3.0,0,0.04055126141090673,0.0042456391040150455,0.007076064657682524,0.0,0.0,0.01370953029278806,0.7235548182012645,0.7327961906728385,0.4786881055043831,42542.26492628792,0.0009689594389555126,51.160943996956156,0.00804169507157525,43435.0,0.0,43173.0,0.0,0.0,0.9868423669408056,0.9000000000000004,0.8881581030380776,1.7518811679669768,-0.09503660259446689,0.003942476152467981,0.006622072615637346,-0.10366477589029173,0.15837265200747797,0.24267782426778242,0.7327961966715801,0.0,239
183,eval,pact,3.0,0,0.2698529906927464,0.01632134932570887,0.027202247355904607,0.0,0.0,0.011364929469606242,0.6716227171061927,0.6689529756871228,0.12725879783351482,161746.17700706067,-0.014118518139173327,38.50320760974326,0.006684614310847697,43673.0,0.0,43411.0,0.0,0.0,0.9797077193918587,0.9000000000000004,0.8817369325639812,0.6764514925583905,0.6462539748490079,0.0014083673838404533,0.007336420905250261,-0.09666981382926987,0.16659248048903522,0.19665271966527198,0.6689529725150304,0.0,239
184,eval,pact,3.0,0,0.0005835245887526782,5.319679916907437e-05,8.866132679845938e-05,0.0,0.0,0.017276489840251506,0.8301449560221269,0.8335895221602467,0.3079131012743487,159404.74398535566,0.060847532004117966,20.97376251220703,0.005037812042638473,43911.0,0.0,43649.0,0.0,0.0,0.9906988162625285,0.9000000000000004,0.8916289216554315,5.855737618588548,-6.092233814217163,0.004031883492917482,0.004148620640114729,-0.11960621450986735,0.19680109202053472,0.03765690376569038,0.8335895151916525,0.0,239
185,eval,pact,3.0,0,0.023700630373153914,0.001624437808253841,0.002707396272096379,0.0,0.0,0.014892582799148235,0.7635536410818539,0.765340228584521,-1.7994808441487815,98465.98231563807,0.04401558556566677,20.076470283284845,0.0026586074021617613,44149.0,0.0,43887.0,0.0,0.0,0.9833617663034335,0.9000000000000004,0.8850255759440705,0.5813655515281688,0.49086263181731093,0.0016566486289472475,0.00225029153375259,-0.10567443696787472,0.13377251550491112,0.28451882845188287,0.7653402304961322,0.0,239
186,eval,pact,3.0,0,0.026644077069207902,0.0018048950965809986,0.0030081583478083255,0.0,0.0,0.016164717755463583,0.793268118942133,0.795330778325452,-5.952635546359058,57333.4937034192,-0.15749581787875508,12.841635771875103,0.0025032910047815995,44387.0,0.0,44125.0,0.0,0.0,0.987644941113484,0.9000000000000004,0.8888804229857034,0.6758595860697881,0.551890263029905,0.0014138783064768896,0.002016566707908515,-0.11109302789308918,0.13368349209175348,0.07531380753138076,0.7953307760360155,0.0,239
187,eval,pact,3.0,0,0.005953148992843712,0.0005457362372969279,0.0009095602822621552,0.0,0.0,0.016197735184577594,0.7924365540927424,0.7967739781076439,-9.32496102085672,156223.38452863492,0.014786939396791815,12.279343034433023,0.002706937723750225,44625.0,0.0,44363.0,0.0,0.0,0.9890388574560317,0.9000000000000004,0.8901349504373064,2.058831332045728,-1.2798159105803681,0.0014939185814000667,0.0022886634631877354,-0.11539971329053228,0.19748360485474345,0.17573221757322174,0.7967739746987748,0.0,239
188,eval,pact,3.0,0,0.004340025042008344,0.00025457395910722335,0.00042428990720402767,0.0,0.0,0.01617879077799961,0.7960743906607688,0.7992691245537922,-100.848711963478,202478.52791579498,0.01601043760495954,12.14470772164636,0.001266625756349134,44863.0,0.0,44601.0,0.0,0.0,0.9856622711011057,0.9000000000000004,0.8870960232727697,0.6630329827042517,0.3087670968864674,0.0010393051487424284,0.0011122661706539471,-0.11160261643882599,0.1669485741416659,0.19665271966527198,0.7992691197433541,0.0,239
189,eval,pact,3.0,0,0.5010294404741651,0.03626478971911341,0.06044131318281931,0.0,0.0,0.003872704000512302,0.43898223596137936,0.4483205341893759,-2.93676799472624,69682.90030073222,0.1093790494454742,65.27766293162581,0.015497525409643371,45101.0,0.0,44839.0,0.0,0.0,0.9777538581872086,0.9000000000000004,0.8799784536391622,0.8136853417695289,0.589256998708094,0.007841500628273934,0.01582780308927951,-0.10948302580159054,0.5657437906169323,0.2301255230125523,0.4483205334360098,0.0,239
190,train,pact,3.0,0,0.10942612930107716,0.026528668763173478,0.044214443941980555,0.014073792174770243,0.0005705591649689933,0.01861199656711837,1.6218745491494693,1.6416598186832092,0.43256600625096003,1757.1045241096529,0.5572755623873806,8.250750548669982,0.029977476538478487,45339.0,0.0,45077.0,0.0,0.0,0.9844539911178365,0.9000000000000004,0.886008570633174,1.1667046841537905,0.24717514215348746,0.013691862221980372,0.026723451250930275,-0.21840288812672257,0.47007329594349984,0.19246861924686193,1.641659813440781,0.0,239
191,train,pact,3.0,0,0.1870741706890581,0.04415900461751019,0.07359833571304632,0.030239635182225055,0.0,0.017323374136440674,1.5808407574517955,1.6030366099030402,0.46229172058434664,850.0915044680798,0.5699335733218173,4.0530484226458245,0.04286583066746499,45577.0,0.0,45315.0,0.0,0.0,0.9902099046747056,0.9000000000000004,0.8911888906147689,0.7651946095649388,0.279347433708351,0.01747139695065993,0.041320217082619855,-0.21441088829632188,0.4687379447461349,0.22594142259414227,1.6030366035472925,0.0,239
192,train,pact,3.0,0,0.05101152724064263,0.012729445662272807,0.021215741582172577,0.0007607455532919912,0.0,0.01756726447336968,1.6354476637421294,1.637062565552141,0.2940024375042656,732.6252967483329,0.5782082566531632,4.328961642217436,0.011085883489465069,45815.0,0.0,45553.0,0.0,0.0,0.9898355618181588,0.9000000000000004,0.8908519822184511,0.24546381212022853,0.25201130771421976,0.0018922508162141141,0.011250120978904732,-0.2008569693493263,0.2684055906703463,0.33472803347280333,1.6370625666347747,0.0,239
193,train,pact,3.0,0,0.06794360041903054,0.015602998287481778,0.02600499503400954,0.0,0.0,0.01784910554471562,1.6077112705138936,1.6166609151592812,0.3922646707196615,702.2276261461329,0.5277107033769456,4.648453241611624,0.020441557543749714,46053.0,0.0,45791.0,0.0,0.0,0.9901377566189945,0.9000000000000004,0.8911239572149939,0.9160190746046569,0.3028211085318864,0.01201876471955877,0.019182503503497893,-0.20393183846370327,0.32900086055966055,0.27615062761506276,1.616660907154144,0.0,239
194,train,pact,3.0,0,0.0,0.0,0.0,0.0,0.0,0.01810594222597996,1.6274566071801604,1.628198737629288,-0.2526444156973712,823.0010301917168,0.5377443432807922,5.21397066116333,0.0013163936708368961,46291.0,0.0,46029.0,0.0,0.0,0.9904067975207852,0.9000000000000004,0.8913661002115225,nan,nan,0.0011829161863852848,0.0011829159430669116,-0.2014618095021869,0.28564645835187985,0.3389121338912134,1.6281987357165042,0.0,239
195,train,pact,3.0,0,0.228072871281629,0.05404204627225664,0.09007006947938855,0.023963484305218174,0.0001901863883229978,0.016921084237803224,1.51211602618006,1.5286574071920067,-1.9782351676655239,959.9955357507682,0.5044089637416177,3.7246124467590365,0.03206454746252203,46529.0,0.0,46267.0,0.0,0.0,0.9903981189348707,0.9000000000000004,0.8913582907560978,0.3944167268014726,0.41700191014595633,0.0009604130619991338,0.03429014592390052,-0.19966797591839008,0.343125908780676,0.3179916317991632,1.5286574041032857,0.0,239
196,train,pact,3.0,0,0.40549756067851994,0.09549591557072717,0.15915985256912057,0.03461392211365401,0.0,0.01873934666614465,1.6386435211452979,1.66926843102507,0.6701746060509063,1177.138359037902,0.7013949841634998,6.510759390797077,0.05819889017143073,46767.0,0.0,46505.0,0.0,0.0,0.9916141516992737,0.9000000000000004,0.8924527243091471,0.9739945315260582,0.5293412814192191,0.03593664659965265,0.055579938438709314,-0.20912893362113177,0.3091189649544496,0.3389121338912134,1.6692684252921768,0.0,239
197,train,pact,3.0,0,0.0002036993206716357,6.115642159122186e-05,0.00010192735949565295,0.0,0.0,0.01745708561872588,1.6436581983227112,1.646690485617107,0.47025392494441076,1053.8565791301648,0.6100044846534729,12.957980155944824,0.004640967315783779,47005.0,0.0,46743.0,0.0,0.0,0.9903773381121488,0.9000000000000004,0.8913395916068904,0.7853206063013953,-0.5937516461601213,0.004228830601483502,0.0041631105221724175,-0.19833271567515973,0.22196504347310012,0.4435146443514644,1.6466904801536495,0.0,239
198,train,pact,3.0,0,0.1161134909462402,0.039892951284002956,0.06648824741121598,0.021871434220709064,0.0,0.01754970986894858,1.6579209563622415,1.6654254799108625,0.1754191642428386,1067.256760345842,0.5444499902333675,10.002786080458174,0.024187884606903156,47243.0,0.0,46981.0,0.0,0.0,0.9911273515872876,0.9000000000000004,0.892014588771006,0.39155698843462294,0.4155543264946707,0.0012181720917455946,0.025742192414251183,-0.20082032307626663,0.21831508353363596,0.4686192468619247,1.6654254799505512,0.0,239
199,train,pact,3.0,0,0.00014589538669387058,4.324453538132707e-05,7.207422489475724e-05,0.0,0.0,0.018928436804017262,1.6782544846315264,1.6997808801579175,0.3181073962395161,1298.3762625849895,0.4371127784252167,1.331263542175293,0.029396717239338826,47481.0,0.0,47219.0,0.0,0.0,0.9915389071947361,0.9000000000000004,0.8923849974716059,96.66220212293806,-105.69567418887246,0.02292629009419125,0.02629594830698704,-0.20012594247696694,0.18024273717320988,0.46443514644351463,1.6997808771446379,0.0,239
200,train,pact,3.0,0,0.29880202014860646,0.08055812297072909,0.13426352881052103,0.05154051005092126,0.0,0.018447695296086277,1.65612721542933,1.6705023903228249,0.46580123106430765,1178.814516203174,0.48547000796865347,7.309239326660603,0.06578146397607658,47719.0,0.0,47457.0,0.0,0.0,0.9915812661458259,0.9000000000000004,0.8924231165123784,0.7260151055342327,0.3329207156997118,0.02384090262973957,0.06415153780044154,-0.2119804310507574,0.3604557998753672,0.26778242677824265,1.6705023933846783,0.0,239
201,train,pact,3.0,0,0.003041941807975517,0.0009551835440003769,0.0015919724893712372,0.0,0.0,0.01810258468729931,1.6382232251027637,1.6388110391265678,0.3161252467078644,1073.90938475541,0.5327678918838501,11.106334686279297,0.004080989250899137,47957.0,0.0,47695.0,0.0,0.0,0.9909419913671007,0.9000000000000004,0.8918477773167598,0.2302195425830854,0.03027573995038535,0.003126757409215012,0.003750756138299541,-0.1939248218898959,0.178373245496899,0.45188284518828453,1.6388110261192166,0.0,239
202,train,pact,3.0,0,0.5017308984838317,0.1255654888511923,0.20927580084959063,0.056675542722686066,0.0,0.01706259206101049,1.605636791953482,1.6142512098515882,0.5155723356801596,1105.1466927628137,0.5579961625601956,3.9026839269254996,0.06697597461129114,48195.0,0.0,47933.0,0.0,0.0,0.9911310899706565,0.9000000000000004,0.8920179622941437,0.7112970854302855,0.4685290504765235,0.004704720330085944,0.06781786156011645,-0.19371766104781576,0.21766224517047986,0.401673640167364,1.614251200144493,0.0,239
203,train,pact,3.0,0,0.0012663877662295617,0.00031824971549943574,0.0005304161628168056,0.0,0.0,0.0183624128662985,1.6528111147581284,1.6690617111437491,0.4746799618629232,1346.2913532336886,0.5285902619361877,15.028533935546875,0.020390055629923534,48433.0,0.0,48171.0,0.0,0.0,0.9917912590453815,0.9000000000000004,0.8926121153592066,14.432483337052341,-14.159028744288436,0.015009405875110763,0.018236130542973267,-0.20090241290310196,0.23368645953885872,0.4225941422594142,1.66906171641895,0.0,239
204,train,pact,3.0,0,0.06283617998029117,0.018693834497837132,0.031156389296541204,0.0005705591649689933,0.0,0.01804150835996704,1.6864082768372413,1.6746796768579524,0.25502070600252646,1455.350214619018,0.5052344958652513,12.563255273148604,0.015279085773917546,48671.0,0.0,48409.0,0.0,0.0,0.9911666076053636,0.9000000000000004,0.8920499305844806,0.24372226782162382,0.24420620710346352,0.0014373248738149076,0.01562596952151953,-0.19342703588374324,0.13789726698121607,0.5564853556485355,1.6746796783668378,0.0,239
205,train,pact,3.0,0,0.3720951933817057,0.08618723028999457,0.1436453743910503,0.042601750049132185,0.0,0.017456308016982162,1.5461644545259834,1.5586676158665613,0.2859853884852082,1338.4271132975941,0.4625357899456343,1.2958235319189446,0.053914729837000866,48909.0,0.0,48647.0,0.0,0.0,0.9905627095549675,0.9000000000000004,0.8915064200197802,0.47887667974317777,0.5090480250434872,0.027910038232384773,0.05722712934266573,-0.2013682056185305,0.35828956348853086,0.24267782426778242,1.5586676176172303,0.0,239
206,train,pact,3.0,0,0.00864344554228482,0.0025276636442259173,0.004212772485322249,0.0,0.0,0.018096683038375243,1.6789203363482423,1.7096943630833008,0.2633352196740306,1414.3641326776608,0.7911805009866858,0.6754850124215481,0.03659054346111794,49147.0,0.0,48885.0,0.0,0.0,0.9921951608179005,0.9000000000000004,0.8929756164051997,0.26479526530631,0.09824936459246414,0.03389017385016964,0.03149897350187347,-0.1955092612038376,0.11662067123653522,0.5690376569037657,1.709694352786456,0.0,239
207,train,pact,3.0,0,0.034930997800481874,0.009010577430055651,0.015017628084861373,0.0,0.0,0.017700664137946014,1.6534377276648038,1.6559051290216804,0.09281966472887258,1403.2493017986728,0.4318096213136258,3.4975390244727356,0.013426006182484625,49385.0,0.0,49123.0,0.0,0.0,0.9914884971275489,0.9000000000000004,0.8923396236228145,0.5669364776018786,0.14148164586499923,0.0065913519526303215,0.012801626656753903,-0.19506686763784714,0.18199353096531054,0.4769874476987448,1.6559051314186881,0.0,239
208,train,pact,3.0,0,0.46716103549544,0.1092732823647311,0.18212212583898404,0.05477367883945609,0.0,0.016134891733059573,1.5391537200456882,1.5396958961147644,0.22701931334876116,1397.1057859285106,0.49184869494772354,2.05421244275121,0.050075220972738935,49623.0,0.0,49361.0,0.0,0.0,0.990354627994314,0.9000000000000004,0.8913191404801533,0.5374795723511978,0.5452223836114545,0.001512597359747074,0.0545128024014923,-0.19282422947446506,0.3024718834386777,0.30962343096234307,1.5396958972148258,0.0,239
209,train,pact,3.0,0,0.0010625911311165598,0.0004698556282872453,0.0007830926728708607,0.0,0.0,0.01883048177638313,1.6973328867217985,1.7281045437357914,0.39083943531602994,1349.0570860028765,0.7855781316757202,1.3432469367980957,0.03368506795789065,49861.0,0.0,49599.0,0.0,0.0,0.9920174963304688,0.9000000000000004,0.8928157310605548,22.607725730206365,-25.43869770890502,0.02040191521897344,0.029191967888509224,-0.20320704154440175,0.19597020683106325,0.497907949790795,1.7281045498433094,0.0,239
210,eval,pact,3.0,0,0.4967134153445068,0.09695750735332984,0.16159583568755292,0.008938760064137031,0.0,0.009701924948469895,0.7197337994765038,0.7048055388688044,0.48463215688282474,3122.848972974961,0.30105381737079345,9.948972445651577,0.03866687983812211,50099.0,0.0,49837.0,0.0,0.0,0.9936765547078025,0.9000000000000004,0.8943088795350685,0.7204330511731407,0.6042601863954378,0.0022793712809548844,0.0389027499294719,-0.09380069316985983,0.14727439983382298,0.6652719665271967,0.7048055418294368,0.0,239
211,eval,pact,3.0,0,0.0349310103396663,0.01127840085724095,0.018797334065737796,0.0,0.0,0.016560717793688114,1.0056132539545641,1.0117299047972867,0.5191186546780574,32045.474061846235,0.2023178826487588,58.990543173945596,0.017226850038207286,50337.0,0.0,50075.0,0.0,0.0,0.9955340135047626,0.9000000000000004,0.8959805965423584,0.46524552871860364,0.3868847834503205,0.01136185358958067,0.015908689773933782,-0.11198833886509839,0.0015727469657853348,0.9874476987447699,1.0117299083135274,0.0,239
212,eval,pact,3.0,0,0.49487416027990566,0.13440538792122397,0.22400896785530908,0.026435907602808964,0.0,0.014123169136346633,0.9572065819257473,0.9234208609269753,0.031501710360332016,66669.16210120294,0.052293278608143826,46.76041168149046,0.04862051671000673,50575.0,0.0,50313.0,0.0,0.0,0.9888663195915302,0.9000000000000004,0.8899796679927714,0.7636922129590497,0.6771827567809987,0.026527379879788045,0.049908872608048646,-0.10765884175076518,0.016558354847324847,0.9205020920502092,0.9234208559363278,0.0,239
213,eval,pact,3.0,0,0.497250765612289,0.07223809198714441,0.12039681444934347,0.0007607455532919912,0.0,0.006813686752641207,0.5460344900895362,0.5708938496631558,0.4364738373327455,37504.52157426778,0.08636777017218797,61.02756140720894,0.027760793225037005,50813.0,0.0,50551.0,0.0,0.0,0.9906690195514567,0.9000000000000004,0.891602096198493,0.98951381848434,0.6352975824412889,0.011248415646453699,0.02600896829801561,-0.10765786761300544,0.4611116056856286,0.2594142259414226,0.5708938514504885,0.0,239
214,eval,pact,3.0,0,0.08163405268523204,0.012384401344758494,0.02064066758149432,0.0,0.0,0.013195460013924439,0.8422644817928889,0.835043710520078,0.6070027533435423,179867.2319724111,0.04528827749136212,132.5610679522718,0.006482909732619027,51051.0,0.0,50789.0,0.0,0.0,0.990601880779825,0.9000000000000004,0.8915416595826089,0.8327741820570937,0.7592958901121079,0.004144985047451249,0.006368320773815479,-0.10560532400820109,0.14291225258909757,0.694560669456067,0.8350437138604389,0.0,239
215,eval,pact,3.0,0,0.010237416458047271,0.003542943747405345,0.005904906035048271,0.0,0.0,0.01610514740596007,0.9951599342553685,0.9820191311536972,-0.15045040748525357,155248.04041906382,0.0444479449535233,18.43565952827741,0.005859654347088858,51289.0,0.0,51027.0,0.0,0.0,0.9957907012815754,0.9000000000000004,0.8962116084338232,0.46779419901248737,0.4301109655581954,0.003025341632903791,0.004747266293733252,-0.10947118396124268,0.0,1.0,0.9820191312647157,0.0,239
216,eval,pact,3.0,0,0.38597856810663256,0.052393413239602435,0.08732235081642784,0.0009509319416149889,0.0,0.009040059668896525,0.687172949937597,0.6589158938020842,-1.9315469862199603,120401.34432204498,0.02926048535121036,41.3505383415701,0.023646810182144234,51527.0,0.0,51265.0,0.0,0.0,0.9832692378235661,0.9000000000000004,0.8849422872440585,0.6285906401263066,0.6327391848256239,0.008416879363358021,0.02517773813731719,-0.10612137459559864,0.32819964984124156,0.47280334728033474,0.6589158915397813,0.0,239
217,eval,pact,3.0,0,0.09659444735923473,0.031713210016182894,0.05285534745518938,0.0,0.0,0.016904248162387055,1.0089018918480335,1.0389206696254938,0.4164496937057463,206751.1897064592,0.16329449739416274,89.62103467805615,0.030496135470944468,51765.0,0.0,51503.0,0.0,0.0,0.996510437592303,0.9000000000000004,0.8968593687691948,1.1589115786154107,0.4209750636282792,0.016291593400819693,0.027101749162653375,-0.12149761164181701,0.0029377726342027953,0.99581589958159,1.0389206739458752,0.0,239
218,eval,pact,3.0,0,0.5019918540521879,0.07844416748043821,0.1307402731047709,0.0,0.0,0.0067584819932931944,0.5678406714395499,0.5657107170406246,0.5788393490733462,92572.48653242677,0.15643491792379563,56.4543424929535,0.025167595673056327,52003.0,0.0,51741.0,0.0,0.0,0.984558694282835,0.9000000000000004,0.8861028038308212,0.8888113982314662,0.6889738515522481,0.0129660709561514,0.024476848785262788,-0.09889187319014064,0.4152051989673283,0.3054393305439331,0.5657107114579208,0.0,239
219,eval,pact,3.0,0,0.03674998030288848,0.007856640807491416,0.013094400449825946,0.0,0.0,0.014183613090779803,0.8872754602502081,0.8982132083451898,0.361113692489628,98529.32925274581,0.2139615484797805,63.488546722603644,0.011325834137796732,52241.0,0.0,51979.0,0.0,0.0,0.9947728724160454,0.9000000000000004,0.8952955613575221,1.5638429926117179,-0.0584744340422263,0.0035125714588819233,0.008891598048725137,-0.10614770165039586,0.05688596100774503,0.8744769874476988,0.89821320853031,0.0,239
220,train,pact,3.0,0,0.501817049438165,0.10818780914987618,0.18031300291419394,0.03233168532908212,0.0,0.013659603784647945,1.3420425825537996,1.3481179829920684,0.44729069096453206,4890.84556062451,0.44019117734733987,11.888812611292595,0.06546770024140634,52479.0,0.0,52217.0,0.0,0.0,0.97868594483601,0.9000000000000004,0.8808173271652046,0.6712744353761545,0.40868047863038515,0.017563058715313672,0.06575221121486541,-0.2207784735727032,0.6964004866613254,0.0794979079497908,1.3481179890941848,0.0,239
221,train,pact,3.0,0,0.48813355436147227,0.11330575496526096,0.18884291307545617,0.04222137702309437,0.0,0.015829984755274765,1.5267877399173242,1.5410832413569653,0.5813536934523403,1341.3309627516999,0.5719710643321401,3.0563732004065893,0.06237243751071737,52717.0,0.0,52455.0,0.0,0.0,0.9909407114882848,0.9000000000000004,0.891846621385678,0.6085942896611354,0.5378844231449575,0.05491792871497381,0.06464044774091456,-0.19505408389603038,0.33434226534912015,0.2719665271966527,1.5410832395955243,0.0,239
222,train,pact,3.0,0,0.10614912902745642,0.024689515104552532,0.04114918872562374,0.006085964239292065,0.0,0.016663166735258934,1.603070969860923,1.6304593407958123,0.6004390031972191,1153.0468663171744,0.6787910674655787,5.421530122537493,0.03188172930648948,52955.0,0.0,52693.0,0.0,0.0,0.9913254809180064,0.9000000000000004,0.8921929086601385,1.4455129893986172,0.21000683297676026,0.016872194630485383,0.028586556512480564,-0.19805062648054264,0.25071960592302445,0.39330543933054396,1.6304593386078876,0.0,239
223,train,pact,3.0,0,0.4738973789959445,0.11370503971471659,0.18950838842499848,0.05363256057186606,0.0,0.016242123544060287,1.5883411306217625,1.5674804897986696,0.5950694686448724,963.6718573789716,0.5986426039345594,2.7521528077923603,0.0486019083842339,53193.0,0.0,52931.0,0.0,0.0,0.990393002661701,0.9000000000000004,0.8913536902252102,0.5730498504643263,0.5776891469970877,0.0024966283433604988,0.05343180911656407,-0.18521129824149468,0.16475266328377694,0.5313807531380753,1.5674804836983098,0.0,239
224,train,pact,3.0,0,0.2988020511427855,0.06683785681565055,0.11139642058642266,0.026435907789852827,0.0,0.015736924570100577,1.5071154443788728,1.5358826837280306,0.5077078787602142,993.8845950330152,0.6800896006648012,1.4339552287277317,0.0641547268569259,53431.0,0.0,53169.0,0.0,0.0,0.9906932714095176,0.9000000000000004,0.8916239122466563,0.46363804979833423,0.4869603596619454,0.058617352007853764,0.06406754124705061,-0.19815360092476572,0.34505474939909186,0.3305439330543933,1.5358826852873944,0.0,239
225,train,pact,3.0,0,0.00864344554228482,0.001962077720966906,0.0032701293692975713,0.0,0.0,0.017560133529304835,1.6443348893560625,1.667495767940537,0.2952846185806905,1160.1004715285042,0.6312448084748946,0.9770158464439743,0.032605328380858924,53669.0,0.0,53407.0,0.0,0.0,0.9910238736842966,0.9000000000000004,0.8919214698560068,0.27928202379680417,0.13111085502346465,0.03107047899178618,0.028498515884672528,-0.19541363989272068,0.17217128104691534,0.49372384937238495,1.6674957783285522,0.0,239
226,train,pact,3.0,0,0.24477056702595276,0.062160730382487726,0.10360121042614391,0.03841764988011396,0.0003803727766459956,0.016350834901253674,1.5245941091780881,1.5478097706659069,0.4784345289528619,1051.6053454028013,0.4911225512156177,6.607545663871526,0.05401990777290734,53907.0,0.0,53645.0,0.0,0.0,0.991017633402198,0.9000000000000004,0.8919158528040643,0.7246903675358113,0.33203100862031776,0.022053895502789946,0.05277103541621541,-0.2056767605389124,0.41562064156206413,0.27615062761506276,1.5478097750971858,0.0,239
227,train,pact,3.0,0,0.5008256455296923,0.1169256760007876,0.19487611469710098,0.04393305476739317,0.0,0.01588531503079763,1.5523509061486152,1.5672803718175847,0.6104446763024669,831.6877175813938,0.5971957041753386,2.889320478529112,0.058235028952508226,54145.0,0.0,53883.0,0.0,0.0,0.9902129330395655,0.9000000000000004,0.8911916152203931,0.7018750945426517,0.5050038128536258,0.004485125119304832,0.06061219583873376,-0.19496536792542823,0.2794148194308437,0.34309623430962344,1.5672803765512846,0.0,239
228,train,pact,3.0,0,0.017240600663365867,0.003649319122437895,0.006082198102391645,0.0,0.0,0.016684741453972946,1.6361788875388301,1.6444234830565034,0.49887041903439927,1008.3244457803511,0.5558975795322881,7.3994931955217815,0.022178036076987016,54383.0,0.0,54121.0,0.0,0.0,0.9910554314756992,0.9000000000000004,0.8919498693494119,0.20646591657073593,0.16162604599271957,0.020763950021157447,0.020222758243267646,-0.19588265007727138,0.21267693403365084,0.4769874476987448,1.6444234775913593,0.0,239
229,train,pact,3.0,0,0.4595582126649525,0.10424436516172075,0.17374059809754197,0.043172309588188906,0.0,0.015020876727359191,1.5122930893838156,1.5169636203155359,0.5551216107282678,819.4476609489409,0.49315074028517414,1.1839396270249178,0.0423711314753563,54621.0,0.0,54359.0,0.0,0.0,0.9898848875297164,0.9000000000000004,0.8908963809452296,0.595231231196778,0.6141754163761011,0.007931160505716529,0.04691897816449466,-0.19138213077804708,0.31033561826760436,0.3598326359832636,1.5169636249394058,0.0,239
230,train,pact,3.0,0,0.3069478625608959,0.07808096281018205,0.13013492969197057,0.04621529136492119,0.0,0.0179622785800047,1.6467607557524198,1.6756021841799364,0.4900633208921265,1099.6697660948942,0.7128049175110821,1.1457590423368509,0.06761468738068098,54859.0,0.0,54597.0,0.0,0.0,0.9910703466028349,0.9000000000000004,0.8919632841353636,0.4822966467932306,0.5035371017214607,0.05590754032205298,0.06735588249138647,-0.20234410152344035,0.23160924656517998,0.40585774058577406,1.6756021813328528,0.0,239
231,train,pact,3.0,0,0.41462239765982967,0.1001235268809963,0.16687253187788031,0.055724610469331304,0.0,0.017761005258195444,1.6216480672110074,1.6570718792193107,0.4785542611547095,1312.2019191087538,0.6555022789344628,0.9315210777845343,0.07270605842267244,55097.0,0.0,54835.0,0.0,0.0,0.991615127569462,0.9000000000000004,0.8924535921926777,0.5552295984053782,0.5525303837740527,0.0754161503803181,0.07398363840123288,-0.19989890310321362,0.22561500341256419,0.4225941422594142,1.6570718793029735,0.0,239
232,train,pact,3.0,0,0.5015085087071692,0.11129732498918647,0.1854955295132043,0.03366299035908288,0.0,0.016968523999715077,1.6608924780929437,1.6714007789619798,0.7125398628881287,924.1713994876111,0.5750413447244397,4.128808590408149,0.06444568100880255,55335.0,0.0,55073.0,0.0,0.0,0.9908323884010315,0.9000000000000004,0.8917491393608029,0.9739030006074941,0.4523009887427035,0.05743342566375549,0.06263529239456213,-0.2158006620649629,0.40467076174367195,0.2594142259414226,1.6714007829574749,0.0,239
233,train,pact,3.0,0,0.01843199975083282,0.003716783736262906,0.00619463925846564,0.0,0.0,0.01610835754823049,1.59917744034005,1.6070108396238862,0.5285904307744493,808.1741974004642,0.5324896646344013,11.722874516722548,0.014726543809271663,55573.0,0.0,55311.0,0.0,0.0,0.9900056368137503,0.9000000000000004,0.8910050579194744,0.20238041143846358,0.17447678328332195,0.012714816429307779,0.013554967977846954,-0.19184673271244623,0.20137096056262796,0.502092050209205,1.607010838286857,0.0,239
234,train,pact,3.0,0,0.16342436824145895,0.04011102018257855,0.06685169574149585,0.013122860544895028,0.0,0.015405500132325554,1.540720682263873,1.542231867004139,0.411868932730982,675.1204307907296,0.4671280684580863,1.1173993052299052,0.026409579493800982,55811.0,0.0,55549.0,0.0,0.0,0.9895680162697158,0.9000000000000004,0.8906111949158513,0.3895537081188959,0.416871825212776,0.0045753280848515685,0.0278072313886091,-0.18707746295535685,0.22140122852310157,0.41422594142259417,1.5422318688816483,0.0,239
235,train,pact,3.0,0,0.43151489933949033,0.09010697542559443,0.15017828348376588,0.03119056693679618,0.0,0.015462163713016395,1.5244195346552956,1.5347771008643147,0.7393730616968546,866.266375809035,0.7325428554702503,3.2461818975384764,0.05066620339892773,56049.0,0.0,55787.0,0.0,0.0,0.9901471886175945,0.9000000000000004,0.8911324405271139,0.9022906209071958,0.5454230480317421,0.02962476382298129,0.05076259894054928,-0.1913129902551226,0.2898305587702899,0.301255230125523,1.5347770980630453,0.0,239
236,train,pact,3.0,0,0.5019461374421663,0.1174318579737758,0.19571975193471816,0.04507417328437502,0.0,0.015593963254352245,1.571024777998984,1.5757999856601699,0.704945754057194,823.1004475230452,0.5882826708101329,2.896970168317212,0.06316452601799842,56287.0,0.0,56025.0,0.0,0.0,0.9906712815352564,0.9000000000000004,0.8916041292406026,0.7799624586912018,0.48379519006819016,0.06814523250795901,0.06449020955766158,-0.19308387484894385,0.24873141636250332,0.40585774058577406,1.5757999790726758,0.0,239
237,train,pact,3.0,0,0.24895398218523726,0.056648141916811556,0.09441356548714226,0.01844807935559101,0.0,0.015709139921051687,1.5802315598252428,1.5865569107203303,0.5773183109870017,778.1834257117874,0.5183967036121061,6.314715184427206,0.04046620100638712,56525.0,0.0,56263.0,0.0,0.0,0.9899809420358187,0.9000000000000004,0.890982833866295,0.45140939954673254,0.48301372342321347,0.019899815125002836,0.04202790953224782,-0.1936773954721959,0.24594201608356334,0.36401673640167365,1.5865569088333873,0.0,239
238,train,pact,3.0,0,0.472293708546508,0.10869739279957406,0.18116231107357395,0.05001901925607705,0.0,0.015258116972979517,1.5140370936074516,1.5265754730631618,0.5918597216137284,1002.4812846802268,0.6233253618663325,1.1296997526699528,0.05810804274244912,56763.0,0.0,56501.0,0.0,0.0,0.9905219407261167,0.9000000000000004,0.8914697272508214,0.6795174579107925,0.6342811341946271,0.07609506057319688,0.06087861627644263,-0.18596469918479078,0.21935369002047536,0.39748953974895396,1.5265754696101734,0.0,239
239,train,pact,3.0,0,0.4824189044268233,0.11609709878704437,0.19349514898824824,0.05553442426805217,0.0,0.01651451606926933,1.6236809527026062,1.6255725831666252,0.6745238815391413,974.4413150803315,0.6887896554739406,1.2636162663603427,0.06699427661279442,57001.0,0.0,56739.0,0.0,0.0,0.9904890444488206,0.9000000000000004,0.8914401124710817,0.7021530848034164,0.5849817311705504,0.0900446675633165,0.06856620864685485,-0.2055436698133395,0.3397430190806849,0.3682008368200837,1.6255725847616695,0.0,239
240,eval,pact,3.0,0,0.4934485877536371,0.01561559018512499,0.026025982587404035,0.0,0.0,0.0041698903506855525,0.5032155977632211,0.5040456767361533,0.8138232572806929,1024.8560298137586,0.77560436800434,3.422250899560282,0.009493118125719319,57239.0,0.0,56977.0,0.0,0.0,0.9900023899816569,0.9000000000000004,0.8910021370424885,1.0885270995367198,0.4916550092655464,0.010040186684239994,0.0089986946874115,-0.0629578355298012,0.0,1.0,0.5040456750097486,0.0,239
241,eval,pact,3.0,0,0.31501786260686376,0.03555262084897154,0.059254365318125286,0.0,0.0,0.010544485719406891,0.8477081516796575,0.8537326492525045,0.6978098156561912,7189.837392639415,0.48197073767655313,16.94544287007224,0.016776673410528156,57477.0,0.0,57215.0,0.0,0.0,0.9842337715326492,0.9000000000000004,0.8858103762111903,0.6329110348865783,0.5643690839538524,0.0022670683762183986,0.01782191410187289,-0.11120960162970764,0.0667972343392979,0.7531380753138075,0.8537326472630781,0.0,239
242,eval,pact,3.0,0,0.4260901446999406,0.0438574287562892,0.073095711123429,0.0,0.0,0.006781812237037899,0.5471969511219648,0.5489153899408284,0.6596883518551184,15877.771835774058,0.20977798955335777,81.64537403074767,0.018708810116706033,57715.0,0.0,57453.0,0.0,0.0,0.9842055305277453,0.9000000000000004,0.8857849553289773,0.9762897504875102,0.6543753275583462,0.010450720091790168,0.016667278527348423,-0.09622889781609278,0.3290602095017657,0.34309623430962344,0.5489153881404322,0.0,239
243,eval,pact,3.0,0,0.006565895839070679,0.0003213086227449471,0.0005355143318609019,0.0,0.0,0.010560603597528733,0.8237477735495468,0.8206565764159837,0.2931264618949411,67473.64714631277,0.1319094724547913,68.96337009573581,0.0045125500993631685,57953.0,0.0,57691.0,0.0,0.0,0.9896834223340246,0.9000000000000004,0.8907150540142379,5.665929374784706,-6.651310147061204,0.0021065214228856437,0.0034271302515110898,-0.11116859747036884,0.06068429330247188,0.7238493723849372,0.8206565777154989,0.0,239
244,eval,pact,3.0,0,0.02230692015294469,0.0007877384433341378,0.0013128973395658888,0.0,0.0,0.01044467682550782,0.8040836026977795,0.8009602592081205,-0.588961459083773,194152.62068514645,0.12473132395503116,62.52868948820745,0.0015408091615324365,58191.0,0.0,57929.0,0.0,0.0,0.9838756759296401,0.9000000000000004,0.8854880900313166,0.4919901170613425,0.20747112665287404,0.0009717766540559308,0.0014279549334989276,-0.09572581712725156,0.0022255853289415116,0.9414225941422594,0.8009602604385279,0.0,239
245,eval,pact,3.0,0,0.4392558533156307,0.0430953602105164,0.07182559767613411,0.0,0.0,0.006520049627987224,0.5453393049070526,0.5375687221852307,0.6744256773690799,59286.53481302301,0.10194276574079461,116.91768447125806,0.014662992480994206,58429.0,0.0,58167.0,0.0,0.0,0.9813805701343584,0.9000000000000004,0.8832424952644683,0.8510189514167651,0.7189792990523907,0.007996228405399554,0.015184725591889485,-0.10594833151615293,0.43615537553043116,0.20502092050209206,0.5375687241722583,0.0,239
246,eval,pact,3.0,0,0.0065658995871934805,0.0011102865034395661,0.001850477341965214,0.0,0.0,0.012021783039862267,0.8988443760193542,0.8954720801389368,-0.25934491883261934,91492.32966134937,0.0508957126384375,244.73935187112338,0.0036962056492560514,58667.0,0.0,58405.0,0.0,0.0,0.9923519565719939,0.9000000000000004,0.8931167426219047,0.28884989109003234,0.169743012411671,0.002108293065509389,0.002780222356373982,-0.11213256479804663,0.03477848007359268,0.8117154811715481,0.89547208609779,0.0,239
247,eval,pact,3.0,0,0.4722936973789786,0.02450492473902589,0.040841538778230525,0.0,0.0,0.0067397813628345855,0.641077205102314,0.6473323398554175,0.38585571676757424,27298.633151640952,0.24450587337860002,44.88916319683506,0.018732969601400914,58905.0,0.0,58643.0,0.0,0.0,0.9798066669677591,0.9000000000000004,0.8818259749826527,0.7432211348110239,0.3060253269201826,0.00725182946588771,0.017864272315016163,-0.09258019633522598,0.08851894714976706,0.7322175732217573,0.6473323422309056,0.0,239
248,eval,pact,3.0,0,0.3269574497412977,0.03899451631625357,0.0649908566048306,0.007036896180907054,0.0,0.011383112870686723,0.8890722291738917,0.9006642018401972,0.5084128242656277,39875.682167723586,0.17086708539450018,99.72139392437795,0.029316374297530458,59143.0,0.0,58881.0,0.0,0.0,0.9904646692665052,0.9000000000000004,0.8914181739715352,0.670988245062201,0.39420444983420366,0.012098124508958051,0.029300709717778418,-0.1340146232294434,0.2935398676518591,0.1589958158995816,0.9006641977641,0.0,239
249,eval,pact,3.0,0,0.27401919350725557,0.024567659979922198,0.04094609829842731,0.0,0.0,0.008153176424678056,0.6632270198237447,0.6458279178731112,0.4432990602120196,81414.00884218096,0.14151493122920036,104.217250385045,0.010845537945261873,59381.0,0.0,59119.0,0.0,0.0,0.9789125350728693,0.9000000000000004,0.8810212649560872,0.6702394863088318,0.6695663951700579,0.004719026758449904,0.011831206708920489,-0.09565502308304034,0.23784088548621612,0.6192468619246861,0.6458279142012625,0.0,239
250,train,pact,3.0,0,0.2364117139628913,0.060446729171451496,0.10074454298220764,0.028908330775703844,0.0,0.015646400820526245,1.5836614692061517,1.591339079655364,0.009965292615504258,1214.0434498806878,0.269293767692342,12.926088685021739,0.04390392397242018,59619.0,0.0,59357.0,0.0,0.0,0.9818623817864821,0.9000000000000004,0.8836761279086188,0.45106265543425,0.48220842864256075,0.019529231002448293,0.04434121185796779,-0.18966059469158514,0.1953767174100122,0.4560669456066946,1.5913390810436354,0.0,239
251,train,pact,3.0,0,0.06036288374898542,0.015023430218656106,0.025039048218912355,0.0001901863883229978,0.0,0.017135082288142527,1.643517333094545,1.655769316721162,0.3274978021448127,864.0320324758106,0.6905118197077986,0.8088761607972149,0.040644110793688154,59857.0,0.0,59595.0,0.0,0.0,0.9906475122503656,0.9000000000000004,0.8915827346646137,0.3097780954168626,0.3070237161988908,0.036374345984352977,0.03719553059730757,-0.1990494185982538,0.22392355856256863,0.4476987447698745,1.655769319296235,0.0,239
252,train,pact,3.0,0,0.026644067398029395,0.007000602640949346,0.011667670145904583,0.0,0.0,0.01629027936443936,1.6135995929211253,1.6196618651246426,0.2823144103942057,924.5639336877288,0.6394854512174758,3.8159416624691698,0.014624583277102194,60095.0,0.0,59833.0,0.0,0.0,0.9899134723212429,0.9000000000000004,0.8909220984790116,1.4322951350591149,0.1296698993435671,0.009600887160693098,0.013096479142267865,-0.20015009095704697,0.27861360871242474,0.38493723849372385,1.6196618665223927,0.0,239
253,train,pact,3.0,0,0.051011509713621825,0.01616069214740408,0.026934485515511024,0.005515405199018981,0.0,0.015853691795474564,1.6278287790809216,1.6393982361550112,0.25858269762793346,1107.3778111924687,0.37225926820204347,6.273504602360426,0.022558693994697822,60333.0,0.0,60071.0,0.0,0.0,0.9909057440119309,0.9000000000000004,0.8918151506320203,0.7300061224978609,0.18409046895861936,0.011320601782095908,0.021290322562346475,-0.2021226483103097,0.2773079319861123,0.41422594142259417,1.6393982228160788,0.0,239
254,train,pact,3.0,0,0.45752091049933935,0.10713121815506117,0.178552018336936,0.0623811338112444,0.0,0.014660932836765775,1.447500471290684,1.48289507876879,0.6193877621612289,1124.1138262249935,0.5524091500950642,3.692289484095873,0.07093296563603514,60571.0,0.0,60309.0,0.0,0.0,0.9903523473061279,0.9000000000000004,0.8913170969635872,0.7187967124989957,0.4354675666961628,0.03784362030989033,0.07052954940016237,-0.19637057703661331,0.3815543487937328,0.301255230125523,1.4828950780606165,0.0,239
255,train,pact,3.0,0,0.08163402942219938,0.01757102229588264,0.029285036211568014,0.0,0.0,0.015290590406446153,1.557594743732628,1.559438692974745,0.474453931323654,928.9363674020169,0.43555074992538995,5.677128635440411,0.02124815965636349,60809.0,0.0,60547.0,0.0,0.0,0.9901533573242411,0.9000000000000004,0.8911380004683299,0.7208236995530706,0.24955620432041015,0.010429046195085076,0.02016203007300357,-0.19511281300122726,0.30840677764918845,0.3598326359832636,1.5594386893127674,0.0,239
256,train,pact,3.0,0,0.3269574497412977,0.07679091650122195,0.127984850497391,0.04165081798282128,0.0001901863883229978,0.01600727739950416,1.6016844146920048,1.6180024785476748,0.49399535401595684,933.5534547941455,0.5300311612327696,4.998629058255311,0.06346542238565668,61047.0,0.0,60785.0,0.0,0.0,0.9913012577400048,0.9000000000000004,0.8921711163041981,0.7360030113181599,0.3201585555452402,0.023825733191656446,0.06221152385638318,-0.20081529994819286,0.29143298020712777,0.33472803347280333,1.618002479353749,0.0,239
257,train,pact,3.0,0,0.08163402942219938,0.022690270015982415,0.03781711544543671,0.005325218686000074,0.0,0.016718771328144245,1.613384518164471,1.616366582435544,0.3313826638036193,941.3784606167462,0.4692642116085256,5.895137382850487,0.027911364679540425,61285.0,0.0,61023.0,0.0,0.0,0.9904235347045516,0.9000000000000004,0.8913811622304397,0.6992410606371023,0.16294618018276474,0.011543959693517536,0.02649245183660637,-0.20642118339732,0.3641651087569364,0.29707112970711297,1.6163665657082387,0.0,239
258,train,pact,3.0,0,0.5005976241194593,0.1188018953483201,0.19800314780302292,0.042601750298524005,0.0,0.015983734854641194,1.5745859617468703,1.595486531696559,0.607547402381897,921.0379459907819,0.5509371657750597,3.108323149351894,0.06961027206560776,61523.0,0.0,61261.0,0.0,0.0,0.9908018236878526,0.9000000000000004,0.8917216282010577,0.7531038657093914,0.45073963580128973,0.051785767181879945,0.0700507832897601,-0.1956165805715156,0.26196623045194223,0.4393305439330544,1.5954865263262388,0.0,239
259,train,pact,3.0,0,0.40235948536471244,0.08088153423806305,0.13480255029032862,0.027386839544423953,0.0,0.015389810357180475,1.4816101318123949,1.503118242678782,0.6047747062838726,1027.291017923395,0.5933759929495377,4.453230418919519,0.058705461776530896,61761.0,0.0,61499.0,0.0,0.0,0.9903578753251909,0.9000000000000004,0.8913220663449755,0.7936510578344177,0.3891652569299163,0.02485063278581947,0.05781113677054145,-0.1965696427119525,0.3767767589542717,0.301255230125523,1.503118241661702,0.0,239
260,train,pact,3.0,0,0.1751345835546242,0.04084259916276115,0.06807099182509903,0.018448079667330787,0.0,0.01586812215362321,1.5773724886164007,1.5762517138006298,0.44485994387870054,1003.1334003783669,0.5123143713593982,5.879933305365271,0.0276794739831804,61999.0,0.0,61737.0,0.0,0.0,0.9899682133267614,0.9000000000000004,0.8909713715688953,0.3764005494065274,0.39534110145575363,0.004613122745902966,0.028985998585720832,-0.18618027612040908,0.15908483931273928,0.5690376569037657,1.5762517194027823,0.0,239
261,train,pact,3.0,0,0.44882433315462367,0.09835260136313682,0.16392099013118314,0.038798022719107914,0.0,0.015251730282296072,1.4611906426721037,1.4950970952480906,0.4949968810111409,1077.8111786782492,0.49081776911494124,1.3146036077742795,0.06110008190888678,62237.0,0.0,61975.0,0.0,0.0,0.9912130234131753,0.9000000000000004,0.8920917007214854,0.6016937656465102,0.5765939842490022,0.06583297428571516,0.0632514508974945,-0.19528983545212292,0.3653520875990386,0.3054393305439331,1.495097097118893,0.0,239
262,train,pact,3.0,0,0.4367288618482977,0.10014755524441082,0.16691258291240013,0.03689615871118202,0.0,0.015411570605872565,1.5692650962574213,1.5756821530134608,0.6013047985701382,894.7181381161741,0.6489074069336368,1.0920228481791507,0.06373691214560277,62475.0,0.0,62213.0,0.0,0.0,0.9904302246401001,0.9000000000000004,0.8913871887837493,0.6042249100761476,0.6082268856133806,0.07631650992997867,0.06640739406158984,-0.1912935539053213,0.2229146265467818,0.42677824267782427,1.5756821644221195,0.0,239
263,train,pact,3.0,0,0.007217873016016257,0.0014872213855311378,0.0024787021466942697,0.0,0.0,0.01686258058971628,1.6136172795395471,1.6378226921149377,0.4575061129725628,926.2571689493985,0.7213395063348395,9.995936141602664,0.034005715731418376,62713.0,0.0,62451.0,0.0,0.0,0.9908886078012539,0.9000000000000004,0.8917997299876672,10.958392806297994,-10.539751188431799,0.017314047619248204,0.029883808700395087,-0.1928000022180389,0.16745304014955933,0.5146443514644351,1.637822689416721,0.0,239
264,train,pact,3.0,0,0.3069478625608959,0.07045412980165322,0.11742354122651548,0.0319513128641759,0.0,0.015103931981041466,1.5833406548120985,1.5846828800863801,0.4318400203682887,813.3612499795698,0.5956895138803386,6.056671992754836,0.03746599355347457,62951.0,0.0,62689.0,0.0,0.0,0.9896423375257388,0.9000000000000004,0.8906780847944475,0.44201273023298554,0.4776967167512267,0.0013499631619746444,0.040864631786728646,-0.1883461745499543,0.1862666547968782,0.48535564853556484,1.5846828757318647,0.0,239
265,train,pact,3.0,0,0.5017308984838317,0.12279668559733874,0.20466112995538013,0.04583491883766701,0.0,0.01717110834119522,1.6038595677419687,1.6409787276299928,0.58810235478888,1074.374572498529,0.6393785083892455,2.3622388046655693,0.07656678434453562,63189.0,0.0,62927.0,0.0,0.0,0.9915118706276227,0.9000000000000004,0.892360661568502,0.831426832193445,0.4688090893436293,0.20261210372502153,0.07517188502608109,-0.1986791135833571,0.23979940057568472,0.40585774058577406,1.640978729694844,0.0,239
266,train,pact,3.0,0,0.00010017924373394666,1.5858241906594172e-05,2.643040178741122e-05,0.0,0.0,0.01657527155402627,1.6193192264524963,1.6357777288269297,0.47573761685622784,1246.663481261441,0.6176941394805908,9.435956001281738,0.020115278404796395,63427.0,0.0,63165.0,0.0,0.0,0.9909933508689434,0.9000000000000004,0.8918939916159817,151.95711703812785,-168.12284574032478,0.01609058814034958,0.018013735395314555,-0.19029040510958123,0.13923261817858096,0.5271966527196653,1.6357777396315294,0.0,239
267,train,pact,3.0,0,0.4465136047263696,0.101698632990664,0.16949771147358444,0.04507417284793933,0.0,0.01548543194246529,1.5949548582651625,1.586807236511837,0.5346575187339943,920.3774526428479,0.5534038083573266,4.184024301283529,0.043629417650191654,63665.0,0.0,63403.0,0.0,0.0,0.9896164252169461,0.9000000000000004,0.8906547634172639,0.5406140941272012,0.5745601162193857,0.001215543974240063,0.04838819490786092,-0.1883785023650154,0.17240867681533575,0.497907949790795,1.5868072451213484,0.0,239
268,train,pact,3.0,0,0.26150266818706364,0.04574047204127717,0.07623411461540416,0.007607455532919911,0.0,0.014728976622083572,1.4731051108827151,1.4778649779543218,0.7215084558251512,802.4796992984277,0.6837814619850414,4.925614101368014,0.037539022962979694,63903.0,0.0,63641.0,0.0,0.0,0.9897088563093082,0.9000000000000004,0.8907379520488085,1.1546483764180313,0.4386059909267409,0.021639693018972363,0.03498373168450488,-0.19618743884615533,0.4081723493278732,0.26359832635983266,1.4778649714830996,0.0,239
269,train,pact,3.0,0,0.23223904260317552,0.055298136481298006,0.09216355500366148,0.03898820835925545,0.0003803727766459956,0.015743027636040952,1.5362188778661783,1.5518887973230753,0.4901701249338094,1004.1176959560506,0.44320980554727146,7.556646288688213,0.05112112788132793,64141.0,0.0,63879.0,0.0,0.0,0.9908110172678736,0.9000000000000004,0.8917298970362133,0.6874181172461081,0.28353512080331333,0.019796901983359167,0.049702429613020564,-0.19298469607250993,0.2907504673729191,0.3682008368200837,1.5518887891640436,0.0,239
270,eval,pact,3.0,0,0.19109902345770474,0.02787247286090038,0.04645411812437727,0.02130087530513189,0.0,0.00784214778031733,0.6286530557037896,0.6708626571310116,0.42258768874731023,2467.0023773065673,0.2570380123573741,14.364249426450689,0.026642827202651695,64379.0,0.0,64117.0,0.0,0.0,0.9948374461928172,0.9000000000000004,0.8953536796270554,0.6964015023108387,0.2406243532008061,0.008748576706171091,0.025183723023683456,-0.08662644128744136,0.025431021692038338,0.9414225941422594,0.6708626590759845,0.0,239
271,eval,pact,3.0,0,0.2698529906927464,0.016039391723866345,0.026732317992134377,0.0,0.0,0.00769389073011781,0.6668933522751141,0.6524221496851375,0.3857404391386519,17274.826437467313,0.20804025006780563,16.021127044406395,0.006857518419900044,64617.0,0.0,64355.0,0.0,0.0,0.9840223918898834,0.9000000000000004,0.8856201321510091,0.6581383193478019,0.6456512836561636,0.002136549412313363,0.007548248877059123,-0.08662713097321056,0.1674827146206118,0.7154811715481172,0.6524221449723406,0.0,239
272,eval,pact,3.0,0,0.502091316396975,0.03473622251992641,0.057893701614512454,0.0,0.0,0.005198817816562951,0.5194053454129766,0.5120969064315493,0.624419158098588,30327.296572633368,0.16963893055105309,38.07787354122146,0.0143888080249069,64855.0,0.0,64593.0,0.0,0.0,0.9816674729770197,0.9000000000000004,0.8835007059524249,0.8099407513519475,0.586907001961447,0.008416430093348026,0.014935675900328172,-0.08849673353448331,0.2916407015044957,0.5146443514644351,0.5120969079304383,0.0,239
273,eval,pact,3.0,0,0.0023364927420596237,0.0002995872602703792,0.0004993120570232114,0.0,0.0,0.010983086284639695,0.8321013693779582,0.8298439313677065,-1.1154905749664148,107390.8756210774,0.1818217635154724,164.10232543945312,0.0064009464668328235,65093.0,0.0,64831.0,0.0,0.0,0.9924172145552216,0.9000000000000004,0.8931754764527955,4.203199745920971,-9.864878080587564,0.0030973605601193914,0.004070688653776274,-0.1046363711955374,0.0,1.0,0.8298439278493425,0.0,239
274,eval,pact,3.0,0,0.0,0.0,0.0,0.0,0.0,0.011063763369108593,0.8461929030996985,0.8418932312702035,-2.8206721534290073,151918.83458093618,0.1818217635154724,164.10232543945312,0.0016181155523893162,65331.0,0.0,65069.0,0.0,0.0,0.9943880407630649,0.9000000000000004,0.8949492106128437,nan,nan,0.0013768326288486625,0.0013768324495982923,-0.1006273921582321,0.0,1.0,0.8418932310763517,0.0,239
275,eval,pact,3.0,0,0.4918546168378746,0.05576973039319931,0.09294954512660902,0.0003803727766459956,0.0,0.007808976125743661,0.6922449251348504,0.7026283151185663,0.26798091682305397,69200.847427432,0.20389070707883794,49.72919618734256,0.0335582724351545,65569.0,0.0,65307.0,0.0,0.0,0.9808089852831853,0.9000000000000004,0.8827280647834475,0.917524380223253,0.44126705807424815,0.014714088823114122,0.030758006059833524,-0.09732122417261384,0.015579097302590581,0.9581589958158996,0.7026283194398548,0.0,239
276,eval,pact,3.0,0,0.31501783161268476,0.028860043806904195,0.04810006932106924,0.006656523404261058,0.0,0.008621156127016727,0.6863178700582752,0.7046735122114046,0.2989792865564634,45171.158145920504,0.3202928325558806,83.58508864207248,0.02675706130222546,65807.0,0.0,65545.0,0.0,0.0,0.9889494058477329,0.9000000000000004,0.8900544387775485,0.7590277931390499,0.21235505068619964,0.008312579703320248,0.025202366456225762,-0.09187751044051906,0.015786818599958456,0.9330543933054394,0.7046735100363518,0.0,239
277,eval,pact,3.0,0,0.023700630373153914,0.004167970291365773,0.006946616864662859,0.0,0.0,0.010734170217409918,0.8244788018230614,0.8203264789102467,-0.0018962004536638138,154514.15422332636,0.32231242939144,122.96903002112481,0.004338742978578613,66045.0,0.0,65783.0,0.0,0.0,0.9937717700104335,0.9000000000000004,0.89439457929284,0.6003392839793316,0.5933314082441616,0.002758250509335388,0.004060260944699705,-0.09789795367914077,0.0,1.0,0.8203264758715951,0.0,239
278,eval,pact,3.0,0,0.16342433874363083,0.0222652244104831,0.03710870543467361,0.005325218810695983,0.0,0.008681872535193005,0.6689290977920948,0.6920755378372001,0.35717267244586637,67335.11830707375,0.19191762278144828,95.59723673305751,0.020358298151173227,66283.0,0.0,66021.0,0.0,0.0,0.9875452636924249,0.9000000000000004,0.8887907206762785,0.9924489226457824,0.3251480441470842,0.008101691929491383,0.018063084523400066,-0.10176599335886255,0.16525712929167038,0.7238493723849372,0.6920755364354618,0.0,239
279,eval,pact,3.0,0,0.08452667201199193,0.011762020774965616,0.01960336700962612,0.0,0.0,0.010651148130891214,0.8382582800408288,0.8359018807381267,0.07511177927447546,250521.9977118201,0.15873751069212558,79.36439188554198,0.013585785795470786,66521.0,0.0,66259.0,0.0,0.0,0.9921706999694951,0.9000000000000004,0.8929536091982071,0.48069463550951264,0.17373787925834283,0.005063659339722973,0.012791891507297816,-0.10871150511704512,0.002908098163150242,0.99581589958159,0.8359018856729112,0.0,239
280,train,pact,3.0,0,0.3109929788440381,0.07968374294545219,0.13280623165024036,0.05857740598243649,0.0007607455532919912,0.015889339205501094,1.550102080261358,1.5885372136926053,0.462865312221347,5887.581521006309,0.4563010310029385,11.610205039818416,0.06465598756533163,66759.0,0.0,66497.0,0.0,0.0,0.9830774218467488,0.9000000000000004,0.8847696576657156,0.9031274077628598,0.3702075424822986,0.02944101592791932,0.06018021820448183,-0.19433006604928724,0.24374610522567433,0.4100418410041841,1.5885372142303464,0.0,239
281,train,pact,3.0,0,0.023700630373153914,0.005402907125510762,0.009004844486568865,0.0,0.0,0.015911188970269267,1.6175900453304146,1.6194581172456302,0.30475898916252486,1222.0958711632127,0.5028782206661532,13.7296077980656,0.007408220486551773,66997.0,0.0,66735.0,0.0,0.0,0.9907702489378063,0.9000000000000004,0.8916932020227281,0.1763234225410961,0.1533441429478748,0.003154001708329209,0.007187172126684486,-0.18898163285268185,0.14466304638119826,0.5774058577405857,1.6194581182147352,0.0,239
282,train,pact,3.0,0,0.3926658787366775,0.09209288618590432,0.15348813288568575,0.048117155123455255,0.0,0.01652566594106757,1.5746914706968362,1.602906086953614,0.563875087758986,1232.5025747131604,0.5645119774790488,4.567191398293404,0.06805490881251366,67235.0,0.0,66973.0,0.0,0.0,0.9913391458439528,0.9000000000000004,0.8922052041756059,0.7612643613415246,0.37959611709703733,0.028140461246247393,0.0669682402763843,-0.1926202147420291,0.20778064630997947,0.4476987447698745,1.6029060735469762,0.0,239
283,train,pact,3.0,0,0.4811274396703373,0.10952350645383067,0.18253916551560653,0.042982122701082266,0.0,0.015465812214015044,1.5306153579237072,1.5543000678138255,0.609983895363668,1212.1628923615651,0.6343073343632112,2.7893252667024044,0.07250327327401693,67473.0,0.0,67211.0,0.0,0.0,0.9904957949865812,0.9000000000000004,0.8914462048638316,0.7234260534699399,0.4002906937354648,0.032353299545745055,0.07261038271156939,-0.19429291463629944,0.30929701178076496,0.3389121338912134,1.5543000696815423,0.0,239
284,train,pact,3.0,0,0.004841264746033501,0.0007954527476362136,0.001325754484999048,0.0,0.0,0.015604455830630647,1.6025600869785293,1.6019713202779762,0.4639408757995861,937.5851197821326,0.4490059541857891,2.9829524521049597,0.006488793216369048,67711.0,0.0,67449.0,0.0,0.0,0.9898570768503964,0.9000000000000004,0.8908713484907749,2.465215057692456,-1.269280393967494,0.004718732947229961,0.005791856475621579,-0.19901893850772662,0.29119558443870736,0.3514644351464435,1.6019713373856812,0.0,239
285,train,pact,3.0,0,0.5019918537838604,0.11990732660693333,0.19984553456087722,0.04431342791812689,0.0,0.015286654746354749,1.5109240013685186,1.5267976976338788,0.6396263266707065,820.2729502402589,0.632157717289785,2.461912020479785,0.06627271683627514,67949.0,0.0,67687.0,0.0,0.0,0.9903233570035033,0.9000000000000004,0.891290993620661,0.7327369481135874,0.45896732087053327,0.042720608679311614,0.06807941525894953,-0.18304931155031456,0.18994628920739484,0.41841004184100417,1.5267976979645645,0.0,239
286,train,pact,3.0,0,0.002674004892043177,0.000722552656146009,0.0012042544343077459,0.0,0.0,0.015951791026134622,1.6316433012734897,1.6349448125232713,0.5245002061752095,912.4177149050405,0.6507921814918518,9.095635414123535,0.014180666163795584,68187.0,0.0,67925.0,0.0,0.0,0.9910366430442203,0.9000000000000004,0.8919329598358984,0.25118431056044166,0.02751137633507761,0.01326433410744659,0.012744858344163449,-0.19753941536378639,0.24172824119410072,0.47280334728033474,1.6349448024974114,0.0,239
287,train,pact,3.0,0,0.4085878510234286,0.09964234433124398,0.1660705605829824,0.05344237424589101,0.0,0.015898960786696257,1.584536405288026,1.6047913287474023,0.5125188161638491,1139.031366962768,0.5838167013125065,5.187803709856137,0.07526913543804607,68425.0,0.0,68163.0,0.0,0.0,0.9913653217598983,0.9000000000000004,0.8922287664652868,0.6987398410070031,0.3546641412766377,0.03008083731103211,0.07391718222767457,-0.19988656862912516,0.29075046737291904,0.4225941422594142,1.6047913363060475,0.0,239
288,train,pact,3.0,0,0.4634686815016611,0.10892331628233612,0.18153885001424802,0.03898820885803909,0.0,0.014711112101566217,1.5085030958742278,1.514915973322162,0.5444842185435435,918.3610226938415,0.6067484925232173,3.975042038632237,0.04646168022088231,68663.0,0.0,68401.0,0.0,0.0,0.9900502116111531,0.9000000000000004,0.8910451728429755,0.5950177970540647,0.5954545967356055,0.009146399694145657,0.050265870139852294,-0.18328478273526821,0.22143090299415416,0.4560669456066946,1.5149159784170045,0.0,239
289,train,pact,3.0,0,0.5020913164463541,0.1092012186680024,0.18200202105930596,0.03176112628880904,0.0,0.01624337265610882,1.6146467240784457,1.6344977450171274,0.6205942166899039,1015.3657331267161,0.5892281994909422,3.783929450990765,0.0735433785299377,68901.0,0.0,68639.0,0.0,0.0,0.9910569834409897,0.9000000000000004,0.8919512721783945,0.9387274515975255,0.3289759589581541,0.05671868473291397,0.07054267709716282,-0.20022210553126932,0.26149143891510135,0.42677824267782427,1.6344977556566525,0.0,239
290,train,pact,3.0,0,0.4909922425595826,0.108627439793343,0.18104572322757362,0.030049448606858195,0.0,0.015869830396010785,1.5812002405461907,1.6015086400957785,0.6568210137439073,1016.4045083273405,0.6424335945849639,3.121340298503014,0.06347179107726493,69139.0,0.0,68877.0,0.0,0.0,0.9909042494067587,0.9000000000000004,0.8918138133930861,0.7967638984673762,0.4763980394626267,0.03914827010076907,0.06372812850143621,-0.18977592971058943,0.18588088667319505,0.4811715481171548,1.6015086415188824,0.0,239
291,train,pact,3.0,0,0.08452669602320004,0.02017564913802588,0.03362608010811299,0.0013313047182609845,0.0,0.016524175593091727,1.6126491833930234,1.6042498058355004,0.4879488294094676,1061.584512750474,0.6044502748355706,5.772784678507051,0.02196216960469257,69377.0,0.0,69115.0,0.0,0.0,0.9899085677817276,0.9000000000000004,0.8909176877352982,0.272669695377853,0.28459045329530097,0.00979615590767935,0.021739578641835157,-0.1882178156997303,0.15119143001276,0.5355648535564853,1.6042498053326972,0.0,239
292,train,pact,3.0,0,3.583932445953487e-06,3.958816534318868e-07,6.598027189341121e-07,0.0,0.0,0.016006265470765873,1.6137051387810808,1.6217717146773718,0.19609846417873972,992.6082017970384,0.38571757078170776,1.3930479288101196,0.014723214422762745,69615.0,0.0,69353.0,0.0,0.0,0.9901446390850275,0.9000000000000004,0.8911301588413606,707.6999964597118,-793.0417414684317,0.012997500106735541,0.013168541920711345,-0.19430265444056832,0.21873052612837174,0.4686192468619247,1.6217717201617532,0.0,239
293,train,pact,3.0,0,0.4341484118583851,0.10058513496622855,0.1676418810543871,0.05039939165863532,0.0,0.016032301274295818,1.5884288818766383,1.614363481559514,0.5984317101382312,1005.1081846867645,0.657722382475018,3.255577158728404,0.06948136784736395,69853.0,0.0,69591.0,0.0,0.0,0.9910746204304396,0.9000000000000004,0.8919671325005248,0.7287762015033089,0.4092588036909456,0.031204298145367182,0.06893873263431019,-0.20220664268307809,0.3079319861123476,0.3723849372384937,1.6143634802706355,0.0,239
294,train,pact,3.0,0,0.48485144005920816,0.11140119059875596,0.1856686383417205,0.04944845990406419,0.0,0.01623000235737118,1.5832992091338505,1.599672489585238,0.5920180720764224,881.4425825174882,0.662685636134826,2.3920606922155643,0.04882963499732347,70091.0,0.0,69829.0,0.0,0.0,0.989951670668614,0.9000000000000004,0.8909564856206024,0.6058632272301377,0.5800393372199821,0.010378042951093189,0.05293624071700491,-0.18943817219180858,0.17157779162586426,0.4560669456066946,1.5996724881255613,0.0,239
295,train,pact,3.0,0,0.4997555405538623,0.11479965914252994,0.19133275039407882,0.047166223181840265,0.0,0.015423119346763174,1.5005291336251103,1.5426562096783307,0.6443079802281687,983.4627425062108,0.6741638899348271,1.9971915593207132,0.06957843439131352,70329.0,0.0,70067.0,0.0,0.0,0.991020312618511,0.9000000000000004,0.8919182589363354,0.8002094025510924,0.5116923636654336,0.12858046360668682,0.06802501558291114,-0.18847526243013124,0.24217335825988903,0.4225941422594142,1.5426561999875605,0.0,239
296,train,pact,3.0,0,0.35386675944174084,0.0795749741211473,0.1326249478086264,0.037847090777492924,0.0,0.01592546733774276,1.5463369822901163,1.5683297657068804,0.6796672835509647,1133.3814510840252,0.6619108437743646,4.4480192327100365,0.055863104561912715,70567.0,0.0,70305.0,0.0,0.0,0.9917376091290717,0.9000000000000004,0.892563825371874,0.8920984861236151,0.45207493538897936,0.027878833766234047,0.054513222413238874,-0.1940328541107907,0.26612065639929966,0.3514644351464435,1.5683297664083613,0.0,239
297,train,pact,3.0,0,0.5019918537838604,0.11550732875750867,0.19251220370384073,0.051160137897754816,0.0,0.015355266073414722,1.5072775665187437,1.523969427811052,0.6765788638940915,982.3764850185506,0.6083784062243904,3.2712436400696823,0.06429587549892367,70805.0,0.0,70543.0,0.0,0.0,0.9900795879723138,0.9000000000000004,0.8910716163563429,0.7592429609181245,0.46523942678222197,0.07729125821164676,0.06570193825472755,-0.18374196519859617,0.21214279355470492,0.4100418410041841,1.523969425483058,0.0,239
298,train,pact,3.0,0,0.21562707504729067,0.0525230646156438,0.08753843661016544,0.02073031595311903,0.0,0.015384189301330176,1.5564269508278021,1.566401021001728,0.535346399166594,1018.5450876148176,0.522365991259968,7.7739393755980615,0.04106490944208242,71043.0,0.0,70781.0,0.0,0.0,0.9906705183962897,0.9000000000000004,0.8916034496478955,0.41908370435840214,0.44176378052626897,0.01960572887219314,0.04216275153590062,-0.18472975310783857,0.17297249176533427,0.5230125523012552,1.566401020856445,0.0,239
299,train,pact,3.0,0,0.017240600663365867,0.0045571646697380366,0.007595274140573668,0.0,0.0,0.015602709129296835,1.5702912106673588,1.5792112991400842,0.314320027204737,1091.5054311073973,0.5466330015883785,1.0585350870587338,0.032717343759781456,71281.0,0.0,71019.0,0.0,0.0,0.990586770129503,0.9000000000000004,0.8915280742126529,0.2831502541902504,0.19624148372982642,0.03140136723815544,0.029622894678183024,-0.1899494042028563,0.20997655716786848,0.5104602510460251,1.5792112906020164,0.0,239
300,eval,pact,3.0,0,0.48485143263255603,0.06363536432075775,0.10605893414800015,0.006656523466609013,0.0,0.005944612943060758,0.600600277155513,0.6061017777630475,0.5083791712088565,1574.3997963622026,0.2134000807532955,15.5683106602984,0.031423845126733935,71519.0,0.0,71257.0,0.0,0.0,0.9924098425330478,0.9000000000000004,0.8931688451866725,0.803555901861015,0.5488404143906065,0.013765781901643745,0.031461099799815956,-0.10550656759348291,0.34351167690435924,0.3682008368200837,0.6061017755164714,0.0,239
301,eval,pact,3.0,0,0.023700621450150866,0.0018854956740359278,0.0031424927228765084,0.0,0.0,0.007670471447648551,0.6527209340528464,0.6544361661916996,0.5145257718892277,18561.712640355323,0.2169206388076479,57.76253172343745,0.006477837495127825,71757.0,0.0,71495.0,0.0,0.0,0.9943407055723118,0.9000000000000004,0.8949066176075317,1.4984116487070334,-0.9212210498356885,0.0031909052759147016,0.005781961315132241,-0.0900185363950583,0.0,1.0,0.6544361634519843,0.0,239
302,eval,pact,3.0,0,0.4824189044268233,0.01930772322172503,0.03217953716153396,0.0,0.0,0.0041017989656268366,0.5003350014217728,0.48964017118370184,0.4138984834798709,50927.30633825837,0.07527602298074902,32.765210953716455,0.012508457430607198,71995.0,0.0,71733.0,0.0,0.0,0.9796974066037014,0.9000000000000004,0.8817276432798498,0.7351115779994112,0.3751098331511963,0.0014050437629603866,0.011770697050946122,-0.0665508072248702,0.0,1.0,0.48964017344944333,0.0,239
303,eval,pact,3.0,0,0.496713411596384,0.05997880776628476,0.09996467461777489,0.0,0.0,0.004805620809409097,0.5708977903032901,0.5587664389959439,0.3491514868484849,44762.440719796024,0.15276903099532407,92.1512586402095,0.020217671692293434,72233.0,0.0,71971.0,0.0,0.0,0.9808376440193862,0.9000000000000004,0.8827538648659216,0.9033788556423641,0.6944855028741309,0.013942330310653363,0.019990414844740137,-0.10203766722181791,0.42479005311730317,0.24686192468619247,0.5587664395685957,0.0,239
304,eval,pact,3.0,0,0.4288286743681341,0.022730594109382777,0.037884321384325285,0.0,0.0,0.006019831679870519,0.5799301381390464,0.5951244393402563,0.44685955226585017,43285.61539781642,0.1392645397102733,48.00726856048137,0.0137257515540479,72471.0,0.0,72209.0,0.0,0.0,0.985746599016828,0.9000000000000004,0.8871719207474378,0.8998393783983116,0.4765535249900633,0.005524262966273326,0.011891076224368986,-0.09635144390556714,0.12127956319178612,0.5732217573221757,0.5951244378715179,0.0,239
305,eval,pact,3.0,0,0.2947040708871606,0.0299517449261638,0.049919571345132634,0.0030429822131679647,0.0,0.005754551734331075,0.5694107665177669,0.5809350039919051,0.4895607269949681,52390.33711427824,0.22467043819334592,108.31438340502304,0.02110619273009441,72709.0,0.0,72447.0,0.0,0.0,0.984470535147639,0.9000000000000004,0.886023457828426,0.9809714128629957,0.4145304939663683,0.006992283738602739,0.01929293174752537,-0.08055782201264071,0.015935190955221223,0.9707112970711297,0.5809350023285721,0.0,239
306,eval,pact,3.0,0,7.168495677855786e-07,1.354421793130542e-07,2.25736965521757e-07,0.0,0.0,0.007980034446975053,0.6788484224714495,0.6757336398547663,0.07001672426913767,145270.18328321129,0.22478485107421875,164.0710906982422,0.002340009536596101,72947.0,0.0,72685.0,0.0,0.0,0.9936331554187392,0.9000000000000004,0.8942698222822724,946.6530572933085,-3813.8078370552435,0.0016411533219712403,0.0017623762226523247,-0.09014609804221937,0.016439656963114634,0.8410041841004184,0.675733639839632,0.0,239
307,eval,pact,3.0,0,0.372095166128404,0.02180138659975177,0.03633564283478777,0.0,0.0,0.006954459473977808,0.6294577437215271,0.6416285630299955,0.14047464032396362,76318.16729864017,0.19424734797687213,42.94427658025191,0.01941657208868743,73185.0,0.0,72923.0,0.0,0.0,0.9822138609310075,0.9000000000000004,0.8839924499766597,0.6135079487651873,0.2004695251352664,0.004790013977797346,0.01893947768769379,-0.09861452367387691,0.09003234517344728,0.6317991631799164,0.6416285566825319,0.0,239
308,eval,pact,3.0,0,0.16342436824145895,0.005620267911779204,0.009367112743500333,0.0,0.0,0.00574589039249712,0.5604486351980824,0.5590543063614658,-0.2613543584498588,74333.95792200575,0.2024668083218351,47.83292453957402,0.005339241943177943,73423.0,0.0,73161.0,0.0,0.0,0.9835401552740999,0.9000000000000004,0.8851861193090304,0.8639267228232484,0.5341537399628824,0.0036890041479404937,0.004741932733557245,-0.07225712469210702,0.0,1.0,0.5590543084848181,0.0,239
309,eval,pact,3.0,0,0.017240600663365867,0.000678025668832302,0.001130042697368633,0.0,0.0,0.006792000196796206,0.6052170031739079,0.6029587637430455,-1.3823425385119028,118376.51688349896,0.055748636627795806,8.029567796316107,0.0027196731135369938,73661.0,0.0,73399.0,0.0,0.0,0.9871043478095881,0.9000000000000004,0.8883938993868967,0.8512341543631843,0.17821194846946353,0.001989385613942339,0.0021466410423679645,-0.07498331832561068,0.0,1.0,0.6029587629021858,0.0,239
310,train,pact,3.0,0,0.005378621699537879,0.0014042732614048326,0.0023404553534548777,0.0,0.0,0.015731976975425766,1.607288508485052,1.6065286570014314,-13.525337212754094,2111.080185128056,0.041207820948634184,11.37983899086589,0.002880433353300257,73899.0,0.0,73637.0,0.0,0.0,0.9811870772469493,0.9000000000000004,0.8830683482616017,0.17083698883746506,0.07662969231440131,0.0013769492353013356,0.002517686337246594,-0.19303037881914598,0.20855218255734592,0.4895397489539749,1.6065286474459728,0.0,239
311,train,pact,3.0,0,0.4797851214425007,0.10946986423977666,0.182449763333101,0.044503614119406024,0.0,0.015522857184938807,1.5739012535147088,1.5732624179149772,-0.10970438878094801,958.9308987541677,0.5101215808212008,1.1935695846210463,0.049105422943197266,74137.0,0.0,73875.0,0.0,0.0,0.9904133485450904,0.9000000000000004,0.8913719868560216,0.5843100037963047,0.5601596058106321,0.004449854990841983,0.052904151064790905,-0.19249234317503963,0.25985934300721086,0.42677824267782427,1.5732624097173475,0.0,239
312,train,pact,3.0,0,0.15576158431569304,0.03498731361472298,0.058312186745660785,0.0022822366598759733,0.0,0.016503119587929427,1.5954799572294227,1.626125498795609,0.621448934826392,1244.4207579800275,0.6839972370339238,5.206439479873769,0.0370933913950181,74375.0,0.0,74113.0,0.0,0.0,0.9910197494917834,0.9000000000000004,0.8919177524215507,1.336860501917768,0.2981390660937342,0.018766918119492493,0.032516031841665634,-0.19736839026939007,0.24196563696252116,0.4225941422594142,1.6261254974476669,0.0,239
313,train,pact,3.0,0,0.5000638219418426,0.10856835214790066,0.18094724275049495,0.03347280365902011,0.0,0.013799786744989984,1.3840579365586636,1.4112429339516612,0.6548741250357368,1158.569301461575,0.5795118883563883,3.0664123069791116,0.06614857992336591,74613.0,0.0,74351.0,0.0,0.0,0.9901968008803523,0.9000000000000004,0.8911771053549635,0.7332309651465724,0.43831322617337265,0.055231087980791925,0.06674204050333368,-0.20667339702763873,0.549007388943292,0.1799163179916318,1.411242930527022,0.0,239
314,train,pact,3.0,0,0.06283617998029117,0.014645714685631377,0.024409523624557224,0.0005705591649689933,0.0,0.015262816851436468,1.568481128086106,1.5694722333712559,0.500369454278108,1061.6677120958911,0.5895343264525904,7.536792105710656,0.020341548678527537,74851.0,0.0,74589.0,0.0,0.0,0.9903429863841963,0.9000000000000004,0.8913086622828719,0.3104674813198329,0.28089298202587054,0.012162704099928093,0.01968129543747332,-0.18734429578254602,0.20318110329683373,0.47280334728033474,1.56947224223752,0.0,239
315,train,pact,3.0,0,0.15197702979228886,0.03841570856991391,0.0640261762301143,0.011220996724013005,0.0,0.016241077980548767,1.5793002863808157,1.5949747390328093,0.4766620380110322,1161.8995384312075,0.5438735594809305,4.906630215784496,0.037620782328060355,75089.0,0.0,74827.0,0.0,0.0,0.9915095921839631,0.9000000000000004,0.8923586120665323,0.9388834598810627,0.29438211912096646,0.015601176150893379,0.03541284801280632,-0.19281820573732664,0.21490251936259233,0.46443514644351463,1.594974732414366,0.0,239
316,train,pact,3.0,0,0.24895395069227458,0.05906315167086485,0.09843857759884965,0.03651578549810035,0.0,0.015299059154473589,1.5268614381925831,1.5416727487512214,0.4635615940498009,1147.453023104488,0.555195083818301,5.791387494637877,0.05409023254353818,75327.0,0.0,75065.0,0.0,0.0,0.9904793580705651,0.9000000000000004,0.8914314062026754,0.778351832096234,0.2754732536350051,0.020086187574391564,0.05195459942762042,-0.19730003698113177,0.33855604023858277,0.32217573221757323,1.5416727523197908,0.0,239
317,train,pact,3.0,0,0.08746965989669216,0.022391367972430007,0.03731894469929559,0.004374286931428949,0.0,0.016131641992044372,1.6056379793079327,1.6023474298261697,0.3211521266893363,981.1533782831295,0.584517246010912,6.462732563208337,0.017988478989198135,75565.0,0.0,75303.0,0.0,0.0,0.9903212107375077,0.9000000000000004,0.89128906731825,0.2667053462073453,0.2853185223328111,0.00260276373377944,0.018431084531505014,-0.19543120145601084,0.2379002344283213,0.40585774058577406,1.6023474271928777,0.0,239
318,train,pact,3.0,0,0.48813355436147227,0.1131132408551505,0.188522056787596,0.044883986584312245,0.0,0.015654745854624397,1.571936215566292,1.5807424097879161,0.5104655364691961,955.5051918189396,0.5117270202068105,1.3821400630922995,0.0559384266058739,75803.0,0.0,75541.0,0.0,0.0,0.9903316934238418,0.9000000000000004,0.8912984960747563,0.6619864991236759,0.5818628671957202,0.04743207083680691,0.05758079934366453,-0.19402976135803496,0.25241105077302,0.4435146443514644,1.5807424172870053,0.0,239
319,train,pact,3.0,0,0.0014944071429085072,0.000567484931102379,0.0009458081465206941,0.0,0.0,0.016396724556623395,1.6218629606598092,1.6465742548140523,0.4727310689173982,1394.7529107895855,0.6355478167533875,3.2152724266052246,0.030866783551158673,76041.0,0.0,75779.0,0.0,0.0,0.991227199592351,0.9000000000000004,0.8921044608539118,18.122223514278918,-18.60011180624573,0.019115815222014703,0.02739773439530821,-0.19964976399237738,0.24531885219145969,0.42677824267782427,1.646574254807579,0.0,239
320,train,pact,3.0,0,0.1161134909462402,0.026388770986882245,0.04398128295733879,0.0015214911065839823,0.0,0.015937316404834825,1.576971034125803,1.5797543081778362,0.3510197693458661,1058.5723049530923,0.5781944501973595,2.7526444600715796,0.019044371667664126,76279.0,0.0,76017.0,0.0,0.0,0.9897063456818649,0.9000000000000004,0.8907356910625761,0.30519404828672464,0.3139939295859805,0.0013115461867540023,0.019788097442801415,-0.18655406142890615,0.1719338852784949,0.49372384937238495,1.5797543073462754,0.0,239
321,train,pact,3.0,0,0.01609831423724945,0.003250462412454235,0.005417437298054355,0.0,0.0,0.0156673055792921,1.5806928060044803,1.5803830900451628,0.2902743187908348,908.8836245995685,0.45458409314873827,13.184831772888057,0.01704914208499629,76517.0,0.0,76255.0,0.0,0.0,0.9902446823638852,0.9000000000000004,0.8912201965204343,2.9050166822729806,-1.3134538025149296,0.010277220116213265,0.014939147152423579,-0.1944812264809006,0.2650820499124603,0.41841004184100417,1.5803830887707062,0.0,239
322,train,pact,3.0,0,0.004340025042008344,0.001188336631092467,0.001980561000259913,0.0,0.0,0.015608689593829246,1.5881979792187901,1.5869452220126674,-0.33300362591277105,921.9368063954629,0.4509730405139125,13.501049949035485,0.002205115866855373,76755.0,0.0,76493.0,0.0,0.0,0.9904747652708237,0.9000000000000004,0.891427265799694,0.17733101639616344,0.05803439020722012,0.0010943856042005809,0.002096716257807834,-0.19014346279000424,0.1990266773494762,0.47280334728033474,1.5869452283042327,0.0,239
323,train,pact,3.0,0,0.0012663877662295617,0.00034399625184967925,0.0005733270280334219,0.0,0.0,0.016095031633443165,1.6022155272412,1.602585807505013,-3.3538982282123806,924.3510453611239,0.24418024718761444,1.7193926572799683,0.0020888473845539256,76993.0,0.0,76731.0,0.0,0.0,0.9900817252602039,0.9000000000000004,0.8910735354263912,1.0298656095965293,0.09279156821073764,0.0017156181715403658,0.0018970062886803142,-0.194532233828803,0.23867177067568768,0.46443514644351463,1.6025858092636942,0.0,239
324,train,pact,3.0,0,0.36491424218167223,0.08072265294939517,0.13453774575689476,0.050209205395008234,0.0,0.014927441408179669,1.5091510410089373,1.5257502455092873,0.5047270954668397,866.7529363273078,0.5503065615393626,5.30662278650196,0.06339058320030228,77231.0,0.0,76969.0,0.0,0.0,0.990148096653208,0.9000000000000004,0.8911332655152516,0.7468981670414814,0.3450695900060392,0.024688665995599476,0.06229014406331414,-0.19720361293497612,0.3751743375174338,0.24267782426778242,1.5257502441447062,0.0,239
325,train,pact,3.0,0,0.41462239765982967,0.09172449759822013,0.15287415624854825,0.036705971761727435,0.0,0.015454051665431784,1.5814941064084425,1.593077362830669,0.5245933504034784,746.4680814224307,0.5722762813253881,4.260939394579772,0.04380266196201614,77469.0,0.0,77207.0,0.0,0.0,0.9903946132340691,0.9000000000000004,0.8913551357001939,0.5044836380218571,0.5474052763638814,0.006424143740380379,0.04854790978357741,-0.18764915563195464,0.16896643817323956,0.502092050209205,1.5930773690934865,0.0,239
326,train,pact,3.0,0,0.0034414877965033177,0.0005962038527385436,0.0009936730328179647,0.0,0.0,0.015443542033091,1.5772969884852486,1.5978262840953332,0.3777078234251573,966.8098106224667,0.8238353729248047,0.5962099432945251,0.03511901824320102,77707.0,0.0,77445.0,0.0,0.0,0.9906688674224471,0.9000000000000004,0.8916019615269106,0.4467938357093818,0.07252970585466267,0.03369046911423983,0.030856475751324865,-0.18885548510438183,0.17095462773376066,0.4811715481171548,1.5978262902975462,0.0,239
327,train,pact,3.0,0,0.49487416027990566,0.10100829654697632,0.16834715146838813,0.028718144075641074,0.0,0.014434942028730734,1.4537853354190682,1.468722838986369,0.5606668483013887,768.8802653675798,0.6609561438613794,1.1099318652472236,0.046175252990948164,77945.0,0.0,77683.0,0.0,0.0,0.9892625284993,0.9000000000000004,0.8903362636286843,0.6519661577893163,0.5474194045713819,0.0031806538125590212,0.04870225382210379,-0.18107458611227514,0.2550817531677498,0.3305439330543933,1.4687228364876368,0.0,239
328,train,pact,3.0,0,0.18707420168323716,0.048465443491752094,0.08077573444138751,0.027577025496311268,0.0,0.015737476372880917,1.5448669359773772,1.5693670680832164,0.5315240267430389,964.8439050139742,0.5936087187862795,4.243844770736774,0.04924233321579773,78183.0,0.0,77921.0,0.0,0.0,0.9906692248009239,0.9000000000000004,0.8916022834917492,0.4347359846663071,0.4521383523091498,0.03589566505548579,0.0490825343292565,-0.18578858154070307,0.17392207483901598,0.5313807531380753,1.5693670672215696,0.0,239
329,train,pact,3.0,0,0.013958485612926312,0.0035780611125199235,0.005963434903187362,0.0,0.0,0.016451355944695458,1.6034368770391871,1.6305685013407942,0.261965469274062,1435.5417945255294,0.5391086283837402,1.1594211177347096,0.03359261956007442,78421.0,0.0,78159.0,0.0,0.0,0.9915871126382421,0.9000000000000004,0.8924283799267214,0.2675298922169176,0.17198164692831774,0.03204016821808182,0.02982079653141467,-0.19290193441486786,0.1716964895100745,0.5062761506276151,1.6305684973975347,0.0,239
330,eval,pact,3.0,0,0.42045798061068984,0.03684487063674549,0.061408114755421704,0.0,0.0,0.006143089448623983,0.5824454391850588,0.6177699103265627,0.3771594322625563,2231.1206059795045,0.21571857460373117,13.491504909104384,0.029151189277361628,78659.0,0.0,78397.0,0.0,0.0,0.9944599547645537,0.9000000000000004,0.8950139346481866,0.499380855729257,0.26849361394608096,0.006380763630118422,0.029045631984350073,-0.08489998851648191,0.0032938662868334367,0.9790794979079498,0.6177699066117187,0.0,239
331,eval,pact,3.0,0,0.500344105122346,0.03839911980534734,0.06399853024035962,0.0,0.0,0.004666025874060754,0.5288877376203258,0.5222942079709664,0.41250706167899415,10640.84469796025,0.19569801329342829,26.11382718664832,0.022008325187606294,78897.0,0.0,78635.0,0.0,0.0,0.9838108285700427,0.9000000000000004,0.8854297274824965,0.7517014857829913,0.4393869641819955,0.004913271343531578,0.02119179392646546,-0.07519137787325224,0.007359268821033264,0.9790794979079498,0.5222942067465626,0.0,239
332,eval,pact,3.0,0,0.0760018663305159,0.005334826528056229,0.008891377392158966,0.0,0.0,0.007121126082721926,0.6252580876130938,0.6351364872196229,-0.005274492009748923,60925.17422038441,0.11183871004621354,53.14874812648885,0.009754103038043064,79135.0,0.0,78873.0,0.0,0.0,0.9906002946478553,0.9000000000000004,0.8915402407925498,1.0728538700579884,-0.011729360886312268,0.0055966929680372245,0.008139777174083103,-0.0819007674761713,0.0029377726342027953,0.9874476987447699,0.6351364903737641,0.0,239
333,eval,pact,3.0,0,0.3685238404330022,0.011695118802220893,0.01949186345100087,0.0,0.0,0.0046535548145169685,0.5171202776571697,0.5160383378860841,-0.10846609847472054,186881.2259741109,0.05197944380265025,35.62375537521171,0.0074959801437886565,79373.0,0.0,79111.0,0.0,0.0,0.9795625696122396,0.9000000000000004,0.8816062908417012,0.6840912164146971,0.4069933176479851,0.0010289928500747515,0.007240969231050212,-0.06606588284263049,0.0,1.0,0.5160383389715831,0.0,239
334,eval,pact,3.0,0,0.46892580401234446,0.0338146515392532,0.05635775036697162,0.0,0.0,0.005670655613266337,0.5769261035709701,0.5747911161957425,0.3818546940405,51651.679981694564,0.04235944332979682,65.76017802729267,0.020541980398904577,79611.0,0.0,79349.0,0.0,0.0,0.9848242075373438,0.9000000000000004,0.8863417649618253,0.7674944491149848,0.4585178123168343,0.00904060460908233,0.02007098318950495,-0.08533359081684774,0.02255259799994065,0.8870292887029289,0.5747911170903403,0.0,239
335,eval,pact,3.0,0,0.20738796240876128,0.015302356189061063,0.025503925440442568,0.0,0.0,0.005887903548800484,0.5853620998280816,0.5833015878330214,0.19585678231937492,153962.55632191422,-0.017309047078867695,109.77012435162915,0.008385158567465295,79849.0,0.0,79587.0,0.0,0.0,0.9831063959389053,0.9000000000000004,0.8847957403091207,0.6679053039611991,0.65946247785169,0.0047887703287415205,0.008720253709904367,-0.06895853972829245,0.00017804682631532092,0.99581589958159,0.5833015855055388,0.0,239
336,eval,pact,3.0,0,0.5020884493196984,0.03756251517310276,0.06260418865198798,0.0,0.0,0.004751955830710297,0.5220984711806644,0.5089581568869587,-0.031760180906770616,54615.68410041841,0.12506645550039522,44.749276959247666,0.021170905081040876,80087.0,0.0,79825.0,0.0,0.0,0.9878082375147352,0.9000000000000004,0.8890273807936633,0.7132380221899708,0.4407635175993193,0.017653037793934345,0.020280295369219208,-0.07835675036888132,0.011454345826285647,0.9748953974895398,0.5089581544570941,0.0,239
337,eval,pact,3.0,0,0.4881335476829956,0.030345730865413176,0.050576215446183834,0.0,0.0,0.004639763991975822,0.53785772366005,0.5484657942251181,0.2644946100540989,36197.56177268567,0.15452479394971078,48.29401010249948,0.018922340237851172,80325.0,0.0,80063.0,0.0,0.0,0.9825983815612155,0.9000000000000004,0.8843385178174933,0.8764747890604542,0.44715241382954773,0.011788409668952227,0.017814585053513927,-0.07473212376866409,0.0004747915368408558,0.99581589958159,0.5484657927053065,0.0,239
338,eval,pact,3.0,0,0.0349310103396663,0.0063230582138401195,0.010538429682729736,0.0,0.0,0.007220758507067189,0.6354242493417971,0.6226472526664015,0.011058937997491951,235097.39683577407,0.053892685092642716,113.9983147816678,0.006287451746783933,80563.0,0.0,80301.0,0.0,0.0,0.9926424880656238,0.9000000000000004,0.8933782159783351,0.4655166076161986,0.411476956500454,0.0024764472709943516,0.00580707329294204,-0.07587916674957519,0.0022552597999940653,0.9916317991631799,0.6226472502191364,0.0,239
339,eval,pact,3.0,0,0.2905912866229464,0.02654114474444594,0.044235238913304435,0.0,0.0,0.0054356678472792875,0.5841173452313475,0.5780825475269781,-0.6984230426822547,114815.03296613494,-0.09496586876005621,40.6574655237557,0.011435593908972197,80801.0,0.0,80539.0,0.0,0.0,0.9808780582130704,0.9000000000000004,0.8827902275648077,0.6881578051786997,0.7060249720601498,0.005548379726877267,0.011930352519412435,-0.06979571164803938,0.005756847384195377,0.8702928870292888,0.5780825460893931,0.0,239
340,train,pact,3.0,0,0.026644077069207902,0.007607539210511882,0.012679231385861146,0.0,0.0,0.01587122544124099,1.6125931101364073,1.6082309382231166,-0.2465442893597995,1514.0597838078584,0.22280240501569404,14.74208484883089,0.022760545973720566,81039.0,0.0,80777.0,0.0,0.0,0.9804745378853387,0.9000000000000004,0.8824270670633436,0.24263798352984775,0.2160320569066353,0.016966918440486648,0.0196095322897837,-0.19282875331641613,0.20098519243894478,0.49372384937238495,1.6082309312233105,0.0,239
341,train,pact,3.0,0,0.48708752257839305,0.09894652424369862,0.16491086570719315,0.02073031607781494,0.0,0.013478020987391596,1.4166740141653116,1.431395888577944,0.637160197960283,760.6190423047692,0.6639996229604697,2.7026592231195843,0.06052068943181173,81277.0,0.0,81015.0,0.0,0.0,0.9901277121140867,0.9000000000000004,0.8911149247420882,0.8122753649760615,0.4574895829239416,0.036569541099015626,0.05985022836976595,-0.2005102531250504,0.49295231312501847,0.18828451882845187,1.4313958854715265,0.0,239
342,train,pact,3.0,0,6.514794980351147e-05,1.435378230228985e-05,2.3922968824358977e-05,0.0,0.0,0.015176354270334896,1.5732481325021848,1.5726811217463665,0.4674305748740001,933.8693178567926,0.7258961796760559,6.166409015655518,0.006742128907146603,81515.0,0.0,81253.0,0.0,0.0,0.990670018864476,0.9000000000000004,0.8916030012414047,1.7300561215018933,-1.1776056981782062,0.0061434513319417626,0.006018615181708346,-0.19643259368252375,0.31303599513338676,0.3682008368200837,1.5726811152667104,0.0,239
343,train,pact,3.0,0,0.3859785423496817,0.09363050458633479,0.1560508284685026,0.051920882952263166,0.0003803727766459956,0.01565744625950022,1.5286636103147244,1.5570247103479617,0.5669951148362339,999.2917265951883,0.5535421078580444,4.491079565870213,0.06931026466970164,81753.0,0.0,81491.0,0.0,0.0,0.991567921937759,0.9000000000000004,0.8924111095432458,0.7228830393911315,0.37584370274943335,0.0273417350014343,0.06893118169104143,-0.19702318504940428,0.3238375025965163,0.32217573221757323,1.5570247197146416,0.0,239
344,train,pact,3.0,0,0.4175653372727219,0.10453503885287604,0.17422505094943505,0.06637504784133146,0.0001901863883229978,0.014788411838240204,1.434012084077093,1.4763034771675845,0.5937556106924512,1314.5139027360094,0.5640551769895533,4.28115883856139,0.07207317299026388,81991.0,0.0,81729.0,0.0,0.0,0.9908938183445312,0.9000000000000004,0.891804422793528,0.7915489610838836,0.4173672592383093,0.03180103987455368,0.07111292089448626,-0.19981761522169025,0.4441971571856732,0.20920502092050208,1.476303476987161,0.0,239
345,train,pact,3.0,0,0.009418925725383427,0.002097010606383904,0.003495017397060365,0.0,0.0,0.015103216953263872,1.5614017001255787,1.559741404764822,0.4711743782753725,1016.037686016769,0.7067363308314,6.662935053953067,0.006969653604436222,82229.0,0.0,81967.0,0.0,0.0,0.9903744032692211,0.9000000000000004,0.8913369420682037,0.1959111183688744,0.12322868244817609,0.005342765934282641,0.006441698105792441,-0.19196897953333028,0.2517582124098638,0.4351464435146444,1.5597414134372105,0.0,239
346,train,pact,3.0,0,0.0003611348120901913,9.613299797626142e-05,0.00016022164939131166,0.0,0.0,0.01544216585396224,1.5643494288791673,1.5646685815755292,0.18155798425890163,999.2504739801255,0.41117554903030396,1.2769734859466553,0.0025322473011024403,82467.0,0.0,82205.0,0.0,0.0,0.9900721723065715,0.9000000000000004,0.8910649261714025,4.099369884878821,-2.6058516361189334,0.0020513818343986935,0.0022585834048639217,-0.19136608760064597,0.25015579097302587,0.4476987447698745,1.5646685873165722,0.0,239
347,train,pact,3.0,0,0.4023595106228796,0.09182397666752641,0.15303995017522204,0.04184100455818815,0.0,0.015105034277295093,1.5413798011496476,1.546911110688453,-0.14555994603611436,910.3200895556845,0.4436338340637574,1.2639952396747955,0.042958696200566235,82705.0,0.0,82443.0,0.0,0.0,0.9902203175313303,0.9000000000000004,0.8911982655026424,0.49788735950816954,0.5356552094878481,0.0008619844318445757,0.04770767479099373,-0.18868225562484595,0.22789993768361075,0.4393305439330544,1.5469111134006444,0.0,239
348,train,pact,3.0,0,0.018431992074788867,0.004030843472597652,0.006718072037656536,0.0,0.0,0.015396423487842207,1.5730637653602217,1.5860866495256145,0.48706228937564033,973.9669363109637,0.6222473205881638,7.826954421887338,0.03424690278426249,82943.0,0.0,82681.0,0.0,0.0,0.9907716784517137,0.9000000000000004,0.8916944908796494,4.760007574779976,-3.385431900786072,0.018044766414036253,0.03004185119682775,-0.1926819871280186,0.23884981750200301,0.4686192468619247,1.5860866467644554,0.0,239
349,train,pact,3.0,0,0.4982182329869342,0.11608247473186072,0.19347078024337439,0.042791936375107226,0.0,0.016072439470145243,1.5676563968219517,1.5779668317180298,0.5923828875419984,939.5710676504478,0.5883905939976042,2.806571088824811,0.05687262817158337,83181.0,0.0,82919.0,0.0,0.0,0.9904662188625735,0.9000000000000004,0.8914195745559916,0.660972845474522,0.5126819184428687,0.0025949487229809166,0.058992821720787264,-0.19864172796868856,0.29137363126502275,0.3807531380753138,1.5779668323927445,0.0,239
350,train,pact,3.0,0,0.00027498420791614755,6.141251723873127e-05,0.00010235419332012768,0.0,0.0,0.016115239129701794,1.5953198307228886,1.6124577210538058,0.48842840962828954,1067.2445579113821,0.7423780560493469,5.765933036804199,0.02338836336178144,83419.0,0.0,83157.0,0.0,0.0,0.990642601226663,0.9000000000000004,0.8915783171873213,1.5621992377035838,-0.6356899334918136,0.021742825440586623,0.02092556124572568,-0.18724304716033416,0.1275408765838749,0.5690376569037657,1.6124577164717186,0.0,239
351,train,pact,3.0,0,0.40235948536471244,0.08595487332859497,0.14325811231833255,0.028337771486038943,0.0,0.016130994245503488,1.561970623467258,1.5828411140202479,0.5156258057849676,993.4377413314755,0.6453254239002406,3.5510899771207547,0.06613867421279891,83657.0,0.0,83395.0,0.0,0.0,0.9912465573853528,0.9000000000000004,0.8921218813712627,0.7148737595808727,0.3371394891881223,0.024487050843890756,0.06520031110254977,-0.1903547930513508,0.21356716816522747,0.39748953974895396,1.5828411138285956,0.0,239
352,train,pact,3.0,0,0.3649142709313249,0.08427540850809777,0.1404590037475154,0.03860783608139309,0.0,0.014985270737806748,1.548164558211131,1.5584553669686099,0.4806788880455943,842.414942785287,0.6468508164378889,3.3910025814587104,0.040881295949045306,83895.0,0.0,83633.0,0.0,0.0,0.9898020458021922,0.9000000000000004,0.8908218195248847,0.4990648304819932,0.5431711369953809,0.005575178645213472,0.045324834135982546,-0.18365351328704027,0.16947090418113295,0.5271966527196653,1.558455373028799,0.0,239
353,train,pact,3.0,0,0.007910073110366154,0.0016747883381331159,0.0027913137848494343,0.0,0.0,0.015871551495715664,1.5759808421134949,1.6016182450569822,0.3169933813136991,1194.5637176385983,0.7639416809111959,0.7377613304050398,0.03663688773195801,84133.0,0.0,83871.0,0.0,0.0,0.99109969478272,0.9000000000000004,0.8919897034577245,0.3202646670778363,0.14123577002970766,0.03460763604098994,0.031422550677493305,-0.19508104477314336,0.24086768153357666,0.47280334728033474,1.6016182452617653,0.0,239
354,train,pact,3.0,0,0.13356819286291968,0.03913812786720951,0.06523020795856263,0.016736401486596303,0.0,0.01591449742162577,1.6046558770674542,1.6158711563593173,0.3757225142238529,1120.2998935587736,0.5188628874064489,4.637195490394177,0.04009526841747711,84371.0,0.0,84109.0,0.0,0.0,0.9909909300225549,0.9000000000000004,0.891891813926617,0.7906579252777178,0.25715727079773687,0.015796188754967144,0.038262487613210244,-0.20327066854315146,0.3411080447491024,0.3472803347280335,1.6158711678114295,0.0,239
355,train,pact,3.0,0,0.00020369909520827966,7.737818869755303e-05,0.00012896364735230943,0.0,0.0,0.015373243054055519,1.5892945637762796,1.5888277970597335,0.1932436835613086,966.4986033419685,0.5570956468582153,5.596363544464111,0.0016689880650427686,84609.0,0.0,84347.0,0.0,0.0,0.9898135143343874,0.9000000000000004,0.8908321475882909,2.6196487741879753,-1.05523853951986,0.0014070766683843153,0.001492086200243389,-0.19471832335667644,0.24208433484673136,0.4435146443514644,1.5888277792543355,0.0,239
356,train,pact,3.0,0,0.03316622928357742,0.0070292629054439434,0.011715437896812975,0.0,0.0,0.015321831271504383,1.5856105405915233,1.5842956793358136,-0.8046068568187537,883.5280325023699,0.5175287811724648,5.092970115869115,0.0067078140026690615,84847.0,0.0,84585.0,0.0,0.0,0.9899824885144892,0.9000000000000004,0.8909842284653476,0.1740530191255385,0.15225729621885598,0.0008659081208788261,0.006736896778578412,-0.18479453063096649,0.13584972847858987,0.5774058577405857,1.5842956696703476,0.0,239
357,train,pact,3.0,0,0.5016285062847449,0.11880788144295198,0.19801312280288436,0.04374286825437426,0.0,0.016334289371203552,1.593365144280709,1.6132681626655068,0.5320831309754604,979.2846809929883,0.5912836710279457,2.331094816389443,0.06317472231484732,85085.0,0.0,84823.0,0.0,0.0,0.9909359583296038,0.9000000000000004,0.8918423365848334,0.7617784148943569,0.4776462231771479,0.019880846608430147,0.06403105805538377,-0.20323644934456192,0.32285824505178196,0.33472803347280333,1.6132681603459351,0.0,239
358,train,pact,3.0,0,0.502088449363476,0.12596191938417436,0.209936519958886,0.04716622280775254,0.0,0.015728967996883093,1.584017075504718,1.6057556141869294,0.662223912183211,1193.755238042217,0.5746971999750975,3.677974702673477,0.07066044470716158,85323.0,0.0,85061.0,0.0,0.0,0.9915979611823749,0.9000000000000004,0.8924381508488036,0.8264343933212059,0.44138348557449625,0.03118272591382265,0.07113838079872553,-0.20015409680387666,0.28514199234398646,0.4225941422594142,1.605755614125635,0.0,239
359,train,pact,3.0,0,0.43151489933949033,0.0940877711055619,0.1568129415740807,0.042031191008859096,0.0,0.015138288016847986,1.5315814217762966,1.5427628359036465,0.644917515032461,1096.003260911758,0.6386164765976463,3.1606134824673,0.06307857755423528,85561.0,0.0,85299.0,0.0,0.0,0.9905507379994731,0.9000000000000004,0.8914956380632632,0.77702685400139,0.4267735747092736,0.0278890292160213,0.06229943037033081,-0.18897072936810588,0.23594171933885283,0.4100418410041841,1.5427628431264508,0.0,239
360,eval,pact,3.0,0,0.09973252267304225,0.00932880022474024,0.01554799991930979,0.0,0.0,0.006277667071132542,0.5861798538573118,0.5846052767093212,0.5276516246995168,1944.6236781674947,0.16538505860951155,4.9636124265243815,0.008358681746894907,85799.0,0.0,85537.0,0.0,0.0,0.9950758782390771,0.9000000000000004,0.8955682760502005,0.984810179253576,0.38306021486110187,0.003509153540205187,0.007925118463869873,-0.08201031428956163,0.006914151755244963,0.9372384937238494,0.5846052809787331,0.0,239
361,eval,pact,3.0,0,0.12999683991421615,0.010973048259276546,0.018288412891874124,0.0,0.0,0.007370201433389194,0.6177815520613762,0.6218946587341101,0.3095006046808913,19591.835755671418,0.2477318473066745,60.93278246045612,0.011435624325032263,86037.0,0.0,85775.0,0.0,0.0,0.9904765975525189,0.9000000000000004,0.8914289144043145,0.5211524171296567,0.21651149473713083,0.00405892567941919,0.011190030196775141,-0.08754252013406857,0.0,1.0,0.6218946588188026,0.0,239
362,eval,pact,3.0,0,0.4689258159280493,0.021275559495966472,0.03545926408290268,0.0,0.0,0.0046593232711613424,0.5834189270580165,0.591537414110854,0.20348395877147568,57751.00624346234,0.10490172021246855,34.597229618407695,0.009911290968565668,86275.0,0.0,86013.0,0.0,0.0,0.9790902949526719,0.9000000000000004,0.8811812449449276,0.8154856258830173,0.5741924747699411,0.002196636534172971,0.009350820807895963,-0.0700501390102681,0.0,1.0,0.5915374131646328,0.0,239
363,eval,pact,3.0,0,0.2615026996800263,0.024626715776922617,0.0410445240810975,0.0,0.0,0.005578881057532637,0.600857612976968,0.5891410760799711,-0.3876580017763502,79612.27348653243,0.031476196331248686,30.3404533912946,0.010888263665989165,86513.0,0.0,86251.0,0.0,0.0,0.9838800141003341,0.9000000000000004,0.8854919989986898,0.6877865364954687,0.6867108055935363,0.00374859131168192,0.011259906899932164,-0.07588598363846853,0.02353185554467492,0.803347280334728,0.5891410727995487,0.0,239
364,eval,pact,3.0,0,0.02979833591694332,0.0021580120742347316,0.003596686598867111,0.0,0.0,0.006576129393145504,0.5918567113297754,0.5900053149985469,0.18403957372770702,70215.87354537135,0.05674091591714067,21.72458370160857,0.006523581547078104,86751.0,0.0,86489.0,0.0,0.0,0.9886900864884445,0.9000000000000004,0.8898210650208604,1.0391478480271767,0.21577099528371702,0.004865870794325948,0.005507735747388062,-0.07182797343319618,0.00038576812368319534,0.9874476987447699,0.5900053190885725,0.0,239
365,eval,pact,3.0,0,0.48366004122113304,0.042473080760402245,0.07078846474716982,0.0,0.0,0.004305326758794269,0.5862370507487692,0.5820495876557658,0.3447090720560082,68294.54989866632,-0.0008523108510234272,18.631319361251766,0.013857863725077314,86989.0,0.0,86727.0,0.0,0.0,0.9804516376062418,0.9000000000000004,0.8824064610642868,0.8152678767715277,0.6959197394545572,0.003199276200300732,0.014079979602851473,-0.07486303753755003,0.02620255793940473,0.8786610878661087,0.5820495856633066,0.0,239
366,eval,pact,3.0,0,0.5019918537838604,0.029583397587873556,0.049305660371607996,0.0,0.0,0.004699749026494296,0.5625385221826481,0.5719510083667404,0.6462263861460665,31803.19900627615,0.07071816090922549,26.735879752426467,0.019237671102003574,87227.0,0.0,86965.0,0.0,0.0,0.9825362124203638,0.9000000000000004,0.8842825712519211,0.7965879462025843,0.3634278160443043,0.012408360173659665,0.018547528567548575,-0.07442663571309459,0.00014837235526276744,0.99581589958159,0.5719510069120236,0.0,239
367,eval,pact,3.0,0,0.09973252267304225,0.006233062459522973,0.01038843684935684,0.0,0.0,0.0058907753394363315,0.590837594854283,0.5848033031659147,-0.0016650441737122693,58612.25411463781,0.04000715594193177,43.32588216749694,0.0077395731165311515,87465.0,0.0,87203.0,0.0,0.0,0.9870650745834766,0.9000000000000004,0.8883585475977495,1.1252908896990952,0.11178337572338692,0.0029622873499310053,0.006443884559550467,-0.078177405541136,0.0016617703789429954,0.9874476987447699,0.5848033069679067,0.0,239
368,eval,pact,3.0,0,0.1299968671675179,0.019299051595416318,0.032165084311254075,0.0,0.0,0.006838546110176828,0.5944807868622337,0.5731013422231794,-0.5434864313462476,175512.36525889122,-0.006008313400826756,51.18194897703546,0.012545742747465453,87703.0,0.0,87441.0,0.0,0.0,0.9863853767888316,0.9000000000000004,0.8877468165244019,0.4706334747546286,0.3980189102961128,0.0009470262979933372,0.01255404353424299,-0.07617368688049457,0.03970444226831656,0.9121338912133892,0.5731013398993341,0.0,239
369,eval,pact,3.0,0,3.5839762234725213e-06,7.252144531315683e-07,1.2086907704409492e-06,0.0,0.0,0.008022344129541928,0.6179188075923521,0.6376615657966007,-0.03574207054536836,179657.59242612447,0.11372733116149902,38.47694396972656,0.010424661827098313,87941.0,0.0,87679.0,0.0,0.0,0.9947324056006874,0.9000000000000004,0.8952591403009502,18.414570297205763,-18.707349648403675,0.00906252817305803,0.008999489277511617,-0.07966425718641382,0.0,1.0,0.6376615645461702,0.0,239
370,train,pact,3.0,0,0.0034414877965033177,0.0008473870117109168,0.0014123115503162469,0.0,0.0,0.01554281735855104,1.5808267767958062,1.581450595765932,-1.6520310081073928,4923.76675785336,0.11372733116149902,38.47694396972656,0.0027157103628178067,88179.0,0.0,87917.0,0.0,0.0,0.9776301266758013,0.9000000000000004,0.8798671031846163,0.20079815308948057,0.01104164039357225,0.0013820497327393494,0.0020791476214893708,-0.1947418107085067,0.25291551678091334,0.4393305439330544,1.5814505851623095,0.0,239
371,train,pact,3.0,0,0.5010294404741651,0.10464875408805135,0.1744145785795272,0.024343857206560078,0.0,0.014150303235145044,1.400927310209394,1.4128683593482652,0.5152350154068898,984.8232360584467,0.5420573782097844,3.6618899416225226,0.06218434258746022,88417.0,0.0,88155.0,0.0,0.0,0.9901234447706694,0.9000000000000004,0.8911110798684124,0.7422879835876887,0.44330002272918445,0.05239935882855207,0.06218074356638301,-0.19753322519634303,0.4824772248434672,0.15481171548117154,1.412868374956598,0.0,239
372,train,pact,3.0,0,0.006565895839070679,0.0013047375815331637,0.0021745626127161522,0.0,0.0,0.015772762420006626,1.5927754745323788,1.5916296882110659,0.5090028997744477,973.5842719297528,0.08831154302573105,10.904219533609048,0.010925384345766407,88655.0,0.0,88393.0,0.0,0.0,0.9904845247208822,0.9000000000000004,0.8914360466362542,2.688133136087112,-1.4276264643641423,0.007921900768273033,0.009710504307736016,-0.19925984983377695,0.30057271729131424,0.3807531380753138,1.5916296935554362,0.0,239
373,train,pact,3.0,0,0.14450739523119227,0.03133160992665314,0.05221934721787011,0.003613541378136958,0.0,0.015107216116695599,1.5516386892506269,1.5539132261874786,0.3766643801493625,733.3107419831982,0.18893205277839964,8.15519508482522,0.01964622881222335,88893.0,0.0,88631.0,0.0,0.0,0.9895179064702788,0.9000000000000004,0.8905660921559673,0.37047786045945375,0.39227018580391193,0.0008898860118503377,0.020835271845993642,-0.191237865606757,0.25606101071248405,0.3682008368200837,1.5539132253854995,0.0,239
374,train,pact,3.0,0,0.00014589585375555142,2.5580081307289297e-05,4.263346587725677e-05,0.0,0.0,0.015954401967540447,1.5766995010515636,1.5771649776642294,0.23695839249439318,904.7577872176549,0.49629899859428406,1.119340181350708,0.02100515081966101,89131.0,0.0,88869.0,0.0,0.0,0.9911010247892914,0.9000000000000004,0.8919909057756847,1.8412022174692166,-1.2881243553010822,0.01936688457033093,0.01877219378694923,-0.19354474971801913,0.24852369506513544,0.4895397489539749,1.5771649794265832,0.0,239
375,train,pact,3.0,0,0.39266590399484474,0.08644998922609831,0.1440833075482477,0.03746671775145511,0.0,0.015967452847963845,1.5760932946304895,1.5715460128863985,0.2789557028597023,815.5624402417299,0.4902590201489596,1.1596295090400026,0.03871737089420661,89369.0,0.0,89107.0,0.0,0.0,0.9892682976802523,0.9000000000000004,0.8903414524748734,0.5066914462872558,0.5573779203915007,0.0011673431113468908,0.043729427626534756,-0.1912204970582586,0.23953233033621177,0.4351464435146444,1.5715460086634372,0.0,239
376,train,pact,3.0,0,0.48485143263255603,0.09638178703891115,0.16063630212339836,0.023963484554609994,0.0,0.013721102375194243,1.3749798483928377,1.3893094743644843,0.7869349446256789,936.189741956639,0.6999746395204856,2.9735819307081868,0.04822481941104434,89607.0,0.0,89345.0,0.0,0.0,0.989834254256851,0.9000000000000004,0.8908508018469711,1.037387922325742,0.5785695555715291,0.038692556898153964,0.045724932268986704,-0.20265663106631482,0.5437846820380428,0.14225941422594143,1.3893094767574117,0.0,239
377,train,pact,3.0,0,0.48708752257839305,0.1172116739669177,0.19535277471765602,0.05648535558618761,0.0,0.014742120237296222,1.4859120558994086,1.509482949598065,0.697451928170655,1076.7814522587605,0.6137947571078105,3.4567861502140635,0.06690383221463117,89845.0,0.0,89583.0,0.0,0.0,0.9913857723878517,0.9000000000000004,0.8922471773175515,0.7610940306867965,0.4923915498296204,0.03961691790027544,0.06785188171092935,-0.19026459966482254,0.2982284340781625,0.28870292887029286,1.509482954655591,0.0,239
378,train,pact,3.0,0,0.4811274396703373,0.10610102886398236,0.1768350375532007,0.035755040568287905,0.0,0.016221169528461775,1.5561742568115808,1.574845762182978,0.6574857811049937,1002.6477012474667,0.618905297196061,3.4349740322164912,0.0664183165114295,90083.0,0.0,89821.0,0.0,0.0,0.9910977420447761,0.9000000000000004,0.8919879469911424,0.7677472070687521,0.4527711855250812,0.03973230415334304,0.06644996566791476,-0.1893792711350674,0.21703908127837623,0.4393305439330544,1.5748457579998874,0.0,239
379,train,pact,3.0,0,0.4811274396703373,0.10617225432035267,0.17695374843855896,0.043362495602424174,0.0,0.015660469829412684,1.5370773934918966,1.56703189975547,0.6346959633807258,1027.6886055279974,0.5320684590599029,4.475443346231054,0.06891575509440699,90321.0,0.0,90059.0,0.0,0.0,0.9903605273577958,0.9000000000000004,0.8913244555186028,0.7658102168479719,0.42839691773265975,0.03908195534927977,0.06860111280886075,-0.1892038009318802,0.22715807590729697,0.4351464435146444,1.5670318906429215,0.0,239
380,train,pact,3.0,0,0.27401919350725557,0.06502062640970031,0.10836770390469078,0.02700646664308205,0.0,0.015610559420683519,1.5665574582550814,1.5715088455248079,0.5307432702395707,884.1618289708093,0.5321418751171443,5.8663094886676035,0.03914434798636618,90559.0,0.0,90297.0,0.0,0.0,0.9905041822828509,0.9000000000000004,0.8914537397388634,0.4553599488937582,0.49228369047082376,0.011473870307223447,0.04182778745519473,-0.1853076544431976,0.15869907118905605,0.5230125523012552,1.571508832207362,0.0,239
381,train,pact,3.0,0,0.41162967206828666,0.08199414558272627,0.136656900382827,0.02282236628701996,0.0,0.01577431708379458,1.5537602385217675,1.5707695339514123,0.7506608187404138,923.3178848841201,0.6819218434549276,5.452238904881178,0.045985197186641485,90797.0,0.0,90535.0,0.0,0.0,0.9903483552912787,0.9000000000000004,0.8913135059707833,1.0141497767832446,0.5827934806030094,0.03268464085004934,0.04466527873439769,-0.1938479170650461,0.27623965102822046,0.38493723849372385,1.5707695405404123,0.0,239
382,train,pact,3.0,0,0.4769458410955545,0.09919345584812732,0.16532241781408413,0.037466717564411244,0.0,0.014913707285745374,1.5405136239578534,1.5485555596930212,0.6385877374325836,851.6380398163735,0.5394708858374272,4.092888817876951,0.04404471986868641,91035.0,0.0,90773.0,0.0,0.0,0.9899964153018457,0.9000000000000004,0.8909967481840605,0.6001477937011838,0.5767925480684221,0.009188183134635134,0.04765304680387626,-0.18503910343848462,0.19077717439686637,0.4476987447698745,1.5485555638931587,0.0,239
383,train,pact,3.0,0,0.20738796240876128,0.04593053318985843,0.0765508848312664,0.01692658812431112,0.0,0.016198557172219998,1.5562045723823323,1.585167489540627,0.4699318563588992,1046.1469547798445,0.6516571770652069,1.4659532827313475,0.05332523611643075,91273.0,0.0,91011.0,0.0,0.0,0.9909835345575501,0.9000000000000004,0.8918851626468004,0.42280549997561656,0.42211313505375037,0.043257168259543295,0.052036469846098804,-0.1869211297596904,0.1732692364758598,0.48535564853556484,1.5851674760681105,0.0,239
384,train,pact,3.0,0,0.0038738003089876893,0.0005669734101582313,0.0009449555971087994,0.0,0.0,0.016262845165450828,1.587088087612615,1.5951795114134146,0.3503430274989316,979.5679740107707,0.6445602774620056,0.891876757144928,0.026406652222983697,91511.0,0.0,91249.0,0.0,0.0,0.9905121216714132,0.9000000000000004,0.8914608987804237,13.075234468950544,-12.676256252789022,0.01863523365556541,0.023545497677446767,-0.1929885059699753,0.2151695896020653,0.4602510460251046,1.5951795218609717,0.0,239
385,train,pact,3.0,0,0.4392558730871779,0.08809753354518199,0.14682921545069982,0.029098516789939115,0.0,0.014937966734669697,1.5189577750082295,1.5202793563758978,0.45533050958332155,886.3917200575314,0.5308207056512394,1.0846424005520394,0.03863456652187509,91749.0,0.0,91487.0,0.0,0.0,0.9899371533214297,0.9000000000000004,0.8909434187362384,0.5459758979083984,0.5670206771149545,0.0015674537171978058,0.042924053178394844,-0.18582197661277255,0.23935428350989646,0.401673640167364,1.5202793520524878,0.0,239
386,train,pact,3.0,0,0.228072871281629,0.05250464619537859,0.08750773841004587,0.024153670631193218,0.0,0.014950761466314353,1.514463139627768,1.5346988277455254,0.4481826846070868,1035.1918592891932,0.6637139130835753,0.9285760349808377,0.05543078451074473,91987.0,0.0,91725.0,0.0,0.0,0.9909439336305882,0.9000000000000004,0.8918495245558448,0.47680767738202473,0.4756470031544401,0.046980730330571534,0.054519881969746435,-0.1949777286524032,0.303985281462358,0.40585774058577406,1.534698834842836,0.0,239
387,train,pact,3.0,0,0.05794356438666426,0.014961494079052576,0.024935821987094042,0.0022822366598759733,0.0,0.015912538828819243,1.6056495493425984,1.6170431440345412,0.308070738445266,1282.7692357785531,0.47090571651149493,1.3794213952379746,0.040231560366656864,92225.0,0.0,91963.0,0.0,0.0,0.9911009704218748,0.9000000000000004,0.8919908484155663,0.2882448001807407,0.2748233263477079,0.03545722397895337,0.03706097130850737,-0.1909010044814454,0.1716964895100745,0.5564853556485355,1.6170431441805828,0.0,239
388,train,pact,3.0,0,0.3756273159996906,0.08361596812326783,0.13935993757544848,0.035564854179964904,0.0,0.015144341962341858,1.4972650092017201,1.5020044453473271,0.40194989154777766,982.8433498238919,0.29666943592506473,1.376057499871593,0.04773956759653549,92463.0,0.0,92201.0,0.0,0.0,0.9905515061262761,0.9000000000000004,0.8914963323700877,0.5345779989101254,0.558970549623917,0.02637009550182318,0.05116791916800718,-0.18812003454689324,0.2867740882518769,0.36401673640167365,1.5020044500339762,0.0,239
389,train,pact,3.0,0,0.4554288766948919,0.10674363806218512,0.17790605354029781,0.04165081816986515,0.0,0.016230137823889944,1.5549498629370493,1.5648001696774152,0.5594157465581615,1044.9689675813938,0.6609153912157194,1.0334588206961564,0.06832910277861244,92701.0,0.0,92439.0,0.0,0.0,0.9905885255985181,0.9000000000000004,0.8915296533616517,0.6373558977271834,0.581378631694041,0.08165556900203227,0.06947930465027627,-0.19237097154162489,0.23879046855989794,0.4100418410041841,1.5648001747444402,0.0,239
390,eval,pact,3.0,0,0.3685238404330022,0.034308087850644306,0.05718014313898801,0.0,0.0,0.007666659055308879,0.665944199432389,0.7258956519629666,0.474754941263957,3017.000895352543,0.5086948996931938,5.726830949344396,0.041348072459578326,92939.0,0.0,92677.0,0.0,0.0,0.9921377877311228,0.9000000000000004,0.8929239890565434,0.5551057006753917,0.5095720293368311,0.05647958547083868,0.03954004803984173,-0.0871125488338065,0.022522923528888097,0.9414225941422594,0.725895652516237,0.0,239
391,eval,pact,3.0,0,0.43414843287689137,0.05020764632319248,0.08367940645041329,0.0,0.0,0.006112825988585356,0.6633992641540751,0.6569371001490988,0.549079852747618,10631.578868658473,0.12235531301096873,14.903637680548504,0.0180401035436433,93177.0,0.0,92915.0,0.0,0.0,0.9892698045056235,0.9000000000000004,0.890342786471714,0.8119734435760997,0.7422533517366745,0.015458984361232622,0.018813695010405702,-0.07877193381037823,0.014748212113119084,0.9037656903765691,0.6569371018866453,0.0,239
392,eval,pact,3.0,0,0.215627043554328,0.022729242576768907,0.03788206885287745,0.0009509319416149889,0.0,0.008472503110314389,0.7203520320698806,0.7460709074551092,0.580149907696696,61052.42284747647,0.1561707954807012,43.966215971623505,0.019154951663173454,93415.0,0.0,93153.0,0.0,0.0,0.9897056120958289,0.9000000000000004,0.8907350300495595,1.2416243464051837,0.32352828589592486,0.006337104199701571,0.01549753760256528,-0.09746928686163166,0.0020475385026261905,0.9874476987447699,0.7460709063012401,0.0,239
393,eval,pact,3.0,0,0.48366004122113304,0.07323301367393001,0.12205501633035516,0.0,0.0,0.0072580957268929755,0.659284181674654,0.6077043319347014,0.2690218632503035,49613.274745031384,0.03247280371332518,43.529121071723715,0.02989782538814431,93653.0,0.0,93391.0,0.0,0.0,0.9870549128644137,0.9000000000000004,0.8883494006539987,0.6638677020872575,0.6117092208648098,0.005386864752941873,0.03135518691449905,-0.0872644907879276,0.03293866286833437,0.9288702928870293,0.6077043276936397,0.0,239
394,eval,pact,3.0,0,0.000463527011177035,3.16753089293084e-05,5.279218094759142e-05,0.0,0.0,0.008962407394479881,0.6938133835792542,0.7303690162163898,0.35353415693199286,73666.59749280858,0.10772457718849182,78.81436157226562,0.020008928877999033,93891.0,0.0,93629.0,0.0,0.0,0.9907158396234074,0.9000000000000004,0.8916442348119106,61.31387349509541,-87.74116416885936,0.016213332614676806,0.017339390028408383,-0.08523340555749254,0.0,1.0,0.7303690124036861,0.0,239
395,eval,pact,3.0,0,0.2864649582486312,0.03766529421942118,0.06277548650846008,0.014454165200808057,0.0,0.008439566197738863,0.7055031437754132,0.7456120346131185,0.3730001245239539,83577.29099928086,0.15200688147519922,79.51243999114097,0.03346481658985924,94129.0,0.0,93867.0,0.0,0.0,0.9897067544350564,0.9000000000000004,0.8907360570450708,1.0672224735916738,0.23176818334335036,0.008763488113611669,0.02967510650335776,-0.09834557853859341,0.017804682631532093,0.9665271966527197,0.7456120289733834,0.0,239
396,eval,pact,3.0,0,0.48112744734638124,0.05242714456741154,0.0873785705528055,0.0,0.0,0.006516101055049872,0.6011103962754605,0.5888480222374824,0.2752836212578179,85582.45225876046,0.0821693356077783,56.536608261044556,0.021755740847769798,94367.0,0.0,94105.0,0.0,0.0,0.9849183711546734,0.9000000000000004,0.8864265177788595,0.6795748717819864,0.608002713908786,0.004415393644012511,0.022452421797143303,-0.07732526243990441,0.011365322413127986,0.9790794979079498,0.5888480220746173,0.0,239
397,eval,pact,3.0,0,0.10942612930107716,0.009920304685985844,0.016533839803787677,0.003803727704112001,0.0,0.008178330991011907,0.6748901529541574,0.6897239287278643,0.3338429268808046,52239.33360028766,0.14518393594849557,87.95076194667418,0.01611202941509938,94605.0,0.0,94343.0,0.0,0.0,0.9915441067647734,0.9000000000000004,0.8923896755633494,1.5275129844037398,-0.16409250023483835,0.006270834867161914,0.014184799000511733,-0.08841426463003747,0.002077212973678744,0.99581589958159,0.6897239296177887,0.0,239
398,eval,pact,3.0,0,0.4955261374568512,0.03085775351381123,0.05142958632319149,0.0,0.0,0.0057520582925169785,0.6288774888884572,0.6254813334433105,0.08811636460422846,66948.54040271966,0.0057765013327876645,44.26734180530245,0.014739815686891736,94843.0,0.0,94581.0,0.0,0.0,0.9806931070578149,0.9000000000000004,0.8826237691870294,0.8010479804891675,0.5661530622046397,0.004041003381522993,0.013876504232136681,-0.07577577610325469,0.0,1.0,0.6254813327092263,0.0,239
399,eval,pact,3.0,0,0.2988020511427855,0.042924119546727195,0.07154019512299441,0.0,0.0,0.007817561229667529,0.6712014819787636,0.6378894049253424,-0.18894524230898424,65224.01157165272,-0.05229322320029576,69.59466389931396,0.028762819022368873,95081.0,0.0,94819.0,0.0,0.0,0.9866627025803761,0.9000000000000004,0.8879964130942293,0.49079476884045586,0.47554740569659526,0.0102964325212977,0.02883308305147895,-0.08259817457370668,0.03222647556307309,0.8828451882845189,0.6378894036701895,0.0,239
400,train,pact,3.0,0,0.38934417804177057,0.0882232319344321,0.14703870963430785,0.03176112622646109,0.0,0.015619697811074211,1.5539068240500893,1.5712479756965796,0.006689886100761686,2171.7784569393143,0.3262905767129025,14.029945567063209,0.059246160047105416,95319.0,0.0,95057.0,0.0,0.0,0.9855043543931331,0.9000000000000004,0.8869539010474872,0.5165403470790015,0.5297842564606796,0.042417500811141165,0.06096777752641916,-0.18438600585777448,0.157838511528532,0.5188284518828452,1.5712479889010915,0.0,239
401,train,pact,3.0,0,0.27817753698797626,0.066324132273332,0.11054021372920832,0.03803727672938024,0.0,0.016276787648904896,1.5219729198571528,1.5529611153083864,0.39500872036403195,1099.6730344125915,0.6646937719199448,0.9578199877898563,0.060941255900806214,95557.0,0.0,95295.0,0.0,0.0,0.9908048722534499,0.9000000000000004,0.8917243647774892,0.4942904342350565,0.5078831116319038,0.04984786677940757,0.059588438954017275,-0.18907966791578723,0.23668358111516666,0.4309623430962343,1.5529611034726438,0.0,239
402,train,pact,3.0,0,0.07600188859598127,0.017414288000943075,0.02902381146649604,0.0,0.0,0.015865065369786203,1.5836378385831122,1.6030955486716585,0.35300631341076294,985.6093149863526,0.6449919291869367,0.9033667240681509,0.04571493291374,95795.0,0.0,95533.0,0.0,0.0,0.990762517542021,0.9000000000000004,0.8916862497269857,0.3118467734776392,0.2988083173735321,0.042670125526537796,0.04253880301428078,-0.19723484024318674,0.2647853052019348,0.41841004184100417,1.6030955563748202,0.0,239
403,train,pact,3.0,0,0.5008256440260959,0.10061149841456267,0.1676858214364626,0.02985926228088315,0.0,0.01529548679981147,1.5678698078857805,1.5864711620817624,0.6526295197309311,737.9277627218718,0.6957989608144162,2.343399724451568,0.056019636420494096,96033.0,0.0,95771.0,0.0,0.0,0.9901385222518794,0.9000000000000004,0.891124650773643,0.8332300158121009,0.4816906388180806,0.0488450140966212,0.05640628907213837,-0.20121356595544757,0.3304845841122882,0.3514644351464435,1.5864711604392099,0.0,239
404,train,pact,3.0,0,0.004841264746033501,0.0011610348465106942,0.0019350580037688393,0.0,0.0,0.01641585969338856,1.61010839250796,1.6125262868454266,0.47966166183539516,929.119052264481,0.43277418825416886,9.836646479044001,0.00927775029300529,96271.0,0.0,96009.0,0.0,0.0,0.9897092835174943,0.9000000000000004,0.8907383311243735,2.6698941680108073,-1.2713556661900292,0.006691947798554913,0.008242428878022194,-0.199872931832386,0.2916110270334431,0.35564853556485354,1.6125262960189428,0.0,239
405,train,pact,3.0,0,0.5020526421234931,0.11390563894444262,0.1898427200751456,0.049068087314462064,0.0,0.015593072173485696,1.5595640854356678,1.5680375473269859,0.621932079602485,971.458081105763,0.5281252933034837,3.007548883120884,0.06081307814741472,96509.0,0.0,96247.0,0.0,0.0,0.9903940361413995,0.9000000000000004,0.8913546167158183,0.745208004190662,0.46630759714132064,0.0009663898308645003,0.06201556723060234,-0.188305106715263,0.2213122051099439,0.3807531380753138,1.5680375390888084,0.0,239
406,train,pact,3.0,0,0.034930997800481874,0.00854353749807415,0.01423922895570651,0.0,0.0,0.015454343716890617,1.5869280910392187,1.5889971914650507,0.5705421876209051,957.3213587804818,0.5346491237065782,5.394434422129867,0.019704315137745478,96747.0,0.0,96485.0,0.0,0.0,0.9909645865153069,0.9000000000000004,0.8918681025006282,1.6877524777649746,-0.19308269349307117,0.010982538553936457,0.01735058677856222,-0.1956856465820035,0.2609572984361554,0.45188284518828453,1.5889971873522875,0.0,239
407,train,pact,3.0,0,0.005378617951415077,0.0011158331649445648,0.0018597218675868172,0.0,0.0,0.015402853638946886,1.5964632420859077,1.5960080104891725,0.38994107691563323,832.1094863444691,0.043679455396520545,2.0790236789312324,0.002585428284196705,96985.0,0.0,96723.0,0.0,0.0,0.98958561684796,0.9000000000000004,0.8906270370323788,0.3672991748962037,0.10523601649794456,0.0016114971359711145,0.002418028743278574,-0.19050549478623655,0.20006528383631564,0.45188284518828453,1.5960080084783739,0.0,239
408,train,pact,3.0,0,0.4417291495469365,0.11074597951321045,0.18457662120794394,0.05819703357987823,0.0,0.016140328537064867,1.5684139209811159,1.6024664161594342,0.6140730414601924,1054.2248070369706,0.48929930938150595,4.503352127813395,0.07413544616112525,97223.0,0.0,96961.0,0.0,0.0,0.9919672598399877,0.9000000000000004,0.8927705085925977,0.7352018607053185,0.43004215147738245,0.03566530393436551,0.07377577339645834,-0.19582936038213725,0.2519065847651266,0.401673640167364,1.6024664111530864,0.0,239
409,train,pact,3.0,0,0.30694783156671684,0.08263290651800417,0.13772150014599932,0.060479270239754204,0.0,0.016160988552830956,1.565869774279734,1.5983991226391812,0.5214308608775359,1285.9388095743986,0.5695939857091864,5.214251037422084,0.06653563061799216,97461.0,0.0,97199.0,0.0,0.0,0.9916666656358472,0.9000000000000004,0.8924999753301612,0.7467455664087678,0.33323744546962153,0.023039320892355632,0.06498954538840442,-0.20725035524161045,0.38155434879373273,0.3054393305439331,1.5983991169212464,0.0,239
410,train,pact,3.0,0,0.4918546215835647,0.10941100070063292,0.1823516554447516,0.039558768147703996,0.0,0.015409065950194287,1.5410812651761905,1.5380160050412102,0.5862363455934005,933.0527259475516,0.6560611467979942,2.657967350597661,0.04906119552497444,97699.0,0.0,97437.0,0.0,0.0,0.989900966568472,0.9000000000000004,0.8909108504091845,0.6441228230240637,0.5617883994001542,0.006801003403961658,0.05193740833807877,-0.18788236205394682,0.23448767025727765,0.4476987447698745,1.5380160042206246,0.0,239
411,train,pact,3.0,0,0.497250765612289,0.11687789297982087,0.19479647596471064,0.04431342754403916,0.0,0.016213549254267285,1.5930506492259613,1.605085268928416,0.7786454633190043,895.800179581263,0.6932468242226285,4.30837535259614,0.06009762584929312,97937.0,0.0,97675.0,0.0,0.0,0.9911281516362433,0.9000000000000004,0.8920153177432935,0.9556037575952784,0.5421508751607573,0.052218721006755474,0.05955267168004767,-0.1999749314141694,0.2781684916466364,0.41422594142259417,1.6050852609092559,0.0,239
412,train,pact,3.0,0,0.2322390740961382,0.05185998525310759,0.08643330228409027,0.022632179399913323,0.0,0.015033408816295937,1.5303684702478193,1.5318529483663488,0.571650596093932,954.8966728433904,0.5079542251935065,8.882697060018403,0.035613934671414715,98175.0,0.0,97913.0,0.0,0.0,0.9900373230419398,0.9000000000000004,0.8910335666464961,0.4480120540063833,0.46652903826218073,0.013693784918418274,0.03721031523066101,-0.1850307651663583,0.2188788984836345,0.4769874476987448,1.5318529495075295,0.0,239
413,train,pact,3.0,0,0.006565895839070679,0.002856793639088872,0.004761322453887412,0.0,0.0,0.016216878933154016,1.5998516658858775,1.614060861046843,0.38692623900569134,1245.824593388386,0.5950241218550933,11.567346673879664,0.03074586721893135,98413.0,0.0,98151.0,0.0,0.0,0.9907990093011736,0.9000000000000004,0.8917190893923388,5.046317535519694,-3.726044860827005,0.01759277621471283,0.02714008406373559,-0.19793570470702396,0.2545476126888038,0.4225941422594142,1.614060853105107,0.0,239
414,train,pact,3.0,0,0.21150074667297547,0.05437736715993421,0.09062893901946496,0.032331684892646435,0.0001901863883229978,0.01569579684498981,1.578691317446561,1.6036961323047783,0.4497970509728627,1127.5326811339567,0.5168122940669498,5.340849412036241,0.05073031721145663,98651.0,0.0,98389.0,0.0,0.0,0.9914922764111762,0.9000000000000004,0.8923430268235785,0.7550131726166809,0.27554375746332305,0.01877483854777822,0.049058962889039055,-0.19998940720164807,0.2874566010860857,0.37656903765690375,1.6036961256741418,0.0,239
415,train,pact,3.0,0,0.24058936510885828,0.0574113640170984,0.09568560060264546,0.023963484616957947,0.0,0.014939171462767917,1.5262963048583793,1.538245974474871,0.3862301947930867,921.3891060162788,0.5209323803750042,4.724238279723722,0.03176516936760723,98889.0,0.0,98627.0,0.0,0.0,0.9899314295297886,0.9000000000000004,0.890938268795173,0.4465273666807588,0.47371940618846575,0.0027136183551371433,0.03435539966254304,-0.18373620877571392,0.1819341820232054,0.5146443514644351,1.538245975723071,0.0,239
416,train,pact,3.0,0,0.07057711293792525,0.01327755368302293,0.02212925512155901,0.0,0.0,0.015466679727354684,1.5840427257027088,1.5910942137989539,0.5011602581544901,1030.6714847836035,0.6434603924531817,6.7082546141357104,0.030172717763855272,99127.0,0.0,98865.0,0.0,0.0,0.9901132693350565,0.9000000000000004,0.8911019179611526,1.9770391186326084,-0.2827337125510263,0.016611247986125257,0.025994496848668013,-0.19422970896694727,0.2412534496572598,0.42677824267782427,1.5910942165208057,0.0,239
417,train,pact,3.0,0,3.939117242876347e-05,7.287891314879584e-06,1.2146484584861267e-05,0.0,0.0,0.015187890461751232,1.5693548992587931,1.5691917408959137,0.2535292618600145,901.2412742710512,0.6320573687553406,7.513195991516113,0.0014452311467976265,99365.0,0.0,99103.0,0.0,0.0,0.9901389220269654,0.9000000000000004,0.8911249974282716,7.6021615336193955,-6.792133498205386,0.0012720382751351094,0.0012955279791457691,-0.1933861331734474,0.2714620611887593,0.4225941422594142,1.5691917450424042,0.0,239
418,train,pact,3.0,0,0.08452669602320004,0.01984645878047905,0.03307742921359814,0.0017116774325590253,0.0,0.015399257634926167,1.5826285419104986,1.5866831907667376,-0.6599675172581396,923.0014742927073,0.5589900980450244,6.226136454229075,0.014174167581598883,99603.0,0.0,99341.0,0.0,0.0,0.9899949299241708,0.9000000000000004,0.8909954174293135,0.3270563537453179,0.3185020369033913,0.0008509634833389122,0.014718900723017377,-0.1892126349330067,0.2007477966705243,0.46443514644351463,1.586683185673224,0.0,239
419,train,pact,3.0,0,0.12646474479892483,0.030570973116315053,0.05095161922932013,0.009128946390112075,0.0,0.015230365346914555,1.5912515832789274,1.5892430818230536,0.305512748752179,1012.0176925339958,0.4882038740371062,1.1337162034282127,0.034989503622405764,99841.0,0.0,99579.0,0.0,0.0,0.990760549840568,0.9000000000000004,0.891684476052368,0.33460434773573805,0.3385397458151026,0.020884078006809022,0.034450613143444685,-0.1876681246323797,0.16445591857325143,0.5397489539748954,1.5892430844575454,0.0,239
420,eval,pact,3.0,0,0.5000638219418426,0.057901301516847595,0.09650216407764149,0.0,0.0,0.004955094185887707,0.6248361530663079,0.6239917195990494,0.6335791606284584,1859.251970490651,0.29505187765574353,12.284979315981207,0.022335502896730683,100079.0,0.0,99817.0,0.0,0.0,0.9912238233259033,0.9000000000000004,0.8921014235109465,0.9687049225432663,0.6349640666892921,0.012597345979884267,0.022520687067725358,-0.08173759384434158,0.03471913113148758,0.7866108786610879,0.6239917197555324,0.0,239
421,eval,pact,3.0,0,0.4994180284038787,0.0737634655164599,0.12293910294853756,0.0,0.0,0.007020666437402804,0.6727686803710011,0.6778244404862616,0.6850314818665573,15963.527056706002,0.09327312685143997,50.75038459809754,0.028554142819070667,100317.0,0.0,100055.0,0.0,0.0,0.9933250107525782,0.9000000000000004,0.8939924851122262,0.821949422109026,0.6456808398094835,0.023604150268841873,0.029630079604373565,-0.0872637901143784,0.0002373957684204279,0.99581589958159,0.6778244387838968,0.0,239
422,eval,pact,3.0,0,0.3575846668143823,0.039513060993474285,0.06585509932139537,0.0,0.0,0.006934672968158163,0.6795406890214737,0.6949181147699077,-0.0575975819089485,110682.28764055962,0.09673228911679456,97.30673302766169,0.021683989085888325,100555.0,0.0,100293.0,0.0,0.0,0.9825624046091256,0.9000000000000004,0.8843061299877686,0.8039925851156609,0.6831818840991462,0.01671313684213386,0.019760853041033553,-0.08092362259704736,0.05222706905249414,0.8619246861924686,0.6949181141869698,0.0,239
423,eval,pact,3.0,0,0.14082453795319042,0.03105522867242056,0.051758711383585225,0.0030429822131679647,0.0,0.008221851971592739,0.7665987428760928,0.7096712606721344,0.4322248133031893,76763.386947568,0.06847204316298333,36.99539613125214,0.027287234377338078,100793.0,0.0,100531.0,0.0,0.0,0.9900691229927989,0.9000000000000004,0.8910621958297665,0.41873593449645763,0.337274608682229,0.008467696067009147,0.026338093971081514,-0.0848950569729186,0.051336834920917535,0.895397489539749,0.7096712600366951,0.0,239
424,eval,pact,3.0,0,0.013958478934449634,0.005239006575081541,0.00873167733294075,0.0,0.0,0.009949786261222851,0.810739197491602,0.865391687119855,0.09242644709647949,187620.0397979864,0.09757996104252388,104.64742358060063,0.01811901537046834,101031.0,0.0,100769.0,0.0,0.0,0.9967179211113742,0.9000000000000004,0.8970461046346561,2.0703113424712183,-0.4648365394927252,0.011221244438784196,0.015511466499036139,-0.10217968490181033,0.0,1.0,0.8653916893331572,0.0,239
425,eval,pact,3.0,0,0.0034414851706437025,0.0003561342134797764,0.0005935569843284033,0.0,0.0,0.008165994302513834,0.7269647749896827,0.7239791730956553,-1.0186967039363903,258183.04252745816,0.09604162722826004,106.73381805419922,0.0028470136448312316,101269.0,0.0,101007.0,0.0,0.0,0.988128717224967,0.9000000000000004,0.8893158279951646,1.612085216931262,-2.76348853368013,0.001506205166278537,0.0018450953173509577,-0.0826918485964449,0.002789400278940028,0.9916317991631799,0.7239791756311168,0.0,239
426,eval,pact,3.0,0,0.49613888111608695,0.0768683625700071,0.12811393105693086,0.0,0.0,0.006891185059270599,0.6496460652251622,0.6557400786477652,0.32649966811753467,118320.1112709205,0.017834495693624455,70.72401056229819,0.03564048964904317,101507.0,0.0,101245.0,0.0,0.0,0.9840421590595565,0.9000000000000004,0.8856379205212932,0.7817683920711255,0.5699829670166632,0.019154548741363246,0.03488938058395266,-0.08527563019704568,0.0061722899789311255,0.9665271966527197,0.6557400824838175,0.0,239
427,eval,pact,3.0,0,0.0005835245887526782,0.00010149952469424785,0.0001691658602124879,0.0,0.0,0.008738977941742877,0.7318451429510715,0.7577747465676343,0.3828161852629115,288259.3181550732,0.03620116785168648,176.4359588623047,0.01011776266264959,101745.0,0.0,101483.0,0.0,0.0,0.9940106563238919,0.9000000000000004,0.8946095687574921,1.8863216443207926,-0.36127054996377317,0.008965517911417163,0.008600595322920781,-0.08436313983873597,0.0,1.0,0.7577747434764844,0.0,239
428,eval,pact,3.0,0,0.11952211124389958,0.019083338800319857,0.03180556342644857,0.0,0.0,0.007075149020390531,0.7031995119160688,0.6840594029326817,0.05565919233271735,354330.518959205,0.02415827023660351,136.63414653075787,0.005991487379627162,101983.0,0.0,101721.0,0.0,0.0,0.985806521511477,0.9000000000000004,0.8872258478627544,0.6747145341291448,0.7441233467314534,0.0014199790863618498,0.007304449289770228,-0.08527654673027829,0.11486987744443457,0.803347280334728,0.6840594044481951,0.0,239
429,eval,pact,3.0,0,0.5012103088587818,0.0763815900599903,0.1273026460297401,0.0,0.0,0.005330510281618669,0.646976571078081,0.6324034644968839,0.5624597706056539,59105.332439853555,0.06625640838091343,39.59003211065316,0.028580779325661238,102221.0,0.0,101959.0,0.0,0.0,0.9856639215138168,0.9000000000000004,0.8870975120795821,0.9121950938347418,0.6671773261963,0.03480272941912214,0.028123212441466906,-0.09634812185788807,0.3169530253123238,0.4811715481171548,0.6324034634525314,0.0,239
430,train,pact,3.0,0,0.0349310103396663,0.00707627385448607,0.011793789156510083,0.0,0.0,0.015229265788125817,1.6117966047889518,1.6036751951133856,0.3275663464263892,2541.335247470744,0.034111786105477146,184.7077497712738,0.02134611423830716,102459.0,0.0,102197.0,0.0,0.0,0.9835759381370066,0.9000000000000004,0.8852183187855837,0.2313606346773921,0.17038147379924573,0.016841190355527846,0.019010026655237825,-0.18923410224758794,0.1630612184337814,0.5313807531380753,1.603675194904722,0.0,239
431,train,pact,3.0,0,0.009418921166737213,0.0016410889399963578,0.002735147982405666,0.0,0.0,0.015666898700435916,1.5624198205301452,1.5645483502783037,0.10724882600988772,1031.101457029207,0.47001374029714194,2.939975298099438,0.005734450285063343,102697.0,0.0,102435.0,0.0,0.0,0.9898579320149442,0.9000000000000004,0.8908721178645369,1.2413371083016012,0.06697946687157241,0.00438734333679682,0.005176750591200597,-0.18684161854205608,0.19116294252054958,0.4811715481171548,1.5645483476941395,0.0,239
432,train,pact,3.0,0,0.4532820462560594,0.11494182987627184,0.19156970417086341,0.06009889777484798,0.0,0.0171013718517692,1.6136852113771638,1.6502295104030784,0.5904810061506833,1204.3426036116468,0.553720712572118,3.864598024340354,0.07647008157752173,102935.0,0.0,102673.0,0.0,0.0,0.9919828473274678,0.9000000000000004,0.8927845421196526,0.7837423642067487,0.41462945725941536,0.03223646489414768,0.07591359236250363,-0.20464194474857952,0.27802011929137355,0.401673640167364,1.6502294997906175,0.0,239
433,train,pact,3.0,0,0.5017308978531066,0.12127403358436407,0.20212337541617145,0.05800684712920728,0.0,0.01469621877867931,1.4648751000480174,1.496642201764813,0.6499519633698164,1251.07962661807,0.5956785050396142,2.7139457501626914,0.06666862077827888,103173.0,0.0,102911.0,0.0,0.0,0.9908081986415336,0.9000000000000004,0.8917273574793189,0.7616915360405225,0.4646966432821402,0.03392603146758946,0.06837733472974106,-0.1953647730816679,0.3627704086174664,0.30962343096234307,1.4966421880700238,0.0,239
434,train,pact,3.0,0,0.02096458594954064,0.004325059863522142,0.007208432628115333,0.0,0.0,0.015645886929199163,1.5833296907995535,1.5836535390450865,0.5437151822086158,903.0517922884251,0.20679548420167868,7.111687639268372,0.013929123279081353,103411.0,0.0,103149.0,0.0,0.0,0.9897684639467854,0.9000000000000004,0.8907915944833635,1.7754378737307628,-0.42486009532492286,0.00854398149033269,0.012344379895210858,-0.19444511969259046,0.23457669367043532,0.42677824267782427,1.5836535428856562,0.0,239
435,train,pact,3.0,0,0.43151489933949033,0.10809485789102373,0.1801580829144856,0.05933815159807644,0.0,0.01601646625861588,1.5860185002183316,1.608489798701458,0.5862083405131575,1048.165534238935,0.5417901388677344,5.325838543879936,0.07367838040251425,103649.0,0.0,103387.0,0.0,0.0,0.9916075201214108,0.9000000000000004,0.8924467438933241,0.7819941815234294,0.4228255540647944,0.03450393241697124,0.07293657079985888,-0.20491629589121144,0.3634529214516751,0.30962343096234307,1.6084898025038725,0.0,239
436,train,pact,3.0,0,0.2781775054950136,0.06670243164420807,0.11117071156727568,0.039178395184014135,0.0,0.015465456240315567,1.5430449888297204,1.5579900846321713,0.5073279354362807,1066.186860535434,0.4763349125699518,5.056597401906257,0.058882657832088084,103887.0,0.0,103625.0,0.0,0.0,0.9909056854048534,0.9000000000000004,0.8918150932719019,0.7233974200504472,0.3160245405277048,0.02507454641286976,0.05691432469002279,-0.19401500525777876,0.27086857176770823,0.38493723849372385,1.5579900967797464,0.0,239
437,train,pact,3.0,0,0.4909922425595826,0.10578609773763818,0.17631015196886407,0.03803727716581592,0.0,0.01579823988883378,1.55349742618066,1.5694127012994998,0.6181353245818965,916.4908853315409,0.5578632446387821,4.097708028729491,0.06671070337108488,104125.0,0.0,103863.0,0.0,0.0,0.9904155721225499,0.9000000000000004,0.8913739991986103,0.7296263391690305,0.42854904408944716,0.037112250846500196,0.06721596623026614,-0.18593343858384148,0.17887771150479242,0.497907949790795,1.5694126976279736,0.0,239
438,train,pact,3.0,0,0.2573214347770065,0.06373617599596378,0.10622695056372322,0.04260175017382809,0.0001901863883229978,0.016239766050987415,1.5613295602997976,1.5904717891784892,0.5454728830309592,1031.66527171115,0.5324599910605403,6.814051289189311,0.054640484480849745,104363.0,0.0,104101.0,0.0,0.0,0.9910765402486633,0.9000000000000004,0.8919688660230597,0.8062378078994652,0.32288879302354523,0.020768931463076654,0.05309625197237038,-0.1969558763969714,0.2846078518650405,0.35564853556485354,1.5904717832275164,0.0,239
439,train,pact,3.0,0,0.02979833591694332,0.00746286322889269,0.012438104422806828,0.0,0.0,0.01556830621562181,1.6194788392118828,1.6216312382510516,0.39704335870603136,990.4088880467116,0.5399412752195383,8.589341949219484,0.008539019183635178,104601.0,0.0,104339.0,0.0,0.0,0.9903584045346312,0.9000000000000004,0.8913225479205782,0.2063113972105895,0.19120874718311365,0.0028419917919351024,0.00841185677941269,-0.19028548155987904,0.17196355974954747,0.5104602510460251,1.6216312336407792,0.0,239
440,train,pact,3.0,0,0.016098320915726126,0.004563668668600726,0.007606114308800593,0.0,0.0,0.01509818855174291,1.5898971405488178,1.5915843285776083,-0.00796653489313365,1132.6015540725516,0.2141178997864783,1.6535295327836999,0.01006014686185968,104839.0,0.0,104577.0,0.0,0.0,0.9908585099495605,0.9000000000000004,0.8917726430434063,0.20780301731619238,0.19085729486325742,0.006882756238807971,0.009476162817572228,-0.18686443970400932,0.1539511558206475,0.5690376569037657,1.5915843297073795,0.0,239
441,train,pact,3.0,0,0.4367288618482977,0.10713371145622705,0.17855616938435423,0.06104982965411501,0.0,0.015519957673817749,1.5661599249520561,1.5769583176369448,0.33049312790380364,968.3887742812664,0.5016220357876942,1.2267698049545288,0.045590828133407965,105077.0,0.0,104815.0,0.0,0.0,0.9903331261798428,0.9000000000000004,0.8912997946579586,0.5580634099170318,0.6021376644007669,0.00932336732683539,0.05117397930738068,-0.1982233918195864,0.3055580284281433,0.39748953974895396,1.5769583193354542,0.0,239
442,train,pact,3.0,0,0.33866766505446294,0.06847116090240402,0.11411859383748135,0.016736401735988123,0.0,0.01566879196622444,1.5414072656731226,1.5591178254602345,0.7533536942434111,955.0885104255198,0.5653099842899514,6.478328709323037,0.04442596667208495,105315.0,0.0,105053.0,0.0,0.0,0.9910012932502076,0.9000000000000004,0.891901147914232,1.0855616419892975,0.5107908664684913,0.023806042669873153,0.041354347671144424,-0.19296934376955321,0.28813911392029434,0.3472803347280335,1.559117814505808,0.0,239
443,train,pact,3.0,0,0.49418196437011425,0.10607643316016266,0.17679404449900252,0.040890072741269066,0.0,0.015492287522891076,1.5344741608807233,1.5376458806472841,0.6680177632236082,1044.2419045420372,0.5180523566371726,3.7584474523197158,0.05144547062992239,105553.0,0.0,105291.0,0.0,0.0,0.9898087090528161,0.9000000000000004,0.890827816151176,0.640622005732649,0.5268517803378208,0.008330559852765873,0.0542575554400059,-0.18593041613328437,0.22810765898097865,0.38493723849372385,1.5376458804591155,0.0,239
444,train,pact,3.0,0,0.1830709686913921,0.04103452485391831,0.06839086845751481,0.013883605973491111,0.0,0.014956676605777137,1.514714839568198,1.531898862647212,0.5438928644028668,911.850146944054,0.6505817828941545,3.1451457915944534,0.045246310921767764,105791.0,0.0,105529.0,0.0,0.0,0.9906230763411422,0.9000000000000004,0.8915607502769726,0.4389039942984656,0.4473177629697246,0.035453054184258426,0.04470468395697459,-0.18592569400529604,0.22315202231520215,0.4435146443514644,1.531898868232041,0.0,239
445,train,pact,3.0,0,0.000463527011177035,0.00012153162411572392,0.0002025527007759463,0.0,0.0,0.016060079794735588,1.6071296341748418,1.6116296422032632,0.341470296537527,1115.8082530767847,0.5819130539894104,1.0049391984939575,0.02551540557273652,106029.0,0.0,105767.0,0.0,0.0,0.9910329877083272,0.9000000000000004,0.8919296611303066,49.08303079840371,-52.82611333912054,0.017829285941234407,0.022779914814000754,-0.19332000089629897,0.199442119944212,0.4769874476987448,1.6116296448799485,0.0,239
446,train,pact,3.0,0,0.30288375901140147,0.06930695790712078,0.11551158682048777,0.03423354933700801,0.0,0.014993725085405002,1.5269610585029154,1.534970126142063,0.31036018527202525,995.339764583061,0.5178679279577783,1.1223803377051733,0.03500790254745796,106267.0,0.0,106005.0,0.0,0.0,0.9905232832022791,0.9000000000000004,0.8914709353047934,0.47584380780499314,0.5050920367015844,0.0014155386940567433,0.0384331836861268,-0.18752215170862765,0.23748479183358553,0.41841004184100417,1.534970126996254,0.0,239
447,train,pact,3.0,0,0.07057713395643153,0.018706676637970054,0.031177791863875697,0.0017116774325590253,0.0,0.015792899131852837,1.5766394163275363,1.6043058658743503,0.3918340450550223,1174.3249807956329,0.48348576855304104,1.2554654840644932,0.04708342953530534,106505.0,0.0,106243.0,0.0,0.0,0.9909633802070777,0.9000000000000004,0.8918670198907414,0.35959204687814483,0.30777857081907545,0.042603342465990214,0.043598894172087,-0.18803173773424958,0.1585506988337933,0.5397489539748954,1.6043058731940716,0.0,239
448,train,pact,3.0,0,0.49941803140382607,0.10614162413775714,0.17690269815559923,0.035755040256548125,0.0,0.014885364996588879,1.5183920775497308,1.5329722916730777,0.5784825541733698,1001.1563753902163,0.548055262620479,1.6422726980811881,0.05757390407389459,106743.0,0.0,106481.0,0.0,0.0,0.9903663177370526,0.9000000000000004,0.8913296705509329,0.7368547247381707,0.5018305027393595,0.045635496604848995,0.058593018777341146,-0.18167583748363533,0.17694887088637642,0.4602510460251046,1.5329722973386155,0.0,239
449,train,pact,3.0,0,0.0008817244371400257,0.0003832719612622606,0.0006387865642677734,0.0,0.0,0.016125071957458013,1.5912654978460847,1.610591661481179,0.4887427979433387,1307.1954080110813,0.587761640548706,7.843197822570801,0.021876006215473708,106981.0,0.0,106719.0,0.0,0.0,0.9918372526328434,0.9000000000000004,0.8926535111590909,18.308466178412054,-18.417505982362577,0.013772332065335442,0.019542184838816663,-0.19014821718271913,0.1709843022048132,0.5523012552301255,1.6105916485809892,0.0,239
450,eval,pact,3.0,0,0.4977520082539135,0.04336643020369631,0.07227738052372777,0.006276150814658927,0.0,0.005720660525907969,0.5900756474818146,0.6100361004284734,0.4238967806973717,2186.860585488036,0.16604620129163242,7.578411288341219,0.03072819689865454,107219.0,0.0,106957.0,0.0,0.0,0.9935744060632076,0.9000000000000004,0.8942169365024966,0.6714182167179377,0.3466624794326849,0.019785301079257175,0.030403346494502666,-0.07052551015553327,0.008308851894714978,0.9832635983263598,0.6100361017510417,0.0,239
451,eval,pact,3.0,0,0.49821823029872664,0.02785588726817185,0.04642647606438556,0.0,0.0,0.0056760534098582284,0.5606810253534357,0.5617612193817872,0.3652032853170419,8812.57172218227,0.004124082166557376,24.109876818237943,0.01901389271504086,107457.0,0.0,107195.0,0.0,0.0,0.9852371133521012,0.9000000000000004,0.8867133895722393,0.7571295640657352,0.3526109571589945,0.008414760362356902,0.018334361687536393,-0.06586011669264889,0.0,1.0,0.5617612177200115,0.0,239
452,eval,pact,3.0,0,0.48112744734638124,0.06676162896422372,0.11126937454668162,0.0,0.0,0.0062656862842441225,0.6726642792194957,0.6494611212399215,0.40389631788351543,36543.84678183839,0.014013961119242168,31.83302652686211,0.022152562718741036,107695.0,0.0,107433.0,0.0,0.0,0.9832947772915892,0.9000000000000004,0.8849652744985524,0.8073054897182554,0.6896785467597267,0.004869219676281015,0.023071800190546242,-0.08290375326424555,0.07136710288139114,0.7740585774058577,0.6494611207758457,0.0,239
453,eval,pact,3.0,0,0.372095166128404,0.0885187015048519,0.147531162418098,0.002472422861155107,0.0,0.008498147135857633,0.7214713206351053,0.75461227599547,0.7909061192967403,88741.72201065638,-0.0668657581169922,235.2393432641129,0.039166983092305055,107933.0,0.0,107671.0,0.0,0.0,0.9930503702562723,0.9000000000000004,0.8937453218583782,0.9672145683401986,0.7071144366279503,0.03178960656265864,0.03618796585345929,-0.09871648486211436,0.010682809578919256,0.9539748953974896,0.7546122799872221,0.0,239
454,eval,pact,3.0,0,0.4595582126649525,0.039806539533608916,0.06634422934433411,0.0,0.0,0.0059295530960930196,0.6355594675910023,0.6278306749575308,0.6094186554144616,102069.54190638075,-0.019436970011186962,166.82525010687536,0.018382072739038132,108171.0,0.0,107909.0,0.0,0.0,0.9819947376410831,0.9000000000000004,0.8837952414317111,0.8403265787445383,0.6308261865619181,0.012715833558668864,0.017533576568962702,-0.07269984152068318,0.0,1.0,0.6278306739727467,0.0,239
455,eval,pact,3.0,0,0.3109929788440381,0.0738932844806224,0.12315546664217912,0.0007607455532919912,0.0,0.008364622373032583,0.7396102097493336,0.7567059902715882,0.7045514970144966,60913.60137045633,0.14062795562287997,125.95207230117032,0.030279744592803106,108409.0,0.0,108147.0,0.0,0.0,0.9905047132380338,0.9000000000000004,0.8914542183217643,1.0325828890443745,0.6472649723980015,0.008594173306067075,0.027779009576037402,-0.112996964320057,0.2416095433098905,0.6401673640167364,0.7567059904895352,0.0,239
456,eval,pact,3.0,0,0.0008817254575398053,0.00017491856142518082,0.0002915309217249951,0.0,0.0,0.00798647583629858,0.7043999761467699,0.6951913473246986,0.47994171251312956,278642.321227772,0.14507746696472168,208.2421875,0.00425131680204233,108647.0,0.0,108385.0,0.0,0.0,0.9937204179903454,0.9000000000000004,0.8943483475361907,1.1086295450351915,-1.134690243601614,0.002882340208348718,0.003051892712529141,-0.08102548463315801,0.0,1.0,0.6951913479913969,0.0,239
457,eval,pact,3.0,0,0.4085878752840285,0.04698432472819854,0.07830720356844315,0.0,0.0,0.006153888994570682,0.6312055479283113,0.5935096314262646,0.27728197165612894,170784.12625849896,0.06218851332856677,109.1434514233258,0.02175075316482134,108885.0,0.0,108623.0,0.0,0.0,0.9818286853355344,0.9000000000000004,0.8836457968755747,0.7075238949750593,0.5515094622319069,0.0015985162089913129,0.021148934487397606,-0.07214033396200009,0.010860856405234577,0.9665271966527197,0.5935096295607156,0.0,239
458,eval,pact,3.0,0,0.49865054549941856,0.07653514923755157,0.12755857601226442,0.0,0.0,0.005625828598902627,0.6524773440849831,0.6354698233275234,0.6816266016980096,51629.417511114014,0.03982521933886122,90.60127631390942,0.02480370247985965,109123.0,0.0,108861.0,0.0,0.0,0.9835195902999974,0.9000000000000004,0.885167616929968,0.9123729754013797,0.6947566480239149,0.01275893960458537,0.025292288889975978,-0.08529908198341563,0.054808748034066296,0.6610878661087866,0.6354698175213815,0.0,239
459,eval,pact,3.0,0,0.0038738003089876893,0.00130261697978849,0.0021710281255927764,0.0,0.0,0.008350423720341846,0.7469255106219687,0.7571387951842911,0.6493478055778408,188310.31388925208,-0.09010709822177887,299.2401123046875,0.00798063259182116,109361.0,0.0,109099.0,0.0,0.0,0.9951799794969199,0.9000000000000004,0.8956619549745296,2.910017383288266,-1.8154341757538908,0.004328887004984073,0.006690769353550255,-0.09138269603295758,0.0,1.0,0.7571387990617524,0.0,239
460,train,pact,3.0,0,0.4706366194916741,0.10913418222769898,0.1818902933031891,0.04792696861043635,0.0,0.01578376582476883,1.5894214715418955,1.576828261549004,0.38246832285322363,4877.832011585954,0.35498834971852883,95.91481701325174,0.0480146079763057,109599.0,0.0,109337.0,0.0,0.0,0.9789133522363387,0.9000000000000004,0.8810219953935515,0.5771224638406081,0.5745648590554531,0.003540666243330074,0.05121713977455158,-0.19687462760611305,0.28891065016766077,0.41422594142259417,1.5768282598477028,0.0,239
461,train,pact,3.0,0,0.4722936973789786,0.0969938364893804,0.16165638373016133,0.01825789315431188,0.0,0.015487907115354449,1.5727788302190133,1.6004770378188609,0.7981108589152411,938.1529737656086,0.7205551396353973,3.6398996448915875,0.04677158272844665,109837.0,0.0,109575.0,0.0,0.0,0.9906432461539073,0.9000000000000004,0.8915788995172189,1.0036362955161093,0.6091379249786173,0.037170245586072695,0.04480182486255049,-0.19269966435479044,0.23137185079675954,0.39330543933054396,1.6004770493111193,0.0,239
462,train,pact,3.0,0,0.47839141184577105,0.10809587797705424,0.18015978550298223,0.039939140737306124,0.0,0.014065367393741174,1.486751613507211,1.5029682576905734,0.6516504492221018,1208.3473967867417,0.5480076269125839,3.490325136663525,0.049191282539936286,110075.0,0.0,109813.0,0.0,0.0,0.9901814390924685,0.9000000000000004,0.8911632713413637,0.6178290760557934,0.5761314254300197,0.015334644939433387,0.05234354511429419,-0.18471958977107533,0.24247010297041455,0.42677824267782427,1.5029682585812632,0.0,239
463,train,pact,3.0,0,0.34251428529070727,0.07151208140258178,0.11918679498127276,0.027767212321069948,0.0,0.014903530096596255,1.5280758870695426,1.5444518704294659,0.5429629656061468,1098.4185104050896,0.5939155912424231,2.3744439096131584,0.059222208538626524,110313.0,0.0,110051.0,0.0,0.0,0.9906521506888099,0.9000000000000004,0.8915869107306253,0.526493971047147,0.5145105432297568,0.05234244818194318,0.05956470409883615,-0.18354030190282944,0.19516899611264432,0.49372384937238495,1.544451869875055,0.0,239
464,train,pact,3.0,0,0.025146192200367425,0.006989509140142648,0.011649181528418047,0.0,0.0,0.015543316368200664,1.5826273660280714,1.5947722792625427,0.5102913902145051,1065.599030690213,0.6115804935598972,7.35182421875798,0.031695419821642715,110551.0,0.0,110289.0,0.0,0.0,0.9910177431345983,0.9000000000000004,0.8919159420863355,2.9499951468539316,-1.3594850745476186,0.01697202991384584,0.027631614063028637,-0.19399019379984964,0.2490578355440814,0.42677824267782427,1.5947722819341197,0.0,239
465,train,pact,3.0,0,6.514794980351147e-05,1.480726112497612e-05,2.4678767536996735e-05,0.0,0.0,0.015151001314270197,1.5755945374277347,1.5756870897245208,0.30290940126489896,1196.6865374832473,0.6037294268608093,7.724532604217529,0.0013927823125703064,110789.0,0.0,110527.0,0.0,0.0,0.9902374397760655,0.9000000000000004,0.8912136844012528,1.6256367270431469,-1.6436111765921555,0.0012455697618658473,0.0012509591016705561,-0.19353634381506082,0.2641324668387786,0.4225941422594142,1.5756870813488957,0.0,239
466,train,pact,3.0,0,0.002674004892043177,0.0007081253588542164,0.0011802088833003886,0.0,0.0,0.015247252093682603,1.591262602905848,1.5906900132550355,-1.236330728155705,1100.4048502774417,0.6037294268608093,7.724532604217529,0.001587315540481727,111027.0,0.0,110765.0,0.0,0.0,0.9901925819189479,0.9000000000000004,0.8911733023791134,0.17046554363683455,0.013511503250216328,0.0008807882550989796,0.0014962756593007854,-0.19117981413764082,0.21163832754681144,0.4769874476987448,1.5906900132938289,0.0,239
467,train,pact,3.0,0,0.34633044898022886,0.07336031669131532,0.12226718762227301,0.026816280067715186,0.0,0.015269580260152972,1.5074515370145503,1.5125824125740817,-1.3469076964645705,948.5519715632355,0.5569357789709977,4.429646499486149,0.03729892430851863,111265.0,0.0,111003.0,0.0,0.0,0.9898166225046293,0.9000000000000004,0.8908349430211917,0.48136398851986073,0.5046316349256992,0.002138770854495912,0.040921106087492005,-0.1820483527659737,0.2054066886257752,0.4435146443514644,1.5125824148715796,0.0,239
468,train,pact,3.0,0,6.514794980351147e-05,1.4896393980330176e-05,2.4827319104443635e-05,0.0,0.0,0.01610327730243675,1.6101883018864747,1.6246019115507853,0.32146842129310305,1251.771910854962,0.6404848098754883,1.0253523588180542,0.032030137266991,111503.0,0.0,111241.0,0.0,0.0,0.9913070777968882,0.9000000000000004,0.8921763530336164,4.622274368728389,-3.9267950068860182,0.028273308593200226,0.02762960990068647,-0.19457428013509104,0.20718715688892847,0.4435146443514644,1.624601920145719,0.0,239
469,train,pact,3.0,0,0.26150266818706364,0.07086069220926501,0.11810114512646505,0.044883986646660205,0.0007607455532919912,0.015526861922667366,1.528692727308393,1.5466958980181227,0.496763191026125,1237.3960313358068,0.41083913447849735,5.490307736596303,0.05970751089394623,111741.0,0.0,111479.0,0.0,0.0,0.9916972939439398,0.9000000000000004,0.8925275498354285,0.7513353770428507,0.3393888023591408,0.02352624410827063,0.05759527512229823,-0.19786426667463813,0.34312590878067595,0.3054393305439331,1.5466958967233606,0.0,239
470,train,pact,3.0,0,0.05557842856955229,0.012230642232794273,0.020384402094320218,0.0013313046559130298,0.0,0.015013143936538421,1.5403854939229318,1.5429673347014263,0.31443566164960424,933.5057613101465,0.3834916196420602,3.8941711332009925,0.017408297125398178,111979.0,0.0,111717.0,0.0,0.0,0.9897485515063776,0.9000000000000004,0.890773666204269,0.6760176493174699,0.03739221954353378,0.006876935772265174,0.01647116062299555,-0.18869188473913323,0.24086768153357663,0.42677824267782427,1.5429673438895668,0.0,239
471,train,pact,3.0,0,0.06036286422683006,0.014834975285133677,0.02472495736910635,0.0,0.0,0.015673850201241766,1.5735921607855474,1.5785474809642617,0.1487603844533125,1000.9459769915337,0.4357716816625554,3.688724209573977,0.019348177093930666,112217.0,0.0,111955.0,0.0,0.0,0.9903926133610713,0.9000000000000004,0.8913533353406515,0.622834855642919,0.14750286506049204,0.008293914858983948,0.01840870380796157,-0.19732807098829394,0.30262025579394053,0.3305439330543933,1.5785474756429556,0.0,239
472,train,pact,3.0,0,0.21150077816593815,0.04703373601775817,0.07838955663619991,0.018638265681566055,0.0,0.015351866968131964,1.5670586410426695,1.569350576550392,-0.09071501254427508,949.8902529153863,0.43062320379657226,3.0198097423529524,0.028257484307809038,112455.0,0.0,112193.0,0.0,0.0,0.9899423426664026,0.9000000000000004,0.8909480838596072,0.3836087983475604,0.4144726369548385,0.0011953555319711834,0.030200877209049338,-0.18397766696141848,0.15751209234695393,0.5313807531380753,1.5693505900611135,0.0,239
473,train,pact,3.0,0,0.45752092677940104,0.10444521719294256,0.1740753463257773,0.046215291240225276,0.0,0.01586919739086446,1.5566250270380635,1.5818826386619314,0.47943229929672626,1179.2241604218423,0.5351230169814002,1.2997576629267578,0.06563005402341297,112693.0,0.0,112431.0,0.0,0.0,0.9910466838082509,0.9000000000000004,0.8919420042796115,0.6102587476576488,0.5758977271453034,0.07662434433981524,0.06769975386832736,-0.18651826834462507,0.16751238909166444,0.46443514644351463,1.5818826484908082,0.0,239
474,train,pact,3.0,0,0.34251425579287914,0.07710418266164593,0.1285069626931975,0.027386839482075997,0.0,0.0154052831244238,1.533006627190562,1.5481045261087776,0.7438044141526002,1160.812088587294,0.6348994925431127,7.229366216450057,0.04777509974370317,112931.0,0.0,112669.0,0.0,0.0,0.9911983030610504,0.9000000000000004,0.892078460509807,1.048148435900274,0.5487082324924359,0.02855626050114017,0.04553448724478608,-0.1925243969461869,0.27517137007032844,0.40585774058577406,1.5481045354944747,0.0,239
475,train,pact,3.0,0,0.22391449630794566,0.05334281391840088,0.08890468224893552,0.023583111341528313,0.0,0.01664818576283784,1.6094162299543244,1.6334628023861841,0.44361772622024664,1372.3088899875784,0.42262493466805456,6.6558031257725165,0.05174270151748037,113169.0,0.0,112907.0,0.0,0.0,0.9912270958453542,0.9000000000000004,0.8921043610971842,0.6911100172926424,0.22874638840657324,0.017988016868623655,0.049950522131960697,-0.19673674038565883,0.22608979494940504,0.45188284518828453,1.6334627996527873,0.0,239
476,train,pact,3.0,0,0.05794356438666426,0.012491705252013083,0.020819507802485402,0.0007607455532919912,0.0,0.015276985587824962,1.5815157790563097,1.5796073340970602,0.2940235497687152,1150.341492976105,0.4711198335412157,7.412041142395849,0.011330822635591556,113407.0,0.0,113145.0,0.0,0.0,0.9898267036701346,0.9000000000000004,0.890844018888274,0.22575363233749018,0.2280287438005174,0.0020768016214808985,0.01144122482462792,-0.1891044486033823,0.19602955577316833,0.47280334728033474,1.579607323560055,0.0,239
477,train,pact,3.0,0,0.13356819286291968,0.037426678672566605,0.06237779494166636,0.007036896305602964,0.0,0.01645184923976535,1.6138021933483777,1.6322828673418597,0.4118432169429428,1148.1729677591363,0.6347568689779257,5.733496787657797,0.03762324921597793,113645.0,0.0,113383.0,0.0,0.0,0.991700581177508,0.9000000000000004,0.8925304949034208,0.929114472493208,0.29281900459683274,0.016014916604328525,0.03557231859596267,-0.19980842283858755,0.2692661503308703,0.40585774058577406,1.632282879427458,0.0,239
478,train,pact,3.0,0,0.019673136295750737,0.004755489847529777,0.007925815874757927,0.0,0.0,0.01578244684988859,1.581079209449401,1.5763044726399698,0.1639128503829015,1090.5407112153505,0.6103508590046457,6.69601660393272,0.0051844413603826965,113883.0,0.0,113621.0,0.0,0.0,0.9898823210385055,0.9000000000000004,0.8908940723251598,0.20507157064995254,0.18101297080204493,0.0014177919505387903,0.005131845383003265,-0.18810021406684033,0.189738567910027,0.4560669456066946,1.5763044765567096,0.0,239
479,train,pact,3.0,0,0.4997555405538623,0.1201993262600877,0.20033219961648482,0.052871815143269975,0.0,0.015963732648765567,1.5707020844375739,1.583556337336616,0.5430973279582157,1087.1231096977967,0.6054784121249012,1.532887575516641,0.058762716911694185,114121.0,0.0,113859.0,0.0,0.0,0.9907951222802804,0.9000000000000004,0.8917155931684263,0.6896904130580976,0.5235661789744621,0.015236963251871722,0.061142757955342374,-0.19157698465809977,0.215258613015223,0.47280334728033474,1.583556343197904,0.0,239
480,eval,pact,3.0,0,0.3685238404330022,0.03212832643784849,0.053547207673698145,0.0,0.0,0.007636852729987649,0.6709003606850134,0.699711865959806,0.5651558734881827,2878.3605359448547,0.3524468973606326,6.63715691546516,0.0319749208588044,114359.0,0.0,114097.0,0.0,0.0,0.993099773029902,0.9000000000000004,0.8937897737056142,0.5592697088470574,0.5108146113822098,0.03879660492659443,0.03173434155385271,-0.07958795849276241,0.0014837235526276743,0.9874476987447699,0.6997118694422204,0.0,239
481,eval,pact,3.0,0,0.46892580401234446,0.12269657005535196,0.2044942726388399,0.0,0.0,0.008937840145393021,0.800358186207057,0.7952982015190763,0.7340230136236885,26362.775711378792,-0.07312085259039439,135.25677860930375,0.034467566090102104,114597.0,0.0,114335.0,0.0,0.0,0.990497771167356,0.9000000000000004,0.8914479770420984,0.9392843142067673,0.7447051407486632,0.012699173297733068,0.035840987919529735,-0.11489393219583452,0.2563577554230096,0.5481171548117155,0.795298202700954,0.0,239
482,eval,pact,3.0,0,0.24477059851891544,0.04381197595666966,0.0730199568065644,0.0,0.0,0.007049283696626893,0.6971806673075863,0.6653202470376401,0.6956934390207714,80514.06763206067,-0.08610565366737825,224.5774917722247,0.017571524869861025,114835.0,0.0,114573.0,0.0,0.0,0.9867127989126548,0.9000000000000004,0.8880414911643232,0.710436478371165,0.6876271131976914,0.0057022375745452505,0.019319638711201594,-0.07807832756370917,0.04519421941303898,0.8619246861924686,0.665320247921372,0.0,239
483,eval,pact,3.0,0,0.0,0.0,0.0,0.0,0.0,0.008220360279239123,0.7172977531554808,0.7291200647294271,0.697799461406644,114349.04648274058,-0.030398976057767868,20.26482391357422,0.010951964204125574,115073.0,0.0,114811.0,0.0,0.0,0.9945653691950204,0.9000000000000004,0.8951088117755108,nan,nan,0.009467826582390083,0.009467826614538247,-0.08474137443836219,0.0,1.0,0.7291200667777042,0.0,239
484,eval,pact,3.0,0,0.02096458594954064,0.005624280015288445,0.009373799415934095,0.0,0.0,0.00896628792534064,0.8061134266554062,0.8009701089380177,0.18379008225053275,266709.84303085774,-0.17696381776465034,116.80510668575016,0.007743546704149894,115311.0,0.0,115049.0,0.0,0.0,0.9942404342246355,0.9000000000000004,0.8948163671972362,0.6561821809806526,0.20594357574973188,0.0036288371913317475,0.006893653486403305,-0.09959929007084903,0.0014540490815751208,0.9832635983263598,0.8009701140220412,0.0,239
485,eval,pact,3.0,0,0.0005835245887526782,0.0001745518229007487,0.0002909196834735062,0.0,0.0,0.008666574732871983,0.7904551897088853,0.7872915829075929,-3.9379130566344602,585150.3538833682,-0.18013142049312592,121.66687774658203,0.0023348353336522334,115549.0,0.0,115287.0,0.0,0.0,0.9942625115107293,0.9000000000000004,0.8948362442240057,0.4152683427158678,-0.14824277447170053,0.0013954388541766994,0.0015164987078408036,-0.09387996517868277,0.02029733819994659,0.8493723849372385,0.7872915850909077,0.0,239
486,eval,pact,3.0,0,0.4653420398303694,0.08992050727579702,0.14986750399732815,0.004944845722310214,0.0,0.009052139478949946,0.7581260558451569,0.7527033177878567,0.293787910499723,129553.42726856694,-0.10711682123369752,95.46061517005187,0.05602683050160503,115787.0,0.0,115525.0,0.0,0.0,0.9868906195817133,0.9000000000000004,0.8882015387383465,0.7164299889744452,0.44935672210611666,0.025424986264922404,0.05392419900277544,-0.10841055597806987,0.12335677616546484,0.803347280334728,0.7527033182991661,0.0,239
487,eval,pact,3.0,0,0.14082453795319042,0.025084212873297623,0.04180702034893147,0.0,0.0,0.00787185924419954,0.698095202196592,0.695538106074393,0.28238859392359666,316839.55583158997,-0.07059383711087903,161.36385343862878,0.0214701163213287,116025.0,0.0,115763.0,0.0,0.0,0.9874226908554093,0.9000000000000004,0.8886804037014311,0.5887818116639373,0.42470559523166374,0.009290404122031363,0.02036873933568862,-0.0805676941663151,0.016558354847324847,0.9581589958158996,0.695538107839887,0.0,239
488,eval,pact,3.0,0,0.2988020511427855,0.0298397043666551,0.049732838192429574,0.0,0.0,0.007156788566340712,0.6520378104563038,0.687677151114372,0.014321979105075097,114643.81983851988,0.07925529598850742,31.651467498875064,0.0277665376324191,116263.0,0.0,116001.0,0.0,0.0,0.9859310403528573,0.9000000000000004,0.8873379188102658,0.7167230804253948,0.4481918518575555,0.0216664117416022,0.026322505553740088,-0.0786377947823509,0.007032849639455177,0.9874476987447699,0.6876771509207207,0.0,239
489,eval,pact,3.0,0,0.12297281284996057,0.02319421113867697,0.038657015744053856,0.0,0.0,0.00891908597801208,0.6954267581137653,0.7245235637640853,0.48792957315011004,56307.24534600549,0.1950798995449952,38.891708058792176,0.01858691842719975,116501.0,0.0,116239.0,0.0,0.0,0.9926499709424613,0.9000000000000004,0.8933849531736334,1.2671277220892372,0.4156083872446308,0.007101819804550982,0.01508843248844474,-0.08412883098783028,0.002759725807887474,0.99581589958159,0.7245235649308294,0.0,239
490,train,pact,3.0,0,0.3720951933817057,0.09185558791091449,0.15309263627736164,0.04944846021580397,0.0,0.015577024447041949,1.5665582997030794,1.5748122474139705,0.38439427244488666,3505.317592732577,0.34470147948135393,23.35839457292437,0.04554156315448172,116739.0,0.0,116477.0,0.0,0.0,0.9807574210306591,0.9000000000000004,0.8826816599488757,0.4894234045889799,0.5280553566810351,0.0044450079835820526,0.049838686323550305,-0.1883444731412512,0.1969494643757975,0.4769874476987448,1.5748122443087968,0.0,239
491,train,pact,3.0,0,0.32695747973790945,0.07482161173501858,0.12470267864215757,0.03328261720834916,0.0,0.01625315237314943,1.5851408390320494,1.608727285552723,0.4191209354660002,1300.3271864887063,0.5747549768895783,1.221001244738511,0.07101720792853183,116977.0,0.0,116715.0,0.0,0.0,0.991210849215296,0.9000000000000004,0.8920897434944887,0.47156498087861126,0.4791276555222015,0.06524914017150013,0.07020592018104622,-0.1921702035800465,0.19950146888631706,0.4686192468619247,1.6087272903897556,0.0,239
492,train,pact,3.0,0,0.4870875290074779,0.11524929490102014,0.19208214931628032,0.04050970008931898,0.0,0.015884810103937424,1.5904046489105066,1.6002174977478123,0.5097253914906889,972.3405217765265,0.6505949735392088,1.4019268556618791,0.07019284077643351,117215.0,0.0,116953.0,0.0,0.0,0.9904417662440982,0.9000000000000004,0.8913975667255194,0.7113525213969876,0.5650710312913508,0.09971228144131601,0.06834322391038909,-0.19602281981154668,0.25994836642036856,0.41422594142259417,1.6002175014197144,0.0,239
493,train,pact,3.0,0,0.04253383616285562,0.01049282673286988,0.017488043708029612,0.0,0.0,0.016468549291427912,1.5776082786057284,1.615970950246356,0.39418815394325735,1391.8154115557172,0.5922220766419646,3.66145495490549,0.03968114857418194,117453.0,0.0,117191.0,0.0,0.0,0.9912722876381176,0.9000000000000004,0.8921450391474129,0.2655516329282495,0.25537174701982723,0.03708809513138164,0.03616102608970452,-0.18816697701125118,0.14766016795750614,0.5062761506276151,1.615970955997283,0.0,239
494,train,pact,3.0,0,0.00484126768363289,0.0012662794937698218,0.002110465749530521,0.0,0.0,0.015279217580309971,1.5857697084359046,1.5893751731976307,0.21829079362762524,1205.5465402004609,0.20469287324650018,1.6997555733724619,0.01010281087211567,117691.0,0.0,117429.0,0.0,0.0,0.990993922225601,0.9000000000000004,0.8918944986295501,0.2202954761692323,0.09355293014657295,0.00903587165782294,0.009169046034345747,-0.19243538210167188,0.2163268939731149,0.4686192468619247,1.5893751835052286,0.0,239
495,train,pact,3.0,0,0.2364116824699286,0.0660559729358854,0.11009328038847316,0.04012932700093321,0.0001901863883229978,0.017124833583940895,1.6176758934763187,1.6446040928613193,0.45303680878678126,1501.0011752459793,0.5213146676391238,5.719472547455313,0.05811439439455616,117929.0,0.0,117667.0,0.0,0.0,0.992290487099891,0.9000000000000004,0.8930614184136171,0.7638330302828933,0.3185473323959507,0.022774186999938353,0.056020706084412696,-0.20328237882978734,0.28585417964924775,0.41422594142259417,1.6446041003093597,0.0,239
496,train,pact,3.0,0,0.4990500914879464,0.11957452772147913,0.199290866377729,0.04507417309733115,0.0,0.016116456878780695,1.5838018935095814,1.58871663339966,0.5593332440035114,1262.775701163703,0.5793486486602366,2.7742087624063054,0.07643938700914009,118167.0,0.0,117905.0,0.0,0.0,0.9909082908011879,0.9000000000000004,0.8918174450367564,0.7221896216112154,0.4041288284886585,0.04825905993904756,0.07603445261225852,-0.19739053521637856,0.2792664470755809,0.3807531380753138,1.5887166320490043,0.0,239
497,train,pact,3.0,0,0.3649142709313249,0.07760036805338433,0.12933393860236175,0.031380753449815085,0.0,0.01510856581742731,1.5354442451788293,1.5412693572343643,0.5228725154280164,1050.3243201347575,0.6328765705040807,3.980420182190181,0.04425588015186363,118405.0,0.0,118143.0,0.0,0.0,0.9893706805037654,0.9000000000000004,0.8904335910306316,0.4888850244182556,0.5263325611038361,0.017594203521794343,0.047707181533011435,-0.1806126965300161,0.14074601620226118,0.5313807531380753,1.5412693699168194,0.0,239
498,train,pact,3.0,0,0.026644077069207902,0.006344702718417474,0.010574503885512678,0.0,0.0,0.016414259342188365,1.5804751475485799,1.611858143217893,0.3049464432764253,1254.842236123823,0.792750117170262,0.6708906115847153,0.037380714536932876,118643.0,0.0,118381.0,0.0,0.0,0.9907510642227269,0.9000000000000004,0.8916759291453341,0.30427998388020316,0.251920031741215,0.0359075131237899,0.033438006934230546,-0.18905122951633055,0.14926258939434403,0.5188284518828452,1.611858142473361,0.0,239
499,train,pact,3.0,0,0.1595777480052146,0.0406641938047051,0.06777365238664654,0.013122860669590938,0.0,0.015802630570144333,1.6053346388010798,1.6161018600024937,0.4123140642084337,1253.2391354868103,0.47406879584908984,5.787821223546271,0.03976155080487679,118881.0,0.0,118619.0,0.0,0.0,0.9915372544751506,0.9000000000000004,0.8923835140890656,0.8323749670978889,0.2831004523277114,0.015968341671396047,0.038023715534356566,-0.19750375213819105,0.2472180183388231,0.401673640167364,1.6161018519931956,0.0,239
500,train,pact,3.0,0,0.5017308984838317,0.11205494405632985,0.1867582255594753,0.05287181501857406,0.0,0.014501345916709641,1.4825718687169223,1.5044708910347528,0.58238096042657,1016.2436117387716,0.5430112140697415,3.0548383471357274,0.056272901051042594,119119.0,0.0,118857.0,0.0,0.0,0.9898082903239518,0.9000000000000004,0.890827437075611,0.7401583655827649,0.49939599636375354,0.0034419910939918323,0.05777385761517112,-0.1855192103185619,0.26813852043087333,0.3514644351464435,1.5044708947216097,0.0,239
501,train,pact,3.0,0,0.019673136295750737,0.004410788564170186,0.007351313917128034,0.0,0.0,0.015560912811996173,1.606236428895256,1.615003468102491,0.523698205977803,1152.7410707354047,0.3927576091748401,9.815049131545063,0.02314928184540077,119357.0,0.0,119095.0,0.0,0.0,0.9906951470853893,0.9000000000000004,0.8916256160915647,0.23952246526090057,0.1856942962901581,0.02140426395269923,0.021124483411547153,-0.18751024289074023,0.13673996261016647,0.5606694560669456,1.6150034647442366,0.0,239
502,train,pact,3.0,0,0.5005976241194593,0.11432327703850087,0.1905387827960512,0.04317230933879709,0.0,0.016429442534355687,1.573623602609754,1.604316660799242,0.6723288457263963,982.069241958682,0.6240366427344757,3.06842476154471,0.06533020589535736,119595.0,0.0,119333.0,0.0,0.0,0.9906292457959642,0.9000000000000004,0.8915663059785276,0.7763643226593733,0.46198637672248255,0.04538435364762942,0.0656425322953487,-0.19181322739433124,0.1974539303836909,0.4811715481171548,1.6043166674910763,0.0,239
503,train,pact,3.0,0,0.4488243158769947,0.1032257358044365,0.17204288302708387,0.04716622324418822,0.0,0.01518073358288557,1.5354031840627662,1.5626433446816321,0.65832991679842,1171.028402799343,0.6401792136196313,3.719227159871217,0.06549374446678112,119833.0,0.0,119571.0,0.0,0.0,0.991200267271018,0.9000000000000004,0.8920802119885528,0.781026777419968,0.4506616759135591,0.029785485908625616,0.0653309415379017,-0.1896233905412908,0.22686133119677146,0.41422594142259417,1.5626433432529239,0.0,239
504,train,pact,3.0,0,0.15957777750304272,0.0418776766175949,0.06979612465147511,0.015024724116385233,0.0,0.015805321517614764,1.6077428487554255,1.6027586918994472,0.49686727725811086,1093.94018324848,0.628628744178736,5.231314355110025,0.030923063535327054,120071.0,0.0,119809.0,0.0,0.0,0.9898930508721324,0.9000000000000004,0.8909037173043733,0.3570110498832661,0.383051454140094,0.007632440848039909,0.03199707931487248,-0.1944877131434591,0.22588207365203716,0.4393305439330544,1.6027586829829752,0.0,239
505,train,pact,3.0,0,0.005378621699537879,0.0013060506999220604,0.0021767510656424734,0.0,0.0,0.016588156873352484,1.6087868931902003,1.6362578789060584,0.17733385978134109,1297.1827415562075,0.5891826038081277,0.9255561556776198,0.029227182409135726,120309.0,0.0,120047.0,0.0,0.0,0.9910411168840639,0.9000000000000004,0.8919369862668185,0.24444289270542366,0.09612251264389138,0.028255024637973986,0.0261300243378839,-0.189329020793939,0.12929167037597555,0.5104602510460251,1.6362578856590835,0.0,239
506,train,pact,3.0,0,6.514758795400435e-05,1.8131423115785813e-05,3.021903753182734e-05,0.0,0.0,0.015242353866897741,1.5855030716712504,1.5866161223235988,-0.04291708538090522,1159.1236720384413,0.43041306734085083,1.502221941947937,0.002128725055242654,120547.0,0.0,120285.0,0.0,0.0,0.9907697316991734,0.9000000000000004,0.8916927379045526,7.448984732895018,-6.335294505529387,0.0018361891169751028,0.0019070824097854643,-0.18963608596989398,0.20508026944419716,0.4895397489539749,1.586616125969881,0.0,239
507,train,pact,3.0,0,0.15576158431569304,0.03849733665370405,0.06416222238223941,0.021300874993392116,0.0,0.01588309185275473,1.571637090529358,1.5918783029253014,0.3049144244141035,1361.3287179859115,0.4359887610481873,5.992555536485616,0.04064221554445532,120785.0,0.0,120523.0,0.0,0.0,0.9912694807331931,0.9000000000000004,0.8921425095661913,0.639486829596815,0.20460425731663046,0.014991420488869707,0.039207817754264004,-0.19696187567737172,0.27069052494139295,0.38493723849372385,1.5918783053231946,0.0,239
508,train,pact,3.0,0,0.5000638237883528,0.12222022942722668,0.20370037003508457,0.055344238066773035,0.0,0.014211229298061158,1.4418222031333956,1.4649886202113898,0.5410276283529513,1236.8121386412297,0.4271368948016004,3.24877415042542,0.057501259454229854,121023.0,0.0,120761.0,0.0,0.0,0.9908722798694627,0.9000000000000004,0.8917850275917532,0.7329303965245023,0.5319898220912436,0.003219101403374225,0.0594099263276293,-0.18583059332815846,0.30078043858868214,0.3389121338912134,1.4649886171999134,0.0,239
509,train,pact,3.0,0,0.33479187858415665,0.07451811638784953,0.12419685279675231,0.03042982163289601,0.0,0.01478350356174438,1.5382108039935762,1.5528898932444999,0.577354072277516,1125.579020097166,0.43737466839068107,7.9840869589330765,0.05530569715635796,121261.0,0.0,120999.0,0.0,0.0,0.9903658251882098,0.9000000000000004,0.8913292223938339,0.5045182934240376,0.5101279742384504,0.04033027704560546,0.05706789827161317,-0.18821119513440165,0.23522953203359148,0.4351464435146444,1.5528898971864655,0.0,239
510,eval,pact,3.0,0,0.009418921166737213,0.0016372294800120278,0.0027287157494333674,0.0,0.0,0.008233353809285988,0.7309100409681328,0.787669531221669,0.5700024862668505,4695.048020366844,0.7746894441887924,8.056626695968117,0.02646985814261745,121499.0,0.0,121237.0,0.0,0.0,0.9981844996308682,0.9000000000000004,0.8983660322851715,8.46090567146092,-7.459132973792261,0.013222738496800203,0.02359647094856589,-0.08982245353960502,0.0038576812368319533,0.9623430962343096,0.7876695303397018,0.0,239
511,eval,pact,3.0,0,0.11952208523755692,0.017155275630075913,0.028592124366407012,0.0,0.0,0.007978474503094682,0.7378513418979724,0.7491535624200829,0.4602524636929005,42158.126859146185,0.11088317079337072,71.66104195906028,0.014571902373314651,121737.0,0.0,121475.0,0.0,0.0,0.9922713083702152,0.9000000000000004,0.8930441595021651,1.1033451149027342,0.3402460022970578,0.004567166979065518,0.012635341090458021,-0.09378918836798911,0.004213774889462595,0.9916317991631799,0.7491535623212899,0.0,239
512,eval,pact,3.0,0,0.40235948536471244,0.07721532859520332,0.12869220674812412,0.014644351464435146,0.0,0.00833705183855067,0.8070376662529662,0.7724465722818254,0.20482720825899095,109974.38382583682,0.07983934974870703,99.4258504991252,0.05291566622509742,121975.0,0.0,121713.0,0.0,0.0,0.9897474309889343,0.9000000000000004,0.8907726627762846,0.6852209407989757,0.3964311109811228,0.016949207638390362,0.051699851199236375,-0.10696130488345462,0.09908305884447609,0.7405857740585774,0.7724465696468926,0.0,239
513,eval,pact,3.0,0,0.49865054549941856,0.08749085303182762,0.14581807985359393,0.0,0.0,0.0070976404956382185,0.6835775124727432,0.6580760740834799,0.6161365949833243,84481.4461623954,0.05646974307623259,94.56634581338412,0.03069925788891303,122213.0,0.0,121951.0,0.0,0.0,0.9813719970411835,0.9000000000000004,0.8832347809520227,0.8918579926919252,0.6670282569104302,0.01396538883758088,0.03094699709173526,-0.09838768766854514,0.2785839342413721,0.4811715481171548,0.6580760741475733,0.0,239
514,eval,pact,3.0,0,0.49941803140382607,0.0894520301284136,0.14908670855357403,0.0,0.0,0.006204877433534634,0.6761009779185929,0.6500574607230629,0.5326947026172941,39518.76062369247,0.0286570007398444,87.82445874074513,0.030614750205527477,122451.0,0.0,122189.0,0.0,0.0,0.9883522937487359,0.9000000000000004,0.8895170424273822,0.8729984504725147,0.6906340681776703,0.01778969581408257,0.0305687522069477,-0.09585013175901493,0.28069082168610343,0.497907949790795,0.6500574590773186,0.0,239
515,eval,pact,3.0,0,0.39917434158470244,0.08671758497121308,0.1445292999822292,0.003613541315789003,0.0,0.008464874276914731,0.739671577968358,0.8010282499022064,0.7490275285234013,118260.769760068,0.044466208455164496,146.0016361340319,0.038895909481576674,122689.0,0.0,122427.0,0.0,0.0,0.9942105908772936,0.9000000000000004,0.8947895131849345,1.0302105768715797,0.6523377907531839,0.023188045277133768,0.03610452288317506,-0.10190020510287896,0.002967447105255349,0.9665271966527197,0.8010282541784497,0.0,239
516,eval,pact,3.0,0,0.472293708546508,0.08238832502280716,0.13731386763571954,0.0,0.0,0.00626873478554501,0.6892919496761705,0.6690138433767662,0.6365703704716271,126986.60613885983,0.06497048915882116,104.70703619793369,0.023443831459163185,122927.0,0.0,122665.0,0.0,0.0,0.986424695622472,0.9000000000000004,0.8877822095878952,0.8254607181491801,0.775533156691631,0.018146559376926982,0.024581660708474878,-0.09237670892834657,0.19902667734947624,0.5857740585774058,0.6690138453326546,0.0,239
517,eval,pact,3.0,0,2.1493512025067902e-05,3.5647925675776493e-06,5.941321022071093e-06,0.0,0.0,0.00769949850439246,0.7390241506957609,0.7432284755437444,0.7365927663807091,133470.23712898797,0.0060079083777964115,63.94304275512695,0.010369760539600915,123165.0,0.0,122903.0,0.0,0.0,0.9919076881149324,0.9000000000000004,0.8927169002000258,221.1023547562284,-510.0185703463701,0.007740384697953754,0.00839930055049252,-0.0841121125576189,0.0,1.0,0.7432284745207008,0.0,239
518,eval,pact,3.0,0,0.09659447261740192,0.0125014626668356,0.020835769679845472,0.0,0.0,0.0069796484807373715,0.7057727827187862,0.6967094188953543,0.46416786699614265,246463.56563807532,-0.014894242163783595,61.354660249654216,0.006730324560464613,123403.0,0.0,123141.0,0.0,0.0,0.9890922029896261,0.9000000000000004,0.8901829578637079,0.7550294159281605,0.6654228841478063,0.002736138597538229,0.006140733779715881,-0.07612193691439735,0.0,1.0,0.6967094185542896,0.0,239
519,eval,pact,3.0,0,0.04457110651652085,0.01051653680246334,0.01752756001315373,0.0,0.0,0.00844144392524803,0.7965038044682108,0.8000102775116845,-0.12648799934397184,230579.2707734048,0.08865322117186171,64.53221289981857,0.01243732259394484,123641.0,0.0,123379.0,0.0,0.0,0.9929271804238962,0.9000000000000004,0.8936344415074113,0.8059952781922073,0.283786838865173,0.005854075586992419,0.01100511401774806,-0.09605282137642068,8.902341315766046e-05,0.99581589958159,0.8000102769253609,0.0,239
520,train,pact,3.0,0,0.32300136876191454,0.07654049364335676,0.12756748089807207,0.045074173222027065,0.0017116774949069802,0.01492408998154696,1.5698013190943825,1.5819322327190861,0.10234739416313969,6395.221415627451,0.4155273107250677,8.592565003798098,0.07129577584136043,123879.0,0.0,123617.0,0.0,0.0,0.9822263957067514,0.9000000000000004,0.8840037302492054,0.8706801157672585,0.22887218817852217,0.025693339482862867,0.06350159949221683,-0.18892189563552253,0.20000593489421054,0.4811715481171548,1.5819322187751168,0.0,239
521,train,pact,3.0,0,0.4926731121291847,0.10811312741299471,0.18018853654545208,0.02966907626664788,0.0,0.01483286106101701,1.532029212518716,1.5385452187210944,0.47084016720744853,896.832179113412,0.6227675678839744,3.437047363075751,0.04973218751443885,124117.0,0.0,123855.0,0.0,0.0,0.9898906005975093,0.9000000000000004,0.8909015176685285,0.6392740026733885,0.5501003579522113,0.006843770884990911,0.052419824185235636,-0.18404343230105089,0.1889076827205555,0.5104602510460251,1.538545209908888,0.0,239
522,train,pact,3.0,0,0.5017308978531066,0.10719888850290471,0.17866480253160946,0.03290224461874702,0.0,0.01443502487552403,1.429664063403796,1.4467295777348794,0.7017315326874226,1002.531094219894,0.6415941398512868,3.2770529434271936,0.059534200819824905,124355.0,0.0,124093.0,0.0,0.0,0.9902650631621293,0.9000000000000004,0.8912385357972469,0.9566134041453337,0.46673419294249985,0.04597559571266174,0.05819507189500282,-0.1972711721059584,0.4530698240303867,0.17573221757322174,1.446729571922183,0.0,239
523,train,pact,3.0,0,7.168989468786756e-07,1.8584132209131844e-07,3.097355063755268e-07,0.0,0.0,0.015205319898756354,1.5814420782871326,1.5804106555723245,0.5334407936579014,1278.1899271051254,0.5169543623924255,10.345342636108398,0.013230006130135552,124593.0,0.0,124331.0,0.0,0.0,0.9913362386835171,0.9000000000000004,0.8922025907987331,23.67370819456273,-25.706270244290316,0.011843051682881807,0.011797970861282247,-0.1887491799868385,0.19175643194160066,0.5564853556485355,1.5804106602748857,0.0,239
524,train,pact,3.0,0,0.2573214347770065,0.06030652650854688,0.10051087085661166,0.03271205829277198,0.0,0.01569068757622312,1.5418756761311487,1.5613877162274956,0.47457008475289686,1029.3440830118986,0.47958578449521977,5.1426099603644975,0.05428802879005047,124831.0,0.0,124569.0,0.0,0.0,0.9909410414336616,0.9000000000000004,0.8918469266412647,0.7539334706418754,0.29587789533371245,0.021398653025675753,0.0522688401738283,-0.1887251944882138,0.22062969227573517,0.40585774058577406,1.5613877035712402,0.0,239
525,train,pact,3.0,0,0.48366004122113304,0.11269441806245717,0.18782401915009797,0.04773678222211335,0.0,0.015535197748751945,1.6158901470475615,1.6084109644510756,0.5464050920687958,927.4929735510918,0.5868068963102216,2.7833814326689335,0.0511203642737775,125069.0,0.0,124807.0,0.0,0.0,0.9904164512287124,0.9000000000000004,0.8913747895212851,0.6003051082229736,0.556142767762658,0.005453544658023951,0.054611550247058986,-0.19621902225632032,0.24208433484673136,0.45188284518828453,1.6084109693876485,0.0,239
526,train,pact,3.0,0,0.10942615455924436,0.02448316169988228,0.04080526673972459,0.0038037277664599556,0.0,0.015697313256359126,1.5920966741430211,1.6242938001784322,0.40806908799514613,1226.8978056967508,0.667486414749752,2.339643229999303,0.04629894552331527,125307.0,0.0,125045.0,0.0,0.0,0.9907442111849286,0.9000000000000004,0.8916697694167931,0.3364261781650751,0.326883872887927,0.04049918836711022,0.04370438192520976,-0.188573438741284,0.14056796937594587,0.5355648535564853,1.6242937963581043,0.0,239
527,train,pact,3.0,0,0.10291769171121948,0.028531061586664276,0.04755176566301606,0.005895777913317022,0.0,0.01597072626756325,1.596129996008454,1.606607666324871,0.2727274372861974,1056.340538376046,0.4145908158069874,1.318854570388794,0.03498573485999582,125545.0,0.0,125283.0,0.0,0.0,0.99026382393418,0.9000000000000004,0.8912374242579089,0.34785932031639344,0.36964831397620335,0.02297480516076748,0.034246899730673984,-0.192961884563163,0.21695005786521857,0.4393305439330544,1.6066076719045175,0.0,239
528,train,pact,3.0,0,0.4392558533156307,0.08910725609245701,0.14851208380654857,0.027006466830125912,0.0,0.014965385099226087,1.5308847754071446,1.5466150948193282,0.7035072091733062,865.7602360298444,0.7073432256985908,3.7460442671715963,0.054292521472615055,125783.0,0.0,125521.0,0.0,0.0,0.9906706797527968,0.9000000000000004,0.8916036017769051,0.8902036393546808,0.50350953618438,0.0320754498451837,0.05338826683003097,-0.18642998126601068,0.22104513487047095,0.4351464435146444,1.546615091558571,0.0,239
529,train,pact,3.0,0,0.5017308978531066,0.11624554739670757,0.19374256755617958,0.04982883311714587,0.0,0.016013953581483543,1.5880316894922297,1.6067675155077021,0.6592496753237737,1022.3727317395071,0.6099311680723932,2.7568033626887587,0.06719953679990133,126021.0,0.0,125759.0,0.0,0.0,0.991097968243156,0.9000000000000004,0.8919881480009486,0.7627295425616841,0.447673426905535,0.05833411403000355,0.06682108053703749,-0.19583504222045184,0.22938366123623846,0.4351464435146444,1.6067675203968235,0.0,239
530,train,pact,3.0,0,0.41756536128392996,0.09671385103237104,0.1611897365084024,0.05039939178333123,0.0,0.015291464540359241,1.5154030966459457,1.526658600094927,0.5873124937382702,1172.7413399029974,0.5862886505396296,3.7837121070179482,0.04825928240184473,126259.0,0.0,125997.0,0.0,0.0,0.9902850893252065,0.9000000000000004,0.8912565633342855,0.5681841440760946,0.5909193461854965,0.024762400953720013,0.052751749098324315,-0.18625542800163225,0.23294459776254492,0.4686192468619247,1.526658603698529,0.0,239
531,train,pact,3.0,0,0.06794362143753681,0.013708912491759798,0.02284818654800775,0.0,0.0,0.01568582575479873,1.5548384508827242,1.5697804858993785,0.360365874597717,1390.2451297009839,0.6534329225079285,1.1883421542754233,0.042702989057524746,126497.0,0.0,126235.0,0.0,0.0,0.9900180318365536,0.9000000000000004,0.8910162147118955,0.36417197806410045,0.2768147222598196,0.03808669010451173,0.037351972901819575,-0.18561903547049777,0.17160746609691682,0.45188284518828453,1.5697804892389042,0.0,239
532,train,pact,3.0,0,0.382569948058365,0.08651931449305084,0.14419884503428979,0.042601749799740365,0.0,0.015560830526334472,1.5622415866811903,1.574148620521673,0.41871897134322,940.769744489981,0.5575432074119855,1.0748862417173186,0.04851776365069945,126735.0,0.0,126473.0,0.0,0.0,0.9904444963363424,0.9000000000000004,0.8914000322130434,0.5020564063731979,0.5356103957922178,0.020706613380245344,0.052174439060474476,-0.186458970045002,0.17783910501795305,0.4686192468619247,1.5741486188219507,0.0,239
533,train,pact,3.0,0,0.003041941807975517,0.0005854762381722173,0.0009757936926057881,0.0,0.0,0.015959321723853444,1.5864685409737431,1.6156649883820922,0.31971582683060457,1487.7762635043475,0.8602001667022705,0.47931671142578125,0.03703903276390478,126973.0,0.0,126711.0,0.0,0.0,0.9912815096488059,0.9000000000000004,0.8921533339193176,0.38852398969137286,0.017320443621526183,0.03408615486275974,0.031374398073879026,-0.19147758203908527,0.184753256773198,0.5104602510460251,1.6156649830593053,0.0,239
534,train,pact,3.0,0,0.372095166128404,0.08697335666567528,0.14495558361907962,0.046595663892175364,0.0011411183299379866,0.014899982423930737,1.4579817637738823,1.4785584957031026,0.5481114357585188,1298.1084862872647,0.5128699570083718,6.147445749039431,0.06313436333222557,127211.0,0.0,126949.0,0.0,0.0,0.9908062473999406,0.9000000000000004,0.8917256015115204,0.8902934720893313,0.40210536281534914,0.02666517288497325,0.060310945729237966,-0.19639110477690747,0.3898632006884477,0.2510460251046025,1.4785584864008012,0.0,239
535,train,pact,3.0,0,0.0005835245887526782,0.00014561857325175902,0.00024269761440439625,0.0,0.0,0.01505014172922742,1.5838072793753077,1.5826502384999805,0.44562411694845894,1079.2901174633073,0.5452795624732971,10.640388488769531,0.004868572813161127,127449.0,0.0,127187.0,0.0,0.0,0.9896117428855418,0.9000000000000004,0.8906505499424795,0.39739483085477917,-0.1807588000319793,0.004428547511621073,0.004356261357254929,-0.19355955378193634,0.25549719576248553,0.4393305439330544,1.5826502370498727,0.0,239
536,train,pact,3.0,0,0.002674001892095833,0.0006490399127375046,0.001081733144300982,0.0,0.0,0.015383814592070286,1.561611308462949,1.5619902792834837,0.06243453187883586,1017.2362369553315,0.5452795624732971,10.640388488769531,0.0020626277003289203,127687.0,0.0,127425.0,0.0,0.0,0.9900824355281048,0.9000000000000004,0.8910741743682319,0.5089426603784116,0.0050120198847617425,0.0014007288730509626,0.0019106382328630172,-0.19364100543176993,0.2725303421466512,0.401673640167364,1.5619902813628626,0.0,239
537,train,pact,3.0,0,0.48366004122113304,0.11385166312806687,0.18975276061949645,0.03575504063063586,0.0,0.014261245916531301,1.4546799462709468,1.4642672404085741,0.12653707108892906,987.8076074831655,0.5595517513268163,3.821131905252465,0.04859444818441764,127925.0,0.0,127663.0,0.0,0.0,0.9906193973130262,0.9000000000000004,0.8915574386030062,0.6554839425462634,0.5746075624710318,0.0008142704306264085,0.05060377893105815,-0.1893178884943944,0.3559749547464316,0.2719665271966527,1.4642672411238788,0.0,239
538,train,pact,3.0,0,0.000463527011177035,0.00018312203499430568,0.00030520337825703386,0.0,0.0,0.015586338580730196,1.5881101875624397,1.5994617904080506,0.5544287914012765,1252.6057749472902,0.6606265902519226,3.2559409141540527,0.029366572180014712,128163.0,0.0,127901.0,0.0,0.0,0.9908651801831553,0.9000000000000004,0.891778640667265,31.810659907442002,-33.79915182283726,0.02158209814388502,0.02614398980824955,-0.19444241057476133,0.23831567702305706,0.4435146443514644,1.599461787988321,0.0,239
539,train,pact,3.0,0,0.43151492035799666,0.0899422181564926,0.14990368913433075,0.03423354939935597,0.0,0.014211376199584501,1.496425869075823,1.5009821536151935,0.5643995952905472,962.5438538874542,0.5859572393624852,2.008611249375044,0.040882253365700276,128401.0,0.0,128139.0,0.0,0.0,0.9897564377744826,0.9000000000000004,0.8907807781107755,0.5291043319129294,0.5522585304621126,0.001865243019502876,0.04520529828781543,-0.1833352426833987,0.24226238167304667,0.40585774058577406,1.5009821546452284,0.0,239
540,eval,pact,3.0,0,0.5005976241194593,0.10371981372943642,0.17286634792554997,0.0,0.0,0.007482529389886303,0.7588006466253033,0.7231151263334761,0.6044182814813558,4008.0505363432435,0.24281395906309702,19.28195184743554,0.05240455218376475,128639.0,0.0,128377.0,0.0,0.0,0.9969321005513977,0.9000000000000004,0.8972388715424797,0.846278137993691,0.5216929321893196,0.03336109728035,0.051665835066943985,-0.09430354263587577,0.035935784444642266,0.8284518828451883,0.7231151265152581,0.0,239
541,eval,pact,3.0,0,0.0008817254575398053,0.00028492987122304863,0.0004748830949694257,0.0,0.0,0.008850403061861398,0.8073760141388642,0.8435771018890157,0.5208215036402187,57979.324087996865,0.11475358158349991,68.86762237548828,0.013511477946206366,128877.0,0.0,128615.0,0.0,0.0,0.9969547558030324,0.9000000000000004,0.8972592528395075,1.0483951146794144,-0.1860415532935069,0.012416751891578315,0.011959190071252599,-0.09510556703341866,0.00020772129736787442,0.99581589958159,0.843577103955584,0.0,239
542,eval,pact,3.0,0,0.4990500914879464,0.07276046166496515,0.12126742836892437,0.0,0.0,0.004765921571412782,0.5663410790545172,0.5363394455929681,0.7342132036905409,71060.0884299817,0.057491245126219226,64.39445334797624,0.024594418116100913,129115.0,0.0,128853.0,0.0,0.0,0.9769064547127759,0.9000000000000004,0.8792157987421028,0.8212287180822927,0.6834796232958348,0.014505550811958054,0.02653175911176404,-0.07584574516906369,0.09641235644974629,0.7782426778242678,0.5363394438404733,0.0,239
543,eval,pact,3.0,0,0.12999683991421615,0.031597377022853264,0.05266229234114397,0.003613541315789003,0.0,0.009226951802687166,0.8301894866771777,0.8613951291000493,0.42380066060122085,68354.01629306682,-0.016912852460713317,141.4773503068102,0.031068079184280964,129353.0,0.0,129091.0,0.0,0.0,0.9946000027357285,0.9000000000000004,0.8951399755278392,0.9320144324874354,0.3403671221920792,0.014645773319837947,0.027775197597727116,-0.10476922481723026,0.007448292234190926,0.9874476987447699,0.861395130639764,0.0,239
544,eval,pact,3.0,0,0.023700630373153914,0.004438451392340223,0.007397418541670095,0.0,0.0,0.007964767963785258,0.7634600575498957,0.7578185559815442,0.10268310855307654,376043.4847672594,-0.027143612053931135,161.86922422113778,0.0031854251836071954,129591.0,0.0,129329.0,0.0,0.0,0.9927062386000006,0.9000000000000004,0.8934355986666979,0.7117758637223222,0.7211732872823239,0.0019462284053588519,0.0030305686803285235,-0.08557280070689495,0.0,1.0,0.7578185561307532,0.0,239
545,eval,pact,3.0,0,0.00014589538669387058,4.333792004449815e-05,7.222986386900877e-05,0.0,0.0,0.008427276844977086,0.8123570987370223,0.8097216107855282,-0.7286437563973218,416845.8924555439,-0.09314623475074768,14.574715614318848,0.003142835237241689,129829.0,0.0,129567.0,0.0,0.0,0.9948882629557134,0.9000000000000004,0.8953994154680723,9.481986158403771,-17.681320234706327,0.002170764461151643,0.002537996009397457,-0.09297382777180957,0.0,1.0,0.8097216073152903,0.0,239
546,eval,pact,3.0,0,0.41462239765982967,0.0596631562496224,0.09943858924092044,0.0,0.0,0.00617498694237119,0.6751947017643741,0.6409522814980112,-2.029002661072497,265177.64775104605,-0.010276869734336143,20.36037824941978,0.014156599098009887,130067.0,0.0,129805.0,0.0,0.0,0.9833546769045387,0.9000000000000004,0.8850191864009681,0.8239222566010157,0.7769609890679469,0.0016248687721886917,0.01590550423231537,-0.07932541128612522,0.008397875307872638,0.895397489539749,0.6409522814802529,0.0,239
547,eval,pact,3.0,0,0.009418925725383427,0.0015078279775860583,0.0025130465035080795,0.0,0.0,0.00826046010187075,0.7855293204594855,0.7845006788375487,0.8301319554759867,239683.93331589957,0.1179670443657053,20.13735910838618,0.0075978468728512836,130305.0,0.0,130043.0,0.0,0.0,0.9941280292167823,0.9000000000000004,0.894715213127216,0.6084425303099313,0.026188993819708184,0.0062078990962174604,0.00676907315678801,-0.0897770112549412,0.0,1.0,0.7845006779380457,0.0,239
548,eval,pact,3.0,0,0.26150266818706364,0.02435004633611943,0.04058340790369314,0.011791556013677908,0.0,0.007329970521260069,0.6806930432010395,0.7083291832872015,0.0030554684274050575,87623.12864474373,0.08389788338033849,115.26471480365578,0.028698095614402303,130543.0,0.0,130281.0,0.0,0.0,0.9907135908573741,0.9000000000000004,0.8916422056353741,0.9211895728283738,-0.020298865303781888,0.007073109798356254,0.026210418025569438,-0.08638540359371132,0.005756847384195377,0.9874476987447699,0.7083291840511785,0.0,239
549,eval,pact,3.0,0,0.06036288374898542,0.014586312624293543,0.02431051986835479,0.0,0.0,0.007889397170542736,0.787053188270106,0.7559323723595511,-0.4335121059455133,165665.05779288703,0.03706084674995813,146.72374931239682,0.010143138035726596,130781.0,0.0,130519.0,0.0,0.0,0.9908908068136191,0.9000000000000004,0.8918017056696584,0.5101834540337269,0.44999955759976007,0.0020195286541994165,0.009775088253434918,-0.08532393057456684,0.0,1.0,0.7559323729652012,0.0,239
550,train,pact,3.0,0,0.3308880599050015,0.07330681548813586,0.12217801806787161,0.036705972011119255,0.0,0.015365085015112386,1.5733909631872776,1.5762169595542812,-0.631666027535548,4418.86613457971,0.18676892582280366,26.635673737675575,0.04953194979800371,131019.0,0.0,130757.0,0.0,0.0,0.9829404074776622,0.9000000000000004,0.8846463508685762,0.44980544348907514,0.47908896357679687,0.021347774835303427,0.05072505395834151,-0.191927449760244,0.23012552301255232,0.4435146443514644,1.5762169649164974,0.0,239
551,train,pact,3.0,0,0.23223904260317552,0.054289910866238154,0.09048317888308127,0.020159757037541855,0.0,0.015101505494111501,1.5676910705147429,1.5802976364371168,0.6719879330950302,1094.431227935408,0.7342828310184399,5.4013036262540135,0.043340402668942096,131257.0,0.0,130995.0,0.0,0.0,0.9914506202462328,0.9000000000000004,0.8923055295166111,1.1590293366385416,0.44854519825668415,0.023093120957304154,0.03978338698607141,-0.19462751373991735,0.2745482061782249,0.4225941422594142,1.5802976398456021,0.0,239
552,train,pact,3.0,0,0.0007224776207325224,0.00017067766390659527,0.00028446276722598633,0.0,0.0,0.0151683101527954,1.591296944408736,1.5907088540587964,0.47159910588583687,1192.998029509349,0.7184040546417236,7.665259838104248,0.0027085190185172302,131495.0,0.0,131233.0,0.0,0.0,0.9901133424068594,0.9000000000000004,0.891101986294511,0.27424424474357934,-0.1411838696839236,0.002386638266939877,0.0024385743629076286,-0.19010803254000336,0.1955250897652749,0.502092050209205,1.590708847903895,0.0,239
553,train,pact,3.0,0,0.2864649897415939,0.0662017757569332,0.11033628600804553,0.025294789023479158,0.0,0.014782102229112611,1.5330296141333162,1.5404406524103555,0.3260930185401072,888.2427981069397,0.6088244360111748,4.945243011957432,0.033521401675997174,131733.0,0.0,131471.0,0.0,0.0,0.9897720479566183,0.9000000000000004,0.8907948275989069,0.46185367954750584,0.5020313811774806,0.0010729480101118653,0.036908521235235636,-0.18306765220700172,0.17745333689426984,0.502092050209205,1.540440654161466,0.0,239
554,train,pact,3.0,0,0.48112744734638124,0.11445839180067265,0.190763976862662,0.04203119088416319,0.0,0.015426068155632732,1.5547315383556,1.5637542111604283,0.5585141377718379,1062.7989767545437,0.6235080831469851,1.1588360452751734,0.0672201495403307,131971.0,0.0,131709.0,0.0,0.0,0.9910469361927718,0.9000000000000004,0.891942229729816,0.6788436450115145,0.5855506153398726,0.09104086541467243,0.06802364779347904,-0.19481948283441888,0.285438737054512,0.4309623430962343,1.563754203972451,0.0,239
555,train,pact,3.0,0,0.12646474479892483,0.028470026228978325,0.047450041821104155,0.00475465964572699,0.0,0.015223564215737033,1.5528787491710614,1.5705263981260515,0.47639529251154494,1193.6233985294357,0.5380411048314562,2.6203902261526513,0.04863906141066589,132209.0,0.0,131947.0,0.0,0.0,0.9908176560780992,0.9000000000000004,0.8917358717160245,0.3756719376066176,0.36364343690705725,0.042792242071252096,0.04613979133995538,-0.18444763152376636,0.15561292619959052,0.5104602510460251,1.5705263908009497,0.0,239
556,train,pact,3.0,0,0.17909066453400735,0.04172282028114572,0.06953802825865983,0.01084062394736701,0.0,0.015089298604313425,1.5204435539544876,1.5223670020761848,0.3910211478067741,840.7754419558217,0.367618845752343,1.3698409631162507,0.040438378096760784,132447.0,0.0,132185.0,0.0,0.0,0.9895118100872599,0.9000000000000004,0.8905606045383788,0.4280319077834712,0.4349211681255185,0.026226948051081195,0.04042824468805326,-0.1794899284492987,0.15163654707854832,0.4811715481171548,1.5223670007947259,0.0,239
557,train,pact,3.0,0,0.0005835245887526782,0.00013613258940559835,0.00022688763637534562,0.0,0.0,0.015833037767060507,1.5772070947052546,1.5902321805016266,0.30956965466672903,988.1794507653144,0.32542526721954346,1.3338583707809448,0.027492383464529844,132685.0,0.0,132423.0,0.0,0.0,0.9906606696639599,0.9000000000000004,0.8915945872602103,0.7587897075555186,-0.3495695621474093,0.025767864330787114,0.024543075680793128,-0.19370822984215827,0.23638683640464112,0.42677824267782427,1.5902321881793515,0.0,239
558,train,pact,3.0,0,0.06536317144762423,0.016347129415000654,0.027245214339227573,0.0,0.0,0.015959580917940103,1.5850371583735094,1.5880047357232001,0.22164318866435453,1060.5067848620554,0.38750922536866145,4.760473173532526,0.021218433888983684,132923.0,0.0,132661.0,0.0,0.0,0.9908321996114244,0.9000000000000004,0.8917489558084241,0.6528375328681297,0.1476006306397868,0.009106103700860704,0.020178575727262508,-0.1919303946452085,0.23045194219413037,0.4435146443514644,1.588004731419603,0.0,239
559,train,pact,3.0,0,0.05794354536329254,0.014491942478343844,0.02415323663800911,0.0,0.0,0.01499795889731294,1.569309294971961,1.568318440824373,0.11719292428180825,1142.5094834331687,0.42736101537070015,3.808554848866483,0.018798497350224992,133161.0,0.0,132899.0,0.0,0.0,0.990089538207114,0.9000000000000004,0.8910805632878547,0.5628349728024054,0.11516647883054676,0.007342053977899714,0.017952665974723104,-0.1838805582805235,0.14638416570224635,0.5857740585774058,1.5683184385644542,0.0,239
560,train,pact,3.0,0,0.19920827428452043,0.04912839344338315,0.08188064785556824,0.02339292514024918,0.0003803727766459956,0.015366815722247422,1.5268142814416765,1.5515853149122774,0.45278916959592364,1052.2758040807237,0.38111913687389765,4.9985821980312775,0.04700530180512737,133399.0,0.0,133137.0,0.0,0.0,0.9906054443395288,0.9000000000000004,0.8915448839694387,0.7985552636895218,0.2778273960438252,0.01863574677422135,0.044491797217039324,-0.19096574607987754,0.2619068815098371,0.40585774058577406,1.5515853182115544,0.0,239
561,train,pact,3.0,0,0.5016285056306393,0.11314116602193756,0.18856859674963908,0.03974895441133108,0.0,0.015690818520566783,1.557154000553626,1.5881820660255943,0.6249080151942983,1050.8760483234996,0.5800083016540278,3.050713521167324,0.06652683864647686,133637.0,0.0,133375.0,0.0,0.0,0.9909701245100428,0.9000000000000004,0.8918730985669412,0.7738118137701566,0.4326425359294136,0.04164400060350696,0.06714704630615884,-0.18982760138954283,0.1984628623994777,0.48535564853556484,1.5881820697520856,0.0,239
562,train,pact,3.0,0,0.2864649582486312,0.06731066112257836,0.11218442653816242,0.039748954473679037,0.0,0.015203399731773712,1.5013851146817707,1.5193970031319304,0.5757046628696649,1330.5158333878137,0.5936934970412793,4.791689821366984,0.057145606753685234,133875.0,0.0,133613.0,0.0,0.0,0.9910843053123443,0.9000000000000004,0.8919758597178439,0.8076049235734156,0.3480439400536526,0.025517165499345004,0.05481193933702195,-0.18879121161853593,0.265497492507196,0.3807531380753138,1.519396997820074,0.0,239
563,train,pact,3.0,0,0.44414848793262934,0.09507397535044486,0.15845661469153494,0.042791936624499045,0.0,0.01585473890014959,1.581953623055414,1.5853830830322648,0.585663056897319,995.7447982213487,0.602660781045339,3.081535987275415,0.04169847229719707,134113.0,0.0,133851.0,0.0,0.0,0.9896269582804277,0.9000000000000004,0.8906642418027423,0.5527112902373689,0.5809391739212202,0.006074586043205972,0.046285295259367254,-0.18812626752675915,0.18211222884952072,0.4769874476987448,1.5853830987522652,0.0,239
564,train,pact,3.0,0,0.10614912902745642,0.030007954700830772,0.050013256105980355,0.0017116774949069802,0.0,0.015588299716164253,1.5553355089790153,1.5706957232004428,0.6604930693634384,1064.8460693359375,0.5157252735922028,7.848483243746737,0.036788449274905995,134351.0,0.0,134089.0,0.0,0.0,0.9914680060981208,0.9000000000000004,0.892321183591707,1.4708927668059497,0.2942894548493036,0.02120860720314323,0.03099214605047956,-0.19428758217807973,0.2903943737202885,0.34309623430962344,1.570695725410245,0.0,239
565,train,pact,3.0,0,0.24895398218523726,0.06381510382360903,0.10635850106980752,0.028908330089876342,0.0,0.015623746541129994,1.5722624819149034,1.5787644111960504,0.5299172443824832,1124.3726676398242,0.4071004918550441,6.413095809425769,0.036109496175679746,134589.0,0.0,134327.0,0.0,0.0,0.9908924145179813,0.9000000000000004,0.8918031623672741,0.42660488094678056,0.45637006056317864,0.0025239725458959584,0.038938996694771626,-0.18679690634053178,0.17878868809163478,0.5230125523012552,1.5787644020901954,0.0,239
566,train,pact,3.0,0,0.025146201497458203,0.005756599413673418,0.009594331989072119,0.0,0.0,0.01554450791165482,1.5721900450634656,1.5828747579742177,0.33268881779335535,1084.5118489923836,0.5728977513363172,1.0806526294812,0.035516962426067736,134827.0,0.0,134565.0,0.0,0.0,0.990166376075984,0.9000000000000004,0.8911497116587651,0.30719444672463425,0.2441961405434907,0.034036642913243376,0.03168322472486287,-0.18590539601373984,0.15309059616012344,0.5439330543933054,1.5828747510511707,0.0,239
567,train,pact,3.0,0,0.2364117139628913,0.0490153610308922,0.08169226344798669,0.014454165387851922,0.0,0.014427947147386967,1.53543478724348,1.5375937113702047,0.32516229576645533,858.3445334973196,0.3281715245426449,1.3381557142884162,0.029866903996198325,135065.0,0.0,134803.0,0.0,0.0,0.9895653891762929,0.9000000000000004,0.8906088314295812,0.4851313176420878,0.49499367433155506,0.008881853462757194,0.03164621036783227,-0.18594415050199153,0.22528858423098602,0.4435146443514644,1.5375937143713936,0.0,239
568,train,pact,3.0,0,0.007217877699358381,0.0016126751922292972,0.0026877919046158823,0.0,0.0,0.015908527959559004,1.5923964411144975,1.6000777146307494,0.2358155359034758,1248.3900841110421,0.5422354845571717,1.085526867391674,0.029584608492285606,135303.0,0.0,135041.0,0.0,0.0,0.991334057253275,0.9000000000000004,0.8922006280851165,0.2538834473908734,0.03946031860800925,0.027963985035827275,0.025881852084677276,-0.19268128890027475,0.22371583726520072,0.4602510460251046,1.6000777008749103,0.0,239
569,train,pact,3.0,0,0.32695747973790945,0.06724092766618399,0.11206820520257459,0.023773298290982906,0.0,0.014969536072134224,1.5264052416988996,1.5319231476743849,0.28134826335385754,1113.990855707783,0.47514651273084985,1.2966612904141637,0.036046837761444836,135541.0,0.0,135279.0,0.0,0.0,0.9899717554387687,0.9000000000000004,0.890974572512894,0.47057471624821073,0.4879242559487639,0.0034228963809120145,0.038988608871922716,-0.1851718341171184,0.2315795720941274,0.40585774058577406,1.5319231468840075,0.0,239
570,eval,pact,3.0,0,0.12646474479892483,0.022172789650756836,0.03695464753707779,0.0,0.0,0.006508622413976547,0.6452016801764276,0.6435500456947661,0.5323292702810535,3077.299236217802,0.5451982109865883,3.3636616548234946,0.02053186197318994,135779.0,0.0,135517.0,0.0,0.0,0.9941172417736452,0.9000000000000004,0.8947054973207258,0.6839039202967528,0.5779021020992621,0.015519297729548536,0.02038026033027807,-0.07494154835271002,0.03471913113148758,0.8828451882845189,0.6435500461347015,0.0,239
571,eval,pact,3.0,0,0.48813355436147227,0.04152826358879043,0.06921376894255803,0.0,0.0,0.0044402509560481215,0.535446629614012,0.4924402078574671,0.6662251036536244,12638.775165893045,0.08863609424591548,23.083448238452608,0.022923314400313415,136017.0,0.0,135755.0,0.0,0.0,0.9855168052797039,0.9000000000000004,0.886965102481044,0.5980169058956892,0.49687210639170454,0.010227205327306038,0.023436662715676564,-0.06014986269696587,0.0,1.0,0.49244020699060903,0.0,239
572,eval,pact,3.0,0,0.015004510717528821,0.00215135436143656,0.0035855905344345895,0.0,0.0,0.0075757209314851704,0.6798979181126071,0.7155662181487144,-0.3782834490472802,88618.543888108,0.11228284760374405,66.07041216894174,0.012524220827970825,136255.0,0.0,135993.0,0.0,0.0,0.9936591010213397,0.9000000000000004,0.8942931735864743,0.8436246946123922,0.7305037872375566,0.01202132739009682,0.010677328105298919,-0.08080713925014951,0.0,1.0,0.7155662156540876,0.0,239
573,eval,pact,3.0,0,0.16342433874363083,0.037680887820654076,0.06280147708555081,0.00912894632776412,0.0,0.007179776925075348,0.6426395852446057,0.6773883846265003,0.5026693382771943,79149.75851529812,0.05155770550774231,112.66211524468585,0.02733184751337511,136493.0,0.0,136231.0,0.0,0.0,0.990175475884681,0.9000000000000004,0.8911579114123868,1.095907885599712,0.4463752096684953,0.009824170309931357,0.02396339053876511,-0.0858342341268307,0.01029704145523606,0.9790794979079498,0.6773883847820792,0.0,239
574,eval,pact,3.0,0,0.48708752257839305,0.06601783687512587,0.11002972092387894,0.0,0.0,0.005727728258401436,0.582511802223437,0.5765205268829936,0.5582785628206062,39817.48965415795,0.09703315155937192,45.06206311541122,0.033169621297754505,136731.0,0.0,136469.0,0.0,0.0,0.9841200348971778,0.9000000000000004,0.8857080132143268,0.8764991381959316,0.5229261860824295,0.008981576759833843,0.030688173542866896,-0.07421441627809404,0.0022255853289415116,0.9916317991631799,0.5765205281053931,0.0,239
575,eval,pact,3.0,0,0.21150077816593815,0.042498992513847575,0.07083165245567824,0.0015214911065839823,0.0,0.006856978020463217,0.718479821871514,0.6504689867775809,0.5155762915331948,56067.75235355648,-0.03371858908541532,91.14400739151066,0.02504497083054006,136969.0,0.0,136707.0,0.0,0.0,0.9888789963023932,0.9000000000000004,0.8899910713090059,0.48652521391600023,0.4749343027326486,0.003559269056142878,0.0258181326453687,-0.08062934475624416,0.05193032434196862,0.895397489539749,0.6504689886043081,0.0,239
576,eval,pact,3.0,0,0.017240600663365867,0.0044911570016114,0.007485261282792985,0.0,0.0,0.008166388039590175,0.7079151063284614,0.7682665249792602,0.0014650633401665097,136425.59562957636,-0.07213727023187541,46.59632391510648,0.02251743350692374,137207.0,0.0,136945.0,0.0,0.0,0.9952448678814716,0.9000000000000004,0.8957203622891813,0.6997562540712284,0.6068907821998966,0.021313049182825283,0.019560845900973827,-0.08575479760964393,0.001335351197364907,0.99581589958159,0.7682665246805493,0.0,239
577,eval,pact,3.0,0,0.5003441035252276,0.06499146112064523,0.10831909578411804,0.0,0.0,0.005802426929001124,0.5923727622341411,0.5919485537327484,0.3429299960991565,51432.986033930436,0.11993288270197322,50.20036323100453,0.030042535358470977,137445.0,0.0,137183.0,0.0,0.0,0.9818703684347942,0.9000000000000004,0.8836833128869284,0.8674988735538569,0.5619662421480422,0.017793842738396244,0.02863339061174682,-0.07272376266524307,0.00014837235526276744,0.99581589958159,0.5919485520363668,0.0,239
578,eval,pact,3.0,0,0.44414846890925763,0.08012866149249143,0.13354776325764325,0.008368201023863948,0.0,0.007188854226647686,0.7043008507545024,0.6761203264840976,0.38589794384354575,57787.295093488494,0.03788638609913509,135.55948606993863,0.04408220192378535,137683.0,0.0,137421.0,0.0,0.0,0.9898952609824336,0.9000000000000004,0.8909057064535228,0.74154765930931,0.5004562297106586,0.013396781392825338,0.04167474630662867,-0.09290883857674155,0.052345766936704355,0.8870292887029289,0.6761203253908153,0.0,239
579,eval,pact,3.0,0,0.023700630373153914,0.0013612683687063672,0.0022687805289039477,0.0,0.0,0.0069387974212663135,0.6503087669985065,0.6676090626537051,0.3004468370182245,155769.06607936716,0.044412075327592414,255.56819863099932,0.008990732056213441,137921.0,0.0,137659.0,0.0,0.0,0.9847607213582953,0.9000000000000004,0.8862846273009248,0.8064076312401722,0.4564098151609277,0.008468641856476703,0.007558132189123357,-0.07635090609042552,0.0002373957684204279,0.99581589958159,0.6676090618313018,0.0,239
580,train,pact,3.0,0,0.0005835234280700004,0.00014625731151780917,0.00024376217078341553,0.0,0.0,0.015396098335464504,1.5992019111641282,1.5991130072202642,-0.4771804113708686,3471.877305034813,0.14670619368553162,10.26220417022705,0.0025578537162770343,138159.0,0.0,137897.0,0.0,0.0,0.9840204830448996,0.9000000000000004,0.8856184119709366,4.065396248108133,-4.672459216203811,0.0016323138386450514,0.0020647473497451166,-0.1953310194165131,0.24436926911777798,0.4476987447698745,1.599113020962363,0.0,239
581,train,pact,3.0,0,0.5015085087071692,0.10979925618718184,0.18299875030315432,0.03119056706149209,0.0,0.014586739407688629,1.4814686860000739,1.4944076565519038,0.496228574934926,1006.2931526216004,0.5733409909274289,2.719051375299318,0.06346626470068072,138397.0,0.0,138135.0,0.0,0.0,0.9901598265480297,0.9000000000000004,0.8911438185300787,0.7526680168220665,0.4482613743646341,0.04740563894693668,0.06410141545640126,-0.18492034580922814,0.2570996171993234,0.3305439330543933,1.4944076569131906,0.0,239
582,train,pact,3.0,0,0.08163405268523204,0.017154411289343006,0.028590684282862183,0.0,0.0,0.015031653341435863,1.5675339339667285,1.5657202603926719,0.512502613800839,973.0310592332146,0.6257488884686426,5.877756333750162,0.023237032690631015,138635.0,0.0,138373.0,0.0,0.0,0.9898582679457245,0.9000000000000004,0.8908724258634336,0.3006498395498583,0.29369651023211507,0.01436936416254012,0.02254067038022231,-0.18390119707676061,0.15128045342591767,0.5313807531380753,1.5657202594883628,0.0,239
583,train,pact,3.0,0,0.0023364956484850357,0.0006208396661955041,0.0010347327484265087,0.0,0.0,0.015276803340856376,1.6004533623052941,1.605861191220862,0.20894013900138345,1010.5679681370947,0.3310917913913727,1.5733528137207031,0.012631648453561371,138873.0,0.0,138611.0,0.0,0.0,0.9907582337387436,0.9000000000000004,0.8916823898898009,0.27543188537060537,0.014471605488718509,0.011792005880425017,0.011365009617658574,-0.19399396843187347,0.220510994391525,0.45188284518828453,1.6058611929065187,0.0,239
584,train,pact,3.0,0,0.4982182329869342,0.11123251988343426,0.18538752270446118,0.026245721027442104,0.0,0.013719668002043184,1.402399978128936,1.4080375560157967,0.4605233831073949,933.5776727269384,0.5182394021849254,1.4572905035198482,0.05059686690499757,139111.0,0.0,138849.0,0.0,0.0,0.9902834934669559,0.9000000000000004,0.8912551213507872,0.748668721790024,0.5476428613071056,0.0023961986531503498,0.05093899724623149,-0.18914082903008372,0.3882311047805572,0.28870292887029286,1.4080375529724447,0.0,239
585,train,pact,3.0,0,0.472293708546508,0.10179444440343016,0.16965739648945585,0.038798022220324274,0.0,0.015185770518282841,1.554442891765339,1.5643020212400907,0.666469617368786,1003.899346387536,0.5949655765644177,2.7966516135127972,0.055449691497833783,139349.0,0.0,139087.0,0.0,0.0,0.989556417554991,0.9000000000000004,0.8906007533791673,0.6572544126110785,0.5761663033584286,0.05142918771461529,0.057706735833357066,-0.18807531715230508,0.19300275972580788,0.497907949790795,1.5643020236527319,0.0,239
586,train,pact,3.0,0,0.4288286963842077,0.10089642937504832,0.16816070531341482,0.052681628318511295,0.0,0.01586156770797392,1.5686309564562522,1.5869366905679263,0.5943881793251596,948.318502641622,0.6992064725654394,1.1509464011531494,0.06409521971120027,139587.0,0.0,139325.0,0.0,0.0,0.9907586841403689,0.9000000000000004,0.8916827949021152,0.6015026959290866,0.5999996287369711,0.06938307434582794,0.0663690692832826,-0.18706068884207297,0.17228997893112555,0.497907949790795,1.5869366977259396,0.0,239
587,train,pact,3.0,0,0.49008514884387816,0.1122108518774854,0.18701807430073408,0.03955876802300808,0.0,0.014840205451356692,1.547750832894856,1.5782930551712484,0.624348281192979,1047.9996322567993,0.6611810745554489,1.5986791290498679,0.07214562155727187,139825.0,0.0,139563.0,0.0,0.0,0.9911688606110577,0.9000000000000004,0.8920519558954438,0.7190620920317964,0.5332461447687831,0.11066816560924053,0.07164408883983932,-0.18788874075719664,0.1981661176889522,0.4560669456066946,1.5782930486693145,0.0,239
588,train,pact,3.0,0,0.5008256455296923,0.10669103221761776,0.17781837859283425,0.03366298998499515,0.0,0.015269315370970316,1.552427006815268,1.5828369860868574,0.6629868718370733,1093.6728633098523,0.6046987086160412,2.4754631826069566,0.06610614073825181,140063.0,0.0,139801.0,0.0,0.0,0.9908396038051429,0.9000000000000004,0.8917556277877616,0.7686024013495574,0.4877723048113538,0.14412796650739276,0.06599313035903491,-0.1891022611761686,0.2035668714205169,0.4351464435146444,1.582836983607669,0.0,239
589,train,pact,3.0,0,0.18307093769721308,0.04332378654435465,0.07220630776897588,0.01122099678636096,0.0,0.016157327071767473,1.5884137831971237,1.6091875860381826,0.6201776722485052,1139.10650507077,0.5991725165973647,5.409236566292192,0.03900827102121511,140301.0,0.0,140039.0,0.0,0.0,0.9903031058890052,0.9000000000000004,0.8912727715580034,1.0143461595415173,0.3795565588808645,0.019052297765430173,0.036391737631709165,-0.1993394595008176,0.26837591619929374,0.3054393305439331,1.6091875731447522,0.0,239
590,train,pact,3.0,0,0.04666315660102996,0.010763056214920014,0.017938426718398685,0.0,0.0,0.015484619840870467,1.5995014177705453,1.6040018410363457,0.35798038660731774,1010.2031405780106,0.39081175646366684,3.7722480312052133,0.014435590367455417,140539.0,0.0,140277.0,0.0,0.0,0.990192862983528,0.9000000000000004,0.8911735532672834,0.6100102006421383,0.16699563695006336,0.006538443280352727,0.013708071980031624,-0.1957283583378922,0.24635745867829903,0.3682008368200837,1.604001833597927,0.0,239
591,train,pact,3.0,0,0.3269574497412977,0.08663713384183622,0.14439521095540475,0.043552681741355355,0.0015214911065839823,0.014548863387553637,1.4259493834802794,1.445732584059488,0.53991912688795,1267.2185290987022,0.433933196862123,5.179920625985916,0.06303270662858085,140777.0,0.0,140515.0,0.0,0.0,0.9914904638314347,0.9000000000000004,0.8923414002901341,0.9321533195587401,0.4144342161110931,0.025965775632861964,0.05929676799501086,-0.1950031875125532,0.4069853704857712,0.26778242677824265,1.4457325910251526,0.0,239
592,train,pact,3.0,0,0.42045798061068984,0.09750156326868005,0.16250259483909363,0.049828832743058146,0.0,0.015022353627660533,1.4953809173536101,1.5158215082838944,0.5943732974918318,1041.5337023874706,0.6147197220468636,4.790535273911065,0.06921282083879393,141015.0,0.0,140753.0,0.0,0.0,0.990511396689395,0.9000000000000004,0.8914602403860212,0.7180441200020243,0.4013371938296981,0.031270046554807876,0.06872837993639783,-0.18919694784572905,0.27469657853348767,0.3891213389121339,1.5158215028195494,0.0,239
593,train,pact,3.0,0,0.501946137909228,0.10337071415102461,0.1722845145524242,0.02814758503536799,0.0,0.0149973919283926,1.5280708072075784,1.542733700953767,0.6493991059738223,804.4708198323908,0.6124729626348328,2.919408030589754,0.05647065146693718,141253.0,0.0,140991.0,0.0,0.0,0.9896614436823953,0.9000000000000004,0.8906952703847048,0.7439188497689826,0.45990459206464485,0.017058679775800556,0.05802419869946199,-0.18488237295755083,0.18703819104424466,0.45188284518828453,1.5427336980235609,0.0,239
594,train,pact,3.0,0,0.4023595106228796,0.08494658782202277,0.141577638011566,0.03499429501499591,0.0,0.014815336535587345,1.4551567699619916,1.4642051585548592,0.6028182643726779,750.0041230652622,0.5868968601381429,3.8614718582340863,0.04727891421483276,141491.0,0.0,141229.0,0.0,0.0,0.9900270089444755,0.9000000000000004,0.8910242872756894,0.5789068903526292,0.5959389109753912,0.034592210949631406,0.05071487869856934,-0.1878164579886852,0.3235110834149381,0.3179916317991632,1.4642051551898017,0.0,239
595,train,pact,3.0,0,0.007910073110366154,0.0016805432039279774,0.0028009051770157187,0.0,0.0,0.014818962447142627,1.581938336085076,1.5865816710883105,0.46308236191961055,912.300978401216,0.7474200852121768,0.8296393171015145,0.035391501896765286,141729.0,0.0,141467.0,0.0,0.0,0.990226623902261,0.9000000000000004,0.8912039451519316,0.3038987270247715,0.12050612040241138,0.03419929445363527,0.031109204642946156,-0.1921745837064203,0.22522923528888097,0.4393305439330544,1.5865816647475448,0.0,239
596,train,pact,3.0,0,0.40235948536471244,0.09495960508105036,0.15826599936759467,0.04849752814949307,0.0,0.016124226388650086,1.5652152115331035,1.5987630982778063,0.5812491661085744,977.1580261485846,0.5486788776504444,4.349467032125306,0.06806501845739564,141967.0,0.0,141705.0,0.0,0.0,0.9914318550081931,0.9000000000000004,0.892288651426467,0.7491774752723599,0.40466627247180786,0.030822981137316675,0.06689655692141239,-0.19355686224073,0.241312798599365,0.4811715481171548,1.5987631013319146,0.0,239
597,train,pact,3.0,0,0.005378621699537879,0.0010305663640659583,0.0017176104988854098,0.0,0.0,0.014857409761587321,1.5704592827972508,1.570837040825369,0.4117089582287617,991.9417497323647,0.5395059779473429,7.775429388469234,0.004451252892406396,142205.0,0.0,141943.0,0.0,0.0,0.9894941568873418,0.9000000000000004,0.8905447195264585,0.21110310944922017,0.05300260966476833,0.00352149054823803,0.0040871879592719075,-0.1926432151451781,0.2527671444256506,0.4393305439330544,1.5708370291740275,0.0,239
598,train,pact,3.0,0,0.003041941807975517,0.0008616001365629486,0.001436000084939825,0.0,0.0,0.01550617291120555,1.5643219638569086,1.5650529696851594,-0.04516809137838125,967.4146325019613,0.1502714604139328,2.270150899887085,0.002522723103942112,142443.0,0.0,142181.0,0.0,0.0,0.990045873689851,0.9000000000000004,0.8910412648731695,0.2289546300656149,0.036752795746064604,0.0016786977468520356,0.0023468659177121013,-0.18942105351865704,0.21674233656785066,0.4811715481171548,1.5650529700427633,0.0,239
599,train,pact,3.0,0,0.3859785423496817,0.09227834051827402,0.15379722332861348,0.049448459529976466,0.0,0.014852341124203415,1.5083118559925128,1.5266833706879717,0.5690209855341107,1048.0457674289846,0.4188727559268506,6.569528007108297,0.06763474531198957,142681.0,0.0,142419.0,0.0,0.0,0.9911132060833057,0.9000000000000004,0.8920018603113405,0.7626192979667584,0.3952743950630133,0.02970786441446227,0.0665715646805343,-0.1922434865906535,0.3145790676281195,0.3514644351464435,1.526683374072177,0.0,239
600,eval,pact,3.0,0,0.11274785525415133,0.02272281612717828,0.03787135838921972,0.006846709792584056,0.0,0.008192759807022857,0.6606195985522729,0.6891264210934419,0.36002903091857624,3699.683423158015,0.1355928703207351,12.172773937301157,0.026340649562603385,142919.0,0.0,142657.0,0.0,0.0,0.997745732632641,0.9000000000000004,0.8979711410390782,0.6385574025412245,0.1306516160373219,0.009129887198158089,0.02521227526324548,-0.09226392566482575,0.012403928899967356,0.9790794979079498,0.6891264225812486,0.0,239
601,eval,pact,3.0,0,0.38597856810663256,0.09851259996313087,0.16418765606600366,0.0003803727766459956,0.0,0.00675354614390146,0.6939969984307948,0.6230341804576219,0.518691258949216,20740.1259765625,0.08190593568456679,18.309444475373464,0.01838979809048145,143157.0,0.0,142895.0,0.0,0.0,0.9874487894598909,0.9000000000000004,0.8887038858116422,0.7586422466956526,0.8180375753087681,0.0011257036582238095,0.024627067552485882,-0.09114580697529058,0.24549689901777494,0.6150627615062761,0.623034182365117,0.0,239
602,eval,pact,3.0,0,0.026644077069207902,0.005981235400239974,0.009968725600842217,0.0,0.0,0.007093284822704278,0.6340377717337349,0.6085523032743063,0.8108371615908635,87539.80022554916,0.07712955625579697,33.37163893248746,0.014514311216771603,143395.0,0.0,143133.0,0.0,0.0,0.9938355085740029,0.9000000000000004,0.8944519361691495,0.5260975237324585,0.5117908636834905,0.01210808508576041,0.012856406305826983,-0.07527669360035794,0.0021068874447312974,0.9916317991631799,0.6085523011333478,0.0,239
603,eval,pact,3.0,0,0.501946137909228,0.0319223698501309,0.05320394680263337,0.0,0.0,0.004938712672848706,0.4670903897185705,0.4622257683566425,0.1918908009099434,88934.41461820084,-0.03354754421721645,46.658170500559784,0.02064634184255635,143633.0,0.0,143371.0,0.0,0.0,0.9812339113471897,0.9000000000000004,0.8831104974118237,0.8253563342349808,0.4591927618589048,0.037606517784297466,0.018510305742581206,-0.06095191632986742,0.0,1.0,0.46222577024683065,0.0,239
604,eval,pact,3.0,0,0.4986505481252782,0.07756957007763178,0.12928261104230787,0.0015214911065839823,0.0,0.006343355771567221,0.5752557483677087,0.5295942480594045,-0.39161465357147374,55499.449006276154,0.04699163027516874,50.51146000898034,0.0336321893783294,143871.0,0.0,143609.0,0.0,0.0,0.986849980935392,0.9000000000000004,0.8881649648669374,0.7118668890137142,0.6129153601878424,0.019814937181460362,0.03340275147072503,-0.0764795466439119,0.02305706400783406,0.9539748953974896,0.5295942479886913,0.0,239
605,eval,pact,3.0,0,0.0008817254575398053,0.00022172542927844185,0.0003695423572889732,0.0,0.0,0.007886314988681836,0.6454530507949605,0.6899049561392812,0.4281777502914353,227133.96358525104,-0.05463552847504616,130.84329223632812,0.014592439246024921,144109.0,0.0,143847.0,0.0,0.0,0.9940013083703348,0.9000000000000004,0.894601158766567,1.9266195050972914,-1.0155028311329635,0.013206260695629421,0.012780760702283499,-0.08419198695722864,0.002670702394729814,0.9916317991631799,0.6899049537383284,0.0,239
606,eval,pact,3.0,0,0.4367288618482977,0.055576055335858424,0.09262675409114293,0.0,0.0,0.005815935996750752,0.5539327506989116,0.5306266213311311,0.27405002993184713,115483.51266671024,-0.023819902613681106,62.24260947893853,0.015705532504919777,144347.0,0.0,144085.0,0.0,0.0,0.9789468937837927,0.9000000000000004,0.8810521823092984,0.8110746543012244,0.742558885727665,0.0030296225398641955,0.016858097987062448,-0.06452469092172194,0.02587613875782664,0.9079497907949791,0.5306266229845548,0.0,239
607,eval,pact,3.0,0,0.40235948536471244,0.09725033984068432,0.16208388985150612,0.0,0.0,0.007561323683023079,0.6651462558423126,0.6753906229799262,0.8011446901943893,67198.37173117154,0.08024114669738025,153.86119828164328,0.02586334355070283,144585.0,0.0,144323.0,0.0,0.0,0.9909449050117237,0.9000000000000004,0.8918503946839017,0.9596898161018642,0.7784768715756843,0.011560300554265268,0.02632673263206891,-0.09249211306615564,0.1297664619128164,0.698744769874477,0.6753906227030301,0.0,239
608,eval,pact,3.0,0,0.00864344554228482,0.002106317715759162,0.0035105292944037393,0.0,0.0,0.007530269528657323,0.6501352881786714,0.6380792968442749,0.656810436288682,86888.0426582113,-0.06961655621436351,289.7398740377386,0.00699711685744991,144823.0,0.0,144561.0,0.0,0.0,0.9935500053805786,0.9000000000000004,0.8941949900847599,0.39387382687466005,0.3234567447359198,0.004625201025227247,0.005473660656823835,-0.07910524503322576,0.0,1.0,0.6380793006731271,0.0,239
609,eval,pact,3.0,0,0.007217873016016257,0.0016776725495820837,0.0027961208874802495,0.0,0.0,0.00792263232163742,0.6580440751179492,0.6615632657725442,0.17082741940537735,206127.04249476988,0.01123438193755045,53.23383422276964,0.0043825029020945865,145061.0,0.0,144799.0,0.0,0.0,0.9927593816274379,0.9000000000000004,0.8934834190492351,1.1565601225078077,-0.2028396788113691,0.0024409319501920925,0.0036632098073907447,-0.08656378120130899,0.0,1.0,0.6615632640563184,0.0,239
