episode,phase,arm,sigma,direct,A,load,load_frac,sat,clipped,x_std,q_cmd_abs,q_exec_abs,resid_after,reward,v_out,cr,q_loss,destroy,steps
0,train,blind,3.0,0,2.149352706407653e-05,7.114713747545329e-06,1.1857854987584273e-05,0.0,0.0,0.01609647686293185,1.6471703271985554,1.647167045700999,7.114741983740672e-06,-0.2002158200508064,0.23427994895990978,0.4686192468619247,1.647167039673008,0.0,239
1,eval,blind,3.0,0,0.0002749838577568819,5.941716867652975e-05,9.902860897093442e-05,0.0,0.0,0.016263747882004437,1.5003477201551574,1.5004609787065115,5.941714707698194e-05,-0.17817952843286092,0.14012285231015756,0.3472803347280335,1.5004609756620955,0.0,239
2,eval,blind,3.0,0,0.0017479297706943053,0.001112017329920095,0.00185336216011184,0.0,0.0,0.015545688437056343,1.4260192499749331,1.4210592098066497,0.0011120172950929172,-0.17399831494226733,0.1861182824416155,0.3054393305439331,1.4210592122821093,0.0,239
3,eval,blind,3.0,0,0.10942612930107716,0.0674620817728252,0.11243678949071653,0.08235070383698372,0.0,0.01672324774568612,1.3412054133714493,1.5474685436761528,0.06746208202653997,-0.18646450148698437,0.17018309148639427,0.6234309623430963,1.5474685509972606,0.0,239
4,eval,blind,3.0,0,0.350115003503633,0.14696876332897496,0.24494789478742415,0.26302776619729634,0.006656523591304923,0.016465530889576387,1.1561331720282344,1.5107566432474049,0.14686564512838338,-0.22752136196246484,0.5090655509065551,0.07112970711297072,1.510756641056697,0.0,239
5,eval,blind,3.0,0,0.11274785525415133,0.0691583431998955,0.11526389122966416,0.08292126312664862,0.0,0.017065814873554342,1.3682930349804867,1.570800072353754,0.06915834265492933,-0.1994566697072624,0.31493516128075016,0.2719665271966527,1.5708000677035858,0.0,239
6,eval,blind,3.0,0,0.34251428529070727,0.14273193963711048,0.23788652517892483,0.24876378744715927,0.0,0.01626964443982832,1.16366553019779,1.4894974868916069,0.14273193915814544,-0.21236778802934056,0.40289029348051875,0.16736401673640167,1.4894974807791965,0.0,239
7,eval,blind,3.0,0,0.501210307838382,0.23995616746303833,0.399926873996489,0.4218333960826427,0.0,0.01824355277692642,0.9571070240880655,1.6826715253636428,0.23995616630893143,-0.23704528099470623,0.5021217246802576,0.30962343096234307,1.682671528728169,0.0,239
8,eval,blind,3.0,0,0.37911919344205136,0.19762210282409431,0.329370113865316,0.37314568191891434,0.0,0.01977809728610341,1.132233092226244,1.8390537060204908,0.1976221021797611,-0.24937186682197676,0.5041395887118313,0.2719665271966527,1.8390537034780026,0.0,239
9,eval,blind,3.0,0,0.4392558533156307,0.23366444741761644,0.3894406719166502,0.45454545425071874,0.0,0.02048161421867407,1.0220265768811294,1.9093389052227452,0.23366444643304846,-0.2648578786839556,0.4674619424908752,0.4309623430962343,1.9093389273035635,0.0,239
10,eval,blind,3.0,0,0.48813355436147227,0.2342138139604811,0.3903562894402628,0.40509699440900254,0.0,0.01813607564620736,0.9999313526572543,1.6725076377142423,0.23421381359041188,-0.25747396056569183,0.5672571886406125,0.24686192468619247,1.6725076421311962,0.0,239
11,train,blind,3.0,0,0.16818936457814374,0.07247616596665736,0.12079359728206193,0.06565656443988835,0.005471380634440316,0.016220554575772473,1.534940093755722,1.6174667941199408,0.07235977505398397,-2.060373161126353,0.3252561071710008,0.37962962962962965,1.6174668021339131,0.009259259259259259,108
12,train,blind,3.0,0,0.1445073664815396,0.07721506318662688,0.12869175252701676,0.12400152082223773,0.023773298415678816,0.017716893552175126,1.5498035709728257,1.6717701743836184,0.07593938896734395,-0.21346568395178633,0.3147571144544348,0.3514644351464435,1.6717701647402068,0.0,239
13,train,blind,3.0,0,0.4967134153445068,0.2484262580203078,0.41404369838686056,0.4079497901714995,0.03746671843728261,0.021248512170725663,1.5675427484711844,1.9129467958186959,0.24733812410588873,-0.260045883655552,0.5321522893854418,0.2217573221757322,1.9129467936033153,0.0,239
14,train,blind,3.0,0,0.02819465429997744,0.006580198946816929,0.010966997803213216,0.0,0.0,0.01599197578713859,1.6179291364039337,1.6152604903137335,0.006580198876332992,-0.19082071421990365,0.18160776284162736,0.49372384937238495,1.6152604896238998,0.0,239
15,train,blind,3.0,0,0.13863195559707128,0.054620868071870464,0.09103477344543819,0.05017386979418374,0.001987084013516786,0.016962970375424363,1.625670725530614,1.6678544035374792,0.054577297403162556,-1.2919623993475844,0.17695616788745497,0.5027322404371585,1.6678544112143172,0.00546448087431694,183
16,train,blind,3.0,0,0.4900851427265331,0.23259136935522295,0.387652218114507,0.39083301628234496,0.0471662242417555,0.01987475757662472,1.4571825699826164,1.8010775187524293,0.23034718950044736,-0.24514809842326743,0.49123119380397046,0.2384937238493724,1.8010775229416052,0.0,239
17,train,blind,3.0,0,0.24058936510885828,0.10247462261043792,0.17079101261942428,0.15405097005257545,0.010650437746087876,0.017580131000632646,1.6215423370504978,1.7022608690680818,0.10219983710527102,-0.2063232977806002,0.24606071396777354,0.4602510460251046,1.7022608600280775,0.0,239
18,train,blind,3.0,0,0.046663172881091675,0.011048591565002227,0.018414318166095005,0.0,0.0,0.015805427401977355,1.5826576589041674,1.5757438602806635,0.011048591656758446,-0.1838823483881225,0.13540461141280155,0.5313807531380753,1.575743868950296,0.0,239
19,train,blind,3.0,0,0.09046233746581896,0.04241818149314754,0.07069696269035715,0.031190566999144135,0.0007607455532919912,0.01623976142749689,1.5890963800781441,1.6148608391753798,0.042406456146804064,-0.19736024005768618,0.2285824505178195,0.4769874476987448,1.6148608394842816,0.0,239
20,train,blind,3.0,0,0.4836600335450891,0.22896153654973314,0.38160250253686057,0.369722328861887,0.07093952247039045,0.01925874034831277,1.433899611109969,1.7232049212296139,0.22403568627382373,-0.2501436317173792,0.5119143001276003,0.2217573221757322,1.7232049198718855,0.0,239
21,train,blind,3.0,0,0.06536319171795504,0.01867297463022281,0.03112162226216432,0.0,0.0,0.015407199620670603,1.6062918068474805,1.595367732407159,0.018672974244201293,-0.18494978127532793,0.13905457135226562,0.5606694560669456,1.5953677199111211,0.0,239
22,train,blind,3.0,0,0.4918546215835647,0.2304078025828485,0.38401294577890294,0.3556485355025056,0.05287181545500975,0.019423168018132948,1.4861907886660748,1.7585273564610022,0.2275989158554401,-0.23949236269805732,0.40962639840944853,0.3514644351464435,1.7585273638840972,0.0,239
23,train,blind,3.0,0,0.17909066453400735,0.08517060341369741,0.14195098722537822,0.11430201670115962,0.01502472461516887,0.016777989183743503,1.5503141393721354,1.6344288629966799,0.08437086329805162,-0.20312734269156899,0.24327131368883353,0.4476987447698745,1.634428865597619,0.0,239
24,train,blind,3.0,0,0.05557842856955229,0.01663328304571547,0.027722136880671527,0.0017116774949069802,0.0001901863883229978,0.01619904427535863,1.6233235335749063,1.6178628039160532,0.01663173164038446,-0.19834237402312024,0.2597109706519481,0.40585774058577406,1.617862805675318,0.0,239
25,train,blind,3.0,0,0.4955261374568512,0.22254218205139353,0.37090358157087144,0.3400532522834993,0.023963484866349766,0.019783729891912332,1.5781551706741046,1.7972287762613974,0.22187387096799963,-0.2372773157225549,0.4419715718567317,0.2803347280334728,1.7972287800137206,0.0,239
26,train,blind,3.0,0,0.12484636627444633,0.04500986394988973,0.07501643094158239,0.03809040135511473,0.0012696800784691752,0.01609583894134234,1.568783001526774,1.6003175208022475,0.04498499014331763,-1.3094732829975455,0.19307421054716906,0.5139664804469274,1.6003175201398006,0.00558659217877095,179
27,train,blind,3.0,0,0.350115003503633,0.1440936226927345,0.24015600282443633,0.2293647777710001,0.013693419896907887,0.017737827748917512,1.605630670631281,1.728284646527039,0.14380072796216553,-0.21731268013220384,0.34039585744384115,0.4309623430962343,1.7282846402032515,0.0,239
28,train,blind,3.0,0,0.5020268857079679,0.22837683032896364,0.38062799613510995,0.3366298965455099,0.016546215784100808,0.019619903747366437,1.5865668931266752,1.7746290003405456,0.22805245857488593,-0.24008245912345624,0.492922638653966,0.2217573221757322,1.774628999340124,0.0,239
29,train,blind,3.0,0,0.17909066453400735,0.08014533041594815,0.13357553206604195,0.11601369326084728,0.008748573862857899,0.017173406241313558,1.6053476029360145,1.678240752120397,0.07998605908193046,-0.1994347220894937,0.19134098934686491,0.5271966527196653,1.6782407597088378,0.0,239
30,eval,blind,3.0,0,0.31501783161268476,0.13892167794773774,0.231536102696299,0.17915557337355914,0.0,0.01383297977565737,1.1234600226001261,1.3002982932029907,0.1389216779979997,-0.17243247733413802,0.27238196979138846,0.602510460251046,1.3002982935688299,0.0,239
31,eval,blind,3.0,0,0.5020820002191994,0.2007545000368086,0.3345907925439742,0.22365918711887742,0.0,0.01263119021594275,1.0946922137647492,1.1878696850278887,0.20075449841898874,-0.16413159646608594,0.34345232796225406,0.5481171548117155,1.1878696919423166,0.0,239
32,eval,blind,3.0,0,0.48813355436147227,0.2018627722867388,0.3364379123066626,0.24686192424975678,0.0,0.013437648198594608,1.0995059433591914,1.2581055393154152,0.20186277203615968,-0.18231339039917566,0.35745867829905936,0.40585774058577406,1.2581055361912836,0.0,239
33,eval,blind,3.0,0,0.02230692015294469,0.00870586699584161,0.014509777564964079,0.0,0.0,0.011905547973766112,1.1630540700886538,1.1245016673868171,0.00870586702357549,-0.13623766101684578,0.1109528472654975,0.7531380753138075,1.1245016719186163,0.0,239
34,eval,blind,3.0,0,0.4918546215835647,0.20478919168589485,0.3413152731576336,0.2565614293060542,0.0,0.013566636201773603,1.0862654900201694,1.262222776228414,0.20478918961523038,-0.19563771747998338,0.4683521766224519,0.33472803347280333,1.2622227731821922,0.0,239
35,eval,blind,3.0,0,0.24058936510885828,0.08766781580773236,0.1461130098098057,0.08672499095545654,0.0,0.011924297775816032,1.1507001459349149,1.1262664707011258,0.08766781507666607,-0.1383229014039394,0.10391999762604233,0.8493723849372385,1.126266472153715,0.0,239
36,eval,blind,3.0,0,0.5020268857079679,0.20650024065061298,0.34416702529786897,0.2324077604829517,0.0,0.01318703899861442,1.1282758973383005,1.2316561320710881,0.2065002388151233,-0.171214871867123,0.2825899878334669,0.5899581589958159,1.2316561377459196,0.0,239
37,eval,blind,3.0,0,0.00014589585375555142,7.348430210117554e-05,0.00012247381744288671,0.0,0.0,0.012048240926381683,1.143235908392583,1.142908814063132,7.348426505163406e-05,-0.1319156168989157,0.002670702394729814,0.9916317991631799,1.1429088124760347,0.0,239
38,eval,blind,3.0,0,0.07057711293792525,0.01920157130325416,0.03200261703653166,0.0,0.0,0.011160983084447714,1.1421191400563866,1.0594095134460777,0.019201571427097653,-0.11925672877981508,0.0,1.0,1.0594095136355945,0.0,239
39,eval,blind,3.0,0,0.0002036993206716357,0.00010249234941640916,0.0001708205786770381,0.0,0.0,0.012145114947640373,1.1495725698301482,1.149116500027509,0.000102492373771079,-0.131437600833981,0.0027003768657823677,0.9874476987447699,1.1491165028597226,0.0,239
40,train,blind,3.0,0,0.47694583179846367,0.20329878930351697,0.338831267670814,0.3077215669544172,0.023583112152051725,0.018586510299436095,1.560677024609873,1.7105874905526388,0.20255443620682176,-0.22871097642087912,0.46140835039615424,0.25523012552301255,1.7105874897716071,0.0,239
41,train,blind,3.0,0,0.38597856810663256,0.17390734634128235,0.28984552815187065,0.2993533671151644,0.04012932768676072,0.019017420804603453,1.5109305561337012,1.7214329579385255,0.1721004564745245,-0.2256311753943114,0.31766521261758507,0.40585774058577406,1.721432946853697,0.0,239
42,train,blind,3.0,0,0.5013695556751894,0.21013881315663627,0.35023130155114895,0.3168505135315732,0.0384176503788976,0.019102756080128035,1.5144912842427338,1.7255180739957419,0.20853117512803035,-0.2305447390762484,0.4233656785067806,0.28451882845188287,1.7255180655886702,0.0,239
43,train,blind,3.0,0,0.25767435468151234,0.11469284195798536,0.19115470975317295,0.1645454542338848,0.008863636627793312,0.016930226031690837,1.5796342647075654,1.6927471446990967,0.11451107244782179,-1.2151741102299987,0.28546099290780147,0.455,1.692747144712936,0.005,200
44,train,blind,3.0,0,0.025146201497458203,0.007498281309076694,0.012497134909300336,0.0,0.0,0.015503655789833063,1.5999459886151877,1.591188200348092,0.007498281262924594,-0.186593758308033,0.16733434226534913,0.5146443514644351,1.5911881947893207,0.0,239
45,train,blind,3.0,0,0.4955261374568512,0.22697135106333677,0.37828552768055546,0.36801065005767297,0.04830734257169349,0.018911392291594747,1.49656251334745,1.7474678143796563,0.22438072289128191,-0.23750811386965476,0.41235644974628344,0.3263598326359833,1.7474678084599942,0.0,239
46,train,blind,3.0,0,0.05101152724064263,0.015334272386007416,0.02555711902242064,0.0024724230481989714,0.0001901863883229978,0.015551242203876438,1.5964114025048133,1.6030464401803755,0.01533221325514498,-0.19031765177727064,0.18617763138372062,0.4560669456066946,1.6030464411971872,0.0,239
47,train,blind,3.0,0,0.15957777750304272,0.07136595742065834,0.1189432455338567,0.10384176459521928,0.004374286931428949,0.01753279609823888,1.6065793139665197,1.6665656903298829,0.07127610672051335,-0.20043532046495802,0.2016083563310484,0.5188284518828452,1.6665656930804846,0.0,239
48,train,blind,3.0,0,0.15197705929011698,0.06415512660829663,0.10692519707425992,0.0812095858187855,0.003613541378136958,0.017134637018533183,1.5811475083917754,1.6350317175917046,0.06407229540183766,-0.19999580196722536,0.24202498590462626,0.4100418410041841,1.6350317128506484,0.0,239
49,train,blind,3.0,0,0.48708752257839305,0.22328241897978474,0.3721373044965243,0.3565994675688165,0.06295169416082454,0.018601342735648403,1.4243278044537022,1.6777091268216218,0.21927142303851055,-0.2432279041901964,0.4932490578355442,0.20502092050209206,1.677709130215201,0.0,239
50,train,blind,3.0,0,0.02979833591694332,0.008539784381674931,0.014232973481180067,0.0,0.0,0.01600003790180491,1.608839252503846,1.6025922612665089,0.008539784473240879,-0.1884774305389914,0.17522775156532835,0.48535564853556484,1.6025922512960062,0.0,239
51,train,blind,3.0,0,0.04457112279658256,0.011725691489575267,0.019542817675063356,0.0,0.0,0.016002793488517467,1.5948256523539333,1.5863449999976857,0.011725691313795437,-0.18384045061699347,0.1402415501943678,0.5481171548117155,1.586345001044147,0.0,239
52,train,blind,3.0,0,0.001494409176462552,0.0006174731544096819,0.001029121892159721,0.0,0.0,0.015578305475398213,1.6020643132501067,1.6009530437541308,0.0006174730475459571,-0.18546900148546258,0.13050832368913023,0.5648535564853556,1.6009530461451351,0.0,239
53,train,blind,3.0,0,0.14082450920353773,0.06274594758573486,0.10457656770220744,0.06789653876087157,0.003613541378136958,0.017078590626091888,1.6014943362279916,1.6352864207084208,0.06265140522189076,-0.20243796530338987,0.27896970236505536,0.3723849372384937,1.6352864274554817,0.0,239
54,train,blind,3.0,0,0.04457110651652085,0.012524303000322427,0.02087383749382741,0.0,0.0,0.016313712373687634,1.607119279177119,1.6027797505446557,0.012524303071468505,-0.19024001272205962,0.18926377637318614,0.5062761506276151,1.6027797511585824,0.0,239
55,train,blind,3.0,0,0.39917434158470244,0.17903000277670555,0.29838329171963407,0.28851274241962194,0.026245721588573696,0.018250187769313985,1.552190952470612,1.7334944309051066,0.17813981592159078,-0.2300686373883436,0.38621324074898367,0.37656903765690375,1.7334944249596274,0.0,239
56,train,blind,3.0,0,0.44797509863409074,0.18055987772867343,0.30093308468608465,0.27077643400609747,0.02145922804339249,0.018143006961177155,1.6189265601624747,1.720711661894434,0.179909762494339,-1.0772259505413446,0.3331507016102031,0.3905579399141631,1.7207116672367773,0.004291845493562232,233
57,train,blind,3.0,0,0.4797851131429772,0.21229979167212576,0.35383293458840726,0.33130467879472913,0.033853177121493605,0.019238029176049776,1.5295207645105018,1.740136023844635,0.21115942865703402,-0.23291664886807498,0.44054719724620917,0.33472803347280333,1.740136026304894,0.0,239
58,train,blind,3.0,0,0.0038738003089876893,0.0008680194454480967,0.001446699020482023,0.0,0.0,0.01575680061099295,1.626801438910193,1.6262238235154411,0.0008680193889452628,-0.19523566765835526,0.23018487195465737,0.4895397489539749,1.6262238268018578,0.0,239
59,train,blind,3.0,0,0.09046236122763525,0.03196872022035449,0.0532811960846816,0.013883605973491111,0.0003803727766459956,0.01630636635450763,1.6135734389516598,1.6094921989420967,0.03195657527961215,-0.187008842661133,0.14516751238909165,0.5815899581589958,1.6094922058767465,0.0,239
60,eval,blind,3.0,0,0.4595582126649525,0.18050294851535487,0.3008382090707246,0.19646253333929692,0.0,0.01356765153919148,1.2497850676460744,1.2701410631879104,0.1805029489207079,-0.1666217922885117,0.32739843912282257,0.5857740585774058,1.2701410603683423,0.0,239
61,eval,blind,3.0,0,0.022306911853421187,0.008164737872800315,0.013607895977112707,0.0,0.0,0.013456521052126792,1.300516705009229,1.2688162642916876,0.008164737996156718,-0.14665332739633016,0.052672186118282435,0.8786610878661087,1.2688162598369424,0.0,239
62,eval,blind,3.0,0,0.018431992074788867,0.006700259974784321,0.011167099790890686,0.0,0.0,0.013644255797094256,1.3061147377081994,1.2779520614127236,0.006700260138873909,-0.14405658764112092,0.001335351197364907,0.99581589958159,1.277952055504965,0.0,239
63,eval,blind,3.0,0,0.10614912902745642,0.048161749979668635,0.08026957563448514,0.0376569040150822,0.0,0.013476067916275817,1.2917084086639612,1.264391442285422,0.04816175002792132,-0.14667146526156818,0.052316092465651796,0.9205020920502092,1.2643914409366661,0.0,239
64,eval,blind,3.0,0,0.31501786260686376,0.11957597993656449,0.19929327445805403,0.15252947938242717,0.0022822366598759733,0.013506304866256326,1.2176547741291412,1.2646094127304883,0.11952390245905499,-0.17552378365642196,0.2092346953915546,0.1799163179916318,1.2646094038598488,0.0,239
65,eval,blind,3.0,0,0.0010625911311165598,0.0003594135416286343,0.0005990225250860014,0.0,0.0,0.013871299219804827,1.3052440543803212,1.304019663997275,0.0003594135100284502,-0.14921076385029397,0.0037093088815691863,0.9456066945606695,1.304019661662538,0.0,239
66,eval,blind,3.0,0,0.4689258159280493,0.18331976432803698,0.3055329042385531,0.1966527197276199,0.0,0.013384217145038324,1.2372408873366512,1.2577887856436574,0.18331976469841063,-0.16908941732729849,0.3077242648149797,0.5397489539748954,1.2577887844971822,0.0,239
67,eval,blind,3.0,0,0.025146201497458203,0.010392671098864917,0.01732111782819241,0.0,0.0,0.013426544294774408,1.3080350610750988,1.2618479074045206,0.010392671187668132,-0.15134381830594307,0.044600729991987886,0.5439330543933054,1.2618479009829173,0.0,239
68,eval,blind,3.0,0,0.47063660832414467,0.1918083310955804,0.319680510897072,0.2189045264132352,0.0,0.013973824510830124,1.2340562216407585,1.3131825297946211,0.19180833258983074,-0.17056746279710935,0.3756491290542746,0.5188284518828452,1.3131825347996746,0.0,239
69,eval,blind,3.0,0,0.47839141184577105,0.18611136389420505,0.3101855708058085,0.19589197417432794,0.0,0.013269062113079192,1.2420079105818123,1.2426548036571328,0.18611136347691823,-0.1623703692111997,0.27698151280453426,0.5732217573221757,1.2426548036649114,0.0,239
70,train,blind,3.0,0,0.0,0.0,0.0,0.0,0.0,0.01614550795117744,1.6077515223535035,1.6077515223535035,0.0,-0.18928599746311658,0.15970800320484285,0.5271966527196653,1.60775151680078,0.0,239
71,train,blind,3.0,0,0.5000000228484471,0.17173974553330076,0.2862328809582525,0.15858585867616865,0.0050505052010218305,0.01804163699141807,1.5922411335839166,1.6747042430771721,0.17166293600781096,-4.660924352843807,0.40330969267139477,0.24444444444444444,1.6747042640987433,0.022222222222222223,45
72,train,blind,3.0,0,0.03862336533101252,0.013770134980370443,0.022950224156862136,0.0,0.0,0.015968606992387,1.629426731225337,1.6223602888474404,0.013770134541194858,-0.18785637746118355,0.1350188432891184,0.5271966527196653,1.622360275824255,0.0,239
73,train,blind,3.0,0,0.04055127557113798,0.010904658311340134,0.01817442959903449,0.0,0.0,0.016149021402609272,1.6246842300542728,1.6210324380188308,0.010904658234105387,-0.1894615316327018,0.15638446244695686,0.47280334728033474,1.6210324361852473,0.0,239
74,train,blind,3.0,0,0.14082450920353773,0.057414613588688816,0.09569101113887593,0.06846709730236102,0.007987828309565907,0.016603996482323153,1.5853058817995143,1.6310217046338644,0.05718526581682705,-0.20014012703002979,0.25828659604142556,0.401673640167364,1.6310217050798403,0.0,239
75,train,blind,3.0,0,0.22391449630794566,0.09896253081807958,0.1649375263562026,0.14549258326386807,0.012362115240994856,0.01791323964176193,1.5933984562941674,1.6842121319790764,0.0986569035651818,-0.21263886119567185,0.33582598890174786,0.3723849372384937,1.6842121314413947,0.0,239
76,train,blind,3.0,0,0.41756536128392996,0.18737247437440227,0.31228740888666734,0.30886268491026747,0.031380753948598725,0.019511232016195063,1.5747066242425511,1.746964904054937,0.1863081891826224,-0.22527402705027774,0.3558562568622215,0.3598326359832636,1.746964909832881,0.0,239
77,train,blind,3.0,0,0.09973252267304225,0.03925631876071173,0.06542719236528519,0.025294789210523024,0.0017116774949069802,0.01553177348022431,1.561650815369195,1.5628570500278074,0.03921671768609588,-0.19355994037929328,0.26315320929404434,0.39330543933054396,1.5628570600610623,0.0,239
78,train,blind,3.0,0,0.34633041948240073,0.1514019840608522,0.25233660363855237,0.22784328591624065,0.013313047182609845,0.018687151483490004,1.6243677154245735,1.7440081784914727,0.15113346351399626,-0.23041201710620732,0.42903350247781835,0.2803347280334728,1.744008183553914,0.0,239
79,train,blind,3.0,0,0.35386675944174084,0.1569334722450271,0.26155574706350904,0.2504754659396335,0.019969570711566815,0.018838347432643923,1.6111779237890842,1.7632521478202055,0.1563636022967566,-0.229028127763015,0.41309831152259713,0.29707112970711297,1.7632521425127021,0.0,239
80,train,blind,3.0,0,0.0760018663305159,0.02268896678184494,0.03781494178634359,0.005895778038012931,0.0005705591649689933,0.01583044140923098,1.5611077529615938,1.5602993730720616,0.02266267944821673,-0.19442978441682052,0.2842220837413573,0.37656903765690375,1.5602993722388707,0.0,239
81,train,blind,3.0,0,0.24895398218523726,0.10034801148478026,0.16724666157958637,0.15024724234846346,0.009128946639503893,0.017305288067336923,1.5999231590386713,1.689386507706662,0.10016086820213325,-0.2105251839582002,0.2534199827888068,0.4895397489539749,1.6893865109195432,0.0,239
82,train,blind,3.0,0,0.033166217367872536,0.00881667647004616,0.014694460435447997,0.0,0.0,0.015517642177937545,1.5848057080512266,1.5797775592265269,0.008816676551908294,-0.18504735578884263,0.14703700406540252,0.5230125523012552,1.5797775576923687,0.0,239
83,train,blind,3.0,0,0.007217877699358381,0.0022447471980957283,0.00374124505101444,0.0,0.0,0.016079887815957664,1.626313274874348,1.623402154844675,0.002244747153404909,-0.1907471826163273,0.15834297753642543,0.45188284518828453,1.623402152213052,0.0,239
84,train,blind,3.0,0,0.0020282095075691135,0.0008271066801940095,0.0013785110532659765,0.0,0.0,0.016152877477484767,1.6182698190960425,1.6168371573651685,0.000827106622336447,-0.1889735776811458,0.16080595863378735,0.48535564853556484,1.616837149617874,0.0,239
85,train,blind,3.0,0,0.03862335179426082,0.009978124083847061,0.016630205664989572,0.0,0.0,0.015592029633849983,1.6159929570792608,1.6060334656029067,0.009978124175443451,-0.18852247180658724,0.15730437104958603,0.5606694560669456,1.606033459313348,0.0,239
86,train,blind,3.0,0,0.24895395069227458,0.10324612022393838,0.17207684434594955,0.14054773710512217,0.011791556076025863,0.016761210343749826,1.571759133159366,1.643038031695777,0.10284059969856126,-0.20710022201714917,0.28490459657556605,0.4351464435146444,1.643038026412127,0.0,239
87,train,blind,3.0,0,0.15197702979228886,0.06699022221277362,0.11165035742104992,0.08672499033197698,0.006466337202981925,0.01719480651824357,1.5851617934314777,1.6367516869281624,0.0667969717459029,-0.19881258575905417,0.21083711682839257,0.49372384937238495,1.6367516781093223,0.0,239
88,train,blind,3.0,0,0.012959528787482421,0.003949023298701226,0.006581705250412228,0.0,0.0,0.016116210497198743,1.5967457012651356,1.5911611415851066,0.003949023330636288,-0.1834862267335784,0.11851983738389864,0.5564853556485355,1.5911611347559995,0.0,239
89,train,blind,3.0,0,0.0014944071429085072,0.0005037434739240924,0.0008395724268883436,0.0,0.0,0.016046802735415963,1.6169408674519432,1.6166723238374399,0.0005037434268891363,-0.18735549519887174,0.12519659337072317,0.5313807531380753,1.6166723370494998,0.0,239
90,eval,blind,3.0,0,0.0008817254575398053,0.0004308354956154891,0.0007180591112891188,0.0,0.0,0.012163792493281629,1.148455118783847,1.1465400210484302,0.0004308354632846649,-0.13105711456417185,0.0,1.0,1.1465400203260163,0.0,239
91,eval,blind,3.0,0,0.06036286422683006,0.019255887536601374,0.03209314490113189,0.0,0.0,0.011425803395019354,1.1648597490338601,1.0838613274456568,0.019255887646623594,-0.12451222028365848,0.012196207602599485,0.9790794979079498,1.0838613233245369,0.0,239
92,eval,blind,3.0,0,0.21150074667297547,0.08942667236071855,0.1490444342234848,0.0947128187662388,0.0,0.012389607117686685,1.1638039869244627,1.1725369070239646,0.0894266724328997,-0.14237738754167323,0.1690257871153447,0.7824267782426778,1.1725369094092992,0.0,239
93,eval,blind,3.0,0,0.004340025042008344,0.0020080253807730412,0.003346708816489318,0.0,0.0,0.012119946876642095,1.1551704496519337,1.146242750987847,0.002008025385643975,-0.13118593118641805,0.0012760022552597999,0.9665271966527197,1.1462427514918927,0.0,239
94,eval,blind,3.0,0,0.41162967206828666,0.17078360305200005,0.284639305590443,0.2095853939465399,0.0,0.01346424121651253,1.1358176654352803,1.2561599985700271,0.170783602741752,-0.1666345141658421,0.2932134484702811,0.5815899581589958,1.2561599994949224,0.0,239
95,eval,blind,3.0,0,0.31902109559870884,0.11564825537451226,0.1927470712387076,0.1215290989586499,0.0,0.012030634289669754,1.1661117396095309,1.131749526975544,0.11564825487405424,-0.14075455980030488,0.17528710050743343,0.7824267782426778,1.1317495299716716,0.0,239
96,eval,blind,3.0,0,0.48485143263255603,0.1931682739278475,0.3219470864896873,0.21186763110519952,0.0,0.01288283994094036,1.1383249517764007,1.2102570336109424,0.19316827263668468,-0.17921354584847235,0.42063562716994574,0.34309623430962344,1.2102570324096522,0.0,239
97,eval,blind,3.0,0,0.5020268857079679,0.2080349042698038,0.3467247974691707,0.2504754655655458,0.0,0.01299955261867322,1.1032138806007896,1.2259454082494998,0.2080349034332818,-0.19198629349086208,0.4650286358645657,0.2803347280334728,1.2259454034560344,0.0,239
98,eval,blind,3.0,0,0.02819465429997744,0.009933187713278857,0.016555312015401166,0.0,0.0,0.011750476212712262,1.1590001964668848,1.115329475831786,0.009933187370091115,-0.12290323751980246,0.0,1.0,1.115329477838988,0.0,239
99,eval,blind,3.0,0,0.4891325045084395,0.20008089858618475,0.3334681221917072,0.24743248335237783,0.0,0.01304930352087612,1.081286475498806,1.2329821715045675,0.20008089738008059,-0.19811962023122684,0.523368645953886,0.17573221757322174,1.232982166025389,0.0,239
100,train,blind,3.0,0,0.32300136876191454,0.13276370396487966,0.22127280877296215,0.19437048294304804,0.007417269144596914,0.0180535562118227,1.5873836378672133,1.6720803666813104,0.13262229059618294,-0.2178371857218378,0.41725273746995456,0.24267782426778242,1.6720803775848951,0.0,239
101,train,blind,3.0,0,0.2988020511427855,0.11949220382882829,0.19915364434981328,0.17763408189288743,0.008178014697888905,0.017771205718718687,1.5998037138244596,1.6795607254096154,0.11931824495729251,-0.20997368056447677,0.2776343511676905,0.39748953974895396,1.6795607238777714,0.0,239
102,train,blind,3.0,0,0.17513455355801244,0.0769327944101986,0.12822130690991224,0.09889691949638861,0.009128946639503893,0.017333192088364556,1.5922634863454428,1.6436781309638562,0.0766372315512671,-0.20383027646851185,0.2624113475177305,0.4393305439330544,1.6436781345135854,0.0,239
103,train,blind,3.0,0,0.3028837280172224,0.13097769536443785,0.21829612448126678,0.2014073798097826,0.01122099691105687,0.018221131064169203,1.6070183637750697,1.6992402266258975,0.13074947467680717,-0.22135549682602262,0.3912579008279177,0.2719665271966527,1.6992402188044342,0.0,239
104,train,blind,3.0,0,0.029798324749413897,0.010160918372257507,0.016934863264616688,0.0,0.0,0.015899363938313774,1.6073258915705662,1.6058406086646364,0.010160918193829107,-0.18861964590631014,0.1535060387548592,0.5439330543933054,1.6058405935209092,0.0,239
105,train,blind,3.0,0,0.5016285062847449,0.21106862090153558,0.35178098501558425,0.3155192088133122,0.0173069613373928,0.019262473950372953,1.5834056912106949,1.7656359567801823,0.2107439147428933,-0.2341452621236989,0.440220778064631,0.2510460251046025,1.765635964850795,0.0,239
106,train,blind,3.0,0,0.1161134909462402,0.04927327086664732,0.08212210722089838,0.05819703270700686,0.007417269144596914,0.016448577776333028,1.5872298409250492,1.6261563834784918,0.04894738307863678,-0.194789475295133,0.17688952194427135,0.4895397489539749,1.626156394107648,0.0,239
107,train,blind,3.0,0,0.003041941807975517,0.0011244464855343756,0.001874077364944957,0.0,0.0,0.015702256950390014,1.59918519293414,1.5975992370350092,0.0011244464851233905,-0.18577561079988766,0.13386153891806876,0.5146443514644351,1.5975992409347108,0.0,239
108,train,blind,3.0,0,0.053267700141298224,0.01819167191594514,0.030319451740100225,0.004374286931428949,0.0001901863883229978,0.016033883933289656,1.59203516040387,1.5867394178981062,0.018190449793285067,-0.19819031122186068,0.2815513813466275,0.3723849372384937,1.5867394150620537,0.0,239
109,train,blind,3.0,0,0.48241889700017115,0.21617325873491788,0.3602887092747094,0.3385317613016113,0.04089007330240066,0.01881428569298097,1.4869753341794514,1.7128759994167664,0.2143877385317267,-0.2318528268806237,0.3867770556989822,0.34309623430962344,1.712876003345978,0.0,239
110,train,blind,3.0,0,0.002674004892043177,0.0009344650514542698,0.0015574416719265254,0.0,0.0,0.016254005293170903,1.6384748083278224,1.6370582194009087,0.0009344651152863373,-0.18803675011393184,0.11549304133653818,0.5815899581589958,1.637058225722628,0.0,239
111,train,blind,3.0,0,0.0760018663305159,0.027817000789635657,0.046361665196348906,0.009699505742124933,0.0005705591649689933,0.016098363751693625,1.595705179489806,1.593989501687772,0.027802858089287296,-0.18940120710195513,0.18686014421792932,0.4895397489539749,1.5939894997921082,0.0,239
112,train,blind,3.0,0,0.41462237339922975,0.1870827361465569,0.31180451055523495,0.31361734592764945,0.017687334114038795,0.019632700478042393,1.5940842117225775,1.7791074669011966,0.18667615970495857,-0.23621745615639725,0.47953945220926447,0.2301255230125523,1.7791074668013107,0.0,239
113,train,blind,3.0,0,0.33479187858415665,0.14285254117350946,0.2380875333807453,0.23202738751926183,0.013883606347578839,0.018221405543246652,1.618352203937754,1.7497620141157046,0.1425769168965272,-0.2188649573306584,0.3100388735570788,0.41422594142259417,1.7497620120317354,0.0,239
114,train,blind,3.0,0,0.3756273159996906,0.17070274704460586,0.2845045343282775,0.28642069121284963,0.031190567497927774,0.018701913259985808,1.5476582671309116,1.7484060635626566,0.1693369663515106,-0.22287213654374527,0.3033324430992017,0.42677824267782427,1.7484060747447632,0.0,239
115,train,blind,3.0,0,0.02096458594954064,0.005398203847880151,0.00899700598855051,0.0,0.0,0.015517805021053578,1.5961801327422074,1.5918328198428933,0.005398203895737078,-0.1873263853283955,0.16593964212587908,0.5439330543933054,1.5918328138561515,0.0,239
116,train,blind,3.0,0,0.07057711293792525,0.027480896747265927,0.045801491629367676,0.007987828122522043,0.0007607455532919912,0.01599215376716902,1.6183122017393552,1.6216858944633517,0.02747403822697653,-0.19662449577867833,0.22549630552835392,0.4309623430962343,1.6216858972083374,0.0,239
117,train,blind,3.0,0,0.06283616020874398,0.01815683043499741,0.03026138226450864,0.002472422861155107,0.0,0.015057666024590636,1.581560981822313,1.5640899075125052,0.01815682998427619,-0.19128983811998426,0.2550817531677498,0.39330543933054396,1.5640899163689486,0.0,239
118,train,blind,3.0,0,0.05101152724064263,0.017054522176138974,0.028424201960927247,0.0015214911065839823,0.0,0.016064802289913138,1.6372447437821074,1.6257624272023286,0.017054521913412973,-0.18938141459949645,0.15314994510222854,0.5271966527196653,1.6257624191649485,0.0,239
119,train,blind,3.0,0,0.14082453795319042,0.06166330427836766,0.10277216440712338,0.06865728456355538,0.006466337202981925,0.016443358705024464,1.6096781133109057,1.6192320617671792,0.06147633353805352,-0.19037466715863272,0.16463396539956676,0.5523012552301255,1.6192320684841568,0.0,239
120,eval,blind,3.0,0,0.17120400338753217,0.05733256813121188,0.09555427092265106,0.04069988585416243,0.0,0.010710910417599346,1.0876027567616067,1.0059425370089679,0.057332568016349165,-0.11542742141849385,0.0596456868156325,0.9246861924686193,1.0059425386807734,0.0,239
121,eval,blind,3.0,0,0.4595581971330663,0.20021943510183066,0.3336990139279471,0.2603651581324294,0.0,0.01353157937203273,1.0181720763070812,1.2669910971839058,0.20021943493527516,-0.17650201875475655,0.3783791803911096,0.5104602510460251,1.2669910993693907,0.0,239
122,eval,blind,3.0,0,0.1712039733909204,0.07486496956217825,0.12477493579113402,0.07474324855345563,0.0,0.011665636400797376,1.0588151094304967,1.0956843939286396,0.07486496911849705,-0.1362042807561296,0.11246624528917773,0.8284518828451883,1.0956843940210796,0.0,239
123,eval,blind,3.0,0,0.27817753698797626,0.10316156793708321,0.17193592508538055,0.12000760797676183,0.0,0.011600252598422778,1.0696451055454907,1.0877333393780257,0.10316156772699375,-0.13407142529570001,0.09246565179975666,0.8870292887029289,1.087733333149483,0.0,239
124,eval,blind,3.0,0,0.21150074667297547,0.09439512664965713,0.1573251914407714,0.10593381542790385,0.0,0.012123047612864665,1.0590201626262905,1.1379010718487297,0.09439512653649924,-0.14476717205675624,0.17427816849164665,0.7573221757322176,1.1379010716064792,0.0,239
125,eval,blind,3.0,0,0.02819466484402731,0.010007968541191136,0.016679947110510112,0.0,0.0,0.011074521902278377,1.0840228212428393,1.0395634521001553,0.010007968620374258,-0.11695432101473094,0.001335351197364907,0.99581589958159,1.039563459185516,0.0,239
126,eval,blind,3.0,0,0.4754479658978925,0.19892763602142452,0.33154601417421015,0.26930391751073895,0.0,0.013154421083991528,1.0159331333188333,1.2336436993906188,0.1989276351663625,-0.1763759864217692,0.3723552627674412,0.4225941422594142,1.2336437036372772,0.0,239
127,eval,blind,3.0,0,0.00014589585375555142,6.802058715989938e-05,0.0001133676304405937,0.0,0.0,0.01136603038056625,1.071092244720858,1.0707896481498016,6.802060171181461e-05,-0.12168911712868732,0.001216653313154693,0.99581589958159,1.0707896487004434,0.0,239
128,eval,blind,3.0,0,0.22807283978866633,0.1001874609295913,0.1669790808604124,0.1131608981218298,0.0,0.012237620055792408,1.0637864650043982,1.1484986412724691,0.10018746081235401,-0.1435693015583445,0.1574527434048488,0.7866108786610879,1.1484986418653298,0.0,239
129,eval,blind,3.0,0,0.2656803193330306,0.12071751656906878,0.20119583295619506,0.17040699907426554,0.0,0.012937564525566216,1.0240567314076123,1.2042847955326654,0.12071751550279088,-0.16541499984207303,0.2785839342413722,0.606694560669456,1.2042847863999813,0.0,239
130,train,blind,3.0,0,0.0008817244371400257,0.0002654212540128584,0.0004423687404516508,0.0,0.0,0.016225884294441304,1.6141082143185028,1.6136956464296603,0.0002654212239652845,-0.18937621718755643,0.15748241787590136,0.5397489539748954,1.6136956491200618,0.0,239
131,train,blind,3.0,0,0.04457110651652085,0.013478329290645503,0.022463880925756883,0.0007607455532919912,0.0,0.01570240166388982,1.5852584479742968,1.582232862336865,0.013478329112962966,-0.1923888339135385,0.23614944063622068,0.42677824267782427,1.5822328593324002,0.0,239
132,train,blind,3.0,0,0.19109905445188377,0.08070667088911582,0.13451109859830224,0.10859642498912173,0.0085583874745349,0.01715943668131175,1.6090375973090967,1.6660109563851457,0.08045433975526808,-0.19880153198960063,0.2050505949731446,0.5355648535564853,1.6660109470099382,0.0,239
133,train,blind,3.0,0,0.14226676302496344,0.06118233408246019,0.10197054552521313,0.05377720915515658,0.0009603073269548551,0.017356374310854246,1.6205939314734767,1.650389746880867,0.06115910559774292,-1.606736362594255,0.1960843072620118,0.4788732394366197,1.650389753666505,0.007042253521126761,142
134,train,blind,3.0,0,0.21150074667297547,0.10045375799765459,0.16742290523308465,0.156333205964276,0.013313047182609845,0.018012974719092186,1.5924542977720124,1.7068878272587285,0.1000912180870918,-0.21773512602241654,0.34395679397014745,0.3138075313807531,1.7068878288898626,0.0,239
135,train,blind,3.0,0,0.05326771741892722,0.016140095941717766,0.026900157935898623,0.003993914092434999,0.0,0.015952452280749586,1.6308886560934857,1.6157113942142312,0.016140095696314024,-0.1865759397259158,0.13234814089438857,0.5355648535564853,1.615711395795526,0.0,239
136,train,blind,3.0,0,0.4465136047263696,0.2055516539655541,0.34258603601460796,0.3345378465856967,0.044883987581879524,0.019097508895736984,1.5394398537639793,1.746518902948212,0.20331239838979173,-0.23943262447887473,0.46354491231193806,0.25523012552301255,1.746518918524576,0.0,239
137,train,blind,3.0,0,0.4706366194916741,0.20597241555974904,0.34328730796280155,0.32635983219954756,0.02377329847802677,0.019374262816253193,1.56793593736872,1.7838929435199276,0.2053984909967485,-0.2341143803503164,0.4182319950146889,0.30962343096234307,1.7838929544928384,0.0,239
138,train,blind,3.0,0,3.583932445953487e-06,5.701956248824644e-07,9.503259146235354e-07,0.0,0.0,0.016067443142750274,1.6232313616006444,1.6232311176954453,5.702101920193615e-07,-0.19189264997297265,0.17976794563636903,0.5104602510460251,1.6232311115600548,0.0,239
139,train,blind,3.0,0,6.514794980351147e-05,2.4605820886547206e-05,4.10097012238842e-05,0.0,0.0,0.01607551293011178,1.6296439539937295,1.62959060708848,2.4605894224546755e-05,-0.19091918759531476,0.16742336567850677,0.49372384937238495,1.6295906062718157,0.0,239
140,train,blind,3.0,0,0.47694583179846367,0.21072423100834625,0.35120699376582165,0.3429060487941718,0.05648535695784262,0.018753589099764077,1.4772570519766548,1.7338000386329875,0.20737201480345194,-0.24468565546405557,0.47037004065402543,0.24686192468619247,1.7338000371490303,0.0,239
141,train,blind,3.0,0,0.4891325045084395,0.21626793207860637,0.3604464996310507,0.3381513887743571,0.01806770689068479,0.019612969372764417,1.6071546105161372,1.8105346607862656,0.21591391422966105,-0.24378789342915638,0.5107569957565506,0.19665271966527198,1.8105346640889073,0.0,239
142,train,blind,3.0,0,0.4797851131429772,0.20035219852662564,0.3339202820692259,0.30030429774747236,0.015024724677516825,0.018824269467084105,1.6148045711437529,1.751016867958851,0.20001973273476978,-0.23546789337418844,0.49939167334342266,0.2301255230125523,1.751016859993745,0.0,239
143,train,blind,3.0,0,0.167300184708377,0.07074476893990989,0.1179079308593938,0.09014834563353072,0.004374286931428949,0.016428762222698668,1.6298534196789793,1.6726394270753262,0.07066507174816834,-0.20082721200211862,0.21365619157838514,0.49372384937238495,1.6726394314282123,0.0,239
144,train,blind,3.0,0,0.06536319171795504,0.021429263610435977,0.035715436335849365,0.005705591587341979,0.0005705591649689933,0.015718514822563742,1.5897911258322424,1.5918402382519454,0.02140040639549541,-0.1870693110843514,0.16745304014955933,0.5146443514644351,1.5918402299259415,0.0,239
145,train,blind,3.0,0,0.1858396107700236,0.07038053828928868,0.11730088423495984,0.05862068986070567,0.003761755598002467,0.015929675172885942,1.6045512318611146,1.6312503255646804,0.07032184514883456,-1.577618260959134,0.21804842259721202,0.5517241379310345,1.6312503211569689,0.006896551724137931,145
146,train,blind,3.0,0,0.013958485612926312,0.0037675365179041147,0.006279227460307609,0.0,0.0,0.015694789695611933,1.6070159040235574,1.6026008099192854,0.003767536478198392,-0.18650377279277996,0.15540520490222262,0.5397489539748954,1.6026008181329656,0.0,239
147,train,blind,3.0,0,0.48112744734638124,0.2145678570674463,0.3576130407344402,0.3351084061871014,0.034423736099418734,0.019112472247067355,1.531093316347529,1.7530055377772662,0.21310834621249627,-0.2349883783901066,0.39553102465948553,0.33472803347280333,1.75300553320305,0.0,239
148,train,blind,3.0,0,0.004841264746033501,0.0015543236314218246,0.002590539276604268,0.0,0.0,0.015500940939715466,1.5961852682185473,1.5937330877431766,0.0015543236183311895,-0.18815923635456755,0.16843229769429358,0.5648535564853556,1.5937330724567926,0.0,239
149,train,blind,3.0,0,0.5003441035252276,0.21237863224604586,0.35396433709948916,0.30562951724399584,0.0171167749490698,0.019894327426711135,1.623936377309855,1.7672536642481593,0.2120254046170139,-0.23577992738376063,0.49749250719605925,0.20502092050209206,1.7672536656658038,0.0,239
150,eval,blind,3.0,0,0.4085878510234286,0.16687699284798574,0.2781282837175575,0.197223278767893,0.0,0.013868614248970375,1.2439817177700696,1.305058375936173,0.16687699220191723,-0.16512103048097332,0.21745452387311195,0.7196652719665272,1.3050583837881844,0.0,239
151,eval,blind,3.0,0,0.023700630373153914,0.009949414449133599,0.016582356855917673,0.0,0.0,0.012991674439241197,1.2603917259052708,1.2162678211802718,0.009949414719470433,-0.1451849106713262,0.05994243152615806,0.8535564853556485,1.2162678224494239,0.0,239
152,eval,blind,3.0,0,0.49865054549941856,0.19469268646633844,0.32448777102953685,0.20083682045776974,0.0,0.012694869567951865,1.2083616166932811,1.1934884473619103,0.1946926857749398,-0.1844799080192169,0.5271669782486128,0.2510460251046025,1.1934884482571528,0.0,239
153,eval,blind,3.0,0,0.04457110651652085,0.016054951690341233,0.02675825138427765,0.0,0.0,0.012689229741957521,1.266928343842718,1.196051265280616,0.016054951782006124,-0.1334722164031645,0.0,1.0,1.1960512647616326,0.0,239
154,eval,blind,3.0,0,0.007217877699358381,0.003516901715412136,0.005861502360622203,0.0,0.0,0.013207957682406304,1.2582337332569904,1.242624571133857,0.0035169016807371748,-0.14250822969215335,0.01887296358942402,0.9037656903765691,1.242624575212423,0.0,239
155,eval,blind,3.0,0,0.05557842856955229,0.018679939397702298,0.031133230543555594,0.0,0.0,0.0125674217867287,1.268047045713688,1.1857722993924529,0.018679939320071788,-0.14025531921695492,0.10967684501023768,0.7698744769874477,1.1857722983126562,0.0,239
156,eval,blind,3.0,0,0.27401919350725557,0.09820461475531957,0.16367433986266847,0.08577405832801403,0.0,0.012520922250484573,1.2675783626704036,1.1734355989235714,0.09820461459747086,-0.14391205154433645,0.10320781032078104,0.8661087866108786,1.1734355935006906,0.0,239
157,eval,blind,3.0,0,0.02230692015294469,0.009581427553704664,0.01596904503401743,0.0,0.0,0.01298449476635294,1.2633832615788512,1.2208975797916557,0.009581427589597357,-0.14128752565275798,0.006290987863141339,0.891213389121339,1.2208975844961643,0.0,239
158,eval,blind,3.0,0,0.5020268853461184,0.1930105376029806,0.3216841929097427,0.1863826549452219,0.0,0.01235081655290913,1.2767513459197646,1.1635456561543454,0.19301053772174007,-0.14893055215770087,0.23475474049675063,0.6276150627615062,1.1635456523217098,0.0,239
159,eval,blind,3.0,0,0.2322390740961382,0.08231249232500037,0.1371874730983748,0.06390262448139271,0.0,0.012307932917963884,1.2694088569744861,1.163398217518958,0.08231249208236698,-0.14222236541359193,0.10101189946289212,0.8577405857740585,1.1633982243321987,0.0,239
160,train,blind,3.0,0,0.4392558533156307,0.19575604125241333,0.3262600149185243,0.33111449190762254,0.021681248206473793,0.0195488103657618,1.604912227417136,1.8044637990297134,0.19530376819043282,-0.24724847056056956,0.5235170183091487,0.14225941422594143,1.804463796615143,0.0,239
161,train,blind,3.0,0,0.34633041948240073,0.15806189491945682,0.26343644900594754,0.27310764496545914,0.038227463928226645,0.01800951806469879,1.4678281919726768,1.6742088934367672,0.15581053825245442,-0.2251479808814903,0.373898335262174,0.3723849372384937,1.674208883276519,0.0,239
162,train,blind,3.0,0,0.0005835245887526782,0.00015599310830579857,0.00025998851696343967,0.0,0.0,0.015949835324714497,1.5904559480595288,1.5902213805888985,0.00015599306178837918,-0.18722350948641925,0.1670969464969287,0.5397489539748954,1.5902213738790634,0.0,239
163,train,blind,3.0,0,0.19109905445188377,0.08208647920294283,0.13681078186029375,0.10821605158899618,0.013122860731938893,0.0168593673612221,1.6022084322933372,1.6658073324538674,0.08145489206102387,-0.20292200182884398,0.20329980118104393,0.4602510460251046,1.6658073410911098,0.0,239
164,train,blind,3.0,0,0.5016285056306393,0.21792502056702676,0.36320832027263633,0.3136173443689506,0.04146063252971761,0.01841982437500333,1.4751295983541959,1.6636017009802941,0.215704256708111,-0.2293104011896192,0.4412890590225229,0.2594142259414226,1.6636017075372025,0.0,239
165,train,blind,3.0,0,0.501210307838382,0.21353445592736747,0.3558907131318619,0.28318752504292893,0.010270064969441882,0.01837663332616061,1.598711568441351,1.7016320303394206,0.21331663688464358,-0.22643215771932787,0.42867740882518773,0.30962343096234307,1.7016320325729892,0.0,239
166,train,blind,3.0,0,0.5012103088587818,0.20570405569025493,0.3428400449457555,0.29973373858250335,0.022061621045467744,0.0188199380825753,1.5801222878021177,1.7181071569231265,0.20505348961370873,-0.2272383604820725,0.4460963233330366,0.2175732217573222,1.7181071684038827,0.0,239
167,train,blind,3.0,0,0.12646474479892483,0.04813240008690445,0.080220655133702,0.057246101201827555,0.0038037277664599556,0.01610250415467505,1.5907534495557203,1.6159963847204233,0.04801238706419084,-0.19120256621052625,0.17721594112584946,0.5230125523012552,1.615996394688333,0.0,239
168,train,blind,3.0,0,0.3612674953427315,0.16309172112115566,0.2718194921429256,0.26588056389257997,0.026435907976896694,0.018341358663381768,1.5633983853970612,1.725863418319734,0.16220987430985195,-0.22608112696520616,0.38995222410160546,0.34309623430962344,1.725863408635759,0.0,239
169,train,blind,3.0,0,0.47839141184577105,0.2226390457212478,0.3710650188857083,0.3668695325382584,0.043742869064897674,0.019620302616458807,1.5250999481109395,1.7543033104561363,0.22054008844213085,-0.23496767843981542,0.4099528175910265,0.33472803347280333,1.7543033193729987,0.0,239
170,train,blind,3.0,0,0.29880202014860646,0.13605078233235282,0.22675126632064835,0.23297831902444113,0.06028908410082302,0.01732360210589223,1.4425117769999485,1.6568426479854343,0.13149930786341246,-0.23313106175571727,0.4490044214961869,0.24267782426778242,1.6568426399248268,0.0,239
171,train,blind,3.0,0,0.48366004122113304,0.20936739530118617,0.3489456097845029,0.3081019396063673,0.013503233570932843,0.018845599119368332,1.6196322500955112,1.7346692561604489,0.2091082318526091,-0.22704579556038515,0.4166592480489035,0.29707112970711297,1.7346692475272407,0.0,239
172,train,blind,3.0,0,0.10291769171121948,0.026986983908705898,0.044978302929106664,0.006466337015938061,0.0,0.015369706091599608,1.610238718687241,1.5973955904090753,0.026986983751587836,-0.18480859575230404,0.12768924893913763,0.6234309623430963,1.5973955939942568,0.0,239
173,train,blind,3.0,0,0.1712039733909204,0.0803425344238501,0.13390420628552058,0.10973754282027608,0.007797641921242909,0.01735067768528995,1.636537230164436,1.6986740633034807,0.08012268522439041,-0.21244271956116184,0.30386658357814766,0.3723849372384937,1.6986740563099354,0.0,239
174,train,blind,3.0,0,0.11274788101110218,0.04835624782697085,0.08059373612502964,0.049828832181926554,0.002662609436521969,0.016863881890899716,1.6005660562335697,1.6463331293361456,0.048284418620040084,-0.19421876067896754,0.16341731208641205,0.5606694560669456,1.6463331310700247,0.0,239
175,train,blind,3.0,0,0.03862336533101252,0.0108898462153261,0.01814974242592463,0.0,0.0,0.01585151273250642,1.5910878261262902,1.5754815237791469,0.010889846281768685,-0.18504852197559182,0.1640404759785157,0.5062761506276151,1.5754815258511832,0.0,239
176,train,blind,3.0,0,0.5010294421648054,0.21789723666143462,0.3631620027896803,0.34594902994742455,0.03936858238286054,0.018679029411523287,1.4891137323618933,1.7203657908918468,0.21603456788418585,-0.2417098691678572,0.5155939345381169,0.20920502092050208,1.7203657997190467,0.0,239
177,train,blind,3.0,0,0.07057711293792525,0.0187266098169804,0.031211014615079444,0.0001901863883229978,0.0,0.015882767438810615,1.6179617259292922,1.60800420614466,0.018726609864582366,-0.19053696533472206,0.1728834683521766,0.5062761506276151,1.6080042037739952,0.0,239
178,train,blind,3.0,0,0.19109902345770474,0.09039376511224329,0.15065625142840675,0.13255990904494808,0.016546215784100808,0.01718262293294197,1.5449877141908621,1.6440736965654286,0.08986349958266367,-0.20881923016817142,0.31410427609127867,0.401673640167364,1.6440736952579862,0.0,239
179,train,blind,3.0,0,0.11952208523755692,0.05405788235090376,0.09009646272780747,0.052111069028846387,0.004754659708074945,0.01630547353958859,1.5886747597650503,1.6100533951276517,0.053845162644244576,-0.19884794432306435,0.25994836642036856,0.4100418410041841,1.6100533937710755,0.0,239
180,eval,blind,3.0,0,0.5012103088587818,0.2060341999058285,0.34339028740601046,0.2923164711213012,0.0,0.012735128359845742,0.9559810124181803,1.198928688734645,0.20603419979790685,-0.19881643014834466,0.5385323006617405,0.14644351464435146,1.1989286889941817,0.0,239
181,eval,blind,3.0,0,0.05557844634596492,0.017074125711504122,0.02845687482705258,0.0,0.0,0.011132379989899601,1.1147949179346093,1.0389859000509254,0.017074125651530745,-0.12458295755544502,0.08041781655241995,0.7824267782426778,1.0389858983899543,0.0,239
182,eval,blind,3.0,0,0.4891325118103957,0.19987240164841732,0.3331206243961468,0.26778242696528654,0.0,0.012862479838320525,1.0073168265270886,1.2050526849146168,0.19987240118857072,-0.17489263239722547,0.3697142348437641,0.4895397489539749,1.205052687953159,0.0,239
183,eval,blind,3.0,0,0.005378617951415077,0.002118390284575596,0.003530650266344371,0.0,0.0,0.011788387794561964,1.1172977723337119,1.107876974419071,0.0021183903374556727,-0.12393436678530176,0.0008902341315766047,0.9665271966527197,1.1078769677019933,0.0,239
184,eval,blind,3.0,0,0.17120400338753217,0.05705320310580912,0.09508866469345834,0.03936858144764122,0.0,0.011001378742034964,1.1133683535843215,1.0339635287618039,0.057053203520904025,-0.12369318397163628,0.0585774058577406,0.9246861924686193,1.0339635260912137,0.0,239
185,eval,blind,3.0,0,0.048809969762233514,0.013892500688895198,0.023154166480635924,0.0,0.0,0.011082007609128516,1.1027219627192828,1.043113760494288,0.013892500653733143,-0.12938334361055137,0.1702721148995519,0.7196652719665272,1.0431137646052437,0.0,239
186,eval,blind,3.0,0,0.3825699220520223,0.16859181058665185,0.2809863114913645,0.2521871434968885,0.0,0.013723259564746312,1.0185996917501154,1.2867650018700996,0.16859180934757756,-0.17805330080192483,0.3265675539333512,0.5439330543933054,1.2867649986038303,0.0,239
187,eval,blind,3.0,0,0.4615407577247839,0.21372588701677342,0.35620976176382496,0.3202738690825187,0.0,0.014458289359224703,0.9746136129151827,1.3571099507384718,0.2137258857029303,-0.19530141646340418,0.33538087183595955,0.5146443514644351,1.357109949043107,0.0,239
188,eval,blind,3.0,0,0.12999683991421615,0.05412123800065027,0.09020205478764297,0.040890072180137474,0.0,0.011603488781680372,1.080995267155779,1.0849919566674213,0.054121237786116064,-0.13820701543205619,0.21098548918365534,0.6652719665271967,1.0849919589916737,0.0,239
189,eval,blind,3.0,0,0.03862335179426082,0.011521680614072976,0.019202800005176067,0.0,0.0,0.011221583514712034,1.1017998639010984,1.0534203321863918,0.011521680461430083,-0.13123854214668842,0.17496068132585535,0.7196652719665272,1.0534203273788234,0.0,239
190,train,blind,3.0,0,0.12999683991421615,0.05690918358283765,0.09484862959161014,0.05344237356006351,0.0038037277664599556,0.01580268417769521,1.59133264808974,1.6127740573683542,0.0568042966819022,-0.19906963121135307,0.26804949701771563,0.40585774058577406,1.6127740536329849,0.0,239
191,train,blind,3.0,0,0.05557844634596492,0.01896371021329169,0.03160618151205998,0.0045644732574039925,0.0007607455532919912,0.01608476493795983,1.614151827710443,1.6114632751652387,0.018936432478504954,-0.19276114450398668,0.19033205733107808,0.4476987447698745,1.611463278155526,0.0,239
192,train,blind,3.0,0,0.023700630373153914,0.00670392164962726,0.011173202321424089,0.0,0.0,0.015723205793056652,1.6115099795193852,1.6053102694794723,0.006703921496664711,-0.18474306868998044,0.11540401792338051,0.5732217573221757,1.6053102622440276,0.0,239
193,train,blind,3.0,0,0.09350418227249328,0.037488654768106595,0.062481085661727845,0.03004944829511842,0.0011411183299379866,0.016182131241134146,1.611286562107597,1.6128809145304948,0.03747075236076465,-0.18990837796811896,0.1559393453811686,0.5774058577405857,1.6128809167092473,0.0,239
194,train,blind,3.0,0,0.3791192204459613,0.1552896482940946,0.25881603989613394,0.2521871431228007,0.011601369687702865,0.018397059827403917,1.622523414041208,1.7392282620633497,0.15507378201978841,-0.2208280195384692,0.3467165197780351,0.37656903765690375,1.7392282594410304,0.0,239
195,train,blind,3.0,0,0.07057711293792525,0.027228056484654414,0.04538009066937056,0.01426397893718097,0.0001901863883229978,0.016469554167053813,1.63076204036569,1.6289578037780699,0.02722350019951945,-0.19721825474210286,0.21493219383364492,0.47280334728033474,1.6289578042869892,0.0,239
196,train,blind,3.0,0,0.39594290426846546,0.17841819964099512,0.2973636206285492,0.3023963478943294,0.05800684769033887,0.017841622969876025,1.4311158427633501,1.6591813314908719,0.17448478119763708,-0.2339571538818934,0.4160064096857474,0.3389121338912134,1.6591813425781377,0.0,239
197,train,blind,3.0,0,0.00046352766528258015,0.00011849992254431842,0.00019749984387858774,0.0,0.0,0.015657707840344523,1.5886990802058616,1.5886624141218273,0.00011849994345889115,-0.18615691142887916,0.15938158402326477,0.5774058577405857,1.58866241114161,0.0,239
198,train,blind,3.0,0,0.07057713395643153,0.02456348390449603,0.04093913666082733,0.008748573800509944,0.0011411183299379866,0.015713370186919696,1.6079887034503986,1.5955591812792183,0.024523497763222324,-0.18538214295893504,0.14742277218908573,0.5230125523012552,1.595559173588063,0.0,239
199,train,blind,3.0,0,7.168495677855786e-07,2.458936665850111e-07,4.0982275734612693e-07,0.0,0.0,0.01580329935327484,1.5986849742953249,1.598684985268565,2.45891459443057e-07,-0.1902190431796881,0.18763168046529569,0.49372384937238495,1.5986849881993892,0.0,239
200,train,blind,3.0,0,0.4955261337087284,0.22159052881934982,0.36931749507262435,0.3370102695715477,0.019589197997268774,0.019273319585583946,1.5913269190608708,1.7541964111467785,0.22109057259479578,-0.23377426678816784,0.4747321878987507,0.24686192468619247,1.7541964166562525,0.0,239
201,train,blind,3.0,0,0.002674004892043177,0.0008049955271965256,0.0013416590591382126,0.0,0.0,0.016232511677455826,1.6361598489673566,1.6352269195612505,0.000804995500254172,-0.19167833875492102,0.16602866553903678,0.49372384937238495,1.6352269163986481,0.0,239
202,train,blind,3.0,0,0.4042628842483585,0.16189962357456364,0.2698326710937473,0.22250280639639608,0.008136925046090726,0.018239078977156754,1.5920861422279735,1.7114609722737912,0.16175421711154797,-1.456989434187497,0.34944400665440856,0.3765432098765432,1.7114609849387656,0.006172839506172839,162
203,train,blind,3.0,0,0.03674998030288848,0.00993388241997659,0.01655646961395581,0.0,0.0,0.015626942600556123,1.5798211751123852,1.571688662014247,0.009933882495932715,-0.19212795681564443,0.24469568829935606,0.41422594142259417,1.5716886628888829,0.0,239
204,train,blind,3.0,0,0.4769458410955545,0.22147223089522866,0.36912032490412056,0.37694941018415795,0.08197033236964477,0.018776301099727843,1.381761763883934,1.6846110628738562,0.21590964806975885,-0.2470695100127973,0.48989584260660574,0.18410041841004185,1.6846110679017225,0.0,239
205,train,blind,3.0,0,0.36954320709016525,0.1478974133356685,0.24649565492801,0.22875955944584908,0.0101954123684179,0.01824019559458873,1.6135704851596155,1.7174710478181037,0.14771746652683684,-1.1509147860201108,0.30774839265592896,0.397196261682243,1.7174710499861061,0.004672897196261682,214
206,train,blind,3.0,0,0.00595315217983492,0.0019143030735009902,0.003190504983375599,0.0,0.0,0.01593745487574566,1.5981067563699378,1.5955777966327747,0.0019143030728464585,-0.18544804029681708,0.13202172171281049,0.5606694560669456,1.595577798108046,0.0,239
207,train,blind,3.0,0,0.4288286963842077,0.18228769524704988,0.30381277989676864,0.3016356032139088,0.05077976549519655,0.01854753661822824,1.498535728604225,1.6810694912986277,0.17912891967470268,-0.2255803049563359,0.36057449775957745,0.36401673640167365,1.6810694740477385,0.0,239
208,train,blind,3.0,0,0.4918546168378746,0.21538386479733163,0.3589730563491616,0.31647014075492713,0.02168124826882175,0.018629397998201548,1.5841225560240166,1.7437705686900407,0.214810649629901,-0.2316225770210525,0.4773435413513755,0.26359832635983266,1.7437705695605785,0.0,239
209,train,blind,3.0,0,0.0038738029971952595,0.0012379006892306317,0.0020631676381838676,0.0,0.0,0.015844502870118144,1.6108009246602717,1.609393369203831,0.0012379006405821788,-0.1888777629528718,0.16320959078904418,0.49372384937238495,1.6093933728159777,0.0,239
210,eval,blind,3.0,0,0.4204580038737225,0.1612549418742792,0.26875820418628116,0.1854317234400426,0.0,0.01229436331911784,1.1136744336603077,1.1593112467347828,0.16125494166759938,-0.15359014767232818,0.23953233033621174,0.6569037656903766,1.1593112393212615,0.0,239
211,eval,blind,3.0,0,0.3991743668428696,0.15791352308883402,0.2631891739804217,0.18904526481817957,0.0,0.012705020028825023,1.084800245622212,1.2059000715551018,0.15791352319879537,-0.1815274378563121,0.3959464672542213,0.41422594142259417,1.205900073050704,0.0,239
212,eval,blind,3.0,0,0.0760018663305159,0.022588075846892725,0.03764679099567805,0.0,0.0,0.011055827127169491,1.149322629972482,1.049907517358349,0.02258807568027634,-0.12182495140118903,0.015579097302590583,0.8284518828451883,1.0499075167483052,0.0,239
213,eval,blind,3.0,0,0.33866766505446294,0.14091959676604715,0.23486596670914558,0.16869532189109834,0.0,0.012853628078039159,1.122333275723158,1.2107194112808635,0.1409195956511817,-0.15383189349733525,0.26899908009139734,0.6485355648535565,1.210719405361351,0.0,239
214,eval,blind,3.0,0,0.36126752409238416,0.1284227524370466,0.21403789474282056,0.13294028200863794,0.0,0.011717709497388873,1.1397955460029665,1.1133181538167858,0.1284227517709768,-0.14162640832464643,0.16178521617852165,0.702928870292887,1.1133181513716757,0.0,239
215,eval,blind,3.0,0,0.24895395069227458,0.10365180902697062,0.17275299527146562,0.11468238904136993,0.0,0.012425810628605687,1.1274730495827967,1.1614282686091866,0.10365180957558999,-0.1406853126818649,0.18861093801002995,0.7489539748953975,1.1614282722768652,0.0,239
216,eval,blind,3.0,0,0.4934485877536371,0.19275025420695072,0.3212503858264872,0.2042601758216714,0.0,0.012196365347381478,1.1322065701544535,1.1534916703047613,0.19275025440787674,-0.1578084282878523,0.24128312412831246,0.606694560669456,1.153491673706465,0.0,239
217,eval,blind,3.0,0,0.27401919350725557,0.09475851360893936,0.15793083824614787,0.08596424540216453,0.0,0.011358081295922648,1.1490548135845233,1.078653153639957,0.09475851282000028,-0.13043023811384233,0.12368319534704293,0.8410041841004184,1.0786531540986521,0.0,239
218,eval,blind,3.0,0,0.0065658995871934805,0.0028976123411586863,0.004829353833179941,0.0,0.0,0.011828114870920092,1.1292962736165673,1.1164368555635589,0.002897612319269927,-0.12737378620822382,0.0031454939315706696,0.9372384937238494,1.1164368597912269,0.0,239
219,eval,blind,3.0,0,0.0005835245887526782,0.00028612269880761543,0.0004768711412481371,0.0,0.0,0.012029896166845844,1.1322023040579952,1.1309322053917283,0.00028612271646475106,-0.1290448176385597,0.025431021692038338,0.9037656903765691,1.1309322043243963,0.0,239
220,train,blind,3.0,0,0.007217873016016257,0.0017224311495319625,0.0028707185627346583,0.0,0.0,0.015359979687905461,1.5677321443497885,1.5663142346438006,0.0017224311314181769,-0.1898346356850247,0.22306299890204456,0.4602510460251046,1.5663142300449986,0.0,239
221,train,blind,3.0,0,0.00046352766528258015,0.00010310846714122185,0.0001718474332660643,0.0,0.0,0.01622423065327513,1.6316327844204763,1.6315577469111486,0.00010310844873822447,-0.18730722396370553,0.1260571530312472,0.5523012552301255,1.6315577404472486,0.0,239
222,train,blind,3.0,0,0.49487416027990566,0.216725980712996,0.3612099135408171,0.3480410790343664,0.04031951432447553,0.019581834980477598,1.5237451642128215,1.7437251389774817,0.21497623676201694,-0.23255053198816703,0.38363156176741153,0.301255230125523,1.743725143096795,0.0,239
223,train,blind,3.0,0,0.005378617951415077,0.0011589777700712117,0.0019316295260236166,0.0,0.0,0.01564095716603942,1.5847877707940266,1.5842033198189036,0.0011589778190849848,-0.18921560056193681,0.20193477551262648,0.47280334728033474,1.5842033220892293,0.0,239
224,train,blind,3.0,0,0.24477056702595276,0.10470509904315724,0.174508473774253,0.15119817441477437,0.020920502590833848,0.017123387886842548,1.5670386704939678,1.645608837385058,0.10353143441704968,-0.21568953798527646,0.353957090714858,0.29707112970711297,1.6456088421859512,0.0,239
225,train,blind,3.0,0,0.2573214347770065,0.1059580544136997,0.1765967340569161,0.16051730644503398,0.006466337202981925,0.01778858547804246,1.5864220747887838,1.676437050228837,0.10579931481005889,-0.2133536420458617,0.33834831894121487,0.35564853556485354,1.676437060330084,0.0,239
226,train,blind,3.0,0,0.41162969583010295,0.18299614919073004,0.3049935336776459,0.31057436271691424,0.037656904763257656,0.018528681717984472,1.5083046937088587,1.711847015005774,0.1812835059832978,-0.2278860946834675,0.35499569720169744,0.3598326359832636,1.7118470144114022,0.0,239
227,train,blind,3.0,0,0.09350418227249328,0.03773511937960313,0.0628918606967414,0.02909851703933093,0.0020920502715529757,0.015784985360506314,1.5874896510874377,1.5917154553046287,0.037642944697315016,-0.18832349463756395,0.16309089290483397,0.5355648535564853,1.5917154615938953,0.0,239
228,train,blind,3.0,0,0.026644067398029395,0.007916045404622252,0.013193408441138026,0.0,0.0,0.015946013644477938,1.59944440281042,1.5982077196552165,0.007916045696878291,-0.1895265859099549,0.18947149767055402,0.4895397489539749,1.5982077114615474,0.0,239
229,train,blind,3.0,0,0.4288286743681341,0.18904671168954593,0.3150778022090243,0.3176112590225172,0.031190567622623684,0.0191990638981772,1.5522277422529882,1.76162476320147,0.18791732978473089,-0.23125092904775607,0.4093296536989228,0.33472803347280333,1.7616247613768272,0.0,239
230,train,blind,3.0,0,0.0030419384339404444,0.000793887503783922,0.0013231457219966668,0.0,0.0,0.016016227105499936,1.6159739491829812,1.6156938901506208,0.0007938876036989549,-0.19447906055100664,0.218315083533636,0.4811715481171548,1.6156938959476626,0.0,239
231,train,blind,3.0,0,0.053267700141298224,0.01879008652597435,0.03131680840808532,0.006276150814658927,0.0007607455532919912,0.016236937030074363,1.625374044833323,1.6279444874081153,0.018777779775180185,-0.1951589295528171,0.20410101189946286,0.4686192468619247,1.6279444792528162,0.0,239
232,train,blind,3.0,0,0.02096458594954064,0.0053898455791195335,0.008983075458794603,0.0,0.0,0.01614467974627492,1.6086915215188988,1.6051395493072447,0.005389845540304279,-0.1909974466890899,0.19493160034422388,0.4811715481171548,1.6051395469275884,0.0,239
233,train,blind,3.0,0,0.9125374013727362,0.39315279776399786,0.6552545577287674,0.6962809925052252,0.034090910106897354,0.02314760495739227,1.6534955907951703,1.9812744408845901,0.3924669968810948,-4.826791523839821,0.7591876208897484,0.022727272727272728,1.9812744578856984,0.022727272727272728,44
234,train,blind,3.0,0,0.0034414851706437025,0.0009110522296167759,0.0015184203062843869,0.0,0.0,0.016238490653430818,1.613545107043438,1.6127301265006284,0.000911052224928502,-0.19393550537155704,0.19902667734947624,0.4811715481171548,1.6127301238121403,0.0,239
235,train,blind,3.0,0,0.5019461374421663,0.21336962075009708,0.3556159874847501,0.3195131227187033,0.036515786433319666,0.01879513488934379,1.5020926809211157,1.7105069666726818,0.21178541781137408,-0.22674464410805947,0.373571916080596,0.34309623430962344,1.7105069684907537,0.0,239
236,train,blind,3.0,0,0.4881335476829956,0.19863399894566253,0.3310566200686241,0.2926968430250758,0.03062000845765469,0.01849655460402619,1.5959868860045237,1.7279844837707456,0.19742669260823928,-0.2261894457511191,0.3800409507700525,0.3514644351464435,1.7279844882822888,0.0,239
237,train,blind,3.0,0,0.025146201497458203,0.008648086570391567,0.014413477022080998,0.0,0.0,0.015838790299160462,1.5990458075970286,1.5863984701024938,0.00864808654277946,-0.1894831964564755,0.2028843585863082,0.4895397489539749,1.5863984711580439,0.0,239
238,train,blind,3.0,0,0.09973254793120946,0.04426049056891312,0.07376747601857349,0.04203119088416319,0.0032331686014909623,0.016808131709694862,1.5975669729659747,1.6210949356087083,0.04418386759651672,-0.19203257138410476,0.1896198700258168,0.5062761506276151,1.6210949415049771,0.0,239
239,train,blind,3.0,0,0.034930997800481874,0.008896545472217063,0.014827574905744562,0.0,0.0,0.015839343707400637,1.5855038550109544,1.5758439486994404,0.008896545436841905,-0.1906834123223435,0.23116412949939166,0.4225941422594142,1.5758439543844078,0.0,239
240,eval,blind,3.0,0,0.26150266818706364,0.11594961798532133,0.1932493387382949,0.139596805412899,0.0,0.01312729369782722,1.1076289525091898,1.231945367163694,0.11594961793210638,-0.1621486107377626,0.2788806789518977,0.602510460251046,1.231945371156032,0.0,239
241,eval,blind,3.0,0,0.34633041948240073,0.15180944569137825,0.2530157087334465,0.20597185213196725,0.0,0.013777236458085571,1.1003062056697064,1.2877105059858147,0.15180944490164766,-0.1677711668901537,0.18917475296002853,0.6778242677824268,1.2877105071164947,0.0,239
242,eval,blind,3.0,0,0.4797851131429772,0.19833016735453488,0.33055023322462507,0.2772917468178721,0.0,0.013339489679900484,1.0105699712262493,1.2531997603851381,0.19833016667957565,-0.20123976626746398,0.5152081664144337,0.20502092050209206,1.2531997578659144,0.0,239
243,eval,blind,3.0,0,0.08163405268523204,0.0241172837039466,0.04019547072526605,0.0,0.0,0.011267929951656439,1.1626161523942669,1.0556774295274183,0.024117283642329287,-0.1220392442383747,0.0,1.0,1.0556774264844517,0.0,239
244,eval,blind,3.0,0,0.015004510717528821,0.006042900015383269,0.010071499042359579,0.0,0.0,0.012050737299523842,1.1542050885854904,1.1273589498328365,0.006042899986857862,-0.1321792647975801,0.006261313392088786,0.8535564853556485,1.12735894925765,0.0,239
245,eval,blind,3.0,0,0.5018883339752502,0.19814928414559582,0.3302487654425277,0.2187143405860438,0.0,0.01247279266641713,1.100090125864021,1.169698482215654,0.1981492839522502,-0.16251378280878395,0.26434018813614646,0.5523012552301255,1.1696984761141902,0.0,239
246,eval,blind,3.0,0,0.007217877699358381,0.003167207910538998,0.005278679522820631,0.0,0.0,0.012176891508274498,1.1551044999804956,1.1410274710116526,0.003167207883474871,-0.13034885812521108,0.0,1.0,1.1410274702094683,0.0,239
247,eval,blind,3.0,0,0.05101152724064263,0.01679035699860559,0.027983927042951717,0.0,0.0,0.011630201899294574,1.162187888532503,1.087660523638067,0.016790356876862686,-0.12330246005680948,0.0,1.0,1.0876605213311554,0.0,239
248,eval,blind,3.0,0,0.3685238404330022,0.13934188185929575,0.2322364429175239,0.15956637556333422,0.0,0.012650280242988442,1.1412095632014414,1.1902752424508458,0.13934188158274846,-0.15291342156563836,0.22143090299415408,0.7196652719665272,1.1902752349413526,0.0,239
249,eval,blind,3.0,0,0.11611346518928935,0.04976358987248155,0.08293930919692125,0.03746671768910715,0.0,0.012058458094208436,1.1569656136145652,1.1262108660517378,0.049763590649121524,-0.1308946704782789,0.07958693136294845,0.8828451882845189,1.1262108745015775,0.0,239
250,train,blind,3.0,0,0.43151492035799666,0.1879605708819026,0.3132675723621459,0.3048687716907038,0.013503233570932843,0.018621845472853428,1.579110361791555,1.7608997457695805,0.18767807457909508,-0.2324829538490405,0.3951155820647497,0.3179916317991632,1.7608997422737944,0.0,239
251,train,blind,3.0,0,0.501946137909228,0.21412066394615642,0.3568677232833579,0.32160517330199606,0.041460632467369654,0.018732911213515443,1.4886532979530271,1.6966625716396955,0.21199281150897697,-0.22716326486563604,0.37404670761743675,0.3514644351464435,1.696662575223895,0.0,239
252,train,blind,3.0,0,0.010237416458047271,0.0027377709116366356,0.0045629512296651515,0.0,0.0,0.01583243518576774,1.6148742417411326,1.612612906859011,0.002737770856960402,-0.1861970055470532,0.12952906614439597,0.5648535564853556,1.6126129113275696,0.0,239
253,train,blind,3.0,0,0.5168774269104272,0.2033880634761552,0.338980062892398,0.28817587681845125,0.009209744778333926,0.018886009492954006,1.5974195790446661,1.7362720865050172,0.20322272258129612,-1.5342236334962278,0.41500950261901454,0.3202614379084967,1.736272082716284,0.006535947712418301,153
254,train,blind,3.0,0,0.0012663877662295617,0.0004485036692412562,0.0007475060926203297,0.0,0.0,0.015998744134982135,1.6016337175748339,1.6006571094361308,0.0004485036343075267,-0.18409840491097718,0.11252559423128283,0.5815899581589958,1.6006571066847413,0.0,239
255,train,blind,3.0,0,0.053267700141298224,0.014690987232376098,0.024484977739250333,0.0007607455532919912,0.0,0.016099595232909568,1.6250582983304267,1.607560980768882,0.014690987368199047,-0.19037465429482026,0.18917475296002847,0.4686192468619247,1.6075609667642332,0.0,239
256,train,blind,3.0,0,0.502091316396975,0.2149270779200112,0.3582117454958987,0.31380753113136134,0.030049449292685698,0.019176677623412974,1.5532941060086174,1.7280881654268527,0.21373347499223097,-0.22817912838802648,0.43971631205673756,0.27615062761506276,1.728088168967483,0.0,239
257,train,blind,3.0,0,0.004841264746033501,0.0013044755742690334,0.0021741258494471197,0.0,0.0,0.016085630310036896,1.5876071238617517,1.587141803118973,0.0013044757222236527,-0.18880796506963632,0.19558443870738004,0.46443514644351463,1.5871417986517145,0.0,239
258,train,blind,3.0,0,0.2322390740961382,0.09011616662989341,0.15019358892148138,0.1298972996084261,0.01122099691105687,0.01721551314300261,1.5848177599108868,1.643731845722039,0.089784344311251,-0.1974655746443816,0.20727618030208614,0.5104602510460251,1.6437318403970198,0.0,239
259,train,blind,3.0,0,0.2740191620142929,0.1275252755563145,0.21254209507901292,0.20521110670337117,0.010650437746087876,0.01849972171451756,1.5912656963619727,1.7210808481132636,0.12727203227755068,-0.22135302137389176,0.38256328080951957,0.3179916317991632,1.7210808408893208,0.0,239
260,train,blind,3.0,0,0.5018883339752502,0.22752855859304633,0.3792142056885663,0.3636363634379838,0.05819703463979346,0.019177888779195656,1.478855018087012,1.7245962068625573,0.22454160126808995,-0.24224785420567224,0.48042968634084104,0.2301255230125523,1.7245962044134902,0.0,239
261,train,blind,3.0,0,0.3269574497412977,0.1453425346104367,0.24223751890779388,0.240205401843063,0.013693419959255842,0.018485037370284854,1.5717172916963011,1.73089623875199,0.14505982596790118,-0.23361990168447802,0.45505801359090775,0.23430962343096234,1.7308962277776745,0.0,239
262,train,blind,3.0,0,0.5012103088587818,0.20889322988563946,0.3481553357016774,0.291745910896417,0.013122860794286848,0.018484548127832023,1.5610959504937527,1.6931803189062173,0.20862612188511204,-0.22803129102739533,0.4639010059645687,0.2594142259414226,1.693180321154461,0.0,239
263,train,blind,3.0,0,0.0020282095075691135,0.0006470609901747646,0.0010784349250719224,0.0,0.0,0.015780547682476467,1.5958984601447772,1.594546279647859,0.0006470610693883283,-0.18741508292154188,0.1638624291522004,0.5564853556485355,1.5945462759193114,0.0,239
264,train,blind,3.0,0,0.3649142709313249,0.1432297774818192,0.23871625739601954,0.2384937242234601,0.014644351838522874,0.01797658633284863,1.5832205217752497,1.7118521035964518,0.1429133096312075,-0.21914639602629027,0.3484673135701356,0.3682008368200837,1.711852095658873,0.0,239
265,train,blind,3.0,0,0.0005835234280700004,0.00014271324045130997,0.00023785539952430205,0.0,0.0,0.01548963205725204,1.569729734165399,1.569609280410671,0.00014271327999720512,-0.18088383749866346,0.11006261313392088,0.6108786610878661,1.5696092806030468,0.0,239
266,train,blind,3.0,0,0.2531380826036473,0.10868773770799715,0.18114620125978562,0.14910612401852547,0.015405097267118957,0.016607181898758563,1.5970270878101493,1.6334175115848686,0.10803176147318973,-0.19909265208137392,0.21036232529155172,0.5481171548117155,1.633417515901177,0.0,239
267,train,blind,3.0,0,3.583932445953487e-06,3.2858046492129157e-07,5.476340828327049e-07,0.0,0.0,0.016125845048716878,1.5999869462336456,1.5999875283141516,3.2860226235079686e-07,-0.18217881807156674,0.09305914122080773,0.6276150627615062,1.5999875276904367,0.0,239
268,train,blind,3.0,0,0.09659444735923473,0.041638009372599524,0.06939667595216638,0.03860783576965332,0.002852795824844967,0.01631233806304914,1.6112379359400921,1.6372400163107836,0.04158484235728134,-0.20008905411079964,0.26344995400456983,0.4100418410041841,1.6372400157130327,0.0,239
269,train,blind,3.0,0,0.04055126141090673,0.012966078547080132,0.021610130118152562,0.0,0.0,0.016127617082804066,1.6298522570143186,1.6272778760439182,0.012966078370204342,-0.1951548386925673,0.21487284489153982,0.4560669456066946,1.6272778808164028,0.0,239
270,eval,blind,3.0,0,0.3109929788440381,0.12962160018179175,0.21603597246783116,0.1534804110123024,0.0,0.013686231720343108,1.2138660550117493,1.275431512414661,0.12962160038649276,-0.15729112781610743,0.1574527434048488,0.7866108786610879,1.2754315107588454,0.0,239
271,eval,blind,3.0,0,0.007217873016016257,0.003040965351204984,0.005068275294140971,0.0,0.0,0.013113924294367245,1.2468563552680874,1.2341251026636386,0.003040965453007504,-0.1421394597543764,0.04629217484198345,0.895397489539749,1.2341251019190118,0.0,239
272,eval,blind,3.0,0,0.382569948058365,0.1360706160130614,0.22678433436427653,0.13541270486979304,0.0,0.01243649748500795,1.2240882411162723,1.1712553151357123,0.13607061586340194,-0.14870917393517102,0.15279385144959795,0.7573221757322176,1.1712553106046617,0.0,239
273,eval,blind,3.0,0,0.09973254793120946,0.03033552099893378,0.05055919926859308,0.0,0.0,0.011965477768970832,1.2557670469064592,1.1211061652235406,0.03033552091518416,-0.1313928223723353,0.0015430724947327816,0.9539748953974896,1.1211061710904897,0.0,239
274,eval,blind,3.0,0,0.3756273159996906,0.14605936331197836,0.24343224468006056,0.17953594615020513,0.0,0.01319225759744239,1.148681090466647,1.2410063113253487,0.14605936352559926,-0.18449196013026878,0.38010029971215764,0.3305439330543933,1.241006315032652,0.0,239
275,eval,blind,3.0,0,0.1445073664815396,0.06360182379589539,0.10600302755002422,0.05572461009524357,0.0,0.012895629040811164,1.2170626368981525,1.210071300300594,0.06360182378061284,-0.1537345011401157,0.20516929285735483,0.6527196652719666,1.2100713020968186,0.0,239
276,eval,blind,3.0,0,0.4961388843030782,0.18925109520604105,0.31541845531027013,0.18904526469348365,0.0,0.012296036586251157,1.2117441129484934,1.1470175795724702,0.18925109479429492,-0.15028241071604065,0.272678714501914,0.606694560669456,1.1470175786966248,0.0,239
277,eval,blind,3.0,0,0.49905009486198143,0.19600937887186,0.326682260941734,0.20406998868517298,0.0,0.012488397970312435,1.1950066171929428,1.1733844078859026,0.19600937886674552,-0.1657568156455544,0.3442238642096204,0.4393305439330544,1.1733844105460294,0.0,239
278,eval,blind,3.0,0,0.41756536128392996,0.15952304375399817,0.26587170707584296,0.17801445417074976,0.0,0.01298162237172128,1.2111891927080674,1.2165664655768222,0.1595230433191151,-0.1593582660918599,0.2631235348229917,0.6443514644351465,1.2165664626058132,0.0,239
279,eval,blind,3.0,0,0.03316622928357742,0.012442012020990994,0.02073668609571762,0.0,0.0,0.01269832053163311,1.245895904975955,1.1905929316536652,0.0124420119090204,-0.14230499244439884,0.07124840499718092,0.8493723849372385,1.1905929359514862,0.0,239
280,train,blind,3.0,0,0.048809969762233514,0.015748149466657136,0.026246913925807427,0.0,0.0001901863883229978,0.015654429117272214,1.6031713276228645,1.5914636673288864,0.015744324924518542,-0.19296795795901212,0.23798925784147892,0.4100418410041841,1.5914636748268203,0.0,239
281,train,blind,3.0,0,0.35386675944174084,0.1578908610192313,0.2631513961651348,0.24058577399622946,0.030049449167989788,0.01815813312416109,1.520525533285101,1.6767961622282053,0.15641368978067932,-0.22112884397868257,0.34959494347013265,0.3723849372384937,1.6767961614393931,0.0,239
282,train,blind,3.0,0,0.37911919344205136,0.15211334866205514,0.25352221179659046,0.23031570983731098,0.013693419959255842,0.01855040779025547,1.604408715309957,1.7314747237760153,0.1518544976792647,-0.23005391715441267,0.46639366153298323,0.2384937238493724,1.7314747342817685,0.0,239
283,train,blind,3.0,0,0.09659444735923473,0.03620175175273437,0.060336247248300855,0.02453404347018717,0.0017116774949069802,0.0163208985814209,1.6391045648183782,1.6298055963037403,0.03617053953668314,-0.2020631096648072,0.2720852250808629,0.41422594142259417,1.6298055970641845,0.0,239
284,train,blind,3.0,0,0.010237411712357194,0.003214631252197566,0.005357718325456776,0.0,0.0,0.01597292848889985,1.6308834241025119,1.6250103874186592,0.0032146312591995337,-0.19021586480100422,0.15175524496275852,0.5523012552301255,1.625010389383801,0.0,239
285,train,blind,3.0,0,0.12297281284996057,0.04990426636807619,0.08317376834029384,0.045834918027143595,0.0030429822131679647,0.01581349977483061,1.5935876364488482,1.611555556871901,0.04981689645034014,-0.1969010250543542,0.24380545416777943,0.4435146443514644,1.6115555364322163,0.0,239
286,train,blind,3.0,0,0.008643440734246789,0.002591364027276354,0.004318939816067507,0.0,0.0,0.016320815892445866,1.6219431266625057,1.6218398161014254,0.00259136391412608,-0.19000962142467887,0.15760111576011157,0.48535564853556484,1.6218398205946531,0.0,239
287,train,blind,3.0,0,0.9487663507461548,0.4021821549615344,0.6703034695741292,0.7616707618172104,0.025798526567381783,0.023881432499635865,1.594820177232897,1.9936672191362124,0.4016918213786306,-5.6983088008541465,0.709794901284263,0.0,1.9936671924205833,0.02702702702702703,37
288,train,blind,3.0,0,0.009418925725383427,0.002508383663724348,0.004180639177606106,0.0,0.0,0.015814609734037557,1.5980947306964188,1.5948465858044485,0.0025083836243002264,-0.18582781004160223,0.1354936348259592,0.5732217573221757,1.5948465900977429,0.0,239
289,train,blind,3.0,0,0.48241889700017115,0.2227343705260362,0.3712238955584128,0.3444275387161446,0.022061621045467744,0.02013731954782952,1.579593233234214,1.8127200004944741,0.22225120029611675,-0.2462047361621638,0.5303718211222884,0.19665271966527198,1.8127200118996811,0.0,239
290,train,blind,3.0,0,0.49775201144090475,0.2147147693742767,0.3578579016869462,0.29612019813958573,0.037276531799567796,0.01803170921959014,1.5079018428734656,1.6511142066831868,0.21283728092902526,-0.2251537644831268,0.42286121249888725,0.28870292887029286,1.6511141989901021,0.0,239
291,train,blind,3.0,0,0.4977520082539135,0.22312795324477858,0.3718798632181769,0.3653480413069785,0.0426017508596556,0.018854833825658928,1.4903578678434364,1.7325148954052307,0.22085947712913978,-0.2379982936689997,0.4527434048488086,0.28451882845188287,1.7325148942469997,0.0,239
292,train,blind,3.0,0,0.29059125512998374,0.12013243493735089,0.20022069514093668,0.18866489191683766,0.020540129814187853,0.017138751642583678,1.532249426991371,1.622340948262474,0.11911058317932981,-0.20991225429852023,0.3415828362859432,0.3598326359832636,1.6223409450593675,0.0,239
293,train,blind,3.0,0,0.17513455355801244,0.06739000952854352,0.11231666754656734,0.07683529851326883,0.004754659708074945,0.017249440343730993,1.6237439001953253,1.6427627771968123,0.06727172712475538,-0.20113560473168993,0.2655568414493012,0.45188284518828453,1.6427627684012733,0.0,239
294,train,blind,3.0,0,0.4754479658978925,0.2097980512173544,0.3496633635994113,0.3179916317991632,0.03746671843728261,0.01866483713293674,1.5266530616014073,1.6966210760830835,0.2082005676981897,-0.2273269588075659,0.39891391435947665,0.301255230125523,1.6966210737760632,0.0,239
295,train,blind,3.0,0,7.168989468786756e-07,1.7770972403904197e-07,2.961828632506242e-07,0.0,0.0,0.01582639440738257,1.5805602707124655,1.580559650724403,1.7771109398922039e-07,-0.1892607270339925,0.20276566070209795,0.4769874476987448,1.5805596579218524,0.0,239
296,train,blind,3.0,0,0.426090166965406,0.17925396268300303,0.29875655979745436,0.2751996956110998,0.016736402172423805,0.018806381328382128,1.571575977064077,1.688356678106795,0.17879327938845338,-0.2181288727866473,0.3872518472358231,0.30962343096234307,1.6883566716914784,0.0,239
297,train,blind,3.0,0,0.49905009486198143,0.21115088577221192,0.35191809268362095,0.31513883578727436,0.02149106188049875,0.018824440392053776,1.5630712234824273,1.7307534576958692,0.2105915248803247,-0.2249069166111781,0.40793495355945275,0.3305439330543933,1.7307534634439432,0.0,239
298,train,blind,3.0,0,0.3069478625608959,0.13405182273724436,0.22341967196686965,0.20254849751624104,0.01122099691105687,0.018233760856247845,1.5965503391860418,1.712651573963245,0.13381357050333859,-0.21383624776076357,0.3024718834386777,0.4602510460251046,1.7126515690385102,0.0,239
299,train,blind,3.0,0,0.5000638219418426,0.20898142775780545,0.3483023352924784,0.28851274310544944,0.019208825220622776,0.01907441209588652,1.5943556173575972,1.7150622137420846,0.2084688782056238,-0.22612786652925704,0.42042790587257783,0.28870292887029286,1.715062218394504,0.0,239
300,eval,blind,3.0,0,0.05794354536329254,0.017451686066740718,0.029086142536372074,0.0,0.0,0.011644598312878583,1.1762163915893522,1.099496930962327,0.01745168617222688,-0.13214232332537054,0.1328822813733345,0.7322175732217573,1.099496932101718,0.0,239
301,eval,blind,3.0,0,0.4797851214425007,0.18629745329442463,0.3104957192358084,0.19703309275365774,0.0,0.012227701883427955,1.1238153090536844,1.1504516186948601,0.18629745233101477,-0.15038513012614754,0.22353779043888541,0.6610878661087866,1.1504516192059366,0.0,239
302,eval,blind,3.0,0,0.4706366194916741,0.19257414112510876,0.3209568618017538,0.2504754660643294,0.0,0.013025676023028012,1.0421494043521802,1.2215861461776072,0.1925741414940211,-0.19138520409351636,0.45057716846197227,0.32217573221757323,1.2215861481712207,0.0,239
303,eval,blind,3.0,0,0.23223904260317552,0.10060864418093432,0.1676810558811785,0.11373145722445085,0.0,0.012731005440594698,1.128019963348261,1.195412987009252,0.10060864393857491,-0.15403493755496978,0.23294459776254484,0.6401673640167364,1.1954129914230436,0.0,239
304,eval,blind,3.0,0,0.0002749838577568819,0.0001016341524077365,0.00016939023805043765,0.0,0.0,0.01242818235259924,1.1690164672280954,1.168644021245725,0.00010163415624359701,-0.13514254714737128,0.0,1.0,1.1686440269390006,0.0,239
305,eval,blind,3.0,0,0.4955261337087284,0.190618083859514,0.3176967718869362,0.1930391788482666,0.0,0.011982680505889791,1.1323221712431648,1.1264021669721005,0.19061808349230647,-0.14679745629003238,0.30312472180183386,0.606694560669456,1.1264021709120102,0.0,239
306,eval,blind,3.0,0,0.017240593236713734,0.006466143017354184,0.010776904083312992,0.0,0.0,0.012132528327623671,1.170350724683147,1.1429702652049365,0.006466142989163653,-0.1333289860766938,0.09572984361553756,0.8075313807531381,1.1429702597560953,0.0,239
307,eval,blind,3.0,0,0.0,0.0,0.0,0.0,0.0,0.012444414701078975,1.1694756748786033,1.1694756748786033,0.0,-0.1303964039715558,0.0,1.0,1.1694756580071932,0.0,239
308,eval,blind,3.0,0,0.43151492035799666,0.16929752755271824,0.28216251249086094,0.2084442763647774,0.0,0.012770984334984178,1.0800859835856131,1.198419341357682,0.16929752777812068,-0.18216398579508386,0.4039882489094633,0.39330543933054396,1.1984193431921586,0.0,239
309,eval,blind,3.0,0,0.1371777911142497,0.04226144162835587,0.07043572975911744,0.014644351215043327,0.0,0.01117201511471466,1.1781201744179346,1.0488534352145933,0.042261441215970426,-0.12376339290986288,0.02344283213151725,0.9623430962343096,1.0488534338832687,0.0,239
310,train,blind,3.0,0,0.0043400218550171355,0.0015412993409094171,0.002568832123558335,0.0,0.0,0.016495705471144186,1.6121043525480325,1.6123591162669608,0.0015412994075651042,-0.19440037632531884,0.22638653965993055,0.4393305439330544,1.612359116760946,0.0,239
311,train,blind,3.0,0,0.14318214790334322,0.06466155993623623,0.10776925586626189,0.04966887407350224,0.0027092113992236307,0.017049829102435847,1.6273463553940224,1.6618371372980787,0.06462202026838913,-1.5259164909147096,0.21797942792729327,0.4900662251655629,1.6618371418354623,0.006622516556291391,151
312,train,blind,3.0,0,0.1161134909462402,0.04594815534360027,0.07658025247171993,0.03784709015401337,0.0013313047182609845,0.01625065601559426,1.6259419678644156,1.6249303501021413,0.0459187922096283,-0.18939117433135513,0.1488471467996083,0.5648535564853556,1.6249303613129609,0.0,239
313,train,blind,3.0,0,0.49267310757053845,0.2111587112277033,0.3519311364877494,0.3069608227104323,0.01806770689068479,0.019392576242045004,1.5972020940301808,1.7379669103163555,0.210741900523823,-0.23070845707067936,0.4657704976408796,0.23430962343096234,1.7379668969751356,0.0,239
314,train,blind,3.0,0,0.8744832384917471,0.39584763089401853,0.6597459356610974,0.7544191947413815,0.03851010215779146,0.023955920374848776,1.5729916377200022,2.0686388744248285,0.39504170583354103,-3.078850088004886,0.6978920409771474,0.05555555555555555,2.068638873480668,0.013888888888888888,72
315,train,blind,3.0,0,0.44414848793262934,0.19459171104220532,0.32431946624746005,0.3141879039080073,0.015405097454162821,0.018758806207112063,1.546252639223841,1.7342940930542088,0.19426498412642074,-0.22754661172351665,0.39624321196474677,0.33472803347280333,1.734294080077909,0.0,239
316,train,blind,3.0,0,0.0034414877965033177,0.0011911871780022282,0.00198531191292288,0.0,0.0,0.01585998299247176,1.6210939450244026,1.6208454574999949,0.001191187046121691,-0.18754628368120696,0.14217039081278376,0.5481171548117155,1.6208454461991626,0.0,239
317,train,blind,3.0,0,0.0007224766159197316,0.00026224660666447104,0.00043707767229431767,0.0,0.0,0.015790047858565047,1.6292621191575438,1.628993532148864,0.0002622466400760337,-0.18806488992078385,0.1230006825128342,0.5564853556485355,1.6289935308411756,0.0,239
318,train,blind,3.0,0,0.23223904260317552,0.09884457976700277,0.16474094453183,0.12875618127848812,0.006085964426335929,0.016814950993869097,1.605177965124282,1.6489777160987695,0.09872010770704642,-0.2137762540111388,0.36647971749903563,0.3305439330543933,1.6489777056632051,0.0,239
319,train,blind,3.0,0,0.02230692015294469,0.00703722868458202,0.01172871368620401,0.0,0.0,0.015871994742913228,1.602078231807533,1.592021361554517,0.00703722879149141,-0.18258026959977147,0.10848986616813555,0.602510460251046,1.5920213649800603,0.0,239
320,train,blind,3.0,0,0.47694583179846367,0.20369749693619196,0.33949578020320553,0.3058197023853597,0.03157094039926968,0.01832124476699026,1.5263351950186566,1.6972666918982022,0.20260980896329714,-0.23040780108102543,0.47028101724086774,0.24267782426778242,1.6972666926863185,0.0,239
321,train,blind,3.0,0,0.4797851131429772,0.20863418786940052,0.3477235929563736,0.3162799546783439,0.03328261776948075,0.019137628370638798,1.5487811941980816,1.723091533742689,0.2071522408952972,-0.227947046946182,0.39452209264369864,0.3054393305439331,1.7230915283865056,0.0,239
322,train,blind,3.0,0,0.06536319171795504,0.02157011929427339,0.03595019592853627,0.00912894657715594,0.0005705591649689933,0.015815365093148404,1.6005212836684541,1.597079401485092,0.021561191097423937,-0.1856367109267848,0.12047835247336716,0.5941422594142259,1.59707939666187,0.0,239
323,train,blind,3.0,0,0.43414843287689137,0.19413282627793405,0.3235546622991442,0.3153290211780301,0.02795739902113272,0.019080833401375112,1.5525337634725052,1.7316278530962796,0.19324939477498054,-0.2262625238919127,0.3827413276358349,0.3472803347280335,1.7316278498040867,0.0,239
324,train,blind,3.0,0,0.03316622928357742,0.009760590594809378,0.016267650243965034,0.0,0.0,0.015485575658397819,1.589427342724102,1.583998310765462,0.009760590526646745,-0.18638128135991497,0.1610136799311552,0.5481171548117155,1.583998332604401,0.0,239
325,train,blind,3.0,0,0.2781775054950136,0.13151606756766807,0.21919341566682005,0.1974134655926517,0.019969570711566815,0.01802586623424641,1.5701461865812165,1.699310900027782,0.1307924848778723,-0.21692230465581674,0.3048161666518295,0.4100418410041841,1.6993108937384804,0.0,239
326,train,blind,3.0,0,0.0005835245887526782,0.00016450600354093474,0.0002741766634758145,0.0,0.0,0.016234535158896297,1.6109729411711753,1.6109460687038788,0.0001645060507585509,-0.18552314228343075,0.11175405798391644,0.5523012552301255,1.6109460593617524,0.0,239
327,train,blind,3.0,0,0.03862335179426082,0.011702191203344741,0.019503651419593603,0.0,0.0,0.015377580591528111,1.5797707515780397,1.5791079459330029,0.01170219136798231,-0.18793651512074905,0.17801715184426833,0.5230125523012552,1.5791079466723887,0.0,239
328,train,blind,3.0,0,0.5015085098678519,0.21168465796773075,0.3528077128229974,0.3058197041934504,0.023392925763728728,0.019356402541241886,1.5908103635121589,1.7351546078047493,0.2111111326241721,-0.2276834759038172,0.43588830529095807,0.2803347280334728,1.7351546093850623,0.0,239
329,train,blind,3.0,0,0.015004504288443965,0.003928861829358938,0.0065481026544772425,0.0,0.0,0.015891723065913722,1.5823702627644878,1.5778659013524714,0.003928861825157758,-0.18734912231807055,0.1808065521232084,0.5230125523012552,1.5778658905245226,0.0,239
330,eval,blind,3.0,0,0.17513455355801244,0.07509975672958767,0.1251662482581078,0.07093952097403954,0.0,0.012222787576715879,1.1173719394655905,1.136693699963422,0.07509975647453339,-0.13805610476056698,0.10816344698655747,0.8326359832635983,1.1366936952200117,0.0,239
331,eval,blind,3.0,0,0.05326771741892722,0.017217130000610734,0.028695214325019012,0.0,0.0,0.011496158696664302,1.148245994017214,1.0718392727265298,0.017217129787446484,-0.12486879318181782,0.0,1.0,1.0718392739240166,0.0,239
332,eval,blind,3.0,0,0.37562728849699706,0.16246593187819575,0.27077651767729427,0.2023583120007894,0.0,0.013413246116059282,1.0665884940694066,1.2587233698891795,0.1624659317265575,-0.16673262565416405,0.25220332947565216,0.5899581589958159,1.2587233678532117,0.0,239
333,eval,blind,3.0,0,1.0033001283974734e-05,2.842860088866812e-06,4.738099884269097e-06,0.0,0.0,0.01225558631355917,1.1423681500566554,1.142367560494395,2.8428565574396853e-06,-0.13165885437963434,0.0,1.0,1.1423675565128562,0.0,239
334,eval,blind,3.0,0,3.939130826693449e-05,1.965927973386703e-05,3.276546507641268e-05,0.0,0.0,0.012224364226925572,1.1399305672326348,1.1398431519085392,1.9659273249436186e-05,-0.12883734912551328,0.0,1.0,1.1398431503714488,0.0,239
335,eval,blind,3.0,0,0.0,0.0,0.0,0.0,0.0,0.012218252354336583,1.1404496393941934,1.1404496393941934,0.0,-0.13165781380615996,0.0010682809578919255,0.99581589958159,1.1404496383733826,0.0,239
336,eval,blind,3.0,0,0.0760018663305159,0.01785085803037485,0.029751428020409323,0.0,0.0,0.010915515757317822,1.1055719440951008,1.0274117590243845,0.017850858115159542,-0.13834491266499283,0.246891599157245,0.6694560669456067,1.0274117637453188,0.0,239
337,eval,blind,3.0,0,0.0034414851706437025,0.001477114511776772,0.0024618574039534193,0.0,0.0,0.01215488329981785,1.142332078522718,1.1367108495165614,0.0014771144364599555,-0.12948346605139066,0.043176355381465324,0.8870292887029289,1.1367108436297788,0.0,239
338,eval,blind,3.0,0,0.5000638219418426,0.20193404662013067,0.3365567021712317,0.24629136427426437,0.0,0.012436674452858303,1.0492434125066303,1.1683208582665632,0.2019340460092547,-0.16506278431002355,0.24778183328882164,0.5648535564853556,1.1683208524043527,0.0,239
339,eval,blind,3.0,0,0.4918546215835647,0.19538564933460886,0.3256427107661233,0.2565614299918817,0.0,0.012377783777406556,0.9936470446726269,1.1646074137054228,0.19538564889220628,-0.18303943993828095,0.42565061277782745,0.3389121338912134,1.1646074176595742,0.0,239
340,train,blind,3.0,0,0.10291766645305227,0.03974079518760937,0.06623465314051565,0.027386839419728044,0.0020920502715529757,0.015988891363673877,1.6151928729592009,1.6155944459109126,0.039658973749857794,-0.19167998718612397,0.18116264577583907,0.5271966527196653,1.6155944479073123,0.0,239
341,train,blind,3.0,0,0.2864649897415939,0.12220139856702086,0.2036689663443239,0.18429060405018938,0.017687334051690838,0.01700871022394761,1.559766770406747,1.6442104373516897,0.12138898019350346,-0.20166537913228053,0.20324045223893886,0.5062761506276151,1.6442104385794991,0.0,239
342,train,blind,3.0,0,0.29470410188133966,0.12324384427935976,0.2054063763470249,0.19227843254679916,0.010270064969441882,0.017423407359742345,1.5880384400299903,1.6848749376241132,0.12303455900561923,-0.20825247532468164,0.2767144425650613,0.4309623430962343,1.6848749293800196,0.0,239
343,train,blind,3.0,0,0.9671822985013326,0.41222160557905835,0.6870358884334564,0.8068181810279688,0.04545454680919647,0.023363219030822318,1.5418877303600311,2.27417183915774,0.4111356760064761,-16.985077120533997,0.8008274231678487,0.0,2.2741718725667446,0.08333333333333333,12
344,train,blind,3.0,0,0.4595581971330663,0.18610484270395936,0.310174695526276,0.2637885131222434,0.028527958186101713,0.018011274168883533,1.5403332116713584,1.665847536160856,0.18507094355312245,-0.2218565457628924,0.4234250274488857,0.2928870292887029,1.6658475410334135,0.0,239
345,train,blind,3.0,0,0.06036286422683006,0.017814696089893816,0.029691158893599006,0.0,0.0,0.01597581182267501,1.620933688335339,1.6138975715038666,0.01781469608966549,-0.18870412151435917,0.15223003649959937,0.5523012552301255,1.6138975730818281,0.0,239
346,train,blind,3.0,0,0.09973252267304225,0.034169841932833525,0.05694973098150391,0.014263978999528925,0.0005705591649689933,0.015648856412260853,1.5918259423646968,1.5816100040240268,0.03415840568108647,-0.1887991909244715,0.19597020683106325,0.46443514644351463,1.5816100055803959,0.0,239
347,train,blind,3.0,0,0.4941819601855557,0.20494949653485686,0.3415824419747094,0.32674020422801814,0.06447318520506057,0.017441029056407917,1.3996517291627668,1.625401632057573,0.20039681741231313,-0.24584334551978204,0.5732514317932283,0.16317991631799164,1.6254016296686686,0.0,239
348,train,blind,3.0,0,0.43555391970134916,0.16408622477735793,0.2734770359737532,0.06926407132829938,0.0021645022290093558,0.015682777389883995,1.5936012381599063,1.6873509883880615,0.16402598062441462,-9.747920463200277,0.4670719351570415,0.2857142857142857,1.6873510362748256,0.047619047619047616,21
349,train,blind,3.0,0,0.017240600663365867,0.004427736546364092,0.007379560576181685,0.0,0.0,0.015558815551493082,1.5950468142661092,1.5912135739705553,0.0044277365778729455,-0.18643188063141858,0.15760111576011157,0.502092050209205,1.5912135671385332,0.0,239
350,train,blind,3.0,0,0.382569948058365,0.15958402462000545,0.2659733371045484,0.23773297954303949,0.018257893279007786,0.01827152452926506,1.5871351488464547,1.6762853711220012,0.159011911049956,-0.2110191585219451,0.3082584052939257,0.4225941422594142,1.6762853685377828,0.0,239
351,train,blind,3.0,0,0.5005976261530134,0.21989191686543372,0.3664864751230061,0.3314948651207042,0.01464435190087083,0.018892946886872895,1.5948077983936007,1.7702832795586048,0.21958712111737444,-0.23454405222971533,0.42467135523309296,0.30962343096234307,1.7702832719058885,0.0,239
352,train,blind,3.0,0,0.24895398218523726,0.10695899147760436,0.17826495994710234,0.1608976793463759,0.026626094178175828,0.01667420289218114,1.540998415966912,1.6303705635429926,0.10535588634608517,-0.20676139389871068,0.25270779548354555,0.4602510460251046,1.6303705547400005,0.0,239
353,train,blind,3.0,0,0.08746963563609224,0.02875474390404413,0.047924569881680444,0.011030810398037962,0.0005705591649689933,0.016054216565790286,1.5751450405958807,1.5684987645767723,0.02874509910703393,-0.19262770474953514,0.24668387785987714,0.401673640167364,1.5684987654290197,0.0,239
354,train,blind,3.0,0,0.15576161381352116,0.06643564306733771,0.11072606160317008,0.0673259794088587,0.005705591649689934,0.01693805328776834,1.609917558386735,1.6303252261054066,0.06620241278647562,-0.19446306609212488,0.19362592361791153,0.47280334728033474,1.6303252305152782,0.0,239
355,train,blind,3.0,0,0.1595777480052146,0.06349411599437331,0.10582351333013698,0.06637504771663554,0.002852795824844967,0.016187849372750047,1.5913300399500954,1.615828648022528,0.06343073034834991,-0.19369625889813713,0.21184604884417937,0.502092050209205,1.6158286566811877,0.0,239
356,train,blind,3.0,0,0.046663172881091675,0.015818442085006327,0.026364069266925968,0.0013313047182609845,0.0,0.01558779094126621,1.5868403744498056,1.5802918904496037,0.015818442436307218,-0.18564271404951538,0.14872844891539808,0.5815899581589958,1.580291887495004,0.0,239
357,train,blind,3.0,0,0.0034414851706437025,0.0009360479020889143,0.001560079750781986,0.0,0.0,0.016179985951273762,1.603422298840399,1.6022837279231976,0.0009360480075446347,-0.1887031187008389,0.1583429775364254,0.5230125523012552,1.6022837308094717,0.0,239
358,train,blind,3.0,0,0.6849061038034657,0.2713158443996993,0.45219300454482436,0.4209280298091471,0.01515151560306549,0.019549429426357772,1.5918100476264954,1.7526338510215282,0.27104425709694624,-2.3269878263451114,0.48382092198581567,0.1875,1.7526338409728826,0.010416666666666666,96
359,train,blind,3.0,0,0.42329977726598883,0.19166789172081108,0.3194464368460552,0.3189425633043425,0.030239635743356648,0.018759844657111616,1.5644876296051378,1.722583612138756,0.19051943423097273,-0.22334392827710958,0.35523309297011785,0.3891213389121339,1.7225836057900117,0.0,239
360,eval,blind,3.0,0,0.4982182329869342,0.19167584956114114,0.3194597132918503,0.1964625337757326,0.0,0.011512979075982855,1.0677750990979342,1.089062885385178,0.19167584938560486,-0.16094669159533911,0.3234220600017807,0.5606694560669456,1.089062890014139,0.0,239
361,eval,blind,3.0,0,0.0005835234280700004,0.0002304193282523777,0.00038403220832490103,0.0,0.0,0.012056638338606976,1.1331688400092983,1.1321470712518094,0.0002304193243251872,-0.12724532554608425,0.0,1.0,1.132147075040945,0.0,239
362,eval,blind,3.0,0,0.44414846890925763,0.18430636961804117,0.307177242879448,0.21966527246531084,0.0,0.01283904082613323,1.0593029425233977,1.2084298660690316,0.18430636861426347,-0.16447869286370337,0.2746372295913826,0.5941422594142259,1.2084298657645225,0.0,239
363,eval,blind,3.0,0,0.02230692015294469,0.008635137547468757,0.014391895270042773,0.0,0.0,0.011746878872107262,1.136997120400353,1.098694592340222,0.008635137387823896,-0.12378603509081096,0.0,1.0,1.0986945942904818,0.0,239
364,eval,blind,3.0,0,0.29880202014860646,0.1217064500899796,0.2028440562790824,0.1375047550166501,0.0,0.012307760430398596,1.1052679294821608,1.159203627431243,0.12170644980201607,-0.14332937243570446,0.20516929285735483,0.7112970711297071,1.1592036286686052,0.0,239
365,eval,blind,3.0,0,0.09046236122763525,0.02504295412365544,0.04173825404522249,0.0,0.0,0.01082531156439225,1.1330484897521749,1.0218210483445282,0.025042954295112316,-0.12953877624707014,0.1760883112258523,0.6443514644351465,1.0218210476238627,0.0,239
366,eval,blind,3.0,0,0.14822524460574474,0.06415548360318742,0.10692579597190888,0.057626473916125596,0.0,0.01173852602405684,1.0891716113649152,1.1069304363248738,0.06415548400318243,-0.14825869449330872,0.249087510015134,0.6192468619246861,1.1069304366731065,0.0,239
367,eval,blind,3.0,0,0.49099224892631954,0.18315098272877278,0.3052516032934455,0.18029669101766962,0.0,0.011278329775610229,1.107022952584542,1.0624834625790807,0.18315098321909318,-0.14192429754974892,0.2552597999940651,0.6443514644351465,1.0624834626939244,0.0,239
368,eval,blind,3.0,0,0.19109905445188377,0.05845228281767384,0.0974204622738299,0.037656903952734244,0.0,0.010844120999338363,1.1195210343125475,1.0195666962462988,0.05845228276132323,-0.13579921339558257,0.19763197721000625,0.6694560669456067,1.0195666979566589,0.0,239
369,eval,blind,3.0,0,0.46716103549544,0.18205184390632997,0.30341970280041014,0.20749334436081443,0.0,0.01210860090152941,1.0399478531781599,1.1419050510832456,0.18205184223307283,-0.17208414313627035,0.3536306715332801,0.40585774058577406,1.1419050591020772,0.0,239
370,train,blind,3.0,0,0.0020282095075691135,0.0005609834816865282,0.0009349724616992744,0.0,0.0,0.016372181079642667,1.592131498468471,1.5913653563256045,0.0005609835791052075,-0.1856686494075997,0.13721475414700735,0.502092050209205,1.5913653479022152,0.0,239
371,train,blind,3.0,0,0.5020268857079679,0.21880558687748114,0.36467593069209364,0.32826169664390914,0.013122860794286848,0.018913991833066714,1.600848332857986,1.746110167962238,0.2185712929039023,-0.23596983667090432,0.4278465236357162,0.301255230125523,1.746110174220431,0.0,239
372,train,blind,3.0,0,0.0008817244371400257,0.00026310433788247217,0.00043850721274824055,0.0,0.0,0.01616124830220409,1.6229359829276178,1.622625381876734,0.0002631043883346929,-0.18768452208783723,0.1334757707943856,0.5606694560669456,1.6226253762069436,0.0,239
373,train,blind,3.0,0,0.09659444735923473,0.03236185404504079,0.05393641756217445,0.02263217983634901,0.0019018638832299778,0.016000581435687746,1.600379304407032,1.5994115155112294,0.032337777583527905,-0.19887389153064844,0.2997715065728953,0.3598326359832636,1.5994115192344522,0.0,239
374,train,blind,3.0,0,0.11274785525415133,0.045050275286758965,0.0750837829759175,0.045834917777751776,0.002662609436521969,0.016632376236755356,1.6203380848074558,1.646194944072468,0.04497555220894424,-0.19898057103048267,0.23024422089676252,0.4393305439330544,1.6461949358637284,0.0,239
375,train,blind,3.0,0,0.009418921166737213,0.0030142744280166277,0.0050237904821895645,0.0,0.0,0.015390727955411543,1.5961523395203148,1.591775991926632,0.003014274381666647,-0.18516016551442432,0.1397667586575269,0.5355648535564853,1.5917759987391265,0.0,239
376,train,blind,3.0,0,0.28232657409398026,0.12203126297603657,0.2033854052980935,0.20254849789032875,0.043742869064897674,0.01729144840053123,1.4638670962225941,1.6072987155934257,0.11907784534660514,-0.22544317584619525,0.4470755808777709,0.2510460251046025,1.6072987182950245,0.0,239
377,train,blind,3.0,0,0.09659447261740192,0.03490483025496238,0.05817471086526159,0.023392925202597135,0.0013313047182609845,0.016150106839586252,1.5852007648934878,1.5969997242903609,0.03487267391721928,-0.18895499486223466,0.17184486186533723,0.5271966527196653,1.5969997194625272,0.0,239
378,train,blind,3.0,0,0.2864649582486312,0.1235364223242541,0.2058940058526954,0.18314948621903504,0.018067706828336836,0.017207879868285363,1.5654010680430106,1.6575806781836633,0.12292418233542114,-0.2080669357288001,0.3026202557939405,0.4100418410041841,1.6575806762255993,0.0,239
379,train,blind,3.0,0,0.0043400218550171355,0.0011162160829002589,0.0018603600976013512,0.0,0.0,0.015665192827270618,1.5729658873011378,1.572398833151143,0.0011162161332535388,-0.18835388520221186,0.20134128609157542,0.5146443514644351,1.572398828615487,0.0,239
380,train,blind,3.0,0,0.0005835234280700004,0.00018411870740420305,0.0003068645093365958,0.0,0.0,0.015645260258215367,1.600300392346402,1.5999952395091994,0.00018411878001156252,-0.1873560468552006,0.1451378379180391,0.5188284518828452,1.5999952402788913,0.0,239
381,train,blind,3.0,0,0.5020820002946379,0.19927329363119467,0.33212210947351506,0.28318752379596984,0.014834538289193828,0.018286976828843855,1.576972771389215,1.705843902282635,0.19900147569110593,-0.22492014358181775,0.430457877088341,0.3054393305439331,1.7058439033614992,0.0,239
382,train,blind,3.0,0,0.916670674937112,0.41372815051249096,0.6895467947636332,0.8058441549539566,0.04675324814660209,0.024071547595251885,1.6090994255883353,2.0095223162855422,0.4126997226050922,-3.1489478112025315,0.7849037487335359,0.0,2.0095223110925704,0.014285714285714285,70
383,train,blind,3.0,0,0.0,0.0,0.0,0.0,0.0,0.01576115455571952,1.6017378743223565,1.6017378743223565,0.0,-0.18921277918018345,0.16605834001008934,0.5146443514644351,1.6017378777901339,0.0,239
384,train,blind,3.0,0,6.514758795400435e-05,2.3819077313072963e-05,3.969846129545038e-05,0.0,0.0,0.015829912667400418,1.6015637020685682,1.601515672196903,2.381908894242781e-05,-0.18597365535676194,0.14083503961541885,0.5857740585774058,1.6015156628981706,0.0,239
385,train,blind,3.0,0,0.005378621699537879,0.0014376709869454876,0.0023961181477906578,0.0,0.0,0.01536444348777999,1.6222523635401387,1.6206272730767477,0.001437670938418808,-0.18613605782206039,0.11418736461022581,0.5564853556485355,1.620627283280792,0.0,239
386,train,blind,3.0,0,0.5020526421234931,0.22316120054984293,0.37193528337150356,0.317230886432915,0.02168124826882175,0.019292723204332667,1.5939054948016689,1.7721871224906156,0.22260178417935733,-0.2370938974897982,0.4933380812487017,0.24267782426778242,1.7721871251174894,0.0,239
387,train,blind,3.0,0,0.00027498420791614755,6.761220105408368e-05,0.00011268699647996099,0.0,0.0,0.01569870743261471,1.5998112255060524,1.5997020063539928,6.761221600176228e-05,-0.18506300237621737,0.12178402919967951,0.5523012552301255,1.5997020014068326,0.0,239
388,train,blind,3.0,0,0.3720951933817057,0.16346508736541215,0.2724417720529958,0.26340814028324944,0.015214911065839823,0.018841128276123286,1.6054919342116831,1.74464301035494,0.1630986537612333,-0.22183863058267841,0.37553043117006446,0.3389121338912134,1.744643015897136,0.0,239
389,train,blind,3.0,0,0.49975553764743685,0.18937063583092,0.3156176860372006,0.24343857000811828,0.02510460325863571,0.017887043236719764,1.5375955441506837,1.6158659495569174,0.18814730413823286,-0.21166987780172003,0.3644025045253569,0.30962343096234307,1.615865956152725,0.0,239
390,eval,blind,3.0,0,0.05794354536329254,0.0189926138767051,0.03165435509560883,0.0,0.0,0.012313463302352563,1.2415299727328153,1.1572295165460977,0.018992613976528804,-0.1427327569081105,0.186682097391614,0.6652719665271967,1.157229509862509,0.0,239
391,eval,blind,3.0,0,0.5017308978531066,0.20529446045838995,0.3421573951614755,0.21814378148342276,0.0,0.012808632917086511,1.1707764834040877,1.20296517394826,0.20529445970068572,-0.15789727840502898,0.3371316656280602,0.5690376569037657,1.2029651728524402,0.0,239
392,eval,blind,3.0,0,0.37911919344205136,0.16392285486568905,0.27320472277624425,0.20387980304502543,0.0,0.014142894938151707,1.1511662098653146,1.318822331757725,0.16392285447351798,-0.16942511346673847,0.2097391613994481,0.7154811715481172,1.3188223321981727,0.0,239
393,eval,blind,3.0,0,0.1870741706890581,0.08413586242209802,0.1402264213668417,0.08653480444243762,0.0,0.01322769143747236,1.2114969354793117,1.2346699946096253,0.08413586234979509,-0.14629429213809997,0.14475206979435595,0.799163179916318,1.234669993049596,0.0,239
394,eval,blind,3.0,0,0.2781775054950136,0.12386597633614131,0.20644326658112583,0.16279954298021404,0.0,0.013721221842643294,1.1418017390881623,1.2865387478757604,0.12386597516364661,-0.17476937508961393,0.2855574349387223,0.5397489539748954,1.2865387519307052,0.0,239
395,eval,blind,3.0,0,0.3926658787366775,0.1720571787091141,0.28676192742005474,0.21567135874696355,0.0,0.014184482923658199,1.1438182308085294,1.328934444543208,0.1720571780975379,-0.16945904493857805,0.32582569215703727,0.5857740585774058,1.3289344493967639,0.0,239
396,eval,blind,3.0,0,0.4465136047263696,0.18259356381858954,0.30432256773149763,0.21434005409105053,0.0,0.013334719821222314,1.1376734480698238,1.2538915083248745,0.1825935633557595,-0.17832320315187014,0.4119410071515476,0.38493723849372385,1.2538915002980915,0.0,239
397,eval,blind,3.0,0,0.000463527011177035,0.00020338480708347127,0.00033897465612704253,0.0,0.0,0.013192399500413295,1.2376052181092265,1.236818804401733,0.00020338479606298317,-0.13965509787998864,0.005638149499985163,0.9623430962343096,1.2368187994073212,0.0,239
398,eval,blind,3.0,0,0.4769458410955545,0.18941442059208935,0.31569066272963764,0.2168124768898577,0.0,0.01285935101921526,1.1190093526281573,1.2064904727696375,0.18941442005299874,-0.17895607083303788,0.4483219086619783,0.3598326359832636,1.2064904750483765,0.0,239
399,eval,blind,3.0,0,0.10942615455924436,0.0308854390461123,0.05147572899691246,0.0,0.0,0.011662769447973146,1.2284953414645654,1.0915680578812397,0.030885438986778237,-0.1438067476836934,0.18730526128371758,0.6736401673640168,1.09156806410154,0.0,239
400,train,blind,3.0,0,0.49008514884387816,0.20986990737251424,0.3497831300301643,0.3189425636784302,0.017687334114038795,0.019286153978321344,1.5998008143951703,1.7559628586390028,0.2094215482174907,-0.23076588461066616,0.426066055372563,0.3263598326359833,1.755962874033196,0.0,239
401,train,blind,3.0,0,0.04055126141090673,0.011214754936559854,0.0186912572170966,0.0001901863883229978,0.0,0.01595661568428121,1.6093771268134336,1.5985255081783278,0.011214754733807229,-0.18889422582620263,0.18439716312056736,0.45188284518828453,1.5985255166509664,0.0,239
402,train,blind,3.0,0,0.012006890569388804,0.0032804685364239633,0.005467447338084628,0.0,0.0,0.016124068700930562,1.6108727357876351,1.6090666317540732,0.0032804685952709345,-0.18601344037499948,0.12466245289177721,0.5774058577405857,1.6090666247424636,0.0,239
403,train,blind,3.0,0,0.372095166128404,0.17273989027254558,0.28789977533618577,0.27976416893085176,0.02624572152622574,0.018858582934824494,1.5957890050680568,1.7491122389438263,0.17182020286438052,-0.23302635181349918,0.4542568028724888,0.24686192468619247,1.7491122573621656,0.0,239
404,train,blind,3.0,0,0.372095166128404,0.14735442860924253,0.24559067641210763,0.23545074201029215,0.034613922487741734,0.017579735839295212,1.5430389560416153,1.6701688522075508,0.14575261037993886,-0.22298371143944068,0.37455117362533014,0.3179916317991632,1.6701688529506713,0.0,239
405,train,blind,3.0,0,0.07326335892778778,0.01949418683283184,0.03249030905296791,0.0009509319416149889,0.0,0.01519135854920084,1.5677203969975395,1.552225073012348,0.019494186754973004,-0.18262655870567662,0.15487106442327667,0.5230125523012552,1.552225078186614,0.0,239
406,train,blind,3.0,0,0.44795531768822805,0.15868291274601615,0.2644714958773091,0.15256008385926828,0.010449321105562407,0.017625901650037915,1.591697477061173,1.6555970708529155,0.1584646533880297,-2.5048426855908326,0.26868835086003096,0.41379310344827586,1.6555970575759327,0.011494252873563218,87
407,train,blind,3.0,0,0.05557844634596492,0.014768759898235133,0.024614598502293687,0.0,0.0,0.01630776129452566,1.6113293809372011,1.596944122134891,0.01476876010810389,-0.18219430797040695,0.10481023175761893,0.5732217573221757,1.5969441181376876,0.0,239
408,train,blind,3.0,0,0.3575846380647296,0.1513465279356934,0.2522441787951268,0.23088626862819225,0.01293267440596385,0.01862138734008166,1.629242012191517,1.7265723322724698,0.15110452833766458,-0.22757361468546924,0.39404730110685776,0.26359832635983266,1.7265723384082887,0.0,239
409,train,blind,3.0,0,0.5003441035252276,0.21770148423073118,0.36283575861296674,0.3157093951392872,0.02149106188049875,0.019914831773272742,1.6124517543545327,1.776901710482322,0.21715630647350778,-0.23833826000198072,0.49686934330395566,0.20502092050209206,1.776901712763025,0.0,239
410,train,blind,3.0,0,0.0010625911311165598,0.0003521174540121944,0.0005868623906828826,0.0,0.0,0.015998923145702195,1.6286238479314987,1.6279512416867532,0.0003521174211029468,-0.19160632853530316,0.16377340573904273,0.5146443514644351,1.6279512436712749,0.0,239
411,train,blind,3.0,0,0.4869205176830292,0.27596330642700195,0.4599388599395752,0.19090908765792847,0.009090909361839294,0.022077617608010768,1.5961857557296752,2.061066675186157,0.2758058741688728,-40.284417401693425,0.5134751773049645,0.2,2.0610666497237347,0.2,5
412,train,blind,3.0,0,2.149352706407653e-05,4.869395909367215e-06,8.115658529734076e-06,0.0,0.0,0.015748375033079083,1.6267049791423847,1.6267013330339886,4.869367049083456e-06,-0.1888110980751485,0.13163595358912727,0.5941422594142259,1.6267013281627107,0.0,239
413,train,blind,3.0,0,6.514794980351147e-05,2.5692346639040796e-05,4.2820576321193364e-05,0.0,0.0,0.016232761049791235,1.6496679104521683,1.6496399566219442,2.569235909036575e-05,-0.194542738952988,0.1925576426600196,0.4811715481171548,1.6496399591385469,0.0,239
414,train,blind,3.0,0,0.30694783156671684,0.12614490004254023,0.21024146767958274,0.18695321454662658,0.018638265993305828,0.017054767026390614,1.5556385065721168,1.6338923922642505,0.1254343821088605,-0.21096283865258822,0.34229502359120456,0.33472803347280333,1.6338923848008622,0.0,239
415,train,blind,3.0,0,0.2988020511427855,0.11741280748002553,0.1956879852974247,0.1745910997420674,0.007797641921242909,0.017463608621522225,1.6180872750082773,1.6714200983486416,0.11726102562514898,-0.20591565489814678,0.26671414582035075,0.46443514644351463,1.6714201093583836,0.0,239
416,train,blind,3.0,0,0.5018170490880057,0.21743291850170063,0.362388143219893,0.3271205784386671,0.04355268286361854,0.01856200627312376,1.5018440911460622,1.6828570400820617,0.21509519610718678,-0.22723872026274153,0.4142852903646993,0.3263598326359833,1.6828570443021447,0.0,239
417,train,blind,3.0,0,0.9865869406996102,0.41227417156614105,0.6871234846526179,0.8072100276577061,0.04231975047752775,0.023890550312554014,1.5732010972910915,2.042663977063935,0.4114623938141198,-7.192218381837459,0.6957691367082417,0.06896551724137931,2.0426639577163033,0.034482758620689655,29
418,train,blind,3.0,0,0.42329977726598883,0.18309207645756467,0.30515341461968204,0.2883225558442551,0.02034994348821281,0.018973465905637796,1.5782772791435529,1.7128238790204835,0.18245742756074657,-0.21913390550336528,0.3377845039912165,0.4225941422594142,1.7128238866621965,0.0,239
419,train,blind,3.0,0,0.005378621699537879,0.0015324265600059612,0.002554044244945133,0.0,0.0,0.01585161907278843,1.6100923184570408,1.6083964316415986,0.0015324266138906683,-0.18839975451301125,0.1688774147600819,0.497907949790795,1.608396429121805,0.0,239
420,eval,blind,3.0,0,0.022306911853421187,0.007172895012106542,0.011954824284554915,0.0,0.0,0.010640043792583704,1.0214073333780138,0.9897867047138293,0.007172894971708233,-0.11929031450354126,0.11825276714442565,0.7824267782426778,0.9897866990063272,0.0,239
421,eval,blind,3.0,0,0.11274788101110218,0.02749896116958903,0.045831599986562055,0.0,0.0,0.009784527546258557,1.0290105317925808,0.9072043802199503,0.027498960938706758,-0.11048849332006855,0.1095581471260275,0.7782426778242678,0.9072043868108577,0.0,239
422,eval,blind,3.0,0,0.4554288766948919,0.18279505658099718,0.3046583878165004,0.24914416090963276,0.0,0.012107933564092106,0.9363929404873229,1.1326096269874892,0.1827950554911866,-0.1651042178569049,0.3161518145939049,0.5606694560669456,1.132609628123676,0.0,239
423,eval,blind,3.0,0,0.0043400218550171355,0.0017542898684224234,0.002923816354691039,0.0,0.0,0.010917344516353627,1.0159421396055979,1.0081593561372,0.001754289854844695,-0.11521070993142207,0.026647675005193033,0.9037656903765691,1.0081593519643952,0.0,239
424,eval,blind,3.0,0,0.05557844634596492,0.015907982715430365,0.026513303314478362,0.0,0.0,0.010236224896083567,1.0155283923428429,0.9449934418231374,0.01590798282319978,-0.1176435120327418,0.13392088786017392,0.7489539748953975,0.9449934440354497,0.0,239
425,eval,blind,3.0,0,0.007910073110366154,0.003091628807451952,0.0051527143824162645,0.0,0.0,0.010826520937413101,1.0109590833157176,0.9972646620483079,0.0030916288673339966,-0.11233224101220562,0.0,1.0,0.9972646659546318,0.0,239
426,eval,blind,3.0,0,0.5010294404741651,0.19365254533586723,0.3227542066317301,0.21034613974922373,0.0,0.011315687227347344,0.985990685897891,1.0613259540317448,0.1936525444987668,-0.14652471397376096,0.2273657972046648,0.5062761506276151,1.06132595408566,0.0,239
427,eval,blind,3.0,0,0.3991743668428696,0.14870730988566483,0.24784548678552287,0.18448079106199192,0.0,0.011457944121289702,0.9817195414998042,1.0701039146055238,0.14870730928559622,-0.1437402249946448,0.23291492329149238,0.606694560669456,1.0701039076257173,0.0,239
428,eval,blind,3.0,0,0.08452669602320004,0.023305983828779145,0.03884330365580806,0.0,0.0,0.010081407580929945,1.0310615218832901,0.9279244417425978,0.02330598363768632,-0.10302095155090234,0.004332472773672809,0.9748953974895398,0.9279244377236284,0.0,239
429,eval,blind,3.0,0,0.4367288618482977,0.17185644108117593,0.2864273673979951,0.22955496278766807,0.0,0.011970501250361393,0.9540865204324284,1.116988253955063,0.17185644125738195,-0.15743553578188096,0.24923588237039676,0.4811715481171548,1.1169882546745513,0.0,239
430,train,blind,3.0,0,0.21562707504729067,0.09460707442159223,0.15767843465673118,0.12875618140318404,0.004944846096397943,0.017402331724716155,1.6284091013744786,1.6774303970476574,0.09450496396807256,-0.2069394842976536,0.2404522389388409,0.4351464435146444,1.6774304097531694,0.0,239
431,train,blind,3.0,0,0.32300139925731,0.1286210271826493,0.21436834779964267,0.1801065043799548,0.006846709979627921,0.017357180481503823,1.592300826535564,1.6587231463468224,0.12850837138641935,-0.2031574647250334,0.26852428855455657,0.45188284518828453,1.6587231453600197,0.0,239
432,train,blind,3.0,0,0.40549758593668717,0.16908918780120769,0.28181527040484283,0.2586534809492622,0.010270064969441882,0.018606536293004846,1.587127292505368,1.704779819215192,0.16888330398002255,-0.22069468951218355,0.36107896376747084,0.32217573221757323,1.7047798197626707,0.0,239
433,train,blind,3.0,0,0.00014589538669387058,3.423941450507213e-05,5.7065684935779436e-05,0.0,0.0,0.015866233195688684,1.5985052470881569,1.5984407593515628,3.423945048909681e-05,-0.18695186327282745,0.14475206979435595,0.49372384937238495,1.5984407535910587,0.0,239
434,train,blind,3.0,0,0.3538667886901772,0.1446597982329226,0.2410996274289672,0.22727272743709914,0.013883606347578839,0.01827431597774186,1.5876650276543207,1.7064968534593303,0.14437866802448499,-0.21412452115358263,0.3298020712780795,0.40585774058577406,1.7064968532180798,0.0,239
435,train,blind,3.0,0,0.5003441035252276,0.2233857745330885,0.3723095698756673,0.33073412037793565,0.014834538226845873,0.01924472515740155,1.585473137919374,1.7549705280918457,0.22311307938643302,-0.2345940875965537,0.4798361969197899,0.2301255230125523,1.7549705205293311,0.0,239
436,train,blind,3.0,0,0.426090166965406,0.174627399073147,0.29104562204071294,0.2725370861122299,0.021110689103852755,0.018035411980844816,1.562995526082346,1.7007317241265685,0.1739475128768649,-0.21485442277080066,0.32541024956230163,0.4393305439330544,1.7007317195624247,0.0,239
437,train,blind,3.0,0,0.4367288415779668,0.1955241764177673,0.3258735794910665,0.31913275006675323,0.02757702630683468,0.019487038796385713,1.5688993369685058,1.7601718815300753,0.19453692456488958,-0.23297902705978266,0.4373423543725333,0.301255230125523,1.760171883059375,0.0,239
438,train,blind,3.0,0,0.09659444735923473,0.0431379011614386,0.07189649603207278,0.028908330214572252,0.0007607455532919912,0.016402063608777447,1.6118717345732525,1.6293314465917803,0.04312328788528933,-0.20203329427153452,0.27582420843348465,0.3891213389121339,1.6293314467202746,0.0,239
439,train,blind,3.0,0,0.3308880299083897,0.1346031019532511,0.22433847339878518,0.1983643962873076,0.013313047182609845,0.017554830472378612,1.598518876600465,1.6915270865711707,0.1342971083542435,-0.22050690273226486,0.4128609157541767,0.2719665271966527,1.691527093112254,0.0,239
440,train,blind,3.0,0,0.15576161381352116,0.05909448714124611,0.0984908001891005,0.06124001510721869,0.0020920502715529757,0.016508544756247658,1.6282153837850404,1.6449340043207592,0.059050526924837865,-0.19575578570426805,0.20134128609157542,0.48535564853556484,1.6449340016359075,0.0,239
441,train,blind,3.0,0,0.10942612930107716,0.034165156246360226,0.056941923713425414,0.017497147351628068,0.0015214911065839823,0.015952371729140376,1.5687485541758677,1.5623890403424348,0.0341116351549595,-0.19221872342466037,0.2646962817887771,0.3891213389121339,1.5623890357566066,0.0,239
442,train,blind,3.0,0,0.2573214347770065,0.11625516018123955,0.19375857454755052,0.16755420324942058,0.011030810522733872,0.01814902794379819,1.5889531256763507,1.6814371826259662,0.1159869754623112,-0.2131045969861615,0.34650879848066707,0.3598326359832636,1.6814371875232828,0.0,239
443,train,blind,3.0,0,0.5013695566800022,0.19673864366014188,0.32789769778666833,0.25770255031695427,0.01293267440596385,0.01893591565648912,1.6277744031850263,1.7164920351495303,0.19647887088766647,-0.2252134581263141,0.4143446393068044,0.2928870292887029,1.71649204272861,0.0,239
444,train,blind,3.0,0,0.11678909896820909,0.04225583592824732,0.07042638731244596,0.021076689052848176,0.0007618080470815051,0.015703636835532147,1.6169414806632356,1.6080022660713622,0.04223921221358846,-1.3069007369578216,0.1596338999167954,0.5418994413407822,1.6080022637777327,0.00558659217877095,179
445,train,blind,3.0,0,0.2698529906927464,0.10408970074058743,0.17348281135710752,0.1434005328676192,0.012171928790323904,0.01708797906880037,1.5799663328725424,1.6409884110155464,0.1036642903956026,-0.19887313937852447,0.2246654203388825,0.4895397489539749,1.640988418102119,0.0,239
446,train,blind,3.0,0,0.09973254793120946,0.03246919517738077,0.054115320870041006,0.01635602902169008,0.0015214911065839823,0.015684757227756113,1.5762971118404276,1.567795979677384,0.03238600363026258,-0.19145545881513368,0.21484317042048728,0.4309623430962343,1.5677959852471062,0.0,239
447,train,blind,3.0,0,0.00027498420791614755,0.00010529732552713084,0.00017549553646162448,0.0,0.0,0.01562728554353305,1.6039768646950503,1.6038011646669779,0.00010529731083822059,-0.18682682211369853,0.14620611887593105,0.5397489539748954,1.6038011674826194,0.0,239
448,train,blind,3.0,0,0.1371777911142497,0.058673155481826514,0.09778858198531977,0.05743628765249851,0.0034233549898139604,0.01632037350642943,1.6038930271459924,1.6127897428668194,0.05856069179993573,-0.19173267027688695,0.19902667734947627,0.47280334728033474,1.612789736691878,0.0,239
449,train,blind,3.0,0,0.14822527385418105,0.06228535959485937,0.10380892010769488,0.07740585792762963,0.0034233549898139604,0.01659408017260385,1.5885473799007208,1.6367065500015994,0.06220349904569615,-0.19424141251827448,0.18448618653372503,0.5271966527196653,1.6367065453935477,0.0,239
450,eval,blind,3.0,0,0.5018170490880057,0.2028697357181726,0.3381161875334796,0.22499049096426704,0.0,0.012224667195121613,1.062976888283526,1.151331737388128,0.20286973519275106,-0.14942365187732107,0.32229443010178344,0.5899581589958159,1.151331745193109,0.0,239
451,eval,blind,3.0,0,0.0014944071429085072,0.0006148827396904092,0.001024804532926853,0.0,0.0,0.012235044384819444,1.151587709472768,1.148989606103139,0.0006148827187758363,-0.12819399911395268,0.0,1.0,1.1489896091039287,0.0,239
452,eval,blind,3.0,0,0.006565895839070679,0.002762272434167137,0.004603787358810299,0.0,0.0,0.01221389852651243,1.1533135248028583,1.1421032854702682,0.002762272468355005,-0.12794496465709812,0.004213774889462595,0.9497907949790795,1.142103286105875,0.0,239
453,eval,blind,3.0,0,0.25732146626996916,0.09495744780557197,0.15826239599706265,0.09737542807806486,0.0,0.011702027363765003,1.1152539475193581,1.1057267831209814,0.09495744752272292,-0.13635843496364003,0.13202172171281046,0.8326359832635983,1.105726780337051,0.0,239
454,eval,blind,3.0,0,0.2740191620142929,0.11785490538473276,0.1964248187392955,0.15595283349936975,0.0,0.01270499422066849,1.0486258156130004,1.1966842242738691,0.11785490535651177,-0.17133287269258993,0.3457372622333007,0.497907949790795,1.1966842246907232,0.0,239
455,eval,blind,3.0,0,0.005953148992843712,0.00254708356322028,0.004245139002336275,0.0,0.0,0.012190538969000015,1.1524075344516642,1.1424711538657983,0.002547083509792223,-0.1295087408201796,0.0,1.0,1.142471148657552,0.0,239
456,eval,blind,3.0,0,0.4554288604148302,0.20272154178675317,0.337869192036972,0.27919360926709913,0.0,0.013768216285262272,1.0107408886674059,1.2964574102327913,0.20272154131518588,-0.18016419075321,0.29285735481765046,0.5481171548117155,1.2964574108769398,0.0,239
457,eval,blind,3.0,0,0.5012103088587818,0.20363295572275533,0.3393882192360412,0.23507037010651752,0.0,0.01230451706543596,1.0479118028445225,1.1575785203832962,0.2036329555319365,-0.1596201175891158,0.25223300394670467,0.6234309623430963,1.1575785284241085,0.0,239
458,eval,blind,3.0,0,0.22807283978866633,0.09904537156630243,0.16507560189993112,0.10897679764107182,0.0,0.012540513825910673,1.1014121099994771,1.1752309700684567,0.09904537170140996,-0.14990312920565863,0.22021424968099942,0.6443514644351465,1.1752309638215912,0.0,239
459,eval,blind,3.0,0,0.4367288415779668,0.18585273570044522,0.3097545195898922,0.23202738726987002,0.0,0.01329520217115722,1.0456700367408815,1.2535097804777793,0.1858527356003171,-0.1716993325791377,0.3183477254517938,0.48535564853556484,1.2535097716943864,0.0,239
460,train,blind,3.0,0,0.30694783156671684,0.1161607721844737,0.19360126215811974,0.1654621536636951,0.012362115240994856,0.017701283862977972,1.605737198845612,1.6774529273539907,0.11586663444203124,-0.21087752730368414,0.3013145790676281,0.3891213389121339,1.677452930172496,0.0,239
461,train,blind,3.0,0,0.3756273159996906,0.16900960141866261,0.2816826211083596,0.29307721617580956,0.013883606347578839,0.019155486669999285,1.5925142872283649,1.752217868631355,0.16874223447811343,-0.22795104497760996,0.35725095700169146,0.3723849372384937,1.752217865856303,0.0,239
462,train,blind,3.0,0,0.501817049438165,0.20628589634815167,0.3438097791657425,0.2945987057236947,0.016546215784100808,0.01847484991710368,1.5738456837801753,1.6955695880506827,0.2058310963195452,-0.22282582885130517,0.4144633371910146,0.28451882845188287,1.695569588550577,0.0,239
463,train,blind,3.0,0,0.01609831423724945,0.004792476104933839,0.007987459483298289,0.0,0.0,0.016166799386113758,1.6158381052097017,1.6092505225576617,0.0047924758073197736,-0.18694732691563878,0.13926229264963352,0.5732217573221757,1.6092505196766875,0.0,239
464,train,blind,3.0,0,0.2531380511106846,0.0978586262026054,0.16309768676360345,0.13446177249174238,0.012362115240994856,0.016853445951893115,1.579595885017427,1.6147839701325324,0.0973859983126177,-0.20548054000821478,0.30902994154129204,0.3891213389121339,1.6147839570308422,0.0,239
465,train,blind,3.0,0,0.9951315760612488,0.38137260898947717,0.6356209307909012,0.6954545497894287,0.03181818276643753,0.023995475377887487,1.649689745903015,2.1308392524719237,0.3805880106985569,-20.300100775093593,0.6049645390070921,0.1,2.130839268098428,0.1,10
466,train,blind,3.0,0,7.168495677855786e-07,6.388526721117107e-08,1.06475442815007e-07,0.0,0.0,0.01601480144742393,1.6265566827861835,1.6265564643189498,6.389955274719807e-08,-0.18798099905794444,0.13430665598385708,0.5439330543933054,1.6265564654893216,0.0,239
467,train,blind,3.0,0,0.003041941807975517,0.0007627997358791602,0.0012713328781284424,0.0,0.0,0.015050585496640729,1.5942333178540153,1.5934689658456267,0.0007627997693363879,-0.19031001367776243,0.1785216178521618,0.5062761506276151,1.593468975908428,0.0,239
468,train,blind,3.0,0,0.004340025042008344,0.001452699755345253,0.002421166187437947,0.0,0.0,0.015885713693362398,1.6237840520288156,1.6212873057341475,0.0014526996973811387,-0.18804807298162404,0.1270364105759815,0.5439330543933054,1.6212873063466813,0.0,239
469,train,blind,3.0,0,0.5019461374421663,0.2286612602535368,0.38110204779014606,0.3320654241609773,0.04412324184154367,0.018724290987235107,1.489151838933075,1.6785989393748997,0.22614677456444057,-0.2303246259588815,0.4201014866909998,0.301255230125523,1.6785989413827995,0.0,239
470,train,blind,3.0,0,0.0012663877662295617,0.0003578786984625249,0.0005964644528279046,0.0,0.0,0.015496059837186061,1.6060376202212219,1.605588854107398,0.0003578786671972175,-0.18904174826454775,0.178640315736372,0.5104602510460251,1.605588860798245,0.0,239
471,train,blind,3.0,0,0.013958478934449634,0.0034737503066258097,0.005789583655333373,0.0,0.0,0.015711359258850248,1.6228644294220034,1.6182195471919232,0.0034737503842258762,-0.18828614866372323,0.14582035075224786,0.606694560669456,1.618219540476503,0.0,239
472,train,blind,3.0,0,0.015004504288443965,0.005390658070815281,0.00898442947873568,0.0,0.0,0.015971800230568173,1.635200911485999,1.6253358903789121,0.005390657980946549,-0.1914474258584829,0.17101397667586574,0.5188284518828452,1.6253358953272032,0.0,239
473,train,blind,3.0,0,0.24895398218523726,0.11078131278824216,0.18463549646083144,0.1715481170301158,0.017877520377665882,0.016876685308393823,1.5325672526738634,1.616346532580244,0.11005351980773062,-0.19989639554163743,0.22558532894151165,0.5313807531380753,1.6163465242675252,0.0,239
474,train,blind,3.0,0,0.34251425579287914,0.1548648425053075,0.25810803331324644,0.2607455312208152,0.037847091026884744,0.018146741839133545,1.5297030597052315,1.7070945862945652,0.15272200619056017,-0.22379785363119847,0.34039585744384115,0.3682008368200837,1.7070945920691367,0.0,239
475,train,blind,3.0,0,0.19514420172920505,0.08410278812720451,0.14017129637917505,0.10973754306966789,0.015024724552820915,0.016650113822681886,1.565400976516213,1.6364886219531423,0.08325078871179563,-0.20095452248126047,0.22635686518887804,0.46443514644351463,1.6364886229656852,0.0,239
476,train,blind,3.0,0,0.09046233746581896,0.0429972662721594,0.07166210385416337,0.038417649318982366,0.003993914154782953,0.016287958991780066,1.5742561560295616,1.6017251600780247,0.0428608215194826,-0.19532569872101332,0.23344906377043828,0.4351464435146444,1.6017251673207291,0.0,239
477,train,blind,3.0,0,0.4797851131429772,0.2163460465014384,0.36057669191313646,0.3427158627175886,0.018257893279007786,0.019687291279544265,1.591810643922335,1.7848584040937066,0.21594839305481747,-0.23897311780673505,0.44769874476987453,0.3054393305439331,1.784858408630329,0.0,239
478,train,blind,3.0,0,0.000463527011177035,0.00011536807504240969,0.00019228012707994308,0.0,0.0,0.015968573476464555,1.6111164093017578,1.6110113490076743,0.00011536807555994643,-0.1851827036745213,0.10789637674708448,0.5271966527196653,1.6110113390797653,0.0,239
479,train,blind,3.0,0,0.502052641987655,0.2124523845188652,0.3540872538445964,0.3244579683786656,0.026816280691194735,0.018693485905155228,1.578258330851918,1.7392187707094966,0.21165668108502,-0.2303937067991261,0.4336033710199116,0.30962343096234307,1.7392187834551773,0.0,239
480,eval,blind,3.0,0,0.39917434158470244,0.16824246662616887,0.2804040775463744,0.2031190569929498,0.0,0.01322443885865103,1.1005928548808876,1.243710109254805,0.16824246725211434,-0.1580588985568269,0.31223478441496777,0.5899581589958159,1.2437101033443192,0.0,239
481,eval,blind,3.0,0,0.007217877699358381,0.0032544120700572516,0.005424019790419658,0.0,0.0,0.01236169548338926,1.1769933730488542,1.1625166046569537,0.0032544119624704974,-0.1327041560326118,0.0,1.0,1.1625166035277708,0.0,239
482,eval,blind,3.0,0,0.4961388843030782,0.1903985549123942,0.31733088769935847,0.1922784332949746,0.0,0.011657268046615762,1.1089897634594013,1.1016232691798749,0.19039855387710763,-0.14607722692166383,0.29264963352028245,0.6108786610878661,1.10162327350865,0.0,239
483,eval,blind,3.0,0,0.167300184708377,0.053905570966128996,0.08984260993823848,0.0285279573755783,0.0,0.011240103425239855,1.1760491978174472,1.0574732896673131,0.05390557073357234,-0.12499742297051616,0.04065402534199827,0.9414225941422594,1.0574732937963778,0.0,239
484,eval,blind,3.0,0,0.00595315217983492,0.002751640839972017,0.004586067926489346,0.0,0.0,0.012442988230531186,1.1830791120249855,1.170837543000736,0.0027516406195926984,-0.13080524325135565,0.0,1.0,1.17083755204295,0.0,239
485,eval,blind,3.0,0,0.010237411712357194,0.004327130118844286,0.007211883295248029,0.0,0.0,0.012389191812114736,1.1831498747091413,1.1669371654299014,0.004327130188589972,-0.13409937835457333,0.04596575566040535,0.8870292887029289,1.1669371657278522,0.0,239
486,eval,blind,3.0,0,0.4671610229562556,0.18991579260005761,0.316526285331028,0.2137694944272979,0.0,0.01270158841687734,1.1018858828803983,1.1984670646021056,0.18991579261600994,-0.1559474290599094,0.2995341108044749,0.5355648535564853,1.1984670561039519,0.0,239
487,eval,blind,3.0,0,0.4417291495469365,0.1883194018094754,0.3138656278564492,0.22480030482533586,0.0,0.013255823721181772,1.0855331742613885,1.2478797081000634,0.18831940115360415,-0.16254484668654207,0.35508472061485497,0.5355648535564853,1.2478797163985886,0.0,239
488,eval,blind,3.0,0,0.10614915428562363,0.02624054033486158,0.043734231295583334,0.0,0.0,0.01101765836779979,1.1529243748058335,1.0359150107684993,0.026240540128577527,-0.14011008378045237,0.2542211935072258,0.606694560669456,1.0359150091730904,0.0,239
489,eval,blind,3.0,0,0.3649142709313249,0.13817642886864648,0.23029401987576983,0.15214910660578118,0.0,0.012178634406383067,1.112585946855186,1.1538731202046741,0.13817642852792464,-0.1484535552150812,0.21214279355470492,0.7196652719665272,1.1538731156632367,0.0,239
490,train,blind,3.0,0,0.29059125512998374,0.12136477085227262,0.20227458911296906,0.18904526438174388,0.0258653488119277,0.017189176801872676,1.5312355307854368,1.6400111175481245,0.12006212622092265,-0.21234180936483568,0.31021692038339416,0.3807531380753138,1.6400111149909555,0.0,239
491,train,blind,3.0,0,0.2656803193330306,0.10709022051035783,0.17848367590480824,0.15271966539666243,0.00950931941614989,0.01758974272890258,1.598108820586025,1.6632794515857139,0.10685388089616604,-0.2090216343199004,0.3111961779281285,0.35564853556485354,1.6632794321033384,0.0,239
492,train,blind,3.0,0,0.27401919350725557,0.11490828305137393,0.19151377971948366,0.1671738300363389,0.007227082756273916,0.017299223926978257,1.6015091820242016,1.7006087011373192,0.1147707794060727,-0.21111971643998492,0.28413306032819957,0.4602510460251046,1.7006087017246687,0.0,239
493,train,blind,3.0,0,0.11274788101110218,0.04528130308221894,0.07546883069116878,0.03879802203328041,0.0038037277664599556,0.016463048680136018,1.5705602722686705,1.5921632689910952,0.04517073396441846,-0.1882100481431541,0.16145879699694354,0.5271966527196653,1.5921632699614434,0.0,239
494,train,blind,3.0,0,0.19920830527869945,0.08025571148770483,0.13375950032614167,0.1099277288968593,0.005705591649689934,0.01703563645271639,1.6041045463234809,1.6748547361984412,0.08013618518380175,-0.20649491972245956,0.2572183150835336,0.42677824267782427,1.6748547433813192,0.0,239
495,train,blind,3.0,0,0.4986505481252782,0.236253636461583,0.3937560056506585,0.3714340054839226,0.03271205879155562,0.01925008608979099,1.5207915134010954,1.7572656568124205,0.2351861084535512,-0.23535504388460643,0.44280245704620314,0.29707112970711297,1.7572656529927544,0.0,239
496,train,blind,3.0,0,0.002028211354079294,0.0006707710632539883,0.001117951684364967,0.0,0.0,0.0158312856804221,1.5984399181529567,1.5975839555512912,0.0006707710299033123,-0.18326863061550294,0.10715451497077064,0.5983263598326359,1.59758395837327,0.0,239
497,train,blind,3.0,0,0.14082450920353773,0.06797948912255272,0.11329913718247675,0.06903765740254933,0.009319133027826892,0.016633779960041516,1.5589733168669824,1.6071809465416307,0.06756259587947859,-0.20498800115934554,0.30914863942550225,0.39748953974895396,1.607180953776288,0.0,239
498,train,blind,3.0,0,0.5020820002191994,0.21222942412005144,0.35371565820290524,0.31304678595215707,0.015024724677516825,0.01938217585695962,1.5990230274000925,1.7577393281908713,0.2119516965441606,-0.23785682039526232,0.4553547583014333,0.25523012552301255,1.757739336194668,0.0,239
499,train,blind,3.0,0,0.1161134909462402,0.045059085402685946,0.07509846877217562,0.03537466704346645,0.0011411183299379866,0.016018876897475085,1.5843957348348705,1.6126648564218975,0.045029271489302004,-0.18983684508272264,0.1509540342443396,0.5690376569037657,1.612664854203362,0.0,239
500,train,blind,3.0,0,0.43151492035799666,0.18547580913506242,0.30912630370113375,0.3014454158280185,0.04678585121571768,0.017507360611017403,1.49865036230207,1.6631296368074218,0.18248000415127283,-0.22413173437324188,0.37766699308584833,0.3514644351464435,1.6631296312107238,0.0,239
501,train,blind,3.0,0,0.3501149740058049,0.14537999512171437,0.24229995737307233,0.22327881378109984,0.009319133027826892,0.018396667251558235,1.6081509954260982,1.7060455495343547,0.145187080888931,-0.22583588396360776,0.41852873972521437,0.2510460251046025,1.7060455572469604,0.0,239
502,train,blind,3.0,0,0.4769458410955545,0.2207662447982029,0.36794368637986063,0.3508938762308663,0.04050970065045058,0.019005395906537024,1.5057180346804184,1.7370800213833733,0.21895848206369317,-0.23514472194884595,0.39840944835158326,0.3263598326359833,1.7370800230906889,0.0,239
503,train,blind,3.0,0,0.49905009486198143,0.21210442235673838,0.3535073223447474,0.3204640552214499,0.012742488017640852,0.018955000327455823,1.5819697242900417,1.747145455751459,0.2118479965582798,-0.23261078934346185,0.4631294697172023,0.27615062761506276,1.7471454559477606,0.0,239
504,train,blind,3.0,0,0.22391452780090834,0.09128842595687636,0.15214735313884184,0.13693419578933316,0.006656523591304923,0.016843735267677067,1.5930388699515594,1.6557261562247656,0.09112852227870569,-0.2029964461063024,0.2514911421703908,0.4351464435146444,1.6557261587344905,0.0,239
505,train,blind,3.0,0,0.215627043554328,0.08886349960121304,0.14810581354013494,0.112400152319146,0.012362115240994856,0.01696205990209739,1.5603247037991321,1.615487420908078,0.08832630869766496,-0.20403341231696132,0.2961808955755364,0.41422594142259417,1.615487424442131,0.0,239
506,train,blind,3.0,0,0.0007224776207325224,0.00023842942126781609,0.00039738235728733367,0.0,0.0,0.016310704517408146,1.604262541028745,1.603935147429111,0.00023842930043821035,-0.18969073206392278,0.17223062998902045,0.4811715481171548,1.6039351483000626,0.0,239
507,train,blind,3.0,0,0.00595315217983492,0.0019607786631986603,0.0032679643493842736,0.0,0.0,0.01601957532121297,1.5900208181915922,1.5884174472617305,0.0019607786249618286,-0.18373728038805862,0.11908365233389714,0.5774058577405857,1.5884174393836512,0.0,239
508,train,blind,3.0,0,0.004340025042008344,0.0015137309159528978,0.0025228847139203243,0.0,0.0,0.01581008074547955,1.6065085191108193,1.6050437127695922,0.00151373100947483,-0.18675606966115504,0.14727439983382296,0.5648535564853556,1.6050437160450903,0.0,239
509,train,blind,3.0,0,0.3538667886901772,0.1549591330305139,0.25826518158777556,0.2592240388672721,0.03499429526438773,0.017612761854891624,1.5135407909189806,1.6783856629826535,0.15330222854542958,-0.218136033819617,0.3264785305201936,0.41841004184100417,1.6783856624279043,0.0,239
510,eval,blind,3.0,0,0.14822527385418105,0.05022367539126489,0.0837061184053051,0.033282616896609385,0.0,0.010989861439126369,1.1080019992764525,1.04205468166074,0.05022367540876981,-0.12104254126829833,0.05038725184723581,0.9372384937238494,1.0420546804240263,0.0,239
511,eval,blind,3.0,0,0.06794360041903054,0.019161663162985974,0.03193610425870213,0.0,0.0,0.011143911418516703,1.138055493392705,1.0530940053602642,0.01916166326594534,-0.11765614640479496,0.01181043947891629,0.9623430962343096,1.0530940059064442,0.0,239
512,eval,blind,3.0,0,0.020964593625584595,0.0077431934161616344,0.012905322189482269,0.0,0.0,0.01154377544298768,1.1237790552143272,1.0893187847097547,0.007743193524631245,-0.12336994998259723,0.001335351197364907,0.99581589958159,1.0893187778416495,0.0,239
513,eval,blind,3.0,0,0.0038738029971952595,0.0017281573830941054,0.002880262119391598,0.0,0.0,0.011870122395814338,1.1252747893832218,1.1175801589399201,0.0017281574274500477,-0.12668233817186406,0.0021068874447312974,0.9916317991631799,1.117580158436149,0.0,239
514,eval,blind,3.0,0,0.001494409176462552,0.0007040385835695423,0.001173397574671661,0.0,0.0,0.011881254352317445,1.1236921192213083,1.1205591908558643,0.0007040385901148599,-0.12823503814640952,0.004569868542093237,0.9288702928870293,1.1205591902630245,0.0,239
515,eval,blind,3.0,0,0.4891325045084395,0.1953358266441245,0.3255596703349975,0.25922403924135984,0.0,0.012448874619793318,0.9838389158248901,1.174023559527417,0.19533582686563022,-0.16723412567612442,0.3390011573043711,0.46443514644351463,1.1740235628154287,0.0,239
516,eval,blind,3.0,0,0.007217877699358381,0.003085947155204278,0.005143244914522016,0.0,0.0,0.011794426566122342,1.1243827659714671,1.1106485355349265,0.0030859471376689157,-0.12691339407637217,0.0,1.0,1.110648533812512,0.0,239
517,eval,blind,3.0,0,0.2698529906927464,0.09576490072072089,0.15960814771684478,0.11943704825066123,0.0,0.011459113606232292,1.0693185000240055,1.0839266076247562,0.09576490060244852,-0.13747248276466717,0.13552330929701178,0.7531380753138075,1.0839266041368327,0.0,239
518,eval,blind,3.0,0,0.07879225602993307,0.032415055141104265,0.05402508707541464,0.012362114804559173,0.0,0.01159354787666709,1.1228193236694177,1.0920580109916471,0.032415055186251734,-0.12255880163434439,0.042820261728834685,0.9372384937238494,1.0920580131917397,0.0,239
519,eval,blind,3.0,0,0.502088449363476,0.20640458309396792,0.34400759582801343,0.2632179526479673,0.0,0.012410532172660199,1.0029727223029197,1.1706617468321174,0.2064045837631429,-0.16011157058206307,0.22588207365203714,0.5439330543933054,1.1706617411510838,0.0,239
520,train,blind,3.0,0,0.228072871281629,0.10016972143276694,0.16694951343418793,0.14872575199005494,0.006846709979627921,0.01705355111657638,1.5927661762077938,1.6669013485250115,0.10001179708750474,-0.2068734517131621,0.27045312917297254,0.4476987447698745,1.6669013417056702,0.0,239
521,train,blind,3.0,0,0.5019918540521879,0.2220415067176911,0.37006912410139176,0.3206542421709045,0.01901863883229978,0.019164621066224127,1.6126182882356843,1.7488671396566735,0.22158096007545863,-0.23213021705491188,0.45894536929879226,0.26359832635983266,1.7488671418506767,0.0,239
522,train,blind,3.0,0,0.478391402922768,0.20487574189015145,0.34145952323023604,0.3048687713166161,0.0384176503788976,0.01826777119018044,1.510604383307022,1.6825913884150931,0.20293574937083528,-0.22701126756746917,0.40182201252262684,0.28870292887029286,1.6825913946319058,0.0,239
523,train,blind,3.0,0,0.1595777480052146,0.056947251281485,0.09491207475194531,0.05534423775503326,0.0024724230481989714,0.016490911560281176,1.6229528315895272,1.6275124095972613,0.05688726463453517,-0.20013743941640927,0.26704056500192885,0.39330543933054396,1.627512413391246,0.0,239
524,train,blind,3.0,0,0.15197705929011698,0.06800304651657967,0.11333839724032271,0.07892734940830134,0.004754659708074945,0.017075962314935533,1.6221040631936683,1.6783934148285677,0.06790445604751025,-0.1997653869108785,0.19398201727054215,0.497907949790795,1.6783934108739227,0.0,239
525,train,blind,3.0,0,0.4967134153445068,0.20477868022293533,0.34129775048535077,0.31095473586764794,0.014644351838522874,0.01890906142694369,1.6033678079748752,1.7360143990696224,0.20446563899749282,-0.2286203525001405,0.4289148045936081,0.26359832635983266,1.736014393854354,0.0,239
526,train,blind,3.0,0,0.4488243158769947,0.19993626114663732,0.33322704585103663,0.3429060481083443,0.0665652355389615,0.017933947723904414,1.3895524493321216,1.633116197386546,0.1956989824764864,-0.23969593349997098,0.49678031989079796,0.20920502092050208,1.6331162085307593,0.0,239
527,train,blind,3.0,0,0.007217873016016257,0.001847143614190732,0.0030785724650067474,0.0,0.0,0.015585314759119534,1.6008140212821163,1.5992799154385364,0.0018471436592468712,-0.19146679750663098,0.2042790587257782,0.46443514644351463,1.5992799091420669,0.0,239
528,train,blind,3.0,0,0.11952211124389958,0.046991976915443316,0.07831995235348099,0.05077976399884563,0.006085964426335929,0.016384463620890383,1.5846149667037581,1.6135508348253482,0.04676176352443397,-0.19166153154444482,0.1875129825810855,0.4769874476987448,1.6135508280329753,0.0,239
529,train,blind,3.0,0,0.4554288766948919,0.2061794681129674,0.343632397304832,0.33586915205213314,0.04830734238464962,0.01830039457827183,1.482938222057151,1.7148897772553575,0.203591184737036,-0.22726484799526228,0.3541054630701208,0.4225941422594142,1.7148897700835999,0.0,239
530,train,blind,3.0,0,0.11952211124389958,0.054865627015795206,0.09144270153262966,0.0549638647913434,0.0032331686014909623,0.016142067965120077,1.5888106199487981,1.6230182114006586,0.054780286055297035,-0.1918485426566406,0.17107332561797087,0.5062761506276151,1.6230182059287455,0.0,239
531,train,blind,3.0,0,0.2667994412044893,0.0760710714510982,0.12678510936508464,0.04095409559731436,0.002250225089564182,0.01587173520209323,1.5970908037506708,1.5872286410614995,0.07602399817169679,-2.1715078714344194,0.2040587037427147,0.5346534653465347,1.5872286318770734,0.009900990099009901,101
532,train,blind,3.0,0,0.45752091049933935,0.1969526720698329,0.32825440286704854,0.3219855463280339,0.054963865851258634,0.01800854739861633,1.4563919176117646,1.6574080963015057,0.19343784609994766,-0.2386579187166181,0.48042968634084104,0.22594142259414227,1.6574081036878798,0.0,239
533,train,blind,3.0,0,0.44882433315462367,0.2127517820126779,0.3545862449504529,0.37124381903325165,0.049828833491233605,0.019380238984621843,1.519145544852173,1.765812660111543,0.21047468158922053,-0.23317289902765953,0.39645093326211467,0.3598326359832636,1.7658126689797118,0.0,239
534,train,blind,3.0,0,0.009418921166737213,0.0026131965578924297,0.004355327457499595,0.0,0.0,0.015533480908191727,1.5913245949785082,1.5877308977697684,0.0026131965926130558,-0.18448710604191074,0.13080506839965578,0.5397489539748954,1.5877308951989564,0.0,239
535,train,blind,3.0,0,0.15197705929011698,0.0553650503047663,0.09227507467439255,0.05553442345752876,0.002662609436521969,0.01611089791564824,1.575649518597575,1.596829811399452,0.055300730108984265,-0.18771166684767687,0.16374373126799013,0.5062761506276151,1.5968298133905887,0.0,239
536,train,blind,3.0,0,0.4671610229562556,0.1992776716486249,0.3321294058801701,0.28661087909752353,0.014834538289193828,0.018817444478072008,1.5898878674128065,1.727773372348881,0.19898602230670165,-0.23396669845686593,0.45033977269355174,0.25523012552301255,1.727773368800694,0.0,239
537,train,blind,3.0,0,0.07326333691171423,0.03177346783886453,0.052955774732969634,0.02339292514024918,0.0007607455532919912,0.015683038670678766,1.614922158388912,1.6289943733474699,0.03176141553984616,-0.19966435328684656,0.24632778420724652,0.46443514644351463,1.6289943733486072,0.0,239
538,train,blind,3.0,0,0.016098320915726126,0.0044817884808706285,0.00746964694386315,0.0,0.0,0.016295823944677993,1.615576203398126,1.6100614454955735,0.004481788571820099,-0.18429428174470044,0.10335618267604381,0.5606694560669456,1.6100614381479024,0.0,239
539,train,blind,3.0,0,0.011099784369602368,0.0034898288292755765,0.005816380934223288,0.0,0.0,0.01619855653899858,1.630628575839757,1.6281471023000933,0.003489828920209825,-0.18948615351030598,0.14819430843645212,0.5062761506276151,1.6281471081691772,0.0,239
540,eval,blind,3.0,0,0.0005835245887526782,0.00031900253167831843,0.0005316708624659098,0.0,0.0,0.013534474182702507,1.271170054020742,1.2697526356166378,0.00031900253046058494,-0.14597298809821033,0.001216653313154693,0.99581589958159,1.2697526310031915,0.0,239
541,eval,blind,3.0,0,0.19109902345770474,0.08058311546239763,0.13430517675354103,0.07683529851326883,0.0,0.013134250899574186,1.2275544761613821,1.2310533891412503,0.08058311512249777,-0.1551596130244379,0.2073652037152438,0.6736401673640168,1.2310533876781475,0.0,239
542,eval,blind,3.0,0,0.4948741555965635,0.19343664408909234,0.3223943689621417,0.19494104254445271,0.0,0.012537358775851803,1.2093668600006582,1.1823805932844034,0.19343664334134308,-0.15223609667833385,0.32377815365441115,0.5774058577405857,1.1823806061261657,0.0,239
543,eval,blind,3.0,0,0.031455413804247795,0.011895918753515651,0.019826529667518886,0.0,0.0,0.01312741093244014,1.2877761143022002,1.235109732988988,0.011895918950788476,-0.1404862697543902,0.015668120715748243,0.7949790794979079,1.2351097296283229,0.0,239
544,eval,blind,3.0,0,0.04457112279658256,0.01643651681670273,0.02739419281222345,0.0,0.0,0.012833973907214828,1.2709376941664947,1.1979625818619668,0.016436516775147576,-0.13842274290351972,0.0,1.0,1.197962582197118,0.0,239
545,eval,blind,3.0,0,0.1751345835546242,0.05849242809473485,0.09748737181425553,0.031951312240696354,0.0,0.01206647249320561,1.258295161953531,1.1389139464834246,0.058492428246921094,-0.1367288259552603,0.054660375678803524,0.9288702928870293,1.1389139492887936,0.0,239
546,eval,blind,3.0,0,0.5020705397838968,0.19757790039278855,0.32929646319686096,0.19950551586420467,0.0,0.012216433275794945,1.1851175946171812,1.1571148278573566,0.19757789935311815,-0.15062122854062956,0.2087895783257663,0.7364016736401674,1.157114831635767,0.0,239
547,eval,blind,3.0,0,0.47389736845189456,0.18992744932958475,0.31654571164065726,0.2130087493104416,0.0,0.013120131614855705,1.1465445856668959,1.2404181177271958,0.18992744842185574,-0.17649886396307424,0.3602480785779994,0.4602510460251046,1.2404181192179013,0.0,239
548,eval,blind,3.0,0,0.007910073110366154,0.0038050011383473316,0.006341668098890242,0.0,0.0,0.013374017477503133,1.2714315682774309,1.2545347343428863,0.0038050010897293218,-0.1437148538599547,0.001216653313154693,0.99581589958159,1.2545347364471402,0.0,239
549,eval,blind,3.0,0,0.49267310757053845,0.18788994046132212,0.3131498671448536,0.18562190976601764,0.0,0.012270115158095894,1.1963439194727143,1.15805117561478,0.18788994001505324,-0.15046759275673216,0.30398528146235804,0.606694560669456,1.1580511808498066,0.0,239
550,train,blind,3.0,0,0.00027498420791614755,0.00010275037450936066,0.0001712506167845368,0.0,0.0,0.015658099062070562,1.5881076689544582,1.5880002409344438,0.00010275034762028299,-0.1850042434399876,0.13317902608386006,0.5397489539748954,1.5880002337284116,0.0,239
551,train,blind,3.0,0,0.5017308978531066,0.21942569806999027,0.36570944000636113,0.34176492959136245,0.04012932774910867,0.01878375316108869,1.5224805127626682,1.7239563273086707,0.21768426334740648,-0.22936740535122546,0.3933351138015965,0.3514644351464435,1.7239563344402675,0.0,239
552,train,blind,3.0,0,0.45752091049933935,0.19655263050760471,0.3275876653655565,0.31818181881096574,0.04050970058810262,0.01811387517321933,1.5252514454111394,1.6755805826087378,0.19438552019908067,-0.22677022268827157,0.4119410071515475,0.3054393305439331,1.6755805872745264,0.0,239
553,train,blind,3.0,0,0.15576161381352116,0.06130571235118783,0.10217617398922059,0.07569418018333084,0.0030429822131679647,0.016637783596938998,1.5810920795636196,1.6291753043689488,0.061246185925757576,-0.19697007862462765,0.204427431081041,0.47280334728033474,1.6291753126776454,0.0,239
554,train,blind,3.0,0,0.5020268857079679,0.20094865524783528,0.33491437785996214,0.2668314949613236,0.023012552924734777,0.017666361503162767,1.574401911831301,1.6662217889869562,0.200076954429571,-0.21548454688586552,0.3362414314964836,0.3891213389121339,1.6662217907314094,0.0,239
555,train,blind,3.0,0,0.00036113544281525344,0.00011030823115559459,0.00018384703998205497,0.0,0.0,0.01582040401978348,1.599515170482412,1.5993649303663724,0.00011030816561108938,-0.18571052924236922,0.12679901480756106,0.5774058577405857,1.5993649295258452,0.0,239
556,train,blind,3.0,0,0.23223904260317552,0.08913404424749395,0.14855672010993481,0.11373145703740699,0.007227082756273916,0.016590664215837936,1.5814689759430027,1.629185817481085,0.08891126412664985,-0.20117559732261125,0.25027448885723613,0.4560669456066946,1.6291858201069713,0.0,239
557,train,blind,3.0,0,0.3502477547436049,0.12869020252291,0.21448365311053666,0.0633608793670481,0.00550964203747836,0.015475759494372389,1.6115897532665369,1.6678062243895098,0.1285822383607879,-6.27225031375078,0.27767032022351174,0.3939393939393939,1.6678061924286123,0.030303030303030304,33
558,train,blind,3.0,0,0.09350415801189335,0.033350514303907466,0.055584185103063614,0.021681247582994244,0.0013313047182609845,0.016235179624376064,1.598679924609771,1.6100856033329185,0.033304202983078644,-0.19030743300835076,0.16884774028902938,0.5355648535564853,1.6100855975752348,0.0,239
559,train,blind,3.0,0,0.43414843287689137,0.1867400491540911,0.3112333681283455,0.3050589577049391,0.0443134280428228,0.018238564033575638,1.5014136775268172,1.6701247342959606,0.1842565686053288,-0.21844793646487906,0.2979613638386896,0.4225941422594142,1.6701247392975878,0.0,239
560,train,blind,3.0,0,0.012006890569388804,0.0033477754339279373,0.005579625166886609,0.0,0.0,0.015592155471506478,1.6007998229070688,1.5964011223246364,0.00334777526190786,-0.18655244708507934,0.15404017923380517,0.5188284518828452,1.5964011184019757,0.0,239
561,train,blind,3.0,0,0.002674004892043177,0.0010445029349977182,0.0017408381058409749,0.0,0.0,0.01586185347397956,1.6009893464742844,1.5993171870459073,0.0010445029484080083,-0.18534516578803983,0.135642007181222,0.5606694560669456,1.5993171915184528,0.0,239
562,train,blind,3.0,0,0.4488243158769947,0.19698599063895209,0.3283099359768773,0.3050589577049391,0.037276531986611655,0.017820599321353884,1.514918368730585,1.659911472428294,0.19546755907354949,-0.22578471913010234,0.4420605952698894,0.27615062761506276,1.659911477866234,0.0,239
563,train,blind,3.0,0,0.44414846890925763,0.19290247865839363,0.32150408011796544,0.32198554607864205,0.03575504088002768,0.01836130622906852,1.4852060259136695,1.6867005258923295,0.19137036763893614,-0.22762428897594364,0.40407727232262086,0.3179916317991632,1.6867005306930503,0.0,239
564,train,blind,3.0,0,0.4891325045084395,0.21281709345944422,0.3546951082553811,0.2974515035436742,0.015405097391814867,0.019051893150519625,1.59904689768867,1.7267335254278142,0.21244203473906964,-0.2300852805419893,0.47968782456452713,0.2384937238493724,1.7267335188995734,0.0,239
565,train,blind,3.0,0,0.00864344554228482,0.0029137447424876896,0.00485624075996559,0.0,0.0,0.015860120154075542,1.6159406172181772,1.6113817412484142,0.0029137446678558485,-0.18328159420690984,0.09688714798658712,0.6192468619246861,1.6113817327081357,0.0,239
566,train,blind,3.0,0,0.29470410188133966,0.1204775157360372,0.20079583016618263,0.177824267470687,0.012171928852671859,0.017305492238379298,1.5926565695008474,1.660225607361255,0.12005812355862294,-0.2028774200604374,0.24896881213092376,0.49372384937238495,1.6602255982749814,0.0,239
567,train,blind,3.0,0,0.41162969583010295,0.17763442233710566,0.2960573261422027,0.29916317941753434,0.04697603772873659,0.017890303553506796,1.4798242038263936,1.6592053297174525,0.17492258680163503,-0.2270028277116418,0.3723255882963887,0.3179916317991632,1.6592053216874405,0.0,239
568,train,blind,3.0,0,0.2740191620142929,0.09947971749888095,0.1657995068627433,0.1211487263066998,0.0038037277664599556,0.01678222848616821,1.6263495783426771,1.6402324295941755,0.09941946207461674,-0.19717348819972982,0.22466542033888245,0.47280334728033474,1.6402324219490665,0.0,239
569,train,blind,3.0,0,0.12297281284996057,0.05276591843254384,0.08794318871687933,0.05192088176765203,0.002852795824844967,0.01659937170782286,1.6160320090948288,1.6437325796821627,0.05270544911465519,-0.19875450436014788,0.22840440369150417,0.4769874476987448,1.643732585606004,0.0,239
570,eval,blind,3.0,0,0.41162969583010295,0.15598665260652345,0.25997772179494044,0.16831494855332074,0.0,0.012127534760099886,1.122630638557498,1.1417869176700026,0.15598665239396808,-0.14922003246725685,0.16068726074957718,0.803347280334728,1.1417869206842355,0.0,239
571,eval,blind,3.0,0,0.31501783161268476,0.12817939092137481,0.2136322901719133,0.14378090570661314,0.0,0.012718976299944782,1.140081197896263,1.1957385061799732,0.12817939095467984,-0.14830707878509705,0.15249710673907238,0.7740585774058577,1.1957385129220446,0.0,239
572,eval,blind,3.0,0,0.45752091049933935,0.1851440005817365,0.3085732951751281,0.20635222522035304,0.0,0.0125916078331136,1.0997111248670761,1.190294201216937,0.18514400065492226,-0.16237424448165183,0.28816878839134685,0.5104602510460251,1.19029419642992,0.0,239
573,eval,blind,3.0,0,0.39594290426846546,0.15424683568943157,0.25707802590511003,0.21395967994274953,0.0,0.012538371291050539,1.0413636842033354,1.183125707768995,0.15424683514087306,-0.18242951791263418,0.42176325706994283,0.401673640167364,1.1831257079426398,0.0,239
574,eval,blind,3.0,0,0.00010017924373394666,4.026739265419987e-05,6.711231965949626e-05,0.0,0.0,0.012616520248758744,1.181123147200341,1.180944298849944,4.026736440278286e-05,-0.13194854049970642,0.0,1.0,1.180944308954887,0.0,239
575,eval,blind,3.0,0,0.03316622928357742,0.012284137237086165,0.02047356107511127,0.0,0.0,0.012050049266462297,1.1798831351631356,1.125394629634075,0.012284137236081535,-0.1292461553083919,0.004213774889462595,0.9748953974895398,1.125394635648306,0.0,239
576,eval,blind,3.0,0,0.1299968671675179,0.037007613150548055,0.0616793500672452,0.005135032297677076,0.0,0.011035745474412476,1.1720273771545378,1.0398787300581713,0.037007612433516135,-0.13232729768077378,0.09759933529184844,0.698744769874477,1.0398787310347308,0.0,239
577,eval,blind,3.0,0,0.4288286963842077,0.16331164223509967,0.27218603925749263,0.17383035362764382,0.0,0.012161314157207953,1.1315789831233325,1.1428267220697643,0.16331164184606425,-0.14879734511294956,0.26448856049140923,0.6569037656903766,1.1428267183496015,0.0,239
578,eval,blind,3.0,0,0.013958485612926312,0.005939392201508937,0.009898986566444532,0.0,0.0,0.012275540511509614,1.1753390625929732,1.1490006925670673,0.005939392216456616,-0.130004877833592,0.0,1.0,1.149000695209013,0.0,239
579,eval,blind,3.0,0,0.4738973789959445,0.1840244024446688,0.30670729935809504,0.1920882466572598,0.0,0.012074404736107925,1.1151407513159588,1.1321393451556003,0.18402440272961845,-0.15337898831057822,0.2650523754414078,0.5355648535564853,1.1321393408746832,0.0,239
580,train,blind,3.0,0,0.17513455355801244,0.07724656885539048,0.1287442669274706,0.1087866111280529,0.007417269144596914,0.016647569203912964,1.594501846006226,1.6443919526982007,0.07703738787485347,-0.20565150679858935,0.29692275735185014,0.41422594142259417,1.6443919614384797,0.0,239
581,train,blind,3.0,0,0.01609831423724945,0.004226499346000747,0.007044165156311385,0.0,0.0,0.01567005005443009,1.5893664020873512,1.584156865105968,0.004226499280319247,-0.19121184260894725,0.2231816967862548,0.45188284518828453,1.584156864843235,0.0,239
582,train,blind,3.0,0,0.025146192200367425,0.0062959145107167715,0.010493190500193088,0.0,0.0,0.01641464471100015,1.6276377102819946,1.6216002750097458,0.006295914547157447,-0.1902181599655383,0.15709664975221815,0.5062761506276151,1.6216002826218785,0.0,239
583,train,blind,3.0,0,0.42329977726598883,0.18950408557168097,0.3158400960523958,0.31171548061041654,0.024343857705343717,0.01899871994277548,1.5359993861310153,1.7077821682686587,0.18865353634571105,-0.21884540189416185,0.35668714205169294,0.3723849372384937,1.7077821696866367,0.0,239
584,train,blind,3.0,0,0.4870875290074779,0.2121806869860646,0.3536344256422107,0.320464055034406,0.035374668165729636,0.018210695121265854,1.5490860761957688,1.6918998133687295,0.21077450434992392,-0.22159474854200095,0.3765987121279563,0.38493723849372385,1.6918998209112772,0.0,239
585,train,blind,3.0,0,0.42329977726598883,0.17171589096744286,0.286193108250483,0.28242677905320124,0.03518448171505868,0.017847203178074072,1.4939604314301302,1.6556693824265292,0.17026451657265051,-0.21808430505834625,0.3734532181963857,0.3598326359832636,1.6556693949194934,0.0,239
586,train,blind,3.0,0,0.0001001795120615216,3.313018351797673e-05,5.521696564976699e-05,0.0,0.0,0.015568504920502088,1.599970100564438,1.599899292740363,3.313018637965044e-05,-0.18758251827772118,0.15608771773643132,0.5313807531380753,1.5998993004887379,0.0,239
587,train,blind,3.0,0,0.05794354536329254,0.015966306420987585,0.026610509754574047,0.0001901863883229978,0.0,0.015408964056100805,1.5938857462116864,1.5869459587161012,0.01596630675636661,-0.1847297081743341,0.13935131606279116,0.5815899581589958,1.5869459665070274,0.0,239
588,train,blind,3.0,0,0.24058936510885828,0.10690134647551965,0.1781688843396269,0.16394066193363158,0.009128946639503893,0.017424921442805226,1.6051625202889224,1.7007619992958452,0.10671618499473579,-0.20854243548641074,0.25834594498353064,0.4602510460251046,1.70076200836011,0.0,239
589,train,blind,3.0,0,0.5019461374421663,0.19774604580767827,0.3295766960276767,0.27538988262290237,0.015975656619131813,0.01889935352305675,1.602913634048845,1.7044659583638402,0.19743987308713684,-0.22351221917374806,0.40941867711208046,0.3179916317991632,1.7044659568308551,0.0,239
590,train,blind,3.0,0,0.4392558730871779,0.1933231316962447,0.3222051724361606,0.3054393316038483,0.03879802315554359,0.01849048349725776,1.494183307911063,1.6819254573917788,0.19159593249373547,-0.22442173440637442,0.37235526276744124,0.3472803347280335,1.6819254586703705,0.0,239
591,train,blind,3.0,0,0.8723576249078263,0.3681455418294252,0.613575802466204,0.6564482032906177,0.03488372196984846,0.021505729062482715,1.600156427815903,1.9022716415482899,0.367445882669715,-2.6019792944217346,0.6056407718951015,0.13953488372093023,1.902271637431994,0.011627906976744186,86
592,train,blind,3.0,0,0.49821823029872664,0.20905710685449977,0.34842845839854997,0.32027386883312686,0.04982883355358156,0.0185177380756853,1.451856880257818,1.6275051839680852,0.20608933699004867,-0.22723814117178506,0.45007270245407877,0.23430962343096234,1.627505189778807,0.0,239
593,train,blind,3.0,0,0.09659444735923473,0.03182739762412277,0.05304565969042365,0.011220996661665051,0.0009509319416149889,0.01634216238062626,1.579707115265116,1.5859693388559828,0.03180663939647617,-0.19424460593655554,0.25101635063354993,0.39330543933054396,1.585969340586513,0.0,239
594,train,blind,3.0,0,0.496713411596384,0.20932274016839789,0.34887118329049016,0.3238874094007404,0.04336249647529554,0.0179042009632863,1.5017941948260223,1.6619372315486605,0.20729333675667647,-0.22839850215646698,0.4223864209620464,0.2928870292887029,1.6619372383932274,0.0,239
595,train,blind,3.0,0,0.42329977726598883,0.18555080567916565,0.30925129769691684,0.2972613165942196,0.015595283842485819,0.019366886299181433,1.6237352911897285,1.7632810281410376,0.18526038212418433,-0.2290791131762394,0.3799222528858423,0.34309623430962344,1.7632810222002642,0.0,239
596,train,blind,3.0,0,0.08163405268523204,0.025420784647649575,0.0423679707701431,0.009699505555081069,0.0007607455532919912,0.016105228321915143,1.6091497532992183,1.5990275753093066,0.02540657262517362,-0.1834393359689009,0.10397934656814743,0.5774058577405857,1.5990275740668445,0.0,239
597,train,blind,3.0,0,0.17513455355801244,0.06206522523831786,0.1034420327738783,0.05762647429021332,0.0024724230481989714,0.01665538118248143,1.6033993617760087,1.6166882205707758,0.06201603068674174,-0.20323504199051515,0.30356983886762223,0.35564853556485354,1.6166882110058294,0.0,239
598,train,blind,3.0,0,2.149352706407653e-05,9.71262202579645e-06,1.6187701772978317e-05,0.0,0.0,0.015478465480098664,1.5992445436980436,1.5992230994930825,9.712651129626907e-06,-0.1877389013138327,0.16083563310483992,0.4895397489539749,1.5992230878301201,0.0,239
599,train,blind,3.0,0,0.4175653372727219,0.19297364670773234,0.3216226915281208,0.32331685023577145,0.04545454655980465,0.01849923299422885,1.5341672276353238,1.7344755403167533,0.19091415658804028,-0.23232829389272242,0.4051455532805128,0.3305439330543933,1.7344755370991585,0.0,239
600,eval,blind,3.0,0,0.012959521485526197,0.005114580025874754,0.008524299573170793,0.0,0.0,0.012747050073995375,1.2258403612978788,1.2054030780512917,0.005114580166066323,-0.13872067619058603,0.07403780527612094,0.8326359832635983,1.20540307740057,0.0,239
601,eval,blind,3.0,0,0.1299968671675179,0.03515205264812877,0.05858675145066029,0.005705591462646069,0.0,0.011164966193281082,1.1819894989664086,1.0646770428788213,0.035152053304761115,-0.13988568978750257,0.20335915012314904,0.5899581589958159,1.06467704356612,0.0,239
602,eval,blind,3.0,0,0.06536319171795504,0.020956654306341627,0.034927754988492016,0.0,0.0,0.01181412665718956,1.2044072602583276,1.1112837150505896,0.020956654348657865,-0.13021857376402018,0.0,1.0,1.1112837104177191,0.0,239
603,eval,blind,3.0,0,0.4085878510234286,0.17552772141259604,0.292546170774083,0.2230886275798207,0.0,0.013760273930301041,1.0957148244690196,1.3009220035006313,0.1755277215713885,-0.16943037168421707,0.22469509480993505,0.6861924686192469,1.300921998591773,0.0,239
604,eval,blind,3.0,0,0.4997555405538623,0.203482250461717,0.33913704441998166,0.21776340914321246,0.0,0.012549464997083384,1.1144596587663913,1.1868528059087537,0.20348224997836814,-0.15800654314097987,0.3333630078043859,0.5690376569037657,1.186852804668606,0.0,239
605,eval,blind,3.0,0,0.4955261374568512,0.19687160156001984,0.32811929750621316,0.20939520818169646,0.0,0.012324388357167712,1.0959093081901263,1.1659793969726961,0.19687160107128251,-0.15748753524265252,0.23689130241253456,0.6694560669456067,1.1659793923228365,0.0,239
606,eval,blind,3.0,0,0.2531380826036473,0.08550872316328388,0.14251452037810336,0.10840623872549464,0.0,0.011690977007096096,1.0922878985624433,1.1090877112234985,0.08550872277181301,-0.16993498171523497,0.4187661354936349,0.4393305439330544,1.1090877087412976,0.0,239
607,eval,blind,3.0,0,0.3028837280172224,0.13128519806317754,0.2188086370498168,0.15424115700203006,0.0,0.013499352425360218,1.1479736272261232,1.2729706113308543,0.13128519801364624,-0.1555869142674173,0.21071841894418233,0.698744769874477,1.2729706135959775,0.0,239
608,eval,blind,3.0,0,0.4934485877536371,0.1882880736107935,0.31381341830734016,0.23202738515003954,0.0,0.011952761485179006,1.0043755590167505,1.1354678317468037,0.18828807355474733,-0.18843616150769865,0.5480578058696105,0.19665271966527198,1.1354678283801218,0.0,239
609,eval,blind,3.0,0,0.41756536128392996,0.16385376780969968,0.2730895781439727,0.24058577437031717,0.0,0.012856068619561994,1.034462157652468,1.2251882278769586,0.16385376761638448,-0.18915995274146863,0.425739636190985,0.29707112970711297,1.2251882230916178,0.0,239
