episode,phase,arm,sigma,direct,A,load,load_frac,sat,clipped,x_std,q_cmd_abs,q_exec_abs,fit_gain,cond_psi,beta_cos,beta_relerr,pred_err,updates,skipped,bounded,diverged,resets,conf,trust_pol,trust_app,corr_frac,explained,corr_dark,resid_after,reward,v_out,cr,q_loss,destroy,steps
0,train,pact,3.0,0,2.149352706407653e-05,7.3223066895301005e-06,1.2203843089767485e-05,0.0,0.0,0.015463000028998159,1.6076082437607035,1.6076106668516184,0.9836949750037755,12552302286.857737,0.0,0.0,7.1981098071431395e-06,119.0,0.0,0.0,0.0,0.0,0.9772809460198031,0.7493723849372388,0.7414279477865626,0.015451626288204356,0.016961442295847173,0.0,7.210950806815368e-06,-0.20072267847490372,0.30134425353868066,0.39748953974895396,1.6076106761230502,0.0,239
1,eval,pact,3.0,0,0.49975553764743685,0.18104867151857157,0.3017477695475197,0.033662990546126745,0.0,0.011769135968728481,1.2270928894376156,1.1911899714290348,0.4792175915751754,7401.833138565638,0.06618570212597977,35.26927612615928,0.08692985131681963,357.0,0.0,96.25523012552301,0.0,0.0,0.9977522400133779,0.9000000000000004,0.8979769995023017,0.8057060167116549,0.5613038996936357,0.07683165939081282,0.08626339765398074,-0.19303527441945248,0.6927802011929137,0.04602510460251046,1.1911899706267033,0.0,239
2,eval,pact,3.0,0,0.19920830527869945,0.05912700477502505,0.09854500451999294,0.010840624134410875,0.0,0.010907682720727627,1.0919643320049701,1.0806318531475307,0.26360385428537386,52023.325844992156,-0.03978301749942692,115.78591606108215,0.054553867473606035,595.0,0.0,333.0,0.0,0.0,0.9898048484674558,0.9000000000000004,0.8908243448664454,0.5535683587507109,0.45738699225673896,0.03358263921020835,0.05177101886258402,-0.12297928682972822,0.031276892489391375,0.8661087866108786,1.0806318566679107,0.0,239
3,eval,pact,3.0,0,0.5016285062847449,0.18614571859431014,0.3102428432408853,0.06295169359969295,0.0,0.011933815143378958,1.2036921484201024,1.1777114860682307,0.26253815737229513,68859.03835152982,-0.07946382499096338,65.71747542824207,0.0743415885776375,833.0,0.0,571.0,0.0,0.0,0.9948447640969663,0.9000000000000004,0.8953602673119581,0.8417539246557831,0.6443115194322495,0.13778965609769026,0.0747140379755068,-0.17988373557929127,0.5728359891984924,0.1589958158995816,1.1777114850718926,0.0,239
4,eval,pact,3.0,0,0.4738973789959445,0.165311259839335,0.27551874885949057,0.06903765709080956,0.0,0.011475959170227831,1.1759314340028804,1.1306625262962724,0.30345808315990985,113775.19246861925,-0.07183307223923106,117.47937231981605,0.07448897522846899,1071.0,0.0,809.0,0.0,0.0,0.9913321082562083,0.9000000000000004,0.8921988795990724,0.7514374150914064,0.6610953473555873,0.07114678762853145,0.07340059319908525,-0.1661806165849987,0.45479094335143483,0.2217573221757322,1.1306625248197495,0.0,239
5,eval,pact,3.0,0,0.023700630373153914,0.009919334402226036,0.016532223054527395,0.0,0.0,0.012240347598589739,1.0544601017959947,1.17503185052752,0.44660426183724505,158537.11163049162,-0.055644292680538845,75.01422023374167,0.04788248696867143,1309.0,0.0,1047.0,0.0,0.0,0.9975663353708498,0.9000000000000004,0.8978096827802299,0.7009630698739302,0.5391298530755844,0.04778938171997046,0.043386213006023085,-0.13659422584559705,0.05486809697617138,0.803347280334728,1.1750318532272113,0.0,239
6,eval,pact,3.0,0,0.09350415801189335,0.02808781443458444,0.04681302184609464,0.002472422861155107,0.0,0.010958043281690345,1.0323500880137646,1.069365196148222,-0.10137567644214032,180164.71567730125,0.05103744451681378,89.28369799817456,0.030910394378552003,1547.0,0.0,1285.0,0.0,0.0,0.9915226131178844,0.9000000000000004,0.892370337659345,0.7943997399361172,0.2947592895856852,0.014820360543888918,0.026988954468392553,-0.12648703355669916,0.02103919997626042,0.9539748953974896,1.0693651935098571,0.0,239
7,eval,pact,3.0,0,0.022306911853421187,0.007325298809313661,0.0122088305371454,0.0,0.0,0.010731219775803293,1.0426775538771722,1.0519342444930615,-0.7618948401392255,625133.6100287657,-0.07872153118946375,134.07985943431137,0.011826866285906614,1785.0,0.0,1523.0,0.0,0.0,0.9948010544397841,0.9000000000000004,0.8953209192683008,0.5943451468687345,0.17081732390301463,0.006408262417598632,0.010639048397743676,-0.11491912008394072,0.0,1.0,1.0519342473276483,0.0,239
8,eval,pact,3.0,0,0.4532820635336884,0.1555792457904439,0.2592987302610313,0.022632179774001053,0.0,0.010591149760729723,1.1587876946856288,1.0626978240751321,-2.2246705468580377,537132.0176843619,-0.10344434096224638,91.12687280886342,0.040874350051274794,2023.0,0.0,1761.0,0.0,0.0,0.9905465122421416,0.9000000000000004,0.8914918362720242,0.7255857718762462,0.7515014354187086,0.0033368876959639984,0.047291857590820933,-0.14205544331256267,0.2959138253360635,0.47280334728033474,1.0626978124183004,0.0,239
9,eval,pact,3.0,0,0.4918546215835647,0.17796260594316904,0.2966043267514879,0.07474324911458721,0.0,0.01191549140192319,1.1958975567478516,1.1695662503711348,0.32699926967526083,98893.35471691945,-0.038020166652725236,73.72178105629638,0.08277277300079747,2261.0,0.0,1999.0,0.0,0.0,0.9906995221660726,0.9000000000000004,0.8916295542377807,0.792052133517122,0.6402309846734545,0.10286844053438732,0.08055430024698626,-0.18096501120460895,0.5689486334906081,0.1087866108786611,1.1695662533044509,0.0,239
10,eval,pact,3.0,0,0.4595581971330663,0.16664048548047206,0.2777341260202984,0.03917839505931822,0.0,0.01167127557262529,1.0900491196740123,1.119316728045252,0.3566217222348417,130398.17707243723,-0.06301656035267042,187.34198677190676,0.0589721237063782,2499.0,0.0,2237.0,0.0,0.0,0.9949322704490757,0.9000000000000004,0.8954390212581746,0.9354481124853599,0.745940553598715,0.060564325865486573,0.05967901126875164,-0.12557581773385454,0.0018398172052583163,0.9874476987447699,1.119316723655789,0.0,239
11,train,pact,3.0,0,0.3926658787366775,0.12436478367551093,0.20727462230451651,0.09509319148053684,0.0030429822131679647,0.017782567078676308,1.65660439899277,1.7358751658615208,0.38957205589346305,7561.284903937304,0.3718162905444317,8.076017974310838,0.0998885995400563,2737.0,0.0,2475.0,0.0,0.0,0.9921101576114798,0.9000000000000004,0.8928991226970401,0.7870907783614836,0.3189775632957994,0.03930853483412998,0.09564546185105291,-0.2036314687374906,0.18326953322057032,0.497907949790795,1.7358751755283177,0.0,239
12,train,pact,3.0,0,0.07879225602993307,0.02635828283056836,0.043930470234638704,0.0022822366598759733,0.0003803727766459956,0.018203789477380748,1.7601743437755057,1.7729710485147132,0.1654577961807221,3671.408137748431,0.2448760461292101,6.693160939416127,0.03339824879397813,2975.0,0.0,2713.0,0.0,0.0,0.9952860945937025,0.9000000000000004,0.8957574621902848,0.5701523549435839,0.15582706877748975,0.014410651259472123,0.03194073477378076,-0.21361521952376436,0.2678121012492952,0.3598326359832636,1.7729710636551597,0.0,239
13,train,pact,3.0,0,0.00484126768363289,0.0029352923711371184,0.0048921537104186456,0.0,0.0,0.018621687621470526,1.8310534819399462,1.8324344956226428,-0.5171658175288837,5286.541391540272,0.2576701567512177,7.431905640717829,0.005465625176424449,3213.0,0.0,2951.0,0.0,0.0,0.9969509403575914,0.9000000000000004,0.8972558316825324,0.19334367346331566,0.06409478105151112,0.002756352079505066,0.005197392269544241,-0.2064799508932923,0.09961719932342204,0.497907949790795,1.8324344930851897,0.0,239
14,train,pact,3.0,0,0.08452669602320004,0.034341782646281224,0.057236300825329385,0.008368200587428265,0.0,0.01848977426199484,1.8538804208883182,1.8012966194412199,-2.0678219768962975,5728.167956491893,0.25145323889604143,2.3295157973237615,0.02954982484644084,3451.0,0.0,3189.0,0.0,0.0,0.9951925649303771,0.9000000000000004,0.8956732814780838,0.2847190733879046,0.2517087967274332,0.005041632317176952,0.02987838665872937,-0.21913984089873395,0.2895931630018695,0.29707112970711297,1.8012966218466453,0.0,239
15,train,pact,3.0,0,0.4532820462560594,0.19011776704784672,0.3168629163909176,0.16413084888308616,0.0,0.01919136833882731,1.8745974476866143,1.86960795160118,0.37918886903938387,5798.197152237513,0.16382169049178644,12.107630143105734,0.11208928622710655,3689.0,0.0,3427.0,0.0,0.0,0.9961639834747155,0.9000000000000004,0.8965475649015674,0.8297154980768853,0.5380867833430105,0.0853942647942754,0.11058943276001319,-0.23946245576008185,0.4610819312145761,0.1589958158995816,1.8696079434819168,0.0,239
16,train,pact,3.0,0,0.011099790736339269,0.006674940637023009,0.011124900375857217,0.0,0.0,0.019737941610420348,1.8739385859238054,1.8909762264794385,0.4207291124256086,7655.059927840612,0.0095165997166888,25.706918491978026,0.018596924934925894,3927.0,0.0,3665.0,0.0,0.0,0.9973524454747283,0.9000000000000004,0.8976171817240854,0.19523376220847333,0.15334733686537427,0.013654302195485296,0.017329619398582182,-0.21703325766174913,0.16967862547850088,0.30962343096234307,1.8909762302117594,0.0,239
17,train,pact,3.0,0,0.5020820002191994,0.19792021341846183,0.32986699776294365,0.139786991801222,0.0,0.018343718814036212,1.8419936810577264,1.7736939530991112,0.369797802993942,5430.487920657361,0.256931016167088,4.845980183349992,0.10512376527368211,4165.0,0.0,3903.0,0.0,0.0,0.9936261608510836,0.9000000000000004,0.8942635283809327,0.7585203512662121,0.47676509048807114,0.11210926125446956,0.10555836136616517,-0.20314152016429343,0.13949968841805394,0.4686192468619247,1.7736939648317323,0.0,239
18,train,pact,3.0,0,0.4671610229562556,0.17310743773522058,0.2885123685207028,0.13921643344677642,0.0007607455532919912,0.0188187385313057,1.7790847956884854,1.820289497844345,0.24772070354497583,4986.983891826295,0.24828734083809753,7.036390309054482,0.11346058992505323,4403.0,0.0,4141.0,0.0,0.0,0.995097595278688,0.9000000000000004,0.8955878208870668,0.8430555327610342,0.45447706864084025,0.07565718358037649,0.1112688007105968,-0.208322874214026,0.15294222380486064,0.4560669456066946,1.820289493115237,0.0,239
19,train,pact,3.0,0,0.3109929788440381,0.1043725147136223,0.1739541744523137,0.08082921191987633,0.002852795824844967,0.01777285548651817,1.630260092194609,1.6621854674367227,0.29932674129637715,5354.447171646182,0.24359515008310081,9.370137092957437,0.09268103668341514,4641.0,0.0,4379.0,0.0,0.0,0.9945629313899882,0.9000000000000004,0.895106625856216,0.6551428090477261,0.2750535279272279,0.03477085917035029,0.09022757498485087,-0.23371361419700568,0.5077005252381376,0.2719665271966527,1.662185464364728,0.0,239
20,train,pact,3.0,0,0.08163405268523204,0.023637567563904265,0.03939594342571802,0.003993913967739089,0.0,0.016065497153972482,1.66400947929925,1.6560699480846837,0.26912683061476034,3001.1771485396507,0.2748026638350227,11.703234707960025,0.021344692649896486,4879.0,0.0,4617.0,0.0,0.0,0.9918910008095299,0.9000000000000004,0.8927018824481565,0.2666468182137341,0.25741647529368605,0.004927270170160089,0.02154688639215595,-0.1902590184400683,0.11896495444968694,0.5941422594142259,1.6560699415763036,0.0,239
21,train,pact,3.0,0,0.3825699220520223,0.10489619236410119,0.17482697487081533,0.04678585065458609,0.0,0.01654334780350951,1.635102812964547,1.6622012689023835,0.4858325360709154,1861.117517447372,0.40924337319250387,6.976459313636045,0.07492376630736133,5117.0,0.0,4855.0,0.0,0.0,0.9920698279616225,0.9000000000000004,0.8928628252141146,0.8289915678133573,0.42255761254746604,0.035740282830543986,0.07209810087161146,-0.2003259681502035,0.22953203359150123,0.4393305439330544,1.6622012653969085,0.0,239
22,train,pact,3.0,0,0.07326333691171423,0.020905696060767563,0.03484282460238197,0.0030429822131679647,0.0,0.01581121193806185,1.5941339372092211,1.5995118548181766,0.2828756004073131,1618.043226680995,0.31702747230250466,5.279226762480317,0.026173251796958025,5355.0,0.0,5093.0,0.0,0.0,0.9903069350509963,0.9000000000000004,0.891276215409634,0.6199241766821332,0.17069424751226792,0.011251100780403553,0.024982892765924646,-0.20733697708022758,0.3949672097094869,0.24267782426778242,1.5995118633985288,0.0,239
23,train,pact,3.0,0,0.47694583179846367,0.10963598065750203,0.18272662654696384,0.03841764950602623,0.0,0.014321679385792012,1.5178980912124762,1.5167063232745086,0.5455126383938051,1219.5156515592312,0.4945573215022153,3.748294223053186,0.07131652176286636,5593.0,0.0,5331.0,0.0,0.0,0.9898351887279974,0.9000000000000004,0.8908516550163844,0.7513602017444515,0.41736945593421115,0.03304965506928662,0.07057514650528962,-0.2122761870611513,0.5503130656696045,0.1087866108786611,1.516706324398443,0.0,239
24,train,pact,3.0,0,0.19109902345770474,0.04319477982645371,0.07199129490383947,0.019399011110162137,0.0,0.014778098222024147,1.5163558771420722,1.5322729044878334,0.4517677261739595,948.1661302893731,0.4976728438832271,4.786436355263619,0.04056215137009466,5831.0,0.0,5569.0,0.0,0.0,0.989621290352554,0.9000000000000004,0.8906591447327427,0.7346791747458428,0.32217000730863155,0.0179851503005432,0.03911731899111964,-0.21280434866270517,0.5375233686459538,0.09623430962343096,1.5322729036638894,0.0,239
25,train,pact,3.0,0,0.00010017924373394666,2.224926999690952e-05,3.7082117932525204e-05,0.0,0.0,0.014480469752274547,1.5656959232426089,1.5652374762371495,0.34514491054303476,730.2340358590482,0.4871567487716675,6.2868852615356445,0.001829089396687397,6069.0,0.0,5807.0,0.0,0.0,0.9893620478059457,0.9000000000000004,0.8904258274633017,5.137422445734641,-3.9997297599949873,0.0015847052975694732,0.0016360621305629972,-0.21402404623064042,0.5162467729012731,0.16736401673640167,1.5652374781982095,0.0,239
26,train,pact,3.0,0,0.002674004892043177,0.0006079480574280218,0.0010132466791885433,0.0,0.0,0.014579197980276461,1.5707868963604692,1.570384609649371,-0.1679265795622136,714.3681558904289,0.4871567487716675,6.2868852615356445,0.0012508554419966998,6307.0,0.0,6045.0,0.0,0.0,0.989232474291175,0.9000000000000004,0.8903091991296872,0.1906437531578879,0.0023606359453099968,0.000638550636598716,0.0011852125834456613,-0.21503450324136228,0.5287990741565033,0.1506276150627615,1.5703846214673984,0.0,239
27,train,pact,3.0,0,0.0,0.0,0.0,0.0,0.0,0.015251396064136068,1.5843002484433322,1.5844308152857185,-3.4506961865405157,1044.0526158799687,0.4871567487716675,6.2868852615356445,0.001137231945295338,6545.0,0.0,6283.0,0.0,0.0,0.990549488795851,0.9000000000000004,0.8914945113110243,nan,nan,0.0010197553405625025,0.001019755287758534,-0.23385671325392976,0.6922757351850203,0.07112970711297072,1.5844308108735223,0.0,239
28,train,pact,3.0,0,0.4934485877536371,0.10722473884534985,0.17870788912546517,0.03423354914996415,0.0,0.015256644735136167,1.5366419548768877,1.5512717840063024,0.5252498461724606,1171.7892290059492,0.4719028344034962,3.3214653857582284,0.06790349851498793,6783.0,0.0,6521.0,0.0,0.0,0.9902636321518711,0.9000000000000004,0.8912372496836355,0.7302848787470348,0.4368533850867138,0.048721076299746834,0.0683489062055696,-0.21186325835717912,0.47295171963559757,0.15481171548117154,1.5512717748625975,0.0,239
29,train,pact,3.0,0,0.07057713395643153,0.015598857952054117,0.025998094981104218,0.0,0.0,0.015720693560153494,1.6090035119316068,1.6060298254799144,0.4792098058816279,1170.2387289262715,0.39225082885021945,7.5038055096710075,0.0180399109593351,7021.0,0.0,6759.0,0.0,0.0,0.9905629547071257,0.9000000000000004,0.8915066487120784,0.24941390387509002,0.25491038138494504,0.008111967756853786,0.017764607180766254,-0.21676183034045501,0.4866613252618773,0.19246861924686193,1.60602982608345,0.0,239
30,eval,pact,3.0,0,2.1493512025067902e-05,5.63745159669448e-06,9.395751849335139e-06,0.0,0.0,0.006679510920811211,0.8975412681012972,0.8891192694588186,0.3912473434434276,2440.5527476546154,0.4161185324192047,2.113032341003418,0.005828410104768561,7259.0,0.0,6997.0,0.0,0.0,0.9965428592769671,0.9000000000000004,0.8968885466144674,123.84470262104183,-136.39909847634473,0.004610558211657298,0.005225962068884104,-0.14655662897888969,0.6620374491824683,0.0502092050209205,0.8891192728156244,0.0,239
31,eval,pact,3.0,0,0.49775201144090475,0.028825316094488886,0.048042190321813075,0.0,0.0,0.007982781721925885,1.127021252236107,1.1280506225809392,0.47330726764192144,8045.509534763991,0.17312319702020687,10.350727294778226,0.00969191423907611,7497.0,0.0,7235.0,0.0,0.0,0.9805503185822874,0.9000000000000004,0.8824952576449725,0.8754634994468444,0.6788993482451967,0.0027068516288776523,0.009658984799487477,-0.18167512676483094,0.5596901985222111,0.19665271966527198,1.1280506316927006,0.0,239
32,eval,pact,3.0,0,0.4986505481252782,0.05696269104199353,0.09493781365381437,0.0,0.0,0.0073062379831822285,1.0598828019457383,1.0831985247933216,-0.29564400917215267,17059.501625220644,0.11764598071816763,33.735535924903516,0.02485769212530404,7735.0,0.0,7473.0,0.0,0.0,0.9852449479960996,0.9000000000000004,0.8867204309008611,0.7198527779852169,0.6061244534036315,0.01123279882206892,0.024778436531340042,-0.1457299524186911,0.22062969227573517,0.5439330543933054,1.0831985286897772,0.0,239
33,eval,pact,3.0,0,0.1229728398538705,0.012024852975997289,0.020041420420106437,0.0,0.0,0.00899740801072021,0.9479847087770327,0.9679041233022841,0.3170443840936668,70484.79504445607,0.06268344334498141,89.26528475773384,0.0076207850648628,7973.0,0.0,7711.0,0.0,0.0,0.9877671756504969,0.9000000000000004,0.8889904388822771,0.8740080118237191,0.7597971784365318,0.005947744584103164,0.006931341830670257,-0.14763136141585897,0.5529540935932816,0.17573221757322174,0.9679041249591799,0.0,239
34,eval,pact,3.0,0,0.4891325045084395,0.06344464257053306,0.10574106631250604,0.0,0.0,0.008116585101199699,0.9341092657095219,0.957944047002114,0.3344784195030256,37248.85088830413,0.08035817151795684,51.101449479617834,0.022153279319343206,8211.0,0.0,7949.0,0.0,0.0,0.9881753825492938,0.9000000000000004,0.8893578249540289,0.7500384619047875,0.6848183232893958,0.012165478994383624,0.02401901421986645,-0.16296825510880078,0.7438796403454109,0.0041841004184100415,0.9579440506418914,0.0,239
35,eval,pact,3.0,0,0.00027498420791614755,5.7382364339067576e-05,9.563726171603714e-05,0.0,0.0,0.0094448712373846,0.8536998144502919,0.8576035843733464,0.40470064135276124,69549.29507714436,0.10294739902019501,130.8192901611328,0.006004369346411299,8449.0,0.0,8187.0,0.0,0.0,0.993597238133642,0.9000000000000004,0.8942374926231895,2.9680368158953745,-1.5420259654229054,0.0046157631913797854,0.004548134724268588,-0.1617750688457217,0.829668536158343,0.0,0.8576035859817409,0.0,239
36,eval,pact,3.0,0,0.5000638219418426,0.030966829850094427,0.05161138087284016,0.0,0.0,0.008030057435652639,1.078806541330146,1.090411214648929,0.34728938844308227,28465.7691635068,0.013346548319090875,25.610783620858292,0.010892981469483119,8687.0,0.0,8425.0,0.0,0.0,0.9751299812953342,0.9000000000000004,0.8776169622542968,0.9539743427418717,0.659980649115711,0.0038626905297860503,0.01012729741360166,-0.18044992908488047,0.5996913855010534,0.16317991631799164,1.090411213512824,0.0,239
37,eval,pact,3.0,0,0.1595777480052146,0.013166931064679907,0.021944884346617472,0.002662609436521969,0.0,0.00718127874945871,0.9893084495137426,0.9928986285520897,0.45462349593389983,32359.030289781644,0.03621219006604729,68.4439960104651,0.012227267335231365,8925.0,0.0,8663.0,0.0,0.0,0.988450057087583,0.9000000000000004,0.8896050348441471,0.9018147086489823,0.3985783230714385,0.0064308590277813,0.011166312723521876,-0.1594650190674655,0.6461319326982996,0.13389121338912133,0.9928986314310561,0.0,239
38,eval,pact,3.0,0,0.41162969583010295,0.05467033680440969,0.09111722327126935,0.0,0.0,0.008370795659331224,0.9361683615331371,0.9432288421995969,0.2498683160829463,41177.422520593616,-0.0025029918295818394,49.25159582034315,0.014688545752513498,9163.0,0.0,8901.0,0.0,0.0,0.9873870111160199,0.9000000000000004,0.8886482895168799,0.7394175670510413,0.754520877224091,0.0020867934837550312,0.016191902192441987,-0.15234812921175103,0.6799608296982106,0.04602510460251046,0.9432288383622677,0.0,239
39,eval,pact,3.0,0,0.07326335892778778,0.007290587734631223,0.012150979227733226,0.0,0.0,0.009079837762442842,0.9370283399665705,0.9579295254152689,0.128059697840129,38950.98189886245,-0.09218356053824205,27.513231520872235,0.01206075315018843,9401.0,0.0,9139.0,0.0,0.0,0.9887225090459799,0.9000000000000004,0.8898502331398521,1.0216888491719178,0.5878777486524223,0.009869872394206357,0.009914104381057913,-0.15237199308012972,0.6036677646220957,0.15481171548117154,0.957929525453224,0.0,239
40,train,pact,3.0,0,0.0007224776207325224,0.00016943074492758352,0.0002823845684684464,0.0,0.0,0.014305252589628288,1.5844917935806337,1.5870446525358255,-0.6821077010247498,2218.0944047871994,-0.024637721478939056,12.717304229736328,0.0076580276580285826,9639.0,0.0,9377.0,0.0,0.0,0.9796123250259017,0.9000000000000004,0.8816510786820655,0.36222113265762096,-0.17788924089242908,0.00617333501448027,0.006007164107244969,-0.21593649868868173,0.5029229353986766,0.19246861924686193,1.587044650360644,0.0,239
41,train,pact,3.0,0,0.21976545920194163,0.04969782320029739,0.08282970050846362,0.01996957039982704,0.0,0.014605634366493345,1.568996159601411,1.573772530924825,-1.2205826869647498,1156.673460126422,0.11924947548860286,8.487253916064066,0.029967355802297205,9877.0,0.0,9615.0,0.0,0.0,0.9906243195593607,0.9000000000000004,0.8915618613175268,0.3786835010793034,0.4089889237162163,0.0010064044886169677,0.03200881871081612,-0.21217007792928816,0.446333719101457,0.22594142259414227,1.5737725324974825,0.0,239
42,train,pact,3.0,0,0.3575846668143823,0.0716163193415946,0.11936052422080065,0.02149106188049875,0.0,0.01440957844623649,1.5379044545744254,1.567447288016395,0.43271468299203336,1160.6382589300308,0.5291300154131326,1.1658018770078236,0.05946109371618309,10115.0,0.0,9853.0,0.0,0.0,0.9903113006547903,0.9000000000000004,0.8912801460740956,0.48777129201013303,0.5076960807880623,0.05558673059067098,0.060568815673931374,-0.21532899790063353,0.4829520163803081,0.2217573221757322,1.5674472932902048,0.0,239
43,train,pact,3.0,0,0.4934485925616751,0.10856238559994624,0.18093729735301928,0.037656904139778104,0.0,0.015365601147069093,1.6166060489590697,1.6286273533829088,0.557657651447352,1170.3341503701947,0.7019805585240719,1.168311415606463,0.06461701361524821,10353.0,0.0,10091.0,0.0,0.0,0.9903013262289837,0.9000000000000004,0.8912711662228636,0.7126310724119873,0.566747662513869,0.1084896760682265,0.06474285706425685,-0.2223910119672757,0.5202231520223153,0.18410041841004185,1.628627356071015,0.0,239
44,train,pact,3.0,0,0.5015085098678519,0.1056716387286858,0.17611938695962365,0.03081019447188996,0.0,0.01586706599290775,1.6150616327589027,1.6225196060775213,0.6893738326168459,983.9772407819038,0.6933876080243657,2.110384154020493,0.06113702180370626,10591.0,0.0,10329.0,0.0,0.0,0.9896661307522443,0.9000000000000004,0.890699507551712,0.84571736648384,0.49443925464609095,0.1233659194639096,0.06127141610910204,-0.20332107571869174,0.3076649158728746,0.3389121338912134,1.6225196105602182,0.0,239
45,train,pact,3.0,0,3.583932445953487e-06,6.280028493587848e-07,1.0466713141201836e-06,0.0,0.0,0.015380348636141381,1.624277138310995,1.6269442676001513,0.5273815590467413,1120.7150061699137,0.6683847308158875,7.262630939483643,0.017951270063562615,10829.0,0.0,10567.0,0.0,0.0,0.9903919412501188,0.9000000000000004,0.8913527263258292,961.6685106939735,-1073.5453717829646,0.015585358963418705,0.016058240655983047,-0.21752460530035156,0.46034006943826233,0.19665271966527198,1.6269442681809507,0.0,239
46,train,pact,3.0,0,0.2531380511106846,0.0622866224592479,0.10381102947198939,0.042791935938671546,0.0001901863883229978,0.015299445425382344,1.5807182773885369,1.6001708644703343,0.4723187878291477,1303.7785131223031,0.3765436062690603,9.171440972194512,0.05445170412317433,11067.0,0.0,10805.0,0.0,0.0,0.9906002285590232,0.9000000000000004,0.8915401871733087,0.6851219115670659,0.294941870477347,0.018920858606829176,0.05334220139142204,-0.21772792201898045,0.5188581263538977,0.13389121338912133,1.6001708669428505,0.0,239
47,train,pact,3.0,0,0.11611346518928935,0.02924910546400086,0.048748505624762135,0.006656523466609013,0.0,0.015074745194682517,1.6279902238726116,1.633882922358094,0.35320179170644433,912.1364306844927,0.4345617784366448,4.755041198002244,0.0312122730574781,11305.0,0.0,11043.0,0.0,0.0,0.9897304354352432,0.9000000000000004,0.890757375182467,0.6624367645301913,0.26824270444435094,0.013597465469879885,0.029904447480106813,-0.2158723172926044,0.4439894358883053,0.2301255230125523,1.633882932293592,0.0,239
48,train,pact,3.0,0,0.4967134153445068,0.10873100774624161,0.18121833508364746,0.03461392192661014,0.0,0.015482284763835714,1.6455593682732044,1.6405380338305708,0.5573792922696309,782.8074820929492,0.6383196468383199,2.132104368140009,0.0501053411506017,11543.0,0.0,11281.0,0.0,0.0,0.989993228074397,0.9000000000000004,0.8909938854153685,0.6774159693467147,0.5419662771092347,0.0023120916427745086,0.05201275144054878,-0.21294916777287815,0.41321700940680733,0.2510460251046025,1.6405380342723421,0.0,239
49,train,pact,3.0,0,0.4881335476829956,0.11148137832300958,0.1858022870491897,0.031190567310883908,0.0,0.01574848716977251,1.6658321868425632,1.6672887704861215,0.73862624168396,1247.0427562761506,0.6760193721769245,3.7560357699583764,0.05684767374145373,11781.0,0.0,11519.0,0.0,0.0,0.9908472464174406,0.9000000000000004,0.8917624925469754,0.9309979163499298,0.5666037667658814,0.046820324869492114,0.05622872893569921,-0.21666762406913012,0.430457877088341,0.1506276150627615,1.6672887711925075,0.0,239
50,train,pact,3.0,0,0.24895395069227458,0.06616028638648355,0.11026713257306864,0.04260174973739241,0.0,0.016727230934402808,1.681607211484071,1.691396777849317,0.48118089532253633,1386.7568492171156,0.3855124805200549,7.268777952533386,0.05709163429581845,12019.0,0.0,11757.0,0.0,0.0,0.9912067554485848,0.9000000000000004,0.8920860594785364,0.7264931602140955,0.3516077546049511,0.025314663641620428,0.05566616511365952,-0.20776741448019062,0.27517137007032844,0.3723849372384937,1.6913967812983957,0.0,239
51,train,pact,3.0,0,0.02096458594954064,0.005317086705762141,0.00886181052700518,0.0,0.0,0.01632388029637197,1.71701368477554,1.7163751424605875,0.2991083371901113,1381.882788494541,0.30351521056067493,2.134495210946853,0.008872916413691269,12257.0,0.0,11995.0,0.0,0.0,0.9915090894100557,0.9000000000000004,0.8923581703936205,0.5255248505945279,0.14723040550852928,0.004792442099361071,0.008390769786403561,-0.20219695806954335,0.18184515861004774,0.4309623430962343,1.7163751388608741,0.0,239
52,train,pact,3.0,0,0.49905009486198143,0.14620215284189556,0.24367023838273769,0.08044884045253738,0.0,0.01593073223479809,1.7373623246927141,1.6996598640246372,0.39391074132926324,1612.0841319830347,0.4111487148446518,1.9767917816110236,0.07197243664575649,12495.0,0.0,12233.0,0.0,0.0,0.9917607195207764,0.9000000000000004,0.8925846248989824,0.6874711693023883,0.5089339451737481,0.0016589915742414355,0.07331625853313126,-0.19583036729838604,0.1287872043680821,0.5062761506276151,1.6996598565684078,0.0,239
53,train,pact,3.0,0,0.005953148992843712,0.002989691875033664,0.0049828195071891955,0.0,0.0,0.017710159996438726,1.720465935922567,1.7601527030497914,0.415887145317748,2474.133696105191,0.4083213461991633,7.842876781479585,0.03486401585654539,12733.0,0.0,12471.0,0.0,0.0,0.9932546879955915,0.9000000000000004,0.8939291964514984,4.999014315298903,-3.6203213480287797,0.021488295024028048,0.030898195720388783,-0.20359714084649733,0.14920324045223893,0.4811715481171548,1.7601526945507355,0.0,239
54,train,pact,3.0,0,0.42045798061068984,0.13619738831827768,0.22699562758869768,0.07322175782095937,0.0001901863883229978,0.01737830279566441,1.7620984630105885,1.740748333881091,0.332154344876441,2772.60506321097,0.20627019666602922,8.095537453266367,0.10351860185765571,12971.0,0.0,12709.0,0.0,0.0,0.9940778847518825,0.9000000000000004,0.8946700734573428,0.7583906454919715,0.380451624062369,0.05543269946969844,0.10011509474304556,-0.22611148756431734,0.44458292530935634,0.17154811715481172,1.7407483292292942,0.0,239
55,train,pact,3.0,0,0.2656803193330306,0.09020382903112492,0.1503397043881218,0.05287181458213838,0.0001901863883229978,0.018352567364372095,1.8080271906433745,1.7996840065493245,0.21678777394434398,3564.7506272064593,0.2075060403060215,8.05824169803364,0.08243848186056423,13209.0,0.0,12947.0,0.0,0.0,0.994746856360256,0.9000000000000004,0.8952721462090145,0.6913916291879117,0.3071755700936476,0.03686427182903321,0.0795975171719292,-0.22253756241207626,0.32434196860440967,0.26778242677824265,1.799684008076436,0.0,239
56,train,pact,3.0,0,0.41462239765982967,0.1435958553353036,0.23932640551941112,0.11620388052204164,0.0,0.01628951031605569,1.8145693001886791,1.6540446727844462,0.2817225127040592,3543.3672651346756,0.17202880091124476,5.9663744521440325,0.0673591467166109,13447.0,0.0,13185.0,0.0,0.0,0.9936855739629419,0.9000000000000004,0.8943169934979044,0.5143746646129609,0.5478330796367199,0.00685619408154468,0.07487552517890603,-0.23782795569485077,0.5898394611116058,0.1087866108786611,1.6540446811997016,0.0,239
57,train,pact,3.0,0,6.514758795400435e-05,4.651843982132027e-05,7.75307310364213e-05,0.0,0.0,0.020702124471974923,1.839743063040857,1.9483658349663642,0.22909707778667307,4782.373991770724,0.41398629546165466,1.7980220317840576,0.05696504065088896,13685.0,0.0,13423.0,0.0,0.0,0.996942034076946,0.9000000000000004,0.8972478035104824,132.48883815879174,-179.3170034675136,0.04471130600766691,0.04970629935086584,-0.21886410392520997,0.11451378379180392,0.40585774058577406,1.9483658321364872,0.0,239
58,train,pact,3.0,0,0.0,0.0,0.0,0.0,0.0,0.019655173285922745,1.858086426387771,1.8604517546657737,0.07576307722549519,4129.616289593685,0.41398629546165466,1.7980220317840576,0.003069347604548083,13923.0,0.0,13661.0,0.0,0.0,0.995717794077167,0.9000000000000004,0.8961459929474228,nan,nan,0.0027575599613928756,0.0027575601754704234,-0.21119722248411188,0.14501914003382885,0.3389121338912134,1.8604517458101095,0.0,239
59,train,pact,3.0,0,0.48813355436147227,0.2042627869330424,0.34043795290683393,0.1447318380846638,0.0,0.016923737977183263,1.8974031369556443,1.6909109892705494,0.034001487065652175,4512.635178314592,0.24116458725301104,2.3749721254763743,0.08169296767638615,14161.0,0.0,13899.0,0.0,0.0,0.9951460353998959,0.9000000000000004,0.895631416322796,0.631804906574406,0.602072380932021,0.0022675598761102613,0.08793895953762536,-0.2432146378356627,0.6127481527641772,0.100418410041841,1.6909110112275958,0.0,239
60,eval,pact,3.0,0,3.939130826693449e-05,2.7456797778004366e-05,4.576132842242157e-05,0.0,0.0,0.021273983576214215,1.4395826935269345,1.625169296643724,0.45499351495978224,29603.491143517913,0.13496133685112,7.851816177368164,0.05467861784996161,14399.0,0.0,14137.0,0.0,0.0,0.9993885890210523,0.9000000000000004,0.8994497088208857,6.156400564662704,-4.880980243740731,0.049833902478234,0.04893464301264685,-0.18943605375427058,0.19570313659159033,0.0,1.625169299684983,0.0,239
61,eval,pact,3.0,0,0.02819466484402731,0.018138923129543204,0.030231536703783857,0.0,0.0,0.01925088771887778,1.5150392514392421,1.5027567896384075,0.2337993157147839,147667.1192795502,0.10161690133386077,21.074762966842332,0.011162180851981294,14637.0,0.0,14375.0,0.0,0.0,0.9960249111243372,0.9000000000000004,0.896422402068162,0.6289946007875495,0.6412479431955356,0.004360733844497532,0.010951653189146619,-0.1801917232436881,0.2357636725125374,0.13807531380753138,1.5027567943143516,0.0,239
62,eval,pact,3.0,0,0.0034414877965033177,0.0023608972761664584,0.0039348285119185636,0.0,0.0,0.019724333775716845,1.4932571849064846,1.5225262215446727,-1.2339954846947763,438020.2670959728,-0.14318989217281342,122.06367492675781,0.018348873133096983,14875.0,0.0,14613.0,0.0,0.0,0.9954595693609206,0.9000000000000004,0.8959135923176131,0.7638488325215218,0.5835646414973674,0.014496170445670222,0.014127315854006856,-0.18366968056709654,0.26377637318614783,0.0041841004184100415,1.5225262213982012,0.0,239
63,eval,pact,3.0,0,0.15576161381352116,0.0783790597765744,0.130631755836365,0.043552681990747175,0.0,0.018367467077924367,1.5581569322482312,1.448416746311108,-2.108325228367827,1022765.698417887,-0.1420176658296186,113.90994920291661,0.03747949675485398,15113.0,0.0,14851.0,0.0,0.0,0.9940064223366303,0.9000000000000004,0.8946057586739752,0.5906821334170219,0.5763018181371107,0.005528677754768437,0.03922932636125255,-0.1911795589755219,0.4203092079883676,0.0041841004184100415,1.4484167477261654,0.0,239
64,eval,pact,3.0,0,0.17909063403861195,0.09791034457266962,0.1631838956389432,0.05781666092792814,0.0001901863883229978,0.02004765486149858,1.5437083004907584,1.556301848035477,0.49475783832901193,240064.65020266737,-0.21343957511201564,157.73246109934533,0.058350179106714084,15351.0,0.0,15089.0,0.0,0.0,0.9976395829950915,0.9000000000000004,0.8978756057667433,0.9130273598025294,0.588688276366202,0.02836449135665911,0.05505025795968756,-0.1956018679831416,0.34817056885961006,0.04602510460251046,1.5563018373981774,0.0,239
65,eval,pact,3.0,0,0.07057711293792525,0.04348436448862265,0.07247393652207362,0.01160136962535491,0.0,0.019669099812197135,1.5172359115409053,1.5349938216069752,0.6115227446396481,329139.21489278245,-0.18405563262716,119.55429946229049,0.028705458846488757,15589.0,0.0,15327.0,0.0,0.0,0.9959286578529549,0.9000000000000004,0.8963357592975744,0.9437690297358508,0.5744102093514678,0.01297586139004964,0.026047151046707667,-0.18635071573828008,0.24350870945725386,0.27615062761506276,1.5349938288816816,0.0,239
66,eval,pact,3.0,0,0.12999683991421615,0.06983133105318322,0.11638554150625141,0.044693800258337205,0.0,0.01940426077678114,1.5252530340370274,1.5146002709616178,0.4995947515116576,465534.1957374477,-0.17820134401227888,201.709728703838,0.04737440929222057,15827.0,0.0,15565.0,0.0,0.0,0.9947071839825379,0.9000000000000004,0.8952364436502736,0.831668868295909,0.47330692152035236,0.015187194378425677,0.04382347183255284,-0.17717227327918852,0.1363838689575358,0.2510460251046025,1.5146002729609616,0.0,239
67,eval,pact,3.0,0,0.4204580038737225,0.201317903606677,0.33552980427168727,0.255039939882865,0.0,0.017364476279406245,1.633339622030697,1.4179868109555425,0.31848887695490563,327900.77739278245,-0.1720591744244348,138.68987883883042,0.062154240198978944,16065.0,0.0,15803.0,0.0,0.0,0.9949007101637549,0.9000000000000004,0.8954106289971324,0.6741772298714948,0.7166166859425884,0.012452563261487396,0.07324647643139671,-0.184939700827781,0.37986290394373723,0.0794979079497908,1.417986814806754,0.0,239
68,eval,pact,3.0,0,0.4392558730871779,0.21760775896684786,0.3626795596615791,0.27405858039855957,0.0,0.018966017688418033,1.5904962388042625,1.519099195382585,0.5495847597032412,119955.17368919979,-0.15640910596403618,64.079922536427,0.08104003675936655,16303.0,0.0,16041.0,0.0,0.0,0.9970757527331428,0.9000000000000004,0.8973681552639566,0.7772440076927237,0.7686488659416035,0.09310834782559481,0.08883900176266123,-0.2232341297112976,0.6304044630404464,0.0041841004184100415,1.5190992031664208,0.0,239
69,eval,pact,3.0,0,0.2698529591997837,0.14429216505417738,0.24048691482041334,0.1694560676314342,0.0013313046559130298,0.020140967499386816,1.5535052685558048,1.5845421749677617,0.5431121741129264,176890.1305243201,-0.16364754708366913,240.3742808816822,0.053884948845407205,16541.0,0.0,16279.0,0.0,0.0,0.9979215583541902,0.9000000000000004,0.8981293791507577,0.950835314682766,0.7460783967530993,0.032242316785066026,0.05569156522328759,-0.22060028877692753,0.47345618564349096,0.07531380753138076,1.5845421799404298,0.0,239
70,train,pact,3.0,0,0.2698529591997837,0.1066867087061213,0.1778111655494514,0.07816660385500936,0.0017116774325590253,0.020095555487801963,1.8831138406338552,1.8669873236612295,0.15100769517810775,19090.874460643307,0.032307422051116606,17.042536296605068,0.09667880698711179,16779.0,0.0,16517.0,0.0,0.0,0.9897552494224644,0.9000000000000004,0.890779708718655,0.7862030262852495,0.3191255146530013,0.044854889931562156,0.08991953142174368,-0.24635552182079784,0.47375293035401644,0.16317991631799164,1.8669873110899708,0.0,239
71,train,pact,3.0,0,0.0065658995871934805,0.00347082492789238,0.005784707941396443,0.0,0.0,0.019500435314386708,1.856550091978895,1.8557678685527466,0.2250985466099683,4979.136216167625,0.05091092399629339,19.489651927888143,0.007965758838885655,17017.0,0.0,16755.0,0.0,0.0,0.9964392509420547,0.9000000000000004,0.8967953032529504,0.18735637680331882,0.08641471072737272,0.0049188138516597524,0.007486948835523214,-0.21115414140611674,0.1374224754443752,0.3263598326359833,1.8557678625743887,0.0,239
72,train,pact,3.0,0,0.0349310103396663,0.016932102433795736,0.028220169187441104,0.0,0.0,0.019221090470054908,1.886363036961735,1.8586828578964936,-0.44790980262412966,5441.3802464696655,0.1197672145861049,1.5601871183227793,0.01797331912709969,17255.0,0.0,16993.0,0.0,0.0,0.9956412128324788,0.9000000000000004,0.8960770722712433,0.24679806701112425,0.21248749255951993,0.005380000578038193,0.01778205894820283,-0.22252890626013444,0.2760912786729576,0.2175732217573222,1.8586828599916763,0.0,239
73,train,pact,3.0,0,0.16730015471176524,0.06950970972014692,0.11584950717449555,0.03252187134331739,0.0,0.01947563769155529,1.8598257836936407,1.8630067678674993,0.2046225727477333,4735.577264889514,-0.013260217563484923,13.430557729808855,0.06796305493167193,17493.0,0.0,17231.0,0.0,0.0,0.9956151022571899,0.9000000000000004,0.8960535745740436,0.7701764579285572,0.349584564679404,0.03485163660453899,0.06495293838295416,-0.22771441583667212,0.31831805098074134,0.2719665271966527,1.8630067714900715,0.0,239
74,train,pact,3.0,0,0.3959428790102983,0.14959365599424623,0.24932273574308375,0.12400152213154478,0.0,0.01963976215742622,1.8781104441965972,1.8239183817448477,0.21808793815047672,4299.106092891932,0.10438522551925736,10.238686182010124,0.11637136201417098,17731.0,0.0,17469.0,0.0,0.0,0.9948164434113762,0.9000000000000004,0.8953347762259479,0.7128660393604156,0.37692831901714763,0.060537883057826904,0.11397015619789207,-0.20866709874877512,0.14172527374699548,0.4309623430962343,1.82391837334015,0.0,239
75,train,pact,3.0,0,0.5013695556751894,0.19708324532686644,0.32847204709327665,0.14454165113520923,0.0,0.01795014286039701,1.857022998223245,1.7721750412027208,0.2700063122366263,4013.821080674686,0.14086452928258722,6.464865467039611,0.10699867274783645,17969.0,0.0,17707.0,0.0,0.0,0.9949036026100734,0.9000000000000004,0.8954132154396887,0.7797137793842209,0.4923033274891939,0.10600463407380241,0.10836896592377057,-0.2076455955112872,0.21822606012047835,0.28451882845188287,1.77217504323316,0.0,239
76,train,pact,3.0,0,0.000463527011177035,0.00026506201849245,0.0004417700036652932,0.0,0.0,0.01964055401931622,1.8135018697842396,1.8566712864273263,0.378746463913299,4555.94550658669,0.07954702526330948,18.82366180419922,0.0254874911420359,18207.0,0.0,17945.0,0.0,0.0,0.9945440364682026,0.9000000000000004,0.8950896173341504,17.235252420209196,-17.651160844745828,0.01939375340755996,0.02276258649855899,-0.2125590482106949,0.1415175524496276,0.4560669456066946,1.8566712960727079,0.0,239
77,train,pact,3.0,0,0.5018170490880057,0.18338893886700502,0.3056482103537933,0.10688474780595453,0.0,0.01747923637214253,1.8470023017548118,1.7460691253011695,0.3568815426222949,3495.9347848293673,0.23343062271299736,7.291651466900334,0.10611846901975167,18445.0,0.0,18183.0,0.0,0.0,0.9942152871746398,0.9000000000000004,0.8947937318969471,0.7521045330223615,0.44804364097773886,0.10430998131632804,0.10650755715981189,-0.21562215249448582,0.33223537790438884,0.20502092050209206,1.7460691215102973,0.0,239
78,train,pact,3.0,0,0.012959521485526197,0.005764980704583779,0.009608300654100699,0.0,0.0,0.018795390948497352,1.7914622817578176,1.821866406057669,0.3694536755149833,3412.8265815000655,-0.018574068314984253,15.139809456829246,0.024815617728575084,18683.0,0.0,18421.0,0.0,0.0,0.9935029019371735,0.9000000000000004,0.8941525901710637,2.251623387334482,-0.7077091452817375,0.015960594693914667,0.02198390743953846,-0.2087290637195557,0.1362058221312205,0.46443514644351463,1.8218664042866501,0.0,239
79,train,pact,3.0,0,0.46892580401234446,0.15044280129451224,0.250737983428556,0.09870673323276152,0.0,0.01716502815695425,1.760356385837539,1.7123884077351463,0.3874067156634071,2835.6623300209203,0.27819361159710454,6.463332260004147,0.10555315983314145,18921.0,0.0,18659.0,0.0,0.0,0.992606570281743,0.9000000000000004,0.8933458959208372,0.7329774382747379,0.39976357909762483,0.06165131037387083,0.10371301843780853,-0.22116593869604365,0.426066055372563,0.20920502092050208,1.7123884173320167,0.0,239
80,train,pact,3.0,0,0.13356819286291968,0.04076785888934701,0.06794642748328941,0.010650437496696058,0.0003803727766459956,0.017336881335700032,1.7596059538829276,1.7540934123254721,0.2399609115083846,2446.2334576850158,0.2902557755738622,7.744738606229487,0.04352737556915013,19159.0,0.0,18897.0,0.0,0.0,0.9924991946340106,0.9000000000000004,0.893249259334229,0.7060749961532377,0.24877638945410485,0.01853495374737595,0.04175428964809425,-0.21095902566137714,0.2694738716282382,0.3263598326359833,1.7540934195853646,0.0,239
81,train,pact,3.0,0,0.48485144005920816,0.13910015663720238,0.23183357557751896,0.07911753592132026,0.0,0.01681231011765148,1.7848734222196634,1.7280753027943887,0.4085597479443171,2152.595470220973,0.38806547367921934,3.655151213063356,0.06344585591429361,19397.0,0.0,19135.0,0.0,0.0,0.9915761309188779,0.9000000000000004,0.892418487800215,0.5857302263015876,0.5487798892529699,0.003474940763442733,0.06708000326226173,-0.2132623306599772,0.33018783940176266,0.1799163179916318,1.728075300020457,0.0,239
82,train,pact,3.0,0,0.00020369909520827966,9.906782546917475e-05,0.0001651130381155229,0.0,0.0,0.01811832371732867,1.7521303690128247,1.785738924557195,0.3518922658146176,2376.836990675667,0.5534282922744751,2.4348056316375732,0.0393498910970452,19635.0,0.0,19373.0,0.0,0.0,0.9928336694649572,0.9000000000000004,0.8935502745117603,65.36228222914934,-77.23506098643705,0.02935365091822029,0.03462520472911892,-0.22247966773362132,0.3264488560491409,0.30962343096234307,1.7857389289137047,0.0,239
83,train,pact,3.0,0,0.14450739523119227,0.03875207547205254,0.06458678819013342,0.0077976417965469995,0.0,0.017116908250945508,1.7654529939635528,1.7447278025758814,0.28005428069805,2078.909420252844,0.4942831445687984,2.2053439422631365,0.029619222799563007,19873.0,0.0,19611.0,0.0,0.0,0.9927422658668901,0.9000000000000004,0.8934680113732565,0.2489674513345726,0.2654300053578308,0.0016965975780905166,0.030558507204655885,-0.21161625938554235,0.2685242885545565,0.3891213389121339,1.7447277985667065,0.0,239
84,train,pact,3.0,0,0.2531380826036473,0.07041538372153254,0.11735896622310549,0.036705972260511074,0.0,0.017812778818650975,1.7831688306321658,1.7666841047079493,0.20423785882327847,2011.594549841462,0.39205273717766526,1.3718698498594213,0.06426984327845275,20111.0,0.0,19849.0,0.0,0.0,0.993205433859486,0.9000000000000004,0.893884867803821,0.3464842592103804,0.3646836441583641,0.035168313544572276,0.06481656383539873,-0.21824954289376805,0.32104810231757613,0.3179916317991632,1.7666841052168973,0.0,239
85,train,pact,3.0,0,0.4706366194916741,0.11922056039474377,0.19870092265652553,0.05020920589379187,0.0,0.016534911901164004,1.7396417601836776,1.732085085314188,0.3642813072044979,1831.0283913073679,0.34501170491698396,1.786452019064995,0.07835397749718388,20349.0,0.0,20087.0,0.0,0.0,0.9923845614349492,0.9000000000000004,0.8931460846916901,0.5896271222145492,0.5410314309303096,0.09600614527097115,0.07964945395153686,-0.22127463366179032,0.39751921422000647,0.19665271966527198,1.7320850712180396,0.0,239
86,train,pact,3.0,0,0.4341484118583851,0.1105964416369202,0.18432739001716328,0.04507417291028729,0.0,0.016941066102658605,1.7412812712302268,1.75199952684187,0.6830730960708283,1843.4147269915338,0.6870267418637934,4.599786367625871,0.0592945760981059,20587.0,0.0,20325.0,0.0,0.0,0.991943880603902,0.9000000000000004,0.8927494721432611,0.9811701131896238,0.5726352396357366,0.037320227416205234,0.05706161956174229,-0.23911580413356748,0.5485919463485563,0.1087866108786611,1.7519995157285606,0.0,239
87,train,pact,3.0,0,0.475447956226714,0.11229536347581945,0.1871589270593169,0.04944845990406419,0.0001901863883229978,0.016632574532477178,1.714734978256864,1.7104285995331767,0.507516542613257,1956.1985966510852,0.4007958858955854,5.9673302876899434,0.0789366504703512,20825.0,0.0,20563.0,0.0,0.0,0.9912903560754146,0.9000000000000004,0.8921613094696939,0.7077569890763267,0.37755841175663407,0.03950453831871249,0.07833406031248646,-0.23055197450814788,0.5243182290275675,0.08368200836820083,1.7104286159811117,0.0,239
88,train,pact,3.0,0,0.0012663877662295617,0.0007489685092451855,0.0012482807423069948,0.0,0.0,0.018119615644886778,1.770334525088386,1.771764238509174,0.36018857260129444,2545.0412245235684,0.39703863859176636,13.548964500427246,0.007566259010616012,21063.0,0.0,20801.0,0.0,0.0,0.994614732065959,0.9000000000000004,0.8951532366884304,2.8528705477146716,-1.2269649229048722,0.0056948058061623685,0.00672237889643439,-0.23826519555602152,0.44161547820410096,0.301255230125523,1.7717642472912298,0.0,239
89,train,pact,3.0,0,0.3959428790102983,0.11780549343937796,0.19634247686817197,0.0762647395353437,0.0009509319416149889,0.01784202724765347,1.7570414972105783,1.7536442239912984,0.4362333071531112,2600.569166367024,0.3535570213571191,5.494073657560548,0.09655649322338371,21301.0,0.0,21039.0,0.0,0.0,0.9940117492835392,0.9000000000000004,0.8946105598405814,0.6793789582668532,0.3146574089274631,0.04138747476631912,0.09341731987636397,-0.2335617051544294,0.43885575239621355,0.2510460251046025,1.7536442197842679,0.0,239
90,eval,pact,3.0,0,0.01843199975083282,0.012332788247511104,0.020554646297481455,0.0,0.0,0.01811795112010575,1.613141346925472,1.6062518926843938,0.25779708742970703,10909.891001936781,0.3689611091358377,8.507048817359253,0.01569489225239598,21539.0,0.0,21277.0,0.0,0.0,0.9963241311795542,0.9000000000000004,0.8966916929229034,0.1785846619372963,0.16883840295765673,0.005966478856417056,0.015335724613688708,-0.23940763468276768,0.5723018487195467,0.1799163179916318,1.6062518987379966,0.0,239
91,eval,pact,3.0,0,0.5019918540521879,0.1653537379196179,0.27558954790285467,0.07664511293546925,0.0,0.01510379763094077,1.5524986284048488,1.5111047520797123,0.5329419924998383,17649.871122352248,-0.006303025038414109,14.737653273418857,0.10078140613272256,21777.0,0.0,21515.0,0.0,0.0,0.9934055722906998,0.9000000000000004,0.8940649902970222,0.6360448133688874,0.3956921967468894,0.026025668119213412,0.10122604278173437,-0.20802895163927831,0.4694204575803436,0.21338912133891214,1.5111047501572148,0.0,239
92,eval,pact,3.0,0,0.5396967089231383,0.28572669262560985,0.47621108424308295,0.4323323745937908,0.0,0.019092811482254737,1.693837116206933,1.7313961510744569,0.7141547932614029,29824.713933470022,-0.0016794448728437168,22.29330871979036,0.10747067417056043,22006.0,0.0,21744.0,0.0,0.0,0.9970651517086978,0.9000000000000005,0.8973586092707259,0.7302853098408947,0.6319179918286262,0.09032808989286423,0.11674544441079662,-1.1679461132124387,0.6754597092519496,0.12217194570135746,1.7313961592033087,0.004524886877828055,221
93,eval,pact,3.0,0,0.5256456764207946,0.22384008299559355,0.3730667802194754,0.1510101017024782,0.0,0.017279979715951615,1.6099748452504477,1.6550265140003628,0.8276963671048482,26282.074652777777,-0.07626893454127842,20.683921994103326,0.09864175253444248,22160.5,0.0,21898.5,0.0,0.0,0.9931107276015811,0.9000000000000004,0.893799614906311,0.9200737782545081,0.5593204254825785,nan,0.09412836018535826,-2.461659370332776,0.5085894405043341,0.24444444444444444,1.6550265220748648,0.011111111111111112,90
94,eval,pact,3.0,0,0.48485144005920816,0.2477406201076854,0.41290097192288316,0.38436668101214966,0.0,0.018970298259343685,1.674568649615204,1.7066762489753786,0.7124089124811245,44141.334098784,-0.059707495871864094,27.74472196930123,0.11111522153814841,22324.0,0.0,22062.0,0.0,0.0,0.9969938170460977,0.9000000000000004,0.8972944150908722,0.6578120394831731,0.6508919490150551,0.12585670833608933,0.12119535996118817,-0.2596039764398944,0.6690999732929761,0.13389121338912133,1.7066762368717463,0.0,239
95,eval,pact,3.0,0,0.7442363421891777,0.37029915456463336,0.6171651577550761,0.6155569809423366,0.0,0.01818956174349911,1.6562871269776787,1.6586399128739262,0.9063255111096611,46173.11749009683,-0.0149946378213583,7.403375964769175,0.07166671170525148,22513.5,0.0,22251.5,0.0,0.0,0.9968663596771132,0.9000000000000004,0.8971797013786477,0.8132451755750223,0.8064626645191475,nan,0.08923285227583748,-1.6548484126802958,0.7345919488562583,0.07746478873239436,1.6586399180964173,0.007042253521126761,142
96,eval,pact,3.0,0,0.11169329881668091,0.04628363791853189,0.07713939473032952,0.0,0.0,0.014672165922820567,1.475391185283661,1.68563551902771,0.9001315951347351,38997.5015625,0.03542356565594673,32.5645248413086,0.15078796073794365,22586.0,0.0,22324.0,0.0,0.0,0.9911627650260926,0.9,0.8920464754104614,3.792863127764247,-2.257910733018858,nan,0.12929483354091645,-40.18685137796126,0.39290780141843973,0.2,1.685635498783439,0.2,5
97,eval,pact,3.0,0,0.051011509713621825,0.027092240586821827,0.04515373144443946,0.0015214911065839823,0.0,0.01924634407660203,1.6421797993791651,1.7069931364458475,0.7100648306403698,42511.97832766736,0.015941072871059055,26.41063412462817,0.0619183900429006,22707.0,0.0,22445.0,0.0,0.0,0.9952231520888197,0.9000000000000004,0.89570082156728,1.8628631753476468,-0.18104985511570026,0.03628044769675655,0.05337262901800946,-0.2582861602269248,0.5759814831300633,0.16736401673640167,1.7069931283999369,0.0,239
98,eval,pact,3.0,0,0.5019918540521879,0.1559705710373176,0.25995093106051564,0.09338151467145736,0.0,0.015476946585527212,1.5876489984939288,1.5651484772750024,0.6188326919427976,30874.041751111403,-0.004495280691291981,15.464214463613024,0.09217095747395228,22945.0,0.0,22683.0,0.0,0.0,0.9933286932721797,0.9000000000000004,0.8939958032703799,0.6864319357451395,0.41018951049755836,0.00545349672237145,0.0917190852006079,-0.21919943962716645,0.44238701445146744,0.3389121338912134,1.5651484947225889,0.0,239
99,eval,pact,3.0,0,0.700151291220708,0.2855493549985769,0.47591552953410865,0.3947368425534184,0.0,0.017584248018780148,1.6206879127294498,1.6843024635673465,0.7153416688280895,19397.06619331532,-0.03368348158244744,14.979725350114636,0.11292317998420476,23130.0,0.0,22868.0,0.0,0.0,0.9950503635227232,0.9000000000000001,0.8955453020289428,0.740563403223018,0.604540588141873,nan,0.11804023653941047,-1.7508957198269295,0.5454060683623954,0.16541353383458646,1.6843024676037004,0.007518796992481203,133
100,train,pact,3.0,0,0.3069478625608959,0.07758147469423998,0.1293024510163088,0.034423735850026914,0.0,0.017389462547665113,1.7183102915476556,1.7225471123990654,0.5701880986221665,6641.3039908309365,0.08418665670645599,34.57345009448638,0.08982289452924078,23315.0,0.0,23053.0,0.0,0.0,0.9923206747326392,0.9000000000000004,0.8930885854126519,0.3961640120834693,0.3732932818515091,0.0830756158849119,0.08821031142797742,-0.2220253309804506,0.38010029971215764,0.24267782426778242,1.7225471122981162,0.0,239
101,train,pact,3.0,0,0.33866766505446294,0.10788199274549135,0.17980330554786952,0.07626473959769166,0.0,0.017483219060127207,1.7427003495862794,1.7525513725799498,0.645781589601828,2383.560268003073,0.4743269378919482,6.2850340193285605,0.07203704662519705,23553.0,0.0,23291.0,0.0,0.0,0.9939912717212693,0.9000000000000004,0.8945921237997431,0.9635393670136498,0.4969785918925784,0.03887735380391989,0.06726696720409156,-0.24041357226316087,0.46758064037508534,0.2384937238493724,1.752551376750554,0.0,239
102,train,pact,3.0,0,0.10942612930107716,0.02610300304856906,0.04350500145989358,0.003803727704112001,0.0,0.017333862794539794,1.739045082774621,1.740047334128344,0.32844860371685425,2123.5124113330285,0.4265603826509859,4.950601777771028,0.030864556161219168,23791.0,0.0,23529.0,0.0,0.0,0.9933371007691866,0.9000000000000004,0.8940033690699972,0.5169328294760813,0.13739357252483542,0.011458854125335049,0.029605812931367076,-0.2292991838810373,0.4034541084305172,0.28870292887029286,1.7400473311131506,0.0,239
103,train,pact,3.0,0,0.4918546215835647,0.10525504430750128,0.17542506338496694,0.027386839482075997,0.0,0.015154954975385172,1.6161035713291567,1.612735055480542,0.41279831104697545,1731.6417823695738,0.4430718633919081,2.583659230914575,0.057248263974809456,24029.0,0.0,23767.0,0.0,0.0,0.9911679423503796,0.9000000000000004,0.8920511271664289,0.5604342561827848,0.4587043034088448,0.0016779322601256095,0.05891453638581742,-0.23417456772730205,0.6074660969168225,0.12133891213389121,1.612735055459496,0.0,239
104,train,pact,3.0,0,0.005953148992843712,0.0026716878880913737,0.004452812850229816,0.0,0.0,0.01770846616032545,1.7088287829355215,1.717848357296389,0.35584092102788983,2255.491979112186,0.4138537555558911,13.74136243205689,0.02714030737511299,24267.0,0.0,24005.0,0.0,0.0,0.9937342809333961,0.9000000000000004,0.8943608325894408,5.149091269688538,-3.7976868301555715,0.014591137714229435,0.023994607470976384,-0.23036070608092515,0.4452654381435651,0.2384937238493724,1.7178483618208078,0.0,239
105,train,pact,3.0,0,0.08746963563609224,0.021882552222382116,0.03647091916621218,0.0030429822131679647,0.0001901863883229978,0.016569530961559657,1.7234568620825412,1.7206859783148665,0.08696559473977397,2022.5843005320019,0.14080146441789476,10.535211968122665,0.026506621542797818,24505.0,0.0,24243.0,0.0,0.0,0.9932318606636016,0.9000000000000004,0.8939086485607355,0.5127744993035165,0.16035898730841835,0.010690200286474582,0.025527852695293056,-0.22628057827607315,0.40208908276209976,0.2928870292887029,1.7206859721676806,0.0,239
106,train,pact,3.0,0,0.015004504288443965,0.0038999047948480546,0.006499840861815223,0.0,0.0,0.01679135580005506,1.7177393770616922,1.717936441988127,-0.7499285640670416,1913.7014098865716,-0.0354005561152251,4.2095315306755285,0.006865735850262818,24743.0,0.0,24481.0,0.0,0.0,0.993044304548447,0.9000000000000004,0.8937398564366617,0.4241366372939555,0.09542663037869281,0.003597385497048881,0.00648767232751692,-0.2193763678066763,0.36968456037271136,0.34309623430962344,1.7179364431683957,0.0,239
107,train,pact,3.0,0,0.47389736845189456,0.10161951189372025,0.16936584333470286,0.029288703365305976,0.0001901863883229978,0.014745192132718767,1.5377432536879343,1.5420245333695513,0.4284092510999745,1635.3876549628988,0.5138326470728449,3.5676341949646444,0.0740728162416105,24981.0,0.0,24719.0,0.0,0.0,0.9910292560585373,0.9000000000000004,0.8919263162872283,0.6905546373226086,0.3538236577585595,0.035996551690623164,0.07215909129515227,-0.24246346663227358,0.6963708121902727,0.10460251046025104,1.5420245363245684,0.0,239
108,train,pact,3.0,0,0.21976545920194163,0.06737311393979736,0.11228851618197874,0.044503613620622384,0.0,0.01628932311826982,1.7036263037426203,1.6900015428475257,0.3831515098964819,1836.8831450011442,0.5378707057823696,5.1462092284876935,0.043626560832989485,25219.0,0.0,24957.0,0.0,0.0,0.9923967093104598,0.9000000000000004,0.8931570132905968,0.39894193517905285,0.43627486033772733,0.009523619068089843,0.04606301215244457,-0.21469531905654293,0.33523249948069683,0.3891213389121339,1.6900015504878765,0.0,239
109,train,pact,3.0,0,0.07057713395643153,0.022365637454853923,0.03727606046297266,0.0038037277664599556,0.0,0.01731566701739029,1.7214700307806166,1.726846944836892,0.27023129539260304,2021.4346699096168,0.5674799215282357,0.977633403434913,0.05265103533930266,25457.0,0.0,25195.0,0.0,0.0,0.9928919281420847,0.9000000000000004,0.8936027193667998,0.26654628075554776,0.26817632642341727,0.04521710619319384,0.04893330234895893,-0.21233530038367648,0.285171666815039,0.3514644351464435,1.7268469444982064,0.0,239
110,train,pact,3.0,0,0.5018883342007137,0.1189812750091588,0.1983021141613067,0.036705972260511074,0.0,0.015251189774237417,1.6397955452547912,1.637384065274913,0.5101782961370556,1663.5015879355715,0.40523900789945194,3.0861484750045394,0.06905293091352266,25695.0,0.0,25433.0,0.0,0.0,0.9912102406992573,0.9000000000000004,0.8920891978251884,0.7665304586113213,0.4468994910903836,0.07730538894732793,0.06896839911803977,-0.2236108954300725,0.5003709308881569,0.16317991631799164,1.6373840702912204,0.0,239
111,train,pact,3.0,0,0.05557844634596492,0.014558569627346873,0.02426428169426525,0.0013313046559130298,0.0,0.016039912947395107,1.6852515127868333,1.6941571988820032,0.4188064179659887,1797.2932241272229,0.3442087717915429,11.7514079225612,0.03073995909507476,25933.0,0.0,25671.0,0.0,0.0,0.9913720882587354,0.9000000000000004,0.8922348548677675,0.2386358514734123,0.22563001699975394,0.02380850897336911,0.029032432364112848,-0.2052079538012987,0.24899848660197635,0.37656903765690375,1.69415718984674,0.0,239
112,train,pact,3.0,0,0.501210307838382,0.11360185859947511,0.1893364213394771,0.02662609361704423,0.0,0.01501480236096175,1.5984656157353931,1.602067964346339,0.5903156910980097,1401.1420653275366,0.553630130934416,3.8749657395494532,0.06504605814549588,26171.0,0.0,25909.0,0.0,0.0,0.990571557727319,0.9000000000000004,0.8915143776139455,0.8058667793238418,0.4647242970715525,0.06046202716728052,0.06437967577169817,-0.22731302485060403,0.5801359090774206,0.10460251046025104,1.60206797381187,0.0,239
113,train,pact,3.0,0,0.3308880299083897,0.0855733307365744,0.14262220680670545,0.04868771472485993,0.0,0.0173024476474642,1.6900180398669702,1.7013206407116048,0.5010715112027763,1885.3815488935015,0.38783604106144925,8.070268653925492,0.06852576951398884,26409.0,0.0,26147.0,0.0,0.0,0.9923881464423495,0.9000000000000004,0.8931493113230462,0.7708773242422772,0.3581011694648589,0.029119194098748268,0.06657068103466136,-0.2172179218216281,0.3836909107095166,0.21338912133891214,1.7013206348553918,0.0,239
114,train,pact,3.0,0,0.49008514884387816,0.13252825435942,0.22088041193914798,0.06941802999215146,0.0,0.016140136363132853,1.6705606307943495,1.6559991357715558,0.5395887966684717,1502.250749787526,0.45461718597796175,4.519330683363033,0.0609960193428207,26647.0,0.0,26385.0,0.0,0.0,0.9917256330845247,0.9000000000000004,0.8925530331902923,0.6271760145573297,0.5489725420168461,0.007068988930031254,0.06362813199182513,-0.19901926211625642,0.2188195495415294,0.4393305439330544,1.6559991355072479,0.0,239
115,train,pact,3.0,0,0.382569948058365,0.10219247627618372,0.1703207785777678,0.07284138510666133,0.0,0.016546081854848807,1.7012092249164024,1.708624490634168,0.49209646063868473,1607.4469065646247,0.6055725020469482,1.8165979288113168,0.07852203336107899,26885.0,0.0,26623.0,0.0,0.0,0.992042234253185,0.9000000000000004,0.8928379930212906,0.497342023105338,0.5233467812027836,0.0735313875579037,0.08041819845322348,-0.21001975688429042,0.2944597762544883,0.37656903765690375,1.7086244796069439,0.0,239
116,train,pact,3.0,0,0.44651358694995696,0.11956951023929067,0.19928250386265559,0.057436288525369875,0.0,0.0163989788560376,1.68711091235093,1.7076660155252432,0.7157810931425215,1688.5199561976988,0.583273889504716,7.000674886184756,0.060471491036726215,27123.0,0.0,26861.0,0.0,0.0,0.9919218543184353,0.9000000000000004,0.8927296532247855,0.9924268255143319,0.5963888100520534,0.04084056252031587,0.05789148811422382,-0.21289608599461313,0.3482002433306627,0.24686192468619247,1.707666019328082,0.0,239
117,train,pact,3.0,0,0.3269574497412977,0.07956995969570584,0.1326165909191621,0.031190566812100272,0.0003803727766459956,0.015517800354698836,1.602549430715489,1.6141475214619019,0.4391400617036859,1975.2067007918738,0.36395274116716125,6.6009700936752385,0.06750894482267016,27361.0,0.0,27099.0,0.0,0.0,0.991335942156644,0.9000000000000004,0.892202338663604,0.698898204036778,0.3140419524107565,0.027373479882089217,0.06559057005926593,-0.22579239185132458,0.5212320840381021,0.1799163179916318,1.6141475194054207,0.0,239
118,train,pact,3.0,0,0.3109929788440381,0.08431052002743705,0.14051752278190857,0.04355268180370331,0.0001901863883229978,0.015668015940714954,1.6882297119834933,1.6869646754723713,0.37925360454675044,1540.9970314951622,0.475672281935624,6.3268450343958005,0.07226777073993468,27599.0,0.0,27337.0,0.0,0.0,0.9921642170291566,0.9000000000000004,0.8929477713098087,0.7231468656604804,0.30328177065442274,0.027576941673067353,0.07006364193877447,-0.21146966791343563,0.35004006053592096,0.26359832635983266,1.6869646610051974,0.0,239
119,train,pact,3.0,0,0.2905912866229464,0.07193375354761115,0.11988958215862953,0.041460631282758516,0.0,0.015548139568963809,1.71722532615502,1.6881583949013235,0.34522809069525745,1372.4436796180373,0.49235636662987986,5.878967957267203,0.042213784259569606,27837.0,0.0,27575.0,0.0,0.0,0.9902404943270663,0.9000000000000004,0.8912164259655206,0.4089506636837684,0.44526211497393986,0.004494972174606202,0.04533531157047562,-0.19641549565929317,0.1525267812101249,0.5439330543933054,1.6881583870912558,0.0,239
120,eval,pact,3.0,0,0.4532820635336884,0.08949706107566145,0.14916176097642286,0.0024724230481989714,0.0,0.011087278934842498,1.3365959233319908,1.346210845344735,0.3702138912977035,2751.7285161357545,0.32189248342487853,5.412920743850485,0.0436868614938001,28075.0,0.0,27813.0,0.0,0.0,0.9945730619350737,0.9000000000000004,0.8951157299045739,0.7817745540025183,0.7606294905138862,0.07465153943258719,0.04400149396733696,-0.1963341883963949,0.4822398290750469,0.3514644351464435,1.3462108397259758,0.0,239
121,eval,pact,3.0,0,0.5000638219418426,0.11310688817119699,0.18851147078604302,0.007417269144596914,0.0,0.012433426696261601,1.3692164017066797,1.3805109247502922,0.3421783656754753,16160.498453435539,-0.041198169355666475,52.69669161680852,0.04355658699123181,28313.0,0.0,28051.0,0.0,0.0,0.9908152504446117,0.9000000000000004,0.8917337020071979,0.9868591932805998,0.6357579907851973,0.02470247419551015,0.04176441810549739,-0.2205901772701528,0.7005549126086827,0.08786610878661087,1.3805109302858474,0.0,239
122,eval,pact,3.0,0,0.15576161381352116,0.026957743779150792,0.04492957020887097,0.0,0.0,0.009547558231240287,1.3218721161327602,1.330821724865726,0.47619258970895073,22674.897362872645,-0.05804691965561204,122.06234318242413,0.019786161208373326,28551.0,0.0,28289.0,0.0,0.0,0.9887767469035033,0.9000000000000004,0.8898990533341923,0.49883779879195544,0.48370565193895254,0.00722717133129237,0.019135657586858736,-0.15200334331916737,0.012522626784177572,0.8870292887029289,1.330821728524428,0.0,239
123,eval,pact,3.0,0,0.24477059851891544,0.04228438668678601,0.07047397482512306,0.0001901863883229978,0.0,0.009892780639652054,1.3212924213090202,1.3457041527436866,-0.6045327663234586,40232.198303478035,-0.02009526141977647,39.40959863383401,0.03012791242368644,28789.0,0.0,28527.0,0.0,0.0,0.9888165346249377,0.9000000000000004,0.8899348625079359,0.6887265395573032,0.6905362489986588,0.02727415978000307,0.02918370196178836,-0.15047069477208466,0.006795453871034749,0.9748953974895398,1.3457041565987902,0.0,239
124,eval,pact,3.0,0,0.4554288766948919,0.08199953842796051,0.13666588966860133,0.0001901863883229978,0.0,0.009588712068453867,1.311014531297165,1.3328065039223707,-0.262234646125568,32386.88065915926,-0.01668088271323529,36.46662897245655,0.032325380807157966,29027.0,0.0,28765.0,0.0,0.0,0.9874334579731131,0.9000000000000004,0.8886900885833358,0.8436555873492676,0.7990481946010113,0.047951651426653065,0.03070372699615721,-0.15276304744079383,0.027775304905190066,0.7907949790794979,1.3328065047184812,0.0,239
125,eval,pact,3.0,0,0.0034414877965033177,0.0006615296211238574,0.0011025493137163857,0.0,0.0,0.009860816526628064,1.2800713922189368,1.289105575703178,0.029199113094181633,24442.73868576752,0.06880724430084229,36.19809341430664,0.025890058059942867,29265.0,0.0,29003.0,0.0,0.0,0.9919415282155679,0.9000000000000004,0.8927473468261783,0.5421636401023764,0.10214765029323758,0.0230103881049598,0.02129282163276832,-0.15213262919427187,0.06682690881035044,0.7782426778242678,1.2891055814625114,0.0,239
126,eval,pact,3.0,0,0.4836600335450891,0.10914244086865947,0.18190406029502068,0.0020920502715529757,0.0,0.011725683486143664,1.3946878925028205,1.3940067790043404,0.6099177771735017,33714.87999313546,0.03675106752183577,88.2497608192795,0.032829747476837125,29503.0,0.0,29241.0,0.0,0.0,0.9863153855047465,0.9000000000000004,0.8876838400398837,0.9066042462067352,0.7262528998492863,0.014593495435059764,0.03315289550028336,-0.20388032750731383,0.5544081426748568,0.11715481171548117,1.3940067781607512,0.0,239
127,eval,pact,3.0,0,0.08163405268523204,0.014478301155056014,0.024130501117705608,0.0,0.0,0.009446701970122848,1.3093910481640485,1.315000451508925,0.637351219873548,60694.3531478818,-0.04694842074113161,194.95282989565797,0.009120149889602384,29741.0,0.0,29479.0,0.0,0.0,0.9910845240289696,0.9000000000000004,0.8919760417738719,0.7437767646305883,0.7363662906740103,0.00629560970207394,0.008693742933566196,-0.1463716080961277,0.004688566426303452,0.9581589958158996,1.315000451147154,0.0,239
128,eval,pact,3.0,0,0.5015085098678519,0.08757180887812743,0.14595300513664747,0.0001901863883229978,0.0,0.009705298330837463,1.3274327095083611,1.3518594485945283,-0.6625685752915008,28354.985286185933,0.03755438288675707,44.17161954297181,0.03603247612535517,29979.0,0.0,29717.0,0.0,0.0,0.988161368100713,0.9000000000000004,0.8893452138955623,0.8005961432908841,0.6681953207698055,0.07172219877919325,0.03541084132196234,-0.15723875698443043,0.019080684886791894,0.8619246861924686,1.3518594515306064,0.0,239
129,eval,pact,3.0,0,0.10942612930107716,0.02714739739911611,0.045245659999317046,0.0,0.0005705591649689933,0.010423858123967837,1.348329793459202,1.3470391005152937,0.10043698029639395,56610.71330740063,-0.010090548278682058,99.33493709165182,0.02425457821247094,30217.0,0.0,29955.0,0.0,0.0,0.9891044620938879,0.9000000000000004,0.8901939944492723,1.1456242517213477,0.32943703550193537,0.008291874028658733,0.020641351943820028,-0.16376928864239815,0.09685747351553457,0.49372384937238495,1.347039106736015,0.0,239
130,train,pact,3.0,0,0.05557844634596492,0.014518553012459969,0.024197587334547507,0.0,0.0,0.01538268614864312,1.688730856364741,1.6775689154988054,-0.14248297970024013,2195.4902139448222,0.023469439493375342,100.14498535534328,0.014653474280471129,30455.0,0.0,30193.0,0.0,0.0,0.9814170748618856,0.9000000000000004,0.8832753447807983,0.2419340767803492,0.23632407432485558,0.003415909432265575,0.013927127118800838,-0.20230607778023402,0.223300394670465,0.47280334728033474,1.6775689115600463,0.0,239
131,train,pact,3.0,0,0.03145542497177721,0.007540722391130349,0.012567870009219991,0.0,0.0,0.01574379892700262,1.692880389081883,1.6952122828950442,-0.1225638323705585,1418.4796040427236,0.27098543544506426,1.608476035265743,0.016765343714563886,30693.0,0.0,30431.0,0.0,0.0,0.991092673156052,0.9000000000000004,0.8919833871111211,0.20902163084884573,0.18280139198295264,0.012132049640603264,0.01578349063916241,-0.1983896735639052,0.17062820855218255,0.5397489539748954,1.6952122770609837,0.0,239
132,train,pact,3.0,0,3.939117242876347e-05,2.071225018545919e-05,3.452041914231615e-05,0.0,0.0,0.015735025096793802,1.6906738560568837,1.6954773100848977,-0.5407500307983621,1408.5263462465678,0.38472414016723633,1.0921084880828857,0.006770137176268332,30931.0,0.0,30669.0,0.0,0.0,0.9907399622965058,0.9000000000000004,0.8916659467389892,35.81246427875901,-37.902783009867164,0.00545166684922804,0.0060589491875811035,-0.20093493775677637,0.1970088133179026,0.47280334728033474,1.6954773092198008,0.0,239
133,train,pact,3.0,0,0.46716103549544,0.10787429558396949,0.17979047885367372,0.044503613433578525,0.0,0.01502212525684402,1.6864526012452576,1.656880651059011,-0.48035188613139934,1318.4629713242025,0.4539376584867553,1.179253148234539,0.04925028320363427,31169.0,0.0,30907.0,0.0,0.0,0.9902547116558921,0.9000000000000004,0.8912292147780063,0.5444588578867577,0.546665830642849,0.001382090066154315,0.052937596265658166,-0.20722269752776154,0.35116769043591795,0.2594142259414226,1.6568806531089135,0.0,239
134,train,pact,3.0,0,0.46892580401234446,0.11162316712363775,0.1860386035502518,0.02377329810393904,0.0,0.014652312857928885,1.5351461212006572,1.5622624263603817,0.6895521950272836,1565.085535025497,0.6388635666549954,4.394009823205581,0.05706793947971453,31407.0,0.0,31145.0,0.0,0.0,0.9907883779773153,0.9000000000000004,0.8917095202282382,1.0187442588015545,0.581363227086408,0.04171515676140223,0.05405436520889464,-0.23875554355434753,0.6618890768272057,0.100418410041841,1.5622624284070226,0.0,239
135,train,pact,3.0,0,0.04666315660102996,0.011730641736245297,0.019551068356521983,0.0,0.0,0.015365784101297292,1.693626279362076,1.6986192018417134,0.4263079848498979,1701.5909193988625,0.3338691262395811,5.017078489938042,0.016700325853768034,31645.0,0.0,31383.0,0.0,0.0,0.9910864792608317,0.9000000000000004,0.8919778124557878,0.7298594105944138,0.20451751708256483,0.008813337498674866,0.01579847309965383,-0.19680024909034174,0.14837235526276743,0.5271966527196653,1.6986192085482041,0.0,239
136,train,pact,3.0,0,0.0034414877965033177,0.00092336165775024,0.0015389360038878515,0.0,0.0,0.01521177292181857,1.6860638816985127,1.686135547929229,-0.06932019335938672,1621.1534684312892,0.3481919467449188,5.346877574920654,0.0024687241483771992,31883.0,0.0,31621.0,0.0,0.0,0.9914768547692558,0.9000000000000004,0.8923291444279658,0.20266247264518714,-0.012509521743522933,0.0015334929314544858,0.002309209727971994,-0.19834785167429872,0.17323956200480725,0.5230125523012552,1.6861355547061951,0.0,239
137,train,pact,3.0,0,0.10291766645305227,0.03024226653771514,0.05040377402227814,0.009699505430385159,0.0001901863883229978,0.01564598747306975,1.677892647028967,1.6812324868086492,0.18186589353035934,1293.0974989376307,0.40375489934842457,4.089050629647706,0.03499336914786734,32121.0,0.0,31859.0,0.0,0.0,0.9916178474366415,0.9000000000000004,0.8924560369806809,0.662326037966326,0.1634431800793983,0.013135020687433455,0.033596246559309255,-0.196653434015209,0.15884744354431882,0.5774058577405857,1.6812324823243099,0.0,239
138,train,pact,3.0,0,0.16342433874363083,0.044416362767265606,0.07402726738521523,0.01350323325919307,0.0007607455532919912,0.015384350889693619,1.6636797853094762,1.666105751711953,0.24853322746925774,1644.4636572674228,0.3051500805677012,10.456955477532981,0.046159346032182386,32359.0,0.0,32097.0,0.0,0.0,0.9914433457362601,0.9000000000000004,0.892298986722236,0.6598074781877651,0.21554968494468907,0.017177796390085938,0.04436553392274827,-0.1981707757110764,0.21018427846523635,0.4476987447698745,1.6661057523495109,0.0,239
139,train,pact,3.0,0,0.4961388843030782,0.13768636089042038,0.22947725011878473,0.0736021304105615,0.0,0.015540033617840152,1.7046576159768523,1.6752326952363656,0.4451482311576979,1497.5098565392914,0.5207336845819421,3.935414788114476,0.06373130984065634,32597.0,0.0,32335.0,0.0,0.0,0.9908504912543995,0.9000000000000004,0.8917654126757857,0.6564725610048581,0.5405558031380109,0.0034882979796685533,0.06556922279344092,-0.19599588366070386,0.1688774147600819,0.4225941422594142,1.6752326980350536,0.0,239
140,train,pact,3.0,0,0.0023364956484850357,0.0005771773670188485,0.0009619622403866841,0.0,0.0,0.01593717691687298,1.663942691172516,1.6993648242750925,0.4319292789473195,1846.4665854226596,0.58416748046875,5.401315212249756,0.0345976801143928,32835.0,0.0,32573.0,0.0,0.0,0.992157198893974,0.9000000000000004,0.8929414626943516,0.43928791971532355,0.035524330025203166,0.03333952106746905,0.030964475323808492,-0.19182738519416181,0.0821686103445206,0.6485355648535565,1.6993648367041483,0.0,239
141,train,pact,3.0,0,0.11274785525415133,0.03100359692692425,0.05167265679465269,0.012742487518857214,0.0003803727766459956,0.015810873634162434,1.6721778210236937,1.6812394997066036,0.28193847005836137,1693.4436852363363,0.35484559986755937,9.152586629949354,0.03629535041500086,33073.0,0.0,32811.0,0.0,0.0,0.9917846830818943,0.9000000000000004,0.8926061878144491,0.6861750834932548,0.16720481339773952,0.014457056014948795,0.03457069003644738,-0.2007440569984567,0.2087302293836612,0.45188284518828453,1.6812394970134057,0.0,239
142,train,pact,3.0,0,0.21976542770897894,0.05770586320486701,0.0961764306815757,0.02928870274182643,0.0001901863883229978,0.015544396117875142,1.6765378349495732,1.678287010561971,0.32395665400571905,1453.9949190147752,0.35800140615646187,6.044501366475636,0.055649022403208216,33311.0,0.0,33049.0,0.0,0.0,0.9911629619957513,0.9000000000000004,0.8920466505832751,0.6477354732477296,0.24308459153182482,0.020175592183670776,0.0540306857820195,-0.20056006426915104,0.2107184189441823,0.497907949790795,1.6782869998871968,0.0,239
143,train,pact,3.0,0,0.2781775054950136,0.06982437088616386,0.11637394491473635,0.03119056693679618,0.0,0.015721577671687723,1.6589786751998519,1.6729062456466164,0.3804467896537302,1467.0939629846039,0.6069564166552851,4.197136174435396,0.06207903090544887,33549.0,0.0,33287.0,0.0,0.0,0.9914573353703551,0.9000000000000004,0.8923115747743072,0.6878637207047249,0.2959259517361439,0.024480289027539896,0.06036946707732477,-0.20199010341481932,0.2365055342888513,0.4435146443514644,1.6729062486413382,0.0,239
144,train,pact,3.0,0,0.40549758593668717,0.09411676730292985,0.1568612682769001,0.04412324140510798,0.0,0.015148307720908435,1.646251119829122,1.6145379887465154,0.3913153673066255,1404.9468559999345,0.4876653215844013,3.546933768184614,0.047055015918140194,33787.0,0.0,33525.0,0.0,0.0,0.9904864178541813,0.9000000000000004,0.8914377502317707,0.4797329365867102,0.5180557650043819,0.004602403214195436,0.0517903605279236,-0.1975103960075784,0.2609869729072079,0.3891213389121339,1.614537986859143,0.0,239
145,train,pact,3.0,0,0.06036286422683006,0.02148499955368013,0.03580833033285451,0.0,0.0,0.01660951550964219,1.6522425991720735,1.695388961536615,0.4471465755706053,1564.160006088193,0.3695101365135305,11.977148417149628,0.04259760113565493,34025.0,0.0,33763.0,0.0,0.0,0.9921705548234564,0.9000000000000004,0.8929534744019288,1.9252383675711724,-0.20337347723778842,0.020720363273608332,0.03567882902407824,-0.20206338016272238,0.20929404433365975,0.4476987447698745,1.6953889606118875,0.0,239
146,train,pact,3.0,0,0.36126752409238416,0.09167773309665456,0.1527962120943732,0.045834918276535415,0.0,0.015598258981676032,1.6846229695874777,1.651301601940618,0.39900088229189357,1440.4467747899778,0.42193035974662174,7.108303165086642,0.04931510530573425,34263.0,0.0,34001.0,0.0,0.0,0.9910097172070746,0.9000000000000004,0.8919087224425631,0.4355927591512901,0.4740639192756092,0.002561252762224404,0.05357860214143668,-0.19392145785464457,0.16742336567850677,0.5732217573221757,1.6513016015457866,0.0,239
147,train,pact,3.0,0,0.0760018663305159,0.026076873192730728,0.0434614534223553,0.0003803727766459956,0.0,0.016280783451392188,1.6463781685011158,1.6958377850105573,0.44061681254139506,1573.9849940343881,0.5602716491810946,7.116003157454056,0.04387027018013796,34501.0,0.0,34239.0,0.0,0.0,0.9922838530281098,0.9000000000000004,0.8930554507167768,1.7940072094589636,-0.06298608608309308,0.020708416939941708,0.03672976700382533,-0.19733804021772122,0.14347606753909609,0.5690376569037657,1.6958377783709486,0.0,239
148,train,pact,3.0,0,0.4392558730871779,0.10575262076944528,0.17625435430967643,0.055914796296522705,0.0,0.015206774213511076,1.653709429078521,1.6136869770712434,0.45952321682515007,1396.6467116607282,0.5097220492506377,3.9112689500074507,0.04751149848786428,34739.0,0.0,34477.0,0.0,0.0,0.9901867439058535,0.9000000000000004,0.8911680389647704,0.517346771735825,0.559632182218982,0.0030128561410316225,0.053070319904146956,-0.1853786522351658,0.10756995756550639,0.5941422594142259,1.613686980193034,0.0,239
149,train,pact,3.0,0,0.3069478625608959,0.08335154790743732,0.13891923652828994,0.06637504809072327,0.0,0.016706515029540372,1.6650650286774256,1.6969576670036157,0.3600724582642192,1816.394437271182,0.6077250038978944,1.0959035305298521,0.07814344924301782,34977.0,0.0,34715.0,0.0,0.0,0.991716292862114,0.9000000000000004,0.89254464689159,0.4832835933813717,0.49652377997812736,0.07004784874372044,0.0766966766005608,-0.2004742759664912,0.18671177186266658,0.5188284518828452,1.6969576665217605,0.0,239
150,eval,pact,3.0,0,0.5013695556751894,0.10860282284686272,0.18100469487609155,0.014834538102149963,0.0,0.009147647787742784,0.9929499321901648,1.0641933973863036,0.4515753231288,3986.208294345744,0.20008240534951247,19.157336211104774,0.06147502945876333,35215.0,0.0,34953.0,0.0,0.0,0.996528515506489,0.9000000000000004,0.8968756443287039,0.9695576617559827,0.45265201570833935,0.031120451832456247,0.05912146309320523,-0.12292159096305864,0.011543369239443305,0.9539748953974896,1.0641933978020852,0.0,239
151,eval,pact,3.0,0,0.015004504288443965,0.004613026728456968,0.007688377249940146,0.0,0.0,0.008834191050505164,1.0146440282526374,1.0166606626251253,0.49400348144595096,24359.687438709465,0.0020535989342039163,139.0595540641242,0.010086793490981676,35453.0,0.0,35191.0,0.0,0.0,0.9959557198580339,0.9000000000000004,0.8963601240054334,1.869748217421913,-0.23507838189265828,0.004731971382083905,0.008513846341617967,-0.12396447397231497,0.04762752603934834,0.7196652719665272,1.0166606624612178,0.0,239
152,eval,pact,3.0,0,0.06036286422683006,0.01318102202121089,0.021968369172511194,0.0,0.0,0.008691041599803264,1.0093394647582306,1.007168044355624,0.3103630911855019,68420.04569822176,0.11813983543718498,189.47479820251465,0.012509841608296627,35691.0,0.0,35429.0,0.0,0.0,0.9894762132706503,0.9000000000000004,0.8905285695357302,0.8709919366240026,0.39690730866760804,0.005658512515812638,0.01184059155493133,-0.12094661872477197,0.022997715065728952,0.8075313807531381,1.0071680389030115,0.0,239
153,eval,pact,3.0,0,0.37562728849699706,0.07812414227338656,0.13020689725723272,0.007227082693925961,0.0,0.008796126760978828,0.9981312809130138,1.0115709092826524,0.3621018659089649,73597.25351399058,0.13974593264132612,119.14417072918624,0.05305005408917012,35929.0,0.0,35667.0,0.0,0.0,0.9847936205659451,0.9000000000000004,0.8863142433276237,0.8353558269547133,0.4422149636750412,0.0231058060255071,0.05029392326211705,-0.1281495858554044,0.07934953559452802,0.6569037656903766,1.0115709010919984,0.0,239
154,eval,pact,3.0,0,0.4634686815016611,0.09864485509416954,0.16440808255163072,0.0032331686014909623,0.0,0.008402613052030612,1.0375439120635828,1.0323243789593046,0.3635391034965236,59125.18081524582,0.14301141978058357,93.78054403360917,0.03288044815271251,36167.0,0.0,35905.0,0.0,0.0,0.9864307141952435,0.9000000000000004,0.8877876212656748,0.7333981622504971,0.6984969617357721,0.008392526107075225,0.03459700340576564,-0.11884172135685571,0.001839817205258316,0.9832635983263598,1.0323243801221362,0.0,239
155,eval,pact,3.0,0,0.017240600663365867,0.0037898052886318877,0.00631634184945629,0.0,0.0,0.009205635013565359,0.9794829091267606,1.0083828127035037,0.2994794947462727,73982.26940049687,0.1331903698998328,48.39784438640004,0.027490121809274706,36405.0,0.0,36143.0,0.0,0.0,0.9951543296730169,0.9000000000000004,0.8956388746345393,1.0507059894683648,0.44527155166390286,0.026733556517688228,0.024208888156284972,-0.11470662489355614,0.03587643550253717,0.899581589958159,1.008382807383448,0.0,239
156,eval,pact,3.0,0,0.09350415801189335,0.021385505332100783,0.035642506176951416,0.0,0.0,0.009391917703891462,1.0046974874440595,1.0101464525426282,0.44189534476611403,52475.40468096234,-0.024240705982497484,108.5651275523038,0.016240048086831823,36643.0,0.0,36381.0,0.0,0.0,0.9898166817351864,0.9000000000000004,0.8908349892833741,1.1614735906978195,0.44234728079668706,0.005740125093794202,0.01346445556829399,-0.13395982891141622,0.2012819371494703,0.4351464435146444,1.0101464608028035,0.0,239
157,eval,pact,3.0,0,0.41162969583010295,0.09343556878045538,0.15572593952467637,0.0013313047182609845,0.0,0.008865311806125247,1.0449031110089195,1.032392604580484,0.49996612984765026,84048.08918998431,0.03974699046561167,72.2862212368634,0.012573487475070182,36881.0,0.0,36619.0,0.0,0.0,0.9881502056969759,0.9000000000000004,0.8893351748772745,0.8513069282819552,0.8766220283181074,0.002338886260986328,0.01616697714987472,-0.12425112599605427,0.15175524496275852,0.606694560669456,1.0323925989517428,0.0,239
158,eval,pact,3.0,0,0.21150077816593815,0.04358905136291945,0.07264841670620013,0.0003803727766459956,0.0,0.008569402945574732,1.023155930650783,1.0146227638591783,0.7834766669253425,78972.82564069038,0.10798255525622906,37.49365962998139,0.025761230227198437,37119.0,0.0,36857.0,0.0,0.0,0.9895389825729146,0.9000000000000004,0.8905850579050295,0.6264202620697676,0.5833070024262118,0.01216172965337313,0.02637383937212214,-0.11323587806312768,0.004747915368408558,0.9832635983263598,1.0146227622868107,0.0,239
159,eval,pact,3.0,0,0.11952211124389958,0.026775406967526692,0.04462567568934064,0.0001901863883229978,0.0,0.009149092475583613,0.9951566268210631,1.0101568703870893,-0.15933053761186802,62447.92680275889,0.09195841194196724,53.235557731724185,0.036276937602672366,37357.0,0.0,37095.0,0.0,0.0,0.9911718333615419,0.9000000000000004,0.8920546286275696,0.6305959181651718,0.5524080066918949,0.03114946810772119,0.032637463303898544,-0.11056035645162614,0.004391821715777916,0.9832635983263598,1.0101568690056983,0.0,239
160,train,pact,3.0,0,0.4934485925616751,0.12783889763516804,0.2130648164688008,0.05192088301461112,0.0,0.01574615522767086,1.645930257302448,1.6397658421903474,0.06114464864586811,3123.884161402491,0.4353350148103726,16.051105175556998,0.0729320859575496,37595.0,0.0,37333.0,0.0,0.0,0.9837728126527874,0.9000000000000004,0.8853955029443716,0.682343181032748,0.5321457013241215,0.07246155178908145,0.07080575340782062,-0.18906288361493004,0.13000385768123682,0.5146443514644351,1.639765844247359,0.0,239
161,train,pact,3.0,0,0.05557844634596492,0.015010651094792946,0.025017751067326156,0.0,0.0,0.016305121427565565,1.6562818670372583,1.694487438541077,0.3728202055188901,1975.2972299743396,0.47228506254227093,7.124616470546403,0.04283418473846057,37833.0,0.0,37571.0,0.0,0.0,0.9915354446387191,0.9000000000000004,0.8923818855604866,0.26558744447030463,0.2597271478571208,0.038803451983923355,0.03990330308954383,-0.19226522174609592,0.09872696519184546,0.602510460251046,1.6944874445075435,0.0,239
162,train,pact,3.0,0,0.14822527385418105,0.03193984609218407,0.05323307322910924,0.0076074552835280924,0.0,0.015645921641422988,1.6023022130942244,1.6099939914926824,0.21530421333831723,1413.424650950412,0.31590561235175474,1.9376191836021934,0.034182550154712096,38071.0,0.0,37809.0,0.0,0.0,0.9908206884332281,0.9000000000000004,0.891738594326514,0.292797150794885,0.3060531703164957,0.01773984455985242,0.03392843782042531,-0.18505684528385594,0.11777797560758478,0.5732217573221757,1.6099939997625365,0.0,239
163,train,pact,3.0,0,0.5012103088587818,0.12262149538473294,0.20436914474427859,0.059528338485183074,0.0,0.016143427070651094,1.6396790353822908,1.6390180218668662,0.538030751953564,1193.937432580413,0.5519508942026473,2.1210416333445945,0.06571207614420722,38309.0,0.0,38047.0,0.0,0.0,0.9906835511139745,0.9000000000000004,0.8916151725597461,0.7801361673319545,0.5228244326021585,0.10283616247276466,0.06643412817487782,-0.20213049788448026,0.28597287753345796,0.33472803347280333,1.6390180256481712,0.0,239
164,train,pact,3.0,0,0.4367288415779668,0.10771939325060588,0.17953231113186036,0.043172309588188906,0.0,0.016383213595054638,1.6490847071843167,1.6796814692070294,0.6273957648037867,1436.5208030285696,0.5328921812847568,6.288407369388198,0.06649098247211722,38547.0,0.0,38285.0,0.0,0.0,0.991689213150216,0.9000000000000004,0.8925202718339704,0.8977573726725382,0.4885616318781032,0.03589478561052067,0.0650888816999061,-0.20230821972797713,0.21905694530994982,0.47280334728033474,1.6796814629886772,0.0,239
165,train,pact,3.0,0,0.5020268853461184,0.14767754004037575,0.2461292164512982,0.08577405876444973,0.0,0.01654827458760604,1.6547209228930613,1.6595401424743141,0.5780084988562133,1680.1993454171024,0.5228920958655648,3.9086487295737324,0.08212080919456563,38785.0,0.0,38523.0,0.0,0.0,0.9919712136978883,0.9000000000000004,0.8927740694089914,0.7667967414354442,0.45707583267332086,0.06938355912764867,0.08254180098279812,-0.19570140350687723,0.1899759636784474,0.48535564853556484,1.659540138803751,0.0,239
166,train,pact,3.0,0,0.4891325118103957,0.13207457435162714,0.22012427450579586,0.06998858890772863,0.0,0.01592361589379328,1.6381969372098915,1.6355736420244353,0.5206645283240154,1868.2241353948746,0.5502209720751232,4.050531441696518,0.06976674083098146,39023.0,0.0,38761.0,0.0,0.0,0.9913875685077332,0.9000000000000004,0.8922487863935686,0.6219620039945128,0.5422337272813472,0.052513360511511564,0.0718861485083264,-0.1917910167376828,0.16620671236535206,0.5146443514644351,1.6355736463540762,0.0,239
167,train,pact,3.0,0,0.20328998215313637,0.06329247764211633,0.1054874581267651,0.024343857019516215,0.0,0.016875963621075307,1.6273143246582862,1.6887720020246306,0.5533836670999248,1810.7067375661939,0.4785189767013534,7.610902888505529,0.05617805639141586,39261.0,0.0,38999.0,0.0,0.0,0.9931154545380979,0.9000000000000004,0.8938038932728468,1.1096679753285243,0.39858155340711143,0.02964710419507029,0.051845213033991505,-0.1976044959076048,0.16789815721534762,0.4895397489539749,1.6887719946247906,0.0,239
168,train,pact,3.0,0,0.5020884493196984,0.15161785358041815,0.25269640211754985,0.10022822390290982,0.0,0.016468577470755103,1.6638840347154369,1.6724703466543094,0.5673032545145585,1829.8322549604472,0.5144040092015366,3.7451275557154893,0.08582851504001018,39499.0,0.0,39237.0,0.0,0.0,0.9926098787136157,0.9000000000000004,0.8933488636834851,0.749338654807735,0.4405983320096237,0.10881408676505089,0.086428654762511,-0.1972206995252073,0.20496157155998695,0.42677824267782427,1.6724703377930552,0.0,239
169,train,pact,3.0,0,0.4769458410955545,0.1293771084853829,0.2156284983169042,0.07892734978238908,0.0,0.01623828978001074,1.6248036423487644,1.6152344528102476,0.5248521951701351,2050.0784707807597,0.5629246983069256,4.549942144539566,0.06919424414681466,39737.0,0.0,39475.0,0.0,0.0,0.9916596435103955,0.9000000000000004,0.8924936647195696,0.5857379283351264,0.5559716817081652,0.05246889086750647,0.07238159002346536,-0.190368273850316,0.17068755749428768,0.5355648535564853,1.6152344438833948,0.0,239
170,train,pact,3.0,0,0.47694583179846367,0.12662483593386284,0.21104137835422362,0.051540510736748764,0.0,0.01645321363707903,1.592524562919489,1.6373011068320174,0.7140135597983165,1688.1045917846168,0.6784976276892498,4.622871249041298,0.06493139413485467,39975.0,0.0,39713.0,0.0,0.0,0.9924865549578328,0.9000000000000004,0.8932378790867379,0.9779572347435448,0.5718734542036743,0.047833199108329914,0.0631579916834613,-0.20005714324835477,0.28932609276239646,0.28451882845188287,1.6373011014109904,0.0,239
171,train,pact,3.0,0,0.39917434158470244,0.10626945301231458,0.1771157413629024,0.0671357928958398,0.0,0.0158251227994126,1.558968988671961,1.6036373581347605,0.5206491210221247,1849.9540484440377,0.4933675014448964,4.476162050807825,0.08026628131553468,40213.0,0.0,39951.0,0.0,0.0,0.9926551849772242,0.9000000000000004,0.8933896432361842,0.7405581687835312,0.3625364917282391,0.03313978473414426,0.07871539199872869,-0.21193162987140934,0.43019080684886796,0.24267782426778242,1.603637361416292,0.0,239
172,train,pact,3.0,0,0.10942612930107716,0.03496055070129206,0.05826758002510805,0.019018638208820233,0.0003803727766459956,0.01656286280103433,1.6547453657852556,1.6697470371194465,0.3243612084054548,1956.1518661945934,0.3524421120226134,7.090052452546283,0.041075289566517965,40451.0,0.0,40189.0,0.0,0.0,0.9922445286766755,0.9000000000000004,0.8930200592743303,0.6861675607160738,0.15344458005324046,0.015758819969890352,0.0393794095353126,-0.19760648605490616,0.19398201727054212,0.4769874476987448,1.669747033714529,0.0,239
173,train,pact,3.0,0,0.48599371905867245,0.13277679092991634,0.22129463571477895,0.07093952128577931,0.0,0.015728228057200814,1.6204579796751173,1.60297810133531,0.456338573636869,1467.458453701131,0.5188353939223489,2.99211822144656,0.06026040348925756,40689.0,0.0,40427.0,0.0,0.0,0.9914213221941034,0.9000000000000004,0.8922791722928131,0.5886396939271227,0.5505667156729717,0.003066775592032638,0.06439996265346441,-0.18800430733969448,0.16635508472061483,0.5355648535564853,1.6029781008042765,0.0,239
174,train,pact,3.0,0,0.03862336533101252,0.010118875358743003,0.016864791089753136,0.0,0.0,0.016856345519517008,1.6379040918589636,1.685428859050304,0.38374614129505397,1693.0354238853295,0.7673945872728795,1.7615005431314892,0.04354171031744075,40927.0,0.0,40665.0,0.0,0.0,0.9922443536036184,0.9000000000000004,0.8930198981672152,0.25812350864489264,0.21547361846462876,0.041261815427181624,0.039731026795657674,-0.1918649016129003,0.11092317279444494,0.6150627615062761,1.6854288546357634,0.0,239
175,train,pact,3.0,0,0.00046352766528258015,9.918453208807463e-05,0.00016530754616864954,0.0,0.0,0.016216827950062362,1.6457727289598856,1.6550622627326135,0.12908318346996098,1860.8081509258957,0.4334927797317505,1.3653932809829712,0.008878361977340661,41165.0,0.0,40903.0,0.0,0.0,0.9919846459412675,0.9000000000000004,0.8927861614207343,0.71717271130907,-0.4658730567100433,0.008240609962876788,0.00796682866354508,-0.19002230821307292,0.12629454879966764,0.5899581589958159,1.6550622607394272,0.0,239
176,train,pact,3.0,0,0.49941803140382607,0.11819346855346076,0.19698910190677318,0.04393305482974112,0.0,0.015463067084223531,1.59611432572289,1.5794306749080513,0.39536602887087285,1416.758451964566,0.5236611871290406,1.6958114826529596,0.062310289147078105,41403.0,0.0,41141.0,0.0,0.0,0.9903789556674878,0.9000000000000004,0.8913410443142368,0.6522394432026851,0.47435715554521585,0.0017837547427254983,0.06364077225568116,-0.191955612483492,0.24971067390723758,0.35564853556485354,1.5794306850682636,0.0,239
177,train,pact,3.0,0,0.472293708546508,0.11156983520427333,0.18594971316731165,0.05039939203272305,0.0,0.01585462865922366,1.588524429867956,1.588554976375532,0.5437197385971516,1530.4582963887617,0.5688866913069243,4.22934001709128,0.06687886209838934,41641.0,0.0,41379.0,0.0,0.0,0.991242547164901,0.9000000000000004,0.8921182729210315,0.5681130955726924,0.550088512982382,0.070143736570197,0.06962681984895193,-0.18726203547481424,0.16469331434167184,0.46443514644351463,1.588554973318722,0.0,239
178,train,pact,3.0,0,0.2656803508259933,0.06545971700560962,0.10909952000668809,0.034804108501977,0.0,0.015773607511463027,1.5820614900050303,1.609999961434049,0.3750096387444181,1658.1763614670501,0.666717174848752,1.1899852535714663,0.06594745538423469,41879.0,0.0,41617.0,0.0,0.0,0.9916432247999821,0.9000000000000004,0.8924788820194899,0.40951256514494805,0.42941452816146575,0.050450726484494474,0.06469627106698643,-0.1922487518788589,0.2062672482862993,0.4560669456066946,1.6099999601326445,0.0,239
179,train,pact,3.0,0,0.4288286743681341,0.09763204034966273,0.16272005986026658,0.02947888969128102,0.0,0.015484172977491528,1.57944259084917,1.6107317533453138,0.6483860646830443,1290.5987387940474,0.7227169973580907,4.529498710542543,0.05605116216115123,42117.0,0.0,41855.0,0.0,0.0,0.9911613160097449,0.9000000000000004,0.8920451689464777,0.9970205254191332,0.5419595367169028,0.03412279181680839,0.053656025163275986,-0.19404257348517764,0.2276031929730853,0.41422594142259417,1.6107317683210456,0.0,239
180,eval,pact,3.0,0,0.02819466484402731,0.004577311143514342,0.007628851379431048,0.0,0.0,0.00867816277050947,0.6239711415318765,0.6279973452560074,0.4799946007868236,3172.6694284862056,0.5731809347513361,9.588741984826251,0.004386131131970889,42355.0,0.0,42093.0,0.0,0.0,0.995589117125986,0.9000000000000004,0.8960301748878288,0.6149400085319754,0.6421714909284577,0.0031198566969208143,0.004427286346197502,-0.0779773700260689,0.03213745214991543,0.9414225941422594,0.6279973428657026,0.0,239
181,eval,pact,3.0,0,0.09350418227249328,0.013675329249963397,0.02279221415987933,0.0,0.0,0.008228161152078143,0.6353475087357365,0.6376465117582217,0.3600184421783711,16528.071452503922,-0.03504691142043309,12.291699381552979,0.00500378443783531,42593.0,0.0,42331.0,0.0,0.0,0.9891602880785156,0.9000000000000004,0.8902442412895138,0.7603579933076247,0.8011786075880469,0.0028620917127346215,0.005740268989836322,-0.080159394490879,0.003264191815780884,0.9372384937238494,0.6376465118266789,0.0,239
182,eval,pact,3.0,0,3.939130826693449e-05,8.685140243135236e-06,1.4475232997770853e-05,0.0,0.0,0.009362103345425933,0.6450549019929256,0.652680472100629,-0.06701944446752323,54571.782083551254,-0.05174312740564346,16.646934509277344,0.0052180956064228545,42831.0,0.0,42569.0,0.0,0.0,0.9937944035649798,0.9000000000000004,0.8944149463745341,16.88321926689393,-16.951623685738358,0.004094135050530521,0.004146431700840873,-0.08808897883721035,0.027419211252559424,0.8242677824267782,0.6526804708749913,0.0,239
183,eval,pact,3.0,0,0.49725076854988837,0.07216576579644635,0.12027627113089526,0.0,0.0,0.006814912586983402,0.662147245147737,0.6466171447203249,0.3215930081755858,63764.32658865063,-9.121335546045747e-06,20.770081897160996,0.010992982292306224,43069.0,0.0,42807.0,0.0,0.0,0.9819190090670247,0.9000000000000004,0.8837270901292936,0.8421830661347712,0.8560668816758901,0.003199594397166813,0.014044018930884148,-0.11062631467490336,0.4114365411436541,0.3682008368200837,0.6466171431361313,0.0,239
184,eval,pact,3.0,0,0.37911919344205136,0.056568583151366134,0.0942809674080883,0.0011411183299379866,0.0,0.007793618145956031,0.6857987921607045,0.6722075380540792,0.6124342536577121,54977.32356498431,0.1902308840398135,92.75255400366365,0.018992060748665402,43307.0,0.0,43045.0,0.0,0.0,0.9896977980266555,0.9000000000000004,0.8907279912148559,0.8327051396072237,0.7062710360628568,0.005845639846640928,0.020075415078916872,-0.0971246295774713,0.08926080892608089,0.7112970711297071,0.6722075396941388,0.0,239
185,eval,pact,3.0,0,0.009418925725383427,0.00162856070269737,0.002714267773481883,0.0,0.0,0.009125805076086995,0.6357702662755256,0.6442144580465979,0.23841063721908187,117621.8323417887,0.18643134370544598,157.1542355724957,0.005468525081604065,43545.0,0.0,43283.0,0.0,0.0,0.9916127249286764,0.9000000000000004,0.8924514188676699,0.8800617534897148,0.6638017447091809,0.004460110097396664,0.00447048560158977,-0.08070139303752215,0.0012166533131546932,0.9916317991631799,0.6442144584842637,0.0,239
186,eval,pact,3.0,0,0.41756536128392996,0.06012493064858725,0.10020821178480535,0.0,0.0,0.00790216287239513,0.6611805323776341,0.6522505156165885,0.2606471096083647,95036.9662330021,-0.03144603908825744,16.34596606378276,0.00972953714794678,43783.0,0.0,43521.0,0.0,0.0,0.9849633424850688,0.9000000000000004,0.8864669832225623,0.8031539824298026,0.8546949068923251,0.0022864879807457327,0.013448221990390521,-0.11819135657536106,0.44223864209620467,0.45188284518828453,0.6522505117231842,0.0,239
187,eval,pact,3.0,0,0.14450739523119227,0.021003536476170235,0.035005892545748825,0.0,0.0,0.008270871505982956,0.6383412896838647,0.6414975421698024,0.6448457443065723,80153.68063546024,-0.03984312841154354,22.582235444040975,0.008457803601890055,44021.0,0.0,43759.0,0.0,0.0,0.9890067347921587,0.9000000000000004,0.8901060405635435,0.8503799518911183,0.8097519633347393,0.005722224298539278,0.008472507057232181,-0.0850912850180431,0.11914300127600227,0.7740585774058577,0.6414975380966658,0.0,239
188,eval,pact,3.0,0,0.04666315660102996,0.008934205228211475,0.014890341693358875,0.0,0.0,0.008997701962817475,0.6637539701481744,0.6715360386102269,0.646988649248578,61501.47812336559,-0.04266780780123695,86.07072587591834,0.00795497283754504,44259.0,0.0,43997.0,0.0,0.0,0.9926554772644363,0.9000000000000004,0.8933899133275244,1.2106526803493567,0.4895925920907688,0.004063283379434207,0.006276574164578325,-0.09300727699884667,0.0454909641235645,0.8828451882845189,0.6715360385183546,0.0,239
189,eval,pact,3.0,0,0.48813355436147227,0.06971833364660296,0.1161972152571039,0.0,0.0,0.006324619234044681,0.647362590584296,0.6456090790457306,0.4954276869860653,52021.02393599634,0.09443773138025098,36.054284977613634,0.021544187215729677,44497.0,0.0,44235.0,0.0,0.0,0.9811097000682704,0.9000000000000004,0.8829987031021876,0.813160277263943,0.7087190879042948,0.004630879388572887,0.022243988880435606,-0.08871419508361125,0.12353482299178019,0.6276150627615062,0.6456090782770261,0.0,239
190,train,pact,3.0,0,0.5020705397688578,0.13140057938872818,0.21900094990322558,0.05819703370457414,0.0,0.016816297701898977,1.6205800085885753,1.653638189806599,0.5523611783794279,2433.968461423738,0.5362497488948591,6.913556582758117,0.075119985898793,44735.0,0.0,44473.0,0.0,0.0,0.985025207367901,0.9000000000000004,0.8865226591980108,0.8799010276053038,0.4349808332406748,0.046752356458455324,0.07373225588982761,-0.20282585963699096,0.2779607703492686,0.401673640167364,1.653638187126741,0.0,239
191,train,pact,3.0,0,0.0043400218550171355,0.0012058187683456807,0.002009697847185699,0.0,0.0,0.015451115572622444,1.6084161772388794,1.6185952335221996,0.4816791814241449,1227.2067442060015,0.4547912066950459,6.591927464537042,0.01565748228858104,44973.0,0.0,44711.0,0.0,0.0,0.9903647971951313,0.9000000000000004,0.891328295653834,3.979067083339329,-2.476217345246087,0.011519583252842315,0.013898155958611892,-0.1969098375596919,0.24650583103356183,0.4351464435146444,1.6185952259259713,0.0,239
192,train,pact,3.0,0,0.34633041948240073,0.07988269867869101,0.1331378225218926,0.047926969046872034,0.0,0.015902281750507934,1.5857285303550783,1.5941024123375387,0.48294300239954036,1137.057408544309,0.6065227936789643,4.45164904210358,0.06552674270538948,45211.0,0.0,44949.0,0.0,0.0,0.9907588262937059,0.9000000000000004,0.8916829218425512,0.7027368074058303,0.3168259376730713,0.02439660318486858,0.06446613091878031,-0.20947206694691253,0.4270156384462447,0.24686192468619247,1.5941024113731925,0.0,239
193,train,pact,3.0,0,0.4671610229562556,0.11013334346465717,0.18355555983184044,0.05306200134454911,0.0003803727766459956,0.015533047305443422,1.5029489677321461,1.5396371251868404,0.557825907004927,1350.3413586476856,0.3775108220936364,5.9071771175791525,0.07612311624762091,45449.0,0.0,45187.0,0.0,0.0,0.9912996755983041,0.9000000000000004,0.8921696952696125,0.7306415987938678,0.38171748479958134,0.03180512267647794,0.07594719895056476,-0.21301007397366328,0.5000445117065788,0.18828451882845187,1.5396371214446873,0.0,239
194,train,pact,3.0,0,0.48366004122113304,0.1123845428568126,0.18730755907340438,0.053062001469245015,0.0,0.015278857300704867,1.587672383715418,1.5702234536534074,0.5610393667320827,1228.0898378763238,0.5580993843377884,4.529162920543838,0.05103608351697654,45687.0,0.0,45425.0,0.0,0.0,0.9899381957792338,0.9000000000000004,0.8909443559506947,0.6015888625676931,0.5684959078295273,0.012617410371773118,0.05413018141690034,-0.19007439472186852,0.20460547790735628,0.4602510460251046,1.570223459600677,0.0,239
195,train,pact,3.0,0,0.0038738003089876893,0.0020522853811602714,0.0034204752694193866,0.0,0.0,0.01600740748851182,1.6147485258190204,1.6488399974471855,0.425397334737259,1241.4894820337017,0.8070827722549438,1.7865180969238281,0.03373567097884638,45925.0,0.0,45663.0,0.0,0.0,0.9916187831547469,0.9000000000000004,0.8924568874067841,7.111309031927392,-6.2801246890509645,0.018797218122859005,0.029374678548820955,-0.1943058710012367,0.18237929908899375,0.49372384937238495,1.6488399879879987,0.0,239
196,train,pact,3.0,0,0.05794354536329254,0.013071123463434796,0.021785204548307863,0.0,0.0,0.015187795671427848,1.588802813984859,1.5935891856708286,0.17849820953680332,1158.809809856335,0.34207460769572956,3.3514333923491475,0.017533172408574764,46163.0,0.0,45901.0,0.0,0.0,0.9907947339772181,0.9000000000000004,0.8917152365381249,0.4610573699173698,0.10629745333974128,0.0071950881653625905,0.01678887037044025,-0.19302455109465314,0.24312294133357074,0.41422594142259417,1.5935891786904557,0.0,239
197,train,pact,3.0,0,0.1299968671675179,0.032194825222337145,0.053658038419560544,0.006846709854932011,0.0,0.01581228230826588,1.573957737769043,1.5674862617229317,-0.36014969553993276,1338.762780097738,0.3377037272792481,3.0897735222612965,0.023578916780671803,46401.0,0.0,46139.0,0.0,0.0,0.9908283220674203,0.9000000000000004,0.8917454635747806,0.2842984539134527,0.2974519144100606,0.0013760063789474467,0.024444794299137106,-0.1933224333316111,0.2557049170598533,0.41422594142259417,1.567486271392152,0.0,239
198,train,pact,3.0,0,0.41162967206828666,0.10694355087647157,0.17823923939538103,0.05591479698235021,0.0,0.016025874580580073,1.5889786344691799,1.6141903574995415,0.6342300519534235,1465.6935432466005,0.6544122709639402,3.7474076653125397,0.06812111838919473,46639.0,0.0,46377.0,0.0,0.0,0.9917913550612318,0.9000000000000004,0.8926122111256651,0.9021868906430904,0.4865719819005332,0.03674244225121938,0.06606916595585488,-0.19572582086379606,0.2645182349624618,0.39748953974895396,1.6141903477681128,0.0,239
199,train,pact,3.0,0,0.02819465429997744,0.007098395282566542,0.011830658016277152,0.0,0.0,0.015890225136816254,1.6098146366275006,1.6119007011836544,0.4103562069986655,1586.105638320476,0.44838533391513585,3.5078115877247256,0.011361874014316478,46877.0,0.0,46615.0,0.0,0.0,0.9910148940824565,0.9000000000000004,0.8919133980403884,0.6537407142164896,0.15860752885395124,0.006106937617351789,0.010757247201083267,-0.19175236222987604,0.2023798925784148,0.47280334728033474,1.6119006934004918,0.0,239
200,train,pact,3.0,0,0.3959428790102983,0.10182295564768976,0.16970491389358328,0.05211106965232594,0.0,0.016282348977362884,1.5968512142053708,1.606336804364017,0.5057693670609007,1259.77048482855,0.5695511977262327,3.610607376158487,0.07641469431791657,47115.0,0.0,46853.0,0.0,0.0,0.9910136755540281,0.9000000000000004,0.8919122855034832,0.7236179224863393,0.37186668798258793,0.032496098917341086,0.07496730461872522,-0.20687669865459307,0.38057509124899846,0.28870292887029286,1.6063367980697008,0.0,239
201,train,pact,3.0,0,0.03145542497177721,0.009578913153388107,0.015964854692637913,0.0,0.0,0.015119707474882508,1.597454571324911,1.5948418383817793,0.37315996458839673,1123.487703586722,0.5314903199111567,5.628068412696966,0.011083733905267524,47353.0,0.0,47091.0,0.0,0.0,0.990132584980841,0.9000000000000004,0.8911193088008769,0.26197686891032296,0.26191221312414215,0.0045919556038100575,0.010908335054470577,-0.19042195148331992,0.19623727707053623,0.46443514644351463,1.5948418517380176,0.0,239
202,train,pact,3.0,0,0.3612674953427315,0.08587489373708937,0.1431248110399705,0.05439330581341827,0.0,0.015312717812502109,1.5740129763112407,1.5902842530146801,0.5684983142998428,1213.9828593361826,0.5588686699788067,3.6513927541517313,0.06427899608193706,47591.0,0.0,47329.0,0.0,0.0,0.9912594529375371,0.9000000000000004,0.8921334883159174,0.7506095509388769,0.38444246703965923,0.02656410898729835,0.06345136125988977,-0.19093218398250522,0.20837413573103059,0.46443514644351463,1.5902842423527215,0.0,239
203,train,pact,3.0,0,0.4634686815016611,0.11433321905047956,0.19055535053189773,0.05306200109515729,0.0,0.015400032538172466,1.5866403826609814,1.5963171890091197,0.5368261222560037,1328.7375595539684,0.5863813395654806,2.6080537126652867,0.051427328341960066,47829.0,0.0,47567.0,0.0,0.0,0.9904850973244991,0.9000000000000004,0.8914365691121153,0.5419139681621764,0.5665153215650802,0.007111871166021696,0.056463393621403866,-0.19250913106019482,0.2374847918335856,0.37656903765690375,1.5963171888295835,0.0,239
204,train,pact,3.0,0,0.4288286743681341,0.09409132514083923,0.15681886758017097,0.030429821321156233,0.0,0.015700853759009842,1.5468748665753767,1.5747000600004795,0.7413815579155,1035.5118566537003,0.6995605812661319,5.085255779606528,0.05033477589636106,48067.0,0.0,47805.0,0.0,0.0,0.9906064738289582,0.9000000000000004,0.8915458102106549,1.0250889526077898,0.5815294037690687,0.03304883483534967,0.048862368330188005,-0.20385630267770943,0.408587791922609,0.2175732217573222,1.5747000612701718,0.0,239
205,train,pact,3.0,0,0.15197705929011698,0.03733405924606026,0.06222342888502673,0.011411183049988049,0.0,0.015538324253189389,1.610845131854133,1.6084792908265502,0.5037561322106477,1267.5603241860617,0.4291981933755356,8.290185303368828,0.028866447502977087,48305.0,0.0,48043.0,0.0,0.0,0.9901224464552173,0.9000000000000004,0.8911101828060389,0.320948614245097,0.33779331476394914,0.006158193511105815,0.029709518465157948,-0.18746612913241967,0.15958930532063265,0.497907949790795,1.6084792801167367,0.0,239
206,train,pact,3.0,0,0.07057713395643153,0.016884242314529323,0.02814040253077749,0.0,0.0,0.015967173751240994,1.603666889118849,1.6125014352000409,0.20383242096861037,1276.0430709008892,0.4050481094974853,1.518160747184913,0.03714875038615798,48543.0,0.0,48281.0,0.0,0.0,0.9907536362005577,0.9000000000000004,0.8916782579661413,0.25698503212221574,0.25675562743667657,0.031143478901792296,0.035001919144047544,-0.1886670830004415,0.14917356598118642,0.5271966527196653,1.612501441572449,0.0,239
207,train,pact,3.0,0,0.013958485612926312,0.0026424433541312234,0.004404071992946712,0.0,0.0,0.016093365850012795,1.6058599908980367,1.617494706828225,0.0012267183648957188,1378.109674302105,0.3786057920105537,1.339258356074409,0.015300121716083375,48781.0,0.0,48519.0,0.0,0.0,0.9911383826862319,0.9000000000000004,0.8920245250398644,0.1770861970894635,0.10120281655823504,0.013838073321385308,0.013974095877137223,-0.19183382703599708,0.19579216000474786,0.4811715481171548,1.6174947114745384,0.0,239
208,train,pact,3.0,0,0.41462239765982967,0.09474358543281508,0.15790596442172528,0.037847090715144964,0.0,0.01561296317983559,1.6020929169954117,1.593119504810876,0.1620904197721551,1169.0184696468848,0.34822505354008415,1.2326844160028083,0.04537636167116495,49019.0,0.0,48757.0,0.0,0.0,0.99030836132281,0.9000000000000004,0.8912775055135145,0.4945387972779713,0.538942899780849,0.004770370387153602,0.05039225190158965,-0.18651350897888105,0.16777945933113741,0.48535564853556484,1.5931195048788986,0.0,239
209,train,pact,3.0,0,6.514794980351147e-05,1.754233379257457e-05,2.923721978092609e-05,0.0,0.0,0.016527829286505986,1.6326289910152867,1.6766894227790035,0.260667575141376,1326.3065622241927,0.677870512008667,1.0855838060379028,0.03479417677088076,49257.0,0.0,48995.0,0.0,0.0,0.991723587572824,0.9000000000000004,0.8925511989134625,3.189945166930114,-1.929102591963527,0.030313001999575564,0.02959817522824021,-0.19420265264344472,0.14555328051277483,0.5313807531380753,1.6766894256751317,0.0,239
210,eval,pact,3.0,0,0.04457112279658256,0.0066514359087366404,0.011085725921859734,0.0,0.0,0.008434658909068447,0.5747055341509096,0.5763508126326685,0.16697935317350732,2216.3821883580677,0.5843672702302299,1.924619147967095,0.004738080266095448,49495.0,0.0,49233.0,0.0,0.0,0.9960455408156168,0.9000000000000004,0.8964409636154335,0.39240887614289643,0.40476698403636857,0.0009304418480799843,0.00490980724478725,-0.07766817336153999,5.9348942105106975e-05,0.99581589958159,0.5763508127626285,0.0,239
211,eval,pact,3.0,0,0.04457110651652085,0.009263800932264329,0.015439667774471026,0.0,0.0,0.009574100515458374,0.6485920064618896,0.6625017471393282,-0.3324993555141792,15966.354859930701,0.31611583122562725,23.679985824489194,0.0141334411995992,49733.0,0.0,49471.0,0.0,0.0,0.9940985832753042,0.9000000000000004,0.8946887010310983,1.046734948887489,0.036064043567991644,0.006202053739818641,0.01289377207370966,-0.10452399419315128,0.26404344342562097,0.39748953974895396,0.6625017474356151,0.0,239
212,eval,pact,3.0,0,0.20328998215313637,0.025352868889001217,0.0422547786115977,0.004944845971702033,0.0,0.008923026824673972,0.646079676171227,0.671985209985757,0.3164935605171834,73191.43553870294,0.1104465507625536,152.49672901879794,0.022296131875903725,49971.0,0.0,49709.0,0.0,0.0,0.98689252437408,0.9000000000000004,0.8882032604147699,0.6391908777865585,0.32526096979599617,0.008490666302759912,0.021723622150298317,-0.10046014546593546,0.1577791625864269,0.5815899581589958,0.6719852133014546,0.0,239
213,eval,pact,3.0,0,0.0034414851706437025,0.0005564293261543383,0.0009273821493198172,0.0,0.0,0.008942723513880908,0.648699096805381,0.6516351061386044,-1.3200107009839812,97325.09775431485,0.1000060960650444,206.62657165527344,0.003132988784996068,50209.0,0.0,49947.0,0.0,0.0,0.9897596903425879,0.9000000000000004,0.890783693875229,2.367189988795626,-2.297675691413437,0.001296113315038383,0.0020631286775923204,-0.09395574497775769,0.13211074512596813,0.6820083682008368,0.6516351066141588,0.0,239
214,eval,pact,3.0,0,6.514758795400435e-05,2.325787500012666e-05,3.876312406661542e-05,0.0,0.0,0.009277154956496161,0.622395865089225,0.6258165123073626,-3.7879390043194823,116601.28885002615,0.1000060960650444,206.62657165527344,0.0012025674524966425,50447.0,0.0,50185.0,0.0,0.0,0.991891523223043,0.9000000000000004,0.8927023497460777,4.5303939768875106,-9.129393905395416,0.0008924129392048384,0.0009585464978200933,-0.09022516050100589,0.12098281848126058,0.6569037656903766,0.6258165157796153,0.0,239
215,eval,pact,3.0,0,0.00010017924373394666,2.1709944547746314e-05,3.618323792438958e-05,0.0,0.0,0.008912180671195605,0.6207702815782076,0.6239552774688689,-26.023765657736167,104170.49944429916,0.1000060960650444,206.62657165527344,0.0009292288063284961,50685.0,0.0,50423.0,0.0,0.0,0.9891968964283436,0.9000000000000004,0.8902771811480302,1.265127046176457,-1.1981380235222345,0.0008171019854389356,0.0008316927567069812,-0.08552456000901075,0.01293806937891332,0.8451882845188284,0.623955277315748,0.0,239
216,eval,pact,3.0,0,0.19514417073502602,0.026463553859825708,0.044105920337159314,0.004564473070360128,0.0,0.008921536727064137,0.6444554887556132,0.6632487641717599,0.12209286344350631,61400.85832897489,0.2406463945385801,78.78828930954555,0.023465627349453302,50923.0,0.0,50661.0,0.0,0.0,0.9875062870555343,0.9000000000000004,0.8887556320890223,0.5932232611717576,0.2996579676565634,0.007951785246596524,0.022949029693465725,-0.10240896103033452,0.1827353927416244,0.5606694560669456,0.6632487712249723,0.0,239
217,eval,pact,3.0,0,0.25732146626996916,0.028547410688828313,0.047579015751995093,0.0,0.0,0.007492866402172394,0.6080679631632242,0.6278755861844977,0.0051590861620139875,74197.71487643829,0.16342125100446048,69.63945401562806,0.00995027521775186,51161.0,0.0,50899.0,0.0,0.0,0.9827122685799539,0.9000000000000004,0.8844410177304655,0.700399398496646,0.7332387502658253,0.003163905061536737,0.011049652042034935,-0.07122849789455811,0.0,1.0,0.6278755859957028,0.0,239
218,eval,pact,3.0,0,0.5010294404741651,0.04927325740592785,0.08212209197895448,0.0,0.0,0.005998490638368486,0.6564164827558286,0.6656768703560451,-0.007262021810971746,11853.290772505883,0.12940852390017718,27.753746800841647,0.01809264894352766,51399.0,0.0,51137.0,0.0,0.0,0.9827572240739687,0.9000000000000004,0.8844814879126129,1.0144400935387612,0.639187289866883,0.004195583853288554,0.015971837431839258,-0.091646430700317,0.09273272203922962,0.6736401673640168,0.665676870968722,0.0,239
219,eval,pact,3.0,0,0.10942612930107716,0.01188110270251634,0.019801836984180192,0.0,0.0,0.00813617538777667,0.6332984122771099,0.635788640217801,0.5318926887033375,36899.29730403373,0.08586987324748734,48.68405197255282,0.006441659360313515,51637.0,0.0,51375.0,0.0,0.0,0.9895765108044676,0.9000000000000004,0.8906188347848389,0.925106238073873,0.6172234032380716,0.0026009457054524086,0.005726469594938485,-0.08930078570460022,0.04875515593934539,0.8828451882845189,0.6357886395315543,0.0,239
220,train,pact,3.0,0,0.42329977726598883,0.09841301498176618,0.16402168045909446,0.04944846015345601,0.0,0.014930101559657183,1.5542403043064612,1.5472000365975511,-0.05850503219595514,2253.2617892341136,0.34176626919951897,23.72082961653067,0.045273363462987326,51875.0,0.0,51613.0,0.0,0.0,0.977914782685216,0.9000000000000004,0.8801232846336884,0.5231666396861354,0.5608111537579117,0.003256548973109752,0.049450553632165974,-0.18773479739981191,0.2377518620730586,0.4225941422594142,1.5472000379798976,0.0,239
221,train,pact,3.0,0,0.3859785423496817,0.10976882365547258,0.18294802737318414,0.06599467531407727,0.0,0.016644231867918035,1.6414184727429346,1.6797550223362496,0.7064862348544547,1657.4224531740324,0.5460331407550988,12.155293794356629,0.06285811543355552,52113.0,0.0,51851.0,0.0,0.0,0.992451483734482,0.9000000000000004,0.8932063190508088,1.029351476523688,0.5673468775240578,0.038733610247864446,0.05910980053807153,-0.20676576808637048,0.2878126947387163,0.4309623430962343,1.679755028075402,0.0,239
222,train,pact,3.0,0,0.24895395069227458,0.06931409755800293,0.11552348729928325,0.04165081779577742,0.0001901863883229978,0.01614621583426909,1.6136000824772663,1.630830371479609,0.43207524124548524,1733.8690696301321,0.38286008240039376,8.952502555926973,0.06248973812771548,52351.0,0.0,52089.0,0.0,0.0,0.991491042420455,0.9000000000000004,0.8923419142866733,0.7131276971775892,0.28487260741345766,0.02303476626984775,0.060509504106433507,-0.20346727933414568,0.3108400842754978,0.3389121338912134,1.6308303790838912,0.0,239
223,train,pact,3.0,0,0.00595315217983492,0.0019077808944404683,0.0031796346788324327,0.0,0.0,0.015925125045522612,1.624238761897865,1.6245473376377857,0.29610085082104015,1442.291303179753,0.38627605127739606,12.451140292020023,0.004355610963939854,52589.0,0.0,52327.0,0.0,0.0,0.9901852091485985,0.9000000000000004,0.8911666747915196,0.17845232284289336,0.06829913022180323,0.0026307969034990364,0.004093820815237393,-0.19476674560215518,0.2203032730941571,0.4811715481171548,1.6245473394922976,0.0,239
224,train,pact,3.0,0,0.22391452780090834,0.0566343411626796,0.09439056158614019,0.029288703178262113,0.0,0.015980313212521156,1.6141468845151956,1.6135102779795436,-0.05695804450894749,1357.5264846610226,0.3374964073612101,1.3059361165537495,0.03505389270566065,52827.0,0.0,52565.0,0.0,0.0,0.9906956680648995,0.9000000000000004,0.8916260712316345,0.38322316609726453,0.4158601292301627,0.003354342361114779,0.03727672242673472,-0.1895993686011039,0.1626457758390457,0.5104602510460251,1.6135102839484858,0.0,239
225,train,pact,3.0,0,0.08163402942219938,0.017332649837470508,0.02888774827001402,0.0001901863883229978,0.0,0.015765130726394544,1.6016024216448412,1.6251046148802946,0.4606179091222117,1347.5877488906413,0.5047636451082749,9.07214657083216,0.03140590727187023,53065.0,0.0,52803.0,0.0,0.0,0.9915947540035807,0.9000000000000004,0.8924352594000525,1.7261689392595818,-0.10334437492273829,0.015915394726096453,0.02761684183691819,-0.19823531335522468,0.2695628950413959,0.4100418410041841,1.6251046133256382,0.0,239
226,train,pact,3.0,0,0.43151492035799666,0.1009695168613689,0.16828251790764504,0.04317230952584095,0.0,0.015264696550699708,1.5784296014318906,1.5773083702290907,0.45694247935606347,1198.511765739409,0.51471168173781,4.790280846122918,0.04497417852464697,53303.0,0.0,53041.0,0.0,0.0,0.9903310522374748,0.9000000000000004,0.8912979249674905,0.5264448769310882,0.561517249649844,0.002144052180977139,0.05008417488965712,-0.1858325225073378,0.16398112703641057,0.4602510460251046,1.5773083762422633,0.0,239
227,train,pact,3.0,0,0.4881335476829956,0.11642697869132591,0.1940449491043616,0.04982883305479792,0.0,0.01592335161639993,1.6129647707839392,1.6349239055082887,0.7825029050954715,1121.8129627435278,0.7047509223098036,3.18612062893652,0.058831455402278875,53541.0,0.0,53279.0,0.0,0.0,0.9912034188354365,0.9000000000000004,0.892083053808332,0.9900859891045423,0.5683210510410519,0.04709254202838892,0.0565332456786092,-0.18995647785997283,0.15279385144959792,0.5313807531380753,1.6349238937340627,0.0,239
228,train,pact,3.0,0,0.44414846890925763,0.12139646245145837,0.2023274228321722,0.06979840320523314,0.0,0.017006204603824408,1.6088784444282245,1.6630111566148542,0.5915532130825969,1611.0355924342966,0.558083177922161,4.679930434067379,0.08371297262655766,53779.0,0.0,53517.0,0.0,0.0,0.9923897116254065,0.9000000000000004,0.8931507173941226,0.7570666410615935,0.4059811120445037,0.03817695062607527,0.08286894843075814,-0.20460910873372173,0.28733790320187547,0.41422594142259417,1.6630111523587954,0.0,239
229,train,pact,3.0,0,0.23223904260317552,0.054274809063358916,0.09045800832212245,0.030239634870485282,0.0001901863883229978,0.015841463477463777,1.5783134444488143,1.5803641928788508,0.4251852480686858,1604.5710280669782,0.5540975476283907,3.929066345781462,0.053952194099552216,54017.0,0.0,53755.0,0.0,0.0,0.9909285623658153,0.9000000000000004,0.8918356863025841,0.6413818675647536,0.22275878365257373,0.020286297359909382,0.05241382472259947,-0.19429233152361125,0.26282679011246624,0.41841004184100417,1.580364199046194,0.0,239
230,train,pact,3.0,0,0.08746965989669216,0.020067442559129213,0.0334457354933361,0.0013313047182609845,0.0,0.01528211634715232,1.600892543044549,1.5966702492666045,0.28477047196741384,1361.1875017876405,0.5895887074298439,4.0457589007820545,0.01704836597935994,54255.0,0.0,53993.0,0.0,0.0,0.9904255388172102,0.9000000000000004,0.8913829660814676,0.2365390269338607,0.24575808388381937,0.002513545062596498,0.01735839069683093,-0.1838414091305955,0.1147215050891718,0.6108786610878661,1.5966702432635111,0.0,239
231,train,pact,3.0,0,0.19514420172920505,0.04413539911893091,0.07355899371269596,0.01084062394736701,0.0,0.01589881142827382,1.6224909916083683,1.6177135449074302,0.10183822172089912,1384.2235199357676,0.44102725511315477,1.2493784405197559,0.04230190930395118,54493.0,0.0,54231.0,0.0,0.0,0.991133750731975,0.9000000000000004,0.8920203562062156,0.311736871006219,0.32005911916842067,0.01978711183165389,0.04242990912906592,-0.18586169442767347,0.1186682097391614,0.5690376569037657,1.6177135480410243,0.0,239
232,train,pact,3.0,0,0.0,0.0,0.0,0.0,0.0,0.015555096369345817,1.6059860125745191,1.6342882461627657,0.11599654521964584,1540.3054766156185,0.46954450011253357,1.189630389213562,0.02346470738760153,54731.0,0.0,54469.0,0.0,0.0,0.9913796198916734,0.9000000000000004,0.8922416370782892,nan,nan,0.020926577726473532,0.020926577276399235,-0.1914275058658865,0.15947060743642244,0.5439330543933054,1.6342882319467797,0.0,239
233,train,pact,3.0,0,0.4488243158769947,0.11291101631607615,0.18818501252238978,0.06561430259977924,0.0,0.01622774125423641,1.5900678280507172,1.6126551952322157,0.5371715777697798,1351.5650496861924,0.5275465952676709,4.8043348472487475,0.07848903872111664,54969.0,0.0,54707.0,0.0,0.0,0.9915623976595731,0.9000000000000004,0.8924061359221965,0.7387311281165336,0.3906145889068391,0.03287772475815718,0.07772390653913115,-0.19830918760703473,0.25344965725985935,0.39748953974895396,1.6126552026936025,0.0,239
234,train,pact,3.0,0,0.49905009486198143,0.11961353216955324,0.19935587396552723,0.05952833823579126,0.0,0.01499580821630284,1.5442426306932042,1.556856225474609,0.6181423388515057,1234.5920721716461,0.5951782165710896,3.1488238847405343,0.055859754691056314,55207.0,0.0,54945.0,0.0,0.0,0.9903956916042951,0.9000000000000004,0.8913561030910604,0.6914457119383574,0.547977808354333,0.01664944107482291,0.058407536265537706,-0.18701003909832656,0.2148728448915398,0.41841004184100417,1.5568562208425012,0.0,239
235,train,pact,3.0,0,0.350115003503633,0.08281049350790229,0.13801747792075955,0.0412704453308712,0.0,0.015960168527930228,1.5863434442915179,1.6150362092580755,0.5334021444101213,1394.473035740553,0.5856299728279832,4.029673581342817,0.06243475029736009,55445.0,0.0,55183.0,0.0,0.0,0.9910367517790535,0.9000000000000004,0.8919330536072224,0.4866889109142718,0.5072728463731401,0.04816447546901671,0.0641645195876408,-0.1891492780075284,0.15973767767589542,0.497907949790795,1.6150362116290486,0.0,239
236,train,pact,3.0,0,0.22807283978866633,0.04788060004604905,0.07980099564868637,0.013883605973491111,0.0,0.01546623429018521,1.5931801935618892,1.598566763570618,0.6533668056192757,1002.4700010930145,0.6550775851165899,6.281241079504021,0.041107517851236036,55683.0,0.0,55421.0,0.0,0.0,0.9904611080760237,0.9000000000000004,0.8914149762696302,1.157234284990637,0.42423741772935875,0.023144823925569654,0.038029335689571175,-0.1938739111752225,0.2411941007151547,0.3682008368200837,1.5985667603405516,0.0,239
237,train,pact,3.0,0,0.5020913164463541,0.13210537523110327,0.22017561061497815,0.06903765690376569,0.0,0.016247459036535798,1.6260555379061519,1.6499808512970993,0.6311294547434132,1363.6815200869507,0.5939651745757298,2.9753822337633395,0.07291208601081316,55921.0,0.0,55659.0,0.0,0.0,0.9915449187845365,0.9000000000000004,0.8923904115186077,0.7596564183430846,0.4483342644003345,0.007209222298115492,0.07325581950330366,-0.1984681395242754,0.22659426095729843,0.4476987447698745,1.6499808608705204,0.0,239
238,train,pact,3.0,0,0.4367288415779668,0.1056653896653131,0.17610896782225685,0.051350323662598264,0.0,0.016274983657594132,1.614293033607834,1.6481513732646798,0.593174570399847,1543.1878330118986,0.5153278362426797,5.8939572532805435,0.07158739975493822,56159.0,0.0,55897.0,0.0,0.0,0.9914946566066981,0.9000000000000004,0.8923451700968722,0.7605576305580989,0.435520734295875,0.03761733301422175,0.07092356750016807,-0.20038064977127668,0.25015579097302587,0.40585774058577406,1.6481513881665646,0.0,239
239,train,pact,3.0,0,0.4948741555965635,0.12272956614384635,0.2045492635973852,0.04982883268071019,0.0,0.01682885501545437,1.6399349373254817,1.667467998909651,0.5899353099667377,1387.6192473726792,0.5894677675169382,3.813671036245434,0.07809089884458102,56397.0,0.0,56135.0,0.0,0.0,0.9913147017047994,0.9000000000000004,0.8921832078171574,0.7411446205012825,0.41637010828684495,0.04458559947388788,0.07795839733931248,-0.20187477381231808,0.24113475177304963,0.4476987447698745,1.667468001684479,0.0,239
240,eval,pact,3.0,0,0.215627043554328,0.02681895843193446,0.04469826021254087,0.015024724552820915,0.0,0.00761048078233041,0.6676554831999615,0.6969277492128156,0.48075754186099545,2333.6468771451687,0.21837202724552554,20.685530072226186,0.025678419773505854,56635.0,0.0,56373.0,0.0,0.0,0.9931952823654877,0.9000000000000004,0.8938757295887839,0.660311237638695,0.2157318290603385,0.007756782005344576,0.02435976095404086,-0.10844363664136944,0.22217276477046796,0.6485355648535565,0.6969277532221113,0.0,239
241,eval,pact,3.0,0,0.4769458410955545,0.018433757821961588,0.030722927636800946,0.0,0.0,0.00548656142188166,0.6550970344363894,0.661003686144761,0.4341475896256738,7504.6252022587605,0.13908889681070646,16.165104061988607,0.009141200242045814,56873.0,0.0,56611.0,0.0,0.0,0.9824637202039423,0.9000000000000004,0.8842173283568985,0.6931351348057024,0.5672608310381054,0.00465442159960124,0.00916165443747129,-0.0862225929779721,0.03299801181043948,0.8284518828451883,0.6610036891548836,0.0,239
242,eval,pact,3.0,0,7.168495677855786e-07,2.1856591564790194e-07,3.642765108581679e-07,0.0,0.0,0.009520244741788968,0.6524576634542713,0.6570201047294808,-0.21389514002091714,45818.20702307793,0.13236266374588013,17.058748245239258,0.0031763451226507647,57111.0,0.0,56849.0,0.0,0.0,0.9932375732326109,0.9000000000000004,0.893913785782818,1305.6790578253842,-2745.276624750407,0.0022810694537548147,0.0025567792786604813,-0.09117495104671058,0.11466215614706667,0.7489539748953975,0.6570201073831646,0.0,239
243,eval,pact,3.0,0,0.0005835245887526782,0.00011179070955918806,0.00018631783537807772,0.0,0.0,0.009413868541513652,0.6445285822557106,0.6478854430270494,-2.778376872818839,76654.69246861925,0.13236266374588013,17.058748245239258,0.0015378608531513443,57349.0,0.0,57087.0,0.0,0.0,0.9920456813469093,0.9000000000000004,0.8928410874126347,0.6693170059223745,-0.20249382273436178,0.0012382998263084255,0.0013029238566654932,-0.08694398940911928,0.03736015905516485,0.8242677824267782,0.6478854463239107,0.0,239
244,eval,pact,3.0,0,2.149352706407653e-05,2.557162367631623e-06,4.261936787218752e-06,0.0,0.0,0.00927293296731915,0.6488250414197914,0.6521493513215038,-26.894268947665164,252717.3615324268,0.13236266374588013,17.058748245239258,0.0010949484380468665,57587.0,0.0,57325.0,0.0,0.0,0.9904106865368129,0.9000000000000004,0.8913696071592834,3.3959424881989557,-3.3975863597460396,0.0009730411215407893,0.0009670700553013596,-0.0864920369612986,0.0,1.0,0.6521493548543688,0.0,239
245,eval,pact,3.0,0,0.3859785423496817,0.02544293460638857,0.04240488949363075,0.0,0.0,0.008572571385831076,0.7234755836770126,0.7525796162034677,0.21330959471449193,79143.49851268306,0.17448523459823562,74.90927110057495,0.01534014514103828,57825.0,0.0,57563.0,0.0,0.0,0.9832694315386616,0.9000000000000004,0.8849424720433965,0.7148410682492056,0.4734118236310404,0.004896132102893556,0.015466705716709961,-0.10382999291601443,0.09297011780765009,0.7531380753138075,0.7525796162375621,0.0,239
246,eval,pact,3.0,0,0.09046236122763525,0.004662154614611818,0.007770257539472764,0.0,0.0,0.008783886413709514,0.6646010194862239,0.6718038936539175,-0.010306796337873382,151203.22476464434,0.142454908778852,101.17352446751615,0.003475974054537542,58063.0,0.0,57801.0,0.0,0.0,0.9855948292560657,0.9000000000000004,0.8870353191218117,0.8827733142354797,0.787179733536332,0.0030224281614703806,0.003168039224071576,-0.08357703090331382,0.0,1.0,0.6718038902819847,0.0,239
247,eval,pact,3.0,0,0.5008256455296923,0.03148564737093845,0.052476076159524446,0.0,0.0,0.007133682591599026,0.7223463649530291,0.7362474774217007,0.0965510262059492,64849.21767128661,0.13632849638182748,27.31012248194866,0.010939108441139583,58301.0,0.0,58039.0,0.0,0.0,0.9827471285060858,0.9000000000000004,0.8844723967079339,0.750269004650501,0.6759691716024068,0.005145594402325942,0.011329950748701195,-0.0915911723056528,0.0,1.0,0.7362474773945809,0.0,239
248,eval,pact,3.0,0,0.0,0.0,0.0,0.0,0.0,0.009691125156053939,0.6612850851593656,0.6639762381130682,-1.3043452169605878,44576.63888026281,0.16738371551036835,123.19961547851562,0.006760462931022204,58539.0,0.0,58277.0,0.0,0.0,0.9911669704704604,0.9000000000000004,0.8920502566642841,nan,nan,0.005064272920885533,0.005064272914553318,-0.08611572454255233,0.0,1.0,0.6639762374711013,0.0,239
249,eval,pact,3.0,0,0.18707420168323716,0.021605025458689798,0.0360083741042556,0.0,0.0,0.008623323615671577,0.6427663016020004,0.6486731632982836,-1.5016443227967209,78529.35890919194,0.10570436419926926,94.42187498403892,0.009852148214731148,58777.0,0.0,58515.0,0.0,0.0,0.9817213129922436,0.9000000000000004,0.8835491604760102,0.7431242588769886,0.5837035243344928,0.0011713752980102544,0.009585757175787784,-0.08395468521828589,0.008012107184189442,0.9581589958158996,0.6486731607554891,0.0,239
250,train,pact,3.0,0,0.37562728849699706,0.0843427243864966,0.1405711997703593,0.03119056706149209,0.0,0.015057296365515083,1.5560439889899855,1.5753820306586421,0.6283629883283351,2424.9635811650105,0.5033316041448126,6.7036542892456055,0.054934565891671505,59015.0,0.0,58753.0,0.0,0.0,0.9833315279194501,0.9000000000000004,0.8849983470958646,0.969352698059235,0.5060559456653542,0.032277252329301766,0.05067814365769717,-0.19691235758437967,0.30184871954657405,0.28451882845188287,1.5753820273597336,0.0,239
251,train,pact,3.0,0,0.0760018663305159,0.018938946147055012,0.03156490844820415,0.003233168539143008,0.0,0.01533279505219295,1.5663575412838031,1.5734529475287913,0.35742011155044684,1195.5381127521084,0.38323667936931094,7.16648944975442,0.023723992879529754,59253.0,0.0,58991.0,0.0,0.0,0.9902985612218849,0.9000000000000004,0.8912686767937249,0.671190941951047,0.190479336205032,0.010733098644919382,0.02251055738869197,-0.19288077482792243,0.2511350485177602,0.41422594142259417,1.5734529520702571,0.0,239
252,train,pact,3.0,0,0.06794360041903054,0.020369115049715635,0.03394852314105649,0.0030429821508200098,0.0,0.016455382096998112,1.6095554601697244,1.6202404110002717,0.21962085584466925,1412.398272526314,0.371940716318338,3.5392968719474442,0.026162424459166934,59491.0,0.0,59229.0,0.0,0.0,0.9917417016488239,0.9000000000000004,0.8925675108841772,0.7223707756343739,0.1598253429809745,0.011386571712928879,0.02469103360864252,-0.19315613879446913,0.20632659722840438,0.48535564853556484,1.6202403999157926,0.0,239
253,train,pact,3.0,0,0.14082450920353773,0.03950377116221511,0.06583961334938493,0.016546215222969216,0.0,0.01683014240037946,1.6235048723520096,1.628623243655121,0.27509620192043766,1426.0562958657492,0.42532419129644977,3.822985470793736,0.04280249257260255,59729.0,0.0,59467.0,0.0,0.0,0.9915869116284358,0.9000000000000004,0.8924281973719098,0.6352907395194632,0.19583607988113505,0.016050372362219203,0.04119423677887627,-0.19951788507761586,0.26730763524140183,0.401673640167364,1.6286232390199622,0.0,239
254,train,pact,3.0,0,0.10614915428562363,0.025931610423034438,0.04321934905026286,0.0038037277664599556,0.0,0.015744738999723017,1.5877471703365758,1.5968394937874384,0.10300302274318637,1194.4091265690377,0.4272005529957336,3.721426778258639,0.019500817780730716,59967.0,0.0,59705.0,0.0,0.0,0.9906194656463847,0.9000000000000004,0.8915574964619082,0.3001748599099123,0.3046038685123137,0.0020053056787508895,0.020143564971990467,-0.1881063238306943,0.16700792308377105,0.5439330543933054,1.5968395038314191,0.0,239
255,train,pact,3.0,0,0.00036113544281525344,8.31728467502715e-05,0.0001386214106669552,0.0,0.0,0.015370383348206845,1.6212497543091555,1.6276654738262608,0.174585364903148,1221.0460118249869,0.35486483573913574,1.623826503753662,0.018617633485895773,60205.0,0.0,59943.0,0.0,0.0,0.9908301850243093,0.9000000000000004,0.8917471464707761,0.9239885561427399,-0.4054956932553315,0.017340706305459894,0.016654825429860735,-0.19546200941120376,0.22736579720466485,0.47280334728033474,1.6276654711354268,0.0,239
256,train,pact,3.0,0,0.34251425579287914,0.09205587126183612,0.15342643906320463,0.06542411602441237,0.0009509319416149889,0.016431532194253414,1.596590185265162,1.6353736140737973,0.5401999583593511,1350.7978622883434,0.47690335435453785,4.912765273987998,0.07077925806576736,60443.0,0.0,60181.0,0.0,0.0,0.9925833586369598,0.9000000000000004,0.8933250083584167,0.7493759112414173,0.3766420659009301,0.029579060783456127,0.06955108861828604,-0.20552144236592038,0.3351731505385917,0.3179916317991632,1.6353736181458067,0.0,239
257,train,pact,3.0,0,0.14450739523119227,0.037614916462645934,0.06269152448703798,0.00988969188105611,0.0,0.015174016898116057,1.578255370072241,1.5836166260631512,0.4008978774856823,1337.5586928363625,0.4683078428940793,5.849568068232995,0.025914513565298895,60681.0,0.0,60419.0,0.0,0.0,0.9898711871901317,0.9000000000000004,0.8908840535076094,0.3586845006263309,0.38479847367592157,0.004057509558313616,0.02709599316987661,-0.18453039498077847,0.14905486809697616,0.5062761506276151,1.5836166223335428,0.0,239
258,train,pact,3.0,0,0.4977520082539135,0.11454487454658081,0.19090811367212185,0.031190566999144135,0.0,0.016028146900501587,1.5927109683407898,1.625045995083813,0.6989406160230915,1072.6904991501046,0.6665368989172341,2.949361523699062,0.0637221220183229,60919.0,0.0,60657.0,0.0,0.0,0.9916629182743727,0.9000000000000004,0.8924966065454683,0.9034123237397081,0.49922972966795864,0.05240587109270004,0.062233167451077674,-0.19163481746605912,0.1822902756758361,0.4686192468619247,1.62504599309568,0.0,239
259,train,pact,3.0,0,0.3347918485875449,0.07508485471900948,0.12514141538919818,0.046976037292300904,0.0011411183299379866,0.014736141767898364,1.4443317100592736,1.4744336490351784,0.5140016086430729,1486.1586255189266,0.4414599928459363,5.536568464095622,0.06272531554461398,61157.0,0.0,60895.0,0.0,0.0,0.9913474338822784,0.9000000000000004,0.8922126769520747,0.6856509899824825,0.30696187094468164,0.023078164146893253,0.06116334335278392,-0.20534862558900305,0.45636369031722007,0.2594142259414226,1.4744336540090097,0.0,239
260,train,pact,3.0,0,0.5019918540521879,0.11753374882632156,0.19588957200296334,0.045264359360958246,0.0,0.015301247497545127,1.5751301289602304,1.5910524102434453,0.608654110252109,1320.1987595817534,0.5803490095308136,2.885474468624243,0.06440001210221187,61395.0,0.0,61133.0,0.0,0.0,0.9901945416398626,0.9000000000000004,0.8911750723128539,0.7446551824517669,0.4544831679274004,0.008616802016539233,0.06527836949303434,-0.18894709859598152,0.18582153773108992,0.45188284518828453,1.591052425542011,0.0,239
261,train,pact,3.0,0,0.15576161381352116,0.03224830125567313,0.053747165059572416,0.005515405074323071,0.0,0.015413196096937153,1.5946701630388842,1.6116640939373352,0.4820087492216581,1355.1553528598163,0.5649033374616791,6.1164581406565395,0.0379349829406949,61633.0,0.0,61371.0,0.0,0.0,0.9903705681218263,0.9000000000000004,0.891333484749415,0.33997804810069415,0.34787502487104993,0.025308329476877212,0.037310450048006635,-0.1874496948428864,0.15415887711801537,0.5397489539748954,1.6116640964815627,0.0,239
262,train,pact,3.0,0,0.08163405268523204,0.019824759984053097,0.033041263636234254,0.0003803727766459956,0.0,0.01600335677111498,1.6232763152242207,1.6377259605100465,0.24514823054668794,1203.6777251814199,0.4789260267961973,1.1838547076141486,0.034790323399373616,61871.0,0.0,61609.0,0.0,0.0,0.9908230244863981,0.9000000000000004,0.8917407021861695,0.27119179556736056,0.264388030444219,0.026191053357483313,0.03319737479133555,-0.19514926774306524,0.20840381020208312,0.4811715481171548,1.6377259643693494,0.0,239
263,train,pact,3.0,0,0.5005976261530134,0.10780736485740136,0.17967893012779107,0.03252187165505716,0.0,0.01536628776755979,1.6065788543373969,1.6116973209081833,0.5474493630136905,963.1469409894744,0.581497583304489,1.7604062608345783,0.0608724094849376,62109.0,0.0,61847.0,0.0,0.0,0.9903221641624324,0.9000000000000004,0.8912899242285405,0.7340307132058137,0.4794761515932814,0.05649742949754,0.06165906273132525,-0.19655025864980077,0.24632778420724652,0.39748953974895396,1.6116973216875057,0.0,239
264,train,pact,3.0,0,0.4706366194916741,0.08987645989011725,0.14979409260204232,0.022632179649305143,0.0,0.01462153092837234,1.4476943669458813,1.4731108321804383,0.6161488521547995,985.9975064967965,0.6111764703335623,2.9660147882405683,0.05259378925628305,62347.0,0.0,62085.0,0.0,0.0,0.9900468353447056,0.9000000000000004,0.8910421290158228,0.6251510287110162,0.5601624400291297,0.05375175751172579,0.05388838409691675,-0.208893894945797,0.5068399655776137,0.2217573221757322,1.4731108383029514,0.0,239
265,train,pact,3.0,0,0.00595315217983492,0.0018165349838949563,0.003027558177624947,0.0,0.0,0.015781454116526882,1.6394463166532158,1.6481036538858294,0.3980184429360234,1194.0842545641017,0.8098342924936047,1.3153279750416966,0.027884929432634997,62585.0,0.0,62323.0,0.0,0.0,0.9909588562394784,0.9000000000000004,0.8918629563004402,0.2972896234504805,0.13590458864838506,0.02614790671505034,0.024555431204949307,-0.19569499818694214,0.19321048102317576,0.502092050209205,1.648103654383094,0.0,239
266,train,pact,3.0,0,0.4532820635336884,0.0979173130038982,0.16319551081227984,0.03423354914996415,0.0,0.014818259366791866,1.5629060817064102,1.5742755873931502,0.48319300148776384,999.294081683937,0.4897414291877627,1.0815612661289868,0.04439212305658345,62823.0,0.0,62561.0,0.0,0.0,0.989872215432602,0.9000000000000004,0.8908849692743692,0.5401856606366678,0.5615541308462711,0.005118273379907134,0.04862841935954972,-0.1877498808388967,0.20570343333630078,0.39748953974895396,1.5742755899874699,0.0,239
267,train,pact,3.0,0,0.5016285056306393,0.12058527914293134,0.20097545404610648,0.04621529142726914,0.0,0.01635122008691834,1.6143046325719506,1.6510977879727735,0.6872144997369295,1127.271177156201,0.6432995001890669,3.6645580298232234,0.07438610661112427,63061.0,0.0,62799.0,0.0,0.0,0.9913404424320205,0.9000000000000004,0.8922063835495186,0.9572383320217513,0.4067192645888472,0.050771645891169705,0.07225937897604442,-0.19297315398429057,0.15944093296536987,0.5062761506276151,1.6510977878605104,0.0,239
268,train,pact,3.0,0,0.29880202014860646,0.067529275243371,0.11254878265534894,0.03518448102923118,0.0,0.015720911076580756,1.5960642032044703,1.6169441210176156,0.5111658167888928,1457.2774287906152,0.5267368819424298,4.792709291230684,0.05794435436934794,63299.0,0.0,63037.0,0.0,0.0,0.9916465297403695,0.9000000000000004,0.8924818575132841,0.7236039012819475,0.300576697885619,0.021188533782993478,0.05658072413716886,-0.19456640775512615,0.22208374135731027,0.4560669456066946,1.6169441215425417,0.0,239
269,train,pact,3.0,0,0.49775201144090475,0.12482425206653563,0.2080404076042218,0.06485355629831178,0.0,0.01617094251486983,1.6198660905889886,1.6234304655545926,0.5695242991507303,1453.8986658072372,0.5929945199185336,2.5975259592343574,0.06096731934201549,63537.0,0.0,63275.0,0.0,0.0,0.9911056253201792,0.9000000000000004,0.8919950404426543,0.6359773757227491,0.5184134155794009,0.007020221252997334,0.06357583277430151,-0.2020380471992358,0.29312442505712333,0.40585774058577406,1.6234304572979694,0.0,239
270,eval,pact,3.0,0,0.5018170490880057,0.024183427360071143,0.040305710403745594,0.0,0.0,0.005056875286366651,0.6889600948309799,0.698121902957621,0.69433925790268,1431.177397277066,0.39091778655680653,6.193711202513723,0.015216194527714697,63775.0,0.0,63513.0,0.0,0.0,0.9894286616077982,0.9000000000000004,0.8904857747724365,1.0735572589125932,0.39138089759557526,0.010507148411124944,0.014895202899858294,-0.08678032920915771,0.002759725807887474,0.99581589958159,0.6981219058874224,0.0,239
271,eval,pact,3.0,0,0.5015085098678519,0.048213557545065545,0.08035592416512616,0.0,0.0,0.004358185960806002,0.6938120088068511,0.6855518688217865,0.7144157008645924,5842.02712770087,-0.016533052424070226,25.268020723654136,0.01325397278429652,64013.0,0.0,63751.0,0.0,0.0,0.9846352797671841,0.9000000000000004,0.8861717384729425,0.8467515631670821,0.7464215722265044,0.01593996573669406,0.014774253908992905,-0.09324074527052272,0.17932282857058074,0.5941422594142259,0.685551866334041,0.0,239
272,eval,pact,3.0,0,0.4918546168378746,0.028392520249387366,0.04732086459490389,0.0,0.0,0.006772513200322392,0.6758780692661158,0.6843893963173343,0.7246447674400138,19391.67274123954,0.2133445950482181,45.96824405382867,0.01249584537895716,64251.0,0.0,63989.0,0.0,0.0,0.982447755137248,0.9000000000000004,0.8842029593978467,0.8843656854728229,0.6123103186226972,0.00911450165190867,0.012243935721439298,-0.09350493683023545,0.053621769191964166,0.8326359832635983,0.684389397694916,0.0,239
273,eval,pact,3.0,0,0.19514420172920505,0.01620353471574859,0.02700588994340559,0.0,0.0,0.006551799286453046,0.6171500944692221,0.6106471287156747,0.11716109430421376,52848.2062385591,0.19951111140610284,87.58519674245284,0.00609421758731305,64489.0,0.0,64227.0,0.0,0.0,0.9809669424549805,0.9000000000000004,0.8828702268490731,0.755052557421368,0.7759923210569598,0.0030269241673850865,0.006457402587383128,-0.08327825748920671,0.03492685242885546,0.9205020920502092,0.6106471294722357,0.0,239
274,eval,pact,3.0,0,0.4955261337087284,0.032581274535716534,0.05430212123182816,0.0,0.0,0.005644393659091582,0.6726446283911063,0.67231803234651,0.5346299466291232,15937.472787003138,0.18319395655243964,37.965958886565524,0.014174813274138267,64727.0,0.0,64465.0,0.0,0.0,0.9811461657036299,0.9000000000000004,0.8830315241878501,0.8760796957962623,0.5925246749838782,0.006385046142774324,0.013255090382589206,-0.0892983433369894,0.05382949048933201,0.8619246861924686,0.6723180325015147,0.0,239
275,eval,pact,3.0,0,0.16342436824145895,0.012289555855299662,0.020482592452209097,0.0,0.0,0.0069581658470300204,0.5810373759668741,0.5865243628434057,-0.21392522273374776,28557.553126634415,0.12444585922591107,77.46029442025029,0.009938403175194907,64965.0,0.0,64703.0,0.0,0.0,0.9852507616934916,0.9000000000000004,0.8867256638894021,0.5336119622949784,0.4482579670822875,0.0033296853649027063,0.009107699631382107,-0.08463080717705875,0.010415739339446273,0.9539748953974896,0.5865243605401285,0.0,239
276,eval,pact,3.0,0,0.21150077816593815,0.012549614902146386,0.02091602357903254,0.0,0.0,0.006894421595183813,0.6183625339962947,0.6157879180988008,-0.5590492881772159,46498.78567109048,0.11268952660356106,19.635978507197553,0.010185087857101595,65203.0,0.0,64941.0,0.0,0.0,0.9810101266435999,0.9000000000000004,0.8829090970580049,0.7388840795711238,0.6057129406896014,0.007125569617577879,0.009304336679877253,-0.07836711544846905,0.0,1.0,0.6157879191790246,0.0,239
277,eval,pact,3.0,0,0.426090166965406,0.02671468071494932,0.04452446547268866,0.0,0.0,0.005534076329640202,0.6394720647374955,0.6347423020017696,0.443871485887711,35237.139276608264,0.05614169820618064,12.528633710230743,0.010343217873988696,65441.0,0.0,65179.0,0.0,0.0,0.9792698157881095,0.9000000000000004,0.8813428140584395,0.7648003026429311,0.6894579974790407,0.004836789288674481,0.01099685077880856,-0.08072042370695079,0.0002670702394729814,0.99581589958159,0.6347423013722775,0.0,239
278,eval,pact,3.0,0,0.34251425579287914,0.034027560938681964,0.056712598523829996,0.0001901863883229978,0.0,0.007219827109480191,0.6383532198403171,0.6364245728967579,0.7274358439645009,37002.92471479472,0.14310286536878053,47.7345106392226,0.012096633353352423,65679.0,0.0,65417.0,0.0,0.0,0.9872994594992953,0.9000000000000004,0.8885694949197969,0.9850486994000605,0.7089496611855792,0.004838688395072504,0.01172275205774069,-0.09368056324962891,0.05009050713671029,0.7531380753138075,0.636424570614972,0.0,239
279,eval,pact,3.0,0,0.04253382063096937,0.004257010891626245,0.00709501780550922,0.0,0.0,0.008268245063316871,0.5999811708178979,0.5973434191368614,0.14100792961993702,76717.68310342573,0.2966268441355378,95.60638083374151,0.006283576521344452,65917.0,0.0,65655.0,0.0,0.0,0.9880978769338281,0.9000000000000004,0.8892880720573489,0.5475983667429195,0.10927378081458305,0.002944318438399048,0.005437724697539996,-0.09284541577578267,0.08145642303925933,0.6903765690376569,0.5973434145127968,0.0,239
280,train,pact,3.0,0,0.24477056702595276,0.059147220728800486,0.09857869398305312,0.02890833046396407,0.0001901863883229978,0.016117060707032557,1.5907332356006032,1.608568920001824,0.23277192466958546,2098.0585551880395,0.31368355875421766,10.933797654746467,0.05333986880343454,66155.0,0.0,65893.0,0.0,0.0,0.9821502245245618,0.9000000000000004,0.8839351854064973,0.9951186719548697,0.2933517646239642,0.02038221741826389,0.04663802246625485,-0.19370294559845513,0.22650523754414076,0.4225941422594142,1.6085689188204062,0.0,239
281,train,pact,3.0,0,0.006565895839070679,0.0010704398433160072,0.0017840663929738758,0.0,0.0,0.015771012918859968,1.6122710041421229,1.6126361923237724,0.031592596828631636,1122.6454266025432,0.3347289146987963,1.5481974076027651,0.0032767291927503646,66393.0,0.0,66131.0,0.0,0.0,0.9900218470326029,0.9000000000000004,0.8910196383627887,0.6869368769084325,0.05492315175628992,0.0023197808946843783,0.0030144124732534965,-0.19277369221143775,0.20235021810736226,0.502092050209205,1.6126361956216368,0.0,239
282,train,pact,3.0,0,0.4367288415779668,0.10107975940149551,0.16846625452560895,0.04298212263873431,0.0003803727766459956,0.015494770403546144,1.5382687419528243,1.573539646848974,0.5925915403190267,1079.3547554814168,0.5006480902184004,4.857705079361984,0.07116167077397202,66631.0,0.0,66369.0,0.0,0.0,0.9909372122716704,0.9000000000000004,0.8918434695718678,0.726102238019901,0.40137028121606877,0.03348223720540238,0.07045658718927074,-0.19778083907741892,0.3277248583044007,0.3389121338912134,1.573539645532348,0.0,239
283,train,pact,3.0,0,0.4085878752840285,0.08755413242138713,0.1459235443243982,0.034804108127889276,0.0,0.014303828229169093,1.4749129990653513,1.4913944280297187,0.5535770803066478,1063.8681745329661,0.5317317039148578,4.628490311580721,0.041371289447288975,66869.0,0.0,66607.0,0.0,0.0,0.9903795212881336,0.9000000000000004,0.891341543097875,0.5276442814519836,0.5656202350133942,0.00913439985537806,0.0459887877400871,-0.19599418739416916,0.37719220154900746,0.3389121338912134,1.4913944234444638,0.0,239
284,train,pact,3.0,0,0.167300184708377,0.034217244300509195,0.057028737833712956,0.00817801463554095,0.0,0.015843572330789712,1.5759577923240022,1.6047761397880491,0.39757642162394824,1278.316230805848,0.6988568514211407,0.8216086723315665,0.051322054308858625,67107.0,0.0,66845.0,0.0,0.0,0.9903409371316183,0.9000000000000004,0.8913068337420539,0.40586200359973085,0.3640354005835449,0.04348559126790081,0.048405638477028536,-0.18750504715864535,0.15935190955221223,0.5104602510460251,1.6047761421855797,0.0,239
285,train,pact,3.0,0,0.2405893336158956,0.06033732337570529,0.10056219884865648,0.0256751617377772,0.0,0.016332433089442457,1.6306455853593897,1.6640711566394344,0.5735310077916628,1300.4053449431224,0.585646040519411,5.721758764408622,0.04769445334222152,67345.0,0.0,67083.0,0.0,0.0,0.991830085361353,0.9000000000000004,0.8926470529085423,1.0051231727943766,0.4309371242183959,0.02342423381948019,0.04506577317365231,-0.20061039252610216,0.24074898364936642,0.41841004184100417,1.664071155690884,0.0,239
286,train,pact,3.0,0,0.4554288604148302,0.11713304479963732,0.1952217272629245,0.06238113399828827,0.0,0.01642212726343345,1.6049973034459677,1.619198277655007,0.5881397280234173,1289.2752113501897,0.5710025940978877,6.266723166948582,0.07881490544856343,67583.0,0.0,67321.0,0.0,0.0,0.9916024390124876,0.9000000000000004,0.8924421732894546,0.7355627397014325,0.43089873756772246,0.043380568626647194,0.07837968480005611,-0.20490017928708928,0.33549956972016975,0.34309623430962344,1.61919827928883,0.0,239
287,train,pact,3.0,0,0.4288286963842077,0.09969627560588161,0.16616044977050767,0.05077976474702109,0.0,0.015282708056520468,1.5714552070805219,1.5926316193456929,0.5598801310840511,1168.9794804401477,0.5466910363740003,6.3719106857746715,0.04669403922636935,67821.0,0.0,67559.0,0.0,0.0,0.9904343251403904,0.9000000000000004,0.8913908740466608,0.5379201213606519,0.5724825665937419,0.012261690148873858,0.05135073932082583,-0.18802015009683118,0.17956022433900112,0.4895397489539749,1.5926316221132384,0.0,239
288,train,pact,3.0,0,0.49613888111608695,0.10892221079927394,0.18153700767063402,0.03404336263694524,0.0,0.015754394383251543,1.5713340398157989,1.5924338227036607,0.7687945647718517,986.92556698851,0.6947310715290294,3.393025880204085,0.059458811157558376,68059.0,0.0,67797.0,0.0,0.0,0.9904235970525064,0.9000000000000004,0.8913812208375173,0.9897285446364367,0.501437998261371,0.03799455359192758,0.05748899308691838,-0.19417628789195043,0.25971097065194815,0.41841004184100417,1.5924338252311712,0.0,239
289,train,pact,3.0,0,0.0005835245887526782,0.0001483891731265457,0.0002473152833079888,0.0,0.0,0.01558413726343894,1.6145892370196067,1.617014995678698,0.5472720502310717,944.225665104439,0.549280047416687,9.314595222473145,0.009050916191740897,68297.0,0.0,68035.0,0.0,0.0,0.9903218776112321,0.9000000000000004,0.8912896658586159,0.5065543417913914,-0.18735838714675057,0.008390057991043483,0.00810617160563022,-0.19760480202902264,0.2599483664203685,0.41422594142259417,1.6170149881957459,0.0,239
290,train,pact,3.0,0,0.43414843287689137,0.09774939765273333,0.16291565166186092,0.04963864604299537,0.0,0.015649690343433345,1.6041019087556017,1.5996543084228387,0.5201824741383477,944.8356147031903,0.5333893819084726,4.250553039077935,0.044099310624705935,68535.0,0.0,68273.0,0.0,0.0,0.990078183896372,0.9000000000000004,0.8910703477001589,0.5086221292218411,0.5533071381180251,0.0013545072281925493,0.049031856400794965,-0.19691340979096256,0.2668921926466661,0.41422594142259417,1.599654322027494,0.0,239
291,train,pact,3.0,0,0.215627043554328,0.054544912797172246,0.09090818285788765,0.012171928603280039,0.0,0.01645259458033921,1.6082384277088373,1.6360939905733245,0.6585677066607455,1084.7678511232511,0.7288667292774472,6.126435029207413,0.04591616615653038,68773.0,0.0,68511.0,0.0,0.0,0.9913148737851546,0.9000000000000004,0.8921833646846117,1.1951165517592548,0.4465730327356733,0.026296392707081395,0.04038617717371046,-0.20806012635467885,0.35814119113326803,0.3472803347280335,1.6360939912316117,0.0,239
292,train,pact,3.0,0,0.501817049438165,0.1068456166554581,0.1780760175757396,0.03518448109157914,0.0,0.014853530818651036,1.5039463247714182,1.5150814951713114,0.6464960936721897,1033.391051479962,0.5892131329517983,2.6774210176707314,0.057676028157779204,69011.0,0.0,68749.0,0.0,0.0,0.9897491712450482,0.9000000000000004,0.8907742345682248,0.7141190615575398,0.46218785776280513,0.004539138381369412,0.05879657581851868,-0.19051224214937285,0.3027092792070981,0.3263598326359833,1.5150815044732793,0.0,239
293,train,pact,3.0,0,0.44414846890925763,0.09500597742707095,0.15834328572078393,0.037086344912461155,0.0,0.0159749082507854,1.5981182229069986,1.616796461109337,0.6906215326556601,1042.9254214234932,0.6888278727750898,3.261231366560549,0.05808287125400357,69249.0,0.0,68987.0,0.0,0.0,0.9909628946412059,0.9000000000000004,0.8918665889416778,0.842643133801485,0.4788175970249351,0.02816912948082273,0.0578926053739866,-0.1953216039552663,0.22873082287308225,0.401673640167364,1.616796446354998,0.0,239
294,train,pact,3.0,0,0.33479187858415665,0.07419156347993625,0.12365259797125762,0.0319513128641759,0.0,0.015097361295698327,1.529713758364881,1.54865113387048,0.5448492921296523,1175.2283687830968,0.5850381087745583,3.8526244836871095,0.041882360383291496,69487.0,0.0,69225.0,0.0,0.0,0.9903004216848557,0.9000000000000004,0.8912703574451941,0.46690253203116044,0.49046841713411715,0.00879774878572936,0.045048946033964504,-0.18909932756507608,0.235259206504644,0.4225941422594142,1.548651126004726,0.0,239
295,train,pact,3.0,0,0.4465136047263696,0.08716773150422245,0.1452795431158463,0.03195131230304431,0.0,0.014284570066250517,1.436236396244879,1.4708382609499049,0.5109388010272421,1193.9095045273275,0.576527139881166,1.159591715455554,0.0638503309506845,69725.0,0.0,69463.0,0.0,0.0,0.9902936265059595,0.9000000000000004,0.8912642465974496,0.5989149458530122,0.5454035539939499,0.07984422492154408,0.06465098051019169,-0.2078736292114102,0.48689872103029774,0.23430962343096234,1.4708382699552291,0.0,239
296,train,pact,3.0,0,0.0005835245887526782,0.00010725020556530435,0.00017875033283652931,0.0,0.0,0.01585698297255084,1.604410035340856,1.6242106529459295,0.3637947523693659,1214.8698835173411,0.799312174320221,0.8173084259033203,0.03094692016994604,69963.0,0.0,69701.0,0.0,0.0,0.9910901533011113,0.9000000000000004,0.8919811084180697,0.8770843722208719,-0.6230135965216081,0.02858756764264431,0.027197858656242208,-0.19108678596000825,0.16653313154693017,0.5313807531380753,1.6242106515289663,0.0,239
297,train,pact,3.0,0,0.19514420172920505,0.05582872707832603,0.09304787214034652,0.024343857206560078,0.0,0.015919831647658447,1.62398009145609,1.6235405640622063,0.28202763386850077,1087.151931315785,0.6507771128017035,0.9626176861040762,0.03155890161855435,70201.0,0.0,69939.0,0.0,0.0,0.9905926692435931,0.9000000000000004,0.8915333877547515,0.43163382078995705,0.4527952141563394,0.0016264367928068484,0.0339137362434371,-0.1897547957008194,0.15576129855485324,0.5188284518828452,1.6235405560124552,0.0,239
298,train,pact,3.0,0,0.06794362143753681,0.014190137348891938,0.023650227338834286,0.0,0.0,0.015221550793749393,1.5712446991868598,1.5882065667766907,0.30551760865055866,1035.9344770998136,0.3521983503796565,1.2382695699835422,0.04144118621820685,70439.0,0.0,70177.0,0.0,0.0,0.9905149320678233,0.9000000000000004,0.8914634188847562,0.3158788500203768,0.2876983979292339,0.03928768697797375,0.03844921383470936,-0.19004729420525596,0.19665271966527198,0.49372384937238495,1.5882065613069352,0.0,239
299,train,pact,3.0,0,0.43151492035799666,0.09216204041455422,0.15360339030260672,0.039558767898312176,0.0,0.015520788392122196,1.5497252786508664,1.5619152677109052,0.4235131647048136,974.2131518758989,0.4601512765784643,1.2467415839059581,0.048393066777656764,70677.0,0.0,70415.0,0.0,0.0,0.9902803857954975,0.9000000000000004,0.8912523226757928,0.5393386358017894,0.5570736904156368,0.023103228517408883,0.05220216672641525,-0.1849794653011035,0.16979732336271108,0.4602510460251046,1.5619152635621514,0.0,239
300,eval,pact,3.0,0,0.46716103549544,0.04139814609834312,0.06899690585803256,0.0,0.0,0.00571798796816164,0.6437774877917317,0.6842173623490034,0.4676394786794814,1792.8860800515658,0.45559846213921346,3.3526550082482056,0.03211058974733662,70915.0,0.0,70653.0,0.0,0.0,0.9927765973941053,0.9000000000000004,0.893498914511134,0.7894057520614463,0.668983641365192,0.0692286169225419,0.03099872221367504,-0.0836520566591502,0.034570758776224814,0.8493723849372385,0.6842173602469528,0.0,239
301,eval,pact,3.0,0,0.06283616020874398,0.008136665020573974,0.013561107714887695,0.0,0.0,0.009323812410367895,0.5923175663379445,0.6069276224369783,0.6188065419636012,13719.862724527655,0.2895559306922817,59.063011015808236,0.011530961977243891,71153.0,0.0,70891.0,0.0,0.0,0.9918031106434108,0.9000000000000004,0.892622776859475,1.3775522538256868,0.15790949071177807,0.005832350487972415,0.010154368451340552,-0.08731063847352998,0.0,1.0,0.606927620444738,0.0,239
302,eval,pact,3.0,0,0.24895398218523726,0.015356773610794761,0.025594621629877478,0.0,0.0,0.007233743717558838,0.5682448038995016,0.5614162416637692,0.41871631806365617,58281.56276967835,0.1781774406048818,51.11348032452571,0.007630218140426322,71391.0,0.0,71129.0,0.0,0.0,0.98091915966826,0.9000000000000004,0.8828272188557741,0.6853038982301598,0.5858973187878449,0.0015902688949912165,0.007605910526245646,-0.07480812566306377,0.0,1.0,0.5614162412683571,0.0,239
303,eval,pact,3.0,0,0.0020282095075691135,0.00016390211310855768,0.000273170179269636,0.0,0.0,0.009181108037360542,0.6004056834526141,0.6028622651948091,-0.4562748437396652,64102.81937271182,-0.009930565021932125,25.555957794189453,0.006448639177806893,71629.0,0.0,71367.0,0.0,0.0,0.9913884290342052,0.9000000000000004,0.8922495693591848,10.967205760731709,-16.10789056452781,0.003563096294430463,0.005011230277308656,-0.088584490660297,0.014570165286803764,0.8158995815899581,0.6028622681573692,0.0,239
304,eval,pact,3.0,0,0.03316622928357742,0.003634654055908164,0.006057756445283546,0.0,0.0,0.007664790748186004,0.5873839982383919,0.5831220526575543,-1.7516472739677498,110674.01111401674,-0.004501226073653129,23.79293390497503,0.0027992020146317283,71867.0,0.0,71605.0,0.0,0.0,0.9819434969120944,0.9000000000000004,0.8837491265151292,0.5585157438491434,0.5984382766153029,0.0012944278605182165,0.0027168226946110226,-0.07770831670831896,0.009228760497344135,0.9707112970711297,0.583122055021065,0.0,239
305,eval,pact,3.0,0,0.42329975400295616,0.05642446809591408,0.09404077573761767,0.0,0.0,0.005898616911851212,0.6437660737516491,0.6352826575105659,0.443380518970333,27249.422393926518,0.14641781634491358,79.12495545662597,0.023557844875715515,72105.0,0.0,71843.0,0.0,0.0,0.9823878151228238,0.9000000000000004,0.8841490079668276,0.8857412044301677,0.6317415828820409,0.008051262970707596,0.022161763862835315,-0.1037840928986387,0.3031247218018339,0.3723849372384937,0.6352826587162045,0.0,239
306,eval,pact,3.0,0,0.14450739523119227,0.00920740208192564,0.015345669299323052,0.0,0.0,0.007777274979831783,0.5643877663871734,0.5580949732199872,-0.19908040375390312,28892.612782753662,0.05479282169178066,118.7924941593633,0.007401679408450116,72343.0,0.0,72081.0,0.0,0.0,0.9833978494340905,0.9000000000000004,0.8850580422698703,0.584290860871917,0.5336679381863139,0.0031127658376010926,0.006508868424149783,-0.07103097936169923,0.001454049081575121,0.99581589958159,0.55809497160812,0.0,239
307,eval,pact,3.0,0,0.5020920332959219,0.021147149577293294,0.03524524775071525,0.0,0.0,0.005148930764449253,0.5745299115589971,0.5794379489192404,0.1726178048942316,29521.963413637553,0.05870820843969242,25.54079279839743,0.011516090292506949,72581.0,0.0,72319.0,0.0,0.0,0.9788785417209609,0.9000000000000004,0.8809906653280537,0.9469289133557068,0.4554306125080647,nan,0.010671473588506111,-0.07452015260590328,0.0,1.0,0.5794379501891741,0.0,239
308,eval,pact,3.0,0,0.44414846890925763,0.054382786907846675,0.0906379744846159,0.0,0.0,0.006274667357106276,0.6451319996033752,0.6451765033241096,0.7098411451323761,23754.765457472542,0.17672715037575265,87.97658651942488,0.018612676068251975,72819.0,0.0,72557.0,0.0,0.0,0.9827239878756232,0.9000000000000004,0.884451561891883,0.9443012229116299,0.7052312245792904,0.008449473146062631,0.018477079341632303,-0.09327255050486827,0.1646933143416719,0.5857740585774058,0.6451765036106054,0.0,239
309,eval,pact,3.0,0,0.01843199975083282,0.003066126289123839,0.005110210250369244,0.0,0.0,0.008936298574675577,0.5890114621637257,0.5807932348430905,0.3897497032975552,41059.86751029681,0.024418011494760233,186.18737726730282,0.004952031516501189,73057.0,0.0,72795.0,0.0,0.0,0.9916678094714256,0.9000000000000004,0.8925010051936784,0.4972160655905297,0.5029280131958496,0.0030379446849407516,0.00418029109037493,-0.08327280802318691,0.0688447728419241,0.8410041841004184,0.5807932350960088,0.0,239
310,train,pact,3.0,0,0.019673128869098604,0.005706713244964482,0.009511188310737844,0.0,0.0,0.015661075200776427,1.6127328787887445,1.6175150322614853,-2.2541809613235824,2218.0755995746435,0.39366729541927203,6.813318529887179,0.012935985093018153,73295.0,0.0,73033.0,0.0,0.0,0.9808034678632744,0.9000000000000004,0.8827231049412962,1.261083128614183,-0.29186104804988955,0.006105501807700747,0.009993879427798735,-0.19364601668440307,0.21137125730733847,0.4560669456066946,1.6175150477967821,0.0,239
311,train,pact,3.0,0,0.046663172881091675,0.010109638808149368,0.016849396962992858,0.0,0.0,0.015188038430983302,1.588870415378315,1.5861754786519326,-4.059950592479509,724.6593099298836,0.40854735688060895,5.334065133308267,0.008459932518296178,73533.0,0.0,73271.0,0.0,0.0,0.9894980341819539,0.9000000000000004,0.890548209016792,0.251332974824307,0.24525968242910134,0.000996491791291537,0.00862131567909003,-0.18784265041489157,0.1780765007863735,0.5313807531380753,1.5861754801952157,0.0,239
312,train,pact,3.0,0,0.48708752257839305,0.10417270452562205,0.17362116368423058,0.03518448102923118,0.0,0.014958289483071121,1.5501083928670842,1.571267971433855,0.7154001178352404,756.5839956115979,0.6819539225999282,2.8706022911241362,0.0586742818468566,73771.0,0.0,73509.0,0.0,0.0,0.9900549527990269,0.9000000000000004,0.8910494379418664,0.8103929411478554,0.5085601866547179,0.03993292709346861,0.059194092693345066,-0.1897351968361526,0.22199471794415265,0.4351464435146444,1.5712679769870708,0.0,239
313,train,pact,3.0,0,0.19920830527869945,0.05159595342601465,0.08599324966007581,0.026816280192411095,0.0,0.015104591392495018,1.5461473908883259,1.5638986217426953,0.5273718143108,884.4876331026085,0.5839617660105478,5.066575984825151,0.03389694643105579,74009.0,0.0,73747.0,0.0,0.0,0.9899475724128499,0.9000000000000004,0.8909528063430946,0.4353890917015048,0.4708935310326775,0.01067307700533561,0.03565228225762671,-0.19266255942937544,0.2537464019703849,0.4100418410041841,1.5638986197601317,0.0,239
314,train,pact,3.0,0,0.002674004892043177,0.0006917648333834511,0.00115294132735003,0.0,0.0,0.015926039914082285,1.634184093405512,1.6493565088535453,0.29754304031697276,1090.8069848734963,0.6740309596061707,0.9347203969955444,0.03240416608419597,74247.0,0.0,73985.0,0.0,0.0,0.991045479744548,0.9000000000000004,0.891940915684321,0.4553676112132728,0.003574589344562562,0.03108196743186735,0.02889891042058438,-0.196547596253052,0.21089646577049764,0.48535564853556484,1.6493565130036818,0.0,239
315,train,pact,3.0,0,0.04457110651652085,0.008128377984443028,0.013547296095559097,0.0,0.0,0.015642543964352943,1.57923163080814,1.580114045402495,0.11134300823335606,910.864241723735,0.5014088060940659,2.7894431636922032,0.011649645056388493,74485.0,0.0,74223.0,0.0,0.0,0.9898484790674313,0.9000000000000004,0.8908636088650596,0.5831143694843248,0.10800965315950517,0.005220527973142453,0.011008710919238362,-0.19349426722543703,0.2417875901362058,0.39748953974895396,1.5801140449104656,0.0,239
316,train,pact,3.0,0,0.35386675944174084,0.0841784078124779,0.1402973372967905,0.046976036606473405,0.0,0.015424269052791297,1.5605325858463304,1.5881953254404426,0.5343105286051943,908.9367691103884,0.5521492232338654,4.506667993058719,0.0654428350801529,74723.0,0.0,74461.0,0.0,0.0,0.9910683168028189,0.9000000000000004,0.8919614683135284,0.7274820815415116,0.35267868409846126,0.024876465337311335,0.06454867003173821,-0.19867024799197355,0.30724947327813884,0.3263598326359833,1.5881953185510098,0.0,239
317,train,pact,3.0,0,0.31501786260686376,0.06802781076398463,0.1133796757757139,0.030429821445852143,0.0,0.015588685946157163,1.556660863644907,1.5681448967885772,0.4628530092319185,830.5434097864638,0.5586492070406052,4.1757570572478,0.03849249097292611,74961.0,0.0,74699.0,0.0,0.0,0.9900662866596398,0.9000000000000004,0.8910596320818658,0.4400819112738942,0.4715070861047247,0.005209022024176262,0.04146617181427683,-0.19624984582289337,0.30410397934656813,0.34309623430962344,1.5681449022160938,0.0,239
318,train,pact,3.0,0,0.3612674953427315,0.06876001228562649,0.11460001526401543,0.011220996661665051,0.0,0.015187352087161656,1.561220179791231,1.5834127714444404,0.709173124455009,921.7627057829661,0.7207249238401278,4.88287547367886,0.04463895194419508,75199.0,0.0,74937.0,0.0,0.0,0.9902596473693848,0.9000000000000004,0.8912336564463053,1.0720635987603444,0.5129058452053701,0.025874197639970353,0.04198785519585886,-0.19006213265215569,0.2112228849520757,0.42677824267782427,1.5834127699056928,0.0,239
319,train,pact,3.0,0,0.5017308978531066,0.11914029072099899,0.19856713955329827,0.04583491890001497,0.0,0.016121908882048338,1.5559904213729763,1.572845489160785,0.6644659394000864,968.2737212240945,0.5943899414654057,3.4073247306017698,0.06614563164055721,75437.0,0.0,75175.0,0.0,0.0,0.9906289934114432,0.9000000000000004,0.8915660735453522,0.7634337480535469,0.4644131182006658,0.04536343094977466,0.06590335903237242,-0.19155725504372592,0.24318229027567584,0.41422594142259417,1.5728454773022644,0.0,239
320,train,pact,3.0,0,0.007910073110366154,0.0015776057377506084,0.002629342776786285,0.0,0.0,0.01601468797804297,1.6012147924391296,1.6133293362342165,0.49374512025003153,1114.883024463095,0.49356511596855257,11.650370501574113,0.016181770239169533,75675.0,0.0,75413.0,0.0,0.0,0.9906399474483155,0.9000000000000004,0.8915759297594366,0.22061952425566123,0.08860550332496642,0.015244330086487746,0.014647861876647732,-0.1897469703151983,0.16739369120745423,0.47280334728033474,1.6133293329432503,0.0,239
321,train,pact,3.0,0,0.41162967206828666,0.09048942856102886,0.15081570335180658,0.04659566401687127,0.0,0.01583979294779535,1.5627116286604974,1.589530925371657,0.5811517890776551,1032.3352413416906,0.5566696384960638,4.082246905839593,0.06685411445523717,75913.0,0.0,75651.0,0.0,0.0,0.9906147700972138,0.9000000000000004,0.891553267524831,0.7530692611878005,0.37745772664033406,0.029173866670288436,0.06500706483247577,-0.19491366688855943,0.2542508679782783,0.40585774058577406,1.5895309302888043,0.0,239
322,train,pact,3.0,0,0.03145542497177721,0.006613294167691797,0.011022156675227589,0.0,0.0,0.015125479745955272,1.57234550220697,1.5718044917952565,0.4129277567484389,828.2952870644286,0.5350762439198075,6.568383725118437,0.009249912441789005,76151.0,0.0,75889.0,0.0,0.0,0.989405462432606,0.9000000000000004,0.8904648979338642,0.23632351848786712,0.22079247877226615,0.004679745656779324,0.008953705035728718,-0.18840696245739413,0.20148965844683817,0.49372384937238495,1.5718044958486985,0.0,239
323,train,pact,3.0,0,0.3501149740058049,0.08023466320843745,0.13372442917307698,0.042221377584225964,0.0,0.015027733239107551,1.5376738686441875,1.5499785624787399,0.5984846337320415,960.3324125281937,0.612734044820195,3.778884841059042,0.05895023729075448,76389.0,0.0,76127.0,0.0,0.0,0.9906561032997514,0.9000000000000004,0.8915904698012763,0.8019453194090459,0.4096233967706321,0.026032220537921317,0.057859268177799475,-0.1963226452184282,0.3380218997596368,0.2928870292887029,1.5499785550588663,0.0,239
324,train,pact,3.0,0,0.0038738003089876893,0.0007277053041719962,0.0012128421051681498,0.0,0.0,0.015636374084785517,1.5973281556093544,1.5980636028565123,0.40942722758488675,784.8364405931289,0.627013623714447,6.00600004196167,0.004009379255237101,76627.0,0.0,76365.0,0.0,0.0,0.9900091225632065,0.9000000000000004,0.8910081823001845,1.7639148237909346,-0.5595290205825072,0.0028724644197668948,0.003578247570152157,-0.19512670224614584,0.2507196059230244,0.42677824267782427,1.5980636072800758,0.0,239
325,train,pact,3.0,0,0.4417291690690918,0.09871702171809398,0.16452836070530036,0.04317230915175322,0.0,0.015136027552779749,1.5329016120363979,1.5410472660882701,0.41869942496324186,877.0639107037788,0.5678500712042573,2.957138803962883,0.04086867243252577,76865.0,0.0,76603.0,0.0,0.0,0.9899332209112255,0.9000000000000004,0.8909398718857865,0.5596067286245325,0.5891751458313819,0.001020027943785394,0.045809962447230006,-0.18763184868512003,0.24107540283094453,0.3807531380753138,1.5410472771658725,0.0,239
326,train,pact,3.0,0,0.31501786260686376,0.06625735695099336,0.11042892107201563,0.030049448731554105,0.0,0.014810222228326559,1.507950646109162,1.5266713490047215,0.498995943922378,972.8821651187402,0.7181691269246105,0.866641131903836,0.06307595095959605,77103.0,0.0,76841.0,0.0,0.0,0.9906003402865582,0.9000000000000004,0.8915402934142237,0.5057731165904925,0.4947823744241857,0.059011598551968254,0.06239084986712643,-0.18467386056692187,0.21490251936259233,0.4560669456066946,1.526671346635591,0.0,239
327,train,pact,3.0,0,0.5015085087071692,0.11969929729798327,0.1994988162967952,0.044693800507729024,0.0,0.01656961740310222,1.578514851785604,1.6028622358912703,0.6646686338480546,941.8004888430798,0.6163677851275919,3.2358287802301193,0.07313864242682959,77341.0,0.0,77079.0,0.0,0.0,0.9915199464335103,0.9000000000000004,0.8923679305918546,0.9602338546634748,0.4153472825552682,0.05202046574021761,0.07063061052302062,-0.20720779410367246,0.3765987121279563,0.28451882845188287,1.6028622347466603,0.0,239
328,train,pact,3.0,0,3.5839762234725213e-06,9.648160450988563e-07,1.6080268483831076e-06,0.0,0.0,0.015647896534322945,1.5915318413259594,1.5967381389570037,0.47138453602292046,1116.3267030596235,0.5984935164451599,7.625847339630127,0.01209709353897931,77579.0,0.0,77317.0,0.0,0.0,0.989987149647589,0.9000000000000004,0.8909884177491256,13.77671789521775,-13.351462894305145,0.010905071473356242,0.010826149805488891,-0.19229290484689573,0.21594112584943173,0.4811715481171548,1.596738142697257,0.0,239
329,train,pact,3.0,0,0.017240593236713734,0.003961398688953983,0.006602330884127707,0.0,0.0,0.014913048505564862,1.580787306051374,1.5806299191139732,0.23561814061203332,807.735107421875,0.3214822318794588,2.294106039043251,0.00681723054999166,77817.0,0.0,77555.0,0.0,0.0,0.9897543251763826,0.9000000000000004,0.8907788735054527,0.499259160393346,0.0818715651003099,0.0034494654820324275,0.006442415092294358,-0.19752318015581546,0.29377726342027954,0.41841004184100417,1.5806299179775205,0.0,239
330,eval,pact,3.0,0,0.09046233746581896,0.014548121352578224,0.024246867813912044,0.0,0.0,0.009396413666542978,0.6077370263293198,0.5984061657135457,0.3554686813219012,1509.518261259071,0.027384423491034548,7.710791056625015,0.01214440019409636,78055.0,0.0,77793.0,0.0,0.0,0.994082325672006,0.9000000000000004,0.8946740784405665,0.8438804337295083,0.3515794697414747,0.003572837298701483,0.011674878724254512,-0.09197017004316119,0.12733315528650702,0.5146443514644351,0.5984061631989969,0.0,239
331,eval,pact,3.0,0,0.07057711293792525,0.005020233754853564,0.008367055742303032,0.0,0.0,0.010317582699419564,0.5541741771927439,0.5535416348708724,0.13528071137675607,8209.110869467508,-0.0974248503432239,30.482797707473882,0.005554884674113291,78293.0,0.0,78031.0,0.0,0.0,0.9901314422675257,0.9000000000000004,0.8911182715803011,0.5530804573808006,0.25579117414588015,0.002305749869222075,0.0053854211468335285,-0.09219376678528457,0.2400071218730526,0.40585774058577406,0.5535416325715923,0.0,239
332,eval,pact,3.0,0,0.02230692015294469,0.0017977629357035722,0.002996271424563324,0.0,0.0,0.010361597748574602,0.5378416195574166,0.5355688614077149,-1.9154784988697664,44859.58117318253,-0.09868238889320001,34.15687871478093,0.001549139354868975,78531.0,0.0,78269.0,0.0,0.0,0.9860271360086098,0.9000000000000004,0.8874243955482499,0.6782998263450251,0.6440545453878757,0.000824993521510744,0.0013804135412546694,-0.07814512117272021,0.04400724057093682,0.8368200836820083,0.5355688603022424,0.0,239
333,eval,pact,3.0,0,0.47063660832414467,0.08897198968155726,0.14828664226614016,0.0,0.0,0.006827099195186625,0.6880853258416244,0.6593596852972916,0.6862562284181402,56222.925454367156,0.06845765704460535,58.624664946081246,0.027401702110285416,78769.0,0.0,78507.0,0.0,0.0,0.9830405276938962,0.9000000000000004,0.8847364482146427,0.9070144866879526,0.7304881754789152,0.013880445478627315,0.028079048882406126,-0.10029619555055899,0.23125315291254933,0.4100418410041841,0.6593596842511699,0.0,239
334,eval,pact,3.0,0,0.3575846380647296,0.06116164502086709,0.10193606834714598,0.004754659708074945,0.0001901863883229978,0.008591321615549,0.6369322575784627,0.6145595335810753,0.6229154889054876,28170.678408570868,0.01264583988838038,48.15578873486698,0.024122344433216994,79007.0,0.0,78745.0,0.0,0.0,0.9890829542940132,0.9000000000000004,0.8901746411453231,0.8294182303921221,0.6531095927380051,0.006684790107531733,0.024588654771501735,-0.09521562594211902,0.1771565921837443,0.39748953974895396,0.6145595319728588,0.0,239
335,eval,pact,3.0,0,0.000463527011177035,4.34772537537584e-05,7.246208382692728e-05,0.0,0.0,0.011079912728563762,0.56886062387642,0.568526902458159,0.5438624617943704,37354.80113264906,-0.053262971341609955,77.8606948852539,0.0049142945461875314,79245.0,0.0,78983.0,0.0,0.0,0.9891391448894804,0.9000000000000004,0.8902252144394559,31.324432880956174,-46.70415310036663,0.0026745214026999797,0.003866085899549548,-0.08710010793564517,0.09377132852606902,0.602510460251046,0.5685269039272536,0.0,239
336,eval,pact,3.0,0,0.07879225602993307,0.0113159934750557,0.018859987797954867,0.0,0.0,0.009496230029045101,0.5619441748413581,0.5704571018657923,0.34335092695188324,27278.848886146705,0.1448903817013218,54.65895813778354,0.011654245955031756,79483.0,0.0,79221.0,0.0,0.0,0.9819127358652059,0.9000000000000004,0.8837214417786777,1.281697552048498,0.1830843578666136,0.0031017309127667225,0.010022086067472012,-0.08529287844978109,0.04059467639989318,0.6903765690376569,0.5704570992355414,0.0,239
337,eval,pact,3.0,0,0.4824189044268233,0.08005793843269096,0.13342989082573917,0.0,0.0,0.007175472122714485,0.6288166809281545,0.5861601320769497,0.5390551458405152,49534.21351987448,0.06924710131082762,31.04247435166746,0.013607740403195866,79721.0,0.0,79459.0,0.0,0.0,0.9815952478592366,0.9000000000000004,0.8834357022241568,0.8528712097657465,0.8360963432558882,0.0017824511530555108,0.017857768576033023,-0.08407362104572862,0.12205109943915249,0.7071129707112971,0.5861601348955685,0.0,239
338,eval,pact,3.0,0,0.4955261337087284,0.09070304332480834,0.15117173271725304,0.0,0.0,0.006890449220914721,0.6823154599347374,0.6537730238677069,0.72087351647381,49465.814706459205,-0.11726127837289702,40.09251483414462,0.020471357500811874,79959.0,0.0,79697.0,0.0,0.0,0.9845957596431716,0.9000000000000004,0.8861361587396726,0.928300391967283,0.80237308124911,0.017934548513342936,0.022463279943835287,-0.08899240880161768,0.056707914181429724,0.7154811715481172,0.6537730254622198,0.0,239
339,eval,pact,3.0,0,0.21150077816593815,0.023900391699909852,0.03983398400682802,0.0,0.0,0.00909167334289294,0.5621366267673141,0.5445976333388723,0.4896444225660428,27264.34337408473,-0.04443431332016707,78.43509979726879,0.013032787346970836,80197.0,0.0,79935.0,0.0,0.0,0.9844963488219672,0.9000000000000004,0.8860466970310051,0.6555803600870904,0.6784541610097495,0.006711440583665733,0.013066564144948537,-0.0732834054034199,0.0036202854684115257,0.9916317991631799,0.5445976302099669,0.0,239
340,train,pact,3.0,0,0.3926658787366775,0.08075101714251763,0.13458502056776345,0.020920502590833848,0.0,0.015054505039785821,1.5163851253158378,1.5283552196235337,0.7343400883874135,1715.7208484346397,0.6843554774712319,4.721319156835269,0.04584624118144355,80435.0,0.0,80173.0,0.0,0.0,0.9815913499897992,0.9000000000000004,0.883432195401092,1.0355781238028805,0.5652839080826788,0.027629275935286857,0.04326420504147787,-0.18643120881762826,0.24582331819935313,0.3891213389121339,1.5283552202378732,0.0,239
341,train,pact,3.0,0,0.0349310103396663,0.008146047348829491,0.013576744237603428,0.0,0.0,0.015437920686933037,1.589132273047539,1.5820579578686957,0.4557440385658871,962.4646925666841,0.5677071927138702,7.344787776719576,0.010120575118125086,80673.0,0.0,80411.0,0.0,0.0,0.9904921613477763,0.9000000000000004,0.8914429231168834,0.21895946682365688,0.20494957649514545,0.004201255748488915,0.009889150256701165,-0.18903652755855255,0.183625626873201,0.4895397489539749,1.58205794678956,0.0,239
342,train,pact,3.0,0,0.1445073664815396,0.031248335156446785,0.05208055635788293,0.008938759814745213,0.0001901863883229978,0.015675802116972008,1.5560675138708937,1.5624608906243136,0.4163495469292836,950.6897051823189,0.5415166745500086,5.727013274964927,0.03240787759754479,80911.0,0.0,80649.0,0.0,0.0,0.9903261616639013,0.9000000000000004,0.8912935217055317,0.8519250636908621,0.28904757192680575,0.014905351708477286,0.030647329426425115,-0.19303212011570692,0.28279770913083474,0.37656903765690375,1.5624608962708941,0.0,239
343,train,pact,3.0,0,0.4891325045084395,0.12108127571999255,0.20180211435841733,0.05039939203272305,0.0,0.01585330536967011,1.5611151125141767,1.6091295605424059,0.6303778911734226,1101.9632417686814,0.590604128713513,2.427632592961379,0.0753972179034265,81149.0,0.0,80887.0,0.0,0.0,0.9924550370691212,0.9000000000000004,0.8932095030361639,0.7704799765697499,0.4377664581395112,0.04127247837421141,0.07571442637818565,-0.19502135915109747,0.23846404937831983,0.46443514644351463,1.60912955269158,0.0,239
344,train,pact,3.0,0,0.4918546215835647,0.12506114010487573,0.20843521935496798,0.06390262466843658,0.0,0.015872931043582356,1.6122905584558782,1.610505506084554,0.6060988258367802,1358.4131298623822,0.6358128052875088,2.2269302501838077,0.06037608096298126,81387.0,0.0,81125.0,0.0,0.0,0.9905292199745338,0.9000000000000004,0.8914762750330331,0.6532370133100934,0.5440167974082586,0.020409212820231913,0.06269759251093142,-0.19503668160302562,0.24166889225199562,0.4476987447698745,1.61050551612143,0.0,239
345,train,pact,3.0,0,0.49487416027990566,0.11526247538274513,0.19210411188283752,0.04944845940528056,0.0,0.01601008874477203,1.5896877968161676,1.608978598187658,0.5797285006136076,1311.8545925507485,0.6294280841759557,2.084026560124992,0.07330687548068963,81625.0,0.0,81363.0,0.0,0.0,0.9907539673928936,0.9000000000000004,0.8916785470112597,0.6781402266381895,0.518270898990145,0.12292580643007832,0.07359227094853835,-0.20000342289891726,0.29624024451764147,0.37656903765690375,1.6089786077442707,0.0,239
346,train,pact,3.0,0,0.37911919344205136,0.09114219502703712,0.15190364919221963,0.03195131255243613,0.0,0.015751514307157016,1.593785880499804,1.6273834677919683,0.6744729051031328,1261.4113363481465,0.7274285417720364,4.579886195799297,0.05850112252034808,81863.0,0.0,81601.0,0.0,0.0,0.9918222023353417,0.9000000000000004,0.8926399636966913,0.9462602877666401,0.48181858886553874,0.02771225877523679,0.056255606965602195,-0.19703688781735926,0.23481408943885573,0.4435146443514644,1.627383460848575,0.0,239
347,train,pact,3.0,0,0.45108052358230005,0.0996777280832012,0.16612953785511594,0.03480410868902087,0.0,0.015417302374155202,1.5523535115449498,1.5583679763343046,0.5883414589460924,1082.5069449835742,0.5250271362677279,3.744288159214802,0.04628457725496191,82101.0,0.0,81839.0,0.0,0.0,0.9903006738199849,0.9000000000000004,0.8912705911253287,0.5399084845280375,0.5587266073155154,0.007925067359821932,0.05057432714880884,-0.18560124969674274,0.19080684886791896,0.4686192468619247,1.55836797222067,0.0,239
348,train,pact,3.0,0,0.4891325045084395,0.11014071383483859,0.18356784442369048,0.03594522658252317,0.0,0.016398182037485196,1.5755906838253453,1.6101474737023709,0.7864870212068119,970.3045439780008,0.6740195628988194,3.930302712084359,0.05554550209678866,82339.0,0.0,82077.0,0.0,0.0,0.9911500452452624,0.9000000000000004,0.8920350144597776,0.9778095570516736,0.5524310999113151,0.03512090123503616,0.05417031169358532,-0.19696860440517622,0.2610166473782605,0.4100418410041841,1.6101474797085231,0.0,239
349,train,pact,3.0,0,0.49418196437011425,0.11935752995199148,0.19892920561349867,0.03309243113176593,0.0,0.01563927644442876,1.5983564933473595,1.6008851311196841,0.6477506442548839,942.8626668124019,0.5689716700729466,3.506812201883005,0.05761962020419008,82577.0,0.0,82315.0,0.0,0.0,0.9908022040103769,0.9000000000000004,0.8917219648800135,0.6859309156426716,0.5455480456494257,0.022521891558426432,0.05844951300905184,-0.1887924929498998,0.16902578711534463,0.5313807531380753,1.6008851312849726,0.0,239
350,train,pact,3.0,0,0.137177762364597,0.04045086099903677,0.06741809848593461,0.008748573862857899,0.0,0.016527254241577128,1.5848952257483575,1.619242906071651,0.576979178015657,1398.7593079890166,0.6064240009714869,7.725558617124997,0.04245740758541535,82815.0,0.0,82553.0,0.0,0.0,0.9920730865151314,0.9000000000000004,0.8928657540716387,1.182657334442062,0.3244895715326346,0.02190432311633501,0.0388485467476404,-0.1969425801260626,0.24030386658357816,0.4225941422594142,1.6192429081901722,0.0,239
351,train,pact,3.0,0,0.007217873016016257,0.0015175481545293794,0.002529246772267862,0.0,0.0,0.016173524764526215,1.6009072115231757,1.6008487303885457,0.38206432017821146,1077.3261946035727,0.24437023100743233,1.5845417936476704,0.0037446534248625676,83053.0,0.0,82791.0,0.0,0.0,0.9906759860625327,0.9000000000000004,0.891608367654569,0.6300190605253952,0.13388485721838983,0.0025054923705038865,0.003469047892010536,-0.1964560902399619,0.25015579097302587,0.3891213389121339,1.6008487208225597,0.0,239
352,train,pact,3.0,0,0.4689258159280493,0.10210914056862984,0.17018189093558775,0.04488398702074793,0.0,0.015328266969628664,1.516460772837555,1.530772706205376,0.3814372232594921,899.3314643125653,0.48953386860661924,1.1230755124132006,0.0425036004274425,83291.0,0.0,83029.0,0.0,0.0,0.9898407032799023,0.9000000000000004,0.8908566104318307,0.6018604052990748,0.5864604506443962,0.0011255378366221743,0.04606249666311627,-0.19117587973021255,0.30009792575447336,0.3054393305439331,1.5307727031241691,0.0,239
353,train,pact,3.0,0,0.0023364927420596237,0.0012235347336728298,0.0020392245432996644,0.0,0.0,0.016393936034603724,1.6313434869175676,1.6511910839559643,0.46313374860516154,1125.2839112860388,0.8751055002212524,1.0212593078613281,0.032163187677808354,83529.0,0.0,83267.0,0.0,0.0,0.9917811075513832,0.9000000000000004,0.8926029848753159,8.664432627811628,-8.727306998543037,0.019833758151919127,0.027486751794183792,-0.19821926999476994,0.22193536900204752,0.497907949790795,1.6511910829407275,0.0,239
354,train,pact,3.0,0,0.5020705397688578,0.11506365484090862,0.1917727447073969,0.04621529130257323,0.0,0.014457264418273417,1.4842440196659774,1.4941934980607932,0.6319655082714608,1159.433089379985,0.5512915802301224,2.456714015625511,0.06278183637479141,83767.0,0.0,83505.0,0.0,0.0,0.9904097460802629,0.9000000000000004,0.8913687447623728,0.746679655810992,0.46412684349871025,0.05975175555795431,0.06408977780050781,-0.19133964635395137,0.3376954805780587,0.28870292887029286,1.4941935126132502,0.0,239
355,train,pact,3.0,0,0.31902109559870884,0.07152188104822675,0.1192031273567561,0.025865348250796106,0.0,0.015726299518056867,1.5873809030365245,1.5943288010034602,0.5646728961786964,904.3927272652982,0.6167592057124341,4.768007584944929,0.04863678405419865,84005.0,0.0,83743.0,0.0,0.0,0.9903359246054454,0.9000000000000004,0.8913023090262792,0.4660595588412418,0.490107439308909,0.02521755794985491,0.05067934115538101,-0.19071865930147203,0.1989970028784237,0.4769874476987448,1.5943287910692223,0.0,239
356,train,pact,3.0,0,0.2698529906927464,0.05771000720032968,0.09618334009979533,0.02548497516241034,0.0,0.015741736480038786,1.5376646418950548,1.5630440420186669,0.4262789162382421,1017.4789198871437,0.5912293214428874,0.9282061754410237,0.061430898058582796,84243.0,0.0,83981.0,0.0,0.0,0.9909696376972119,0.9000000000000004,0.891872646419573,0.49138158566637663,0.47945919502772927,0.05796007224885018,0.06061820224975723,-0.19189474585251096,0.2508383038072346,0.4602510460251046,1.5630440386564106,0.0,239
357,train,pact,3.0,0,0.08746965989669216,0.019310425896501747,0.03218404187408771,0.0030429822131679647,0.0,0.015842272251236515,1.6026937677271695,1.6110387422050891,0.3476469382082568,1092.3467302521901,0.4172276583613212,1.282609978729711,0.042832280707907976,84481.0,0.0,84219.0,0.0,0.0,0.9907396473146383,0.9000000000000004,0.8916656631804909,0.3901824883355245,0.3441673578956188,0.0388320308904295,0.039752292993310914,-0.18923603262694322,0.17282411941007153,0.5439330543933054,1.6110387465837428,0.0,239
358,train,pact,3.0,0,0.5020820002946379,0.11643220363731573,0.19405366169103902,0.03480410843962905,0.0,0.015873088859894535,1.6014977593801012,1.6240514875954664,0.6629369220224883,815.0190074713161,0.6105963823436195,2.1369572675876536,0.06327282009981416,84719.0,0.0,84457.0,0.0,0.0,0.9908337303784103,0.9000000000000004,0.8917503421775467,0.8519899105890248,0.46198911000076437,0.044639769941568375,0.06322590356583563,-0.19635415304628764,0.22092643698626072,0.4686192468619247,1.624051494420247,0.0,239
359,train,pact,3.0,0,0.4510805060552793,0.10310821817543439,0.1718470220718042,0.04260174992443627,0.0,0.014067549766996042,1.411862195286292,1.4436355527474791,0.6727089620035562,1202.399905663654,0.597210928610678,3.741067537203992,0.06290876731144023,84957.0,0.0,84695.0,0.0,0.0,0.9905952591776349,0.9000000000000004,0.891535714829816,0.8273241062853416,0.47956393455614976,0.03183267110087458,0.06203076036093624,-0.2007928841117202,0.47384195376717414,0.19665271966527198,1.4436355600715793,0.0,239
360,eval,pact,3.0,0,0.48485144005920816,0.07407638549263526,0.12346063551385707,0.0,0.0,0.007410160415887708,0.6589146204074556,0.6230796035612977,0.6158879105017275,2058.481736442534,0.17258796248941538,4.891369313874504,0.0197642939282137,85195.0,0.0,84933.0,0.0,0.0,0.993843153430827,0.9000000000000004,0.8944588173882233,0.7893017201596343,0.7412530414321368,0.003046806768647262,0.022208929054096153,-0.07846428071358155,0.04388854268672661,0.8284518828451883,0.6230796060321132,0.0,239
361,eval,pact,3.0,0,0.33479187858415665,0.03256553904815001,0.054275896435999386,0.0,0.0,0.009493158007952458,0.6021452932677009,0.5694961015400029,0.7606523064389887,9553.72416808316,-0.04445213580866457,26.74518040134318,0.015447174657280382,85433.0,0.0,85171.0,0.0,0.0,0.988239005769147,0.9000000000000004,0.8894150920492835,0.5958543061717717,0.5988853166632424,0.004571048441728709,0.01634681419855194,-0.07634554587311947,0.0005044660078934093,0.9916317991631799,0.5694961015136284,0.0,239
362,eval,pact,3.0,0,0.04055126141090673,0.003590251172358286,0.005983751663719217,0.0,0.0,0.011001944843929058,0.629466687660337,0.6439072681770165,0.31679188382176676,27988.675914046155,0.16955796919108435,72.02085103150691,0.013090115079508167,85671.0,0.0,85409.0,0.0,0.0,0.9890830549236121,0.9000000000000004,0.8901747174592197,2.527367269653294,-1.4782182314416574,0.004936715043636019,0.010830177244083434,-0.0873420654129169,0.015163654707854832,0.8284518828451883,0.6439072710390988,0.0,239
363,eval,pact,3.0,0,0.0030419384339404444,0.000433847800914732,0.0007230796622953603,0.0,0.0,0.01143624209974226,0.6470781966233353,0.6442242591450903,-0.15262794804420307,80730.65631537657,0.172737717628479,76.55296325683594,0.0019815637092943845,85909.0,0.0,85647.0,0.0,0.0,0.99163086967987,0.9000000000000004,0.8924677600172274,1.2386607197676756,-0.5174108693258452,0.0013162379699578094,0.0016917419341240842,-0.0862528271292842,0.0049556366657764325,0.891213389121339,0.6442242590783261,0.0,239
364,eval,pact,3.0,0,0.0034414877965033177,0.0001794197121541314,0.0002990328435794349,0.0,0.0,0.010924703090853022,0.6354377490456633,0.6319351590328137,-5.03366754394196,94961.45047724896,0.172737717628479,76.55296325683594,0.0011643137121339286,86147.0,0.0,85885.0,0.0,0.0,0.9859812047691026,0.9000000000000004,0.887383058604835,0.6062217442301033,0.33761517376199224,0.0010285420040058535,0.0010484524607506413,-0.08697645171315746,0.04937831983144901,0.7656903765690377,0.6319351567806442,0.0,239
365,eval,pact,3.0,0,0.3575846380647296,0.04371044692857616,0.07285073977066048,0.006656523591304923,0.0,0.010124100259189577,0.6539267310288162,0.6569467625857397,0.320122417046934,59521.30613395659,0.14275734453894603,70.19718501358352,0.028887938446010692,86385.0,0.0,86123.0,0.0,0.0,0.9883834320630988,0.9000000000000004,0.8895450637180935,0.744647185358103,0.4266103198008606,0.00882811442778636,0.027690363006479257,-0.10512537325344681,0.1863853526810885,0.3179916317991632,0.6569467650889648,0.0,239
366,eval,pact,3.0,0,0.5013695556751894,0.09094527856300126,0.15157545664047292,0.0,0.0,0.007379390867271122,0.6672705870791958,0.6343631504968619,0.5348768170463178,66294.94599895398,0.010174452648673471,52.79745560410631,0.024194692467070462,86623.0,0.0,86361.0,0.0,0.0,0.9816312616589677,0.9000000000000004,0.8834681191703765,0.8894881719934837,0.7471441582718366,0.018299599577273642,0.025816200302025326,-0.09139925436401806,0.19279503842844,0.6276150627615062,0.6343631511678145,0.0,239
367,eval,pact,3.0,0,0.4769458410955545,0.08200199220830895,0.13666998135784403,0.0,0.0,0.00729289531286915,0.6544838212274607,0.6211726836330222,0.7599828440275153,35152.51346757322,-0.06144295778869803,57.98101338582059,0.017046375434931413,86861.0,0.0,86599.0,0.0,0.0,0.9888546070294401,0.9000000000000004,0.8899691242054416,0.8530181953008722,0.8272567081517039,0.011312401635223068,0.021250199092061075,-0.07760667516408074,0.0014540490815751208,0.9916317991631799,0.6211726845403924,0.0,239
368,eval,pact,3.0,0,0.45752091049933935,0.07084748795485926,0.11807914092520401,0.0,0.0,0.00782822833248418,0.6393405968424666,0.63131619135705,0.5724537579584321,46195.35141540272,-0.06119795284861364,106.32040401283169,0.018366296299261717,87099.0,0.0,86837.0,0.0,0.0,0.9857886553309453,0.9000000000000004,0.8872097790490633,0.9739841457871802,0.7888288996955495,0.012116419226404721,0.01835724931292111,-0.07859442025115937,0.003353215228938544,0.9539748953974896,0.631316193784014,0.0,239
369,eval,pact,3.0,0,0.4754479658978925,0.09302632878566004,0.15504387378087475,0.0,0.0,0.007071773474841188,0.6798457659188674,0.6295028439874928,0.7245796118321279,29566.47308936977,-0.12219671998562673,89.61531476695168,0.017731784389911524,87337.0,0.0,87075.0,0.0,0.0,0.987669715198014,0.9000000000000004,0.8889027282782679,0.8408375465639564,0.836947396796091,0.008223172628833932,0.02091616571775665,-0.09661584717016455,0.3064482625597198,0.4560669456066946,0.6295028387586025,0.0,239
370,train,pact,3.0,0,0.0008817244371400257,0.00030704309130791344,0.0005117384276048877,0.0,0.0,0.016197084123853237,1.632091062837066,1.6292923741260832,0.07264174614296486,2841.8523569785402,-0.11377642303705215,34.5637092590332,0.03015957402053706,87575.0,0.0,87313.0,0.0,0.0,0.9846953432929066,0.9000000000000004,0.886225788663122,27.109204650172856,-33.518090490132764,0.018473467495953497,0.025393105884546328,-0.19898417441216765,0.25217365500459954,0.4225941422594142,1.62929238746743,0.0,239
371,train,pact,3.0,0,0.29059125512998374,0.06904700053260306,0.11507832519845232,0.04241156353611328,0.0017116774949069802,0.015598527135358633,1.5229691947853217,1.548758721002475,0.5015972266947873,1223.907386939396,0.48003916306008104,4.679391477397297,0.057255761409529086,87813.0,0.0,87551.0,0.0,0.0,0.9912539785377151,0.9000000000000004,0.8921285575902612,0.7639726556206573,0.33948302760217763,0.02261320234869014,0.0555130254777312,-0.19665165187661163,0.3113742247544437,0.34309623430962344,1.5487587147427775,0.0,239
372,train,pact,3.0,0,0.4634686815016611,0.10802874109007819,0.1800478911816099,0.04963864647943106,0.0,0.0162508258514231,1.611748442989014,1.5985600379720393,0.5232184877206092,931.9538821934656,0.5649736289823405,2.8216263165533793,0.047674884433199546,88051.0,0.0,87789.0,0.0,0.0,0.9901879247761172,0.9000000000000004,0.8911691076087154,0.5575251068347965,0.5736978630251656,0.006168567899814141,0.052265020042548745,-0.19508922510437776,0.24896881213092378,0.42677824267782427,1.5985600390583465,0.0,239
373,train,pact,3.0,0,0.472293708546508,0.09819739618683629,0.16366231663481484,0.036135413220237986,0.0,0.015899928292516758,1.5315065610857688,1.5680607936372317,0.5394580973990293,1094.8467088005034,0.6113123502192637,1.3444851422409632,0.06916262571618086,88289.0,0.0,88027.0,0.0,0.0,0.9905898234335448,0.9000000000000004,0.8915308182708389,0.6191511320036902,0.5446822200732229,0.09880610190185846,0.06896557209615801,-0.18732549282069913,0.20496157155998695,0.39748953974895396,1.568060789396726,0.0,239
374,train,pact,3.0,0,0.00864344554228482,0.0021122795940405068,0.003520465922889214,0.0,0.0,0.016860874239199457,1.626102332540137,1.6486084498620932,0.3754412756305359,1449.0274305782557,0.820716168778212,1.1753485242691997,0.030246235099504214,88527.0,0.0,88265.0,0.0,0.0,0.9920565438569839,0.9000000000000004,0.8928508666269949,0.24875203536469614,0.08412283943059473,0.028578181588882128,0.026572428167813213,-0.19149836314745763,0.1509540342443396,0.5146443514644351,1.6486084588352667,0.0,239
375,train,pact,3.0,0,0.22807283978866633,0.0590292789898154,0.0983821258430976,0.041270445642610974,0.0009509319416149889,0.01585000876734758,1.5535073983619403,1.579585364672928,0.508716886886493,1270.2400622507519,0.4467236059230741,7.015925287202811,0.05333714324700409,88765.0,0.0,88503.0,0.0,0.0,0.9917079931023729,0.9000000000000004,0.8925371718705948,0.7565203565891383,0.32645732752337764,0.023218161139637233,0.05172065112283882,-0.19418075074361696,0.2539541232677528,0.42677824267782427,1.5795853558400355,0.0,239
376,train,pact,3.0,0,3.5839762234725213e-06,1.1639525129573777e-06,1.9399209183525822e-06,0.0,0.0,0.015657695522726705,1.617382989767705,1.6163221557768819,0.3076963914114062,1176.6233500077635,0.5075659155845642,9.239027976989746,0.0026533981728797122,89003.0,0.0,88741.0,0.0,0.0,0.9907749412448835,0.9000000000000004,0.8916974169938634,8.056330370608023,-8.586867463924497,0.0023833497364529827,0.0023735389301566033,-0.1908549627708597,0.1799756669337369,0.5439330543933054,1.6163221587381542,0.0,239
377,train,pact,3.0,0,0.010237416458047271,0.002295100487454231,0.0038251672827511554,0.0,0.0,0.015843280004610202,1.584857928703021,1.5816766557334356,-0.7472539523701187,1043.6213578100483,0.4988009469529076,8.871791554794152,0.0031761967611867374,89241.0,0.0,88979.0,0.0,0.0,0.9902449596875881,0.9000000000000004,0.8912204454134698,0.17410892326915062,0.08338132534005138,0.0011306615401646886,0.003081751209830453,-0.18670739700138228,0.17059853408113,0.5355648535564853,1.5816766530626907,0.0,239
378,train,pact,3.0,0,0.21150077816593815,0.04571737068796347,0.07619561161066574,0.011981742214957042,0.0,0.015479963452060352,1.551104989261308,1.5598310264583413,-0.9238829626136744,1013.2144634933153,0.409389248172359,1.3070579270937452,0.030434523573828174,89479.0,0.0,89217.0,0.0,0.0,0.9904077387255106,0.9000000000000004,0.8913669411607367,0.383450268543101,0.38703194767439353,0.004003645788811422,0.03197049538843104,-0.18474464405228705,0.1827057182705718,0.4476987447698745,1.5598310315255253,0.0,239
379,train,pact,3.0,0,0.009418921166737213,0.0014296715167977227,0.0023827857442495362,0.0,0.0,0.016527127634313066,1.5771952730342433,1.5792171167030493,0.32049490723400437,898.3770928163409,0.646541906201191,7.747436238133259,0.024550212013328673,89717.0,0.0,89455.0,0.0,0.0,0.9905280203998837,0.9000000000000004,0.8914751891810525,7.499602778075492,-6.485270427053434,0.014413717786054605,0.021770242680298656,-0.19260638694752308,0.25582361494406364,0.4309623430962343,1.5792171081463808,0.0,239
380,train,pact,3.0,0,0.4891325118103957,0.12427087816273517,0.20711811690939974,0.049828832743058146,0.0,0.016106410000753826,1.5997355547908958,1.602238228879713,0.4857166590925041,1008.061955535761,0.5833831347182206,2.883215288986222,0.0544027953375049,89955.0,0.0,89693.0,0.0,0.0,0.9909378754045175,0.9000000000000004,0.8918440673640582,0.6372557000363989,0.5653678517183365,0.0021999591814452096,0.05732233834498714,-0.19498276145677296,0.24211400931778393,0.46443514644351463,1.6022382415433505,0.0,239
381,train,pact,3.0,0,0.06794360041903054,0.01921404442101109,0.032023405758203706,0.0,0.0,0.015928348863427234,1.566590760791651,1.6066760857234939,0.5694217907584362,1522.4978195892718,0.6362154895291667,5.310951993056421,0.035244602942839265,90193.0,0.0,89931.0,0.0,0.0,0.9909382991212182,0.9000000000000004,0.8918444392072605,1.8086042264477695,-0.12097038997336762,0.017245156029650176,0.03037390927102214,-0.19714455860768174,0.27015638446244694,0.4351464435146444,1.606676079161106,0.0,239
382,train,pact,3.0,0,0.0038738003089876893,0.0006056799963315136,0.0010094666226657895,0.0,0.0,0.016071545156926915,1.6048087956516315,1.6048729636679135,0.4068786409609487,894.3996025308904,0.6350870728492737,5.973628520965576,0.0022653085198197378,90431.0,0.0,90169.0,0.0,0.0,0.9897057399091361,0.9000000000000004,0.8907351356669949,0.5673794724506583,0.0635318394745159,0.0017014546360132104,0.0020803105613275454,-0.19609450084180868,0.2533903083177542,0.4435146443514644,1.6048729603457352,0.0,239
383,train,pact,3.0,0,0.004841264746033501,0.001025499258743001,0.0017091653788757948,0.0,0.0,0.015914821223780577,1.6068278381515249,1.6066659968268422,-0.9479169926009916,837.6106861066619,0.32239447665015025,1.2281759289019278,0.0027000064925293324,90669.0,0.0,90407.0,0.0,0.0,0.9899105591754035,0.9000000000000004,0.8909194888430161,0.4079363259383579,-0.00844508366854324,0.0016850046504860417,0.0025116101100838817,-0.19190051145391723,0.19834416451526748,0.4811715481171548,1.6066659981802331,0.0,239
384,train,pact,3.0,0,0.10614912902745642,0.024590695604989932,0.04098448969301267,0.0060859643016400195,0.0009509319416149889,0.015448804293996869,1.5328998293836744,1.5443180370530325,0.23238527539836937,1065.4281636641115,0.4327178581551528,4.461883786333156,0.02864913233783813,90907.0,0.0,90645.0,0.0,0.0,0.9908280270368983,0.9000000000000004,0.8917452164274878,0.8728299159162108,0.1688400344643095,0.011168191471184563,0.02665799053407286,-0.19132586005791274,0.2725303421466512,0.3807531380753138,1.5443180250973754,0.0,239
385,train,pact,3.0,0,0.19514420172920505,0.05336424042196154,0.08894039552598397,0.026435907478113054,0.0,0.01616773996346291,1.6123392532061334,1.6053715844533434,0.04125881969864993,1032.238630861418,0.4583906396662341,3.75550118674793,0.03191741232158203,91145.0,0.0,90883.0,0.0,0.0,0.9907264103450536,0.9000000000000004,0.8916537467405886,0.39175104180706766,0.4247443993356613,0.0019625699921350056,0.034115358590680295,-0.1942648867888059,0.2208077391020505,0.497907949790795,1.60537157982499,0.0,239
386,train,pact,3.0,0,0.0003611348120901913,8.623462985513272e-05,0.00014372438116380985,0.0,0.0,0.015868591442782135,1.5784158674244102,1.6116436198665507,0.24766275211856953,1088.5222466760101,0.5022582411766052,1.227634310722351,0.030713299264260432,91383.0,0.0,91121.0,0.0,0.0,0.9906869273804222,0.9000000000000004,0.8916182203771679,74.43830332570926,-83.67116420661546,0.021898328209971896,0.027223871249528252,-0.18832620718004298,0.14914389151013382,0.5564853556485355,1.6116436110111048,0.0,239
387,train,pact,3.0,0,0.06283616020874398,0.016565459767563163,0.027609097765136127,0.0,0.0,0.016201378723068715,1.6118577130170049,1.617396842984475,0.17875513103965934,942.5251697237022,0.5288413954142747,3.768732845533842,0.021267419295175057,91621.0,0.0,91359.0,0.0,0.0,0.9906057892484146,0.9000000000000004,0.8915451770048262,0.6874258081815504,0.14604083744731422,0.008850755294186583,0.020258958522078412,-0.20548451760344713,0.3525327161043354,0.3472803347280335,1.6173968377208734,0.0,239
388,train,pact,3.0,0,0.026644067398029395,0.008279214706570231,0.013798690310966274,0.0,0.0,0.01617681203706182,1.6073270342838815,1.6130196487055664,0.015775991043574702,1125.852604439069,0.33906321009332663,3.9396170776758233,0.013827307889297426,91859.0,0.0,91597.0,0.0,0.0,0.9907959270676808,0.9000000000000004,0.891716311915649,0.6596350050977324,0.1064719063000481,0.007235943121639521,0.012960735567218027,-0.19341326912746645,0.19240927030475682,0.5146443514644351,1.6130196530380645,0.0,239
389,train,pact,3.0,0,0.4595581971330663,0.09945176650226169,0.1657529301888058,0.050209205831443914,0.0,0.015113635099722876,1.522145567329359,1.5385609907585207,0.6010027191987471,947.3898808307728,0.4965647546180902,3.914678312245772,0.06663120069412444,92097.0,0.0,91835.0,0.0,0.0,0.9902101490786883,0.9000000000000004,0.8911891257912544,0.76165911567843,0.42873397972216276,0.03617569210072016,0.06610953381916344,-0.18447887831892837,0.2066530164099825,0.4769874476987448,1.5385609963765665,0.0,239
390,eval,pact,3.0,0,0.04666315660102996,0.0071876059801945615,0.011979342671385217,0.0,0.0,0.01156977007446117,0.7056837346264508,0.7118187191346699,0.4715340832037906,3181.1777954101562,0.3326569127238445,4.102000122289778,0.01088439823112696,92335.0,0.0,92073.0,0.0,0.0,0.9975192185226345,0.9000000000000004,0.8977672737013844,0.6673192215943842,0.0906422732506652,0.0052188702458359675,0.010271292919717791,-0.09878702937356885,0.0140360248078578,0.8410041841004184,0.7118187183139444,0.0,239
391,eval,pact,3.0,0,0.15197705929011698,0.013590462784069517,0.022650769846740366,0.0,0.0,0.010890469931175146,0.6490116366282667,0.6403582949019875,0.3524537626420105,18616.55314910761,0.1804956210091336,8.501948224949537,0.005496837264004799,92573.0,0.0,92311.0,0.0,0.0,0.983866622009038,0.9000000000000004,0.8854799400313629,0.7324382365329325,0.6556140033211268,0.0012126557929958734,0.005759450126240599,-0.07710025643318169,0.0,1.0,0.6403582967615585,0.0,239
392,eval,pact,3.0,0,0.5005976261530134,0.04694825301770507,0.07824708577871997,0.0,0.0,0.010175897036464768,0.6242512332345651,0.6072526933259046,0.6309696445904017,16765.53650872777,-0.04218313867366526,28.346902972983514,0.017137681750705364,92811.0,0.0,92549.0,0.0,0.0,0.9840782835892553,0.9000000000000004,0.8856704375983282,0.8236433632008932,0.6664495362985553,0.013228493018282784,0.017534279301528777,-0.08146102471266044,0.0,1.0,0.6072526911568473,0.0,239
393,eval,pact,3.0,0,0.002674004892043177,0.0006281921172459272,0.001046986803752185,0.0,0.0,0.01144226089462825,0.6917724023304225,0.7007536268383888,0.31820883795182575,53948.10820639383,-0.03579094633460045,165.7332305908203,0.00868183848882585,93049.0,0.0,92787.0,0.0,0.0,0.993452337870538,0.9000000000000004,0.894107084518696,0.7510672071065022,0.1329409685161307,0.007380998559287547,0.007239798885657137,-0.08661211405503601,0.006380011276299001,0.9874476987447699,0.7007536231587134,0.0,239
394,eval,pact,3.0,0,0.2615026996800263,0.06381328098359518,0.1063554611812464,0.0,0.0,0.00977515685859148,0.7378410270523327,0.6746432644053982,-0.3027769039895495,143963.18589827407,-0.03828513461372632,106.64881719804708,0.016368778023301823,93287.0,0.0,93025.0,0.0,0.0,0.9841954248594939,0.9000000000000004,0.8857758678028275,0.701578720269429,0.7660119293518182,0.0019655228974536443,0.020515024371223066,-0.08307830462019201,0.08178284222083744,0.8075313807531381,0.6746432652356639,0.0,239
395,eval,pact,3.0,0,0.15197705929011698,0.021132035616068166,0.035220057702032466,0.0,0.0,0.01031036090074598,0.6679399517290762,0.656708894414383,0.7858959573582126,69362.25148731694,-0.02290686539902301,25.96254119314409,0.013525926276152976,93525.0,0.0,93263.0,0.0,0.0,0.9862214912929296,0.9000000000000004,0.8875993136082733,0.7674459730468,0.5851188618539013,0.006002477385562897,0.012952430302834442,-0.07945703708938422,0.0015727469657853348,0.99581589958159,0.6567088890288539,0.0,239
396,eval,pact,3.0,0,0.496713411596384,0.09261044608979795,0.15435073493341658,0.0,0.0,0.009435466890102525,0.6996857820694417,0.6607448972418717,0.8253689715054244,48429.779705478555,-0.03823798586223294,65.4438512075895,0.02241155005617371,93763.0,0.0,93501.0,0.0,0.0,0.9881785307469229,0.9000000000000004,0.8893606570475271,0.8839982101466752,0.7718656842824472,0.009817216379035796,0.025252941394785896,-0.08401725247573981,0.0012463277842072464,0.99581589958159,0.6607448930551425,0.0,239
397,eval,pact,3.0,0,0.14082453795319042,0.0341416111874408,0.056902681298635044,0.0,0.0,0.010551731141136032,0.7076457077988022,0.6768760308311574,0.7689181588683667,68604.27677170502,-0.04585238657190336,157.3495907125114,0.01111918043006196,94001.0,0.0,93739.0,0.0,0.0,0.9872792602582956,0.9000000000000004,0.8885513110140876,0.7631924072268534,0.8080642618961938,0.005658909905746225,0.012496008328259553,-0.08129543297430938,0.008160479539452209,0.9581589958158996,0.6768760285692906,0.0,239
398,eval,pact,3.0,0,0.5020526421234931,0.045264645040002494,0.07544107087922529,0.0,0.0,0.010011517635651836,0.6416823215564424,0.6250308077455066,0.6849403299048356,27317.382955511246,0.04912080955165575,52.93667408212957,0.02544495909938503,94239.0,0.0,93977.0,0.0,0.0,0.9844537232710228,0.9000000000000004,0.8860083329627704,0.7717400419242968,0.48811855622876754,0.046748615056276324,0.023836949415442583,-0.08911071731410268,0.009733226505237544,0.899581589958159,0.6250308067103536,0.0,239
399,eval,pact,3.0,0,6.514794980351147e-05,1.5689433433839304e-05,2.6149055728139395e-05,0.0,0.0,0.011808799891479345,0.6951671651716511,0.7056442903175514,0.1938905588908425,72730.53041644875,0.030452365055680275,172.35638427734375,0.007951005419938354,94477.0,0.0,94215.0,0.0,0.0,0.9938301644814065,0.9000000000000004,0.8944471258997418,4.783286422625026,-3.5521050697543792,0.006410426738004444,0.006312562128875763,-0.09038821844619199,0.002462981097361939,0.9916317991631799,0.7056442915986038,0.0,239
400,train,pact,3.0,0,0.4706366194916741,0.1055031483420295,0.17583857338072315,0.026435907852200784,0.0,0.015310613685930499,1.53633549348081,1.5290616127237615,0.11579892773056503,2269.8473911684428,0.3962691637636727,55.55146723811098,0.045204890120110114,94715.0,0.0,94453.0,0.0,0.0,0.9778081610113009,0.9000000000000004,0.880027326704568,0.6097016949293699,0.5815288467718529,0.002705318018203028,0.048316747006530596,-0.1822932109844563,0.18703819104424463,0.4895397489539749,1.5290616220415847,0.0,239
401,train,pact,3.0,0,0.00027498420791614755,5.2868562546426186e-05,8.81142654765746e-05,0.0,0.0,0.01668981233198648,1.6247273449119664,1.6433739861683865,0.4327898360944692,1138.5796587956002,0.7810479998588562,1.4458396434783936,0.03177752454324809,94953.0,0.0,94691.0,0.0,0.0,0.9917292966503478,0.9000000000000004,0.8925563373825042,2.0288791287978425,-1.3509807211458336,0.02866497901919009,0.027578551191680727,-0.1918112833672241,0.1558503219680109,0.5732217573221757,1.6433739966053384,0.0,239
402,train,pact,3.0,0,0.4392558730871779,0.10119482657716453,0.16865803292828513,0.0484975279624492,0.0,0.015498202399323426,1.4896203147317575,1.501686235850825,0.49234155705783156,961.1993525676647,0.6545146868318693,1.1444215293209923,0.041579152693899904,95191.0,0.0,94929.0,0.0,0.0,0.989776525786731,0.9000000000000004,0.8907988505383416,0.5863683503840682,0.5954298081383718,0.0020338259706857487,0.04624107677370668,-0.18343501576283547,0.2358526959256951,0.41841004184100417,1.5016862343166364,0.0,239
403,train,pact,3.0,0,0.4986505481252782,0.10817646227434852,0.18029409324283213,0.04146063190623806,0.0,0.014415311572535517,1.4850614599602991,1.5229955258229786,0.6195632017307202,1198.6446369761702,0.6109975849484799,1.7267232537269592,0.07048189072289103,95429.0,0.0,95167.0,0.0,0.0,0.9910204714810998,0.9000000000000004,0.8919184060775086,0.8151273147831397,0.5028820609925426,0.14361006394028664,0.06824174528029674,-0.1934737946311272,0.3274281135938752,0.28451882845188287,1.5229955213467359,0.0,239
404,train,pact,3.0,0,0.28232657409398026,0.07355333527343208,0.12258888631374731,0.019779383949156088,0.0,0.017600753556968152,1.638154186464254,1.691480543822923,0.6375789962802472,1281.0833867922986,0.4888277565086237,6.9650942992465765,0.055473160482826155,95667.0,0.0,95405.0,0.0,0.0,0.9922828175532767,0.9000000000000004,0.8930545217322505,1.0775768164046138,0.4472199263418716,0.02835706903715618,0.05097193200780258,-0.20097596075623828,0.20436808213893587,0.4686192468619247,1.6914805400707251,0.0,239
405,train,pact,3.0,0,0.017240600663365867,0.00450340285805925,0.007505671125868332,0.0,0.0,0.016077519602933313,1.6116581531748113,1.6113876812627626,0.41850930340120485,1284.5083595180113,0.3740586223836723,9.7473999386552,0.006527001252758344,95905.0,0.0,95643.0,0.0,0.0,0.9905555871740046,0.9000000000000004,0.8915000049140164,0.19312323666462755,0.15118118784537582,0.0029427983423134757,0.0063063495595297465,-0.18720540936830546,0.12448440606546189,0.5899581589958159,1.611387679394061,0.0,239
406,train,pact,3.0,0,0.40235948536471244,0.10365419867709713,0.17275698178234192,0.07892734903421363,0.0,0.01722349151072704,1.6023324067123765,1.6500197731301376,0.6144416885894711,1359.79304229864,0.465682566363684,5.126575921369896,0.07312852625294772,96143.0,0.0,95881.0,0.0,0.0,0.9923608717060488,0.9000000000000004,0.8931247674271652,0.7738325696883201,0.4015416706923727,0.029691244196146726,0.07241244413052143,-0.19866773336792806,0.22893854417045012,0.4393305439330544,1.6500197661797456,0.0,239
407,train,pact,3.0,0,0.4811274396703373,0.12192091143793223,0.20320150761829886,0.04963864672882288,0.0,0.01610638815558917,1.579314998004227,1.610556812465939,0.5931232146388816,1340.659532618822,0.5237698761520276,5.646426901907103,0.08005161468079898,96381.0,0.0,96119.0,0.0,0.0,0.9915949250863686,0.9000000000000004,0.8924354120278458,0.7290045638930717,0.4109258156212866,0.039124696515500546,0.07931396335550432,-0.2000012427716878,0.285705807293985,0.3891213389121339,1.610556806839291,0.0,239
408,train,pact,3.0,0,0.47694583179846367,0.11641640583974203,0.19402732823636368,0.054203119549791186,0.0,0.01687847002249632,1.6097042381015283,1.63753744448578,0.6203387895887367,1220.2325475205937,0.5838187189780518,3.095418778423485,0.07486572987926056,96619.0,0.0,96357.0,0.0,0.0,0.9913850925457528,0.9000000000000004,0.8922465620679336,0.7325182592509925,0.4284762063862225,0.0371322421124205,0.07464802328684216,-0.20842227013631823,0.3562420249859047,0.3305439330543933,1.6375374452780875,0.0,239
409,train,pact,3.0,0,0.4986505481252782,0.1244254907225132,0.20737580349790632,0.053252188106959836,0.0,0.01501603229127232,1.5274250372683154,1.5510928002361473,0.6425816883103119,1186.9585527874935,0.629718456557605,2.375170808955715,0.0591798362177972,96857.0,0.0,96595.0,0.0,0.0,0.9908667129452757,0.9000000000000004,0.8917800247918611,0.7342011805004608,0.5419907345957229,0.01946536808585127,0.06051987505549074,-0.1870933614799863,0.21742484940205942,0.42677824267782427,1.5510927973035284,0.0,239
410,train,pact,3.0,0,0.3720951933817057,0.07819920672496117,0.13033200391229957,0.024724229983206076,0.0,0.014742978176328053,1.4785785612700872,1.4850876443555665,0.6066927620556564,1040.7934381333355,0.5092197735813372,4.128143268898441,0.055794634565976,97095.0,0.0,96833.0,0.0,0.0,0.9907407087262206,0.9000000000000004,0.8916666186005501,0.5634520817233672,0.5412355942259082,0.04781684963806961,0.05763957372605489,-0.19365832666763588,0.3706341434463931,0.26359832635983266,1.485087647801636,0.0,239
411,train,pact,3.0,0,0.5000638219418426,0.11156658954071695,0.18594430521342203,0.03062000808356696,0.0,0.01671100706914167,1.5857295850330815,1.6230455766661895,0.7358894213472948,966.987973009692,0.6564935459502073,3.3366750478744507,0.06591492868710512,97333.0,0.0,97071.0,0.0,0.0,0.9905755923881691,0.9000000000000004,0.8915180112527504,0.9777256069618766,0.44984435579941884,0.04854787616059184,0.06382921634234145,-0.19507556683563987,0.2206296922757352,0.4560669456066946,1.623045578439127,0.0,239
412,train,pact,3.0,0,0.1161134909462402,0.029410503587211704,0.04901750166165858,0.007227082506882097,0.0,0.015681219098224425,1.5789038007728224,1.578814255143808,0.5225648507164113,1039.6884032692371,0.5469213448558392,6.59215318782559,0.02964799281206785,97571.0,0.0,97309.0,0.0,0.0,0.9907470432784268,0.9000000000000004,0.8916723229396293,0.3286721507674316,0.3419363954176192,0.014286899722223594,0.029585576403367814,-0.18426634146350002,0.1494703106917119,0.5690376569037657,1.5788142577577762,0.0,239
413,train,pact,3.0,0,0.05794354536329254,0.010051391399980908,0.016752318079140946,0.0,0.0,0.015464792390466983,1.5763153209347107,1.5869094412695912,0.4163314138995055,936.9984644167592,0.6047402375911569,5.227887859404336,0.02201966987971497,97809.0,0.0,97547.0,0.0,0.0,0.9909218868949922,0.9000000000000004,0.8918296762091346,1.6132499659376505,-0.07254256997208497,0.013816743206644923,0.019497005367324256,-0.1858013158475898,0.15148817472328555,0.5355648535564853,1.5869094455158408,0.0,239
414,train,pact,3.0,0,0.029798324749413897,0.007190762560236622,0.011984603819122846,0.0,0.0,0.01600800578143432,1.574135943935506,1.5748339851531026,0.1100827895709368,877.8563234975647,0.39196887491154,2.2404722903064105,0.010842642613158612,98047.0,0.0,97785.0,0.0,0.0,0.9903544696305088,0.9000000000000004,0.8913190078037054,0.7169284907935236,0.09985171514245939,0.004963734727773934,0.010152898601959674,-0.19111445398003005,0.22273657972046648,0.4351464435146444,1.57483397945433,0.0,239
415,train,pact,3.0,0,0.03862335179426082,0.010789611487361753,0.017982684651028782,0.0009509319416149889,0.0,0.015523442953715888,1.613400880761725,1.619720399629122,0.057623155651420205,1036.5012122756766,0.43711813324166143,4.326662447662034,0.01586529552165972,98285.0,0.0,98023.0,0.0,0.0,0.9909570558799361,0.9000000000000004,0.891861328021253,0.6607929685149267,0.16097342828247418,0.007961913238278249,0.014997478480140044,-0.1973534013342818,0.2414018220125226,0.4560669456066946,1.6197203996052973,0.0,239
416,train,pact,3.0,0,0.3575846380647296,0.08548457928541153,0.1424742882121045,0.048497527588361476,0.0003803727766459956,0.01661354605747566,1.585191857864667,1.6233403745056696,0.5130133799113583,1268.0776277805471,0.48790688388766607,4.919132524953228,0.06669606239764822,98523.0,0.0,98261.0,0.0,0.0,0.9915027401437321,0.9000000000000004,0.892352449844073,0.7684815322918666,0.3626087126231904,0.02808001157276893,0.06453216087002946,-0.1975806370449675,0.25199560817828426,0.42677824267782427,1.6233403609923718,0.0,239
417,train,pact,3.0,0,0.137177762364597,0.04337508472196064,0.07229180088026593,0.031000380486125228,0.0,0.015993130101070244,1.5935774500399953,1.6160319218076922,0.42319569789714895,1438.6349331524582,0.4661009831969708,4.921833981031154,0.044599402387077026,98761.0,0.0,98499.0,0.0,0.0,0.9915194339333219,0.9000000000000004,0.8923674704639483,0.733582014000004,0.2587160359188042,0.017965072083972848,0.042603015611298915,-0.1965882196423726,0.2248434671651978,0.4686192468619247,1.6160319211297325,0.0,239
418,train,pact,3.0,0,0.24895395069227458,0.061626096608809015,0.10271015363306032,0.037086344725417296,0.0,0.016469136026598295,1.591006392215585,1.6129513682181864,0.4341447842171003,1151.9437743629871,0.5240671285837265,4.958914862517034,0.05517873127368049,98999.0,0.0,98737.0,0.0,0.0,0.991056372181641,0.9000000000000004,0.8919507127925442,0.7172444627663003,0.2976359638376025,0.021181804376343885,0.05347861385043071,-0.206027960157222,0.35383839283064783,0.28870292887029286,1.6129513720787896,0.0,239
419,train,pact,3.0,0,0.5000638237883528,0.1053694174335235,0.17561568601396102,0.027767212321069948,0.0,0.015764038760417674,1.5690448346497126,1.5825155105550917,0.5548811987603559,934.8636901089337,0.5704710065196249,2.485235795316337,0.05652534052540614,99237.0,0.0,98975.0,0.0,0.0,0.9898492541772053,0.9000000000000004,0.8908643086585041,0.6923466155870153,0.4680015855060762,0.005001469637500122,0.057542794706518116,-0.18697689983402202,0.17706756877058666,0.4811715481171548,1.582515516931202,0.0,239
420,eval,pact,3.0,0,0.5020705397838968,0.09722045160980168,0.16203408046530815,0.0,0.0,0.00762994954495001,0.6831972970623351,0.6677209933183184,0.6575935882005731,2682.7851383735942,0.18976221456049716,21.81535147722795,0.03757193198069057,99475.0,0.0,99213.0,0.0,0.0,0.9936675641327224,0.9000000000000004,0.8943007840272273,0.9152220749736469,0.6302194154321952,0.08688955754041672,0.03845468608109148,-0.08034293915353995,0.0007418617763138372,0.99581589958159,0.6677209952576547,0.0,239
421,eval,pact,3.0,0,0.0001001795120615216,2.7612549529598918e-05,4.6020916050103214e-05,0.0,0.0,0.010590503615751925,0.7408364856592282,0.7471439860854687,0.6670670940786226,17997.12822388206,-0.009203008376061916,141.84051513671875,0.0072944207432598,99713.0,0.0,99451.0,0.0,0.0,0.9957758998771092,0.9000000000000004,0.8961982881673709,2.0795754333986345,-1.54562861122209,0.0062816629646916,0.00616244402486114,-0.0896746234976124,0.0011869788421021395,0.99581589958159,0.7471439842131962,0.0,239
422,eval,pact,3.0,0,0.4900851427265331,0.08304677826600104,0.13841129189585974,0.0015214911065839823,0.0,0.009435059186110125,0.691578754196606,0.6589145051884352,0.46554414385532233,33382.536194103035,0.006571432493751767,65.54828056431215,0.04138170726106319,99951.0,0.0,99689.0,0.0,0.0,0.9843970003487176,0.9000000000000004,0.8859572790906021,0.8009637116971523,0.5231709981085293,0.01034494734847465,0.03940791867197994,-0.09269924261218501,0.028991958218344757,0.9330543933054394,0.6589145037649619,0.0,239
423,eval,pact,3.0,0,0.3756273159996906,0.09109141821257304,0.15181901936206693,0.0,0.0,0.00846018537559457,0.7518102585271811,0.7026973881731472,0.5679032391085286,57032.21953451883,-0.019737113396019506,83.48035695064019,0.027262955288320904,100189.0,0.0,99927.0,0.0,0.0,0.9879101746750676,0.9000000000000004,0.8891191412714236,0.7334074093602072,0.7666808984236841,0.013737867824436928,0.032340636305417475,-0.09196834313795414,0.181370367073207,0.6652719665271967,0.7026973879840072,0.0,239
424,eval,pact,3.0,0,0.47694583179846367,0.0891057728117497,0.14850961208075847,0.0,0.0,0.010150087424495479,0.7021606217867161,0.6994327776851016,0.8305062923471299,53358.11153242678,0.0993954953133561,140.43609599987334,0.03698573450881318,100427.0,0.0,100165.0,0.0,0.0,0.9917497550094477,0.9000000000000004,0.892574756215307,0.9452334627883358,0.634589660983026,0.0198027891262124,0.03510082004373605,-0.0993772613187913,0.0069438262262975165,0.9079497907949791,0.6994327749363279,0.0,239
425,eval,pact,3.0,0,0.23223904260317552,0.021452934813583912,0.03575488797994915,0.011030810148646143,0.0,0.009531020712902356,0.6698738521113057,0.689017954107109,0.3000113147322603,65732.99093717312,0.17898825977667854,73.40039149487866,0.02391401718362823,100665.0,0.0,100403.0,0.0,0.0,0.9885805984920039,0.9000000000000004,0.8897225163471749,0.7974851487750053,0.07938650284023097,0.007207092975506619,0.021911751506187675,-0.09129723963699403,0.011394996884180539,0.9790794979079498,0.6890179538919912,0.0,239
426,eval,pact,3.0,0,0.34251425579287914,0.09063072020691994,0.1510511913501314,0.012171928540932084,0.0003803727766459956,0.008793634284583844,0.6868676192840273,0.7046630210457486,0.6671229430072976,34654.952438546024,0.06443029420575026,138.42650740515737,0.03507391428458017,100903.0,0.0,100641.0,0.0,0.0,0.9889114263416833,0.9000000000000004,0.890020260750998,1.0127255092480485,0.693190071021444,0.016038024990060896,0.03127282871533513,-0.08504121630829105,0.010653135107866701,0.9874476987447699,0.7046630249175061,0.0,239
427,eval,pact,3.0,0,0.4671610229562556,0.1286669146052438,0.21444484695082747,0.0,0.0,0.008785059438846912,0.7960415846633113,0.755457893200998,0.7610029253999558,60380.94988885983,0.07514227939785213,109.4645778065446,0.033232824740518335,101141.0,0.0,100879.0,0.0,0.0,0.9916258362047842,0.9000000000000004,0.8924632242035168,0.899879986069232,0.7720865746893766,0.015483777832101893,0.036362843572407585,-0.11391096755588702,0.286239947772931,0.5355648535564853,0.7554578952802525,0.0,239
428,eval,pact,3.0,0,0.0017479297706943053,0.0004658320739733301,0.0007763867563968447,0.0,0.0,0.010625219479140876,0.7406003285651427,0.7345431192649459,0.7232246214375835,90334.66314722803,0.011361890472471714,259.2167053222656,0.006028096566159886,101379.0,0.0,101117.0,0.0,0.0,0.9956317182365322,0.9000000000000004,0.896068528606303,0.48400666800814424,0.011508998672207338,0.004969319093718448,0.005029481405559849,-0.0888355064359904,0.0020475385026261905,0.99581589958159,0.7345431167460988,0.0,239
429,eval,pact,3.0,0,0.0012663877662295617,0.00013443786303020058,0.00022406311290217837,0.0,0.0,0.009924062387433262,0.6975875513074787,0.6942562297547712,0.2494172705868337,102595.72195345188,0.011361890472471714,259.2167053222656,0.002709114705368284,101617.0,0.0,101355.0,0.0,0.0,0.9894625724110144,0.9000000000000004,0.8905162990841407,3.9488436872080777,-6.873434944192229,0.0015973999969417917,0.0021105132861624016,-0.08235407252193183,0.0,1.0,0.694256230006452,0.0,239
430,train,pact,3.0,0,0.12297281284996057,0.03252062226201663,0.0542010335533229,0.00950931916675807,0.0,0.015076908296574234,1.5615237412592358,1.5725724377891508,0.30957055784699555,3976.951514080479,0.3874430280202166,10.978679461459235,0.038106902309588186,101855.0,0.0,101593.0,0.0,0.0,0.9782065686820441,0.9000000000000004,0.8803858914135889,1.1990878896931305,0.15264932933793063,0.014808316594816892,0.03289769967690609,-0.18914019721019928,0.20632659722840438,0.46443514644351463,1.5725724364636997,0.0,239
431,train,pact,3.0,0,0.382569948058365,0.0829161585714695,0.13819358856544492,0.02700646676777796,0.0,0.015095622759998218,1.5379349195308765,1.5337312889897174,0.3481699340980671,841.1749221610224,0.4246450143877931,5.942794399032034,0.03831653618307348,102093.0,0.0,101831.0,0.0,0.0,0.9903498294463218,0.9000000000000004,0.8913148307401266,0.5237367954308423,0.5502527068409369,0.0025457775898461857,0.04258020141378248,-0.18372134832645298,0.20279533517315051,0.45188284518828453,1.5337312960495164,0.0,239
432,train,pact,3.0,0,0.3538667886901772,0.07409055761656046,0.12348425627293547,0.024724229858510166,0.0,0.01573638428415651,1.5640289524110291,1.5904126835667438,0.48247899707391173,862.8981609264677,0.5381550852786048,1.2598936684959603,0.06429909375617007,102331.0,0.0,102069.0,0.0,0.0,0.9904338368312086,0.9000000000000004,0.8913904411024628,0.5153371686430204,0.49866598309779553,0.05911512856193362,0.06405273924102407,-0.18618256653088439,0.14869877444434554,0.5230125523012552,1.5904126838706711,0.0,239
433,train,pact,3.0,0,0.16730015471176524,0.03946891956681866,0.06578152831910504,0.007987828309565907,0.0,0.015206116004204026,1.5774326783343837,1.59126028356193,0.6350275165865112,896.7437409596463,0.7448347562526559,5.455579868295701,0.03842088783931408,102569.0,0.0,102307.0,0.0,0.0,0.9910827747947502,0.9000000000000004,0.8919744825762186,1.2970810138181794,0.3818259884081724,0.021387620150510753,0.03456683414618029,-0.1934704099626631,0.23695065135463964,0.4225941422594142,1.5912602791034014,0.0,239
434,train,pact,3.0,0,0.426090166965406,0.09827822065024094,0.16379702238873314,0.05914796520975344,0.0,0.015533985677233676,1.5646221715037294,1.5751912172369378,0.5465735224500361,948.4372185743005,0.6386555114675266,3.4605948074592208,0.04437936086667445,102807.0,0.0,102545.0,0.0,0.0,0.99003124985236,0.9000000000000004,0.8910281024717387,0.5208926861276436,0.5605525419194674,0.0035301011828576317,0.049262413127682946,-0.18651269544693588,0.17047983619691978,0.502092050209205,1.5751912280000067,0.0,239
435,train,pact,3.0,0,0.472293708546508,0.09771637979046771,0.16286062271157567,0.04069988647764198,0.0,0.014745780220060418,1.5074409825033723,1.5444360131000374,0.5931867707723354,1103.2673140649517,0.6723084032036769,0.9930776759171586,0.06697056779567791,103045.0,0.0,102783.0,0.0,0.0,0.9907487690698152,0.9000000000000004,0.8916738736579608,0.6749431876731526,0.5616034680499898,0.09937878080881109,0.06768651000150015,-0.18873714321503945,0.25264844654144036,0.3598326359832636,1.5444360138767936,0.0,239
436,train,pact,3.0,0,0.008643440734246789,0.00215116169894987,0.003585269315244735,0.0,0.0,0.01542734558534298,1.5986961665013844,1.607126626010719,0.5183497474033962,892.4020648780727,0.6836803368444722,8.260837005272071,0.02950571840005502,103283.0,0.0,103021.0,0.0,0.0,0.990642565314241,0.9000000000000004,0.8915782957396248,6.832474387091353,-5.657049578251378,0.015724712054841945,0.026110306982765417,-0.19291718081869413,0.21899759636784472,0.497907949790795,1.6071266342317594,0.0,239
437,train,pact,3.0,0,0.5008256440260959,0.10969800207586486,0.18282999260399527,0.03803727672938024,0.0,0.015190674280397064,1.5510467767216671,1.56764814494544,0.6073219203799339,972.3942827679622,0.5958221971863982,3.4523268274682337,0.0688282074114487,103521.0,0.0,103259.0,0.0,0.0,0.9905715804219745,0.9000000000000004,0.8915143988122501,0.734941422724005,0.39975715077212304,0.037497334565748185,0.06917129755098077,-0.19206115636028323,0.2385530727914775,0.4560669456066946,1.5676481366148856,0.0,239
438,train,pact,3.0,0,0.4288286743681341,0.09763281407501065,0.16272134485246714,0.04735640988190304,0.0,0.014844879987318396,1.5036825856903109,1.5127794114116844,0.6297811704948856,1078.7387286708943,0.5031463086106288,4.024796317062617,0.06555968592387612,103759.0,0.0,103497.0,0.0,0.0,0.9904931688907256,0.9000000000000004,0.8914438261646606,0.8230217860020046,0.4422394973685939,0.03337637434097033,0.06436622267097983,-0.19114445590965615,0.30635923914656227,0.3305439330543933,1.5127794173627542,0.0,239
439,train,pact,3.0,0,0.4085878752840285,0.10489898225141321,0.17483162301922292,0.0587675924954554,0.0,0.015092542437859909,1.5652674581216468,1.5507079357881426,0.5893288070187908,912.5929710994704,0.4700024316874508,3.8330206746336803,0.049439982793617325,103997.0,0.0,103735.0,0.0,0.0,0.9903032176165402,0.9000000000000004,0.8912728763025675,0.5250129435872664,0.5664794965470652,0.010808492619663669,0.05503330984402245,-0.19224616595054037,0.2681088459598208,0.4769874476987448,1.550707939117955,0.0,239
440,train,pact,3.0,0,0.019673136295750737,0.004477320808557931,0.007462200989344432,0.0,0.0,0.015944771480329616,1.6069544653513441,1.6396924888239746,0.3726091914845311,987.5844307743855,0.7438681268417685,0.8599811842252021,0.04230893457602616,104235.0,0.0,103973.0,0.0,0.0,0.9908765190316045,0.9000000000000004,0.8917888425384106,0.27451625872559926,0.20713102671136407,0.041661693706201056,0.0376188009441538,-0.19180676283680653,0.14881747232855574,0.5774058577405857,1.6396924930367156,0.0,239
441,train,pact,3.0,0,0.5018170490880057,0.10987087233904988,0.18311810811857837,0.032521872029144895,0.0,0.014204853035073151,1.4425548559452201,1.4521410198391231,0.6266402061015492,924.6887406225484,0.597078281715824,2.5248305722759357,0.05829732316822811,104473.0,0.0,104211.0,0.0,0.0,0.9899260508964252,0.9000000000000004,0.8909334228627352,0.8300841877600675,0.4881467609321175,0.04398641716688871,0.05806972356961269,-0.18988811113816134,0.3590610997358972,0.2803347280334728,1.452141016291604,0.0,239
442,train,pact,3.0,0,0.015004504288443965,0.002890058897768898,0.00481676463305996,0.0,0.0,0.015642160898518737,1.5807100634195814,1.5807466444610052,0.5278653226886334,819.1585976828093,0.31642400532586806,5.249760959936485,0.013834828334065567,104711.0,0.0,104449.0,0.0,0.0,0.9895084555179006,0.9000000000000004,0.8905575866479754,2.3089183133962874,-0.7086445352885802,0.00953561519494926,0.012116670057374329,-0.19404951585006866,0.2511350485177602,0.4100418410041841,1.5807466458784427,0.0,239
443,train,pact,3.0,0,0.4023595106228796,0.08597914710403205,0.14329856967296675,0.03784709009166542,0.0,0.013665410571158805,1.4420503869216312,1.4362610184497913,0.5020783729383637,832.3499822257453,0.40638325865298636,2.992667103412261,0.03650836290503758,104949.0,0.0,104687.0,0.0,0.0,0.9902631580580229,0.9000000000000004,0.8912368232236247,0.551702866453345,0.5821372644605196,0.0015556190337520093,0.0412115476327504,-0.19504947664841632,0.40811300038576825,0.301255230125523,1.4362610185691407,0.0,239
444,train,pact,3.0,0,0.00036113544281525344,9.143302348580223e-05,0.0001523883689499838,0.0,0.0,0.01591271541186581,1.5767013283454225,1.579375452576322,0.43062570005281203,857.9795843786775,0.6398459672927856,1.0477780103683472,0.03486202863652929,105187.0,0.0,104925.0,0.0,0.0,0.9905024275620113,0.9000000000000004,0.8914521613380401,1.7450581452351888,-1.0192626339090238,0.032074485590432265,0.03076820322955378,-0.19239178963034062,0.23555595121516956,0.4560669456066946,1.5793754612030833,0.0,239
445,train,pact,3.0,0,0.4738973789959445,0.10656469041999089,0.17760780608315832,0.04507417291028729,0.0,0.0140917071951826,1.450443227420791,1.447005150707197,0.5283623752983045,920.0908923288769,0.5995080903733625,1.0417958425677472,0.0432927105831524,105425.0,0.0,105163.0,0.0,0.0,0.9904812756442625,0.9000000000000004,0.8914331342385903,0.6454920013832562,0.5988102932103334,0.002309805505210534,0.046307947468616564,-0.1849448741603651,0.33009881598860497,0.30962343096234307,1.447005156108148,0.0,239
446,train,pact,3.0,0,0.49865054549941856,0.11067003292658963,0.18445004165977133,0.03233168551612599,0.0,0.015373731895143392,1.5085077861861704,1.5319859293215445,0.7772862594496754,1086.146329616403,0.6555173508043568,3.8774065938953575,0.05823643023155973,105663.0,0.0,105401.0,0.0,0.0,0.9900341904312996,0.9000000000000004,0.8910307517610334,0.9484320916910501,0.5110407274009611,0.0367032882447044,0.05722361105537065,-0.18639576984656778,0.23054096560728804,0.4100418410041841,1.531985932642219,0.0,239
447,train,pact,3.0,0,0.14082453795319042,0.03495309068560471,0.05825514795369942,0.011411182800596229,0.0,0.015622649637974455,1.5625042905368565,1.5664040029797095,0.5853174959765318,1100.5127277454073,0.5510072558494792,7.354489168612029,0.0318437305539184,105901.0,0.0,105639.0,0.0,0.0,0.9907483575733137,0.9000000000000004,0.8916735033111094,0.3922264409411753,0.39291945252892035,0.015410550513627882,0.03203711783558239,-0.1835717832277504,0.15427757500222555,0.5146443514644351,1.56640400324303,0.0,239
448,train,pact,3.0,0,0.4595582126649525,0.09929139328840195,0.1654856479729776,0.03233168551612599,0.0,0.015153930693958345,1.547899485133183,1.554361844162562,0.524764188039253,934.0839077618332,0.4802800196858131,1.3194306490311563,0.05486152860799719,106139.0,0.0,105877.0,0.0,0.0,0.9905645602916574,0.9000000000000004,0.8915080867053076,0.6301087820660944,0.5956251145420177,0.05423488500046319,0.05733327762414721,-0.18360888162796984,0.16727499332324403,0.497907949790795,1.5543618455610888,0.0,239
449,train,pact,3.0,0,3.583932445953487e-06,1.8448683103959554e-06,3.0747805376221506e-06,0.0,0.0,0.015331345666823402,1.5752518556108035,1.5867144378159335,0.420152539114573,1036.7703625028603,0.8115489482879639,0.9693187475204468,0.03203521559996897,106377.0,0.0,106115.0,0.0,0.0,0.9913512303739412,0.9000000000000004,0.8922160888815525,1298.0485204736074,-1667.7258983273748,0.025826700789684957,0.028003461922472148,-0.18807114186725918,0.18573251431793225,0.5146443514644351,1.586714420899521,0.0,239
450,eval,pact,3.0,0,0.2322390740961382,0.033140629978718236,0.05523438114722461,0.0,0.0,0.007040652286682169,0.6316126909216079,0.5958036208003136,0.3804669223071142,2246.43562042364,0.5039112251329871,3.1614358395213364,0.012837997288686695,106615.0,0.0,106353.0,0.0,0.0,0.992592891140463,0.9000000000000004,0.8933335854418607,0.6430570311209906,0.6293506595393846,0.0009614550621218739,0.01470159963513705,-0.06656805330149385,0.0,1.0,0.5958036201064478,0.0,239
451,eval,pact,3.0,0,0.4392558533156307,0.07472198078681366,0.12453662924281352,0.0,0.0,0.0077085389417623435,0.6734537761580495,0.6722579008615167,0.8328106697633176,17268.63212093848,0.10172609800948258,102.62988128422693,0.024916274525677184,106853.0,0.0,106591.0,0.0,0.0,0.9902726356953258,0.9000000000000004,0.8912453496805295,1.002814433704582,0.7133881106776986,0.011209055628460734,0.02475817274072336,-0.08676055909388211,0.0,1.0,0.6722578977836546,0.0,239
452,eval,pact,3.0,0,0.19920827428452043,0.03185330021540219,0.05308883049073298,0.004944846096397943,0.0,0.008617530021598273,0.6855371968516745,0.6715714977625523,0.4126002575313696,81694.97589239017,0.14370983572497528,130.9171508884829,0.03103340848419176,107091.0,0.0,106829.0,0.0,0.0,0.9917464059267084,0.9000000000000004,0.8925717438115236,0.6771984326770977,0.24798695088813638,0.011513099469470255,0.029481972931108776,-0.09568053460833577,0.019347755126264875,0.9497907949790795,0.6715714983334327,0.0,239
453,eval,pact,3.0,0,0.3308880299083897,0.03507251886358786,0.05845419493221111,0.011220996848708914,0.0,0.008771701705170538,0.640134683463364,0.6744486998813422,0.10177630781796157,45900.677795665535,0.11098227847072104,73.97680003273936,0.036353822933923,107329.0,0.0,107067.0,0.0,0.0,0.9881049690136849,0.9000000000000004,0.8892944536199131,0.9271434649394382,0.11750763649952756,0.011601221496239305,0.03302133761572352,-0.09817154430831135,0.04786492180776878,0.7866108786610879,0.6744487033017832,0.0,239
454,eval,pact,3.0,0,0.019673128869098604,0.002301698689601432,0.003836164330518327,0.0,0.0,0.008735874756414708,0.643811721432658,0.6438771910248441,-0.1692257748456929,141328.70949921547,0.08897881449889937,73.74772039118172,0.0039571003952340285,107567.0,0.0,107305.0,0.0,0.0,0.990852622307494,0.9000000000000004,0.8917673408486354,0.8237234379984383,0.24561585263037677,0.0024462865301383995,0.003465712006655853,-0.08238994191004996,0.0,1.0,0.6438771913825003,0.0,239
455,eval,pact,3.0,0,0.49267310757053845,0.12166668604163819,0.20277780064141507,0.0,0.0,0.006537630133112604,0.7281260196135134,0.6805835280208907,0.6506411901375115,62857.969158603555,0.10443789930624506,108.66189905988621,0.037793944139719385,107805.0,0.0,107543.0,0.0,0.0,0.9812531989987425,0.9000000000000004,0.8831278504686875,0.89039752333509,0.7119571394196433,0.01710217778899652,0.03943762856157629,-0.08980280586755361,0.06074364224457699,0.7907949790794979,0.6805835294045601,0.0,239
456,eval,pact,3.0,0,0.0010625928217568533,0.0002674864952031876,0.0004458107842350667,0.0,0.0,0.008933454763658625,0.6681861353718586,0.6762020086643586,0.5983979534903331,75939.94785401413,0.09297644346952438,333.0509033203125,0.0086145187342329,108043.0,0.0,107781.0,0.0,0.0,0.994980172133346,0.9000000000000004,0.8954821341207336,0.539148955274774,-0.3129670308984198,0.0071707057365688245,0.007030838480897279,-0.08219422758745104,0.0030861449894655627,0.9916317991631799,0.6762020092053895,0.0,239
457,eval,pact,3.0,0,0.023700630373153914,0.005163590584046969,0.00860598390885053,0.0,0.0,0.008573101632780236,0.6512422900818382,0.6410499733861021,0.41628719111865536,170402.37369246862,0.06355465649311512,306.3996112775603,0.0034289416943766395,108281.0,0.0,108019.0,0.0,0.0,0.992612695594213,0.9000000000000004,0.8933513951351453,0.6575847703875005,0.6537904899556185,0.001679028839134844,0.003299306923714486,-0.07627919280844456,0.0,1.0,0.6410499773811765,0.0,239
458,eval,pact,3.0,0,0.15576161381352116,0.0215224046618741,0.03587067205948165,0.0,0.0,0.007853290481126584,0.607361020528123,0.593906647615353,-0.5321437877069021,328514.00810669456,-0.15000946316614777,43.32921886045065,0.012331378049992616,108519.0,0.0,108257.0,0.0,0.0,0.9863800938907528,0.9000000000000004,0.8877420624305015,0.8344030284846252,0.5700602547921314,0.0034092830630813864,0.0106971710394273,-0.06922736351495211,0.0,1.0,0.5939066457524637,0.0,239
459,eval,pact,3.0,0,0.5020526421234931,0.13698794522474506,0.22831322937274925,0.0,0.0,0.008239176184733916,0.8354797590227805,0.803415611448647,0.5881440496940661,85007.91517390167,0.0030092052872521388,57.611873834202974,0.04655390634166396,108757.0,0.0,108495.0,0.0,0.0,0.9902558985115594,0.9000000000000004,0.8912302884097877,0.931648155734548,0.6747998037909115,0.07556201107800006,0.04807012238652761,-0.11203153174543957,0.27309415709664975,0.5230125523012552,0.8034156041720832,0.0,239
460,train,pact,3.0,0,0.08452669602320004,0.019398369051608726,0.03233061327467657,0.0024724230481989714,0.0,0.01564399288990632,1.5599659416964862,1.5650081065908137,0.4401303080834105,3141.720953139301,0.032247756066182666,156.71454746753102,0.03336668543607215,108995.0,0.0,108733.0,0.0,0.0,0.9857791931559351,0.9000000000000004,0.8872012533403341,0.3317549579061049,0.3046346433361452,0.02474930898070608,0.03105903477174187,-0.1852354316939554,0.1602124692127363,0.5230125523012552,1.5650081066642838,0.0,239
461,train,pact,3.0,0,0.3575846380647296,0.0853762824069034,0.14229379387509208,0.030620008021219006,0.0,0.014788663770738507,1.4743076637699015,1.4877885944174922,0.6321740931048054,1121.8922185538702,0.6330695753316999,4.426895140853387,0.056080512406312275,109233.0,0.0,108971.0,0.0,0.0,0.9909552657454582,0.9000000000000004,0.8918597144561832,0.9144978374198387,0.489400567412307,0.02861997324933288,0.05359212269764939,-0.1936778043736083,0.37354224160954336,0.24267782426778242,1.4877885916815232,0.0,239
462,train,pact,3.0,0,0.15957777750304272,0.04152621181681326,0.06921034835441676,0.010079878518770928,0.0,0.015575538399126615,1.588364533300679,1.5809906304630774,0.4840755270614784,1053.3064529227413,0.6026746552110217,5.397212694130183,0.029509097416144815,109471.0,0.0,109209.0,0.0,0.0,0.9907282329004679,0.9000000000000004,0.8916553932253786,0.36482715965586654,0.3843867465272609,0.005925702585340281,0.030704138259828154,-0.18987654456821965,0.20249859046262503,0.5104602510460251,1.5809906299163416,0.0,239
463,train,pact,3.0,0,0.11274785525415133,0.026047283978331504,0.043412137794300816,0.0001901863883229978,0.0,0.014970927043315258,1.5219331515882804,1.5331148604967604,0.5295784671685686,1141.6068421687041,0.6597355501921107,5.174112833693436,0.030252077223666823,109709.0,0.0,109447.0,0.0,0.0,0.9916173628683369,0.9000000000000004,0.8924556077773601,1.2813267790508145,0.3340746200743887,0.01779864871078321,0.027057246233445735,-0.1921027932427568,0.28490459657556605,0.3891213389121339,1.533114865850448,0.0,239
464,train,pact,3.0,0,0.1751345835546242,0.03253679930804313,0.054227995675463714,0.004564473319751947,0.0,0.01437619278815314,1.538562383362439,1.533642013452043,0.3180613704181615,1072.4703900325248,0.5353030499741124,4.73226228518466,0.02202295473626733,109947.0,0.0,109685.0,0.0,0.0,0.9894594811994162,0.9000000000000004,0.8905135036512399,0.3870533423308265,0.36699970441288376,0.002210359681803443,0.0229861378758268,-0.18581138306527048,0.22252885842309858,0.41841004184100417,1.5336420142153484,0.0,239
465,train,pact,3.0,0,0.4634686815016611,0.09636770874456328,0.16061283902833934,0.03651578605923194,0.0,0.015182724612215573,1.521696019372182,1.5243843280121872,0.5099892967914438,894.2390259299817,0.5404910459553347,1.175801930068427,0.05406882093291901,110185.0,0.0,109923.0,0.0,0.0,0.9901858219042982,0.9000000000000004,0.8911672177175098,0.6389960222303923,0.5643962501670742,0.046096849687663574,0.05575872868860616,-0.17897644508171684,0.1469776551232974,0.502092050209205,1.5243843307449947,0.0,239
466,train,pact,3.0,0,0.4367288415779668,0.0964728417578322,0.16078806179224,0.02586534868723179,0.0,0.014802103295189691,1.5192502435281188,1.5203698978264462,0.7764076049357778,941.1717909808937,0.7512068209787792,3.395957793775463,0.04673546520704754,110423.0,0.0,110161.0,0.0,0.0,0.9898898357128,0.9000000000000004,0.8909008320904177,0.9971969033430375,0.634587986157651,0.03603678276104962,0.045604033664523556,-0.19357025579077877,0.34520312175435475,0.28451882845188287,1.5203699140980802,0.0,239
467,train,pact,3.0,0,0.015004504288443965,0.0030123320569728244,0.005020553348064774,0.0,0.0,0.014854544401558497,1.5567035266046245,1.5574842601640453,0.57927853168304,847.3275815572699,0.2691626311844862,4.019990456154157,0.008514889714061613,110661.0,0.0,110399.0,0.0,0.0,0.9898664871519081,0.9000000000000004,0.8908798143454676,1.5196118044753784,-0.30313189268055085,0.004920957946679532,0.00765993491265237,-0.1876717085250649,0.1999465859521054,0.4895397489539749,1.557484269384026,0.0,239
468,train,pact,3.0,0,0.015004504288443965,0.004431639118338049,0.007386065003762672,0.0,0.0,0.015594429687195493,1.5985816400420216,1.6004811792194096,0.08586537059412093,1080.969709452226,0.11543969694665286,2.912508869270899,0.007706387884837914,110899.0,0.0,110637.0,0.0,0.0,0.990717612051066,0.9000000000000004,0.891645828300939,0.5956269208549144,0.07036896507573698,0.0038602995257280607,0.007260506413000242,-0.19545570066733572,0.24680257574408734,0.4435146443514644,1.6004811871686395,0.0,239
469,train,pact,3.0,0,0.2656803508259933,0.06586857997384389,0.1097809585919102,0.030810194160150184,0.0,0.015443296742598258,1.5751828324345865,1.5794078989507763,-0.7230626734667244,939.2182675924262,0.2607578693257808,2.2072670828847207,0.034880204443717165,111137.0,0.0,110875.0,0.0,0.0,0.9898431126542669,0.9000000000000004,0.8908587749034291,0.44348318731608766,0.4790993922537299,0.001054927988489312,0.03807851607732373,-0.1953413574015269,0.2656755393335114,0.4351464435146444,1.5794079099050429,0.0,239
470,train,pact,3.0,0,0.40549756067851994,0.09562093906224542,0.15936822378791485,0.035374667604598044,0.0,0.015192108493781489,1.5627113356251099,1.5960127020480743,0.744903587895956,1082.2176493241698,0.5993674717937054,7.611559293135439,0.05398912883702681,111375.0,0.0,111113.0,0.0,0.0,0.991765025021142,0.9000000000000004,0.8925885039393373,0.9975077306931486,0.5627646293067726,0.03297084403707634,0.05233814134009214,-0.19169206085491777,0.22282560313362412,0.4560669456066946,1.5960127063202116,0.0,239
471,train,pact,3.0,0,0.3791192204459613,0.09741887106937606,0.16236477340871755,0.05914796564618913,0.0,0.015569147016759571,1.5964243466884023,1.5913087059763187,0.5839044087601506,1183.1455170060801,0.4786050950009454,7.853012469523122,0.04672181439511946,111613.0,0.0,111351.0,0.0,0.0,0.9900064268870333,0.9000000000000004,0.8910057644464979,0.5056342269958816,0.5496962514758204,0.0069988041382882445,0.051942844022743434,-0.19255242107144954,0.2214605774652067,0.4769874476987448,1.591308703917942,0.0,239
472,train,pact,3.0,0,0.4955261374568512,0.11996399431612124,0.19993997581431164,0.04031951363864803,0.0,0.014688139574828257,1.455690917110842,1.4881478725118118,0.5378214735615703,1446.1845881889055,0.6196191179951863,1.5875871500709566,0.07633988435329503,111851.0,0.0,111589.0,0.0,0.0,0.9918050576453429,0.9000000000000004,0.8926245410572036,0.78444941554046,0.5473365161593011,0.14188820403069258,0.0729412349626796,-0.18970950957645522,0.3235110834149381,0.30962343096234307,1.4881478736297706,0.0,239
473,train,pact,3.0,0,0.14822527385418105,0.03729930254025531,0.062165499695408195,0.00950931929145398,0.0,0.015566782363413767,1.5329604355859956,1.545409371663337,0.5522781397258886,1180.3662801447274,0.48699318040863737,4.436056538107006,0.04586979858168093,112089.0,0.0,111827.0,0.0,0.0,0.9908852604642573,0.9000000000000004,0.8917967091045619,0.44546289011851475,0.4178870957686258,0.035524676085032264,0.04476242387184102,-0.1900653219196778,0.23884981750200301,0.4811715481171548,1.5454093774296835,0.0,239
474,train,pact,3.0,0,0.012006890569388804,0.0037970332845643157,0.006328388526671002,0.0,0.0,0.015571038702417118,1.5796937563429319,1.5871895207520808,0.3262418949953183,993.3691865929001,0.47833802660140035,1.2737744961822381,0.027009987614748834,112327.0,0.0,112065.0,0.0,0.0,0.9911862763899639,0.9000000000000004,0.8920676279267507,0.2633098298767139,0.19461626341596328,0.025318068084491434,0.024515312197657155,-0.18632749070540444,0.15662185821537727,0.5481171548117155,1.587189516494711,0.0,239
475,train,pact,3.0,0,0.11274788101110218,0.025784110956261565,0.042973516163207125,0.0013313047182609845,0.0,0.01514140517883408,1.5313271720539077,1.5367987098554188,0.17829537478170385,848.340155565589,0.33053047001112457,1.5808583946906374,0.02000658439092872,112565.0,0.0,112303.0,0.0,0.0,0.9895544807781236,0.9000000000000004,0.8905990051425152,0.37575483151286876,0.3753010517605899,0.005377153066482635,0.02053932757063274,-0.18367247631609804,0.18807679753108397,0.46443514644351463,1.5367987154958593,0.0,239
476,train,pact,3.0,0,0.3575846668143823,0.07312988551087808,0.12188313757695324,0.02510460263515616,0.0,0.014607350889468667,1.4875014234786252,1.5011131122521277,0.46834956215515294,757.4224886714663,0.3617760576151904,1.5427131578014486,0.047697422416124756,112803.0,0.0,112541.0,0.0,0.0,0.9897995997672301,0.9000000000000004,0.8908196153999871,0.5431682507048172,0.5424207988417762,0.03263721217010771,0.050012703472553564,-0.1872367616515486,0.27929612154663347,0.3472803347280335,1.501113106027271,0.0,239
477,train,pact,3.0,0,0.21150077816593815,0.04813054648338073,0.08021757297400384,0.015595283717789909,0.0,0.01556285617436637,1.5651147754621306,1.5927081956025446,0.3736098194222071,963.1489886040468,0.5360228115045874,1.0982498828337282,0.057670299913617294,113041.0,0.0,112779.0,0.0,0.0,0.9906403265238806,0.9000000000000004,0.8915762714262288,0.4272705892988292,0.4282528811973453,0.04904256909255429,0.05603056683041405,-0.19013321701434818,0.1889670316626606,0.4560669456066946,1.5927081932061102,0.0,239
478,train,pact,3.0,0,0.3575846380647296,0.0892904896373773,0.1488174742503456,0.04317230933879709,0.0,0.016396257422365654,1.6033648147742618,1.6333348776007297,0.6803808628764612,974.9751931673313,0.6253604998648417,6.009873265501844,0.05621994379128497,113279.0,0.0,113017.0,0.0,0.0,0.9919601379578084,0.9000000000000004,0.8927641094479102,0.9785654063101401,0.5259223034824488,0.03194434791102364,0.05375522920651416,-0.19835060165204582,0.21997685391257898,0.49372384937238495,1.6333348718103347,0.0,239
479,train,pact,3.0,0,0.4918546168378746,0.09606222961877671,0.16010370529409435,0.028718144325032894,0.0,0.015211219162871149,1.523595466025205,1.5466751059727688,0.6398897273271154,957.19430835676,0.5551507205519217,3.4810590965977273,0.06293068309100228,113517.0,0.0,113255.0,0.0,0.0,0.9901323695063092,0.9000000000000004,0.8911191015562752,0.7601844847550484,0.41212309154351934,0.0394522329260196,0.06263655779306547,-0.18492756768757024,0.1956437876494851,0.4686192468619247,1.5466751086762947,0.0,239
480,eval,pact,3.0,0,0.23223904260317552,0.0324560170855605,0.05409335720414446,0.02301255242595114,0.0,0.008570370824508775,0.6259928869403057,0.6998324501464557,0.45835965198453,3588.1464266597477,0.21768552813071088,16.207331609027655,0.033299380947473346,113755.0,0.0,113493.0,0.0,0.0,0.9960599237406104,0.9000000000000004,0.8964539063026715,0.7950752678234668,0.1498568447966283,0.009885248391994185,0.0313714934487644,-0.08873062169958448,0.029822843407816255,0.9456066945606695,0.6998324520943825,0.0,239
481,eval,pact,3.0,0,0.06036288374898542,0.004567841136955683,0.0076130682157869375,0.0,0.0,0.008403348999495412,0.6829646041453135,0.6771964417092471,0.3102750362960863,32298.301594371078,0.1662948610627377,23.201792445641683,0.004189469168161404,113993.0,0.0,113731.0,0.0,0.0,0.9883319725551366,0.9000000000000004,0.8894987418063016,0.8285229645455795,0.5085492209433493,0.002354357022835168,0.0038262278194223613,-0.07667474593689759,0.0011276298999970326,0.99581589958159,0.6771964401985652,0.0,239
482,eval,pact,3.0,0,0.4085878510234286,0.07618755870079359,0.12697925840318733,0.0,0.0,0.007613805711082335,0.7152618375532797,0.7067272680573883,0.6658106598706923,41754.322208420504,-0.10160419339251756,105.58651968624801,0.027443013144228375,114231.0,0.0,113969.0,0.0,0.0,0.9886190591995686,0.9000000000000004,0.8897571275673152,0.9708847613275045,0.6944673170667255,0.011369037979210798,0.0266418821435562,-0.08711513976323633,0.007359268821033264,0.9832635983263598,0.7067272698508623,0.0,239
483,eval,pact,3.0,0,0.4934485925616751,0.06640696739464051,0.11067827202155762,0.0001901863883229978,0.0,0.006662845700223264,0.5974480923748415,0.5639390395525609,0.5655030850087249,53206.468766344144,0.0033816637039753494,80.74207107990856,0.03019482860142934,114469.0,0.0,114207.0,0.0,0.0,0.985513899615619,0.9000000000000004,0.8869624802507616,0.7447844770288307,0.5683212064888121,0.0065230131219846735,0.028977779398777496,-0.07367211542508391,0.008160479539452209,0.9790794979079498,0.563939041459857,0.0,239
484,eval,pact,3.0,0,0.44414846890925763,0.055892447375976886,0.09315407527280654,0.0,0.0,0.007740908159161275,0.6935661895255164,0.6957842413351626,0.7027777221412339,47784.77316782165,0.11266742718394332,76.56073818047176,0.02581551822416765,114707.0,0.0,114445.0,0.0,0.0,0.9870887554589675,0.9000000000000004,0.8883798609967012,0.9581076359483925,0.6075447506534013,0.012814812677410933,0.024117307963481008,-0.08465596263673139,0.0,1.0,0.6957842365731179,0.0,239
485,eval,pact,3.0,0,0.4948741555965635,0.11045854267628963,0.1840975608684671,0.0038037277664599556,0.0,0.0071374912693644545,0.7388276561284165,0.7268377395354554,0.6794331305695378,44366.96518697699,-0.0164527793280453,98.32505201794612,0.03926895917334816,114945.0,0.0,114683.0,0.0,0.0,0.9843223109903695,0.9000000000000004,0.8858900592666291,0.9748140781582054,0.6666249804929293,0.016634689839256388,0.03699126554201026,-0.09167305683340665,0.015786818599958456,0.9205020920502092,0.7268377443409537,0.0,239
486,eval,pact,3.0,0,0.24477059851891544,0.034634056231324505,0.05772342432764806,0.0,0.0,0.00694578639173171,0.6613671617527886,0.6317813307919762,0.5563065612914672,35839.80687761506,0.05243390875511216,186.9626812954827,0.018355967550028007,115183.0,0.0,114921.0,0.0,0.0,0.9862411673098928,0.9000000000000004,0.8876170352662458,0.6631413057313293,0.6397534244212567,0.008953307620596047,0.019183744717326996,-0.06884907210417553,0.0014243746105225673,0.99581589958159,0.6317813312343308,0.0,239
487,eval,pact,3.0,0,0.4392558730871779,0.051005388293271614,0.08500897515739658,0.0,0.0,0.007053684438364463,0.6726748071704449,0.6371946674011741,0.4890989004692772,33154.52249771182,0.026267876695509354,24.53134136519173,0.02746019293125485,115421.0,0.0,115159.0,0.0,0.0,0.9844655407023729,0.9000000000000004,0.8860189617927104,0.6689717502197339,0.5462743308650206,0.01041710424348156,0.026994363365842957,-0.07843874382552786,0.009139737084186474,0.9707112970711297,0.6371946667049857,0.0,239
488,eval,pact,3.0,0,0.4689258159280493,0.09991157022498758,0.1665192758189877,0.0019018638208820231,0.0,0.008248026781836252,0.730487025183115,0.6333528253323862,0.5894888320228545,66686.26274025888,0.07630583402990786,45.20131533315491,0.040287540682930514,115659.0,0.0,115397.0,0.0,0.0,0.9914516120774975,0.9000000000000004,0.8923064323149964,0.6657827709922878,0.6534941102619723,0.02167836761646816,0.042380300545324594,-0.08779980021425247,0.04053532745778807,0.8577405857740585,0.6333528279133122,0.0,239
489,eval,pact,3.0,0,0.3791192204459613,0.05617894207454171,0.09363156420307304,0.0,0.0,0.008969127032983751,0.6490671975093906,0.6992365411135941,0.30805479797483987,51937.8061012683,0.07193315135123633,62.116730614187325,0.04656322519431304,115897.0,0.0,115635.0,0.0,0.0,0.9850377013992565,0.9000000000000004,0.8865339057714869,0.8392031313197632,0.5219474206757689,0.04543694547623738,0.04254404553231709,-0.08445005684424507,0.0055788005578800565,0.9707112970711297,0.6992365395606989,0.0,239
490,train,pact,3.0,0,0.15576158431569304,0.033653751357359166,0.05608958134473453,0.0060859643639879744,0.0003803727766459956,0.015674271357779598,1.5828285571421539,1.6032043999707848,0.43478945471252856,2061.6851336746536,0.4661052940904346,9.928247225334454,0.03453672372991274,116135.0,0.0,115873.0,0.0,0.0,0.9849167663183173,0.9000000000000004,0.8864250659443843,1.2140749333677014,0.27671856904553294,0.015234779637352518,0.030211948878307162,-0.1944722930983326,0.2394729813941066,0.4309623430962343,1.6032043971467995,0.0,239
491,train,pact,3.0,0,0.4532820462560594,0.1055889313455238,0.17598153872726066,0.05914796514740549,0.0,0.015448583878389712,1.5626075392487657,1.6000673524006641,0.6066126984906496,1038.3022844003335,0.570749105082895,4.152355033234073,0.07158447323351412,116373.0,0.0,116111.0,0.0,0.0,0.9905245805385222,0.9000000000000004,0.891472107945127,0.7246370833297384,0.4134531122860834,0.033804668121223076,0.07161680428178739,-0.1915035747260874,0.19356657467580637,0.4686192468619247,1.6000673599779944,0.0,239
492,train,pact,3.0,0,0.00046352766528258015,0.00014613240768024348,0.00024355401304902637,0.0,0.0,0.016176152514550974,1.602425956825831,1.6043503563773183,0.4437384233813904,1246.3293173562533,0.5767042636871338,8.620440483093262,0.0060007824812977765,116611.0,0.0,116349.0,0.0,0.0,0.991159145552743,0.9000000000000004,0.8920432019932001,0.3924766002829701,-0.24112140967079676,0.005479879316638967,0.0053818669774989445,-0.18682048418820574,0.14113178432594436,0.49372384937238495,1.6043503548869809,0.0,239
493,train,pact,3.0,0,0.4554288766948919,0.10665897359853505,0.17776494249233585,0.04849752802479716,0.0,0.015427295459535705,1.545725896268709,1.5515490408721828,0.4540168660455169,1103.7678730856924,0.4870968106588559,3.934820362214763,0.04660190307718744,116849.0,0.0,116587.0,0.0,0.0,0.9905434033860722,0.9000000000000004,0.8914890421484305,0.5576775140729722,0.5669583819496351,0.001483119487966178,0.05118005661668987,-0.18385612854768768,0.1771862666547969,0.49372384937238495,1.5515490400247693,0.0,239
494,train,pact,3.0,0,0.3825699220520223,0.09436290833851124,0.15727150337433268,0.03366299042143084,0.0,0.016644320357201238,1.5883647769564864,1.6301971746289081,0.7309622071278146,1259.9970572882617,0.6833044246899034,4.839287000345885,0.05613042977658026,117087.0,0.0,116825.0,0.0,0.0,0.9917865465375669,0.9000000000000004,0.8926078694634857,1.063575890159804,0.5380091345535383,0.031190520439426914,0.05198961249299379,-0.20364327151234188,0.3172794444939019,0.39330543933054396,1.6301971831447573,0.0,239
495,train,pact,3.0,0,0.47694583179846367,0.11243089605216265,0.18738481317183212,0.05971852474881017,0.0,0.01588688694938207,1.5660505928255026,1.5974702281433169,0.6345302714463558,1231.2918550499314,0.5659324155192994,3.9185304980896505,0.07469055687845003,117325.0,0.0,117063.0,0.0,0.0,0.9911890196999745,0.9000000000000004,0.8920700941624502,0.7080538990593584,0.4142753791546172,0.03934302490476208,0.07493381210988598,-0.19221191493026904,0.21867117718626664,0.47280334728033474,1.597470224740294,0.0,239
496,train,pact,3.0,0,0.02819465429997744,0.007233706416159617,0.012056176905503455,0.0,0.0,0.0158833013866954,1.5999554886977543,1.602011602543388,0.45768111108736015,1257.5228238285335,0.4053471761143856,3.514448435735503,0.012935115781147033,117563.0,0.0,117301.0,0.0,0.0,0.9908832885231433,0.9000000000000004,0.8917949414153478,0.8884698525488876,0.05930526785894519,0.006942941529107177,0.011990529483707357,-0.19587380488033707,0.2640434434256209,0.45188284518828453,1.6020116071527832,0.0,239
497,train,pact,3.0,0,0.5010294404741651,0.10978492737727515,0.18297486889494996,0.041080259004896154,0.0,0.014677087178212206,1.5360620166467323,1.5487947745802013,0.6272348013383076,910.7027738563187,0.5638257357989395,2.5086507747362847,0.06394836799900153,117801.0,0.0,117539.0,0.0,0.0,0.9904905353131155,0.9000000000000004,0.8914414594362969,0.7390546650392167,0.44806370296898745,0.044814940774813294,0.06494332099465895,-0.1860596764692473,0.19564378764948517,0.48535564853556484,1.5487947784374403,0.0,239
498,train,pact,3.0,0,0.09973252267304225,0.02750493009870712,0.045841548135339125,0.0034233549274660055,0.0,0.01593294666074684,1.5658330550752424,1.576422473127373,0.5477612351523283,1037.7593651935147,0.4668712973220578,5.092606647742842,0.029813397771710038,118039.0,0.0,117777.0,0.0,0.0,0.9911699389812837,0.9000000000000004,0.8920529235357021,1.0839950223595836,0.31085544885902183,0.014574222945397333,0.027213414782701083,-0.1912102464934002,0.22778123979940054,0.4476987447698745,1.5764224756631402,0.0,239
499,train,pact,3.0,0,0.08746965989669216,0.02058534584974185,0.03430890869737698,0.0009509319416149889,0.0,0.015649679555288794,1.5752788944224434,1.5787089182741971,0.32074314184393343,1008.77683708159,0.44482706954788465,4.93563061129598,0.016763571949839344,118277.0,0.0,118015.0,0.0,0.0,0.9907146325670027,0.9000000000000004,0.8916431480870586,0.2712289529922772,0.2601448879726327,0.00201337189926763,0.017122172542421973,-0.18580808927477058,0.16460429092851417,0.4560669456066946,1.578708927142682,0.0,239
500,train,pact,3.0,0,0.033166217367872536,0.008137072370205927,0.013561786686824772,0.0,0.0,0.016176639539754664,1.6031844316666097,1.6114397413062251,0.26995372748836316,1165.402977596267,0.45426357154068087,5.80344938334062,0.017040806527300174,118515.0,0.0,118253.0,0.0,0.0,0.9915312054765774,0.9000000000000004,0.8923780646284255,1.518922137167076,-0.00644482034487126,0.010168702998799422,0.015284224577729344,-0.19725705279339303,0.2511647229888127,0.42677824267782427,1.6114397421992825,0.0,239
501,train,pact,3.0,0,0.5010294421648054,0.1140349011817672,0.1900581558523349,0.04108025931663593,0.0,0.01594905593436383,1.5753114088808642,1.5873177141325245,0.5180378689198798,873.5690803049,0.5836050894469895,2.400712065367519,0.05745591775810825,118753.0,0.0,118491.0,0.0,0.0,0.9901766470286637,0.9000000000000004,0.891158960354378,0.718265314974276,0.4973228072860457,0.001779148495188565,0.05873548490687948,-0.18978998695239166,0.1980177453336894,0.48535564853556484,1.5873177233999642,0.0,239
502,train,pact,3.0,0,0.011099790736339269,0.0033187313665088572,0.005531218626331423,0.0,0.0,0.016340046281298957,1.5763714612777262,1.595848655351535,0.48049663025963757,1205.6175069769058,0.6329235447625235,7.657548702411572,0.023192588207029415,118991.0,0.0,118729.0,0.0,0.0,0.9909026902091054,0.9000000000000004,0.8918124033317406,0.27976609533805186,0.212973858430775,0.02169933853575758,0.021102834395990245,-0.18526793653209264,0.1285201341286092,0.5983263598326359,1.5958486558519656,0.0,239
503,train,pact,3.0,0,0.10942615455924436,0.028480644166223836,0.04746773841274049,0.004564473319751947,0.0,0.015861412424547403,1.5813556183830964,1.5784018875165964,0.28661627462718275,1031.085121569773,0.2790586106697386,1.4847523173527737,0.02288775672044052,119229.0,0.0,118967.0,0.0,0.0,0.9899126889815391,0.9000000000000004,0.8909214104069826,0.31081211254147256,0.3260838309314603,0.005068200401020033,0.023443118028808385,-0.18828262396537038,0.18050980741268288,0.48535564853556484,1.5784018974541134,0.0,239
504,train,pact,3.0,0,0.008643440734246789,0.00274573445135521,0.004576223927611391,0.0,0.0,0.01574314442545051,1.574992019262274,1.592783236353966,0.19482801245159184,1249.4584419537787,0.5197963028772107,8.222554249743537,0.021379532302470652,119467.0,0.0,119205.0,0.0,0.0,0.9909543916271322,0.9000000000000004,0.8918589301189119,3.9813900382705247,-2.4520232901522463,0.01234458493734529,0.01886362735794323,-0.19382571014116154,0.24448796700198813,0.4309623430962343,1.5927832349356306,0.0,239
505,train,pact,3.0,0,0.0034414877965033177,0.000755107938602728,0.0012585131390174659,0.0,0.0,0.015567114003875514,1.6081959512942008,1.6076204612165315,-0.5005991945769462,1053.4451896635558,0.5179798007011414,8.32201862335205,0.0020174973534689737,119705.0,0.0,119443.0,0.0,0.0,0.9901537713146609,0.9000000000000004,0.8911383785463277,0.24201215869944884,-0.02547013957981803,0.001242172678521033,0.00188734762803308,-0.19188431922623467,0.19703848778895516,0.47280334728033474,1.607620467770877,0.0,239
506,train,pact,3.0,0,0.4288286743681341,0.10122115184147097,0.16870190573679175,0.04374286837907017,0.0,0.01630553285197733,1.5919912377660743,1.6158019882864534,0.521720816205922,1058.591663823467,0.5927687274861037,4.001271796775163,0.07422507853952537,119943.0,0.0,119681.0,0.0,0.0,0.991202000544161,0.9000000000000004,0.8920817814112707,0.7435547504072428,0.3758153994160931,0.03326633394184247,0.07306727796995614,-0.1999393861526954,0.2868631116650346,0.3891213389121339,1.6158019886955257,0.0,239
507,train,pact,3.0,0,0.502091316396975,0.1183996646634502,0.19733276462270566,0.03936858169703304,0.0,0.01566667267351283,1.5389926169207904,1.578183573658995,0.6207084613365109,1213.7635853021216,0.5508476589888209,3.4114321796963902,0.06694748550633974,120181.0,0.0,119919.0,0.0,0.0,0.9909275101817303,0.9000000000000004,0.8918347438508996,0.775591505061499,0.43633717491092494,0.04504835978150368,0.06756072313326049,-0.18807689916251624,0.18056915635478796,0.49372384937238495,1.5781835808795102,0.0,239
508,train,pact,3.0,0,0.07326333691171423,0.018949366208080277,0.031582274885858394,0.0024724230481989714,0.0,0.01569493975544886,1.5648890663889163,1.5766232038641574,0.4956981509799239,1355.0360132959597,0.5739443279709278,4.464865037088114,0.025666011899961042,120419.0,0.0,120157.0,0.0,0.0,0.9908220044738578,0.9000000000000004,0.8917397846736669,0.9519659569138602,0.20661204444415415,0.01353168099463108,0.024019709964347106,-0.19321096202522947,0.23929493456779133,0.42677824267782427,1.5766231981647842,0.0,239
509,train,pact,3.0,0,0.20738796240876128,0.049624114240964544,0.0827068510711093,0.022822365975280187,0.0,0.015026764780532366,1.5250435461559055,1.5400807191637271,0.39015532487605903,904.06956398936,0.5294931895687989,3.640383608919806,0.02845904206576763,120657.0,0.0,120395.0,0.0,0.0,0.9899124303622225,0.9000000000000004,0.8909211645066488,0.41805980974670076,0.44669068281670077,0.0016525218891239582,0.03058323324710339,-0.18229201584498428,0.16706727202587615,0.4895397489539749,1.5400807161401706,0.0,239
510,eval,pact,3.0,0,0.22391452780090834,0.020599612553961838,0.03433268561623903,0.0,0.0,0.007714397209661401,0.650131126951473,0.6777431118189041,0.40543323293889416,3454.9372461550406,0.3345740121686013,5.44554514266457,0.031218914994112678,120895.0,0.0,120633.0,0.0,0.0,0.9926845007361728,0.9000000000000004,0.8934160239028133,0.48040768289926944,0.2544870900048345,0.026858829633547143,0.02966086974047966,-0.07543405074665416,0.011365322413127986,0.9748953974895398,0.6777431083934736,0.0,239
511,eval,pact,3.0,0,0.14082450920353773,0.01948393304852007,0.032473219789539765,0.0,0.0,0.009019215824082494,0.7342822639014431,0.7554579745027311,0.47964646863638105,24555.878708077274,0.16176607179217758,66.36695039820971,0.014249231501688955,121133.0,0.0,120871.0,0.0,0.0,0.9939871704728035,0.9000000000000004,0.8945884357935215,1.174987408276883,0.4966419969474837,0.006490529286770188,0.012462392539978339,-0.08905041291930588,0.001335351197364907,0.99581589958159,0.7554579729317787,0.0,239
512,eval,pact,3.0,0,0.18307093769721308,0.02701707195490477,0.045028449864391966,0.0041841004184100415,0.0,0.008959696634972631,0.7244515409030675,0.7439966039677545,0.2878984116859516,102284.77333943515,0.08482160632767438,148.95457190150498,0.025416186155369468,121371.0,0.0,121109.0,0.0,0.0,0.9890881475045591,0.9000000000000004,0.8901793019043351,0.893185154301854,0.2613628888251427,0.00862279417582185,0.023717396181450853,-0.0926969199416362,0.007804385886821568,0.9790794979079498,0.743996605485082,0.0,239
513,eval,pact,3.0,0,0.49941803140382607,0.110257406699119,0.18376233515903334,0.0,0.0,0.00704069158829998,0.7952297803747105,0.7707462339471075,0.4391911261053522,77223.10613885983,0.03937025524205314,74.84183807053826,0.03002705480114296,121609.0,0.0,121347.0,0.0,0.0,0.9852437642578301,0.9000000000000004,0.8867193716091092,0.8894069104204656,0.7384923433993024,0.006016924755055119,0.030874853225027418,-0.09324625125661892,0.03320573310780735,0.9079497907949791,0.7707462338095621,0.0,239
514,eval,pact,3.0,0,0.07879225602993307,0.006835768835569895,0.01139294764508126,0.0,0.0,0.008589729187409998,0.7164270265581218,0.727076158114557,0.579088634900967,49664.53352183577,0.25783341250160247,74.60654968995928,0.015074285448657418,121847.0,0.0,121585.0,0.0,0.0,0.9885712822112079,0.9000000000000004,0.8897141360338762,1.2364261643253251,-0.2599007319637523,0.008353248555549836,0.012313385572962495,-0.0909967166849928,0.0,1.0,0.7270761580254935,0.0,239
515,eval,pact,3.0,0,0.5020913164463541,0.06269079761511256,0.10448465634601166,0.0,0.0,0.0061337311803772426,0.6771950183054394,0.6541772518447253,0.6659960255463253,43846.81532753661,0.044022057384688985,43.04094443061861,0.025846459242324326,122085.0,0.0,121823.0,0.0,0.0,0.9817365016398569,0.9000000000000004,0.8835628326966672,0.8051882508989548,0.5944152732915093,0.04669228941202164,0.026672796817753603,-0.07453902282597447,0.0,1.0,0.6541772501210606,0.0,239
516,eval,pact,3.0,0,0.07057713395643153,0.017246612787249017,0.028744353506230422,0.0,0.0,0.008691626819138995,0.7303883188937997,0.7123086171918335,0.33052860979754556,127561.88135787135,0.04518427388064532,134.30523932229525,0.01385476474190388,122323.0,0.0,122061.0,0.0,0.0,0.9946622207573766,0.9000000000000004,0.8951959851895416,0.5555347780189481,0.5265917762265004,0.006440545328253516,0.013292171576870878,-0.07909113420731413,0.0,1.0,0.7123086181836381,0.0,239
517,eval,pact,3.0,0,0.10291769171121948,0.020345751527354298,0.03390958389555563,0.0,0.0,0.0077980032091313455,0.7172502506228171,0.718760907525298,0.0054269547332623765,186980.9820541318,-0.07785236128999473,53.35599877744539,0.014455129481096085,122561.0,0.0,122299.0,0.0,0.0,0.9867880417961455,0.9000000000000004,0.8881092170042971,0.7238884039625257,0.7147109652430297,0.010495463851839304,0.014237620905782077,-0.08127931079514762,0.014303095047330782,0.9372384937238494,0.718760906958351,0.0,239
518,eval,pact,3.0,0,0.004340025042008344,0.0013321544749304998,0.0022202573585916783,0.0,0.0,0.00920086010324157,0.767149917750179,0.7598640850148939,0.21741902828216553,126842.22058054393,0.11955985370789611,31.679936157609628,0.008580241934396327,122799.0,0.0,122537.0,0.0,0.0,0.9947107233512351,0.9000000000000004,0.8952396364890381,0.34243426115875697,0.14939009252397584,0.006342589558417004,0.006797954064567874,-0.0886424922292124,0.005193032434196861,0.9916317991631799,0.759864083599499,0.0,239
519,eval,pact,3.0,0,0.09973252267304225,0.01986288675994485,0.033104809582160125,0.0,0.0,0.008559734983346327,0.7445006270787706,0.7443644171229965,0.6305300364559165,158638.43745096758,0.12535815745875606,95.67231336896889,0.012015398657027335,123037.0,0.0,122775.0,0.0,0.0,0.988285139951247,0.9000000000000004,0.8894566018212291,1.089400784703419,0.5989041783447643,0.00546763545786669,0.01028304437378024,-0.08908785675660436,0.006142615507878573,0.9832635983263598,0.7443644186313664,0.0,239
520,train,pact,3.0,0,0.033166217367872536,0.007793397209524259,0.01298899452942891,0.0,0.0,0.015000897720767863,1.561242878935826,1.5629626303038338,-0.21947449296868746,5548.065204955544,0.30424454799857165,8.875674946038792,0.01319615911009476,123275.0,0.0,123013.0,0.0,0.0,0.9808833403317998,0.9000000000000004,0.8827949878311556,1.2265683145432982,-0.01929197828484952,0.006019726121154744,0.011316170930574068,-0.18670734770890846,0.18620730585477313,0.5062761506276151,1.5629626327948465,0.0,239
521,train,pact,3.0,0,0.4367288618482977,0.09967055537291729,0.16611758182414055,0.03309243088237411,0.0,0.014385606224597997,1.444702069629685,1.4516299726075208,-0.2963633209361722,1284.6550323614017,0.4303762231287098,3.922774154022648,0.0405955705886695,123513.0,0.0,123251.0,0.0,0.0,0.9905342384861104,0.9000000000000004,0.8914808044872523,0.5871634772707157,0.5970585813283642,0.0013693182066644488,0.04474263610396238,-0.18350746198954496,0.28867325439924035,0.3682008368200837,1.451629973470962,0.0,239
522,train,pact,3.0,0,0.4859937123801958,0.10264548158853305,0.17107579200268577,0.016926588311354983,0.0,0.013538117358796143,1.370388340501107,1.3843835844155634,0.7583263850611124,1288.2556034870227,0.6989820236690872,3.599425701416686,0.05070430384539691,123751.0,0.0,123489.0,0.0,0.0,0.9892493538776701,0.9000000000000004,0.8903244040501168,1.0423166793573648,0.5699216312575031,0.034107523947590736,0.047518548044224104,-0.20583509473363634,0.5553280512774861,0.17154811715481172,1.3843835867566692,0.0,239
523,train,pact,3.0,0,0.01843199975083282,0.0045412592543124675,0.0075687652600638835,0.0,0.0,0.01602264599110853,1.6015757693905213,1.6011075212865693,0.5473988345477372,1090.3445048950707,0.49277581866815,8.839163177681767,0.01155491084202337,123989.0,0.0,123727.0,0.0,0.0,0.9912658416077682,0.9000000000000004,0.8921392345528224,0.21566524330560133,0.1718073781727788,0.008482039224520345,0.01078649541503403,-0.18850570067554553,0.17439686637585683,0.5271966527196653,1.6011075218581963,0.0,239
524,train,pact,3.0,0,0.31099300983821715,0.06692664405694448,0.11154439947581885,0.027767212071678128,0.0,0.01493974986084772,1.4821505668771815,1.4949619066765119,0.3800588658539321,874.3154194724111,0.35795135141416573,1.4900719939914209,0.03771534102867069,124227.0,0.0,123965.0,0.0,0.0,0.990092792520962,0.9000000000000004,0.8910834874069341,0.4646142731260764,0.4933166658497373,0.007741650192820955,0.040643113106099506,-0.1880280150018414,0.27484495088875044,0.36401673640167365,1.4949618953353327,0.0,239
525,train,pact,3.0,0,0.21976542770897894,0.04941537312344477,0.08235895002381848,0.011030810398037962,0.0,0.01563806013130119,1.560246153107248,1.5665342508499593,0.6552006210742136,873.9847031597313,0.8218801415615002,3.836945541358892,0.04063520579263724,124465.0,0.0,124203.0,0.0,0.0,0.990666770037248,0.9000000000000004,0.8916000711369215,1.1904510169789375,0.43004517587508573,0.020951995074264998,0.03687089105588715,-0.18846629582313276,0.20653431852577225,0.4476987447698745,1.5665342510421338,0.0,239
526,train,pact,3.0,0,0.502088449363476,0.10733714142517183,0.17889522501754374,0.035755040568287905,0.0,0.014899109194062994,1.4522216187860177,1.4710524324093903,0.6685609610509673,860.6805141560702,0.6869555545900656,2.358581053412609,0.05622126789233612,124703.0,0.0,124441.0,0.0,0.0,0.989517369779084,0.9000000000000004,0.8905656070888791,0.773375423861453,0.47746482356117126,0.014115609927102923,0.05690501689147126,-0.1795278764322029,0.22333006914151754,0.3682008368200837,1.471052442790074,0.0,239
527,train,pact,3.0,0,0.2656803193330306,0.05437215365009061,0.090620250812908,0.014073792486510018,0.0,0.015320185852474747,1.5274186333851834,1.5356657275594927,0.6031488273682455,884.7324543079073,0.664800738191006,3.686879679997097,0.04525888308972339,124941.0,0.0,124679.0,0.0,0.0,0.9905341686564011,0.9000000000000004,0.8914807369020693,0.8672552793868622,0.38882618555212367,0.02215760304383805,0.04336953321647164,-0.18583244431307078,0.22229146265467817,0.41422594142259417,1.5356657305819148,0.0,239
528,train,pact,3.0,0,0.19514417073502602,0.0490575209229163,0.0817625298861846,0.02073031595311903,0.0007607455532919912,0.015547473205713298,1.5406763563595058,1.558573875217757,0.4702258845752253,1032.5141583686095,0.3955677416035321,7.20808880698232,0.04548816192918555,125179.0,0.0,124917.0,0.0,0.0,0.9905703501721307,0.9000000000000004,0.8915132942558831,0.8270705008116845,0.323907616977567,0.019769401898733656,0.042802770539268724,-0.19300498291767515,0.27128401436244404,0.33472803347280333,1.558573871535317,0.0,239
529,train,pact,3.0,0,7.168989468786756e-07,7.49185643471567e-08,1.248642764488726e-07,0.0,0.0,0.015805039527557137,1.5765518907722569,1.5769001330291876,0.27926955914522317,1034.9800146892978,0.41925814747810364,9.388969421386719,0.0025233624785652416,125417.0,0.0,125155.0,0.0,0.0,0.9907991489605924,0.9000000000000004,0.8917192113449384,60.080149350755555,-65.27954585651108,0.002263196067544123,0.0022581815412126786,-0.18071380311961188,0.10341553161814891,0.6485355648535565,1.5769001266070624,0.0,239
530,train,pact,3.0,0,0.4934485925616751,0.11200082741680074,0.18666803462830678,0.04868771460016402,0.0,0.014936983431436153,1.5297838761217923,1.5351308264991728,0.4615329706491698,896.9659720065704,0.5561491454869634,3.1703157320182194,0.04949959069041089,125655.0,0.0,125393.0,0.0,0.0,0.9900634697790425,0.9000000000000004,0.8910571039969951,0.6853858566790133,0.5592504848491113,0.0008810431168195933,0.0513036367977228,-0.18005113874090548,0.14335736965488588,0.5271966527196653,1.5351308362513008,0.0,239
531,train,pact,3.0,0,0.4870875290074779,0.12403116638472748,0.20671859629903155,0.06694560750508408,0.0,0.015321857486870998,1.555683584392819,1.5753858144313222,0.6832575114701084,1242.7954913662068,0.6400287349603166,2.0714116695036946,0.06509529373503317,125893.0,0.0,125631.0,0.0,0.0,0.9910919207409336,0.9000000000000004,0.8919827050244958,0.6848685276915664,0.5880472549907936,0.07478134445846081,0.06754446629567314,-0.19296670126840504,0.2538650998545951,0.41841004184100417,1.57538581190948,0.0,239
532,train,pact,3.0,0,0.3825699220520223,0.07933415704674456,0.13222358457162775,0.03347280359667215,0.0,0.014454877393702084,1.546438461317677,1.5465818137304554,0.7725015918580059,1092.926169678756,0.6625518030701322,5.8157468495508615,0.046656389884401316,126131.0,0.0,125869.0,0.0,0.0,0.9906890863654005,0.9000000000000004,0.8916201588997781,1.0005284505158023,0.5489871539973387,0.026984639005562246,0.045902978969839206,-0.19285335243659518,0.29247158669396717,0.40585774058577406,1.5465818153628113,0.0,239
533,train,pact,3.0,0,0.350115003503633,0.07569678882695728,0.1261613080946118,0.028718144325032894,0.0,0.015471384465055362,1.5582285194217411,1.5709555500720833,0.6130717713463756,1052.4678574566062,0.5194085558338644,6.016289028662518,0.04084849454098182,126369.0,0.0,126107.0,0.0,0.0,0.9898539350122587,0.9000000000000004,0.8908685161478849,0.46736492180641265,0.5003384384150383,0.006790621513745895,0.04436541292095502,-0.1831396417259965,0.13240748983649367,0.5732217573221757,1.570955556407584,0.0,239
534,train,pact,3.0,0,0.34633044898022886,0.07504856315404045,0.12508093066766585,0.03404336288633706,0.0,0.01522583824827893,1.4990411892096867,1.5157698432770732,0.4691092217317685,1082.066788038948,0.5772645786466958,1.1533377225428945,0.06466957764255826,126607.0,0.0,126345.0,0.0,0.0,0.9911321022520504,0.9000000000000004,0.8920188673370553,0.5434122661961188,0.535604735097165,0.0661093798504832,0.06517746845049838,-0.18340242958348588,0.2150805661889077,0.4225941422594142,1.5157698424609782,0.0,239
535,train,pact,3.0,0,0.010237411712357194,0.0035330398826483368,0.005888399256839734,0.0,0.0,0.015843164419295522,1.5875225618294593,1.5968672944910856,0.4377865004489611,1003.3762334719861,0.39940852512874364,17.601861875925103,0.03429540174537841,126845.0,0.0,126583.0,0.0,0.0,0.9906460640320718,0.9000000000000004,0.891581435333236,4.581442157843675,-3.346315784675123,0.019805634575188344,0.029595356978666987,-0.19440898694056738,0.23454701919938276,0.4476987447698745,1.59686729877074,0.0,239
536,train,pact,3.0,0,0.0065658995871934805,0.00201528219267895,0.003358803504445224,0.0,0.0,0.01563542388052247,1.5879246921718868,1.5860529078100516,0.22629621825629073,1057.8004898645888,0.38797606409344215,17.616366296133737,0.0032151234434833788,127083.0,0.0,126821.0,0.0,0.0,0.9904149628583357,0.9000000000000004,0.891373449539041,0.20006526250098722,0.10995076030716144,0.001457486103190517,0.003083506268575772,-0.18752071488144878,0.17006439360218403,0.5481171548117155,1.5860529147814846,0.0,239
537,train,pact,3.0,0,0.2656803508259933,0.0616579961934503,0.10276332203797225,0.02130087505574007,0.0,0.014739638529562052,1.5230679182826725,1.5234832993112348,0.0005924107098428189,881.6783319577014,0.3421666564801747,1.3747604855932452,0.03356200167115302,127321.0,0.0,127059.0,0.0,0.0,0.990125201985427,0.9000000000000004,0.8911126575210603,0.45475836932143243,0.4880692774715105,0.0036831809311165826,0.03637922344260233,-0.18406992375859224,0.22220243924152053,0.47280334728033474,1.523483290503957,0.0,239
538,train,pact,3.0,0,0.0001001795120615216,2.6208445473396798e-05,4.3680741796055695e-05,0.0,0.0,0.015547714326686566,1.5850385170601402,1.5984272348332105,0.3707400402015223,1073.8523046262094,0.6904782652854919,0.7933094501495361,0.030880453152227445,127559.0,0.0,127297.0,0.0,0.0,0.9913192565969843,0.9000000000000004,0.892187313554676,2.7716112782957825,-2.1484211466527148,0.028137264133968935,0.02738880297309372,-0.18923316017838865,0.17264607258375617,0.4895397489539749,1.5984272375482032,0.0,239
539,train,pact,3.0,0,0.0030419384339404444,0.0006995821692943077,0.0011659702764693493,0.0,0.0,0.015115493701996913,1.5558130282238438,1.5555220253796758,0.09108829804916309,1070.5941736708126,0.6904782652854919,0.7933094501495361,0.0022511013753558256,127797.0,0.0,127535.0,0.0,0.0,0.9896315333733499,0.9000000000000004,0.8906683590122846,0.39747146251360504,0.026195389987399897,0.001558907282776124,0.0020817365109746123,-0.18748280347693969,0.2130923766283866,0.4811715481171548,1.555522020044821,0.0,239
540,eval,pact,3.0,0,0.08746963563609224,0.028786694959068337,0.04797782166418047,0.0015214911065839823,0.0,0.008418750101661458,0.7505089897490944,0.766824832645919,0.44460172100171885,4240.390918683806,0.15992849734787162,7.141258575427482,0.022092331560800108,128035.0,0.0,127773.0,0.0,0.0,0.9976330878345537,0.9000000000000004,0.8978697660079062,0.9616663035800261,0.4071369897641629,0.00661575914420576,0.02059852986627699,-0.09585101789698544,0.04534259176830172,0.9121338912133892,0.7668248316736357,0.0,239
541,eval,pact,3.0,0,0.4689258159280493,0.09912415912245044,0.1652069210252205,0.0,0.0,0.006443903091749387,0.782861630412824,0.736261802986576,0.5918105658626955,21435.186576555963,0.13007435070985937,13.389937478628118,0.023610724675932813,128273.0,0.0,128011.0,0.0,0.0,0.9868898888013353,0.9000000000000004,0.8882008721140139,0.7965596874445141,0.7677410319740416,0.0022929891271797837,0.026192679471788327,-0.08122175791491679,0.0,1.0,0.7362618043675125,0.0,239
542,eval,pact,3.0,0,0.008643440734246789,0.0029154864901425434,0.0048591439107398375,0.0,0.0,0.00876367887653504,0.7593039675736527,0.7613451199052723,0.8275093321520913,88547.82152196653,0.0360481154999723,81.30560784758883,0.008357844685660247,128511.0,0.0,128249.0,0.0,0.0,0.9956591847551418,0.9000000000000004,0.8960932498197676,1.7568625775080835,-0.34445161767210997,0.0046271467846999105,0.006805341408264562,-0.09406612583090124,0.0011869788421021395,0.99581589958159,0.7613451160409801,0.0,239
543,eval,pact,3.0,0,0.25732146626996916,0.03836701102008949,0.0639450151427497,0.0,0.0,0.0061726817270842185,0.6850585754197013,0.6530116474778084,0.6134853835634607,152656.72179001046,0.004552285340502585,62.726776897159084,0.011565889179741645,128749.0,0.0,128487.0,0.0,0.0,0.9838449922565636,0.9000000000000004,0.8854604749998787,0.7490096887507613,0.7648054606075212,0.0035780711253410426,0.01339725743897384,-0.07055765992215592,0.0,1.0,0.6530116500151998,0.0,239
544,eval,pact,3.0,0,0.41162969583010295,0.06423011373412939,0.1070501827196487,0.0,0.0,0.006189273636219204,0.7017710702688624,0.6828456406314004,0.5974994634734038,71637.3697044979,0.0067165379388604675,34.76492740519376,0.020756847271403478,128987.0,0.0,128725.0,0.0,0.0,0.9899233090827655,0.9000000000000004,0.8909309566270357,0.7897201768112472,0.7694799174417113,0.013726071333633615,0.02307612451025242,-0.07362658826469436,0.0013353511973649068,0.9916317991631799,0.6828456446947144,0.0,239
545,eval,pact,3.0,0,0.215627043554328,0.03407670987645022,0.056794512892913006,0.002472422861155107,0.0,0.008153355123171249,0.7080903715418971,0.7499811090684835,0.6801330561917197,90771.18250686454,0.019564313960172018,90.5637346531058,0.025581955577531307,129225.0,0.0,128963.0,0.0,0.0,0.9904517429144313,0.9000000000000004,0.8914065468261432,1.1495179641610345,0.4562078698630755,0.011828677139419597,0.022369728805536258,-0.09306029392684768,0.003353215228938544,0.9916317991631799,0.7499811030403472,0.0,239
546,eval,pact,3.0,0,0.19920827428452043,0.0635590990945937,0.10593182618039193,0.005325218810695983,0.0,0.00825619745354663,0.7390675567184033,0.764537999944208,0.7112844519036584,104349.32060669456,0.19308571176112446,191.12690633909472,0.03135854854914808,129463.0,0.0,129201.0,0.0,0.0,0.9898202534001243,0.9000000000000004,0.8908382113009816,1.1364029752881215,0.5722729936773108,0.006766375173659374,0.026299052959440516,-0.09373075828547156,0.012641324668387785,0.9748953974895398,0.7645379940416326,0.0,239
547,eval,pact,3.0,0,0.49418196437011425,0.0489263934764818,0.0815439843513616,0.0,0.0,0.005115921012901362,0.5889079655563482,0.5533437192689424,0.5469933684650325,44159.113150496865,0.09886537503624514,81.81517288974139,0.02701859774309596,129701.0,0.0,129439.0,0.0,0.0,0.9830510477890031,0.9000000000000004,0.8847459160633167,0.6643642920188093,0.47104910322094706,0.005127818210894475,0.026375343894515825,-0.06984796206401057,0.0051040090210391995,0.9916317991631799,0.5533437218061803,0.0,239
548,eval,pact,3.0,0,0.4977520082539135,0.12534506449866897,0.20890842874231944,0.0,0.0,0.007272270234851127,0.8103725099663356,0.7775150087338611,0.7765378187640442,75443.11313415272,0.07244844609924113,114.7047441913493,0.036244087914885585,129939.0,0.0,129677.0,0.0,0.0,0.9875828693601377,0.9000000000000004,0.8888245604028263,0.8738213226351821,0.7428950780569323,0.033060179521831184,0.0393786488245066,-0.09444555765159549,0.0027300513368349213,0.9414225941422594,0.7775150055257898,0.0,239
549,eval,pact,3.0,0,0.11274785525415133,0.016145427539211818,0.0269090442668423,0.0007607455532919912,0.0,0.008262653308082762,0.7079957916896213,0.7230639062416604,0.5879464927577573,121448.6099143567,0.1128580829081862,122.50599419821256,0.023759423300164076,130177.0,0.0,129915.0,0.0,0.0,0.9939434388691412,0.9000000000000004,0.8945490766519283,1.014740849532343,-0.08983281718177927,0.008541582688508976,0.02142420716225228,-0.0915582301525307,0.004807264310513665,0.9874476987447699,0.7230639065159923,0.0,239
550,train,pact,3.0,0,0.41162969583010295,0.09516295340059917,0.1586049119619343,0.04336249572712009,0.0,0.014780296275789643,1.5095425455141267,1.5109023165004523,0.4695462823288211,3484.395430688579,0.320414376901034,62.169684845782726,0.041017185425493964,130415.0,0.0,130153.0,0.0,0.0,0.9803569675988233,0.9000000000000004,0.8823212514237879,0.5674022056316788,0.5901589980975289,0.0037633026127972605,0.04532169117832169,-0.18783130167602743,0.2654084690940384,0.39748953974895396,1.5109023184232773,0.0,239
551,train,pact,3.0,0,0.07879225602993307,0.01927054996001773,0.032117582275227756,0.0009509319416149889,0.0,0.0157260317160557,1.5603885044612644,1.5692552318134068,0.6214000570225416,1219.8692897652982,0.6915113354826572,6.516936210159478,0.03712785263764029,130653.0,0.0,130391.0,0.0,0.0,0.990515051027721,0.9000000000000004,0.8914635343531684,1.7975700079827561,-0.06644225855044716,0.021288263660586292,0.0312891978006732,-0.1896295237091111,0.2115196296626013,0.47280334728033474,1.5692552364803285,0.0,239
552,train,pact,3.0,0,0.5020820002946379,0.11457845177451666,0.19096407625489276,0.04811715518580321,0.0,0.01527625596088408,1.5475170879184452,1.5582548609338545,0.6853708152242285,956.1708877116566,0.6026985762196605,2.575070594643948,0.06138921249073357,130891.0,0.0,130629.0,0.0,0.0,0.9900021682723297,0.9000000000000004,0.8910019307954541,0.7412328256560672,0.46492356531881107,0.005741996147359411,0.06281029039976346,-0.18645679318741837,0.1887889848363453,0.497907949790795,1.5582548640334004,0.0,239
553,train,pact,3.0,0,0.034930997800481874,0.00649588716578174,0.010826477992412792,0.0,0.0,0.015017231485989553,1.5711566429257893,1.5735045571706285,0.5648023532274876,913.1265838495358,0.4835509765098284,5.549217308914312,0.01591767751193843,131129.0,0.0,130867.0,0.0,0.0,0.9901807844389433,0.9000000000000004,0.8911626862681561,1.5187394499750664,-0.08806737434916534,0.010216724409130276,0.014133915172648231,-0.19244525793694758,0.24968099943618505,0.401673640167364,1.5735045550314621,0.0,239
554,train,pact,3.0,0,0.43151492035799666,0.09996076652728392,0.1666012651943195,0.04203119082181524,0.0,0.014328362716354086,1.523853718486291,1.5292069166275248,0.5533808241578825,888.9957885742188,0.5209883096078449,2.958140999826926,0.03923658229062133,131367.0,0.0,131105.0,0.0,0.0,0.9899409513094435,0.9000000000000004,0.890946834905377,0.57073345869003,0.6125372081937284,0.0015482508683427503,0.044750036692520055,-0.18087620143765934,0.17134039585744384,0.497907949790795,1.529206916864182,0.0,239
555,train,pact,3.0,0,0.49099224892631954,0.1089914861553834,0.18165246526153941,0.041841004932275876,0.0,0.015885072929792448,1.5532808827555828,1.5783399478162183,0.6224301493566904,988.4422364813513,0.6724534942515226,1.314352065698871,0.06806770921782221,131605.0,0.0,131343.0,0.0,0.0,0.9902237279644571,0.9000000000000004,0.8912013287823569,0.7373355320976466,0.5452743439186215,0.1032645754619605,0.06734955244187156,-0.18811256724131975,0.19638564942579895,0.4602510460251046,1.5783399474532562,0.0,239
556,train,pact,3.0,0,0.2656803508259933,0.0650722786194439,0.10845379040913952,0.03404336319807683,0.0,0.015286783828053265,1.556091227042625,1.5707148383352048,0.5475962503684615,988.2503171785107,0.6373475636647835,2.361836481044482,0.0581989939028405,131843.0,0.0,131581.0,0.0,0.0,0.9908497198855029,0.9000000000000004,0.891764722858014,0.45659694650067584,0.4768470611791976,0.044290533200998246,0.058696541301009854,-0.19236708979530007,0.24229205614409924,0.4476987447698745,1.5707148478869346,0.0,239
557,train,pact,3.0,0,0.0002749838577568819,0.00010126912044546329,0.00016878184956930982,0.0,0.0,0.01599377058991952,1.5786048802371804,1.5960314859905003,0.28458053185351223,1313.706345817534,0.5537958741188049,1.2250434160232544,0.032869509733515836,132081.0,0.0,131819.0,0.0,0.0,0.9917283624285933,0.9000000000000004,0.8925555081547055,87.96248421403655,-109.55236950662771,0.020225017570217413,0.028185879409792503,-0.19321484522348883,0.22027359862310453,0.4602510460251046,1.5960314881857462,0.0,239
558,train,pact,3.0,0,0.48708752257839305,0.10469639450680178,0.17449398128802657,0.03765690426447402,0.0001901863883229978,0.014672563705499825,1.4866109889421504,1.5114626916881386,0.600499182129006,1060.1001461779224,0.4376761220302043,3.708236216501212,0.06648211863484219,132319.0,0.0,132057.0,0.0,0.0,0.9898938157568417,0.9000000000000004,0.8909044066233615,0.7510561199056196,0.43386173367940206,0.0384762872941792,0.06636566466897352,-0.18899143167833238,0.30748686904655925,0.3263598326359833,1.511462696684356,0.0,239
559,train,pact,3.0,0,0.0001001795120615216,1.938842018656082e-05,3.231403276141125e-05,0.0,0.0,0.014932318921804928,1.56466188465701,1.5649831641668057,0.48447309216196066,999.9006350210022,0.48298168182373047,8.446102142333984,0.008350504741387318,132557.0,0.0,132295.0,0.0,0.0,0.9903059803791125,0.9000000000000004,0.8912753634871798,1.179521833874431,-0.992673392139988,0.007642083717530176,0.007454737128298262,-0.18374789214917853,0.14353541648120122,0.5690376569037657,1.5649831618015102,0.0,239
560,train,pact,3.0,0,0.46716103549544,0.11172925180694791,0.18621540758672628,0.045074173222027065,0.0,0.014649517428924848,1.5467771486258406,1.5511015745885202,0.5269446914166087,970.3371760795306,0.5012186806932458,3.5935015069889724,0.045479262462124484,132795.0,0.0,132533.0,0.0,0.0,0.9908573861900234,0.9000000000000004,0.891771628517486,0.6244149248422282,0.5959226457238094,0.0013203600133743344,0.04912980011315816,-0.1858916378896939,0.1971571856731654,0.4895397489539749,1.5511015812026,0.0,239
561,train,pact,3.0,0,0.04666315660102996,0.011842365264543698,0.01973727424403143,0.0,0.0,0.01561161053121464,1.5776279571166099,1.5845957151516712,0.6338594301475142,1077.835358815213,0.6484151158372727,6.214256540751357,0.03403972422511212,133033.0,0.0,132771.0,0.0,0.0,0.9907684116682747,0.9000000000000004,0.891691551547669,2.116148002179765,-0.42054568095529166,0.020524393247476878,0.029162095674551306,-0.1942102848264511,0.2466838778598771,0.4435146443514644,1.5845957158416955,0.0,239
562,train,pact,3.0,0,0.34251425579287914,0.09668652725153433,0.1611441974582932,0.07569418049507061,0.0001901863883229978,0.016151355246323548,1.5597299896024759,1.596895114148511,0.5975200941622507,1249.159616382551,0.42655576240645415,5.475649934433494,0.07027075017868661,133271.0,0.0,133009.0,0.0,0.0,0.9912685455138713,0.9000000000000004,0.8921416760987317,0.7365553947809749,0.4047416918614778,0.027968157855697822,0.06975870123756543,-0.19932016173913567,0.3171013976675866,0.301255230125523,1.5968951099460076,0.0,239
563,train,pact,3.0,0,0.4175653372727219,0.102263374658121,0.17043894882996813,0.05230125604064893,0.0,0.014398082494579847,1.4481583561857374,1.4769917945981526,0.6228519625743563,1029.471904419456,0.5215735617541868,5.227175417804319,0.06741857190448869,133509.0,0.0,133247.0,0.0,0.0,0.9911227899615236,0.9000000000000004,0.8920104932585521,0.8342701053016127,0.4568072899681238,0.03377501031383872,0.06587048488275526,-0.1894956862408598,0.3371613400991127,0.3138075313807531,1.476991792286857,0.0,239
564,train,pact,3.0,0,0.018431992074788867,0.004779375699593756,0.007965625694584663,0.0,0.0,0.015562329061376126,1.5723693216196164,1.5714537015021097,0.4850235615065906,1076.1302342115587,0.43606612410505446,2.775954219087896,0.009547611806886543,133747.0,0.0,133485.0,0.0,0.0,0.9900697182910712,0.9000000000000004,0.8910627287800841,0.8083291803338337,0.050989999870443614,0.005464574897350572,0.008838373309909268,-0.19019607095631597,0.2121131190836523,0.4351464435146444,1.5714536975909732,0.0,239
565,train,pact,3.0,0,0.14822527385418105,0.0366455000405504,0.06107582986658287,0.009128946390112075,0.0,0.015161969728191154,1.5799556431909985,1.5761982753685828,0.26906062923074664,944.0840566467541,0.43400529033219964,2.3811810300938756,0.02319674954953188,133985.0,0.0,133723.0,0.0,0.0,0.9899041375854524,0.9000000000000004,0.8909136992119346,0.3673599589887883,0.3874455987228115,0.0011105576663073312,0.024553882284723143,-0.1890250712325182,0.20413068637051546,0.5271966527196653,1.5761982798979102,0.0,239
566,train,pact,3.0,0,0.0012663877662295617,0.0005669652077908361,0.0009449419128971815,0.0,0.0,0.015376432913756894,1.5503130707281902,1.561532937083783,0.21525638400884853,1025.721865346741,0.5318015813827515,1.0743883848190308,0.025045608229268827,134223.0,0.0,133961.0,0.0,0.0,0.9910134114480916,0.9000000000000004,0.8919120495788223,13.744510321885949,-13.348322300539053,0.016285241097484523,0.022356771020107673,-0.1939069011565638,0.2823525920650464,0.39748953974895396,1.5615329359342573,0.0,239
567,train,pact,3.0,0,0.5020705397688578,0.1132426764051918,0.18873778215410877,0.039368581759380995,0.0,0.014495758113751351,1.4625369759284303,1.482193184198196,0.5727243756711733,950.5329674118234,0.5962536439736019,2.3750526670631507,0.06243218866855912,134461.0,0.0,134199.0,0.0,0.0,0.9904895985974428,0.9000000000000004,0.89144061674134,0.7587643067614244,0.4555517473984011,0.04129706276580691,0.06318003001572198,-0.18241296038864196,0.2476037864625063,0.38493723849372385,1.4821931780976791,0.0,239
568,train,pact,3.0,0,0.41162967206828666,0.09501949730967917,0.15836582062445692,0.040509699839927166,0.0,0.015396229476593902,1.5226571205769623,1.5521655150038427,0.6640306564055726,1044.972760443907,0.5997675557515612,3.5655801475796243,0.061190720756682394,134699.0,0.0,134437.0,0.0,0.0,0.9908982876953221,0.9000000000000004,0.891808438251208,0.8030667154112755,0.4674102051975165,0.02935788490773215,0.06091728601721603,-0.1925929566560477,0.28356924537820116,0.3054393305439331,1.5521655277717112,0.0,239
569,train,pact,3.0,0,0.0,0.0,0.0,0.0,0.0,0.0153607496754052,1.577430718613469,1.5758255819895277,0.4863599280682568,1007.0407768472967,0.620191752910614,6.160870552062988,0.004851482118622139,134937.0,0.0,134675.0,0.0,0.0,0.9900060789854457,0.9000000000000004,0.8910054489658468,nan,nan,0.004324717175363559,0.004324716984301175,-0.1949849731998439,0.2891183714650286,0.3305439330543933,1.5758255693638927,0.0,239
570,eval,pact,3.0,0,0.2322390740961382,0.033904563445058065,0.05650760307842301,0.0007607455532919912,0.0,0.006257249415505319,0.6189007865085762,0.5631351069426437,0.309678161618101,2864.0656018117484,0.3716334597866156,7.0645492974684325,0.01878745892064677,135175.0,0.0,134913.0,0.0,0.0,0.9941398214595587,0.9000000000000004,0.8947258279912143,0.4938420966869093,0.4588132001303148,0.0007610391185153276,0.019551172076576393,-0.07105329548822603,0.01071248404997181,0.9832635983263598,0.5631351086197355,0.0,239
571,eval,pact,3.0,0,0.1335682206150051,0.011158978210751305,0.01859829606752352,0.0,0.0,0.006416250555581223,0.5549696171383479,0.5939134355618864,0.15015835574122777,25355.342632469274,0.07261382239757722,18.558893279550464,0.01747030614988263,135413.0,0.0,135151.0,0.0,0.0,0.9889903382776173,0.9000000000000004,0.8900912811815989,0.928391832337877,0.5661241992155384,0.017493251889269024,0.01547442059710653,-0.06662743272834333,0.0,1.0,0.5939134347636815,0.0,239
572,eval,pact,3.0,0,0.01609831423724945,0.0041699901753170735,0.006949983133396687,0.0,0.0,0.007688893595609082,0.6625476073021669,0.6703427885366783,-0.11398423675089202,162366.28157688284,-0.04853874815931879,98.18112938374156,0.007275470229504809,135651.0,0.0,135389.0,0.0,0.0,0.9946706391029279,0.9000000000000004,0.8952035544806445,0.9741431425434115,0.2350486865529089,0.004430435982419912,0.006263363523365906,-0.08773009581790915,0.003946704649989614,0.9121338912133892,0.6703427895625372,0.0,239
573,eval,pact,3.0,0,0.49821823029872664,0.049564409995453154,0.08260734542266897,0.0,0.0,0.0056473677295988825,0.5806595138176714,0.5779922136951191,0.4403721511979669,84582.5179458682,0.006205540064188445,67.4793644988886,0.03151656442349114,135889.0,0.0,135627.0,0.0,0.0,0.9798429241739057,0.9000000000000004,0.8818586110819334,0.8563066738249631,0.40365503855069873,0.016814919151365758,0.029959552870697057,-0.07514463185189267,0.0032345173447283298,0.9790794979079498,0.5779922104598371,0.0,239
574,eval,pact,3.0,0,0.5017308978531066,0.11023907365023695,0.18373177805958096,0.0,0.0,0.0055432141364930064,0.6891295687922873,0.6521090790317647,0.6424117523506595,86152.70694952928,0.058705676456004434,82.61206730639087,0.030537325752485994,136127.0,0.0,135865.0,0.0,0.0,0.9857367416804804,0.9000000000000004,0.8871630477606003,0.8996195865240378,0.7288492370665524,0.012499689251523127,0.030024220534721115,-0.08430624322055622,0.0845425680287249,0.7531380753138075,0.6521090758652526,0.0,239
575,eval,pact,3.0,0,0.4417291690690918,0.07681093452235042,0.12801821762364077,0.0007607455532919912,0.0,0.0062808848451823,0.6282738494573776,0.540133294637732,0.7058475199603635,63151.44702863494,0.06659996739971533,119.5533101389099,0.03582027856899605,136365.0,0.0,136103.0,0.0,0.0,0.9897309658916426,0.9000000000000004,0.8907578390512506,0.6146855206113191,0.6148035941011855,0.018483927875587888,0.037698834016139784,-0.07481591749875809,0.014451467402593548,0.9623430962343096,0.5401332923601893,0.0,239
576,eval,pact,3.0,0,0.005378617951415077,0.0008250776317631085,0.0013751293840393362,0.0,0.0,0.00799312341810208,0.6245977447122709,0.6877833177105652,0.4468269383059386,85618.22199431223,0.05409058208370807,214.8725174301339,0.0242386386188129,136603.0,0.0,136341.0,0.0,0.0,0.993296012968199,0.9000000000000004,0.8939663967328092,11.754873646893364,-12.272227126801871,0.013510868255649275,0.021060734418333824,-0.08555902421871414,0.0,1.0,0.6877833186690014,0.0,239
577,eval,pact,3.0,0,0.3926658787366775,0.036864558153862,0.06144092557422094,0.0,0.0,0.005737139423529785,0.5806203654121654,0.5901472658293018,0.5688839039169096,67674.01383531642,0.1139932541511797,68.70537173299111,0.02120545035847716,136841.0,0.0,136579.0,0.0,0.0,0.9820984049571608,0.9000000000000004,0.8838885440237851,1.0092778778972398,0.49916305459799515,0.007092489504692964,0.01889836523588357,-0.0801031971817249,0.04623282589987833,0.803347280334728,0.5901472660690835,0.0,239
578,eval,pact,3.0,0,0.011099790736339269,0.000892015527006532,0.0014866924844743102,0.0,0.0,0.007052550188784008,0.6275957181862707,0.6216177288209045,-0.2629604087402132,164335.05844665272,0.07674364287359445,114.50398411611134,0.0033026039096230647,137079.0,0.0,136817.0,0.0,0.0,0.9890952273642168,0.9000000000000004,0.8901856849632502,0.712125169852937,0.18853027239894615,0.002216873629410921,0.0025747459117327056,-0.07659756160161821,0.001335351197364907,0.99581589958159,0.6216177294402412,0.0,239
579,eval,pact,3.0,0,0.0,0.0,0.0,0.0,0.0,0.007467977425948596,0.6408231395557834,0.6381049072642705,-2.586959457796488,174346.57887683055,-0.06745811551809311,19.663074493408203,0.0016611473177945452,137317.0,0.0,137055.0,0.0,0.0,0.9935594395613571,0.9000000000000004,0.8942034726487044,nan,nan,0.0012917854985374194,0.0012917854768617631,-0.08059756497009427,0.0,1.0,0.6381049053306007,0.0,239
580,train,pact,3.0,0,0.3893441522848197,0.08908326171767383,0.14847209708595335,0.03537466791633782,0.0001901863883229978,0.015537416673495306,1.572572953032649,1.5922336461154987,0.45734175154354784,4533.7870700469075,0.4828855576905496,6.244318209931442,0.06873916093626344,137555.0,0.0,137293.0,0.0,0.0,0.9803329222371887,0.9000000000000004,0.8822996131296437,0.8711747078162685,0.34508378553866137,0.02645136715866448,0.06404234410485712,-0.2030374455879398,0.3416421852280483,0.3389121338912134,1.5922336510995971,0.0,239
581,train,pact,3.0,0,0.44414846890925763,0.09567535413106686,0.15945891132265905,0.04108025931663593,0.0,0.015035878262915123,1.541856309858825,1.5620895945876214,0.5760119259357452,930.7622422733067,0.6114962502503495,3.2087464916157424,0.06794534034629558,137793.0,0.0,137531.0,0.0,0.0,0.9902812641534845,0.9000000000000004,0.8912531177369122,0.7151420217858968,0.3835666352036774,0.029475863471340676,0.06748156288490635,-0.19171968755664123,0.25071960592302445,0.4351464435146444,1.5620895889249784,0.0,239
582,train,pact,3.0,0,0.017240600663365867,0.004041923193341885,0.006736538103145009,0.0,0.0,0.014831401306403232,1.555091098262675,1.5531995169288444,0.41260461727445596,1101.7996586117285,0.6459861580422732,5.585409903626063,0.0077756265397271275,138031.0,0.0,137769.0,0.0,0.0,0.9901405348438598,0.9000000000000004,0.891126465348519,0.18484117549779058,0.13593804643359475,0.004639391506801071,0.00736695321965534,-0.18396616184677672,0.1690851360574498,0.5188284518828452,1.553199521975247,0.0,239
583,train,pact,3.0,0,0.31099300983821715,0.06728956415201659,0.1121492662363129,0.03157093996283399,0.0,0.015188200101178436,1.5657402294450224,1.571419064469916,0.31010004710094324,919.1580797778014,0.41830425343191774,1.2381421225340297,0.03801632119697289,138269.0,0.0,138007.0,0.0,0.0,0.9899358165812792,0.9000000000000004,0.8909422144231437,0.45214723076319746,0.48023835490154543,0.006191728255778019,0.04096573644666445,-0.18616325636738615,0.15929256061010713,0.5271966527196653,1.5714190748420267,0.0,239
584,train,pact,3.0,0,0.49267310757053845,0.10703801685296305,0.17839668364839206,0.03537466785398986,0.0,0.015170201828711078,1.5256966821319389,1.5454837470373848,0.7908564716203442,889.5870547753498,0.7214275002479553,2.9894184754483373,0.05165226575937979,138507.0,0.0,138245.0,0.0,0.0,0.9908037430072928,0.9000000000000004,0.8917233480070426,0.9900679440839523,0.5754510220803812,0.039015367818886745,0.050871790170466925,-0.18862318963441385,0.2400071218730526,0.37656903765690375,1.545483747378963,0.0,239
585,train,pact,3.0,0,0.45752092677940104,0.10013633912033786,0.1668938872144167,0.03974895422428722,0.0,0.014512564955770222,1.5095904117847587,1.527365646352329,0.6621813764133214,910.7585783762912,0.6204714281289647,3.4412730145404526,0.046301395942118004,138745.0,0.0,138483.0,0.0,0.0,0.9902154566353834,0.9000000000000004,0.8911938924170937,0.5956601404202038,0.5980641081460136,0.02185879997767003,0.0502146705712297,-0.18260461624644933,0.19763197721000622,0.4476987447698745,1.5273656532882636,0.0,239
586,train,pact,3.0,0,0.472293708546508,0.1051406273520313,0.17523436778920695,0.04279193643745518,0.0,0.0146427911055512,1.4796506670229606,1.5089141928501209,0.6386671011417979,872.0949433777622,0.6955456301008807,1.0530329281814927,0.0638367599032227,138983.0,0.0,138721.0,0.0,0.0,0.990588838585251,0.9000000000000004,0.89152993143353,0.6679139222451521,0.5930692849919414,0.08730641007423401,0.06529040611446466,-0.18760923662759224,0.2864179945992462,0.34309623430962344,1.5089141940123705,0.0,239
587,train,pact,3.0,0,0.42329977726598883,0.09360135666310686,0.15600224978487892,0.038607836143741046,0.0,0.014378209565240095,1.5069486187092929,1.5176339057200126,0.5818776034411027,908.8870402699235,0.675719769554657,1.2182694927917863,0.059903678601163454,139221.0,0.0,138959.0,0.0,0.0,0.990806460629946,0.9000000000000004,0.8917257910493028,0.614882192645826,0.5888537626812993,0.06024851005728522,0.061683716193994965,-0.1841894795179258,0.23386450636517406,0.41841004184100417,1.5176339007691648,0.0,239
588,train,pact,3.0,0,0.0034414877965033177,0.0008246998551923798,0.0013744997036250972,0.0,0.0,0.0158403372922016,1.585299969467658,1.5977381619948223,0.4428437612794932,1137.5340262057891,0.7956169247627258,0.6866178512573242,0.03445062307235648,139459.0,0.0,139197.0,0.0,0.0,0.9912517449845829,0.9000000000000004,0.8921265519812516,0.42094791410794435,0.024787745863289246,0.03302243908184992,0.030502069665988025,-0.19040088434323837,0.18421911629425206,0.5188284518828452,1.5977381544899105,0.0,239
589,train,pact,3.0,0,0.5005976261530134,0.12639815057746587,0.2106635721125355,0.0458349187129711,0.0,0.015644519965877467,1.5632487201291647,1.578499324650944,0.5943216970774918,1129.0561783922267,0.6054065181682798,1.641308582228098,0.06351391524178751,139697.0,0.0,139435.0,0.0,0.0,0.9911972663392582,0.9000000000000004,0.8920775230459589,0.6973334013373613,0.500896846581507,0.005096239982069367,0.06488410466634104,-0.1950213447081975,0.2713136888334965,0.4225941422594142,1.5784993252986812,0.0,239
590,train,pact,3.0,0,0.3825699220520223,0.08478570421769797,0.14130949652316604,0.0380372769164241,0.0,0.01560951524246562,1.5151543138416241,1.546430459331768,0.7024994517470005,1025.7596343611074,0.5737812167431021,5.760329996192804,0.054985735653100776,139935.0,0.0,139673.0,0.0,0.0,0.9910823396060258,0.9000000000000004,0.8919740813047816,0.8873279312750881,0.48814544730833054,0.028760171993527303,0.05386707551239612,-0.18986533387720939,0.25294519125196596,0.39748953974895396,1.5464304560720061,0.0,239
591,train,pact,3.0,0,0.4836600335450891,0.10998961470405184,0.18331601287713947,0.042031191320598876,0.0,0.014970526286248882,1.4907272924439179,1.5123477221532846,0.66622817391631,1024.6446479573908,0.5885246301919347,3.3864970925462794,0.06862701759303463,140173.0,0.0,139911.0,0.0,0.0,0.990708895806987,0.9000000000000004,0.8916379747031623,0.7523469039814146,0.44559910207785447,0.03794914191632077,0.06909274756830482,-0.18855239771900817,0.27600225525979993,0.37656903765690375,1.5123477303082185,0.0,239
592,train,pact,3.0,0,0.023700621450150866,0.005589049769079953,0.009315082655946707,0.0,0.0,0.015921054281309934,1.5977995405636074,1.600300981409879,0.4927681650826123,1074.425158640331,0.41981419397198505,5.527558263874453,0.011639529912100294,140411.0,0.0,140149.0,0.0,0.0,0.9906366188157054,0.9000000000000004,0.8915729432924023,1.042628590588612,0.05135776051360075,0.007054165334314651,0.010646011526077775,-0.19550660179830595,0.25807887474405766,0.4100418410041841,1.6003009790481848,0.0,239
593,train,pact,3.0,0,0.0012663877662295617,0.0002751621718268314,0.0004586035792572642,0.0,0.0,0.015332950575269415,1.5654192634207433,1.565482197945088,0.06584921762129003,977.4443425773078,0.4207448661327362,5.752972602844238,0.001697370088234238,140649.0,0.0,140387.0,0.0,0.0,0.9899261521495037,0.9000000000000004,0.8909335148883165,0.5589625899989649,-0.1973086807524984,0.001322830976196119,0.0015489344909514649,-0.1873402102774841,0.20905664856523934,0.48535564853556484,1.5654821989561032,0.0,239
594,train,pact,3.0,0,0.36491424218167223,0.0916910526393165,0.15281840845854577,0.04754659620787808,0.0011411183299379866,0.014664454590217464,1.467624398953745,1.4880992199087741,0.5529204277656816,1242.9824887838324,0.46374165471721146,5.28470150995454,0.06468693874620493,140887.0,0.0,140625.0,0.0,0.0,0.9913013854286162,0.9000000000000004,0.8921712245402476,0.8432354164415314,0.43155260309281573,0.029463759787216947,0.06216267326059576,-0.19649191216450335,0.39579809489895845,0.2719665271966527,1.4880992116863268,0.0,239
595,train,pact,3.0,0,0.046663172881091675,0.010175522717602624,0.016959203174162697,0.0,0.0,0.015230278007171768,1.5596225545994906,1.5561213503322842,0.43407632828257575,1176.7680648739868,0.5216903751034087,7.5114827061298,0.012707003830663205,141125.0,0.0,140863.0,0.0,0.0,0.9906497709920715,0.9000000000000004,0.8915847657115888,0.2431674342849756,0.21835776385744055,0.005663085809203812,0.01240813847344805,-0.1859503497334243,0.18338823110478056,0.5104602510460251,1.5561213511435097,0.0,239
596,train,pact,3.0,0,0.29470410188133966,0.06640411858558867,0.11067352539495123,0.019969570462174995,0.0,0.015164900198968509,1.5636621668747779,1.5647472407528547,0.31661886154483054,982.226195778308,0.42807749337731044,1.3682164629632958,0.04076710371173934,141363.0,0.0,141101.0,0.0,0.0,0.9896856566353323,0.9000000000000004,0.8907170682272652,0.45689595611906325,0.4832764811862641,0.01264095471834405,0.0433815715008388,-0.185296016078255,0.1671562954390338,0.5188284518828452,1.5647472408117178,0.0,239
597,train,pact,3.0,0,0.32695747973790945,0.07631907263836396,0.12719844697535507,0.03879802209562836,0.0,0.015531604776400526,1.5493134088097258,1.5636831948447927,0.4366422557431784,996.6031494140625,0.5036536750060245,1.4396371986077918,0.0653469148306293,141601.0,0.0,141339.0,0.0,0.0,0.9910691290719739,0.9000000000000004,0.8919621947918975,0.5043430303092002,0.5047376673914683,0.05798853316925245,0.06617672895919142,-0.18723703252205495,0.20917534644944952,0.4811715481171548,1.5636831983420958,0.0,239
598,train,pact,3.0,0,0.007217873016016257,0.0028387716253392573,0.004731285862591036,0.0,0.0,0.01611366381315382,1.6073308113229823,1.6318183541297913,0.38991839766003594,1159.5126031213226,0.7348417188333168,9.059232868410055,0.03729720276689827,141839.0,0.0,141577.0,0.0,0.0,0.9912076141046181,0.9000000000000004,0.8920868343389184,5.7472827375482245,-4.595584779640703,0.02200201150788836,0.032671261730771436,-0.1971557511214736,0.2302442208967625,0.4769874476987448,1.631818355548119,0.0,239
599,train,pact,3.0,0,0.004841264746033501,0.0009603494757330473,0.0016005823742629957,0.0,0.0,0.01579831167276185,1.5723645111008169,1.5726017340955376,0.14716445879911358,1056.1048323499608,0.23650721370176292,1.7687293585374266,0.0029723089800613727,142077.0,0.0,141815.0,0.0,0.0,0.990726931075172,0.9000000000000004,0.8916542106093722,0.6118701346598974,-0.029628658256348972,0.002004651113102742,0.0027405268358744713,-0.18702837887375984,0.1824089735600463,0.4769874476987448,1.5726017433431412,0.0,239
600,eval,pact,3.0,0,0.3501149740058049,0.04406846130516908,0.07344743044247849,0.017116774325590254,0.0,0.008242647437316416,0.6530259643763179,0.7294283207490354,0.29410767339357025,4015.53238566251,0.147945160521623,15.38669471910309,0.040991685877332006,142315.0,0.0,142053.0,0.0,0.0,0.996529300093152,0.9000000000000004,0.8968763548459967,0.69878494472996,0.23003424912709602,0.015972739198294124,0.03919469919951952,-0.0918233365081614,0.02480785779993471,0.9497907949790795,0.7294283158231957,0.0,239
601,eval,pact,3.0,0,0.4023595106228796,0.08474587716991056,0.14124312225238358,0.0015214911065839823,0.0,0.007712629080114879,0.6885728670214011,0.6093360496115984,0.313012583921644,26313.59248741501,0.07493511861039566,35.68466382844677,0.03138122183492867,142553.0,0.0,142291.0,0.0,0.0,0.9891482102821063,0.9000000000000004,0.8902333679308951,0.7022877279777099,0.6457923731480046,0.0033055013002012855,0.03260661160746769,-0.07414594226722507,0.009406807323659457,0.9790794979079498,0.6093360499827166,0.0,239
602,eval,pact,3.0,0,0.0760018663305159,0.018784524867754133,0.03130754027470593,0.0,0.0,0.009144989156970856,0.7299195923316428,0.7741714137368622,0.5827932644588678,55763.46156674948,0.25774449085091944,57.55074688181219,0.02909380825875506,142791.0,0.0,142529.0,0.0,0.0,0.9919490769318456,0.9000000000000004,0.8927541432520336,1.4618191948194945,0.1170490055255341,0.01607412010888586,0.024780278924120023,-0.09099791611674268,0.01608356331048399,0.9665271966527197,0.7741714172158943,0.0,239
603,eval,pact,3.0,0,0.10942615455924436,0.02680704619455218,0.04467840778280832,0.0,0.0,0.008511825928378803,0.737621329319527,0.6833913298830327,0.39016419443375894,198026.96378138076,0.18268401256497466,65.26816499781908,0.017506371493349982,143029.0,0.0,142767.0,0.0,0.0,0.9902452371359869,0.9000000000000004,0.8912206860765752,0.46057853801445114,0.4105099507003537,0.0019644371633871626,0.01780543271569091,-0.07880939022498887,0.01216653313154693,0.9790794979079498,0.6833913308039682,0.0,239
604,eval,pact,3.0,0,0.31501783161268476,0.05883483243638564,0.0980580480655175,0.0038037277664599556,0.0,0.009154751641621276,0.6774309645387419,0.689336600912166,0.23228010105818636,92264.38979144875,0.03611674024533656,97.45151906831494,0.03557609529799497,143267.0,0.0,143005.0,0.0,0.0,0.9925303144933788,0.9000000000000004,0.8932772600501152,0.9137221080001268,0.4663628899318929,0.00862923260473718,0.032655099607520895,-0.08748763068464228,0.00851657319208285,0.9790794979079498,0.6893366023343889,0.0,239
605,eval,pact,3.0,0,0.04055127557113798,0.011383933140548598,0.018973221381129862,0.0,0.0,0.008834328003632973,0.740864477147617,0.7245328961306536,0.3704051919063265,157186.69233786612,-0.010982052021694982,136.77927652462756,0.008934483906764646,143505.0,0.0,143243.0,0.0,0.0,0.9932812838873604,0.9000000000000004,0.8939531273422879,0.567985188975399,0.5006883258324109,0.003708974540791382,0.008828468117609652,-0.0812953610154056,0.00041544259473574885,0.99581589958159,0.7245328919474648,0.0,239
606,eval,pact,3.0,0,0.046663172881091675,0.007130829936046729,0.011884715681467945,0.0,0.0,0.007996633078973102,0.6723135990328369,0.692289902824737,-1.2412263936865842,177691.6907524843,-0.15813748814676065,58.721865929320266,0.013231874288207848,143743.0,0.0,143481.0,0.0,0.0,0.987802981332755,0.9000000000000004,0.8890226505790295,0.573792580938942,0.5844769787345196,0.011039809394086705,0.011673419382695935,-0.07817164771330305,0.0015727469657853348,0.9916317991631799,0.6922899018609714,0.0,239
607,eval,pact,3.0,0,0.36491424218167223,0.036093215680605424,0.060155355979792706,0.006656523404261058,0.0,0.007633238090747757,0.6804885616112952,0.6978359103950995,0.08028277372135235,65174.49434492678,0.19433727962545522,61.89144198565304,0.028020744601646476,143981.0,0.0,143719.0,0.0,0.0,0.9901989632321202,0.9000000000000004,0.8911790513593283,0.8284160696167674,0.34691539603333466,0.010502907094433085,0.025620785320692046,-0.08946851098703436,0.016795750615745272,0.9288702928870293,0.6978359128446663,0.0,239
608,eval,pact,3.0,0,0.11274788101110218,0.02321261436800608,0.038687689224518415,0.0,0.0,0.008225145287983213,0.6941777361736138,0.6626246489241532,-0.045719625319210054,178109.7141409519,0.0995996641053596,91.60246635979688,0.008964669297909107,144219.0,0.0,143957.0,0.0,0.0,0.9925840210216315,0.9000000000000004,0.893325596673718,0.6813850344942834,0.7122518473342736,0.002803669205956882,0.009923885157039567,-0.07306811378552511,0.0,1.0,0.6626246467977535,0.0,239
609,eval,pact,3.0,0,0.5020884493196984,0.09234176974684971,0.15390294191057824,0.0,0.0,0.006552548235414791,0.6682835779928263,0.6599114028479763,0.31141390016684345,53192.54555112448,0.053343131925879535,48.64542523388084,0.03924318807098282,144457.0,0.0,144195.0,0.0,0.0,0.9834953456742993,0.9000000000000004,0.8851457948964011,0.954523535186935,0.5778334794076823,0.027781854383647442,0.03680119869030357,-0.08127634349583764,0.0031454939315706696,0.9372384937238494,0.6599114041885654,0.0,239
