episode,phase,arm,sigma,direct,A,load,load_frac,sat,clipped,x_std,q_cmd_abs,q_exec_abs,resid_after,reward,v_out,cr,q_loss,destroy,steps
0,train,blind,3.0,0,0.07732631201700618,0.029715478632182827,0.04952579300700433,0.018831169250465574,0.0017316017832074847,0.01636177950228254,1.580252077182134,1.6137172403789701,0.029684479530498634,-1.173027387743931,0.5034447821681864,0.12857142857142856,1.6137172372539148,0.004761904761904762,210
1,eval,blind,3.0,0,0.4941819601855557,0.21877938176217396,0.36463223767295627,0.41080258537286496,0.0,0.01533443278294041,0.5186955168157442,1.304017790067146,0.21877938045132952,-0.1980452281372615,0.4121190539778629,0.3138075313807531,1.3040178016157185,0.0,239
2,eval,blind,3.0,0,0.33479187858415665,0.13252687728399373,0.22087808722901334,0.2731076444043275,0.0,0.013623364410016327,0.5934174881320619,1.0905457557993454,0.13252687700313873,-0.16234461567953784,0.28407371138609455,0.4560669456066946,1.0905457535912404,0.0,239
3,eval,blind,3.0,0,0.11274788101110218,0.020401852933889537,0.03400308431775108,0.019779383637416312,0.0,0.01030304127423459,0.6619645703786586,0.6885541893198899,0.020401852526283695,-0.09919387700652374,0.17775008160479538,0.5313807531380753,0.6885541897670532,0.0,239
4,eval,blind,3.0,0,0.4671610229562556,0.2355019348606943,0.3925031553831199,0.4558767583455002,0.0,0.016869004841145736,0.5213732080978329,1.4183133951540272,0.23550193389609714,-0.21096299973353888,0.47826344995400466,0.25523012552301255,1.4183133966202506,0.0,239
5,eval,blind,3.0,0,0.31099300983821715,0.11745052389797747,0.19575083646815533,0.23430962255809099,0.0,0.013032346067630596,0.595857622733176,1.0138726478840019,0.11745052389478093,-0.14161396234053197,0.225822724709932,0.6778242677824268,1.0138726503957662,0.0,239
6,eval,blind,3.0,0,0.4859937123801958,0.23487736503728487,0.39146220422028755,0.45321414878428234,0.0,0.01683574063590412,0.5305088017151446,1.4226275706765044,0.23487736381340182,-0.21140832672199103,0.5766046470221668,0.18828451882845187,1.4226275678741833,0.0,239
7,eval,blind,3.0,0,0.15576161381352116,0.04907934044891879,0.08179888718133276,0.08292126225377726,0.0,0.011008990825266893,0.6391669327245098,0.7841117709999803,0.049079340193316535,-0.10745878440989712,0.15712632422327075,0.6234309623430963,0.7841117686344449,0.0,239
8,eval,blind,3.0,0,0.3959428790102983,0.19861992105623388,0.33103313968969517,0.39634842104492823,0.0,0.01778422195316296,0.5796580348304126,1.382345379895246,0.1986199195712916,-0.2249651058336994,0.5500756699011841,0.012552301255230125,1.3823453766618268,0.0,239
9,eval,blind,3.0,0,0.3926658787366775,0.19255733762677296,0.32092883468449224,0.37067325862132355,0.0,0.015392023448493317,0.5304641973648111,1.2631445096875833,0.19255733609328116,-0.18935997837528645,0.40010089320157866,0.2301255230125523,1.2631445137396953,0.0,239
10,eval,blind,3.0,0,0.007217873016016257,0.0013187621505905448,0.0021979368514214274,0.0,0.0,0.010104841012975287,0.6212459951015696,0.6194742189790414,0.0013187621718095508,-0.08847710396478398,0.14917356598118642,0.45188284518828453,0.6194742164418032,0.0,239
11,train,blind,3.0,0,0.3612674953427315,0.17194613609853868,0.28657684208018847,0.3212247982184757,0.059908711947656575,0.01935615204664329,1.473490288317453,1.7466706720854948,0.1681049853758085,-0.23801873477140673,0.39547167571738034,0.29707112970711297,1.7466706706131767,0.0,239
12,train,blind,3.0,0,0.3109929788440381,0.14416542659418913,0.2402756716800921,0.24933434829552303,0.055344238316164855,0.018980875046276897,1.5802735618966395,1.7592915169364738,0.14067110441512234,-0.2335908317456867,0.34888275616487135,0.34309623430962344,1.7592915087415846,0.0,239
13,train,blind,3.0,0,0.4653420529930334,0.20037409251962646,0.3339567734773973,0.2991631801657098,0.01502472461516887,0.020399013228293617,1.735682993503794,1.8266541581273579,0.20002517589819035,-0.2356886570496596,0.4206949761120508,0.26359832635983266,1.8266541427889018,0.0,239
14,train,blind,3.0,0,0.1445073664815396,0.0698559888183489,0.1164266347802813,0.08387219438243611,0.010270064720050062,0.019592881946976465,1.8194067173921913,1.8344126947255315,0.06941574650330012,-0.22840794789146104,0.32692364758598175,0.26778242677824265,1.834412699763929,0.0,239
15,train,blind,3.0,0,0.49975553764743685,0.19946761835162152,0.33244599020045257,0.25332826213856624,0.024153671254672764,0.01907304986126752,1.8618972351361518,1.7242204571867588,0.19835367125502124,-0.23842968822727992,0.5136650939197007,0.1799163179916318,1.7242204536993826,0.0,239
16,train,blind,3.0,0,0.3649142709313249,0.13998881910311908,0.23331466775775253,0.17896538611236476,0.020730315890771074,0.019440602582770257,1.8889945037195373,1.8064651912600425,0.13875605206082722,-0.25904769324873655,0.6059526988931423,0.06276150627615062,1.8064651835583936,0.0,239
17,train,blind,3.0,0,0.43151492035799666,0.1559264544178644,0.2598773878581372,0.21871433965082449,0.011030810522733872,0.019525442432191332,1.9917603800985104,1.7648923799831997,0.1553037338621625,-0.2451350073376604,0.5730733849669131,0.08368200836820083,1.7648923887727312,0.0,239
18,train,blind,3.0,0,0.4934485877536371,0.17723857331119874,0.29539758459519727,0.20654241154632808,0.006085964426335929,0.01759873394110088,2.084621829966621,1.638035479200435,0.17699408114571893,-0.23410835887284134,0.6222143090299415,0.09623430962343096,1.6380354738596505,0.0,239
19,train,blind,3.0,0,0.4934485925616751,0.1807688894932729,0.30128144482140934,0.22879421785785564,0.003803727704112001,0.018680885580278715,2.1708075955323096,1.7152778452659752,0.18066234651212723,-0.2161242172923181,0.348704709338556,0.3179916317991632,1.7152778443559271,0.0,239
20,train,blind,3.0,0,0.04253383616285562,0.026393737392434287,0.043989560867866276,0.0,0.0,0.022392184555405852,2.2141239643096924,2.1127797068412333,0.026393737722622723,-0.2523405012566341,0.3809015104305766,0.16317991631799164,2.112779712038811,0.0,239
21,train,blind,3.0,0,0.14822524460574474,0.06396128056913314,0.10660212099024632,0.06922784329208868,0.0005705591649689933,0.0217495544279719,2.1882951060099582,2.0173990636689894,0.06395346990096769,-0.25388925823121716,0.4600433247277367,0.08368200836820083,2.0173990640859922,0.0,239
22,train,blind,3.0,0,0.2656803508259933,0.09900151686689322,0.16500250627549762,0.1084062383514069,0.0007607455532919912,0.020326069148966584,2.245066240741618,1.9137431936782774,0.09897446924860484,-0.2436192680697794,0.4790053117303184,0.07112970711297072,1.913743188741373,0.0,239
23,train,blind,3.0,0,0.05794356438666426,0.03329229949849071,0.055487162961208585,0.0,0.0,0.02279436482685505,2.2698438850905607,2.1368956411234006,0.03329229931656133,-0.27785141138202046,0.6335202825009645,0.02092050209205021,2.1368956305573614,0.0,239
24,train,blind,3.0,0,0.002674001892095833,0.0019904362335757286,0.003317393465907699,0.0,0.0,0.02406635434682399,2.2566929641627866,2.250024308220612,0.001990436108149179,-0.2648113444894471,0.36787441763850565,0.13807531380753138,2.250024308762512,0.0,239
25,train,blind,3.0,0,0.4926731121291847,0.1736836360103697,0.2894726891828522,0.20045644699529624,0.005135032484720941,0.017298540488181628,2.131646613196848,1.5969412432804266,0.17336619726336408,-0.25260955509381294,0.7770556989821659,0.008368200836820083,1.596941235153629,0.0,239
26,train,blind,3.0,0,0.16342436824145895,0.06591282827322026,0.10985470135992385,0.052681628069119475,0.0,0.020906278297546706,2.1728163748106697,1.9477738368960105,0.06591282810919157,-0.24323634343971204,0.4547019199382771,0.07531380753138076,1.9477738417204449,0.0,239
27,train,blind,3.0,0,0.009418925725383427,0.006697378338925408,0.011162296855770087,0.0,0.0,0.022116665358199235,2.095014391085094,2.07021238514569,0.006697378307812318,-0.24946754422296583,0.3841360277753049,0.1297071129707113,2.070212402845553,0.0,239
28,train,blind,3.0,0,0.2531380826036473,0.0903407525916028,0.15056790244868112,0.09889691899760497,0.004944845971702033,0.01938307209614524,2.031064416574135,1.8214895934739372,0.09004613741537362,-0.238712389755828,0.4942876643223835,0.09205020920502092,1.821489593132273,0.0,239
29,train,blind,3.0,0,0.07879225602993307,0.038371333360628646,0.0639522171719158,0.020159756788150036,0.0,0.019792736617061133,1.9993716179077596,1.8860531259780149,0.03837133286580264,-0.21442341444473187,0.15314994510222854,0.4602510460251046,1.8860531435847703,0.0,239
30,eval,blind,3.0,0,3.939117242876347e-05,1.9489414892529592e-05,3.248235689589138e-05,0.0,0.0,0.021240632731670116,2.043712688789208,2.0436671523369507,1.948940606396178e-05,-0.2424764743338828,0.33843734235437267,0.0,2.043667159624762,0.0,239
31,eval,blind,3.0,0,0.45108052358230005,0.1603483214324012,0.2672471659630391,0.18372004476052448,0.0,0.014770259407532078,2.164264511862559,1.4360149245880638,0.16034831942417602,-0.17697441763964994,0.2652007477966705,0.3054393305439331,1.4360149191793958,0.0,239
32,eval,blind,3.0,0,0.07326335892778778,0.04066347099134843,0.06777244870232858,0.0,0.0,0.019592060516568907,2.072246571963801,1.891073581065094,0.0406634708845532,-0.2294499222842054,0.3790320187542657,0.18410041841004185,1.891073591756867,0.0,239
33,eval,blind,3.0,0,0.22391452780090834,0.0890789794972825,0.14846495311879201,0.0650437422501991,0.0,0.01772411290174311,2.1078884686386234,1.7061066072605644,0.08907897950379737,-0.20965321172145043,0.37529303540164394,0.26778242677824265,1.7061066114434125,0.0,239
34,eval,blind,3.0,0,0.05557842856955229,0.030799372842468156,0.051332284240846064,0.0034233549898139604,0.0,0.01992669002402371,2.0563645707014713,1.9208367839767344,0.03079937257767201,-0.22118364871420065,0.193655598088964,0.3472803347280335,1.9208367857417277,0.0,239
35,eval,blind,3.0,0,0.46892580401234446,0.16781881405351143,0.2796979879685941,0.1934195502532576,0.0,0.014462832373149973,2.167441470353673,1.4054072562870121,0.1678188136734568,-0.16324191801361151,0.026618000534140485,0.6694560669456067,1.4054072598880565,0.0,239
36,eval,blind,3.0,0,0.19514417073502602,0.07669492239439636,0.12782485406808303,0.08311144957731957,0.0,0.018032488535902613,2.091590592053146,1.7464153960534219,0.07669492181177177,-0.2006610063320658,0.12581975726282676,0.39748953974895396,1.7464154021038474,0.0,239
37,eval,blind,3.0,0,0.00020369909520827966,0.00012476401618841614,0.000207940013869763,0.0,0.0,0.021307376310790434,2.0531064466452498,2.05265069756049,0.00012476394409859342,-0.25039623731156924,0.40855811745155635,0.0,2.052650712428022,0.0,239
38,eval,blind,3.0,0,0.19920830527869945,0.0834403582252528,0.1390672500122769,0.051160136526099804,0.0,0.017993723652150215,2.109957467561985,1.7351344318818847,0.08344035775569476,-0.21496858829366383,0.4015252678121013,0.2803347280334728,1.735134434302547,0.0,239
39,eval,blind,3.0,0,0.5020884493196984,0.19347555170968908,0.32245921183981013,0.1898060090621645,0.0,0.013840856828442365,2.214539961336048,1.3406106757319622,0.19347554979352455,-0.17843069470561093,0.34042553191489366,0.2719665271966527,1.3406106805918971,0.0,239
40,train,blind,3.0,0,0.1299968671675179,0.05076482162607988,0.08460802898099783,0.0403195132645603,0.0005705591649689933,0.01883321023783861,1.947707798191693,1.8310928963218274,0.05075120157750945,-0.21485905137830963,0.23208403810202083,0.3263598326359833,1.831092892830926,0.0,239
41,train,blind,3.0,0,0.4797851214425007,0.16833441988940698,0.2805573344673298,0.19113731490268868,0.006656523591304923,0.018399548106028007,1.8436761545835678,1.6809573864338287,0.16814447893953136,-0.206745055029976,0.29624024451764147,0.3723849372384937,1.6809573867502556,0.0,239
42,train,blind,3.0,0,0.19514417073502602,0.07615750649747649,0.12692916369327212,0.07873716245884675,0.012362115053950993,0.0171303905957772,1.711158366881654,1.6521093441352686,0.07535121408749029,-0.2184624483414357,0.3698626071990267,0.34309623430962344,1.6521093364419355,0.0,239
43,train,blind,3.0,0,0.4870875290074779,0.20090086702142318,0.3348347350324406,0.26150627664941123,0.04735640988190304,0.01872456950723938,1.6368530699398727,1.699283820066492,0.19807420299406978,-0.2402358303145367,0.48505890382503947,0.2594142259414226,1.6992838187165242,0.0,239
44,train,blind,3.0,0,0.08452667201199193,0.03337370709373146,0.05562284080397872,0.01882845175814928,0.0013313047182609845,0.016487341948929066,1.6366094939379512,1.62400624193407,0.03333156374509633,-0.1966822063409581,0.23303362117570253,0.4100418410041841,1.624006240079069,0.0,239
45,train,blind,3.0,0,0.39266590399484474,0.1601678139025935,0.2669463172486107,0.25009509310063954,0.027577026119790814,0.01864852280079321,1.62833408431528,1.7461492686092106,0.15914364446782286,-0.2216881801718789,0.34656814742277214,0.301255230125523,1.7461492824901557,0.0,239
46,train,blind,3.0,0,0.08746963563609224,0.024119569283463673,0.040199279213795694,0.007987828122522043,0.0009509319416149889,0.015680074812571623,1.6021505990786533,1.593232071299932,0.024099711655919433,-0.20422202462694544,0.3521766224517048,0.2928870292887029,1.593232067322609,0.0,239
47,train,blind,3.0,0,0.47839141184577105,0.20829286404548678,0.347154721040767,0.33225561142217164,0.040699886914077665,0.01892446601280171,1.5083151699110056,1.7063815119875025,0.20622288418713597,-0.2310244168591598,0.442891480459361,0.27615062761506276,1.706381511318407,0.0,239
48,train,blind,3.0,0,0.010237416458047271,0.0022191533910825524,0.0036985888474652053,0.0,0.0,0.015717369326970942,1.6003301754656196,1.5990296220679663,0.002219153293496435,-0.2047610092742023,0.36906139648060776,0.22594142259414227,1.599029624557405,0.0,239
49,train,blind,3.0,0,0.025146201497458203,0.005146329094257369,0.008577214656652815,0.0,0.0,0.015555315688018644,1.6270664311851917,1.6267093559688106,0.005146329050632067,-0.21053770842369207,0.3871034748805603,0.19246861924686193,1.6267093554955108,0.0,239
50,train,blind,3.0,0,0.26150266818706364,0.10353068519189836,0.17255111803216747,0.14834537908871304,0.012742488017640852,0.017686520373861786,1.5812317058132284,1.649224260860906,0.10309037312672673,-0.22580075169058114,0.5075818273539274,0.18410041841004185,1.6492242648308395,0.0,239
51,train,blind,3.0,0,0.3347918485875449,0.13597667262251414,0.22662775322603,0.20787371613989317,0.027006467079517732,0.017368409753422482,1.5713182874803264,1.6616769280892536,0.13476267486322252,-0.2261037191878768,0.4839906228671474,0.18410041841004185,1.661676936909225,0.0,239
52,train,blind,3.0,0,0.49775201144090475,0.18063129588927992,0.3010521217243671,0.23221757434402052,0.015024724677516825,0.018108936334535416,1.6128402045581132,1.6686954223960015,0.18022610108502293,-0.21951890744738367,0.42710466185940243,0.2217573221757322,1.668695419741582,0.0,239
53,train,blind,3.0,0,0.23223904260317552,0.09094511573052518,0.1515751787565822,0.10403195160702183,0.007607455532919911,0.016995489554456338,1.6266790453858955,1.6686906899368414,0.09075328717242799,-0.2225645746633051,0.45983560343036883,0.20502092050209206,1.668690680131636,0.0,239
54,train,blind,3.0,0,0.12297281284996057,0.05179342102102249,0.08632236072566739,0.04773678184802562,0.005325218873043938,0.016190177077139146,1.5822466043248835,1.6126067134625741,0.05157299719545815,-0.2081182787993284,0.3689426985963975,0.2928870292887029,1.6126067040182994,0.0,239
55,train,blind,3.0,0,0.002028211354079294,0.0005663566698177005,0.000943927741535232,0.0,0.0,0.015929557971469277,1.6600305036520857,1.6601844941223016,0.0005663566810665136,-0.20274834419369636,0.25882073652037146,0.39748953974895396,1.6601844955682499,0.0,239
56,train,blind,3.0,0,0.17120400338753217,0.056303957139915,0.09383991950872392,0.05039939159628736,0.003613541378136958,0.01663109663655693,1.6942900007738728,1.6729970108016265,0.05619896873991881,-0.20204118861204762,0.24457699041514586,0.35564853556485354,1.672997008798027,0.0,239
57,train,blind,3.0,0,0.5020913164463541,0.16029278121816304,0.267154609719183,0.14263978737667515,0.007036896367950918,0.016775588896593165,1.7161052571180975,1.6015780223962153,0.16008735615901346,-0.19997225750899408,0.29885159797026617,0.35564853556485354,1.6015780204901942,0.0,239
58,train,blind,3.0,0,0.0023364927420596237,0.0007568288450152467,0.0012613813598066955,0.0,0.0,0.016327942561779062,1.699666115030584,1.6984702782650871,0.0007568288955207433,-0.20091784300977705,0.20401198848630525,0.4393305439330544,1.6984702729962589,0.0,239
59,train,blind,3.0,0,0.5010294404741651,0.15228747852623611,0.2538124409394152,0.12723469054599187,0.006656523591304923,0.016826189173751796,1.7511992297411962,1.5985959991500966,0.15205361080052363,-0.19896164477370962,0.28315380278346536,0.39330543933054396,1.5985959963519225,0.0,239
60,eval,blind,3.0,0,0.49418196437011425,0.1383818766081737,0.23063643365445943,0.12457208273051673,0.0,0.010311729913756687,1.5341192471432386,1.0716183138192947,0.13838187603699578,-0.1558650787104671,0.42740140656992787,0.24686192468619247,1.0716183138483677,0.0,239
61,eval,blind,3.0,0,0.5003441035252276,0.1377384804849856,0.22956411204243343,0.11373145753619063,0.0,0.009487294353287526,1.5203778771176997,1.0507868932380835,0.13773848057485433,-0.13906698918442173,0.21279563191786108,0.5606694560669456,1.05078689589101,0.0,239
62,eval,blind,3.0,0,0.2947040708871606,0.08172307156925537,0.1362051023483005,0.08729555024512144,0.0,0.009957237592917794,1.3991250797295671,1.085978777525814,0.08172307150779028,-0.14812229086581843,0.29971215763079023,0.4476987447698745,1.0859787710150235,0.0,239
63,eval,blind,3.0,0,0.00020369909520827966,9.447686136972985e-05,0.00015746143913495883,0.0,0.0,0.013525027978510662,1.3087637392048057,1.3085147012726532,9.447684624319663e-05,-0.16966663783188773,0.3120270631176,0.33472803347280333,1.3085147073850594,0.0,239
64,eval,blind,3.0,0,0.002028211354079294,0.0009032724984806074,0.001505454079816449,0.0,0.0,0.013595936882258958,1.3105641773056285,1.3087115257853743,0.000903272436345756,-0.17047607544866547,0.3193863319386332,0.3472803347280335,1.3087115211820044,0.0,239
65,eval,blind,3.0,0,0.35386675944174084,0.08951544206103342,0.14919238807749813,0.08881704035413814,0.0,0.009635166295270229,1.4133133337088708,1.1133784217191043,0.08951544152376939,-0.13938302396453048,0.1560580432653788,0.5397489539748954,1.1133784237847093,0.0,239
66,eval,blind,3.0,0,0.010237411712357194,0.003688642659589159,0.006147737702943928,0.0,0.0,0.013534943476732368,1.3067906955296025,1.297845259371163,0.003688642835734309,-0.17112138847935468,0.33078132882281375,0.3891213389121339,1.2978452561624327,0.0,239
67,eval,blind,3.0,0,0.04055126141090673,0.013596167877858154,0.022660278661479807,0.0,0.0,0.012726553246207441,1.3066479000087563,1.2662676984296184,0.013596168026809791,-0.16188879568402464,0.25982966853615835,0.4811715481171548,1.2662677061706842,0.0,239
68,eval,blind,3.0,0,0.0,0.0,0.0,0.0,0.0,0.01361746236362405,1.311592642732245,1.311592642732245,0.0,-0.17061399550005069,0.31244250571233567,0.3305439330543933,1.311592641887678,0.0,239
69,eval,blind,3.0,0,0.4595582126649525,0.12532940753675323,0.20888232275608962,0.11373145809732221,0.0,0.010727357069638297,1.532024376561951,1.101393345509613,0.12532940753896038,-0.15181082929782078,0.3192379595833704,0.2719665271966527,1.1013933524378605,0.0,239
70,train,blind,3.0,0,0.07057713395643153,0.024099689636588442,0.04016614798626913,0.0009509319416149889,0.0,0.0168129913216636,1.7543280718216836,1.6936049079795263,0.024099689137896136,-0.21242488670210938,0.3128282738360189,0.3682008368200837,1.6936049020256452,0.0,239
71,train,blind,3.0,0,0.1229728398538705,0.039962082396144,0.0666034643401423,0.014454165387851922,0.0,0.016258335197889967,1.7911148101216081,1.6915227459065585,0.03996208218514123,-0.20484883227573494,0.2573370129677438,0.40585774058577406,1.6915227387352314,0.0,239
72,train,blind,3.0,0,0.002028211354079294,0.0009798477894566158,0.0016330795460132196,0.0,0.0,0.01762341141942343,1.7687944393277668,1.7662982242376735,0.0009798478737542168,-0.20333413213563967,0.1629425205495712,0.49372384937238495,1.7662982183698936,0.0,239
73,train,blind,3.0,0,0.30288375901140147,0.10088377722769647,0.16813960725979327,0.11201977991658774,0.004564473319751947,0.01744881516642027,1.8421047195231066,1.7082030037456974,0.10076520248883936,-0.2042248954816451,0.23404255319148937,0.42677824267782427,1.7082030054190707,0.0,239
74,train,blind,3.0,0,0.40235948536471244,0.12053127197048137,0.2008854331296823,0.11392164386216566,0.0017116774949069802,0.017147192489901347,1.9027006506421078,1.6306479550804553,0.12047951431971392,-0.19028156364012916,0.16463396539956676,0.502092050209205,1.630647951849228,0.0,239
75,train,blind,3.0,0,0.5008256455296923,0.1585596882698962,0.2642661188805216,0.12171928565871266,0.0013313047182609845,0.01653750993946575,1.958460153894943,1.5798528603430073,0.15851364614442964,-0.18612005531643,0.15445562182854092,0.4560669456066946,1.5798528574639434,0.0,239
76,train,blind,3.0,0,0.2905912866229464,0.09337332060659952,0.15562218683388204,0.07797641690555476,0.0009509319416149889,0.017331872035059533,1.9055204551090257,1.7060442898562762,0.09334386627171062,-0.19933064748052226,0.18258702038636163,0.4393305439330544,1.706044295144636,0.0,239
77,train,blind,3.0,0,0.00484126768363289,0.002317603463129234,0.0038626721772028203,0.0,0.0,0.018693082036536232,1.833806205992918,1.828205252292266,0.0023176035011834057,-0.20917072273966625,0.15718567316537582,0.4895397489539749,1.8282052554833998,0.0,239
78,train,blind,3.0,0,0.10291769171121948,0.03892461193879388,0.06487434959787024,0.010460251233068969,0.0,0.018192956019504675,1.8833562973652924,1.7848869996090813,0.03892461203590813,-0.20511292444239934,0.15964865426273775,0.4560669456066946,1.7848870039739841,0.0,239
79,train,blind,3.0,0,0.4918546215835647,0.15745005498685416,0.26241673276267474,0.14092811062994362,0.0019018638832299778,0.015570862113525428,1.9532796353974602,1.546583653618601,0.1573911069692456,-0.19271957663629877,0.292946378230808,0.34309623430962344,1.5465836539633204,0.0,239
80,train,blind,3.0,0,0.4941819601855557,0.15066175878831675,0.2511029087532376,0.11449220271539488,0.0,0.016216477049927708,1.939156391131828,1.5918051465784655,0.15066175742122825,-0.1885531161177255,0.18849224012581975,0.4686192468619247,1.591805159419994,0.0,239
81,train,blind,3.0,0,0.39917434158470244,0.11739634576340174,0.19566055417045813,0.10859642492677378,0.0019018638832299778,0.01715870284588392,1.88799695539674,1.6421931965829937,0.11734683012272014,-0.19963774689225824,0.23149054868096974,0.4476987447698745,1.642193187470456,0.0,239
82,train,blind,3.0,0,0.4615407577247839,0.13628088406549677,0.2271347872965977,0.11240015275558168,0.0015214911065839823,0.016254955653303836,1.8734952211380005,1.632656812169063,0.13625134301373576,-0.19585762038181828,0.21837443247574112,0.4309623430962343,1.6326568223424658,0.0,239
83,train,blind,3.0,0,0.30288375901140147,0.08506944472181538,0.14178239452985317,0.06219094717352959,0.0015214911065839823,0.016401190710133216,1.8597574967220738,1.7036626770406587,0.08503208716961526,-0.19691055444357605,0.14875812338645064,0.5104602510460251,1.7036626690541343,0.0,239
84,train,blind,3.0,0,0.4465136047263696,0.13502371419651266,0.22503949871318898,0.13636363681140803,0.007417268957553049,0.016881961598563706,1.8620828619561933,1.6399881056661885,0.13473025884260215,-0.2038113469339889,0.3008397875307873,0.3472803347280335,1.6399881095310125,0.0,239
85,train,blind,3.0,0,0.34251428529070727,0.09683727475882227,0.16139544354208354,0.08311144932792776,0.0017116774949069802,0.01637541701740519,1.845027370931713,1.6579156208736627,0.09677878830531489,-0.1984335701737621,0.2169797323362711,0.3682008368200837,1.6579156233864625,0.0,239
86,train,blind,3.0,0,0.4926731121291847,0.15918966898117184,0.26531608737465706,0.14986686975886132,0.006276150814658927,0.015926983772492558,1.8160288927445352,1.5745256525702058,0.1589028830935014,-0.20362661493655515,0.3565684441674826,0.2803347280334728,1.5745256512271737,0.0,239
87,train,blind,3.0,0,0.4909922425595826,0.1390112971995949,0.23168547546330165,0.10365157939150742,0.0030429822131679647,0.016258073911250073,1.8238681814161803,1.6197879888023792,0.13890963675256135,-0.19346060998541653,0.2160301492625894,0.4309623430962343,1.6197879869847478,0.0,239
88,train,blind,3.0,0,0.49099224892631954,0.16551757360554714,0.27586259322646334,0.16584252612860134,0.02130087530513189,0.015757866604175715,1.630523044693919,1.5166984155587073,0.16403258290052256,-0.23912392176969915,0.6830173002166238,0.07112970711297072,1.5166984121625746,0.0,239
89,train,blind,3.0,0,0.11274788101110218,0.035862759383303744,0.059771260163219736,0.01426397893718097,0.0005705591649689933,0.016156956748296526,1.7432172243565196,1.7135283812319384,0.03583215978900146,-0.20698068166053066,0.24178759013620582,0.3472803347280335,1.7135283915406665,0.0,239
90,eval,blind,3.0,0,0.033166217367872536,0.012044601650155664,0.020074334792800345,0.0,0.0,0.014357457800561788,1.446838647750631,1.4287396806553319,0.012044601501546513,-0.19592557839531832,0.4250571233567762,0.33472803347280333,1.4287396855499903,0.0,239
91,eval,blind,3.0,0,0.5018883342007137,0.1497037614593499,0.24950624464684829,0.11829593010776711,0.0,0.010036037933806183,1.433780083347065,1.1131295442082394,0.14970376131733173,-0.198352023843894,0.740437401703315,0.07112970711297072,1.1131295422336935,0.0,239
92,eval,blind,3.0,0,0.07326335892778778,0.021367822795422643,0.0356130351018041,0.0,0.0,0.014085576456492166,1.4353210748987717,1.4188008620150419,0.021367822634103396,-0.18855179429545282,0.40416629573577845,0.28870292887029286,1.4188008598091253,0.0,239
93,eval,blind,3.0,0,0.10291766645305227,0.025943651701104253,0.04323941677653257,0.0007607455532919912,0.0,0.009158233435879067,1.4856675818375464,1.4530223912274987,0.025943651706233955,-0.17620532236454692,0.18828451882845185,0.47280334728033474,1.4530223934723314,0.0,239
94,eval,blind,3.0,0,0.00046352766528258015,0.0002217617640408169,0.0003696029259829108,0.0,0.0,0.014430378552011866,1.4471668486315834,1.4470620162816228,0.00022176179223134724,-0.19556044397893158,0.432446066648862,0.2928870292887029,1.4470620187668175,0.0,239
95,eval,blind,3.0,0,0.137177762364597,0.03473073271805897,0.057884550188497835,0.008748573675814034,0.0,0.009469659209921644,1.4723998966576166,1.4089094427838984,0.03473073254203559,-0.16726494979415069,0.09406807323659457,0.5648535564853556,1.4089094443591765,0.0,239
96,eval,blind,3.0,0,0.09973252267304225,0.024562537780751365,0.04093756039913551,0.006466337078286016,0.0,0.009414586041777329,1.4695344839135973,1.4480845903252957,0.024562537898277868,-0.1637703419156812,0.02178106175257426,0.8744769874476988,1.4480845906267028,0.0,239
97,eval,blind,3.0,0,0.5020920332959219,0.13031776143040463,0.2171962455082911,0.09756561477812763,0.0,0.009554477189336299,1.4705580328298913,1.1805685377021216,0.1303177612272486,-0.17651712322326646,0.5307872637170242,0.18410041841004185,1.1805685392158827,0.0,239
98,eval,blind,3.0,0,0.007910073110366154,0.003512625394970014,0.005854375476511264,0.0,0.0,0.014310337879761242,1.4487128093152863,1.441883288417401,0.0035126252345792914,-0.19349649711873704,0.4292708982462387,0.2928870292887029,1.4418832798677081,0.0,239
99,eval,blind,3.0,0,0.4955261337087284,0.13427095791967572,0.22378490741006524,0.10441232506949533,0.0,0.009321282736598572,1.4563116516029486,1.1568083114703829,0.1342709571611495,-0.17411811304110228,0.5330425235170184,0.19246861924686193,1.156808311109671,0.0,239
100,train,blind,3.0,0,0.2698529906927464,0.082051335319109,0.13675221232774845,0.0779764172796425,0.007227082631578006,0.01670564160483527,1.759000339767424,1.7093929448885898,0.08185621936945799,-0.20492984251605653,0.23819697913884685,0.45188284518828453,1.7093929531052157,0.0,239
101,train,blind,3.0,0,0.012959521485526197,0.004077479633531644,0.006795799040663491,0.0,0.0,0.0159305216915999,1.7297237677554207,1.724162389044981,0.00407747969843684,-0.2033863867741171,0.19810676874684707,0.4560669456066946,1.724162386462867,0.0,239
102,train,blind,3.0,0,0.0007224766159197316,0.0003217956452077853,0.0005363260421275539,0.0,0.0,0.01633335333551323,1.7267685894188023,1.7262281089647045,0.0003217955438010287,-0.20524726702333576,0.22451704798361968,0.39748953974895396,1.7262281119151546,0.0,239
103,train,blind,3.0,0,0.34633041948240073,0.10909450314615257,0.1818241500679437,0.11411183018814071,0.009889692068099976,0.016790272288071187,1.7658678517680786,1.7032553388982636,0.10872094892571212,-0.2167447267062621,0.35722128253063895,0.301255230125523,1.7032553407608921,0.0,239
104,train,blind,3.0,0,0.5020268857079679,0.15451638199754972,0.25752727974829204,0.13084823186178088,0.010270064969441882,0.016977291196686017,1.7909386736578523,1.6613386385610414,0.1542126281096156,-0.2019262009035551,0.2660909819282471,0.3723849372384937,1.6613386324069197,0.0,239
105,train,blind,3.0,0,0.43414843287689137,0.13512302729405637,0.2252050225393592,0.14187904207277496,0.007987828309565907,0.017724060149528244,1.7526668429873478,1.6753216961936472,0.13491440867518306,-0.209533441256497,0.32312531529125493,0.3305439330543933,1.675321702859911,0.0,239
106,train,blind,3.0,0,0.38934417804177057,0.13740702828982043,0.2290116853765391,0.16679345788317246,0.02244199344802601,0.016721350898786944,1.6781844738637055,1.6402681721803034,0.13585917631448047,-0.2207658647638913,0.41962669515415896,0.2719665271966527,1.6402681689674812,0.0,239
107,train,blind,3.0,0,0.051011509713621825,0.015266163406161022,0.02544360510349419,0.0007607455532919912,0.0,0.016583250827744415,1.7012413745145918,1.6787119610040258,0.015266163823265186,-0.20101350555995023,0.2257930502388795,0.4351464435146444,1.678711965838421,0.0,239
108,train,blind,3.0,0,0.43414843287689137,0.1461633767364246,0.24360560063676637,0.1635602898428131,0.01122099691105687,0.017700611142184446,1.7075898023828802,1.6572691648575053,0.14561478185689689,-0.21011122376599012,0.32232410457283606,0.3472803347280335,1.6572691459577706,0.0,239
109,train,blind,3.0,0,0.10291769171121948,0.03322255590386376,0.055370922308729593,0.010650437434348103,0.0003803727766459956,0.016271755461694057,1.7255809661234771,1.696007108089814,0.03321184669249271,-0.20772366528317007,0.29407400813080503,0.38493723849372385,1.696007108854142,0.0,239
110,train,blind,3.0,0,0.015004510717528821,0.005699125626257175,0.009498541919764415,0.0,0.0,0.016733220721902833,1.7138146147069573,1.7050997103607306,0.005699125669760704,-0.1994635309536601,0.17424849402059409,0.48535564853556484,1.7050996982847269,0.0,239
111,train,blind,3.0,0,0.5005976261530134,0.1585073195437491,0.26417883931258285,0.15310003817330844,0.006656523528956968,0.017133681899497762,1.778088152159208,1.6670484648838202,0.15834570354207883,-0.20961796732849883,0.34244339594646733,0.30962343096234307,1.6670484670387593,0.0,239
112,train,blind,3.0,0,0.18307093769721308,0.05999299881352203,0.09998832318040315,0.05001901844555364,0.0013313047182609845,0.017148711667961156,1.7375697655657845,1.6982365198215181,0.059971328950504735,-0.21168573032205287,0.3202468915991572,0.32217573221757323,1.6982365272887432,0.0,239
113,train,blind,3.0,0,0.0008817254575398053,0.0003139770780770385,0.0005232951374652418,0.0,0.0,0.016775491735099124,1.6787243054002898,1.6781533757014255,0.00031397711183869955,-0.1969192596764035,0.17418914507848896,0.48535564853556484,1.6781533589922473,0.0,239
114,train,blind,3.0,0,0.009418921166737213,0.003213454854790809,0.005355757797610845,0.0,0.0,0.01739422089096829,1.7226067726582164,1.7177318958059016,0.0032134547830054198,-0.2025031841251303,0.20478352473367162,0.3891213389121339,1.7177318856769486,0.0,239
115,train,blind,3.0,0,0.05326771741892722,0.013788501032402594,0.02298083457992038,0.0,0.0,0.016420704930256973,1.6825706554756006,1.6679217152016932,0.013788501274305353,-0.19378673666459584,0.1531796195732811,0.5313807531380753,1.6679217096310552,0.0,239
116,train,blind,3.0,0,0.49865054549941856,0.1551300481289035,0.25855005346675475,0.14378090502078564,0.005515405261366936,0.016662585517882553,1.760899149224349,1.6213823639199325,0.154965509405952,-0.1993849649614547,0.27983026202557937,0.3514644351464435,1.6213823612780045,0.0,239
117,train,blind,3.0,0,0.0010625911311165598,0.00034681287947799824,0.0005780214523077283,0.0,0.0,0.017757258954687848,1.7260868813702253,1.72548389783963,0.0003468128106912776,-0.20330283363957466,0.18938247425739635,0.4309623430962343,1.725483897521526,0.0,239
118,train,blind,3.0,0,0.02096458594954064,0.008659307205474549,0.014432177547053443,0.0,0.0,0.017056579052794056,1.7376486606677706,1.7211050707924815,0.008659306907068955,-0.20308686284729932,0.20570343333630073,0.42677824267782427,1.7211050686995648,0.0,239
119,train,blind,3.0,0,0.24058936510885828,0.07612253016606899,0.1268708729711377,0.06219094748526936,0.0024724230481989714,0.017092187508987458,1.7245239288737086,1.6820539812163828,0.07604839629748616,-0.20014823354745911,0.21997685391257907,0.46443514644351463,1.6820539810490605,0.0,239
120,eval,blind,3.0,0,0.0349310103396663,0.009270798455206916,0.015451329857976542,0.0,0.0,0.008004358205866365,1.126104409225815,1.1162328505615808,0.009270798584393218,-0.12386808760097609,0.013056767263123535,0.9497907949790795,1.116232850842985,0.0,239
121,eval,blind,3.0,0,0.12297281284996057,0.03675269862707796,0.0612544956357741,0.01255230144227399,0.0,0.008189174256026433,1.2016782975097082,1.102473661365868,0.03675269923807574,-0.13214982138335435,0.09154574319712752,0.799163179916318,1.1024736551611924,0.0,239
122,eval,blind,3.0,0,0.47389736845189456,0.13450601563123946,0.22417666798381516,0.12400152437607115,0.0,0.009257423179029296,1.3468815240401104,1.0627520383651285,0.13450601585971672,-0.1486949044158131,0.319534704293896,0.4560669456066946,1.0627520341189989,0.0,239
123,eval,blind,3.0,0,0.4941819601855557,0.13748564106884348,0.22914270961522729,0.11696462800812023,0.0,0.00888531908751407,1.3578397384747303,1.0526750542878107,0.13748564048892833,-0.13580605809104884,0.20000593489421054,0.602510460251046,1.0526750589548208,0.0,239
124,eval,blind,3.0,0,0.5019918537838604,0.15676261695013816,0.26127099946013865,0.14130848134910712,0.0,0.009918738571560658,1.3580933006238738,1.062679392024563,0.1567626168887035,-0.1849368811528275,0.696281788777115,0.08368200836820083,1.062679388874538,0.0,239
125,eval,blind,3.0,0,0.005378621699537879,0.0018315042644458097,0.0030525069485664966,0.0,0.0,0.008234252972006174,1.1332921388258994,1.1295701514726901,0.001831504225067353,-0.12604031338203275,0.01709249532627081,0.8493723849372385,1.1295701513555385,0.0,239
126,eval,blind,3.0,0,0.4754479658978925,0.1433907420000061,0.23898454102967373,0.1401673641414323,0.0,0.009419002033434964,1.3196089098144277,1.0464708453441764,0.14339074114564426,-0.15352813981702923,0.40312768924893927,0.36401673640167365,1.0464708435817414,0.0,239
127,eval,blind,3.0,0,0.3720951933817057,0.09923674053924472,0.16539454627615885,0.10479269915544837,0.0,0.008276219966833063,1.2282707716131809,1.0755734180556182,0.09923673932161779,-0.12444425704140197,0.07715362473663907,0.7824267782426778,1.0755734170340574,0.0,239
128,eval,blind,3.0,0,0.24895395069227458,0.07571304727232578,0.12618839737240012,0.070749335333892,0.0,0.009046126982181579,1.2445579338273245,1.0839958571240493,0.07571304727326952,-0.1519606083683479,0.31621116353601,0.5439330543933054,1.0839958532049774,0.0,239
129,eval,blind,3.0,0,0.19920830527869945,0.0525785631789518,0.08763093048585242,0.019969570711566815,0.0,0.008009211959075729,1.2202741209433168,1.0862561833409585,0.05257856310584213,-0.1251987607792705,0.09207988367607348,0.8535564853556485,1.086256181089993,0.0,239
130,train,blind,3.0,0,0.029798324749413897,0.009568858208226953,0.01594809591632568,0.0,0.0,0.016455374410664313,1.6591507907193077,1.6483807511409456,0.009568858190082723,-0.19636662064076518,0.20202379892578412,0.40585774058577406,1.648380745642583,0.0,239
131,train,blind,3.0,0,0.1595777480052146,0.06003897799270044,0.10006495224067549,0.058957779320214086,0.005705591649689934,0.016555038912058125,1.670748673722335,1.6525504913290174,0.059716494702629325,-0.21277422623036052,0.36247366390694086,0.27615062761506276,1.6525504853644162,0.0,239
132,train,blind,3.0,0,1.0033001283974734e-05,1.5690775665359096e-06,2.615129191303727e-06,0.0,0.0,0.01654631173565485,1.6984268294717477,1.698426860895117,1.569110156128487e-06,-0.19864257751081457,0.1765334282916407,0.42677824267782427,1.6984268624258365,0.0,239
133,train,blind,3.0,0,0.4918546215835647,0.16517152310581695,0.27528583904510684,0.17801445479422934,0.01464435190087083,0.01709127037836605,1.6740147124773288,1.5883049104503009,0.16448711105076502,-0.20740042147924126,0.3749666162200659,0.30962343096234307,1.58830491169138,0.0,239
134,train,blind,3.0,0,0.09659447261740192,0.03277404178992446,0.0546233983002966,0.021491061444063066,0.0022822366598759733,0.01640028220691005,1.6548060867078134,1.6535123728808,0.03263932323001632,-0.20373504513039417,0.26908810350455503,0.401673640167364,1.653512378035952,0.0,239
135,train,blind,3.0,0,0.22391449630794566,0.06809721373596114,0.11349534558561664,0.050399392157418954,0.002852795824844967,0.015961516161437563,1.6540448079548122,1.628583066633057,0.06802718877921225,-0.2037708328081537,0.327576485949138,0.3138075313807531,1.62858306832541,0.0,239
136,train,blind,3.0,0,0.1595777480052146,0.05840429342337089,0.09734047783325626,0.05173069606515653,0.010460251295416924,0.016613794337747675,1.6182611951269366,1.6212053148068144,0.057819115573324,-0.20921124085644302,0.3373987358675331,0.32217573221757323,1.6212053117401677,0.0,239
137,train,blind,3.0,0,0.502052641987655,0.1889294288907363,0.314882347991983,0.2185241543224167,0.011791556076025863,0.018160211520511112,1.6832261262578445,1.686819609987187,0.18865558235890478,-0.2170246584624227,0.38784533665687415,0.25523012552301255,1.6868196145797307,0.0,239
138,train,blind,3.0,0,0.4554288766948919,0.17162464570107838,0.2860410432207664,0.21529098559622983,0.04089007305300884,0.017196388329694896,1.538547238046654,1.5791560470060324,0.16844000529872802,-0.22612034610479878,0.503160331167097,0.200836820083682,1.5791560476278723,0.0,239
139,train,blind,3.0,0,0.40549756067851994,0.1664334088867439,0.2773889805165058,0.23354887750358264,0.031951312988871806,0.01747725612706033,1.5874710005696349,1.6378318682375312,0.16471222678609057,-0.2252678040310459,0.41885515890679254,0.2719665271966527,1.6378318641873972,0.0,239
140,train,blind,3.0,0,0.49418196437011425,0.17247722508854849,0.2874620101568299,0.19113731477799276,0.01122099691105687,0.017755052683656746,1.720855202634963,1.6368273469194707,0.17217099427274296,-0.20182232205731745,0.27404374017033145,0.40585774058577406,1.6368273594946812,0.0,239
141,train,blind,3.0,0,0.09350418227249328,0.030648905737085046,0.05108150622765918,0.014263978625441195,0.0005705591649689933,0.016913499213583674,1.6872622063967972,1.6671760124641481,0.030619582680077025,-0.19433781248011,0.16151814593904862,0.5188284518828452,1.667176006171803,0.0,239
142,train,blind,3.0,0,0.2531380511106846,0.08890025591493034,0.1481670783473438,0.10289083327708384,0.007987828309565907,0.016367148609917656,1.6542888196442416,1.6374807484977913,0.08871619985245568,-0.20526359604092345,0.32437164307546223,0.301255230125523,1.6374807378570226,0.0,239
143,train,blind,3.0,0,0.01843199975083282,0.005285288275669574,0.008808813149108996,0.0,0.0,0.016116330216962176,1.6582264458784,1.653877335861637,0.005285288219349401,-0.1935752611529521,0.1702721148995519,0.4895397489539749,1.6538773350305058,0.0,239
144,train,blind,3.0,0,0.4615407577247839,0.18163353974496088,0.3027225268519923,0.2434385701328142,0.031190567560275727,0.017900106865351543,1.5804746530046023,1.652060299737683,0.17991918428477935,-0.22172160127072554,0.4224754443752041,0.28870292887029286,1.6520602937617366,0.0,239
145,train,blind,3.0,0,0.5000638237883528,0.17434494512578935,0.2905748757596838,0.19874477074734836,0.013122860794286848,0.01746275861821601,1.6331250158812711,1.6538219788583253,0.1740513245915669,-0.21526246524560189,0.4012285231015758,0.24267782426778242,1.653821977587759,0.0,239
146,train,blind,3.0,0,0.002028211354079294,0.0006269687122059402,0.0010449478160587497,0.0,0.0,0.01582942298266678,1.659439828106549,1.6589208517114489,0.0006269688329898808,-0.19684762465407693,0.19570313659159028,0.4435146443514644,1.6589208594839868,0.0,239
147,train,blind,3.0,0,0.19920827428452043,0.06475082630572329,0.10791803224340252,0.05819703326813845,0.009319132965478937,0.01651234118556253,1.5925140370883701,1.586124022386064,0.06416727723107478,-0.20759710290184918,0.3704560966200777,0.26778242677824265,1.5861240325665291,0.0,239
148,train,blind,3.0,0,0.30694783156671684,0.11380377012233968,0.18967292849344658,0.14986686907303384,0.010460251357764879,0.018105462238301666,1.6552614227997209,1.6946257871563963,0.11352778252849667,-0.22038960447780043,0.42476037864625066,0.200836820083682,1.694625769061831,0.0,239
149,train,blind,3.0,0,0.9900390849663661,0.2896510273791276,0.48275164744028676,0.41608391587550825,0.026223776432184074,0.018454698102477077,1.625902547286107,1.7281475021288946,0.28903076998316324,-7.915753103788002,0.3996181123840699,0.3076923076923077,1.7281474984960903,0.038461538461538464,26
150,eval,blind,3.0,0,0.2656803508259933,0.06979845563496173,0.11633074604725309,0.05781666186314746,0.0,0.00897775532747911,1.050182345023215,0.9854983851999418,0.06979845554198778,-0.11739283627680061,0.05988308258405294,0.8451882845188284,0.9854983898772729,0.0,239
151,eval,blind,3.0,0,0.29470410188133966,0.08427510748632694,0.14045849723385712,0.0696082150711674,0.0,0.009839809419797679,1.083919254057577,1.0134328301980406,0.08427510745564006,-0.1331009491428298,0.23994777293094754,0.5899581589958159,1.013432838007916,0.0,239
152,eval,blind,3.0,0,0.32695747973790945,0.09078652960793593,0.15131086455638595,0.0848231290673611,0.0,0.009428677427734415,1.0807031712272677,1.0050114874560463,0.0907865297600004,-0.1184112784714996,0.06955696014718539,0.899581589958159,1.0050114915728985,0.0,239
153,eval,blind,3.0,0,0.48112744734638124,0.13604626289857322,0.22674374808771044,0.11449220414939784,0.0,0.010205344657440938,1.1581043281814543,1.0345946769834065,0.13604626295200128,-0.13508827847032928,0.1956141131784326,0.5857740585774058,1.0345946717066554,0.0,239
154,eval,blind,3.0,0,0.32695747973790945,0.09069775225020844,0.15116290291113108,0.08729555224025598,0.0,0.009202599615076846,1.0440703328683287,0.9839405609474022,0.09069775215224178,-0.1214511523543516,0.13451437728122498,0.7447698744769874,0.9839405526185346,0.0,239
155,eval,blind,3.0,0,0.5015085098678519,0.1370572387530191,0.22842870597965909,0.11487257811065499,0.0,0.00971286329265419,1.1320455388543995,1.0233202207537375,0.13705723866456598,-0.12469209268824603,0.10059645686815631,0.7238493723849372,1.0233202213968093,0.0,239
156,eval,blind,3.0,0,0.5019918537838604,0.15361722743126008,0.2560286842442822,0.13141878965509488,0.0,0.010658410591147372,1.132882110992735,1.0268655780967808,0.15361722764523106,-0.1582424883945216,0.4630107718329921,0.23430962343096234,1.026865577844273,0.0,239
157,eval,blind,3.0,0,0.24895395069227458,0.08152467791159664,0.13587444687786898,0.07778623064192768,0.0,0.010231833830943417,1.0559428882898148,1.0094611430267908,0.08152467720047071,-0.13924340181642547,0.2268613311967714,0.34309623430962344,1.0094611457322067,0.0,239
158,eval,blind,3.0,0,0.015004510717528821,0.004208972791796643,0.007014954338712612,0.0,0.0,0.009019958761337536,0.9911358780441922,0.9834000882244509,0.004208972736176666,-0.11279177552366725,0.04198937653936318,0.8368200836820083,0.9834000831179067,0.0,239
159,eval,blind,3.0,0,0.17513455355801244,0.040746570442515576,0.06791094717868969,0.012932673969528167,0.0,0.00978529640126615,1.0588703931126136,1.0388712069978274,0.04074657060214521,-0.12432034355086136,0.07374106056559543,0.6359832635983264,1.038871211814617,0.0,239
160,train,blind,3.0,0,0.04253382063096937,0.010043032294119843,0.016738386170712844,0.0,0.0,0.016590913391387612,1.6661894939933362,1.6560396360054175,0.01004303203411852,-0.20323366859294564,0.27318318050980744,0.3263598326359833,1.656039627905717,0.0,239
161,train,blind,3.0,0,0.4955261337087284,0.18772988714239752,0.31288310463131586,0.22746291494768534,0.029098517226374798,0.017462923448673104,1.5871816279997886,1.6218193218299035,0.186296196042467,-0.21363151731643676,0.3892993857384492,0.3054393305439331,1.6218193149286306,0.0,239
162,train,blind,3.0,0,1.0033001283974734e-05,2.8288322556900275e-06,4.7147201318644516e-06,0.0,0.0,0.01744512681923339,1.682651825529761,1.682655807818329,2.8288258625891948e-06,-0.19773902577164446,0.17567286863111664,0.4393305439330544,1.6826558137554803,0.0,239
163,train,blind,3.0,0,0.0030419384339404444,0.0007990817729360327,0.0013318028664250495,0.0,0.0,0.017325133878238905,1.6906637751407703,1.6898117369687706,0.0007990818064845904,-0.20090775326314553,0.19884863052316093,0.41422594142259417,1.6898117368981724,0.0,239
164,train,blind,3.0,0,0.4955261337087284,0.16157056438941592,0.26928424490830044,0.14378090595600496,0.006085964426335929,0.016929122646608112,1.6802972305768704,1.6353987774589571,0.16141680588873109,-0.20755284610953695,0.3428885130122556,0.26778242677824265,1.6353987686554716,0.0,239
165,train,blind,3.0,0,6.514794980351147e-05,2.5226171072436082e-05,4.20436214375072e-05,0.0,0.0,0.01629135510825774,1.6372168503047033,1.6371886146617236,2.5226173507903068e-05,-0.1954598956182468,0.20312175435472865,0.4225941422594142,1.6371886178720028,0.0,239
166,train,blind,3.0,0,0.496713411596384,0.17527216030421147,0.29212023664094655,0.19893495657453977,0.014263979124224835,0.017725725985564697,1.6388394887477284,1.6348168857426824,0.17477610918358855,-0.20675062505525435,0.3142229739754889,0.38493723849372385,1.634816879854116,0.0,239
167,train,blind,3.0,0,0.029798324749413897,0.007928038827276586,0.01321339766414803,0.0,0.0,0.016635647478073088,1.6297370838819687,1.622623123135028,0.007928038766572571,-0.19776550915431435,0.24226238167304665,0.37656903765690375,1.6226231309708468,0.0,239
168,train,blind,3.0,0,0.005378617951415077,0.0014041016533627797,0.0023401692850555677,0.0,0.0,0.016778316510506132,1.6715921417938615,1.6702812336478772,0.0014041015222509368,-0.20157102081742484,0.2349031128520134,0.401673640167364,1.670281226712461,0.0,239
169,train,blind,3.0,0,0.43414843287689137,0.16877978189519455,0.28129959991140874,0.22384937338250452,0.031570940336921725,0.01744482394845603,1.5582232515183452,1.6031316798102406,0.16679528167977684,-0.2172452390769566,0.39161399448054846,0.28870292887029286,1.6031316801683402,0.0,239
170,train,blind,3.0,0,0.0034414851706437025,0.0012262182307909886,0.002043696910172855,0.0,0.0,0.017546247829250586,1.6761897168897684,1.6751644800896426,0.0012262182981925373,-0.20335149202150396,0.2430635923914656,0.35564853556485354,1.675164483466608,0.0,239
171,train,blind,3.0,0,0.3649142709313249,0.12721731737409256,0.2120288345817411,0.1635602891569856,0.015785470230808816,0.01659209656073209,1.595660849096386,1.6026065793496296,0.12654563152497822,-0.20412625005635063,0.3115522715807591,0.4100418410041841,1.6026065866804255,0.0,239
172,train,blind,3.0,0,0.17120400338753217,0.061002292396197734,0.10167047926942623,0.052681628069119475,0.004564473319751947,0.016614217429994665,1.6496209734154546,1.647356530113699,0.06088573592465939,-0.1957216265605982,0.19350722573370127,0.4100418410041841,1.6473565306741211,0.0,239
173,train,blind,3.0,0,0.44882433315462367,0.1583088705044388,0.26384808219583616,0.20749334348794307,0.014073792735901836,0.01772368900189527,1.599163922305885,1.641616716045715,0.15783667963012582,-0.20758828818812566,0.3088222202439241,0.3514644351464435,1.6416167162790796,0.0,239
174,train,blind,3.0,0,0.47694583179846367,0.1610651157777995,0.26844183062656224,0.1844807914984276,0.008368201086211903,0.017242375189422874,1.6313907421782425,1.638639462542833,0.16085631742158457,-0.2099554015898359,0.36404641087272627,0.2803347280334728,1.6386394570601874,0.0,239
175,train,blind,3.0,0,0.3347918485875449,0.1053471629041052,0.17557858611236274,0.10669456091884788,0.003993914154782953,0.01793532481292364,1.65024049860663,1.6603058893311473,0.10525684850374137,-0.2159131771888384,0.39538265230422265,0.2510460251046025,1.6603058887348898,0.0,239
176,train,blind,3.0,0,0.4926731121291847,0.16845676255741324,0.2807612403072526,0.1804868771566008,0.015785470230808816,0.016616848950122314,1.5965902443710231,1.6021640555130388,0.16791425788952632,-0.20283644003120108,0.298732900086056,0.37656903765690375,1.6021640539970787,0.0,239
177,train,blind,3.0,0,0.00046352766528258015,0.000176303837023126,0.0002938397210147368,0.0,0.0,0.016157002915008673,1.6424517267418706,1.6422550453800537,0.0001763038566895219,-0.19778663930928408,0.23864209620463514,0.3723849372384937,1.6422550361789348,0.0,239
178,train,blind,3.0,0,0.2364116824699286,0.08972521583603045,0.149542007127828,0.10973754319436381,0.007036896367950918,0.01744712193625118,1.6466850618438242,1.6722703097255658,0.08956578172953288,-0.21662170416006452,0.40597643846998427,0.24686192468619247,1.6722703004847188,0.0,239
179,train,blind,3.0,0,0.17513455355801244,0.056802126306944985,0.09467020185176472,0.039368581759380995,0.0017116774949069802,0.016604982248300912,1.678814865056441,1.6690254829917492,0.056750217379794396,-0.20757488585196607,0.30965310543339564,0.3263598326359833,1.669025487197249,0.0,239
180,eval,blind,3.0,0,0.4367288618482977,0.11046974374586022,0.18411622334420355,0.07968809489924539,0.0,0.01057308647882926,1.0538303582738133,1.0273660441322805,0.11046974261680817,-0.12356164690423573,0.076560135315588,0.7238493723849372,1.0273660366638093,0.0,239
181,eval,blind,3.0,0,0.03145542497177721,0.008039052581099675,0.013398420340696956,0.0,0.0,0.010477485483956512,1.0046924458637396,0.9992152787900869,0.00803905267538269,-0.11463407300310431,0.023798925784147898,0.895397489539749,0.9992152835021776,0.0,239
182,eval,blind,3.0,0,0.38597856810663256,0.11348962973982349,0.18914936013509656,0.107835679061742,0.0003803727766459956,0.011287607143488887,1.001991295914271,1.0491374070175523,0.11348823738051761,-0.1517450341671653,0.340603578741209,0.4895397489539749,1.049137411248156,0.0,239
183,eval,blind,3.0,0,0.44882433315462367,0.12239759261236746,0.20399596351045418,0.09851654834078945,0.0,0.011060204175710055,1.0606275495126158,1.0771456984296504,0.12239759257114718,-0.13088995618507387,0.1067390723760349,0.8493723849372385,1.0771457064435992,0.0,239
184,eval,blind,3.0,0,0.3649142709313249,0.09509794767227238,0.15849656456885747,0.07607455389519616,0.0,0.010495700440895607,1.039697558061847,1.0051093615248612,0.09509794709150483,-0.12025894043102825,0.06374076382088491,0.7824267782426778,1.0051093651771912,0.0,239
185,eval,blind,3.0,0,0.00014589538669387058,4.899366084139436e-05,8.165609513099644e-05,0.0,0.0,0.010828517618974881,0.9864815431159909,0.9863953939541613,4.8993675849959646e-05,-0.11532698307237438,0.05552093533932757,0.7489539748953975,0.9863953910157099,0.0,239
186,eval,blind,3.0,0,0.1595777480052146,0.0388377331696289,0.06472955112468264,0.012552301255230125,0.0,0.011393173492540874,1.055731187056298,1.0179833582754414,0.038837732926386634,-0.12946362270067274,0.1365915902549037,0.5774058577405857,1.0179833541595322,0.0,239
187,eval,blind,3.0,0,0.24058936510885828,0.05715831002209795,0.09526384305966351,0.03632559873568962,0.0005705591649689933,0.010614551590155483,1.0157938178114312,1.050326071773114,0.05715442665913919,-0.13645015964444349,0.21626754503100987,0.6569037656903766,1.0503260733018052,0.0,239
188,eval,blind,3.0,0,0.5013695556751894,0.135773073881621,0.22628843671451426,0.09965766592255197,0.0,0.011367683554122762,1.0934078568693983,1.0472161680085887,0.1357730736238116,-0.13346389974961387,0.16335796314430695,0.6903765690376569,1.0472161690983461,0.0,239
189,eval,blind,3.0,0,0.47839141184577105,0.14500143688336678,0.2416690375352552,0.1354127041216176,0.006466337202981925,0.011186563156576337,0.9889260123963136,1.0720407067482443,0.14494704103534972,-0.16467182511771605,0.4387073800409509,0.3723849372384937,1.0720407056043844,0.0,239
190,train,blind,3.0,0,0.49865054549941856,0.16366885223014757,0.27278138965188775,0.1821985558361189,0.0085583874745349,0.017499069899523233,1.6624336911045856,1.6343112420836252,0.16345200502910606,-0.21520393977208593,0.42217869966467847,0.21338912133891214,1.63431124090655,0.0,239
191,train,blind,3.0,0,0.023700621450150866,0.006618255788533011,0.011030425885856024,0.0,0.0,0.017422693949114828,1.6484859842635597,1.641738162878667,0.006618255847631141,-0.19384199908872712,0.17190421080744236,0.41422594142259417,1.6417381594036318,0.0,239
192,train,blind,3.0,0,0.20738793141458225,0.07561082411918493,0.12601802516094202,0.08976797291923268,0.01331304712026189,0.01698321013450311,1.6177846415272317,1.6376954521594187,0.07470247640384549,-0.21065661137797317,0.356746490993798,0.2928870292887029,1.637695456699834,0.0,239
193,train,blind,3.0,0,0.4417291495469365,0.14558770587444078,0.24264615325998296,0.15557246165794308,0.010270064969441882,0.01764201875444829,1.6216525250897746,1.6174154249195274,0.14538177840978245,-0.20783484857786141,0.3652037152437758,0.28451882845188287,1.6174154178393076,0.0,239
194,train,blind,3.0,0,0.5020705397838968,0.17083804096202362,0.2847300363914256,0.18295929983071205,0.019969570773914768,0.017375086726441544,1.5802463053659415,1.5971010879742051,0.16994260818233922,-0.21362674801465634,0.4178759013620582,0.25523012552301255,1.597101092246778,0.0,239
195,train,blind,3.0,0,0.4634686679649094,0.1530379798049234,0.25506327257693306,0.15500190211888637,0.013503233570932843,0.017106356346691377,1.6080343127250671,1.6329268279434748,0.15249084010444436,-0.20810584686029285,0.3514050862043384,0.3138075313807531,1.632926834577256,0.0,239
196,train,blind,3.0,0,0.4955261374568512,0.17812186562010562,0.29686974478286043,0.21757322169497423,0.02415367131702072,0.016967965093164637,1.5437401844866605,1.5716127104839022,0.17694778977748382,-0.21349022231787743,0.41262351998575636,0.2384937238493724,1.5716127165704494,0.0,239
197,train,blind,3.0,0,0.2988020511427855,0.11370466936614511,0.18950776027265712,0.14815519257569412,0.011411183299379868,0.017568138096808888,1.6179556896497016,1.6546728665858632,0.11329138817168942,-0.20080580477450244,0.23718804712306005,0.4602510460251046,1.654672858314788,0.0,239
198,train,blind,3.0,0,0.42329977726598883,0.14840845370991668,0.24734739233525596,0.18771395997522267,0.010270064969441882,0.017918851125252797,1.6235439894588422,1.654603102965335,0.1481035975651683,-0.20582931771715904,0.3073384966912966,0.33472803347280333,1.6546031029911705,0.0,239
199,train,blind,3.0,0,0.3538667886901772,0.12805022896329213,0.21341701960986312,0.1747812861303904,0.0251046031339398,0.0176042979816949,1.5583133111438991,1.6123371560703261,0.12646101407640098,-0.20878530056494624,0.3275171370070329,0.28870292887029286,1.6123371542611997,0.0,239
200,train,blind,3.0,0,0.03316622928357742,0.008426133037984876,0.01404355429182322,0.0,0.0,0.016392306050589642,1.627437400518601,1.6236458273612306,0.008426133153639114,-0.19355854781382767,0.19956081782842217,0.3472803347280335,1.623645830203547,0.0,239
201,train,blind,3.0,0,0.14082453795319042,0.04934444678134188,0.08224073717170069,0.03708634503715707,0.0034233549898139604,0.016833525986866597,1.6244851350784302,1.6338495966280853,0.04922792691015358,-0.1946993841181222,0.1779874773732158,0.48535564853556484,1.6338495843036005,0.0,239
202,train,blind,3.0,0,0.3069478625608959,0.10026304946000572,0.16710506088602567,0.12133891244563098,0.021491061693454886,0.01565084023066021,1.5197011012911297,1.5594325530728537,0.09871963812063875,-0.21250852174199134,0.40772723226208496,0.32217573221757323,1.559432554559405,0.0,239
203,train,blind,3.0,0,0.4797851214425007,0.1571417924622506,0.26190295964446875,0.16203879823744546,0.013503233570932843,0.017499211068931483,1.5924044029483237,1.5919277089410246,0.15650667020573303,-0.19878647629058854,0.27000801210718417,0.42677824267782427,1.591927703387948,0.0,239
204,train,blind,3.0,0,0.17909063403861195,0.06344614396087053,0.10574356617408934,0.05173069643924426,0.004374286931428949,0.016993100509421596,1.6191592800068555,1.6203775243779106,0.06324650220095353,-0.20426848667033423,0.3227395471675718,0.27615062761506276,1.6203775149100037,0.0,239
205,train,blind,3.0,0,0.49775201144090475,0.1485221174092102,0.24753684185218933,0.13103841831245183,0.009319133027826892,0.01623080618714594,1.606349275201933,1.5908186844702046,0.14824810466895721,-0.19555075131441627,0.2579008279177423,0.39748953974895396,1.5908186719475172,0.0,239
206,train,blind,3.0,0,0.20738793141458225,0.07190936741328233,0.11984893279602517,0.07227082569230052,0.0030429822131679647,0.01690571043040276,1.6427437835158663,1.6548347687621496,0.07182533360351787,-0.21412087276837086,0.3873111961779281,0.20920502092050208,1.6548347736249038,0.0,239
207,train,blind,3.0,0,0.4653420398303694,0.15790144058452243,0.2631690392118346,0.16679345794552042,0.006846709979627921,0.0175368695960197,1.6286950891985554,1.6498175612553394,0.15774775202326474,-0.22650460330457609,0.49229947476186237,0.20502092050209206,1.649817568267924,0.0,239
208,train,blind,3.0,0,0.44414846890925763,0.14264334548661814,0.23773888214541844,0.1589958158995816,0.008178014697888905,0.016828200583069518,1.5941146215634365,1.6161681855074033,0.1424059392889397,-0.2105869568515953,0.3989139143594766,0.27615062761506276,1.6161681842469782,0.0,239
209,train,blind,3.0,0,0.3028837280172224,0.10175932495303831,0.16959885554403387,0.11962723501307196,0.005325218873043938,0.017443771647468645,1.6527924597512729,1.6797892531091698,0.10165418480072308,-0.21626808619865623,0.37814178462268916,0.2510460251046025,1.679789247959612,0.0,239
210,eval,blind,3.0,0,0.501210307838382,0.11496131262460625,0.19160217274587785,0.05686572842518156,0.0,0.012357798165341676,1.1418859295266444,1.2560645047590822,0.11496131266949496,-0.1506203348338525,0.14309029941541293,0.6276150627615062,1.2560645049690666,0.0,239
211,eval,blind,3.0,0,0.3825699220520223,0.10079203828170184,0.1679867171700927,0.06333206525407575,0.0,0.011957172861626706,1.0959247216021166,1.1629895049158998,0.10079203816432755,-0.1450341273933889,0.17964924775215882,0.36401673640167365,1.1629895098498504,0.0,239
212,eval,blind,3.0,0,0.4859937123801958,0.09612926890652919,0.16021543729350252,0.033472803970759885,0.0,0.01177972451701885,1.11252574441822,1.1957280516125668,0.0961292696488443,-0.14911117066696056,0.18804712306003152,0.42677824267782427,1.1957280457265322,0.0,239
213,eval,blind,3.0,0,0.0030419384339404444,0.0008016653163733631,0.0013361087619148245,0.0,0.0,0.011012033612962236,1.066489957865312,1.065451629491032,0.000801665287025986,-0.12718583149999294,0.1157897860470637,0.5690376569037657,1.065451631637042,0.0,239
214,eval,blind,3.0,0,0.49099224892631954,0.10171265314753807,0.16952107916595235,0.03936858182172895,0.0,0.011595128495713782,1.136424511795762,1.2362958165392217,0.1017126531377962,-0.14715320162417514,0.06943826226297516,0.8284518828451883,1.2362958188489672,0.0,239
215,eval,blind,3.0,0,0.4671610229562556,0.09774120798576565,0.16290200480226955,0.042031191008859096,0.0,0.012315543633437556,1.1176734054188349,1.2224358883861717,0.09774120845275122,-0.16157623435321336,0.2865366924834566,0.22594142259414227,1.2224358843143424,0.0,239
216,eval,blind,3.0,0,0.009418921166737213,0.0022773665985970264,0.0037956106896055806,0.0,0.0,0.010791519087852294,1.0598207679752525,1.0593424566620064,0.002277366695208957,-0.1333830546433687,0.16712662096798125,0.47280334728033474,1.0593424610364797,0.0,239
217,eval,blind,3.0,0,0.4532820635336884,0.1020966601267996,0.1701610843161407,0.05895777944490999,0.0,0.011584160114915176,1.1134880379652876,1.2158803204113469,0.1020966596376665,-0.15077440580243365,0.18602925902845782,0.6317991631799164,1.2158803158322222,0.0,239
218,eval,blind,3.0,0,0.00791006892580767,0.0020339621154425343,0.00338993672679459,0.0,0.0,0.010830304476288322,1.0543035555584162,1.0509218087256205,0.0020339621492803037,-0.12729459082262826,0.1337725155049111,0.5313807531380753,1.0509218091600239,0.0,239
219,eval,blind,3.0,0,0.007217873016016257,0.0018355112886973258,0.0030591852500414666,0.0,0.0,0.010766699947182977,1.0664086571298383,1.0652470473963844,0.0018355113369804587,-0.1252841733755916,0.0706252411050773,0.7071129707112971,1.065247053446212,0.0,239
220,train,blind,3.0,0,0.1830709686913921,0.06219475839719521,0.10365791963999696,0.06523392913730573,0.008178014697888905,0.016179547578906914,1.6071853772366895,1.6169495607519748,0.06171433989059182,-0.20077626321750383,0.26561619039140627,0.3682008368200837,1.6169495709749455,0.0,239
221,train,blind,3.0,0,0.00484126768363289,0.001202632724442646,0.0020043877582138826,0.0,0.0,0.01654204080333333,1.671248238954584,1.670075155202315,0.0012026326898285714,-0.19891668387667044,0.21080744235733995,0.42677824267782427,1.6700751493994623,0.0,239
222,train,blind,3.0,0,0.08163402942219938,0.019555000657739095,0.032591666231284046,0.0024724230481989714,0.0,0.016614614340971577,1.6269927426362139,1.6257525597656122,0.019555000628056842,-0.1989275148734816,0.26009673877563133,0.3723849372384937,1.6257525545739502,0.0,239
223,train,blind,3.0,0,0.001747928173575944,0.00048001858443031515,0.0008000309115605015,0.0,0.0,0.016520191015184673,1.620420190080938,1.6199949727896368,0.0004800185444886566,-0.1997477790263826,0.2836879432624113,0.3305439330543933,1.619994974533076,0.0,239
224,train,blind,3.0,0,0.32300139925731,0.11679762746033584,0.19466268259447547,0.16432103502201734,0.028337771735430763,0.016214027252656145,1.5030775491662605,1.5585098134423898,0.11500498134084265,-0.20679215255860048,0.3444612599780409,0.3138075313807531,1.558509816292457,0.0,239
225,train,blind,3.0,0,0.0043400218550171355,0.0010821966290114463,0.001803660973674904,0.0,0.0,0.016344068799884873,1.6699589710355305,1.6692008024479057,0.0010821965609553658,-0.19650953642762856,0.18229027567583608,0.47280334728033474,1.6692007909964732,0.0,239
226,train,blind,3.0,0,0.0065658995871934805,0.001824916428673555,0.0030415271614257114,0.0,0.0,0.016637841087598432,1.6513770060559196,1.6502948630305014,0.0018249165435895425,-0.1964427220887185,0.19632630048369387,0.4602510460251046,1.6502948647935007,0.0,239
227,train,blind,3.0,0,0.10614912902745642,0.03099998281223828,0.05166663356840408,0.016165842695715037,0.0013313047182609845,0.016773277069500426,1.6508909207008873,1.648689324137556,0.030944423977728636,-0.20034778547247153,0.2376925131309534,0.3472803347280335,1.6486893206983684,0.0,239
228,train,blind,3.0,0,0.08163405268523204,0.020259753467543606,0.03376625377789435,0.0020920502715529757,0.0,0.016034120763944282,1.6548780399885137,1.6427078284479086,0.02025975347032917,-0.1932817329322018,0.16736401673640164,0.5062761506276151,1.6427078304211882,0.0,239
229,train,blind,3.0,0,0.2864649897415939,0.08865531871037335,0.14775885052624144,0.08254089035000263,0.0019018638832299778,0.01722233051192561,1.6599105541676158,1.6367415172285615,0.08862562915025923,-0.19656830424526475,0.22519956081782844,0.4560669456066946,1.6367415137111878,0.0,239
230,train,blind,3.0,0,0.19514420172920505,0.06433668503351522,0.10722779800178835,0.05001901881964137,0.006085964426335929,0.017063072635149234,1.6365118490602182,1.6323755711441759,0.06409277436681478,-0.19829875674093647,0.23703967476779728,0.37656903765690375,1.6323755664154806,0.0,239
231,train,blind,3.0,0,0.500344105122346,0.17270800127174363,0.28784663685022466,0.1924686198079935,0.021871434657144747,0.0171261154871169,1.5591955222345297,1.5798987696360345,0.17172289331667429,-0.20788176926384036,0.3762426184753257,0.28451882845188287,1.5798987743030461,0.0,239
232,train,blind,3.0,0,0.5019918537838604,0.17547076869493547,0.2924512457402404,0.208444275491906,0.02605553507555479,0.016594204876306914,1.511155518527809,1.54871499313969,0.17413644233970843,-0.2099362002919317,0.4128312412831242,0.26359832635983266,1.5487150096284292,0.0,239
233,train,blind,3.0,0,0.02096458594954064,0.004367218298786885,0.0072786966232810885,0.0,0.0,0.016562528573132458,1.6449492421609089,1.64273652222366,0.004367218273610245,-0.19836502764548813,0.22338941808362267,0.3682008368200837,1.6427365213102687,0.0,239
234,train,blind,3.0,0,0.17513455355801244,0.050178312190822236,0.08363051487220097,0.03290224430700725,0.0017116774949069802,0.016097723307656943,1.6373078835559192,1.6416256796864785,0.05011623471484397,-0.19963180780716985,0.2525890975993353,0.3723849372384937,1.6416256858463016,0.0,239
235,train,blind,3.0,0,0.046663172881091675,0.014195849900715984,0.02365974826741526,0.0013313047182609845,0.0,0.015988281705888244,1.6359690717074662,1.6345889528426167,0.014195849702286312,-0.19710613456371612,0.22217276477046796,0.4351464435146444,1.6345889484315583,0.0,239
236,train,blind,3.0,0,0.4900851427265331,0.1622501283717569,0.270416848408862,0.17402054070179432,0.008938760251180896,0.016795027095076305,1.6392980370062664,1.6335618044541969,0.16196564786818934,-0.21367612727826524,0.4152942223804861,0.2301255230125523,1.6335618060765813,0.0,239
237,train,blind,3.0,0,0.3612674953427315,0.11378608505512762,0.18964345701360075,0.11354127089847581,0.004564473319751947,0.016991908784768694,1.6325017156461292,1.633808926309003,0.11370226023025824,-0.2181291215656032,0.43606635211727357,0.2175732217573222,1.6338089387104227,0.0,239
238,train,blind,3.0,0,0.019673136295750737,0.005701938134886736,0.00950323003613357,0.0,0.0,0.017011596984911913,1.6304312330908357,1.6233313682189048,0.005701938411068691,-0.19637822176802383,0.22917593993887062,0.39330543933054396,1.6233313621818568,0.0,239
239,train,blind,3.0,0,0.4891325118103957,0.15466974838076278,0.25778288570914226,0.1591860036595596,0.005135032484720941,0.01658318136822604,1.623813059290084,1.6505161506361543,0.1545686360300256,-0.2084801287732798,0.3360930591412208,0.3389121338912134,1.6505161483693662,0.0,239
240,eval,blind,3.0,0,0.48485143263255603,0.09950006435539162,0.16583343104324907,0.040890073240052706,0.0,0.011903725061799443,1.0669976910537258,1.1829653369831739,0.0995000638418734,-0.1488787141288476,0.22920561440992318,0.40585774058577406,1.182965329969228,0.0,239
241,eval,blind,3.0,0,0.35386675944174084,0.09731814740086547,0.16219689808939958,0.05914796439923003,0.0,0.012144494848520686,1.043593757072752,1.111294126909647,0.09731814676968376,-0.13543700147176238,0.07670850767085076,0.7238493723849372,1.111294128364001,0.0,239
242,eval,blind,3.0,0,0.45108052358230005,0.08684492941715517,0.1447415383567714,0.03252187209149285,0.0,0.010821516230063334,1.0670665779373136,1.1691588727001365,0.08684492922784329,-0.1372862570423839,0.06988337932876346,0.7824267782426778,1.1691588665366308,0.0,239
243,eval,blind,3.0,0,0.0760018663305159,0.012353047972267871,0.020588412001115518,0.0,0.0,0.011326241474520712,1.0216810987584262,1.0228052116836963,0.012353047808132619,-0.12531192552050643,0.11041870678655152,0.49372384937238495,1.0228052073177032,0.0,239
244,eval,blind,3.0,0,0.048809969762233514,0.005549556979926953,0.009249260895858737,0.0,0.0,0.011843438499907195,1.0311521329141562,1.0409763405512567,0.0055495568133410115,-0.12672954408101364,0.09332621146028074,0.6150627615062761,1.0409763356973676,0.0,239
245,eval,blind,3.0,0,0.21150074667297547,0.05457510275454331,0.09095849857885886,0.040890072990660886,0.0013313047182609845,0.012472685611569109,0.9969095829640472,1.0135585368926554,0.054543570400954,-0.14043581570439723,0.2766847680940087,0.35564853556485354,1.013558541841125,0.0,239
246,eval,blind,3.0,0,0.46892580401234446,0.10044273127361567,0.16740453939038089,0.054773678028932675,0.0,0.012534183146096922,1.065718037563388,1.2206136689026486,0.10044273058136462,-0.15235102214873414,0.20499124603103944,0.46443514644351463,1.2206136731519053,0.0,239
247,eval,blind,3.0,0,0.5019461374421663,0.13677158602874126,0.22795261509600095,0.17078737446952563,0.002852795824844967,0.011928581028677929,0.9246821785072902,1.1005707617584133,0.13674020182540012,-0.17727589844332287,0.5425086797827829,0.14644351464435146,1.1005707608774338,0.0,239
248,eval,blind,3.0,0,0.0023364956484850357,0.0006458539078171632,0.001076423104951805,0.0,0.0,0.010651159637985618,1.0100873441875728,1.009675805538768,0.0006458539623411803,-0.11905788774195174,0.04103979346568147,0.7489539748953975,1.0096758067892557,0.0,239
249,eval,blind,3.0,0,0.009418921166737213,0.001717988788099106,0.002863314604769299,0.0,0.0,0.01218264036769024,1.0265992460889297,1.0230465785728837,0.0017179888164722964,-0.12600491424113744,0.14009317783910505,0.5230125523012552,1.0230465835264355,0.0,239
250,train,blind,3.0,0,0.4891325118103957,0.15038623856130337,0.2506437039746324,0.14016736464021595,0.004944846096397943,0.016995170671944837,1.6609881437972,1.6524907979007546,0.15030792166977472,-0.21344127379600067,0.3757975014095374,0.3054393305439331,1.6524907962485351,0.0,239
251,train,blind,3.0,0,0.39266590399484474,0.11380306503067374,0.18967175606187814,0.11525294882981847,0.005325218873043938,0.01663878237805232,1.6110929694634601,1.6121920576654218,0.11367408086015869,-0.19283396576556885,0.2107184189441823,0.4476987447698745,1.6121920558688563,0.0,239
252,train,blind,3.0,0,0.48366004122113304,0.15432176093791786,0.2572029081817757,0.1532902248733712,0.0209205026531818,0.01614924200331192,1.5271508419364068,1.5526150320364343,0.153163537141055,-0.20714268777775602,0.39597614172527373,0.2719665271966527,1.5526150309335767,0.0,239
253,train,blind,3.0,0,0.49487416027990566,0.17217920554387062,0.2869653137823209,0.18200836926075206,0.006656523591304923,0.017343885664707324,1.6086593150593747,1.6290017122005318,0.17203710054521681,-0.20481386575160562,0.30425235170183096,0.35564853556485354,1.6290017034716537,0.0,239
254,train,blind,3.0,0,0.09046236122763525,0.023858286575008127,0.03976380847584494,0.003803727704112001,0.0,0.015751883181038012,1.6313388754134397,1.6259092314472756,0.023858286116972896,-0.19032376408361665,0.18950117214160656,0.45188284518828453,1.6259092279872762,0.0,239
255,train,blind,3.0,0,0.5020526421234931,0.161291324955756,0.2688188456011014,0.17858501395919832,0.006466337202981925,0.017060420364842878,1.6277959142269949,1.6441320118544989,0.16114191217287396,-0.22336449270828257,0.4519125196593371,0.2301255230125523,1.644132018173679,0.0,239
256,train,blind,3.0,0,0.215627043554328,0.0690366117955495,0.1150610085651846,0.05686572917335702,0.0024724230481989714,0.016699390910628203,1.620469399326516,1.630715573681947,0.06895479602671266,-0.20109862207148227,0.2906317694887089,0.3263598326359833,1.6307155771447988,0.0,239
257,train,blind,3.0,0,0.3893441522848197,0.13266072375719665,0.2211011805034656,0.15519208881894914,0.015595283842485819,0.01667464671414891,1.5423951705130574,1.567557656615349,0.13184920895817176,-0.2112823732046244,0.43324727736728097,0.20920502092050208,1.5675576483989082,0.0,239
258,train,blind,3.0,0,0.4891325118103957,0.1481390584688076,0.24689841048463096,0.13370102725019015,0.0038037277664599556,0.01708377347323872,1.6477200453750258,1.6232455470073173,0.14805444329731968,-0.2025807816444174,0.2930057271729131,0.2928870292887029,1.6232455489823838,0.0,239
259,train,blind,3.0,0,0.03674998030288848,0.008374423930092927,0.013957372316886051,0.0,0.0,0.01590549051332985,1.6616134334308832,1.653802766460754,0.00837442405262736,-0.19838368953413368,0.22997715065728955,0.42677824267782427,1.6538027546388434,0.0,239
260,train,blind,3.0,0,0.0760018663305159,0.015984814632886746,0.02664135633564138,0.0,0.0,0.016650758103066158,1.6506087286202977,1.647838821470987,0.01598481470955829,-0.2090195903794227,0.34235437253330964,0.28451882845188287,1.6478388159102726,0.0,239
261,train,blind,3.0,0,0.01843199975083282,0.003818351015268102,0.006363917946861521,0.0,0.0,0.01593753956764874,1.6012493239785837,1.6011148154984958,0.003818351118760227,-0.19048139006593504,0.19377429597317425,0.4351464435146444,1.6011148337029113,0.0,239
262,train,blind,3.0,0,0.18707420168323716,0.05632758876766058,0.09387930796965596,0.034233548838224374,0.003613541378136958,0.015690834339411937,1.5873095837098286,1.5949275553475863,0.056229383806559445,-0.19385265816073632,0.22377518620730583,0.4351464435146444,1.594927547870256,0.0,239
263,train,blind,3.0,0,0.5000638219418426,0.16451390426052998,0.27418981351718946,0.1500570563342282,0.009319133027826892,0.016848421530899393,1.5662842639819348,1.5845211726851045,0.1642551777376866,-0.19826450992363917,0.3029466749755186,0.32217573221757323,1.5845211765276501,0.0,239
264,train,blind,3.0,0,0.4977520082539135,0.15990971616044578,0.2665161661673486,0.17915557318651526,0.013883606347578839,0.016771738586955114,1.5137075135897393,1.5685671156420369,0.15941170696962187,-0.2000806821112321,0.32692364758598186,0.33472803347280333,1.5685671154260385,0.0,239
265,train,blind,3.0,0,0.46892580401234446,0.12537517991616798,0.20895861915994515,0.09166983723889834,0.005705591649689934,0.01600086921241493,1.5994700213356496,1.6239982404469446,0.12520940896296506,-0.19885768212659494,0.2668625181756135,0.3514644351464435,1.6239982238526844,0.0,239
266,train,blind,3.0,0,0.00791006892580767,0.0020196105410128385,0.0033660173981409584,0.0,0.0,0.015629242854309756,1.620246247766407,1.61770432813397,0.00201961073277542,-0.20963053713004856,0.3944924181726461,0.24686192468619247,1.617704337420699,0.0,239
267,train,blind,3.0,0,0.2656803193330306,0.08487561704843231,0.1414593501092545,0.07189045310269838,0.002852795824844967,0.016408543909069883,1.5975683039701134,1.6013825204083112,0.08478449510656592,-0.20474567309292288,0.3534822991780171,0.2719665271966527,1.6013825104997013,0.0,239
268,train,blind,3.0,0,0.015004510717528821,0.003239769164663576,0.005399615051794484,0.0,0.0,0.015538267041147379,1.5883285640173876,1.5869919069142522,0.003239768950654526,-0.19545473431483062,0.2711653164782337,0.36401673640167365,1.5869919107473773,0.0,239
269,train,blind,3.0,0,0.29880202014860646,0.09374771734133087,0.1562461760681742,0.0983263595208962,0.007227082756273916,0.016440849490151992,1.6247633418777498,1.6486461925706106,0.09347388761415303,-0.21432554620949512,0.41766818006469036,0.2301255230125523,1.6486461937823542,0.0,239
270,eval,blind,3.0,0,0.025146192200367425,0.006077903707816278,0.010129839078544894,0.0,0.0,0.010266067964808088,0.9598781222080087,0.9502668979277671,0.006077903653688025,-0.12060126432025567,0.13623549660227305,0.4602510460251046,0.9502668915733207,0.0,239
271,eval,blind,3.0,0,0.3893441522848197,0.10031408662097377,0.1671901352679034,0.050399392718550554,0.0,0.012250996783188696,1.0391721972361767,1.1721525531433616,0.10031408666905903,-0.14617733971049504,0.17979762010742162,0.6317991631799164,1.1721525543108189,0.0,239
272,eval,blind,3.0,0,3.939117242876347e-05,8.573989715952247e-06,1.4289983067949883e-05,0.0,0.0,0.010390635416161066,0.9710383836694342,0.9710232814984342,8.574017099734146e-06,-0.11646951444765433,0.09297011780765006,0.6694560669456067,0.9710232840400973,0.0,239
273,eval,blind,3.0,0,0.4811274396703373,0.08674807440969379,0.14458011664116144,0.028147584848324126,0.0,0.012179546143906386,1.0985223301783764,1.2810782593164485,0.08674807407866815,-0.14612730152976502,0.047894596278821325,0.8200836820083682,1.281078253964156,0.0,239
274,eval,blind,3.0,0,0.03674998030288848,0.003073317542117236,0.005122195606985252,0.0,0.0,0.011826685452483065,0.9968551835006251,1.0030882501951321,0.0030733174820677532,-0.1229133547255571,0.10656102554971958,0.5815899581589958,1.003088250925456,0.0,239
275,eval,blind,3.0,0,0.06794360041903054,0.00656500683978254,0.010941677442890646,0.0,0.0,0.011358000926486369,1.001931620192827,1.0188333374685823,0.0065650069109590625,-0.12400349679529818,0.10570046588919553,0.5355648535564853,1.0188333399431337,0.0,239
276,eval,blind,3.0,0,0.001494409176462552,0.00045714486831719754,0.0007619080791312219,0.0,0.0,0.010529310746453547,0.9668378745162837,0.9666149671107656,0.00045714488888167187,-0.10943206338013921,0.0013650256684174607,0.99581589958159,0.9666149665219662,0.0,239
277,eval,blind,3.0,0,0.21976545920194163,0.032680470530497406,0.054467448361997815,0.005325218873043938,0.0,0.010518803218356236,1.0203723478516775,1.093147216232252,0.032680470277147954,-0.12141875598071794,0.001335351197364907,0.99581589958159,1.0931472141951484,0.0,239
278,eval,blind,3.0,0,0.08746965989669216,0.0166415542832613,0.027735923053449553,0.0,0.0,0.010222526002192098,0.9964479881350465,1.0084505056237576,0.01664155436810688,-0.11407309637131097,0.0017507937921006557,0.9832635983263598,1.0084505048789578,0.0,239
279,eval,blind,3.0,0,0.08163405268523204,0.015107878888530386,0.025179796930532572,0.0,0.0,0.010231052482477292,0.9956643159918207,1.0078161495998814,0.015107879095742962,-0.11215322986826172,0.0014243746105225673,0.99581589958159,1.0078161478885002,0.0,239
280,train,blind,3.0,0,0.4532820462560594,0.13842572432656033,0.2307095220615083,0.12514264114731027,0.005705591649689934,0.016902938905994265,1.6512019013261197,1.6473922953944824,0.13832019878106344,-0.20001145171770296,0.24653550550461437,0.3807531380753138,1.6473922902188303,0.0,239
281,train,blind,3.0,0,0.17909066453400735,0.05733497817272715,0.09555828880069818,0.04317230908940527,0.0013313047182609845,0.01677252308983808,1.6367242508353548,1.644621015592599,0.05730340114988778,-0.19741316834203504,0.22356746490993798,0.4560669456066946,1.6446210129782368,0.0,239
282,train,blind,3.0,0,0.5020268853461184,0.1623053886879655,0.27050895247402384,0.1645112215973842,0.010079878581118883,0.016331602445176206,1.5754647586634967,1.5925250654440046,0.1618778981337908,-0.20612005141378545,0.3645805513516721,0.3263598326359833,1.592525070085806,0.0,239
283,train,blind,3.0,0,0.4870875290074779,0.1460894929358455,0.2434824673111819,0.12875618115379223,0.005515405261366936,0.017242606413632507,1.6364863599693427,1.6377842413830457,0.14600519931043274,-0.2148200132447903,0.3979049823436897,0.301255230125523,1.6377842321046956,0.0,239
284,train,blind,3.0,0,0.5012103088587818,0.16423216526362386,0.27372025064770433,0.1580448838332707,0.007987828309565907,0.01652496568391014,1.5806098261138883,1.591674884492882,0.16397309499423263,-0.20278308381529603,0.3327991928543874,0.35564853556485354,1.5916748790937438,0.0,239
285,train,blind,3.0,0,0.49418196437011425,0.14729235814405278,0.24548724209490352,0.11449220265304694,0.005135032484720941,0.016946217160141993,1.6333562933750232,1.6510604911768287,0.14718608793836777,-0.21090689307708946,0.36695450903587645,0.3138075313807531,1.651060505587154,0.0,239
286,train,blind,3.0,0,0.37562728849699706,0.12085356217062612,0.20142258259930032,0.13313046895809252,0.004944846096397943,0.01656864073992586,1.6035173562780085,1.6244572972154019,0.12074697420342179,-0.21055873783234913,0.40137689545683847,0.2217573221757322,1.6244572897919887,0.0,239
287,train,blind,3.0,0,0.00020369909520827966,2.934964533596179e-05,4.891607298240042e-05,0.0,0.0,0.015622072034831076,1.6305521686705586,1.630548570445392,2.9349671699891888e-05,-0.202996775481353,0.3063889136176148,0.33472803347280333,1.630548571141845,0.0,239
288,train,blind,3.0,0,0.04457112279658256,0.010338495264252867,0.017230824551029495,0.0001901863883229978,0.0,0.015380437532634666,1.626242591247399,1.621811268219888,0.010338495403150594,-0.19119564726754892,0.18095492447847117,0.47280334728033474,1.6218112748445797,0.0,239
289,train,blind,3.0,0,0.3991743668428696,0.12831901322312192,0.21386499838538775,0.13959680478941947,0.008368201086211903,0.016402920349559525,1.5900600545077144,1.6103908995704173,0.1280121201678138,-0.19596191140308772,0.24567494584409036,0.37656903765690375,1.6103909060899064,0.0,239
290,train,blind,3.0,0,0.5020913164463541,0.16183522243099482,0.2697253396618789,0.15823507078272528,0.015975656619131813,0.015718650889181566,1.49518763819499,1.510629343936633,0.16112268942615096,-0.1985689729546997,0.3573103059437966,0.26778242677824265,1.5106293509443562,0.0,239
291,train,blind,3.0,0,0.4532820462560594,0.15524431622084556,0.25874049842707003,0.17611259078630342,0.01464435190087083,0.01625731719314865,1.516883785754567,1.54547147795745,0.15462757386839063,-0.2068355425379544,0.4215852102436275,0.23430962343096234,1.5454714948694688,0.0,239
292,train,blind,3.0,0,0.06536317144762423,0.012793848617696476,0.021323079973957663,0.0,0.0,0.015672841691899125,1.565364836648917,1.5690029632596292,0.0127938486255813,-0.19479496370218163,0.2770705362176919,0.3807531380753138,1.569002965785638,0.0,239
293,train,blind,3.0,0,0.04253383616285562,0.007892880678973521,0.01315480038489821,0.0,0.0,0.015211863714079354,1.6048931402142577,1.6048561199938403,0.007892880893568606,-0.19288602856298384,0.21146028072049616,0.4476987447698745,1.6048561195213635,0.0,239
294,train,blind,3.0,0,0.0023364927420596237,0.0006185928620298799,0.0010309880294870058,0.0,0.0,0.01602134852627269,1.6226472088981374,1.6224863526711404,0.0006185928877468891,-0.20402610260306017,0.3200391703017894,0.3305439330543933,1.6224863517294699,0.0,239
295,train,blind,3.0,0,0.001747928173575944,0.0005065368918412673,0.000844228128942434,0.0,0.0,0.015356079398588157,1.5942025473925858,1.593928539852717,0.0005065368974732847,-0.1944952535213474,0.240244517641473,0.42677824267782427,1.59392853231551,0.0,239
296,train,blind,3.0,0,0.06283617998029117,0.016058850089439337,0.026764749074565435,0.0,0.0,0.015479233544553673,1.6194079421055367,1.614659568754699,0.016058850530456744,-0.19375444406395767,0.21193507225733701,0.46443514644351463,1.6146595746937118,0.0,239
297,train,blind,3.0,0,0.4967134153445068,0.15024709013089413,0.25041179649638273,0.13255990991781946,0.003993914154782953,0.01653188426304749,1.624499017224651,1.6298043677996392,0.15016504597612565,-0.21085887730623673,0.36339357250957005,0.30962343096234307,1.6298043629796293,0.0,239
298,train,blind,3.0,0,0.00010017924373394666,1.3850124708533181e-05,2.3083538184756857e-05,0.0,0.0,0.016250589963781283,1.5991606001574623,1.5991669436877742,1.385011329989253e-05,-0.19728600357951753,0.2689694056203448,0.3807531380753138,1.5991669449337025,0.0,239
299,train,blind,3.0,0,0.4997555405538623,0.15753718501546854,0.26256194886677253,0.15709395282687502,0.014263979124224835,0.015009091504572825,1.4289291029694688,1.4661509813623947,0.1566356189953211,-0.20474376412668485,0.44909344490934455,0.2217573221757322,1.4661509892941984,0.0,239
300,eval,blind,3.0,0,0.4689258159280493,0.06337452772388293,0.10562420704979966,0.01293267440596385,0.0,0.010922861667388902,1.0695817954370666,1.2673211633909696,0.0633745274823607,-0.1458395301980836,0.0017507937921006557,0.9121338912133892,1.2673211586884707,0.0,239
301,eval,blind,3.0,0,0.3575846668143823,0.047361060443904056,0.07893509693884229,0.016736402172423805,0.0,0.011325015244171585,1.0042157003570302,1.212341733308018,0.0473610607934849,-0.1355178125545186,0.0063206623341938925,0.9372384937238494,1.2123417344204301,0.0,239
302,eval,blind,3.0,0,0.475447956226714,0.06997477831100696,0.1166246223671566,0.012362115240994856,0.0,0.0110215463083253,1.044978264485443,1.2447261323988688,0.06997477818081603,-0.14789973619466346,0.01590551648416867,0.8158995815899581,1.244726125234189,0.0,239
303,eval,blind,3.0,0,0.4392558730871779,0.058155577546983514,0.09692595833575789,0.015214911065839823,0.0,0.011937171559796423,1.0077569569503912,1.299250086979886,0.05815557762770402,-0.16643353135802874,0.32158224279652214,0.4895397489539749,1.2992500815859769,0.0,239
304,eval,blind,3.0,0,0.1161134909462402,0.013048400654404295,0.021747333142073742,0.0,0.0,0.009633018152016726,0.9335019052278047,0.9836898894988343,0.013048400629075438,-0.11471030786741833,0.10006231638921038,0.8368200836820083,0.9836898931610117,0.0,239
305,eval,blind,3.0,0,0.4595581971330663,0.05454222293827945,0.09090370083000403,0.012552301629317855,0.0,0.011948428114790422,1.054013086662133,1.3120817946090857,0.054542223072884664,-0.15420525378759642,0.06534318525772279,0.6485355648535565,1.3120817864591874,0.0,239
306,eval,blind,3.0,0,0.4990500914879464,0.08244414670393418,0.13740690264471045,0.017116774699677983,0.0,0.010691824834793806,1.0479670498660418,1.228119527944461,0.08244414625912659,-0.15189336609687,0.08555150004451172,0.6234309623430963,1.2281195328535144,0.0,239
307,eval,blind,3.0,0,0.00046352766528258015,0.00014673471438932762,0.0002445578546213107,0.0,0.0,0.009637106817885922,0.9029700000415786,0.9027983790661002,0.0001467346973562804,-0.1064290665361883,0.052939256357755426,0.7782426778242678,0.9027983799731932,0.0,239
308,eval,blind,3.0,0,0.500344105122346,0.06974956989607072,0.11624927598852508,0.01293267440596385,0.0,0.01086720595502579,1.0671945628261965,1.2746643453961137,0.06974956936226202,-0.15000504423962488,0.029793168936763703,0.7656903765690377,1.2746643457055873,0.0,239
309,eval,blind,3.0,0,0.30288375901140147,0.04310274785887764,0.07183790756088719,0.008178014697888905,0.0,0.010320602002393875,0.9927847486410181,1.1165495575970685,0.04310274755681885,-0.12645356220057924,0.0,1.0,1.1165495537337047,0.0,239
310,train,blind,3.0,0,0.27401919350725557,0.07294183460769726,0.12156971596755188,0.050589578545741955,0.0011411183299379866,0.016036470831765414,1.651309128336328,1.644132421355866,0.07291219436368897,-0.20080027091494332,0.261847532567732,0.3723849372384937,1.6441324170748708,0.0,239
311,train,blind,3.0,0,0.34633041948240073,0.10823830399609528,0.1803971569670428,0.11354127114786762,0.006466337202981925,0.015527979531189014,1.5923794016678463,1.6065365916515495,0.10803708726755198,-0.2032383135032437,0.33561826760437996,0.35564853556485354,1.6065365896150756,0.0,239
312,train,blind,3.0,0,0.017240600663365867,0.003872518010961601,0.006454196254944158,0.0,0.0,0.01591228798741015,1.6335660079533085,1.6323335614663288,0.0038725178514994003,-0.19081990790082579,0.15148817472328555,0.5564853556485355,1.6323335501750975,0.0,239
313,train,blind,3.0,0,0.4554288766948919,0.13604276388373726,0.22673792030914855,0.1247622676224888,0.008178014697888905,0.015657786389025683,1.5824901409228975,1.5804643107258625,0.135757522286866,-0.19485604432372655,0.2562984064809044,0.4351464435146444,1.5804643167140182,0.0,239
314,train,blind,3.0,0,0.16342436824145895,0.04753585903390596,0.07922642711893642,0.03081019447188996,0.0003803727766459956,0.0159581833203405,1.6126820796703194,1.6137529080382949,0.04752775993058482,-0.19552447126869035,0.22481379269414523,0.46443514644351463,1.6137529108461375,0.0,239
315,train,blind,3.0,0,0.06794362143753681,0.02055170209039632,0.03425283521496244,0.0022822366598759733,0.0001901863883229978,0.015849070290345154,1.6379223356187094,1.6288509421268766,0.020551567510950743,-0.1916767586996569,0.1772752900679545,0.5271966527196653,1.6288509450648998,0.0,239
316,train,blind,3.0,0,0.28232657409398026,0.08133635694028872,0.13556058411772004,0.07017877591953119,0.004184100543105951,0.016377418792989713,1.567723335082561,1.5711235972627935,0.08117286666289664,-0.19854759984694717,0.32140419597020686,0.3179916317991632,1.5711235937795938,0.0,239
317,train,blind,3.0,0,0.12297281284996057,0.033379473993290464,0.05563245315091815,0.01958919743613718,0.0005705591649689933,0.016417887583998456,1.6274457905581805,1.6235195181359805,0.033366911205809924,-0.1995622021127822,0.2631235348229918,0.39748953974895396,1.6235195193271224,0.0,239
318,train,blind,3.0,0,0.4836600335450891,0.1610622282532402,0.2684370147514403,0.18866489235327333,0.019969570773914768,0.014987333393246559,1.3767582153176663,1.461709253957581,0.15987167503318464,-0.2170129901992139,0.5596901985222115,0.16317991631799164,1.4617092540581438,0.0,239
319,train,blind,3.0,0,0.5020268857079679,0.15743746941768058,0.26239575693600814,0.13522251885555778,0.010270064969441882,0.015874462954263556,1.5539301848311804,1.5819802206929259,0.1570656167672473,-0.19996816621298474,0.31208641205970505,0.3598326359832636,1.5819802180620126,0.0,239
320,train,blind,3.0,0,0.4797851214425007,0.14398049731950385,0.23996747020903827,0.1329402818215941,0.004374286931428949,0.0164543247010138,1.5964018388273327,1.615313738958606,0.1438819539919727,-0.20412442398697997,0.3346390100596457,0.3682008368200837,1.6153137508126572,0.0,239
321,train,blind,3.0,0,1.0033076722564557e-05,3.1544024529759715e-06,5.257336985272118e-06,0.0,0.0,0.015194888557911419,1.5876378988122342,1.587637144651373,3.154382147269994e-06,-0.1951114441419949,0.2491468589572391,0.41841004184100417,1.5876371435380259,0.0,239
322,train,blind,3.0,0,0.0007224766159197316,0.0001148019636499941,0.00019133659630086444,0.0,0.0,0.015449438290865352,1.5986889560851094,1.5987302015017266,0.00011480198634550205,-0.19328111548418572,0.21834475800468855,0.4309623430962343,1.5987301966421714,0.0,239
323,train,blind,3.0,0,0.497250765612289,0.15053987298326404,0.2508997648182531,0.11658425311164378,0.007227082756273916,0.015799096008084684,1.5577837874699836,1.5791224405855315,0.15034525978594368,-0.19468158749442446,0.2773376064571649,0.36401673640167365,1.5791224310962761,0.0,239
324,train,blind,3.0,0,0.33866769455229107,0.10800238176545775,0.18000394827971655,0.12647394424452443,0.0038037277664599556,0.0161828829041803,1.6208522327275456,1.6410373337099242,0.10794001718765826,-0.2101690199552375,0.3301284904596576,0.3598326359832636,1.641037327905414,0.0,239
325,train,blind,3.0,0,0.025146192200367425,0.004785947080217053,0.007976578028943724,0.0,0.0,0.015034602485425676,1.585775285834548,1.586420040499715,0.004785947098970149,-0.1993080925003446,0.3011662067123654,0.36401673640167365,1.5864200463045017,0.0,239
326,train,blind,3.0,0,0.0010625928217568533,0.00031176993268284804,0.000519616521369358,0.0,0.0,0.015568163900569892,1.6039983236141284,1.6037191464312406,0.0003117698934033321,-0.19470170328601674,0.2419359624914686,0.4225941422594142,1.6037191619620181,0.0,239
327,train,blind,3.0,0,0.4615407718850152,0.14886353348611694,0.24810586096639298,0.16470140736222766,0.014073792735901836,0.016066603596365102,1.526214131999714,1.5494439275194911,0.14812479070652942,-0.20519236622816311,0.3858274726253005,0.301255230125523,1.5494439178609833,0.0,239
328,train,blind,3.0,0,0.17120400338753217,0.05729921729964425,0.09549868667695077,0.03651578543575239,0.002662609436521969,0.01563183613760576,1.5579268578206147,1.577064195936195,0.05719983935634605,-0.19570941852399856,0.2645182349624618,0.40585774058577406,1.5770641823996123,0.0,239
329,train,blind,3.0,0,0.24477059851891544,0.07057398325958723,0.11762329387377703,0.06200076103459841,0.004184100543105951,0.015940733727410623,1.592104853945297,1.6081559461031,0.07043656586205672,-0.1903941336881695,0.17507937921006558,0.5397489539748954,1.608155945222427,0.0,239
330,eval,blind,3.0,0,0.28232657409398026,0.06634310713883808,0.11057183794992895,0.021681248081777883,0.0,0.011633569702007282,1.0299868658496745,1.124012996212708,0.0663431070869322,-0.13258054685069753,0.0456096620077747,0.9037656903765691,1.1240129954754958,0.0,239
331,eval,blind,3.0,0,0.48112744734638124,0.08078513126179798,0.13464187773029931,0.015595283842485819,0.0,0.011347640212235591,1.0353247155454868,1.1891282675904709,0.08078513170063868,-0.13523828164838742,0.034511409834119704,0.9163179916317992,1.189128272864547,0.0,239
332,eval,blind,3.0,0,0.07326333691171423,0.004508498558611049,0.0075141638188743936,0.0,0.0,0.009956161057085546,1.0049163759004123,1.0242027331096857,0.004508498484854453,-0.11978687310570445,0.08890471527345026,0.8493723849372385,1.0242027316551194,0.0,239
333,eval,blind,3.0,0,0.0023364927420596237,0.0007314751596042933,0.0012191251740378336,0.0,0.0,0.011071682177000839,0.9609369325089155,0.9588706256455457,0.0007314751369848937,-0.10692611115204179,0.0025816789815721534,0.99581589958159,0.9588706255128715,0.0,239
334,eval,blind,3.0,0,0.4754479658978925,0.10227853624815283,0.17046421571087583,0.0766451123119897,0.0,0.010435824239603146,0.9739361988949476,1.0804104720199457,0.10227853589863288,-0.14486208751964572,0.2903350247781834,0.5439330543933054,1.0804104770112748,0.0,239
335,eval,blind,3.0,0,0.00046352766528258015,0.0001814968374187115,0.0003024947208622237,0.0,0.0,0.01125086099883565,0.98340056381465,0.9828153100472614,0.00018149681428177516,-0.11224318155470749,0.003649959939464079,0.9916317991631799,0.9828153077550081,0.0,239
336,eval,blind,3.0,0,0.07600188859598127,0.016894077645717275,0.028156794010980344,0.0,0.0,0.010642074933080743,0.9826965633795351,0.9597811853536502,0.016894077650831757,-0.10876412477034506,0.001335351197364907,0.99581589958159,0.9597811813114564,0.0,239
337,eval,blind,3.0,0,0.42329977726598883,0.05930470143050047,0.09884116416858538,0.015975656619131813,0.0,0.011783161742230838,1.029839994393632,1.2007036494660077,0.05930470186635773,-0.1316974571115038,0.0,1.0,1.2007036493803807,0.0,239
338,eval,blind,3.0,0,0.478391402922768,0.10005936911920228,0.16676560581850997,0.04298212307517,0.0,0.011379948014463591,1.0117895361269866,1.2109809802167086,0.10005936929315551,-0.14918898461420377,0.1355826582391169,0.5230125523012552,1.210980983531195,0.0,239
339,eval,blind,3.0,0,0.4918546168378746,0.08467683610852192,0.14112805260801867,0.015785470168460863,0.0,0.011167274450953411,1.0277162817731562,1.1819284815169777,0.08467683597122247,-0.13963638905063386,0.05305795424196563,0.895397489539749,1.181928486234921,0.0,239
340,train,blind,3.0,0,0.4754479658978925,0.13819418018220445,0.2303236152421891,0.1188664891480402,0.012362115240994856,0.015988360437716526,1.4730604767300595,1.5299049309108048,0.13754106082566092,-0.20447369980966812,0.40208908276209987,0.3054393305439331,1.5299049383207373,0.0,239
341,train,blind,3.0,0,0.4824189044268233,0.14573800846172688,0.24289666055685843,0.12590338620181862,0.010270064969441882,0.01574016856731044,1.5114884259311725,1.535770632482473,0.14526495773861064,-0.19596654811717718,0.3105136650939197,0.3891213389121339,1.5357706277681156,0.0,239
342,train,blind,3.0,0,0.30694783156671684,0.10899196449235163,0.1816532526899662,0.12685431745760611,0.011601369687702865,0.015878652955043017,1.5289865634930184,1.5437862843150374,0.10842223547292613,-0.19903908882399765,0.31950502982284334,0.3682008368200837,1.5437862907043243,0.0,239
343,train,blind,3.0,0,0.18307093769721308,0.044698635639890585,0.07449771944358195,0.022441993011590326,0.0007607455532919912,0.015604185542504782,1.6354882869261578,1.6266785478492163,0.044682228659690876,-0.2041912764483111,0.3093266862518176,0.3305439330543933,1.6266785463612254,0.0,239
344,train,blind,3.0,0,0.0020282095075691135,0.0003587560123648537,0.000597926624673107,0.0,0.0,0.015823055851705778,1.6249462051870434,1.625163603028493,0.00035875599706707673,-0.19396988663509815,0.19220154900738895,0.4686192468619247,1.6251635970365104,0.0,239
345,train,blind,3.0,0,0.38597856810663256,0.13275695031209972,0.22126156126021015,0.15195892077858977,0.01635602939577781,0.015827649635375793,1.5342944429010528,1.5563205473093806,0.13195102583610213,-0.20005106851708768,0.3064482625597199,0.41422594142259417,1.5563205378746023,0.0,239
346,train,blind,3.0,0,0.00036113544281525344,0.00011209485174164519,0.00018682474113131822,0.0,0.0,0.015667290514467525,1.6432235462894997,1.64315711928212,0.00011209484151268385,-0.19976899052948338,0.24116442624410217,0.4351464435146444,1.6431571112108203,0.0,239
347,train,blind,3.0,0,0.5016285062847449,0.1496175770696853,0.24936260445664246,0.13541270418396556,0.005515405261366936,0.016283612460614997,1.6065306783221256,1.6092747432417451,0.14948259233355674,-0.20242377524532934,0.31466809104127724,0.33472803347280333,1.609274749617338,0.0,239
348,train,blind,3.0,0,0.3347918485875449,0.10680265431571825,0.17800440392587247,0.11620387977386619,0.009128946639503893,0.015975778160624548,1.5282573979270009,1.542539482336164,0.10637152512878312,-0.20328608291494502,0.38950710703581704,0.26359832635983266,1.5425394781806314,0.0,239
349,train,blind,3.0,0,0.36491424218167223,0.10703929421018771,0.17839881017437972,0.10098896970559364,0.008178014697888905,0.01552494154136363,1.5209822874188923,1.5398055023229271,0.10672368351464623,-0.20208127540934634,0.36057449775957745,0.2803347280334728,1.539805498242443,0.0,239
350,train,blind,3.0,0,0.051011509713621825,0.013656362284727872,0.02276060358688399,0.0,0.0,0.01624871013592539,1.6138193248206103,1.606901210471676,0.013656362168837697,-0.19954560286080023,0.2938366123623846,0.4225941422594142,1.606901201511697,0.0,239
351,train,blind,3.0,0,0.5010294421648054,0.13542915978706108,0.22571524506396806,0.10441232475775555,0.0020920502715529757,0.016710280508940814,1.614746445392465,1.611382560749932,0.13538113444783792,-0.20199708928994148,0.2941630315439628,0.39330543933054396,1.611382550904985,0.0,239
352,train,blind,3.0,0,3.5839762234725213e-06,7.778015281180909e-07,1.2963358751229288e-06,0.0,0.0,0.01530165818742005,1.5802504784392513,1.5802498699232126,7.778001657787469e-07,-0.1922844739851061,0.23238078281254637,0.4476987447698745,1.5802498659169524,0.0,239
353,train,blind,3.0,0,0.49941803140382607,0.14243040501380438,0.23738399253345668,0.09851654671974262,0.0032331686014909623,0.016130527892543555,1.5996259947202196,1.6048285030919638,0.14236232803136678,-0.19482444479143202,0.2533012849045966,0.41422594142259417,1.6048285093935926,0.0,239
354,train,blind,3.0,0,0.472293708546508,0.14081298417987914,0.2346882858438377,0.11354127064908398,0.007036896367950918,0.016645029849649474,1.592037273251362,1.6119464618391572,0.14064014390061103,-0.20138675163554387,0.3095344075491854,0.3514644351464435,1.6119464648134847,0.0,239
355,train,blind,3.0,0,0.4941819601855557,0.1477699483015743,0.24628322414361442,0.13750475539073784,0.005895778038012931,0.016300146865451934,1.5777417593421297,1.57756982837262,0.14756437859058788,-0.19932356905114312,0.31045431615181457,0.3179916317991632,1.577569830498961,0.0,239
356,train,blind,3.0,0,0.49613888111608695,0.14918537191157333,0.2486422626150282,0.1238113359926136,0.012742488017640852,0.015686415447600216,1.5050943553697116,1.5534638453228204,0.14854703345586265,-0.20309359646681788,0.37665806107006145,0.3179916317991632,1.553463845742667,0.0,239
357,train,blind,3.0,0,0.29880202014860646,0.08702773613742207,0.14504621064207415,0.08368200830585289,0.0013313047182609845,0.01574580011125576,1.627487758213506,1.6066109872263346,0.08699909110141542,-0.19459477521312574,0.2335084127125434,0.45188284518828453,1.6066109913523292,0.0,239
358,train,blind,3.0,0,0.37911919344205136,0.10656808569273148,0.17761346103116507,0.0905287182854808,0.0011411183299379866,0.016245585394766043,1.5960308600170343,1.624026311241932,0.10655125370074103,-0.2051469012472501,0.3296240244517642,0.3179916317991632,1.6240263125711434,0.0,239
359,train,blind,3.0,0,0.2698529591997837,0.07581404157156776,0.12635672230432066,0.06219094767231323,0.0032331686014909623,0.01523828745145491,1.566990495226872,1.580280614447893,0.0756428436540343,-0.20440637565385056,0.37823080803584674,0.2803347280334728,1.580280616046708,0.0,239
360,eval,blind,3.0,0,0.03674999346555246,0.0036374051718720307,0.006062341689338681,0.0,0.0,0.011629630721887285,0.9814224829234838,0.9883186460538889,0.0036374052584224386,-0.1132429125895868,0.06041722306299888,0.8200836820083682,0.9883186446898321,0.0,239
361,eval,blind,3.0,0,0.08163405268523204,0.007612203260418271,0.01268700469743361,0.0,0.0,0.011609197202602315,0.9972517575180181,1.0129425700239556,0.00761220321215036,-0.11197977148569359,0.009762900976290097,0.9330543933054394,1.0129425715844171,0.0,239
362,eval,blind,3.0,0,0.42329977726598883,0.06902774457382777,0.11504623335361784,0.02225180662326733,0.0,0.011289322768263986,1.086370678376952,1.1968909300022046,0.06902774463275084,-0.1475662639865888,0.20733552924419119,0.5481171548117155,1.1968909315902165,0.0,239
363,eval,blind,3.0,0,0.10291769171121948,0.01659511737194544,0.027658527688377548,0.0,0.0,0.010797517804748469,0.9507409017455128,0.9444188403285199,0.016595117637076464,-0.10644848611185144,0.004540194071040682,0.8828451882845189,0.9444188352393427,0.0,239
364,eval,blind,3.0,0,0.07326333691171423,0.007638296802865454,0.012730494081993452,0.0,0.0,0.010673309475666684,1.0021553543322257,1.0170426842557836,0.0076382967164139864,-0.12287364578916127,0.09059616012344579,0.8619246861924686,1.0170426789566072,0.0,239
365,eval,blind,3.0,0,0.4769458410955545,0.06728581964798422,0.11214302625535977,0.014263979124224835,0.0,0.011676971405105487,1.0925166731598985,1.2220066404242895,0.06728581996263133,-0.1400608065546467,0.06279118074720316,0.8410041841004184,1.2220066436087094,0.0,239
366,eval,blind,3.0,0,0.48599371905867245,0.07944454284081083,0.13240756345756335,0.02301255242595114,0.0,0.01303158981811302,1.151809174645396,1.3271124639770475,0.07944454266528977,-0.15814554516430834,0.1811032968337339,0.6234309623430963,1.327112451812184,0.0,239
367,eval,blind,3.0,0,0.31099300983821715,0.040540294922298534,0.06756715448748585,0.007607455532919911,0.0,0.011403788002909289,1.005323917047748,1.0924374767925948,0.04054029491371351,-0.12338451340402068,0.0016914448499955486,0.9246861924686193,1.0924374749594914,0.0,239
368,eval,blind,3.0,0,0.04666315660102996,0.004485303673981012,0.007475505532756756,0.0,0.0,0.011350746569515959,0.9829761283667018,0.9956380834639322,0.004485303587567599,-0.115634416653386,0.0,1.0,0.9956380788978095,0.0,239
369,eval,blind,3.0,0,0.06536319171795504,0.009419246918239794,0.015698744111478126,0.0,0.0,0.011180378734348458,0.9369844662095712,0.9302124515736951,0.009419247083881992,-0.10166559726541412,0.0019585150894685303,0.99581589958159,0.9302124492414324,0.0,239
370,train,blind,3.0,0,0.09350418227249328,0.024586373341609416,0.04097728714046471,0.0019018638208820231,0.0,0.016092997098879337,1.6391885485110422,1.6353999525932088,0.02458637341892027,-0.1912743066194289,0.15967832873379031,0.5481171548117155,1.6353999567050514,0.0,239
371,train,blind,3.0,0,0.00036113544281525344,9.215642065435715e-05,0.00015359401786782696,0.0,0.0,0.016352530516232033,1.6278366865473313,1.627853221723724,9.215649158733305e-05,-0.19937836025468372,0.2676340544229799,0.401673640167364,1.6278532260436764,0.0,239
372,train,blind,3.0,0,1.0033076722564557e-05,1.7518979506021575e-06,2.919830069886949e-06,0.0,0.0,0.01580547498710547,1.6006209079690559,1.6006247790288726,1.751884494647072e-06,-0.19420487128545064,0.22709872696519182,0.4351464435146444,1.600624780287552,0.0,239
373,train,blind,3.0,0,0.34251425579287914,0.1060378875541368,0.17672979670246927,0.1009889693315059,0.004564473319751947,0.016755185458248004,1.575320266031321,1.6093483983722192,0.10590990021349982,-0.20105344826467897,0.295142289088697,0.3305439330543933,1.6093483925095522,0.0,239
374,train,blind,3.0,0,0.49267310757053845,0.13711325046881723,0.22852206486222484,0.10479269778379337,0.007607455532919911,0.016619142957390226,1.575456411269918,1.6304092397250889,0.13682889365331732,-0.20250331226502527,0.30143327695183836,0.3514644351464435,1.6304092464835132,0.0,239
375,train,blind,3.0,0,0.00014589585375555142,2.8566777823413975e-05,4.761129589287406e-05,0.0,0.0,0.015790614315063137,1.6435627782693967,1.6435563384738427,2.8566724235529496e-05,-0.1926223397611011,0.16258642689694058,0.5188284518828452,1.6435563455427757,0.0,239
376,train,blind,3.0,0,0.3791192204459613,0.11313694509103184,0.1885615594404512,0.10479269740970563,0.002852795824844967,0.016733302730895485,1.62001000413336,1.6382428452559594,0.11307016046936103,-0.201751345892202,0.27202587613875784,0.4225941422594142,1.6382428443180035,0.0,239
377,train,blind,3.0,0,0.137177762364597,0.0346429333641563,0.05773821836767307,0.01654621553470899,0.0024724230481989714,0.015008166410948567,1.524305552618274,1.5282725202987384,0.03450090004383025,-0.20086623606385925,0.3909611561173922,0.2719665271966527,1.5282725219504412,0.0,239
378,train,blind,3.0,0,0.37911919344205136,0.12404004634592038,0.20673338722386597,0.14321034672868801,0.002662609436521969,0.016797764281348705,1.58548289562369,1.6159507337973207,0.12398167605274142,-0.21036818458065132,0.37550075669901184,0.28870292887029286,1.6159507467502334,0.0,239
379,train,blind,3.0,0,0.34633041948240073,0.1037257162062366,0.17287617350724394,0.11411183037518458,0.011981742464348862,0.01546926096970192,1.49064893727522,1.5170214959268291,0.10298979179090996,-0.2058575288585146,0.39906228671473937,0.28451882845188287,1.5170214924053944,0.0,239
380,train,blind,3.0,0,0.011099790736339269,0.0022728252701671252,0.0037880419378369078,0.0,0.0,0.015017077361845321,1.6104631965130443,1.6109758338668856,0.0022728252555847665,-0.18781404202680618,0.13329772396807027,0.5941422594142259,1.610975830729917,0.0,239
381,train,blind,3.0,0,0.27401919350725557,0.08298850887835953,0.13831417129991702,0.06580448855166655,0.0032331686014909623,0.015919421516966743,1.6070477852761496,1.614266006268218,0.08290059118948474,-0.19187383862427998,0.18050980741268285,0.5230125523012552,1.6142660016287946,0.0,239
382,train,blind,3.0,0,0.27401919350725557,0.08204587999493752,0.13674312174297937,0.06656523416730649,0.0020920502715529757,0.016439883934653454,1.6255540992425574,1.6235913482171223,0.08199152202518288,-0.19596692542911656,0.22318169678625477,0.5104602510460251,1.6235913512894766,0.0,239
383,train,blind,3.0,0,0.2615026996800263,0.08476808729685377,0.1412801316704698,0.0715100798896167,0.0015214911065839823,0.01616830305317144,1.6298252533669253,1.6325392523570041,0.08474978120744199,-0.2002045238867817,0.2579601768598475,0.49372384937238495,1.6325392581257179,0.0,239
384,train,blind,3.0,0,0.5018883342007137,0.14459354655809115,0.24098922255409785,0.12476226674961745,0.0085583874745349,0.015460395404219503,1.5162147231181795,1.5458850072517554,0.14425467630343172,-0.20105532496198147,0.3778450399121636,0.2719665271966527,1.545885005203346,0.0,239
385,train,blind,3.0,0,0.1595777480052146,0.04732784049452242,0.0788797290692684,0.027196653031405046,0.0005705591649689933,0.016145099394771593,1.6289929009381696,1.6295157965257079,0.047311760917513324,-0.2111141951356084,0.40289029348051875,0.29707112970711297,1.6295157989343139,0.0,239
386,train,blind,3.0,0,0.32695747973790945,0.10261337628145693,0.17102227480559673,0.10992772964503476,0.004564473319751947,0.016169310638985,1.6077069453115742,1.6099069968925859,0.10248970641373585,-0.19516840871696392,0.23246980622570396,0.42677824267782427,1.609906994056377,0.0,239
387,train,blind,3.0,0,0.06536317144762423,0.018453790482240665,0.03075631511897296,0.005135032360025031,0.0001901863883229978,0.016107566167588763,1.6204695349956657,1.622831487007221,0.01844955104563695,-0.20132691659427895,0.29698210629395533,0.39330543933054396,1.6228314882766657,0.0,239
388,train,blind,3.0,0,0.3649142709313249,0.09446296022519217,0.15743825043172666,0.08691517734377953,0.005325218873043938,0.015639770777981774,1.5731906611550304,1.5895272747742082,0.09426631412709535,-0.19263803285950415,0.23261817858096676,0.4602510460251046,1.5895272665238036,0.0,239
389,train,blind,3.0,0,0.44651358694995696,0.13298138062344905,0.2216356147377665,0.11791555882747204,0.003993914154782953,0.016587868381572193,1.619461370561911,1.6137286903469135,0.1329053186451636,-0.20140242045808784,0.2971304786492181,0.35564853556485354,1.613728684049193,0.0,239
390,eval,blind,3.0,0,0.10942615455924436,0.019956480958593998,0.033260800083861716,0.0,0.0,0.012346730244084881,1.032766832966186,0.9903951965615341,0.01995648078180954,-0.11233372762213209,0.011365322413127986,0.9079497907949791,0.9903951963760407,0.0,239
391,eval,blind,3.0,0,0.4554288766948919,0.08158506347490212,0.13597509966564444,0.030620007210695594,0.0,0.01151294261606792,1.039579382251995,1.1410033600599696,0.08158506342104785,-0.1445130438337065,0.21614884714679963,0.606694560669456,1.141003365773784,0.0,239
392,eval,blind,3.0,0,0.48112744734638124,0.072877381689498,0.12146229769117112,0.018638265868609918,0.0,0.012814525680452835,1.096839953416561,1.2547119706245646,0.0728773816904113,-0.13996427641174222,0.027894002789400275,0.9205020920502092,1.2547119662586035,0.0,239
393,eval,blind,3.0,0,0.36852381268091683,0.0753985630806436,0.12566426296844577,0.03214149850432344,0.0,0.01080327156822053,1.0306933941202683,1.1225483996100007,0.0753985621202819,-0.1410260975285914,0.17662245170479834,0.6820083682008368,1.1225483964321432,0.0,239
394,eval,blind,3.0,0,0.09973254793120946,0.012457627232609536,0.020762711251690345,0.0,0.0,0.012806856202031779,1.0501107713168636,1.0467391004123447,0.012457627295992564,-0.11440705928226967,0.002789400278940028,0.99581589958159,1.046739096478616,0.0,239
395,eval,blind,3.0,0,0.07326335892778778,0.009465122154244577,0.015775202752109745,0.0,0.0,0.013061958411903312,1.058885798294674,1.0534774932901232,0.009465122067998601,-0.11442508432319377,0.0018694916763108698,0.99581589958159,1.0534774957093507,0.0,239
396,eval,blind,3.0,0,0.00046352766528258015,0.00013805666931604804,0.00023009444112747238,0.0,0.0,0.012992843420529216,1.0591403627495386,1.0588876427965683,0.00013805666803742787,-0.1172704342893597,0.0029971215763079026,0.99581589958159,1.0588876452697453,0.0,239
397,eval,blind,3.0,0,0.02096458594954064,0.001825203847349037,0.003042006225133496,0.0,0.0,0.012650604180555214,1.0388065162562925,1.0427166091348337,0.0018252038886302023,-0.11481941167953891,0.008783643431555833,0.9539748953974896,1.042716610757838,0.0,239
398,eval,blind,3.0,0,0.0005835234280700004,0.0001278841449081738,0.00021314023055402158,0.0,0.0,0.012967830120535201,1.07057945698375,1.0703519590230168,0.00012788418387564554,-0.12000366905958232,0.0016914448499955486,0.99581589958159,1.070351961112823,0.0,239
399,eval,blind,3.0,0,0.0038738003089876893,0.0011273945392417297,0.001878990747047214,0.0,0.0,0.012875686567198782,1.0777368764997028,1.074021177810605,0.0011273945450868505,-0.12298223533172158,0.002611353452624707,0.99581589958159,1.074021179946072,0.0,239
400,train,blind,3.0,0,0.46892580401234446,0.13543474938715808,0.22572456080116776,0.11373145666331926,0.002852795824844967,0.01664608346871159,1.6331932856448026,1.645791941357457,0.13535698673051275,-0.20765703322300622,0.33799222528858425,0.29707112970711297,1.645791943685144,0.0,239
401,train,blind,3.0,0,0.2364116824699286,0.07087443613080072,0.11812405026291066,0.05629516888612484,0.004374286931428949,0.016110413286944063,1.5925354865305594,1.5984655089956945,0.07064463800178368,-0.20395276668529172,0.3317309118964955,0.3305439330543933,1.5984655064234514,0.0,239
402,train,blind,3.0,0,0.39266590399484474,0.10807324597088641,0.1801220579589152,0.09699505523907091,0.0019018638832299778,0.016272821387657933,1.605263785338302,1.6100996892322557,0.1080255205024552,-0.1960690838856284,0.23427994895990978,0.4811715481171548,1.6100996914359005,0.0,239
403,train,blind,3.0,0,0.4994180284038787,0.16249015512250298,0.27081689909035384,0.14872575142892336,0.004564473319751947,0.01706018185469022,1.6274320079192957,1.6152214298188436,0.16237204753883341,-0.21153302093928042,0.4272827086857177,0.2384937238493724,1.6152214304722592,0.0,239
404,train,blind,3.0,0,0.41162969583010295,0.1360492806489678,0.22674877736545154,0.14777481979904813,0.010079878581118883,0.015847626985849572,1.5149171502021566,1.5438149227258051,0.1355764387228199,-0.1967427579162234,0.30641858808866734,0.3891213389121339,1.543814910542413,0.0,239
405,train,blind,3.0,0,0.21150074667297547,0.05859410102775313,0.09765682783466496,0.04069988591651039,0.0007607455532919912,0.016852392955336363,1.6349572521872102,1.6466570269612588,0.05856912432374054,-0.2125373906035334,0.4008130805068399,0.2719665271966527,1.646657026315859,0.0,239
406,train,blind,3.0,0,0.00484126768363289,0.001306385480187844,0.002177309038130436,0.0,0.0,0.01564310422891977,1.6265287583841939,1.626207091319511,0.0013063854093157549,-0.1919873113630662,0.1747529600284875,0.5271966527196653,1.6262070982557948,0.0,239
407,train,blind,3.0,0,0.3720951933817057,0.12312074800439751,0.20520122138576077,0.13845568745704875,0.004944846096397943,0.016540330215103954,1.6109035454035803,1.6379697649548741,0.12302686667991496,-0.2015232943152573,0.2747856019466453,0.401673640167364,1.6379697645899156,0.0,239
408,train,blind,3.0,0,0.010237416458047271,0.002622668946082835,0.004371114744267535,0.0,0.0,0.01628845748511069,1.6595021675820132,1.6576774496912456,0.0026226688731253774,-0.19493404854346308,0.18145939048636459,0.5230125523012552,1.6576774531742333,0.0,239
409,train,blind,3.0,0,0.34251428529070727,0.09626000024965613,0.16043332195502855,0.0639026251672202,0.003613541378136958,0.016339368340812593,1.6257763532415095,1.617532921884848,0.09617332752037389,-0.19344844037595216,0.20516929285735477,0.4895397489539749,1.617532919399198,0.0,239
410,train,blind,3.0,0,0.5000638219418426,0.15140994582595252,0.2523498856876111,0.1487257520524029,0.005515405261366936,0.016835162193011725,1.6100959817734721,1.6300214736032685,0.15129769869225387,-0.21327976428698672,0.4005756847384196,0.26359832635983266,1.6300214725318978,0.0,239
411,train,blind,3.0,0,0.42045798061068984,0.12125164760329434,0.2020860627559905,0.0954735644442267,0.006466337202981925,0.016149326289953296,1.5835583574103511,1.5802692855751166,0.12112251201444649,-0.1982285068120859,0.31318436748864953,0.3598326359832636,1.5802692792681843,0.0,239
412,train,blind,3.0,0,0.27817753698797626,0.08462349561695302,0.14103914631083916,0.07493343500412658,0.0011411183299379866,0.016087449477229534,1.6234072177479955,1.622430183149282,0.08459871377778948,-0.19181391476213575,0.18045045847057775,0.497907949790795,1.6224301831332402,0.0,239
413,train,blind,3.0,0,0.49821823029872664,0.13065678709706038,0.21776129378283626,0.0941422596012698,0.005705591649689934,0.0157762891983138,1.5495394702735805,1.5741558900438093,0.13043642404396244,-0.19762976465020113,0.30351048992551705,0.3472803347280335,1.574155889481822,0.0,239
414,train,blind,3.0,0,0.17120400338753217,0.04296482904458849,0.07160804224592109,0.0209205019673543,0.0034233549274660055,0.015076762529004318,1.5839132434653438,1.5976045884846644,0.0426729730588628,-0.1930860661913846,0.2097094869283955,0.5271966527196653,1.5976045705515738,0.0,239
415,train,blind,3.0,0,0.48366004122113304,0.13438139697644597,0.22396897186095793,0.1222898447613337,0.007987828309565907,0.015860025536183223,1.5551415833967999,1.5634632629330687,0.13410162268127385,-0.19577894043227284,0.29226386539659927,0.38493723849372385,1.5634632669670134,0.0,239
416,train,blind,3.0,0,3.939130826693449e-05,1.1398821496407143e-05,1.8998035713182723e-05,0.0,0.0,0.01604939291884959,1.6084516412543453,1.6084400176004385,1.139882687726701e-05,-0.19271153505030897,0.21359684263628,0.4811715481171548,1.6084400136855201,0.0,239
417,train,blind,3.0,0,0.0065658995871934805,0.0016271052765020678,0.0027118420424143185,0.0,0.0,0.015506552177711262,1.6295908614681356,1.6291384831632032,0.0016271052351219616,-0.19739074105582882,0.23555595121516956,0.45188284518828453,1.6291384725621,0.0,239
418,train,blind,3.0,0,0.472293708546508,0.13795038937727036,0.2299172918144935,0.1317991641774836,0.004944846096397943,0.01663537178905564,1.6425225470355365,1.6426504376543116,0.1378595234590454,-0.204770256247801,0.30051336834920916,0.39748953974895396,1.642650433093539,0.0,239
419,train,blind,3.0,0,0.4341484118583851,0.13311008626429405,0.22185012127546652,0.12476226756014086,0.011411183299379868,0.015903517473333177,1.5070112290242725,1.5218236997536536,0.13252982601316263,-0.20263308608166047,0.3939582776937001,0.3138075313807531,1.5218237053722632,0.0,239
420,eval,blind,3.0,0,0.500344105122346,0.07130739999499448,0.11884566083949626,0.012171928665627994,0.0,0.011851059911951858,1.0722456197858357,1.2100694558610476,0.07130740027601692,-0.15488398090237895,0.2764176978545357,0.4811715481171548,1.210069455598954,0.0,239
421,eval,blind,3.0,0,0.4595581971330663,0.07993261011681596,0.13322100990675204,0.011220996349925277,0.0,0.010598573401165058,1.0795303104312848,0.9487713929499543,0.0799326103473938,-0.1044516896966534,0.011632392652600968,0.9707112970711297,0.9487713906427151,0.0,239
422,eval,blind,3.0,0,0.1712039733909204,0.03449324406578111,0.05748873692285708,0.002852795762497012,0.0,0.012566729031783767,1.164417128932027,1.0820682629880547,0.03449324375614193,-0.12437308289659904,0.008486898721030298,0.9832635983263598,1.0820682676243314,0.0,239
423,eval,blind,3.0,0,0.39266590399484474,0.04728003347685383,0.07880005026822515,0.008178014448497086,0.0,0.011806784778303431,1.1388797308610572,1.2296192381671283,0.04728003381495754,-0.15092313287482945,0.1568592539837977,0.7364016736401674,1.2296192366368885,0.0,239
424,eval,blind,3.0,0,0.019673128869098604,0.0018113493896783602,0.0030189155236923595,0.0,0.0,0.013379653506604448,1.1395947170058054,1.1425416798771175,0.0018113494228920411,-0.12544750711281455,0.0,1.0,1.142541679653766,0.0,239
425,eval,blind,3.0,0,0.45108052358230005,0.09150056537318922,0.15250093101827153,0.049448460028760105,0.0,0.011385831564945407,1.0247245796305364,1.0714378386860612,0.09150056578058197,-0.1644599769523251,0.45446452416985683,0.33472803347280333,1.0714378467159589,0.0,239
426,eval,blind,3.0,0,0.048809969762233514,0.005557288146702228,0.009262146941623865,0.0,0.0,0.01267596027350139,1.1221069621241742,1.1281500021034703,0.005557288140522231,-0.12372544212947521,0.00833852636576753,0.9874476987447699,1.1281500004835618,0.0,239
427,eval,blind,3.0,0,0.41462239765982967,0.05748105560496126,0.09580175520203887,0.008558387349838992,0.0,0.013390795912235102,1.1477237447285753,1.2486500741298228,0.05748105517290942,-0.14251688338459786,0.0600314549393157,0.803347280334728,1.2486500780952974,0.0,239
428,eval,blind,3.0,0,0.4288286963842077,0.0580489801747211,0.09674829574448941,0.013883605848795201,0.0,0.011508537353129442,1.0804593987045927,1.1792816946197255,0.05804898020531665,-0.15831968317069747,0.3215228938544172,0.48535564853556484,1.179281693887783,0.0,239
429,eval,blind,3.0,0,0.5020920332959219,0.07770165931616708,0.12950275826850766,0.021110688792112982,0.0,0.010436292075275378,1.0524400978906383,1.1129330638562287,0.07770165907736193,-0.15832197154639996,0.4025341998278881,0.33472803347280333,1.1129330606092958,0.0,239
430,train,blind,3.0,0,0.2531380511106846,0.07536604294767599,0.1256100612669063,0.055724610469331304,0.004564473319751947,0.015490630538315828,1.5934898738581764,1.5855774477934736,0.07517704579870316,-0.1981385264013801,0.2964182913439568,0.3682008368200837,1.5855774432099872,0.0,239
431,train,blind,3.0,0,0.21150077816593815,0.05854944968605843,0.09758240827001245,0.04545454574928124,0.0038037277664599556,0.01612443828596792,1.5826868459769372,1.6003035506443997,0.05838196787183859,-0.1906793346317414,0.18671177186266652,0.5271966527196653,1.6003035564939658,0.0,239
432,train,blind,3.0,0,0.0034414877965033177,0.0008572318931716634,0.0014287197136201566,0.0,0.0,0.016548923117393106,1.6123497725530649,1.6114832068088165,0.0008572319232268482,-0.1947290100890587,0.22718775037834948,0.4393305439330544,1.6114832076051808,0.0,239
433,train,blind,3.0,0,0.4926731121291847,0.14722739523431033,0.24537897004834064,0.12989730041894954,0.005135032484720941,0.016294724132600687,1.5588814598745881,1.5693593504039813,0.14706958514514584,-0.1912567958645281,0.24303391792041307,0.401673640167364,1.5693593482356474,0.0,239
434,train,blind,3.0,0,0.475447956226714,0.12974266015993194,0.216237748597827,0.10136934266928349,0.005895778038012931,0.016094289478460116,1.5601896965354058,1.569261833963035,0.12955503788770667,-0.19982447319273963,0.3226801982254666,0.301255230125523,1.5692618437703623,0.0,239
435,train,blind,3.0,0,0.4595582126649525,0.13252480501014133,0.22087465900722045,0.10498288367333272,0.005515405261366936,0.01609131716246323,1.565571235562967,1.5919923687579742,0.13236990533488444,-0.19448474523467352,0.24460666488619837,0.42677824267782427,1.5919923676282701,0.0,239
436,train,blind,3.0,0,6.514758795400435e-05,1.4670489949384163e-05,2.445081488255394e-05,0.0,0.0,0.015605602853748339,1.612671764325896,1.6126681740812676,1.467046271781895e-05,-0.19802012736619068,0.2585833407519511,0.4560669456066946,1.612668180918435,0.0,239
437,train,blind,3.0,0,0.49008514884387816,0.14792002563912526,0.2465333563680486,0.12590338557833908,0.0022822366598759733,0.017073987735723727,1.6251315604193939,1.6279755374377742,0.14787733229043484,-0.20757120208454377,0.3568058399359032,0.3054393305439331,1.6279755423175182,0.0,239
438,train,blind,3.0,0,0.005953148992843712,0.0014724167491317625,0.002454027757518043,0.0,0.0,0.015779441413489095,1.5772612035025113,1.5758265167100658,0.0014724166498255964,-0.19157545996472503,0.2258523991809846,0.49372384937238495,1.57582653572059,0.0,239
439,train,blind,3.0,0,0.07600188859598127,0.018592369018170532,0.030987279935844415,0.0009509319416149889,0.0,0.016430094789433056,1.6162264566541218,1.6122230206573358,0.018592369337277596,-0.18700435348101893,0.1233271016944123,0.602510460251046,1.612223025385629,0.0,239
440,train,blind,3.0,0,0.45752092677940104,0.14309221920495216,0.23848701142831402,0.13408140015153205,0.0020920502715529757,0.01638689367139564,1.6293699267519068,1.6337957551788584,0.14306456159948125,-0.206548228154331,0.299267040565002,0.41841004184100417,1.6337957478668204,0.0,239
441,train,blind,3.0,0,0.11611346518928935,0.02061689263863319,0.03436148659095741,0.0003803727766459956,0.0,0.014966358136479202,1.5629134921349241,1.5618729526527757,0.020616892645254615,-0.19658814016932155,0.30962343096234307,0.401673640167364,1.5618729598181178,0.0,239
442,train,blind,3.0,0,0.4341484118583851,0.142356842148942,0.23726137956875093,0.14967668349523425,0.006466337202981925,0.016158166158336477,1.5626445041041992,1.5691679184905654,0.14216181375467155,-0.19931424236932072,0.3178432594439004,0.33472803347280333,1.5691679132413403,0.0,239
443,train,blind,3.0,0,0.24895395069227458,0.0849865900178644,0.14164430129120884,0.09433244605194076,0.0015214911065839823,0.016114926439121553,1.6103818174685394,1.6173268244855075,0.08494429771265889,-0.20400984017439994,0.32546959850440665,0.3389121338912134,1.6173268224727493,0.0,239
444,train,blind,3.0,0,0.2531380511106846,0.06943800327717631,0.11572999587403947,0.05154051036266104,0.0011411183299379866,0.016223581131765908,1.6107522004817818,1.6108173870142535,0.06942625681761734,-0.20824446368498087,0.3795661592332117,0.27615062761506276,1.6108173733339726,0.0,239
445,train,blind,3.0,0,0.4510805060552793,0.14134888366445553,0.23558145330765354,0.1331304687087007,0.007797641921242909,0.016119634352671178,1.5472137389322704,1.5823024049962415,0.14112287607556587,-0.19682652207080298,0.2885248820439775,0.3682008368200837,1.5823024087900943,0.0,239
446,train,blind,3.0,0,0.48813355436147227,0.15748996284973787,0.262483246432144,0.15405097105014273,0.004944846096397943,0.016599328276627235,1.5614063318304436,1.5633289330175233,0.1573605618639658,-0.1961098890981086,0.2936585655360693,0.3472803347280335,1.5633289309424996,0.0,239
447,train,blind,3.0,0,0.0038738029971952595,0.0010590617014534789,0.001765102721151855,0.0,0.0,0.01511619493918626,1.5752044843829327,1.5749713229833786,0.001059061679123291,-0.18673825149952672,0.18018338823110477,0.5355648535564853,1.5749713255131466,0.0,239
448,train,blind,3.0,0,0.4465136047263696,0.11456755131129662,0.19094590372783748,0.09128946439990439,0.005705591649689934,0.015667832466271008,1.5329841125959134,1.5443607653534064,0.11432732633740564,-0.19310923430312535,0.2884358586308199,0.39330543933054396,1.5443607721217865,0.0,239
449,train,blind,3.0,0,0.0349310103396663,0.006407224973509645,0.010678707848231295,0.0,0.0,0.015266057735145342,1.6007004811673982,1.600705382215428,0.0064072250279956075,-0.18557969232720062,0.12632422327072018,0.5815899581589958,1.6007053818804502,0.0,239
450,eval,blind,3.0,0,0.19920830527869945,0.019814858241653348,0.03302476152486755,0.0017116774949069802,0.0,0.010996974447438159,0.9435131163277886,1.0320679825968324,0.01981485839280452,-0.12474094024120114,0.12362384640493786,0.7238493723849372,1.0320679789950464,0.0,239
451,eval,blind,3.0,0,0.0,0.0,0.0,0.0,0.0,0.01189209527149017,0.962109614366268,0.962109614366268,0.0,-0.10646169536821647,8.902341315766046e-05,0.99581589958159,0.9621096080328309,0.0,239
452,eval,blind,3.0,0,0.5020705397688578,0.05465408881085537,0.09109014278754132,0.007987828309565907,0.0,0.01143455509852353,0.931700398483037,1.1942733877872322,0.054654088763455094,-0.13497860621178204,0.040980444523576375,0.7447698744769874,1.1942733864041364,0.0,239
453,eval,blind,3.0,0,0.3308880299083897,0.04547894364360488,0.07579823617972473,0.008178014697888905,0.0,0.012204332290817379,0.9849715058274847,1.1572810598497112,0.045478943763338525,-0.13305707083020962,0.005460102673669843,0.9037656903765691,1.1572810576143306,0.0,239
454,eval,blind,3.0,0,0.04457110651652085,0.0071196157353000805,0.011866025942539462,0.0,0.0,0.011400290022537923,0.94614883970516,0.9408456355208632,0.007119615900059421,-0.10551297775919959,0.0,1.0,0.9408456404447382,0.0,239
455,eval,blind,3.0,0,0.2405893336158956,0.029373787929855944,0.048956310748801274,0.0015214911065839823,0.0,0.01079127808767819,0.9874697656811032,1.079371660573712,0.029373787715671843,-0.13403779061885246,0.18881865930739783,0.6652719665271967,1.0793716619525149,0.0,239
456,eval,blind,3.0,0,0.4738973789959445,0.047778259123017704,0.07963042774769964,0.008748573862857899,0.0,0.011340000349093058,0.9751314500884531,1.206123648827046,0.04777825895061709,-0.1521053756768839,0.2830054304282026,0.4476987447698745,1.2061236522395629,0.0,239
457,eval,blind,3.0,0,0.2905912866229464,0.032557229000113506,0.054262045745585144,0.005705591649689934,0.0,0.011805041730170095,0.962175380734719,1.0969559333314456,0.032557229178176585,-0.12540194256842307,0.05356242024985904,0.8075313807531381,1.096955938853142,0.0,239
458,eval,blind,3.0,0,0.33479187858415665,0.04603724810267408,0.076728742263425,0.004944846096397943,0.0,0.010989149480037173,0.9064198919419963,0.9822385934606257,0.046037247842992415,-0.11255235411397427,0.0063206623341938925,0.9748953974895398,0.982238598183157,0.0,239
459,eval,blind,3.0,0,0.4836600335450891,0.0426240764523549,0.07104012289526045,0.008368201086211903,0.0,0.010597918036483446,1.0162372806082212,1.2721744194689155,0.04262407627366012,-0.14801244453617626,0.07549185435769608,0.5355648535564853,1.2721744221424471,0.0,239
460,train,blind,3.0,0,0.38934417804177057,0.11258384826194963,0.18763973438371861,0.0810193993057666,0.0024724230481989714,0.01638625020932827,1.5974540927420102,1.6039639836075914,0.11253156987658101,-0.19658395420687,0.2470399715125078,0.40585774058577406,1.6039639753900954,0.0,239
461,train,blind,3.0,0,0.4085878752840285,0.12754551823928678,0.21257584046391126,0.13236972303071282,0.0024724230481989714,0.015906569023838725,1.5942467959854891,1.5706649869056926,0.12748880523339642,-0.19407609835790446,0.264904003086145,0.40585774058577406,1.5706649794675849,0.0,239
462,train,blind,3.0,0,0.19514417073502602,0.049378236007035725,0.08229705489912288,0.01901863858290796,0.0013313047182609845,0.01622231393101699,1.6173596571678897,1.6165715286422475,0.049345662778269725,-0.20289072717710688,0.30546900501498553,0.4100418410041841,1.616571518719587,0.0,239
463,train,blind,3.0,0,0.006565895839070679,0.0012758758219731505,0.0021264595259967356,0.0,0.0,0.015854983015773063,1.6070598259131779,1.6076017099444337,0.0012758758139208876,-0.1855757029276224,0.13406926021543666,0.5899581589958159,1.6076017038563342,0.0,239
464,train,blind,3.0,0,0.49008514884387816,0.14890817402032036,0.24818027063092546,0.11829593135472621,0.005895778038012931,0.015934940842545306,1.5725323343376734,1.5725015773434021,0.14874216936770462,-0.19349836192786973,0.26635805216772007,0.4560669456066946,1.572501582115039,0.0,239
465,train,blind,3.0,0,0.3756273159996906,0.10840182932940125,0.18066969683651266,0.09889691881056112,0.0020920502715529757,0.016269155672778646,1.5931466635799807,1.5967757512335996,0.10837688164565216,-0.19561342952322763,0.25344965725985935,0.4560669456066946,1.5967757512949696,0.0,239
466,train,blind,3.0,0,0.372095166128404,0.13435525513775234,0.2239253982395696,0.16051730750494922,0.004374286931428949,0.017268551414185613,1.6162727395360938,1.6367948150036224,0.13426747865627148,-0.2139224689150096,0.3868364046410874,0.3179916317991632,1.6367948152907852,0.0,239
467,train,blind,3.0,0,0.06283616020874398,0.014385038113260981,0.023975061953031736,0.0005705591649689933,0.0001901863883229978,0.015301887218735209,1.6148543729442932,1.6066964178903331,0.014378363430159309,-0.1996039349547161,0.29508294014659187,0.4225941422594142,1.606696413226705,0.0,239
468,train,blind,3.0,0,0.39917434158470244,0.11515453327053848,0.1919242019247725,0.10422213787064892,0.010079878581118883,0.015507955583412527,1.5168783535019623,1.502588572113085,0.11470214522255084,-0.1975090596202297,0.36558948336745895,0.2928870292887029,1.502588572987951,0.0,239
469,train,blind,3.0,0,0.0012663892698259907,0.0003310657946971804,0.0005517762873595031,0.0,0.0,0.01546041640184165,1.599895267556402,1.5996869450832512,0.0003310658320359336,-0.1941005613845581,0.2402741921125256,0.4351464435146444,1.5996869402014036,0.0,239
470,train,blind,3.0,0,0.07326335892778778,0.015188429368125025,0.02531404821407347,0.0,0.0,0.01547016756936409,1.5775219314267945,1.5868330802378794,0.015188429426850223,-0.18749589138022366,0.18733493575477017,0.5062761506276151,1.5868330752200364,0.0,239
471,train,blind,3.0,0,0.02979833591694332,0.007228828447220001,0.012048046736225495,0.0,0.0,0.015138727803734058,1.6029354700483538,1.6013935786909639,0.007228828199700448,-0.19235932395452335,0.21561470666785362,0.45188284518828453,1.6013935785280324,0.0,239
472,train,blind,3.0,0,0.5020268857079679,0.1465594777621248,0.2442657759081717,0.1238113361173095,0.007987828309565907,0.01573911881479571,1.5155207270358895,1.5264513521264287,0.14621873847641517,-0.19363700038365542,0.31671562954390337,0.3389121338912134,1.5264513549629464,0.0,239
473,train,blind,3.0,0,0.00864344554228482,0.0018961838284203205,0.0031603061493971313,0.0,0.0,0.015559420977411285,1.612835814264529,1.6126357426703226,0.0018961838330477077,-0.19481885347265962,0.22015490073889432,0.4476987447698745,1.6126357440038934,0.0,239
474,train,blind,3.0,0,0.49975553764743685,0.1424019113720042,0.23733650142145873,0.10992772920859907,0.011411183299379868,0.015404232993924592,1.473915082640229,1.4738318750549062,0.14189664098097385,-0.19514529479328852,0.3672809282174546,0.3054393305439331,1.4738318754996615,0.0,239
475,train,blind,3.0,0,0.5013695556751894,0.14676888936104143,0.24461479321572488,0.11278052565692359,0.0038037277664599556,0.016592508252071037,1.6060193824468796,1.6125806188483618,0.1467203730809849,-0.20702849709751087,0.35392741624380547,0.3138075313807531,1.6125806113373804,0.0,239
476,train,blind,3.0,0,0.009418921166737213,0.0020871563877841695,0.0034785936707114433,0.0,0.0,0.015198665347620533,1.6005023682965394,1.6028657473280838,0.002087156398150126,-0.18901946585727436,0.1702721148995519,0.5188284518828452,1.6028657523272485,0.0,239
477,train,blind,3.0,0,0.4392558533156307,0.12019778769420375,0.200329629303387,0.09604412379623956,0.010270064969441882,0.014783600551781545,1.4702314360371194,1.4450836662966835,0.11966717793115414,-0.19944840408208533,0.4349387222172765,0.2384937238493724,1.445083660658341,0.0,239
478,train,blind,3.0,0,0.00027498420791614755,8.423705147830166e-05,0.00014039508315367297,0.0,0.0,0.015590375271785584,1.6095154569737582,1.6094264206028384,8.423702496215486e-05,-0.1990988861183904,0.28003798332294727,0.3891213389121339,1.6094264149781616,0.0,239
479,train,blind,3.0,0,0.06036288374898542,0.013585126598467712,0.02264187632672436,0.0007607455532919912,0.0,0.015396907535931056,1.6007813988370376,1.6047757332793837,0.013585126656310053,-0.18762943779586877,0.15362473663906942,0.5188284518828452,1.6047757210333222,0.0,239
480,eval,blind,3.0,0,0.45108052358230005,0.047031207592348336,0.07838534145719746,0.006656523591304923,0.0,0.011103456569095161,0.9883190745090341,1.1864092200371013,0.047031207235278434,-0.1336650983274778,0.008190154010504762,0.8368200836820083,1.1864092185729211,0.0,239
481,eval,blind,3.0,0,0.3109929788440381,0.07620914148305719,0.12701522834599185,0.041460631968586015,0.0,0.009149259162840734,0.9287454741519864,0.8889565376806459,0.07620914163980042,-0.1285210273455,0.31244250571233567,0.5899581589958159,0.8889565387249617,0.0,239
482,eval,blind,3.0,0,0.28232657409398026,0.0449165742684881,0.0748609524180591,0.0058957777886211125,0.0,0.01006529669016288,0.9162198630586329,0.9164699582874026,0.044916574087563346,-0.11751000429153595,0.04774622392355856,0.899581589958159,0.916469957412006,0.0,239
483,eval,blind,3.0,0,0.21150077816593815,0.021647632299737554,0.03607938566235884,0.0009509319416149889,0.0,0.010221997703616526,0.8736489092206356,0.9369220076495135,0.021647632767590762,-0.10460665477669744,0.0002077212973678744,0.9874476987447699,0.9369220071676752,0.0,239
484,eval,blind,3.0,0,0.2740191620142929,0.037987871185893966,0.06331311521532816,0.005705591649689934,0.0,0.011430416094474339,0.9802656315859392,1.1171660211295762,0.037987871170489636,-0.1283354834311558,0.0018694916763108698,0.9288702928870293,1.1171660175996385,0.0,239
485,eval,blind,3.0,0,0.0012663877662295617,0.00014992551417334764,0.00024987583191086055,0.0,0.0,0.01039031944939064,0.8901175021127676,0.8904555863915128,0.00014992553783543154,-0.10173210388140194,0.0,1.0,0.8904555891460086,0.0,239
486,eval,blind,3.0,0,0.034930997800481874,0.005088329352961923,0.008480548279153653,0.0,0.0,0.010340221532110016,0.9387422977132278,0.9425075201309875,0.005088329238616748,-0.10762357671180484,0.0018101427342057629,0.9916317991631799,0.9425075175799079,0.0,239
487,eval,blind,3.0,0,0.14450739523119227,0.020040681996715458,0.03340113475900139,0.0,0.0,0.010000427179506135,0.9002166470224389,0.8803821380667108,0.020040681657515793,-0.10100358483304951,0.0,1.0,0.8803821404717646,0.0,239
488,eval,blind,3.0,0,0.4934485925616751,0.06885841839618506,0.1147640251967543,0.007607455345876047,0.0,0.009275759473856086,0.8572824185862202,0.9625866650038684,0.06885841817574485,-0.11778785357548896,0.03468945666043503,0.9163179916317992,0.962586672591656,0.0,239
489,eval,blind,3.0,0,0.06283616020874398,0.0098766832979358,0.016461138015828013,0.0,0.0,0.010599717605960356,0.9018020717169949,0.8819969431126966,0.00987668322605908,-0.10643773435584643,0.0006825128342087303,0.99581589958159,0.8819969463853564,0.0,239
490,train,blind,3.0,0,0.4955261374568512,0.14111483520489962,0.23519136993926315,0.11525294820633893,0.008748573862857899,0.016217429518200863,1.540590348104054,1.5564015896749297,0.14075345236537695,-0.19378662550029602,0.27478560194664525,0.401673640167364,1.5564015978924342,0.0,239
491,train,blind,3.0,0,0.5018170490880057,0.13733883353737053,0.22889804132138736,0.08444275423323261,0.009128946639503893,0.014430128180160807,1.4504792944656755,1.436110248625528,0.13693466621263578,-0.19675719597240812,0.4147897563725927,0.2803347280334728,1.436110255125481,0.0,239
492,train,blind,3.0,0,0.4175653372727219,0.12626940730652111,0.2104489938512994,0.11886648945977997,0.0022822366598759733,0.01604799870557491,1.5966213849299125,1.609229000791845,0.12623341126791618,-0.21191771534345877,0.43683788836463994,0.23430962343096234,1.6092289992940931,0.0,239
493,train,blind,3.0,0,0.5020913164463541,0.1417216836494487,0.23620278632147937,0.10136934229519577,0.009128946639503893,0.01579063087234188,1.5177850823023329,1.5249984785602682,0.1413956208517185,-0.19426846536411416,0.3173981423781121,0.3598326359832636,1.5249984853943475,0.0,239
494,train,blind,3.0,0,0.36491424218167223,0.11578759916718424,0.19297931203466429,0.12190947173529589,0.0022822366598759733,0.016842989252965943,1.6120433193869173,1.6257713003138619,0.11575659925572182,-0.21323924088192603,0.4232469806225704,0.2384937238493724,1.6257712982572416,0.0,239
495,train,blind,3.0,0,0.01843199975083282,0.003913185821969606,0.0065219760945183225,0.0,0.0,0.01511353635420111,1.5900239774871572,1.5885098070280324,0.003913185828454037,-0.18901724881648457,0.18436748864951483,0.5188284518828452,1.588509805901547,0.0,239
496,train,blind,3.0,0,0.09350415801189335,0.023610735887140813,0.039351223931178646,0.005705591462646069,0.0,0.015610777706718345,1.5753211521204546,1.5729819995090053,0.023610735582517167,-0.19630012192338467,0.29075046737291904,0.3891213389121339,1.572981995598588,0.0,239
497,train,blind,3.0,0,0.15576158431569304,0.03180779888673413,0.053012994981834094,0.0041841004184100415,0.0007607455532919912,0.015647868257577077,1.5800169344726467,1.5837403408653068,0.03177631168161866,-0.19691949933680758,0.27793109587821596,0.3891213389121339,1.5837403492835445,0.0,239
498,train,blind,3.0,0,0.0010625928217568533,0.00021838028830441765,0.0003639671383581463,0.0,0.0,0.016404131688489327,1.6196913115649043,1.6194389016059652,0.00021838034769175788,-0.19186351718033542,0.18591056114424762,0.5439330543933054,1.6194388946608758,0.0,239
499,train,blind,3.0,0,0.501817049438165,0.15808483496059667,0.2634746998485003,0.14282997413908588,0.003613541378136958,0.016699558766909473,1.5916068883121761,1.6064679156287445,0.15802111451735815,-0.21186955809557376,0.40499718092525,0.35564853556485354,1.6064679177964125,0.0,239
500,train,blind,3.0,0,0.372095166128404,0.10516112587354952,0.1752685259633832,0.09071890504789153,0.005705591649689934,0.015396437360262147,1.5296759510638824,1.5372432874336401,0.10491538812152708,-0.1940185582119531,0.31122585239918094,0.3807531380753138,1.5372432932228732,0.0,239
501,train,blind,3.0,0,0.00791006892580767,0.0019042853985194149,0.003173808822645533,0.0,0.0,0.015194545203827665,1.5968801247026132,1.5952028450107973,0.0019042853208889048,-0.19415018597249692,0.24229205614409924,0.4560669456066946,1.5952028471809512,0.0,239
502,train,blind,3.0,0,0.4811274396703373,0.13481057851439113,0.22468427824352455,0.1108786616489977,0.0034233549898139604,0.01586670988282212,1.577113507432419,1.578020500338726,0.1347189711154954,-0.19291370365069116,0.2366242321730615,0.4393305439330544,1.5780205009629733,0.0,239
503,train,blind,3.0,0,0.33866766505446294,0.10296709989104168,0.1716118181651319,0.09319132759730686,0.004564473319751947,0.01591305100752594,1.572571778646573,1.559914096129988,0.10282596737085353,-0.19360062286861654,0.27543844030980147,0.38493723849372385,1.5599140915356575,0.0,239
504,train,blind,3.0,0,0.49418196437011425,0.1373879444108067,0.2289798866175976,0.11030810292046439,0.0085583874745349,0.015616095970700412,1.542013598535849,1.5193885098441375,0.13707228512736402,-0.191603746854033,0.2974865723018487,0.3682008368200837,1.519388503238558,0.0,239
505,train,blind,3.0,0,0.0010625928217568533,0.00017687311067914922,0.0002947884968611768,0.0,0.0,0.0154776572616124,1.6100387490942887,1.6101718704570787,0.00017687307197044585,-0.19270776398369743,0.20463515237840885,0.49372384937238495,1.610171863871552,0.0,239
506,train,blind,3.0,0,0.001494409176462552,0.00033983376564430734,0.0005663895516054291,0.0,0.0,0.015532475508453332,1.5723417673150866,1.5721309419456386,0.0003398337303300361,-0.18794409180396637,0.19116294252054958,0.5397489539748954,1.5721309396758052,0.0,239
507,train,blind,3.0,0,0.3612674953427315,0.11704990869626751,0.19508316620746757,0.1179155576428609,0.014834538289193828,0.0151042624349437,1.4917622093875038,1.49770352980083,0.11619015919523883,-0.19654978748467664,0.3536009970622274,0.36401673640167365,1.4977035300751125,0.0,239
508,train,blind,3.0,0,0.5017308984838317,0.16088112757431522,0.26813518685544085,0.15348041188517375,0.0030429822131679647,0.01628604610586952,1.605290666783704,1.614049799023313,0.16082007208857538,-0.20873824382813427,0.37929908899373865,0.3514644351464435,1.614049801823626,0.0,239
509,train,blind,3.0,0,0.019673136295750737,0.0040235736723615405,0.0067059556939848605,0.0,0.0,0.01538198364890769,1.5890864041559867,1.5884342141231234,0.004023573574760201,-0.18916929416559694,0.18398172052583162,0.5188284518828452,1.5884342231362105,0.0,239
510,eval,blind,3.0,0,0.2988020511427855,0.023773395632549283,0.03962232432654882,0.0038037277664599556,0.0,0.010752880766551365,0.872606887353514,0.9880740216087597,0.023773395653798733,-0.11136000504736417,0.02249324905783555,0.8117154811715481,0.9880740218393841,0.0,239
511,eval,blind,3.0,0,0.426090166965406,0.09146599627024919,0.15244331800831368,0.04203119057242342,0.0,0.009554858984830926,0.8683472637352085,0.7822133793990482,0.0914659961934102,-0.10469659222859534,0.12308970592599187,0.7907949790794979,0.7822133740543844,0.0,239
512,eval,blind,3.0,0,0.3825699220520223,0.041207843770055784,0.06867973526080517,0.007797641921242909,0.0,0.010622077900136988,0.95529798508688,1.1127646104062452,0.041207843839436153,-0.1414882574776952,0.21706875574942877,0.5815899581589958,1.1127646127169335,0.0,239
513,eval,blind,3.0,0,0.0012663877662295617,0.00016140206317614232,0.0002690034282419204,0.0,0.0,0.011749128768197163,0.8994671864489631,0.8992282382863336,0.0001614020375885173,-0.09989526218497187,0.0,1.0,0.899228240594423,0.0,239
514,eval,blind,3.0,0,0.24477056702595276,0.032156128183799496,0.05359354496582935,0.003993914154782953,0.0,0.011051360446624614,0.9582221108999213,1.0633756635578107,0.03215612823139766,-0.1278779273534746,0.08021009525505209,0.7489539748953975,1.0633756676771662,0.0,239
515,eval,blind,3.0,0,0.02819465429997744,0.0066488061024927705,0.011081343063710562,0.0,0.0,0.011870700406167797,0.9557784643632099,0.9325539936081635,0.0066488062014336165,-0.10873942488690792,0.0,1.0,0.9325539939279712,0.0,239
516,eval,blind,3.0,0,0.2988020511427855,0.03216066651496107,0.053601108915679097,0.0019018638832299778,0.0,0.010652430322426508,0.8562594443933734,0.9266743012801374,0.03216066657392981,-0.10450288120701674,0.0018101427342057626,0.9790794979079498,0.9266743003122707,0.0,239
517,eval,blind,3.0,0,0.4961388843030782,0.044727276798565294,0.07454545730181213,0.008178014697888905,0.0,0.009778000889774647,0.9078380575239908,1.1209802886930968,0.04472727687478019,-0.13447461957509582,0.1485207276180302,0.6359832635983264,1.1209802893424905,0.0,239
518,eval,blind,3.0,0,0.5008256440260959,0.0523860862031523,0.08731013846360332,0.006846709979627921,0.0,0.0100419015232006,0.8357839194052389,1.0705944284734368,0.052386086292853594,-0.1174935907113036,0.012018160776284164,0.895397489539749,1.0705944297881034,0.0,239
519,eval,blind,3.0,0,0.19109905445188377,0.020354075776948886,0.03392345883188088,0.0,0.0,0.010449238799543561,0.8507895596855355,0.8468604025481635,0.020354076071061968,-0.09532113884272518,0.002344283213151726,0.99581589958159,0.8468604013626431,0.0,239
520,train,blind,3.0,0,0.1229728398538705,0.027179083279109947,0.045298470421664995,0.0043742868690809945,0.0,0.01530019517317726,1.577169201862862,1.585488714683006,0.027179083422071856,-0.18667853920984276,0.1667111783732455,0.5397489539748954,1.5854887127100954,0.0,239
521,train,blind,3.0,0,0.002028211354079294,0.00039694757603177564,0.0006615792611315769,0.0,0.0,0.015603775267633435,1.580565216152239,1.5803375259104133,0.00039694760852242736,-0.18640069215505492,0.16496038458114481,0.5397489539748954,1.5803375125363837,0.0,239
522,train,blind,3.0,0,0.004340025042008344,0.001221660901510442,0.0020361014237351206,0.0,0.0,0.01592580183939112,1.6011941871882482,1.6005396329209396,0.0012216608471386416,-0.18588759389048293,0.12837176177334642,0.5732217573221757,1.6005396318988678,0.0,239
523,train,blind,3.0,0,0.39917434158470244,0.11762536600564931,0.19604226120781235,0.10536325682406646,0.005135032484720941,0.015819283206187282,1.5467988636703172,1.5460886977706494,0.11745204311807954,-0.19443105952317313,0.29932638950710705,0.3723849372384937,1.5460887102295549,0.0,239
524,train,blind,3.0,0,0.1595777480052146,0.04409694372458095,0.07349489932368601,0.027957398023565443,0.0005705591649689933,0.01606811118160207,1.6029587126177225,1.599145477785725,0.04409424164602178,-0.20404077843576005,0.351167690435918,0.3054393305439331,1.5991454700254624,0.0,239
525,train,blind,3.0,0,0.12297281284996057,0.024951690231798416,0.041586148553266325,0.002852795824844967,0.0,0.015708790860181697,1.5824044182210786,1.5898501112371308,0.024951690594705832,-0.1895841837806881,0.1955547642363275,0.5062761506276151,1.589850109776332,0.0,239
526,train,blind,3.0,0,0.4488243158769947,0.12184147429338336,0.20306910903151165,0.08577405932558131,0.006656523591304923,0.01595617890373558,1.5338653438260865,1.5337226759938516,0.12153623815881082,-0.20006809948927215,0.3750556396332235,0.301255230125523,1.5337226757428915,0.0,239
527,train,blind,3.0,0,0.4797851214425007,0.14045528305626145,0.23409211424206286,0.13389121407494883,0.010650437746087876,0.01567769536522517,1.493889549536685,1.5218613237516652,0.14002138638694062,-0.1972810965113512,0.35158313303065375,0.3305439330543933,1.5218613205708487,0.0,239
528,train,blind,3.0,0,0.5020820002946379,0.15123288989083272,0.2520547973846729,0.11106884834906047,0.004374286931428949,0.01640924686472473,1.592443852993235,1.5862284138112885,0.15114854276484702,-0.19960657497157028,0.3206029852517879,0.32217573221757323,1.5862284212797244,0.0,239
529,train,blind,3.0,0,0.1229728398538705,0.029175761014709704,0.04862626614151366,0.004754659708074945,0.0003803727766459956,0.015152811676762593,1.5464691906294563,1.5313527424465163,0.029161857003870927,-0.18792517937845082,0.2543398913914359,0.3807531380753138,1.5313527402741502,0.0,239
530,train,blind,3.0,0,0.4367288415779668,0.13848990655828267,0.2308164927602181,0.11962723538715969,0.007227082756273916,0.0152844402171422,1.5222901676988003,1.5023475596096725,0.1382203043820969,-0.19591379906742754,0.3540461141280157,0.3514644351464435,1.5023475657178385,0.0,239
531,train,blind,3.0,0,0.5020884493196984,0.13150942225818568,0.21918235509202763,0.07664511312251311,0.002852795824844967,0.016102881870275386,1.5625743828558023,1.5675742321932167,0.13144618530167612,-0.19826785762157886,0.32315498976230755,0.301255230125523,1.5675742258075673,0.0,239
532,train,blind,3.0,0,0.4934485877536371,0.1395916963324548,0.2326528098440207,0.09585393672208906,0.006466337202981925,0.01621211076615121,1.5298398077238553,1.545182369992324,0.1393085694213049,-0.1976716148401924,0.3441941897385679,0.3138075313807531,1.545182371058447,0.0,239
533,train,blind,3.0,0,0.002674004892043177,0.000657506886816454,0.0010958447133535062,0.0,0.0,0.016098254905803185,1.5978253997519425,1.597400224109075,0.0006575068133110161,-0.18883624190540835,0.17926347962847564,0.47280334728033474,1.5974002320688743,0.0,239
534,train,blind,3.0,0,0.033166217367872536,0.008177950679508201,0.013629916683168182,0.0,0.0,0.01568169645754675,1.5937525916797846,1.595645858652921,0.008177950593825428,-0.2009559019666407,0.32380782812546366,0.3807531380753138,1.5956458634133022,0.0,239
535,train,blind,3.0,0,0.5020913164463541,0.1530043062086566,0.2550071551446902,0.135222518543818,0.002662609436521969,0.01650161236508995,1.5783395171165466,1.5640087995569079,0.1529628232477472,-0.20750398067865647,0.4229799103830974,0.26778242677824265,1.5640088018775093,0.0,239
536,train,blind,3.0,0,0.37911919344205136,0.10533058688645316,0.17555096182752025,0.09870673304571766,0.0019018638832299778,0.016941204698265346,1.6192469826303266,1.6450090812339941,0.10530292826148055,-0.20797770755347397,0.32431229413335705,0.3682008368200837,1.6450090873331242,0.0,239
537,train,blind,3.0,0,0.22391452780090834,0.05965832516951469,0.09943053506347146,0.0359452262707834,0.0020920502715529757,0.016267256222852355,1.5862091477944762,1.6046259313447704,0.05957952117627824,-0.18843277926888202,0.15341701534170152,0.5355648535564853,1.6046259315654954,0.0,239
538,train,blind,3.0,0,0.502091316396975,0.1262571477579654,0.2104285648487021,0.07398250337425136,0.002662609436521969,0.01603613507439028,1.563446304289367,1.5616452644060845,0.1262004132524955,-0.1913467286911372,0.24365708181251672,0.41841004184100417,1.561645261761672,0.0,239
539,train,blind,3.0,0,0.49267310757053845,0.1429901128540223,0.23831683306876378,0.10707493388253775,0.0034233549898139604,0.016376687120256563,1.5866034432435137,1.5677557562684414,0.14289656431465575,-0.20005064046545337,0.34552954093593286,0.32217573221757323,1.5677557529746289,0.0,239
540,eval,blind,3.0,0,0.4918546168378746,0.049702874188917584,0.08283811981183824,0.0013313047182609845,0.0,0.01076270298931015,0.761286894147865,0.8375161477212627,0.04970287433078354,-0.10033932944677161,0.0009792575447342652,0.99581589958159,0.837516149141024,0.0,239
541,eval,blind,3.0,0,0.4881335476829956,0.05160386722733264,0.08600644098130707,0.007797641921242909,0.0,0.010616920075952134,0.9423749105202104,1.1300580546446923,0.05160386736449509,-0.14117947854413587,0.17454523873111963,0.5062761506276151,1.1300580608464683,0.0,239
542,eval,blind,3.0,0,0.09046236122763525,0.01506410779281194,0.02510684497983713,0.0,0.0,0.01181230930782948,0.8567633638820887,0.8031763589033023,0.015064107735928565,-0.09175121115392249,0.0026410279236772608,0.99581589958159,0.8031763614327379,0.0,239
543,eval,blind,3.0,0,0.501817049438165,0.05966002528753451,0.09943337077500808,0.0024724230481989714,0.0,0.01039245996476155,0.8007515685079487,0.8324963633734811,0.05966002553376022,-0.10161792607866034,0.0034422386420962046,0.9665271966527197,0.8324963615700736,0.0,239
544,eval,blind,3.0,0,0.5013695556751894,0.04712793275890005,0.07854655095668696,0.0013313047182609845,0.0,0.010780130131131186,0.72691634447006,0.8501766547248952,0.047127932987529514,-0.09789825149156232,0.0,1.0,0.8501766544076076,0.0,239
545,eval,blind,3.0,0,0.27401919350725557,0.028436572241699654,0.04739428459397916,0.0,0.0,0.011160090478004646,0.816831790253707,0.7998162287299104,0.02843657264802688,-0.09317563963091631,0.0,1.0,0.7998162353123361,0.0,239
546,eval,blind,3.0,0,0.17513455355801244,0.024450444439258017,0.04075073811097609,0.0,0.0,0.011569247758366697,0.8883154494493077,0.8229336570246948,0.024450444433565113,-0.10353667804836071,0.0028487492210451347,0.9916317991631799,0.8229336557893889,0.0,239
547,eval,blind,3.0,0,0.034930997800481874,0.008135425348730347,0.013559041739754168,0.0,0.0,0.012534825772312021,0.9236041787528593,0.8943242899543571,0.008135425347055964,-0.10573476036229658,0.001839817205258316,0.9916317991631799,0.8943242898315541,0.0,239
548,eval,blind,3.0,0,0.00027498420791614755,9.656779411861139e-05,0.00016094631705166202,0.0,0.0,0.012681023585980283,0.9055978142067977,0.9052120639190514,9.65677892628991e-05,-0.10104516698932683,0.001988189560521084,0.99581589958159,0.9052120698098087,0.0,239
549,eval,blind,3.0,0,0.15576158431569304,0.024443696629285146,0.04073949311572064,0.0,0.0,0.01144118572655426,0.9343536022317959,0.9172876297679406,0.024443696869658124,-0.11276700666259246,0.10540372117866999,0.799163179916318,0.9172876336779083,0.0,239
550,train,blind,3.0,0,0.01200688445204372,0.0022991490339823546,0.003831914769906685,0.0,0.0,0.016044276098186875,1.5820069934034946,1.582152393821892,0.0022991490241034917,-0.18498105444468735,0.14300127600225526,0.5648535564853556,1.5821523839074525,0.0,239
551,train,blind,3.0,0,0.6784014802603494,0.21831981055438518,0.3638663079589605,0.23636363673777808,0.006060606241226197,0.017958024614268826,1.61670431523096,1.6605077050981067,0.21822613543342975,-2.1193427025746714,0.36028368794326243,0.29523809523809524,1.660507690571602,0.009523809523809525,105
552,train,blind,3.0,0,0.08452667201199193,0.02099024571174725,0.034983741529834494,0.003613541315789003,0.0001901863883229978,0.016343238406958813,1.60578098606365,1.6109498105787332,0.020980960861170274,-0.1963515937151514,0.25837561945458326,0.4100418410041841,1.610949806918221,0.0,239
553,train,blind,3.0,0,0.500344105122346,0.14639860166514218,0.2439976509628943,0.10821605271125938,0.01293267440596385,0.014396622434071417,1.4769538351681442,1.4455304577260835,0.14569391793592784,-0.19377901574424578,0.3922074839015995,0.28870292887029286,1.4455304644227567,0.0,239
554,train,blind,3.0,0,0.025146201497458203,0.005681578698793327,0.009469297132302596,0.0,0.0,0.016864447632344695,1.5971351118766115,1.5955814716706216,0.005681578820627563,-0.18900387189138682,0.17223062998902047,0.5230125523012552,1.595581468139266,0.0,239
555,train,blind,3.0,0,0.4967134153445068,0.14156764995199997,0.2359460636139051,0.10650437434348102,0.0015214911065839823,0.016160997834882725,1.6187270515633427,1.5891422716643522,0.14153010869715263,-0.2017557499224928,0.33187928425175817,0.3807531380753138,1.5891422786522325,0.0,239
556,train,blind,3.0,0,0.09659444735923473,0.02489749414311229,0.04149582051864078,0.0030429821508200098,0.0003803727766459956,0.016802758825981843,1.6171121894066305,1.6195639551434058,0.02489080445491587,-0.1985037960523962,0.26579423721772155,0.401673640167364,1.6195639509891517,0.0,239
557,train,blind,3.0,0,0.3538667886901772,0.09714773757795796,0.16191288076260052,0.07360213065995332,0.0017116774949069802,0.016399762075916556,1.6039798085160835,1.5657048799004016,0.09711986611734295,-0.19207129559949462,0.2541618445651206,0.46443514644351463,1.5657048858770515,0.0,239
558,train,blind,3.0,0,0.0760018663305159,0.021139173869745734,0.0352319544317005,0.0015214911065839823,0.0,0.01673207436707728,1.6308742265322218,1.624305383430864,0.02113917412257765,-0.1927079946771449,0.18878898483634532,0.5104602510460251,1.624305389439515,0.0,239
559,train,blind,3.0,0,0.04457110651652085,0.011459441381508997,0.019099067459012006,0.0007607455532919912,0.0,0.01580090517037895,1.587591440857205,1.5889974436001797,0.011459441178916197,-0.18695140604350013,0.16077628416273476,0.5774058577405857,1.588997442206434,0.0,239
560,train,blind,3.0,0,0.48708752257839305,0.1481297140187612,0.24688283456321397,0.1266641316304147,0.002852795824844967,0.01747969421265826,1.605740740209444,1.603773426810069,0.14807880609871032,-0.21509845898919863,0.4526543814356509,0.24686192468619247,1.6037734260339267,0.0,239
561,train,blind,3.0,0,0.4634686679649094,0.12864708539555028,0.21441179250785156,0.09604412354684774,0.004944846096397943,0.01687719529128349,1.5714784336888141,1.557667284829846,0.1284520783476913,-0.196143556637954,0.3135701356123327,0.3263598326359833,1.5576672815535602,0.0,239
562,train,blind,3.0,0,0.02230692015294469,0.006878523372795818,0.011464205002065755,0.0,0.0,0.01554022748296044,1.5782048996522338,1.5730565287578056,0.006878523396830833,-0.18363249464511922,0.14415858037330484,0.5606694560669456,1.5730565230514604,0.0,239
563,train,blind,3.0,0,0.41162969583010295,0.12155204145887312,0.2025867156593769,0.11316089830887367,0.0032331686014909623,0.01629004470622128,1.5931233811079208,1.605674348865094,0.12149945065018633,-0.1951458135707091,0.23341938929938577,0.46443514644351463,1.605674344563613,0.0,239
564,train,blind,3.0,0,0.15197705929011698,0.03798565697403038,0.06330942482053764,0.018448079417938967,0.0011411183299379866,0.015768647061419287,1.600318597450416,1.5954519248407755,0.03794586189043044,-0.1877260387511159,0.16967862547850085,0.5439330543933054,1.5954519362409991,0.0,239
565,train,blind,3.0,0,0.4948741555965635,0.15077046651785164,0.2512840902169373,0.13503233265427864,0.0032331686014909623,0.016914689054159316,1.597225359294205,1.5959882556643945,0.15071578166203972,-0.20567866008434046,0.35238434374907274,0.3179916317991632,1.595988259966234,0.0,239
566,train,blind,3.0,0,0.1830709686913921,0.051657205407110614,0.08609533558649456,0.02320273875192618,0.0015214911065839823,0.016000309931776764,1.5891475956809071,1.5761914288149719,0.05160263121843135,-0.19033465023948545,0.21813703670732068,0.4895397489539749,1.5761914376759836,0.0,239
567,train,blind,3.0,0,0.5018883342007137,0.15344710838542283,0.2557451590852971,0.12590338545364316,0.007227082756273916,0.01651108584456364,1.5832075556451806,1.5666290152521811,0.15325180170744168,-0.19230176129341206,0.26137274103089114,0.3891213389121339,1.5666290318378684,0.0,239
568,train,blind,3.0,0,2.1493512025067902e-05,4.219040770237588e-06,7.0317341604125866e-06,0.0,0.0,0.015932769366543913,1.6234657235724157,1.6234594194460115,4.219057909836486e-06,-0.19309255275507295,0.20944241668892252,0.5104602510460251,1.6234594202334696,0.0,239
569,train,blind,3.0,0,0.215627043554328,0.06182528526434116,0.1030421357309138,0.03670597232285903,0.0015214911065839823,0.016433574269023025,1.6104203886566801,1.604015240110613,0.06178247017179354,-0.19756093620309378,0.28086886851241877,0.4225941422594142,1.6040152330650352,0.0,239
570,eval,blind,3.0,0,0.47839141184577105,0.050175644878432485,0.08362607044375683,0.0011411183299379866,0.0,0.01113526209814778,0.8653911633970348,0.9556800375174279,0.05017564434960127,-0.10574270250043803,0.0,1.0,0.955680037815035,0.0,239
571,eval,blind,3.0,0,0.1712039733909204,0.026711395594620664,0.04451899036434362,0.0,0.0,0.012609079178173298,1.0252965691199363,0.9449823184492199,0.02671139531816472,-0.1127250400933773,0.00014837235526276744,0.99581589958159,0.9449823221368409,0.0,239
572,eval,blind,3.0,0,0.21562707504729067,0.019822740064178657,0.03303789846519584,0.0024724230481989714,0.0,0.012067445047262074,0.9562448866696537,1.0371386800351003,0.019822740131945526,-0.12742450098296063,0.1387578266417401,0.7154811715481172,1.0371386717776152,0.0,239
573,eval,blind,3.0,0,0.4797851131429772,0.03973788244415476,0.06622979968218046,0.007417269144596914,0.0,0.011529135161223647,0.9950466848068158,1.180084404960337,0.03973788221385091,-0.1427608393734568,0.17377370248375323,0.5648535564853556,1.180084405588917,0.0,239
574,eval,blind,3.0,0,0.0,0.0,0.0,0.0,0.0,0.013437093138133632,1.0251271378046298,1.0251271378046298,0.0,-0.11418681017737228,0.001988189560521084,0.99581589958159,1.0251271288279504,0.0,239
575,eval,blind,3.0,0,0.023700621450150866,0.005196896192699181,0.008661493356047377,0.0,0.0,0.013583590155740163,0.9676761184526786,0.9488103220153553,0.005196896226765275,-0.10376078864355205,0.0,1.0,0.9488103226508383,0.0,239
576,eval,blind,3.0,0,0.29880202014860646,0.030979764187691692,0.051632937460248336,0.0005705591649689933,0.0,0.012560606006704365,0.9433847112136905,1.0247223066734967,0.030979764157035253,-0.11182071865962001,0.0,1.0,1.0247223091618507,0.0,239
577,eval,blind,3.0,0,0.10614912902745642,0.014422670656656379,0.02403778323251462,0.0020920502715529757,0.0,0.011857818529617712,0.9746647497101308,0.9829266572597136,0.014422670858039055,-0.1096875018856014,0.02397697261046322,0.9205020920502092,0.982926655400587,0.0,239
578,eval,blind,3.0,0,0.2947040708871606,0.03527550975936777,0.05879251337032979,0.004944846096397943,0.0,0.012993736718644906,0.9692572258007577,1.110610615259434,0.03527550951189388,-0.12388254957988959,0.04095077005252381,0.8284518828451883,1.1106106121881014,0.0,239
579,eval,blind,3.0,0,0.0038738029971952595,0.001472344508279645,0.002453907430760132,0.0,0.0,0.013338046629667656,1.0084313999658847,1.0024777012390074,0.001472344458565675,-0.11076830210873437,0.0018398172052583163,0.99581589958159,1.0024777129045666,0.0,239
580,train,blind,3.0,0,0.00020369909520827966,2.961921646034688e-05,4.936535654576869e-05,0.0,0.0,0.01600634037209168,1.6435093909626726,1.6435156267557185,2.9619172469724485e-05,-0.18965494220235266,0.12540431466809104,0.5857740585774058,1.64351561921788,0.0,239
581,train,blind,3.0,0,0.12297281284996057,0.035566370240992295,0.05927727966989847,0.01958919743613718,0.0003803727766459956,0.016066842741687553,1.6029306617740806,1.6028472337263897,0.03556036294689894,-0.2011187385479506,0.3213745214991543,0.3179916317991632,1.6028472314230926,0.0,239
582,train,blind,3.0,0,0.2531380826036473,0.07589812560711923,0.1264968647383018,0.06618486132831254,0.002662609436521969,0.016634245147874042,1.6224485346462936,1.6012936805581448,0.07584911953748222,-0.19547501235564027,0.23876079408884543,0.502092050209205,1.6012936814513494,0.0,239
583,train,blind,3.0,0,0.17513455355801244,0.03784000769218091,0.06306667530459655,0.0108406238226711,0.0007607455532919912,0.016454919455689866,1.5784628328917913,1.5724249043225245,0.03781380828139194,-0.19533368922288227,0.28567613282293247,0.35564853556485354,1.5724249090044182,0.0,239
584,train,blind,3.0,0,0.12646471729623124,0.037369741096322226,0.062282897789612976,0.0184480792308951,0.0013313047182609845,0.0152827587239756,1.556469188075684,1.5514133280790001,0.03733759086967572,-0.19251669832796964,0.27416243805454166,0.3807531380753138,1.551413329262363,0.0,239
585,train,blind,3.0,0,0.3575846668143823,0.11035462639288902,0.18392435775840035,0.11563332148176855,0.0030429822131679647,0.016343185639156956,1.584483320992362,1.5702297817214264,0.11029803528959503,-0.19754338433989685,0.3089705925991869,0.3682008368200837,1.570229780029096,0.0,239
586,train,blind,3.0,0,0.4367288415779668,0.12059070575306124,0.2009844958509302,0.08824648156325687,0.007417269144596914,0.015561682101978168,1.5274373345295256,1.4926001162708553,0.12026938174801434,-0.19725242922968203,0.3827413276358349,0.25523012552301255,1.492600117159406,0.0,239
587,train,blind,3.0,0,0.025146201497458203,0.005800597092606055,0.00966766144515665,0.0,0.0,0.016204378244205998,1.6059157269769133,1.6027656045418903,0.0058005971761121294,-0.19107671628856868,0.19546574082316978,0.48535564853556484,1.6027656029033532,0.0,239
588,train,blind,3.0,0,0.2032900131473154,0.048513618407585106,0.08085602594762491,0.021300875118088022,0.0019018638832299778,0.015775353207436067,1.585650923361838,1.5770811012100474,0.048431873530930085,-0.18583043245098635,0.16736401673640167,0.5606694560669456,1.5770810989738526,0.0,239
589,train,blind,3.0,0,0.3269574497412977,0.09318417745002627,0.15530694732131062,0.08444275417088465,0.003613541378136958,0.016137172175750572,1.5653612354310487,1.5604864301541859,0.0930725631989243,-0.19156947907830615,0.24656517997566696,0.40585774058577406,1.5604864186661067,0.0,239
590,train,blind,3.0,0,0.49008514884387816,0.13946147664259778,0.2324357755483658,0.11373145753619063,0.0030429822131679647,0.01696493698159334,1.6313834272667953,1.6191686519020272,0.13939717876718566,-0.20447417955440858,0.31573637199916915,0.3807531380753138,1.6191686522924615,0.0,239
591,train,blind,3.0,0,0.1445073664815396,0.041869906857648714,0.06978317329765818,0.017116774450286164,0.0005705591649689933,0.015968456881892357,1.5668333604246003,1.568718382254804,0.041852307765534016,-0.19186207978016986,0.236594557702009,0.4225941422594142,1.5687183805627272,0.0,239
592,train,blind,3.0,0,0.03145542497177721,0.006646626224069394,0.011077709651251847,0.0,0.0,0.016452995080220276,1.5729043351556466,1.5703466469772691,0.0066466263091433005,-0.18736764925498245,0.19861123475474052,0.4811715481171548,1.5703466367901884,0.0,239
593,train,blind,3.0,0,0.02230692015294469,0.0052210273293727275,0.008701712001536055,0.0,0.0,0.016152952692498723,1.589301408334756,1.5861676487463787,0.005221027542118379,-0.19149109887514124,0.22439835009940948,0.502092050209205,1.5861676484279734,0.0,239
594,train,blind,3.0,0,0.2322390740961382,0.05745473443147827,0.09575788347929386,0.036135412721454346,0.0015214911065839823,0.015318258285569222,1.5826235341227703,1.5779146971064133,0.057409980815041825,-0.18775126661041552,0.18985726579423723,0.5523012552301255,1.5779147116515213,0.0,239
595,train,blind,3.0,0,0.07879227929296571,0.02001284172775021,0.03335473416081791,0.0015214911065839823,0.0001901863883229978,0.015820167707396228,1.5981042123239908,1.5880197822798245,0.020010824890552885,-0.19265333086481684,0.22864179945992466,0.4895397489539749,1.5880197860712773,0.0,239
596,train,blind,3.0,0,0.4900851427265331,0.14555295407797028,0.2425882388865887,0.11734499816615213,0.0024724230481989714,0.016199241294895753,1.5913649134057337,1.5677897837870292,0.14550069995357454,-0.20230212453520216,0.36428380664114657,0.2928870292887029,1.5677897892026704,0.0,239
597,train,blind,3.0,0,0.2322390740961382,0.06000926542455467,0.10001543459347353,0.029288703053566203,0.0020920502715529757,0.015696186157309736,1.5643062838450634,1.5596503388432779,0.05994821991128344,-0.18657875911313018,0.18709753998634976,0.4811715481171548,1.5596503449878945,0.0,239
598,train,blind,3.0,0,0.2615026996800263,0.07620453684930566,0.1270075517338635,0.05534423763033735,0.0015214911065839823,0.015650845278896174,1.5829609961689266,1.5768544526778505,0.07617497670336174,-0.1888693267466391,0.20635627169945694,0.497907949790795,1.5768544613495756,0.0,239
599,train,blind,3.0,0,0.24477056702595276,0.08168693527688264,0.13614487678415538,0.08596424540216453,0.0034233549898139604,0.016877406826203836,1.6129403251484349,1.6047837517251529,0.08163050801040565,-0.20764090374763391,0.36754799845692754,0.3263598326359833,1.6047837427424563,0.0,239
600,eval,blind,3.0,0,0.501946137909228,0.056488011124510115,0.0941466806759297,0.009128946639503893,0.0,0.010294388775094159,1.001267062071477,1.1848025601279286,0.05648801107613565,-0.15083066577707055,0.2898008842992374,0.401673640167364,1.184802565118119,0.0,239
601,eval,blind,3.0,0,0.4634686815016611,0.045355367778554326,0.07559227595136454,0.007227082756273916,0.0,0.012076676102300569,0.9333747240040592,1.127981279559714,0.04535536756694269,-0.1349821276560184,0.12347547404967506,0.5983263598326359,1.1279812767954207,0.0,239
602,eval,blind,3.0,0,0.4634686815016611,0.04103401189471294,0.06839001697200622,0.007036896367950918,0.0,0.011174780515384973,0.913880248074751,1.041020874573097,0.0410340118571763,-0.11901244472559662,0.009584854149974778,0.7740585774058577,1.0410208742171116,0.0,239
603,eval,blind,3.0,0,0.4836600335450891,0.04083133328134422,0.06805221853714079,0.0,0.0,0.009727676741965894,0.8497843862078679,0.8575968655083469,0.04083133307862204,-0.10835311586498557,0.002433306626309386,0.9456066945606695,0.8575968644170646,0.0,239
604,eval,blind,3.0,0,0.35386675944174084,0.04763525337540125,0.07939208597065364,0.005895778038012931,0.0,0.011810067006499822,0.9425772700349656,1.0286483557653228,0.04763525335737879,-0.1261805032617555,0.04792427074987388,0.891213389121339,1.0286483573162981,0.0,239
605,eval,blind,3.0,0,0.3791192204459613,0.03244064590569403,0.0540677403406034,0.008368201086211903,0.0,0.01159117589061729,0.9038563823350803,1.0512575219116451,0.03244064598046287,-0.12073042833762426,0.09635300750764123,0.7531380753138075,1.0512575163632276,0.0,239
606,eval,blind,3.0,0,0.0007224766159197316,0.00018961667341363292,0.0003160277924831142,0.0,0.0,0.012786643579602242,0.8703746828075233,0.8697185813133687,0.00018961666053610125,-0.10026844793848966,0.0008902341315766045,0.9916317991631799,0.8697185772582733,0.0,239
607,eval,blind,3.0,0,0.0003611348120901913,4.7083490887519445e-05,7.847248553809862e-05,0.0,0.0,0.012982849768172,0.8720599961580093,0.8719751171487146,4.7083512136968884e-05,-0.09836014288887081,0.0,1.0,0.871975116424079,0.0,239
608,eval,blind,3.0,0,0.5008256440260959,0.05028326291909123,0.0838054346277965,0.006656523591304923,0.0,0.011861278385188913,0.9620147985893314,1.1319919890689052,0.05028326290959291,-0.13411387327132335,0.011513694768390753,0.7866108786610879,1.131991992060718,0.0,239
609,eval,blind,3.0,0,0.24477059851891544,0.035125310101077396,0.058542180665004315,0.0,0.0,0.010798236965026442,0.8965999393034181,0.8675064864767147,0.03512531024257803,-0.11735159498426441,0.23353808718359606,0.6359832635983264,0.8675064846245137,0.0,239
