episode,phase,arm,sigma,direct,A,load,load_frac,sat,clipped,x_std,q_cmd_abs,q_exec_abs,resid_after,reward,v_out,cr,q_loss,destroy,steps
0,train,blind,0.0,0,0.502091316396975,0.0,0.0,0.0,0.0,0.014873868863733493,1.4974164695919308,1.4974164695919308,0.0,-0.1830391512178059,0.23457669367043532,0.3807531380753138,1.4974164748757677,0.0,239
1,eval,blind,0.0,0,0.36491424218167223,0.0,0.0,0.0,0.0,0.004555142628784958,0.35117857744254827,0.35117857744254827,0.0,-0.09155307806394036,0.5824801922905722,0.0,0.3511785764442091,0.0,239
2,eval,blind,0.0,0,0.4955261374568512,0.0,0.0,0.0,0.0,0.005437099744047518,0.3965888739754465,0.3965888739754465,0.0,-0.0679552079195416,0.12089379506810291,0.3682008368200837,0.3965888730772067,0.0,239
3,eval,blind,0.0,0,0.4392558730871779,0.0,0.0,0.0,0.0,0.00560407610863416,0.40422134020338496,0.40422134020338496,0.0,-0.06600122750980003,0.11412801566812072,0.47280334728033474,0.404221340657134,0.0,239
4,eval,blind,0.0,0,0.0760018663305159,0.0,0.0,0.0,0.0,0.0043761420022758605,0.35388882414566425,0.35388882414566425,0.0,-0.08007610764181101,0.4050565298673552,0.18410041841004185,0.35388882371772795,0.0,239
5,eval,blind,0.0,0,0.48112744734638124,0.0,0.0,0.0,0.0,0.005582271211987135,0.39787384350180127,0.39787384350180127,0.0,-0.0645967701873096,0.11694709041811328,0.5732217573221757,0.39787384712256674,0.0,239
6,eval,blind,0.0,0,0.00014589538669387058,0.0,0.0,0.0,0.0,0.003758893006337051,0.32787117000404264,0.32787117000404264,0.0,-0.08200124357124196,0.48158699071189043,0.04184100418410042,0.3278711713823339,0.0,239
7,eval,blind,0.0,0,0.17909063403861195,0.0,0.0,0.0,0.0,0.0042972022084963495,0.3427403873479516,0.3427403873479516,0.0,-0.08310619640999785,0.4938722217276477,0.1799163179916318,0.34274038620641656,0.0,239
8,eval,blind,0.0,0,0.42329975400295616,0.0,0.0,0.0,0.0,0.0060918619057405195,0.3918908385552123,0.3918908385552123,0.0,-0.11409630880156635,0.669040624350871,0.1087866108786611,0.3918908402678575,0.0,239
9,eval,blind,0.0,0,0.15197705929011698,0.0,0.0,0.0,0.0,0.0035390403525023158,0.32256081120489033,0.32256081120489033,0.0,-0.07723959645482331,0.3713166562806018,0.0,0.32256081143263376,0.0,239
10,eval,blind,0.0,0,0.4554288604148302,0.0,0.0,0.0,0.0,0.006027260045111803,0.38917514183032464,0.38917514183032464,0.0,-0.1167794830082604,0.7264904003086146,0.07112970711297072,0.38917513922968067,0.0,239
11,train,blind,0.0,0,6.514758795400435e-05,0.0,0.0,0.0,0.0,0.015182756990287843,1.5443443790639295,1.5443443790639295,0.0,-0.20891802818837346,0.4563340158461676,0.2217573221757322,1.5443443857950823,0.0,239
12,train,blind,0.0,0,0.02096458594954064,0.0,0.0,0.0,0.0,0.015389406414523285,1.5673684288268308,1.5673684288268308,0.0,-0.19760676020737958,0.3247277367280928,0.28870292887029286,1.5673684320059815,0.0,239
13,train,blind,0.0,0,0.0,0.0,0.0,0.0,0.0,0.015361003618625043,1.5808665036656369,1.5808665036656369,0.0,-0.19162803319535732,0.23359743612570105,0.46443514644351463,1.580866500238034,0.0,239
14,train,blind,0.0,0,0.00014589538669387058,0.0,0.0,0.0,0.0,0.016633343105457693,1.6604528222622732,1.6604528222622732,0.0,-0.19273631378606992,0.14172527374699548,0.5564853556485355,1.6604528248014472,0.0,239
15,train,blind,0.0,0,0.47389736845189456,0.0,0.0,0.0,0.0,0.018231619652126874,1.7439092627130293,1.7439092627130293,0.0,-0.198479132041939,0.12454375500756698,0.5271966527196653,1.7439092662802338,0.0,239
16,train,blind,0.0,0,0.4488243158769947,0.0,0.0,0.0,0.0,0.018684150760206217,1.771170062500064,1.771170062500064,0.0,-0.22288717227707155,0.38024867206742047,0.26778242677824265,1.771170074390607,0.0,239
17,train,blind,0.0,0,0.29880202014860646,0.0,0.0,0.0,0.0,0.019826686087699615,1.8467442026696943,1.8467442026696943,0.0,-0.24567062156630096,0.44977595774355333,0.28451882845188287,1.8467441949948786,0.0,239
18,train,blind,0.0,0,0.3069478625608959,0.0,0.0,0.0,0.0,0.020162635782897224,1.8965777283433092,1.8965777283433092,0.0,-0.26044117879536205,0.5436956586248851,0.13389121338912133,1.8965777251314577,0.0,239
19,train,blind,0.0,0,0.41162967206828666,0.0,0.0,0.0,0.0,0.02181728493235226,2.029073514200155,2.029073514200155,0.0,-0.27308303597656447,0.621324074898365,0.09205020920502092,2.0290735232644397,0.0,239
20,train,blind,0.0,0,0.36126752409238416,0.0,0.0,0.0,0.0,0.02292861664769041,2.140103144126956,2.140103144126956,0.0,-0.26961732608604305,0.5665153268642988,0.03765690376569038,2.1401031404454103,0.0,239
21,train,blind,0.0,0,0.38934417804177057,0.0,0.0,0.0,0.0,0.023356214520291553,2.1708607434228875,2.1708607434228875,0.0,-0.2709863658162576,0.5095996913855011,0.06276150627615062,2.170860760147644,0.0,239
22,train,blind,0.0,0,0.5018883342007137,0.0,0.0,0.0,0.0,0.023108396823342623,2.161005296966521,2.161005296966521,0.0,-0.3093308574509637,0.8341493812872787,0.0,2.1610052895714023,0.0,239
23,train,blind,0.0,0,0.25732146626996916,0.0,0.0,0.0,0.0,0.023718192148564,2.209647342749719,2.209647342749719,0.0,-0.3117670593846388,0.7559868245348529,0.0,2.2096473484606793,0.0,239
24,train,blind,0.0,0,0.015004510717528821,0.0,0.0,0.0,0.0,0.024698449349397147,2.3292734039378464,2.3292734039378464,0.0,-0.2915066451299406,0.6291284607851867,0.0041841004184100415,2.3292734056132622,0.0,239
25,train,blind,0.0,0,0.001747928173575944,0.0,0.0,0.0,0.0,0.024825869899663965,2.3207650149716494,2.3207650149716494,0.0,-0.27146992393117086,0.3549066737885398,0.11715481171548117,2.3207650134749924,0.0,239
26,train,blind,0.0,0,0.0043400218550171355,0.0,0.0,0.0,0.0,0.0251763063408902,2.360366382359461,2.360366382359461,0.0,-0.28610323589529,0.509748063740764,0.029288702928870293,2.3603663989665087,0.0,239
27,train,blind,0.0,0,0.4706366194916741,0.0,0.0,0.0,0.0,0.024206473760961487,2.2569476196456653,2.2569476196456653,0.0,-0.3363154965435315,0.8523101575714415,0.0,2.2569476157628583,0.0,239
28,train,blind,0.0,0,0.2864649582486312,0.0,0.0,0.0,0.0,0.025323600274467818,2.3809894842083983,2.3809894842083983,0.0,-0.28071386837920403,0.4071337428410338,0.05439330543933055,2.380989480070656,0.0,239
29,train,blind,0.0,0,0.41162967206828666,0.0,0.0,0.0,0.0,0.024212707547182567,2.2687642005696955,2.2687642005696955,0.0,-0.31933346348771646,0.7132259117481232,0.016736401673640166,2.2687641855045086,0.0,239
30,eval,blind,0.0,0,0.023700630373153914,0.0,0.0,0.0,0.0,0.027312470600008965,2.597893108383881,2.597893108383881,0.0,-0.32893311433342903,0.6824238107955727,0.0,2.597893121850458,0.0,239
31,eval,blind,0.0,0,0.4653420529930334,0.0,0.0,0.0,0.0,0.026330295225379358,2.4996795394929383,2.4996795394929383,0.0,-0.36610583270541425,0.8873557078845071,0.0,2.499679532346671,0.0,239
32,eval,blind,0.0,0,0.00036113544281525344,0.0,0.0,0.0,0.0,0.02739661101984429,2.6083556478492387,2.6083556478492387,0.0,-0.3202994252871427,0.6159233211668004,0.0,2.6083556420711282,0.0,239
33,eval,blind,0.0,0,0.4510805060552793,0.0,0.0,0.0,0.0,0.027342115614609988,2.6057191942526208,2.6057191942526208,0.0,-0.31792753548828684,0.5940235615300157,0.0,2.6057191831060638,0.0,239
34,eval,blind,0.0,0,0.022306911853421187,0.0,0.0,0.0,0.0,0.027359958188647258,2.605289232780744,2.605289232780744,0.0,-0.3158939322748503,0.5735185020327014,0.0,2.6052892338048186,0.0,239
35,eval,blind,0.0,0,0.4706366194916741,0.0,0.0,0.0,0.0,0.02716374939315364,2.5864247038773414,2.5864247038773414,0.0,-0.34273240566947355,0.791596189797917,0.0,2.586424714388934,0.0,239
36,eval,blind,0.0,0,0.475447956226714,0.0,0.0,0.0,0.0,0.02544371214418606,2.413342232484698,2.413342232484698,0.0,-0.36871948193373255,0.8972373067450076,0.0,2.413342240929145,0.0,239
37,eval,blind,0.0,0,0.06036288374898542,0.0,0.0,0.0,0.0,0.027372096906801896,2.607881081154157,2.607881081154157,0.0,-0.325698719377711,0.6904062435087096,0.0,2.607881070659802,0.0,239
38,eval,blind,0.0,0,0.501817049438165,0.0,0.0,0.0,0.0,0.02662460791204265,2.5369523020468994,2.5369523020468994,0.0,-0.3520360974541296,0.825899878334669,0.0,2.5369522994336404,0.0,239
39,eval,blind,0.0,0,0.019673128869098604,0.0,0.0,0.0,0.0,0.027151451286349337,2.5825924978096615,2.5825924978096615,0.0,-0.3329128552557296,0.7253627704086176,0.0,2.5825924885110116,0.0,239
40,train,blind,0.0,0,0.4891325045084395,0.0,0.0,0.0,0.0,0.0248162642814936,2.328584272492381,2.328584272492381,0.0,-0.3153667317698502,0.766521261758509,0.0,2.3285842722500054,0.0,239
41,train,blind,0.0,0,0.5008256440260959,0.0,0.0,0.0,0.0,0.024742621156897505,2.31737315704633,2.31737315704633,0.0,-0.2758062428453093,0.42283153802783463,0.07112970711297072,2.317373157936146,0.0,239
42,train,blind,0.0,0,0.06283617998029117,0.0,0.0,0.0,0.0,0.02443851412480471,2.2961654638146753,2.2961654638146753,0.0,-0.28879510288883997,0.5796611175405799,0.029288702928870293,2.2961654701893437,0.0,239
43,train,blind,0.0,0,0.3347918485875449,0.0,0.0,0.0,0.0,0.024039634616429835,2.245010162995949,2.245010162995949,0.0,-0.295983326863403,0.6135493634825959,0.03765690376569038,2.245010162787078,0.0,239
44,train,blind,0.0,0,0.4367288618482977,0.0,0.0,0.0,0.0,0.02364566410544901,2.205177409379552,2.205177409379552,0.0,-0.2792149588471402,0.6015312027063119,0.016736401673640166,2.2051774274989095,0.0,239
45,train,blind,0.0,0,0.4595581971330663,0.0,0.0,0.0,0.0,0.022919158307079492,2.1520968590820186,2.1520968590820186,0.0,-0.2504749841064523,0.295142289088697,0.1506276150627615,2.152096863225432,0.0,239
46,train,blind,0.0,0,0.37911919344205136,0.0,0.0,0.0,0.0,0.021606995646206655,1.9863645277262731,1.9863645277262731,0.0,-0.27720981125525623,0.5769607406747975,0.16317991631799164,1.9863645100672942,0.0,239
47,train,blind,0.0,0,2.1493512025067902e-05,0.0,0.0,0.0,0.0,0.020962615398043245,1.964455219492254,1.964455219492254,0.0,-0.2269364233434681,0.2247841182230927,0.25523012552301255,1.9644552278685246,0.0,239
48,train,blind,0.0,0,0.41462239765982967,0.0,0.0,0.0,0.0,0.020052299417835897,1.8469656745759013,1.8469656745759013,0.0,-0.2502735853938684,0.5533992106590702,0.09205020920502092,1.8469656726404247,0.0,239
49,train,blind,0.0,0,0.4417291495469365,0.0,0.0,0.0,0.0,0.019072572272037114,1.7968833017548758,1.7968833017548758,0.0,-0.23555988640640385,0.4930116620671236,0.1506276150627615,1.7968833076584334,0.0,239
50,train,blind,0.0,0,0.15576161381352116,0.0,0.0,0.0,0.0,0.018269213045086073,1.757581627518562,1.757581627518562,0.0,-0.19939526863369555,0.10848986616813555,0.4686192468619247,1.7575816107537454,0.0,239
51,train,blind,0.0,0,0.0,0.0,0.0,0.0,0.0,0.017623423807182695,1.7149007390233761,1.7149007390233761,0.0,-0.19664964431151175,0.12323807828125465,0.4895397489539749,1.7149007417062172,0.0,239
52,train,blind,0.0,0,0.31501783161268476,0.0,0.0,0.0,0.0,0.017064607914568364,1.6636302610820308,1.6636302610820308,0.0,-0.19765688665418846,0.20297338199946585,0.49372384937238495,1.6636302512202594,0.0,239
53,train,blind,0.0,0,0.36852381268091683,0.0,0.0,0.0,0.0,0.0167526686700474,1.6225312883385057,1.6225312883385057,0.0,-0.2037622038702921,0.326448856049141,0.26778242677824265,1.6225312877728393,0.0,239
54,train,blind,0.0,0,0.0488099870398625,0.0,0.0,0.0,0.0,0.015684497897283302,1.623523997711836,1.623523997711836,0.0,-0.19276275764717107,0.19140033828897,0.41841004184100417,1.6235240003122335,0.0,239
55,train,blind,0.0,0,0.20738793141458225,0.0,0.0,0.0,0.0,0.015674615613960323,1.5690191176147141,1.5690191176147141,0.0,-0.2153752839376871,0.4695688299356064,0.21338912133891214,1.5690191141891414,0.0,239
56,train,blind,0.0,0,0.4085878752840285,0.0,0.0,0.0,0.0,0.015792301610486278,1.631173599464624,1.631173599464624,0.0,-0.1984996589302289,0.26069022819668236,0.36401673640167365,1.6311735936673202,0.0,239
57,train,blind,0.0,0,0.12646471729623124,0.0,0.0,0.0,0.0,0.015781219378425488,1.5843730850698559,1.5843730850698559,0.0,-0.20435794587410164,0.37015935190955224,0.2719665271966527,1.5843730839532564,0.0,239
58,train,blind,0.0,0,0.0349310103396663,0.0,0.0,0.0,0.0,0.015633862598109446,1.6456444123798832,1.6456444123798832,0.0,-0.20832088801037713,0.35271076293065073,0.3138075313807531,1.6456444107642045,0.0,239
59,train,blind,0.0,0,0.4288286743681341,0.0,0.0,0.0,0.0,0.01559194992783491,1.5998702518111991,1.5998702518111991,0.0,-0.20710971416984122,0.3901599453989733,0.26359832635983266,1.5998702437587191,0.0,239
60,eval,blind,0.0,0,0.40549756067851994,0.0,0.0,0.0,0.0,0.01155123579857489,1.1115356499181133,1.1115356499181133,0.0,-0.17200611904113053,0.4895694234250275,0.29707112970711297,1.1115356399793948,0.0,239
61,eval,blind,0.0,0,0.3991743668428696,0.0,0.0,0.0,0.0,0.012339736212231998,1.1639528202212506,1.1639528202212506,0.0,-0.1689496277030294,0.4828036440250453,0.2594142259414226,1.1639528187031536,0.0,239
62,eval,blind,0.0,0,0.08163405268523204,0.0,0.0,0.0,0.0,0.012580108748959323,1.2012838117747127,1.2012838117747127,0.0,-0.17212424123511813,0.4423276655093624,0.3514644351464435,1.2012838090404356,0.0,239
63,eval,blind,0.0,0,0.0001001795120615216,0.0,0.0,0.0,0.0,0.012740425979835468,1.2139896683114344,1.2139896683114344,0.0,-0.18320695249330599,0.4843467165197781,0.4351464435146444,1.2139896577039262,0.0,239
64,eval,blind,0.0,0,0.020964593625584595,0.0,0.0,0.0,0.0,0.012681515517188664,1.2127585672933188,1.2127585672933188,0.0,-0.17784976641019337,0.4582925309356362,0.4560669456066946,1.2127585754859438,0.0,239
65,eval,blind,0.0,0,0.023700621450150866,0.0,0.0,0.0,0.0,0.012559281467269156,1.199786825658886,1.199786825658886,0.0,-0.17513978902222146,0.42470102970414564,0.40585774058577406,1.1997868252943782,0.0,239
66,eval,blind,0.0,0,2.149352706407653e-05,0.0,0.0,0.0,0.0,0.012620976200584463,1.212309969269581,1.212309969269581,0.0,-0.1786619627661854,0.4569571797382712,0.3807531380753138,1.212309970655544,0.0,239
67,eval,blind,0.0,0,0.4836600335450891,0.0,0.0,0.0,0.0,0.011417944190797696,1.1077068370755248,1.1077068370755248,0.0,-0.1643129923492946,0.4657111486987745,0.19246861924686193,1.107706844392524,0.0,239
68,eval,blind,0.0,0,0.0349310103396663,0.0,0.0,0.0,0.0,0.012627454466774872,1.2142408011348675,1.2142408011348675,0.0,-0.1776556889460796,0.4563933647882727,0.4476987447698745,1.2142408023855884,0.0,239
69,eval,blind,0.0,0,0.0001001795120615216,0.0,0.0,0.0,0.0,0.01247795574974939,1.2087819745849864,1.2087819745849864,0.0,-0.18089775994791576,0.47962847562242217,0.4393305439330544,1.2087819771528618,0.0,239
70,train,blind,0.0,0,0.04457112279658256,0.0,0.0,0.0,0.0,0.016178545473868253,1.6500915426090672,1.6500915426090672,0.0,-0.21149293314185733,0.38909166444108134,0.27615062761506276,1.6500915428998757,0.0,239
71,train,blind,0.0,0,0.05326771741892722,0.0,0.0,0.0,0.0,0.015247014244028589,1.6473096020550908,1.6473096020550908,0.0,-0.20512740646367128,0.31101813110181314,0.3263598326359833,1.647309601010331,0.0,239
72,train,blind,0.0,0,0.27401919350725557,0.0,0.0,0.0,0.0,0.01620311601765485,1.6234642342044718,1.6234642342044718,0.0,-0.20470477339867596,0.31757618920442743,0.34309623430962344,1.6234642370158512,0.0,239
73,train,blind,0.0,0,0.1299968671675179,0.0,0.0,0.0,0.0,0.015846412960112594,1.6753744475512324,1.6753744475512324,0.0,-0.20889450149968564,0.31161162052286423,0.29707112970711297,1.6753744469872225,0.0,239
74,train,blind,0.0,0,0.500344105122346,0.0,0.0,0.0,0.0,0.01582293987087126,1.6686612726754224,1.6686612726754224,0.0,-0.2311360110934991,0.5750022255853289,0.12552301255230125,1.6686612858754961,0.0,239
75,train,blind,0.0,0,0.03316622928357742,0.0,0.0,0.0,0.0,0.015686357501021365,1.6579227921354223,1.6579227921354223,0.0,-0.2093498910973022,0.345915309059616,0.30962343096234307,1.6579227801946808,0.0,239
76,train,blind,0.0,0,0.046663172881091675,0.0,0.0,0.0,0.0,0.015777180945524112,1.6753545934685106,1.6753545934685106,0.0,-0.21866277172443507,0.4313481112199175,0.25523012552301255,1.675354600790643,0.0,239
77,train,blind,0.0,0,0.32695747973790945,0.0,0.0,0.0,0.0,0.015846448293867596,1.678381983206362,1.678381983206362,0.0,-0.21886976843912034,0.42547256595151195,0.2803347280334728,1.6783819891940008,0.0,239
78,train,blind,0.0,0,0.25732146626996916,0.0,0.0,0.0,0.0,0.015705271094071067,1.6481916500434717,1.6481916500434717,0.0,-0.20767810568745748,0.3478738241490845,0.2719665271966527,1.6481916562285612,0.0,239
79,train,blind,0.0,0,0.4288286963842077,0.0,0.0,0.0,0.0,0.01578612049075163,1.6318387167224326,1.6318387167224326,0.0,-0.2128358264225711,0.4155909670910115,0.18410041841004185,1.631838707506617,0.0,239
80,train,blind,0.0,0,0.00595315217983492,0.0,0.0,0.0,0.0,0.01623524692119976,1.6750272522411587,1.6750272522411587,0.0,-0.20929666182820394,0.31173031840707444,0.32217573221757323,1.6750272489262092,0.0,239
81,train,blind,0.0,0,0.3069478625608959,0.0,0.0,0.0,0.0,0.015889212734623185,1.6917536622809566,1.6917536622809566,0.0,-0.20349229831211213,0.2461200629098787,0.35564853556485354,1.6917536775241406,0.0,239
82,train,blind,0.0,0,0.26150266818706364,0.0,0.0,0.0,0.0,0.016411141995106782,1.7049843586638382,1.7049843586638382,0.0,-0.2127228344387429,0.3244606664886198,0.301255230125523,1.704984372070857,0.0,239
83,train,blind,0.0,0,0.36852381268091683,0.0,0.0,0.0,0.0,0.01646046025608374,1.6577923784196127,1.6577923784196127,0.0,-0.22059411023250594,0.45882667141458205,0.24267782426778242,1.6577923809823119,0.0,239
84,train,blind,0.0,0,0.4934485877536371,0.0,0.0,0.0,0.0,0.01645835281143191,1.6942172753761005,1.6942172753761005,0.0,-0.2037211130692625,0.23882014303095048,0.3723849372384937,1.6942172763807757,0.0,239
85,train,blind,0.0,0,0.4341484118583851,0.0,0.0,0.0,0.0,0.016414145841633424,1.6655386576592672,1.6655386576592672,0.0,-0.2137348222189249,0.3914952965963382,0.2510460251046025,1.6655386531103944,0.0,239
86,train,blind,0.0,0,0.3069478625608959,0.0,0.0,0.0,0.0,0.016836496344748028,1.643647030307658,1.643647030307658,0.0,-0.22539589192249032,0.46280305053562426,0.2217573221757322,1.6436470445281124,0.0,239
87,train,blind,0.0,0,0.2740191620142929,0.0,0.0,0.0,0.0,0.018102710384672906,1.778713225320792,1.778713225320792,0.0,-0.21181904484140807,0.24362740734146413,0.33472803347280333,1.778713224284216,0.0,239
88,train,blind,0.0,0,0.4934485925616751,0.0,0.0,0.0,0.0,0.017444592964870536,1.7052008083175914,1.7052008083175914,0.0,-0.22761328154722704,0.4873141636250334,0.17154811715481172,1.7052008091137076,0.0,239
89,train,blind,0.0,0,0.5008256440260959,0.0,0.0,0.0,0.0,0.016019495408670297,1.561493395512074,1.561493395512074,0.0,-0.26882255959811546,0.8090744532478711,0.04602510460251046,1.561493397525664,0.0,239
90,eval,blind,0.0,0,0.29470410188133966,0.0,0.0,0.0,0.0,0.01278267345667883,1.1518325486442533,1.1518325486442533,0.0,-0.1409347742626407,0.1198848630523161,0.401673640167364,1.15183254175717,0.0,239
91,eval,blind,0.0,0,0.5015085087071692,0.0,0.0,0.0,0.0,0.013069758505392898,1.169651896883753,1.169651896883753,0.0,-0.1441854468728664,0.14587969969435294,0.42677824267782427,1.1696518869434094,0.0,239
92,eval,blind,0.0,0,0.0,0.0,0.0,0.0,0.0,0.012536178646944307,1.132938522424658,1.132938522424658,0.0,-0.14197953123858534,0.1703017893706045,0.4686192468619247,1.1329385242012036,0.0,239
93,eval,blind,0.0,0,0.4967134153445068,0.0,0.0,0.0,0.0,0.014443771200542918,1.1338687526631055,1.1338687526631055,0.0,-0.17820345351141795,0.566218582153773,0.10460251046025104,1.133868750421446,0.0,239
94,eval,blind,0.0,0,0.03145542497177721,0.0,0.0,0.0,0.0,0.012630628191994573,1.1446701757079887,1.1446701757079887,0.0,-0.14049486881008255,0.13074571945755067,0.4351464435146444,1.1446701768283363,0.0,239
95,eval,blind,0.0,0,0.10291766645305227,0.0,0.0,0.0,0.0,0.013107684156448272,1.143759215227231,1.143759215227231,0.0,-0.14916131318918738,0.24193596249146856,0.32217573221757323,1.1437592203478073,0.0,239
96,eval,blind,0.0,0,0.215627043554328,0.0,0.0,0.0,0.0,0.01334455515799662,1.0848641123731764,1.0848641123731764,0.0,-0.16686754877135113,0.4086768153357667,0.28870292887029286,1.0848641169265056,0.0,239
97,eval,blind,0.0,0,0.22391452780090834,0.0,0.0,0.0,0.0,0.013154741914389522,1.145385299766413,1.145385299766413,0.0,-0.14725777323404032,0.24092703047568167,0.39330543933054396,1.1453853061375545,0.0,239
98,eval,blind,0.0,0,0.0002749838577568819,0.0,0.0,0.0,0.0,0.012679638604099656,1.1406898703036448,1.1406898703036448,0.0,-0.14083300225242637,0.14154722692068014,0.4560669456066946,1.1406898775658445,0.0,239
99,eval,blind,0.0,0,0.22391449630794566,0.0,0.0,0.0,0.0,0.012683631006675036,1.1444912692492977,1.1444912692492977,0.0,-0.1432067711458839,0.14955933410486955,0.4225941422594142,1.1444912753138405,0.0,239
100,train,blind,0.0,0,0.031455413804247795,0.0,0.0,0.0,0.0,0.01825136202679768,1.7553423583258145,1.7553423583258145,0.0,-0.21052437363071974,0.25273746995459806,0.39330543933054396,1.7553423657499427,0.0,239
101,train,blind,0.0,0,0.19514420172920505,0.0,0.0,0.0,0.0,0.01709665606289354,1.7083449887431317,1.7083449887431317,0.0,-0.21807727872501326,0.3557672334490638,0.28870292887029286,1.7083449877858823,0.0,239
102,train,blind,0.0,0,0.001747928173575944,0.0,0.0,0.0,0.0,0.01792989822229269,1.747360166645449,1.747360166645449,0.0,-0.20171016943449477,0.15080566188907682,0.5397489539748954,1.747360157421623,0.0,239
103,train,blind,0.0,0,0.14082450920353773,0.0,0.0,0.0,0.0,0.017373535388527307,1.7523450128204154,1.7523450128204154,0.0,-0.20436473614021936,0.18045045847057775,0.45188284518828453,1.7523450109657341,0.0,239
104,train,blind,0.0,0,0.0,0.0,0.0,0.0,0.0,0.017775823034844887,1.7407671771787698,1.7407671771787698,0.0,-0.20197989066092897,0.1613400991127333,0.4769874476987448,1.7407671737389363,0.0,239
105,train,blind,0.0,0,0.25732146626996916,0.0,0.0,0.0,0.0,0.0179834295956566,1.7506281960459433,1.7506281960459433,0.0,-0.19944977645052336,0.12495919760230273,0.49372384937238495,1.7506281868512696,0.0,239
106,train,blind,0.0,0,3.5839762234725213e-06,0.0,0.0,0.0,0.0,0.01772357463821083,1.7385692835851694,1.7385692835851694,0.0,-0.2013107461333239,0.16062791180747205,0.4769874476987448,1.738569287551278,0.0,239
107,train,blind,0.0,0,0.04666315660102996,0.0,0.0,0.0,0.0,0.017760030594050385,1.7195842303491538,1.7195842303491538,0.0,-0.2007262225542499,0.17528710050743346,0.4602510460251046,1.719584231670102,0.0,239
108,train,blind,0.0,0,0.3959428790102983,0.0,0.0,0.0,0.0,0.01727649737656054,1.7349890275979143,1.7349890275979143,0.0,-0.21533132040835892,0.33600403572806314,0.3263598326359833,1.7349890289835745,0.0,239
109,train,blind,0.0,0,0.497250765612289,0.0,0.0,0.0,0.0,0.016576031973063322,1.6512188402678678,1.6512188402678678,0.0,-0.23097332924684655,0.5513219976853915,0.17154811715481172,1.6512188455504841,0.0,239
110,train,blind,0.0,0,0.13356819286291968,0.0,0.0,0.0,0.0,0.01719137005679403,1.6892722670503242,1.6892722670503242,0.0,-0.2138435397611184,0.32908988397281813,0.3389121338912134,1.6892722717305115,0.0,239
111,train,blind,0.0,0,0.06036288374898542,0.0,0.0,0.0,0.0,0.01642137977477771,1.7256765210977658,1.7256765210977658,0.0,-0.199966954243976,0.15472269206801387,0.4811715481171548,1.7256765180600822,0.0,239
112,train,blind,0.0,0,0.0003611348120901913,0.0,0.0,0.0,0.0,0.01628826620353378,1.6615525568878302,1.6615525568878302,0.0,-0.19328752706156713,0.15964865426273775,0.5104602510460251,1.6615525514936988,0.0,239
113,train,blind,0.0,0,0.19514420172920505,0.0,0.0,0.0,0.0,0.016069727145119814,1.663512520460903,1.663512520460903,0.0,-0.1995441224198858,0.23178729339149529,0.45188284518828453,1.6635125166477565,0.0,239
114,train,blind,0.0,0,0.08452667201199193,0.0,0.0,0.0,0.0,0.016524800440397846,1.6772329782342312,1.6772329782342312,0.0,-0.20108330865620327,0.2248434671651978,0.48535564853556484,1.6772329752973683,0.0,239
115,train,blind,0.0,0,0.4836600335450891,0.0,0.0,0.0,0.0,0.015789569692616058,1.611613399563474,1.611613399563474,0.0,-0.20455277396576926,0.37084186474376096,0.21338912133891214,1.61161340446413,0.0,239
116,train,blind,0.0,0,0.5019918540521879,0.0,0.0,0.0,0.0,0.015548207208701257,1.611588163355903,1.611588163355903,0.0,-0.20152668733995133,0.3390308317754236,0.28451882845188287,1.6115881661448115,0.0,239
117,train,blind,0.0,0,0.2947040708871606,0.0,0.0,0.0,0.0,0.015527920966975734,1.6246225679269894,1.6246225679269894,0.0,-0.2076457147989438,0.3787055995726876,0.27615062761506276,1.6246225718858163,0.0,239
118,train,blind,0.0,0,0.47389736845189456,0.0,0.0,0.0,0.0,0.015773782771563927,1.6183473325673505,1.6183473325673505,0.0,-0.20625423112792843,0.38119825514110217,0.24686192468619247,1.618347333546202,0.0,239
119,train,blind,0.0,0,0.0010625928217568533,0.0,0.0,0.0,0.0,0.01585838376548313,1.6211177943640673,1.6211177943640673,0.0,-0.19678777930002514,0.24356805839935905,0.42677824267782427,1.621117795819461,0.0,239
120,eval,blind,0.0,0,0.0010625928217568533,0.0,0.0,0.0,0.0,0.006478894063540457,0.758378991272659,0.758378991272659,0.0,-0.10481820370538172,0.18347725451793823,0.5857740585774058,0.7583789960423513,0.0,239
121,eval,blind,0.0,0,0.41462239765982967,0.0,0.0,0.0,0.0,0.006515392873857061,0.757517318845294,0.757517318845294,0.0,-0.09568097958541408,0.06854802813139857,0.7364016736401674,0.757517316412427,0.0,239
122,eval,blind,0.0,0,0.3991743668428696,0.0,0.0,0.0,0.0,0.007094898409206248,0.7700278791423621,0.7700278791423621,0.0,-0.12293676102443081,0.3836909107095167,0.33472803347280333,0.7700278765726294,0.0,239
123,eval,blind,0.0,0,0.0488099870398625,0.0,0.0,0.0,0.0,0.006589806332763393,0.7596647038619389,0.7596647038619389,0.0,-0.1035358150490818,0.1728241194100715,0.5732217573221757,0.7596647087221808,0.0,239
124,eval,blind,0.0,0,0.5015085098678519,0.0,0.0,0.0,0.0,0.006479776161430583,0.7597423213296356,0.7597423213296356,0.0,-0.0928034167693246,0.007121873052612838,0.8661087866108786,0.7597423234413261,0.0,239
125,eval,blind,0.0,0,0.1335682206150051,0.0,0.0,0.0,0.0,0.006554527822920904,0.7645809468365115,0.7645809468365115,0.0,-0.0964493586550857,0.07753939286032226,0.7071129707112971,0.7645809483468418,0.0,239
126,eval,blind,0.0,0,1.0033076722564557e-05,0.0,0.0,0.0,0.0,0.006416774060670676,0.755557828617894,0.755557828617894,0.0,-0.10160704460834559,0.14436630167067271,0.6401673640167364,0.755557822360906,0.0,239
127,eval,blind,0.0,0,0.0065658995871934805,0.0,0.0,0.0,0.0,0.006604451255553313,0.7629684177402672,0.7629684177402672,0.0,-0.10780965792406276,0.2069794355915606,0.5606694560669456,0.762968417254295,0.0,239
128,eval,blind,0.0,0,0.0034414877965033177,0.0,0.0,0.0,0.0,0.006583780950426307,0.7628176234756054,0.7628176234756054,0.0,-0.10421825183756177,0.16777945933113741,0.6192468619246861,0.7628176256657314,0.0,239
129,eval,blind,0.0,0,0.501946137909228,0.0,0.0,0.0,0.0,0.007476632646966928,0.7783276014746981,0.7783276014746981,0.0,-0.1309665353374777,0.5049704739013027,0.1589958158995816,0.7783275968466808,0.0,239
130,train,blind,0.0,0,0.27401919350725557,0.0,0.0,0.0,0.0,0.01613921139030776,1.6624053113131343,1.6624053113131343,0.0,-0.19886369753658947,0.22511053740467077,0.4100418410041841,1.6624053025340817,0.0,239
131,train,blind,0.0,0,0.0002036993206716357,0.0,0.0,0.0,0.0,0.015515419091468202,1.632238496297573,1.632238496297573,0.0,-0.19824574121709704,0.2311938039704442,0.40585774058577406,1.6322384932644256,0.0,239
132,train,blind,0.0,0,0.06536319171795504,0.0,0.0,0.0,0.0,0.015691121270544985,1.6406433033643906,1.6406433033643906,0.0,-0.19536766556395105,0.20226119469420456,0.4435146443514644,1.6406432994832743,0.0,239
133,train,blind,0.0,0,0.10614912902745642,0.0,0.0,0.0,0.0,0.015616721415183036,1.6283920502064118,1.6283920502064118,0.0,-0.20584657648218352,0.3345796611175406,0.37656903765690375,1.6283920586577043,0.0,239
134,train,blind,0.0,0,0.5015085098678519,0.0,0.0,0.0,0.0,0.014194249080018644,1.5152863712989137,1.5152863712989137,0.0,-0.2056915752762575,0.4833674589750437,0.17154811715481172,1.5152863641028298,0.0,239
135,train,blind,0.0,0,0.34633041948240073,0.0,0.0,0.0,0.0,0.015484663546786771,1.6379784879325323,1.6379784879325323,0.0,-0.20204067486983043,0.286833437193982,0.33472803347280333,1.6379784832923536,0.0,239
136,train,blind,0.0,0,0.49821823029872664,0.0,0.0,0.0,0.0,0.014448924056375127,1.5172947178824676,1.5172947178824676,0.0,-0.20433438642659696,0.43752040119884866,0.23430962343096234,1.517294722045485,0.0,239
137,train,blind,0.0,0,0.10614915428562363,0.0,0.0,0.0,0.0,0.015526586422642156,1.6436526326454832,1.6436526326454832,0.0,-0.19539365124403227,0.19522834505474937,0.47280334728033474,1.6436526332609602,0.0,239
138,train,blind,0.0,0,0.33866766505446294,0.0,0.0,0.0,0.0,0.016061112559381016,1.6204643668489975,1.6204643668489975,0.0,-0.19789948557177173,0.2594735748835277,0.41422594142259417,1.620464368915469,0.0,239
139,train,blind,0.0,0,0.010237411712357194,0.0,0.0,0.0,0.0,0.015701928949490126,1.6191490843705054,1.6191490843705054,0.0,-0.2014720177808069,0.2984955043176355,0.3598326359832636,1.6191490801746558,0.0,239
140,train,blind,0.0,0,0.40549756067851994,0.0,0.0,0.0,0.0,0.01572870393965596,1.6219856133022068,1.6219856133022068,0.0,-0.20948936584681874,0.39161399448054834,0.23430962343096234,1.6219855998469332,0.0,239
141,train,blind,0.0,0,0.28232660558694295,0.0,0.0,0.0,0.0,0.01538156801795735,1.6284357424061668,1.6284357424061668,0.0,-0.19255088616001012,0.19306210866791298,0.4686192468619247,1.628435742008976,0.0,239
142,train,blind,0.0,0,0.04055127557113798,0.0,0.0,0.0,0.0,0.01504937591319553,1.5867259033554268,1.5867259033554268,0.0,-0.19241236392675048,0.23552627674411702,0.41841004184100417,1.5867259034061698,0.0,239
143,train,blind,0.0,0,0.21976545920194163,0.0,0.0,0.0,0.0,0.014977893398521335,1.5329241256334791,1.5329241256334791,0.0,-0.19159717756327063,0.27988961096768444,0.35564853556485354,1.5329241337456245,0.0,239
144,train,blind,0.0,0,0.07057711293792525,0.0,0.0,0.0,0.0,0.015958113180839742,1.6084104856187829,1.6084104856187829,0.0,-0.2013030373371059,0.311759992878127,0.36401673640167365,1.6084104913210204,0.0,239
145,train,blind,0.0,0,0.20738796240876128,0.0,0.0,0.0,0.0,0.015709971430395812,1.6069135653423963,1.6069135653423963,0.0,-0.18951603916073212,0.17273509599691383,0.5188284518828452,1.6069135598495583,0.0,239
146,train,blind,0.0,0,0.36126752409238416,0.0,0.0,0.0,0.0,0.015934822398966576,1.6390317698402883,1.6390317698402883,0.0,-0.1893299466109912,0.1387578266417401,0.5355648535564853,1.6390317758138844,0.0,239
147,train,blind,0.0,0,0.19514417073502602,0.0,0.0,0.0,0.0,0.014740134665360635,1.549994235507614,1.549994235507614,0.0,-0.19768970153992885,0.34119706816226003,0.2803347280334728,1.5499942356681387,0.0,239
148,train,blind,0.0,0,0.006565895839070679,0.0,0.0,0.0,0.0,0.01612189819327084,1.6130711358960204,1.6130711358960204,0.0,-0.19393970287747017,0.21430902994154127,0.4686192468619247,1.6130711365582702,0.0,239
149,train,blind,0.0,0,0.18707420168323716,0.0,0.0,0.0,0.0,0.015515106946432565,1.5985786012027055,1.5985786012027055,0.0,-0.18279471399388986,0.1036232529155168,0.5857740585774058,1.5985785944734143,0.0,239
150,eval,blind,0.0,0,0.003041941807975517,0.0,0.0,0.0,0.0,0.007777975500019649,0.648845232680253,0.648845232680253,0.0,-0.07895419796473463,0.013294163031543961,0.9163179916317992,0.648845235820231,0.0,239
151,eval,blind,0.0,0,0.3575846668143823,0.0,0.0,0.0,0.0,0.006572491074347222,0.5899824983904053,0.5899824983904053,0.0,-0.08389993107768767,0.23258850410991416,0.6317991631799164,0.5899825016073106,0.0,239
152,eval,blind,0.0,0,0.16730015471176524,0.0,0.0,0.0,0.0,0.0069421064361898715,0.6064194505683548,0.6064194505683548,0.0,-0.08993549294229014,0.14006350336805246,0.5397489539748954,0.6064194550721856,0.0,239
153,eval,blind,0.0,0,0.3069478625608959,0.0,0.0,0.0,0.0,0.006768646751331734,0.602467798288896,0.602467798288896,0.0,-0.06954009049763998,0.001038606486839372,0.9497907949790795,0.6024678006544681,0.0,239
154,eval,blind,0.0,0,0.5013695556751894,0.0,0.0,0.0,0.0,0.006964548884512989,0.6048967598871207,0.6048967598871207,0.0,-0.08180835735419377,0.028635864565714115,0.899581589958159,0.6048967575070054,0.0,239
155,eval,blind,0.0,0,0.0020282095075691135,0.0,0.0,0.0,0.0,0.007406665764312615,0.6299692731522117,0.6299692731522117,0.0,-0.08032747208587632,0.0,1.0,0.629969275086286,0.0,239
156,eval,blind,0.0,0,0.02819465429997744,0.0,0.0,0.0,0.0,0.007038128591497199,0.6122691539042165,0.6122691539042165,0.0,-0.08228699082829756,0.08107065491557613,0.8535564853556485,0.6122691550724452,0.0,239
157,eval,blind,0.0,0,7.168495677855786e-07,0.0,0.0,0.0,0.0,0.007828139774033713,0.650894997259563,0.650894997259563,0.0,-0.08242532821059655,0.0010682809578919255,0.9748953974895398,0.6508949974694476,0.0,239
158,eval,blind,0.0,0,0.08452667201199193,0.0,0.0,0.0,0.0,0.0073763767050805205,0.6250698217288221,0.6250698217288221,0.0,-0.0844123642029431,0.04991246031039497,0.7489539748953975,0.6250698190693675,0.0,239
159,eval,blind,0.0,0,0.000463527011177035,0.0,0.0,0.0,0.0,0.007825074994071507,0.6542328498852303,0.6542328498852303,0.0,-0.08574420146823941,0.037241461170954636,0.8410041841004184,0.6542328464845965,0.0,239
160,train,blind,0.0,0,0.2573214347770065,0.0,0.0,0.0,0.0,0.01608328315698265,1.6015617563135953,1.6015617563135953,0.0,-0.19453371237564587,0.23484376390990835,0.47280334728033474,1.601561753498084,0.0,239
161,train,blind,0.0,0,0.015004510717528821,0.0,0.0,0.0,0.0,0.01564955086131662,1.6068749707114247,1.6068749707114247,0.0,-0.18408250459162442,0.11163536009970622,0.606694560669456,1.6068749639347588,0.0,239
162,train,blind,0.0,0,0.215627043554328,0.0,0.0,0.0,0.0,0.01585745255591418,1.551667150593203,1.551667150593203,0.0,-0.20421205951326674,0.3934834861568593,0.2719665271966527,1.5516671632612327,0.0,239
163,train,blind,0.0,0,0.44882433315462367,0.0,0.0,0.0,0.0,0.01586473893537868,1.5839012197869593,1.5839012197869593,0.0,-0.1867520567164323,0.1779874773732158,0.4309623430962343,1.5839012221202036,0.0,239
164,train,blind,0.0,0,0.42045798061068984,0.0,0.0,0.0,0.0,0.0156605673688912,1.6179943665799736,1.6179943665799736,0.0,-0.1975255059079163,0.27294578474138703,0.3514644351464435,1.617994365046754,0.0,239
165,train,blind,0.0,0,0.22807283978866633,0.0,0.0,0.0,0.0,0.01618147709028928,1.6292827593232797,1.6292827593232797,0.0,-0.19771846571327148,0.2569512448440607,0.39748953974895396,1.6292827570360962,0.0,239
166,train,blind,0.0,0,0.10614915428562363,0.0,0.0,0.0,0.0,0.016059793810512108,1.5910588866995967,1.5910588866995967,0.0,-0.18790913717914898,0.1770378942995341,0.5104602510460251,1.5910588761971816,0.0,239
167,train,blind,0.0,0,0.37911919344205136,0.0,0.0,0.0,0.0,0.015690703359997546,1.5622024658334803,1.5622024658334803,0.0,-0.1956543953302887,0.2992076916228968,0.36401673640167365,1.5622024630638864,0.0,239
168,train,blind,0.0,0,0.020964593625584595,0.0,0.0,0.0,0.0,0.016725755707754374,1.6168669327532397,1.6168669327532397,0.0,-0.1880764203291742,0.15338734087064898,0.5271966527196653,1.6168669321258775,0.0,239
169,train,blind,0.0,0,0.06536319171795504,0.0,0.0,0.0,0.0,0.01646868470144384,1.6041089964711017,1.6041089964711017,0.0,-0.18503183029475403,0.11786699902074248,0.5899581589958159,1.6041090069230424,0.0,239
170,train,blind,0.0,0,0.22391452780090834,0.0,0.0,0.0,0.0,0.01577012126711996,1.559039047821795,1.559039047821795,0.0,-0.18842999383104297,0.2244873735125671,0.46443514644351463,1.559039052966639,0.0,239
171,train,blind,0.0,0,0.000463527011177035,0.0,0.0,0.0,0.0,0.0163815537327316,1.6265324663417609,1.6265324663417609,0.0,-0.1944296990582696,0.19976853912579007,0.4769874476987448,1.6265324720850058,0.0,239
172,train,blind,0.0,0,0.4367288618482977,0.0,0.0,0.0,0.0,0.016169210545188713,1.6036261621878236,1.6036261621878236,0.0,-0.18886233354649087,0.18065817976794563,0.4435146443514644,1.6036261602837394,0.0,239
173,train,blind,0.0,0,0.20738793141458225,0.0,0.0,0.0,0.0,0.016521646214501005,1.573831180648325,1.573831180648325,0.0,-0.19884873345765494,0.3120567375886525,0.29707112970711297,1.573831187286379,0.0,239
174,train,blind,0.0,0,0.3959428790102983,0.0,0.0,0.0,0.0,0.01349823863272824,1.3920518421727743,1.3920518421727743,0.0,-0.20774382070512953,0.5625982966853617,0.2175732217573222,1.3920518441748662,0.0,239
175,train,blind,0.0,0,0.0023364927420596237,0.0,0.0,0.0,0.0,0.01629596018080432,1.5946169532991354,1.5946169532991354,0.0,-0.18806230356240355,0.16777945933113741,0.497907949790795,1.5946169662890843,0.0,239
176,train,blind,0.0,0,0.0014944071429085072,0.0,0.0,0.0,0.0,0.015961707974920462,1.5851887235082842,1.5851887235082842,0.0,-0.1944833443633838,0.2606605537256298,0.4393305439330544,1.5851887133429776,0.0,239
177,train,blind,0.0,0,0.5015085087071692,0.0,0.0,0.0,0.0,0.015854105144879435,1.5742188622263187,1.5742188622263187,0.0,-0.18966898962547846,0.21172735095996917,0.42677824267782427,1.5742188627917089,0.0,239
178,train,blind,0.0,0,0.09973252267304225,0.0,0.0,0.0,0.0,0.01625756816899552,1.6008872182798186,1.6008872182798186,0.0,-0.20043221609676717,0.31033561826760436,0.3472803347280335,1.6008872269785441,0.0,239
179,train,blind,0.0,0,0.06283616020874398,0.0,0.0,0.0,0.0,0.016198681850594206,1.5908275483542407,1.5908275483542407,0.0,-0.1983192201132248,0.3123831567702306,0.39330543933054396,1.590827547832697,0.0,239
180,eval,blind,0.0,0,0.18307093769721308,0.0,0.0,0.0,0.0,0.012824014335808395,0.7677834495340929,0.7677834495340929,0.0,-0.10885366124239002,0.14053829490489333,0.6443514644351465,0.7677834516426166,0.0,239
181,eval,blind,0.0,0,0.4934485925616751,0.0,0.0,0.0,0.0,0.004424982944359247,0.3508686872830451,0.3508686872830451,0.0,-0.08024925148032412,0.4283509896436096,0.3138075313807531,0.35086868594071297,0.0,239
182,eval,blind,0.0,0,0.04055126141090673,0.0,0.0,0.0,0.0,0.01031518815753584,0.6408512154633031,0.6408512154633031,0.0,-0.0850869425141585,0.08486898721030298,0.8410041841004184,0.6408512120166828,0.0,239
183,eval,blind,0.0,0,0.2698529906927464,0.0,0.0,0.0,0.0,0.008764541214020245,0.5672068832184979,0.5672068832184979,0.0,-0.0816010217837774,0.19145968723107504,0.694560669456067,0.5672068807940532,0.0,239
184,eval,blind,0.0,0,0.0005835245887526782,0.0,0.0,0.0,0.0,0.012675798168818945,0.7629560065069957,0.7629560065069957,0.0,-0.09424328918673544,0.0076560135315588,0.8619246861924686,0.7629560094320179,0.0,239
185,eval,blind,0.0,0,0.023700630373153914,0.0,0.0,0.0,0.0,0.011400598900151054,0.6959370004332714,0.6959370004332714,0.0,-0.0861905626418009,0.02457046203151429,0.9246861924686193,0.6959370011985156,0.0,239
186,eval,blind,0.0,0,0.026644077069207902,0.0,0.0,0.0,0.0,0.012369485647967046,0.7436498256408021,0.7436498256408021,0.0,-0.08738783857950819,0.0028784236920976884,0.9790794979079498,0.7436498215479106,0.0,239
187,eval,blind,0.0,0,0.005953148992843712,0.0,0.0,0.0,0.0,0.012293744456241196,0.7397146183825936,0.7397146183825936,0.0,-0.0912202131182896,0.0,1.0,0.7397146168997462,0.0,239
188,eval,blind,0.0,0,0.004340025042008344,0.0,0.0,0.0,0.0,0.01235986606969993,0.744390024924378,0.744390024924378,0.0,-0.09036760372120774,0.0,1.0,0.744390023958342,0.0,239
189,eval,blind,0.0,0,0.5010294404741651,0.0,0.0,0.0,0.0,0.002325955835837388,0.24372205050919346,0.24372205050919346,0.0,-0.10229704041871318,0.696489510074483,0.12552301255230125,0.24372204952080673,0.0,239
190,train,blind,0.0,0,0.10942612930107716,0.0,0.0,0.0,0.0,0.016915198312254007,1.6209767767574996,1.6209767767574996,0.0,-0.20417154900064638,0.32140419597020686,0.36401673640167365,1.6209767725538504,0.0,239
191,train,blind,0.0,0,0.1870741706890581,0.0,0.0,0.0,0.0,0.015864526813997883,1.5780570651696815,1.5780570651696815,0.0,-0.19931445621444513,0.3211668002017864,0.3263598326359833,1.5780570738097823,0.0,239
192,train,blind,0.0,0,0.05101152724064263,0.0,0.0,0.0,0.0,0.016826038560576767,1.6427972281827088,1.6427972281827088,0.0,-0.19027467372152082,0.15053859164960384,0.5355648535564853,1.6427972171707559,0.0,239
193,train,blind,0.0,0,0.06794360041903054,0.0,0.0,0.0,0.0,0.016702456434869117,1.6102887985596597,1.6102887985596597,0.0,-0.19665892789633643,0.23825632808095196,0.401673640167364,1.610288799522437,0.0,239
194,train,blind,0.0,0,0.0,0.0,0.0,0.0,0.0,0.016899201023357308,1.622948337798338,1.622948337798338,0.0,-0.19514395729068534,0.22143090299415416,0.4560669456066946,1.622948336472144,0.0,239
195,train,blind,0.0,0,0.228072871281629,0.0,0.0,0.0,0.0,0.015395749175227461,1.5008535499852074,1.5008535499852074,0.0,-0.196414146544487,0.3461230303569839,0.3682008368200837,1.5008535485686183,0.0,239
196,train,blind,0.0,0,0.40549756067851994,0.0,0.0,0.0,0.0,0.016259140855239152,1.614746155848563,1.614746155848563,0.0,-0.2047796946453873,0.336478827264904,0.3263598326359833,1.6147461506307614,0.0,239
197,train,blind,0.0,0,0.0002036993206716357,0.0,0.0,0.0,0.0,0.015717455663301332,1.6237494461705995,1.6237494461705995,0.0,-0.1959844296750877,0.2255259799994065,0.49372384937238495,1.623749459237334,0.0,239
198,train,blind,0.0,0,0.1161134909462402,0.0,0.0,0.0,0.0,0.016110176173775265,1.6323452861239223,1.6323452861239223,0.0,-0.1932293600615085,0.18683046974687678,0.48535564853556484,1.6323452868217525,0.0,239
199,train,blind,0.0,0,0.00014589538669387058,0.0,0.0,0.0,0.0,0.01681561457289375,1.6365904446426296,1.6365904446426296,0.0,-0.19637133165655687,0.2111635360099706,0.4393305439330544,1.6365904411972638,0.0,239
200,train,blind,0.0,0,0.29880202014860646,0.0,0.0,0.0,0.0,0.016696154276322123,1.6275803479190651,1.6275803479190651,0.0,-0.20735554571953638,0.35392741624380547,0.26359832635983266,1.6275803336931756,0.0,239
201,train,blind,0.0,0,0.003041941807975517,0.0,0.0,0.0,0.0,0.016412193469983762,1.6063321065703196,1.6063321065703196,0.0,-0.19230083725495478,0.19193447876791597,0.46443514644351463,1.606332106274781,0.0,239
202,train,blind,0.0,0,0.5017308984838317,0.0,0.0,0.0,0.0,0.015583940483551769,1.5751245313608497,1.5751245313608497,0.0,-0.18680658796217953,0.18683046974687675,0.4560669456066946,1.5751245260050828,0.0,239
203,train,blind,0.0,0,0.0012663877662295617,0.0,0.0,0.0,0.0,0.01637138534048923,1.6163381669810626,1.6163381669810626,0.0,-0.20079551351575112,0.3089409181281344,0.37656903765690375,1.6163381769435985,0.0,239
204,train,blind,0.0,0,0.06283617998029117,0.0,0.0,0.0,0.0,0.016387644728497606,1.6372758825952538,1.6372758825952538,0.0,-0.1911847387479017,0.15086501083118192,0.5230125523012552,1.6372758929490032,0.0,239
205,train,blind,0.0,0,0.3720951933817057,0.0,0.0,0.0,0.0,0.015716496788775822,1.511741206486355,1.511741206486355,0.0,-0.19492074911793175,0.3538383928306479,0.29707112970711297,1.5117412038532345,0.0,239
206,train,blind,0.0,0,0.00864344554228482,0.0,0.0,0.0,0.0,0.016108351494633754,1.6422539098991011,1.6422539098991011,0.0,-0.19153085476544493,0.15398083029170007,0.5313807531380753,1.6422539228839454,0.0,239
207,train,blind,0.0,0,0.034930997800481874,0.0,0.0,0.0,0.0,0.016118328229263113,1.60891666123059,1.60891666123059,0.0,-0.19092267658407142,0.18864061248108252,0.4895397489539749,1.6089166624590436,0.0,239
208,train,blind,0.0,0,0.46716103549544,0.0,0.0,0.0,0.0,0.015151427748952076,1.5126536184275001,1.5126536184275001,0.0,-0.18897382434769863,0.307101100922876,0.2928870292887029,1.5126536136337942,0.0,239
209,train,blind,0.0,0,0.0010625911311165598,0.0,0.0,0.0,0.0,0.01711939785154108,1.6746806574665851,1.6746806574665851,0.0,-0.20104999457016767,0.23246980622570404,0.4769874476987448,1.6746806600769801,0.0,239
210,eval,blind,0.0,0,0.4967134153445068,0.0,0.0,0.0,0.0,0.007765587743675671,0.6601442204609077,0.6601442204609077,0.0,-0.08819042405757833,0.07098133475770795,0.6234309623430963,0.6601442201143609,0.0,239
211,eval,blind,0.0,0,0.0349310103396663,0.0,0.0,0.0,0.0,0.013422354140073435,0.9576795799462865,0.9576795799462865,0.0,-0.10567295804681551,0.0,1.0,0.9576795745361392,0.0,239
212,eval,blind,0.0,0,0.49487416027990566,0.0,0.0,0.0,0.0,0.01255433363099602,0.8924555646325754,0.8924555646325754,0.0,-0.09872168596688392,0.0,1.0,0.8924555666107521,0.0,239
213,eval,blind,0.0,0,0.497250765612289,0.0,0.0,0.0,0.0,0.004537960052174598,0.43415759597363335,0.43415759597363335,0.0,-0.08807863143848077,0.3975192142200065,0.37656903765690375,0.4341575942365163,0.0,239
214,eval,blind,0.0,0,0.08163405268523204,0.0,0.0,0.0,0.0,0.010682513737645795,0.8062078540045846,0.8062078540045846,0.0,-0.10137697799956669,0.11771862666547969,0.7364016736401674,0.8062078567556733,0.0,239
215,eval,blind,0.0,0,0.010237416458047271,0.0,0.0,0.0,0.0,0.013415832879123079,0.955731470963945,0.955731470963945,0.0,-0.10636393903636346,0.0,1.0,0.9557314710693624,0.0,239
216,eval,blind,0.0,0,0.38597856810663256,0.0,0.0,0.0,0.0,0.007010707013585671,0.5779622455271717,0.5779622455271717,0.0,-0.09500563637241131,0.31597376776758945,0.4811715481171548,0.5779622448729187,0.0,239
217,eval,blind,0.0,0,0.09659444735923473,0.0,0.0,0.0,0.0,0.013456894930405347,0.9588857754503832,0.9588857754503832,0.0,-0.113525588247139,0.0,1.0,0.9588857731260797,0.0,239
218,eval,blind,0.0,0,0.5019918540521879,0.0,0.0,0.0,0.0,0.004635858582819823,0.4711150226483285,0.4711150226483285,0.0,-0.08483137982349415,0.34119706816226,0.34309623430962344,0.47111502534795685,0.0,239
219,eval,blind,0.0,0,0.03674998030288848,0.0,0.0,0.0,0.0,0.011266560902600819,0.8384205352312352,0.8384205352312352,0.0,-0.09740458885024787,0.03471913113148758,0.899581589958159,0.8384205343402956,0.0,239
220,train,blind,0.0,0,0.501817049438165,0.0,0.0,0.0,0.0,0.012586339811354128,1.3100923075336792,1.3100923075336792,0.0,-0.21233188090392313,0.6733434226534912,0.09623430962343096,1.3100923048855346,0.0,239
221,train,blind,0.0,0,0.48813355436147227,0.0,0.0,0.0,0.0,0.014886795971776402,1.5089981785379194,1.5089981785379194,0.0,-0.19043902859108322,0.3161221401228523,0.28451882845188287,1.508998171062675,0.0,239
222,train,blind,0.0,0,0.10614912902745642,0.0,0.0,0.0,0.0,0.015143508479295291,1.5829970245580793,1.5829970245580793,0.0,-0.19199516621739843,0.23208403810202083,0.4393305439330544,1.5829970333437844,0.0,239
223,train,blind,0.0,0,0.4738973789959445,0.0,0.0,0.0,0.0,0.01547676785245039,1.5737396575915763,1.5737396575915763,0.0,-0.18249699579802417,0.11297071129707113,0.602510460251046,1.5737396584003607,0.0,239
224,train,blind,0.0,0,0.2988020511427855,0.0,0.0,0.0,0.0,0.014390580345405008,1.4891204347670328,1.4891204347670328,0.0,-0.19277445528040463,0.33650850173595653,0.3598326359832636,1.4891204376149343,0.0,239
225,train,blind,0.0,0,0.00864344554228482,0.0,0.0,0.0,0.0,0.0160509034071632,1.6271804915312444,1.6271804915312444,0.0,-0.1911640466367716,0.16576159529956377,0.497907949790795,1.627180490686144,0.0,239
226,train,blind,0.0,0,0.24477056702595276,0.0,0.0,0.0,0.0,0.014949671349344018,1.5109667590971272,1.5109667590971272,0.0,-0.20111810480381384,0.4195970206831063,0.27615062761506276,1.5109667648217127,0.0,239
227,train,blind,0.0,0,0.5008256455296923,0.0,0.0,0.0,0.0,0.014776213534924525,1.5363148627919632,1.5363148627919632,0.0,-0.18852307675282576,0.24882043977566104,0.36401673640167365,1.536314859363612,0.0,239
228,train,blind,0.0,0,0.017240600663365867,0.0,0.0,0.0,0.0,0.015440475540508411,1.605072280602475,1.605072280602475,0.0,-0.19064403866966284,0.20042137748894626,0.5481171548117155,1.6050722961348152,0.0,239
229,train,blind,0.0,0,0.4595582126649525,0.0,0.0,0.0,0.0,0.014314051811041692,1.5046341399268626,1.5046341399268626,0.0,-0.1871379374222847,0.2789993768361079,0.3891213389121339,1.5046341329418857,0.0,239
230,train,blind,0.0,0,0.3069478625608959,0.0,0.0,0.0,0.0,0.016487051880914545,1.6309011675822684,1.6309011675822684,0.0,-0.1913723954301164,0.15564260067064303,0.5271966527196653,1.6309011653430392,0.0,239
231,train,blind,0.0,0,0.41462239765982967,0.0,0.0,0.0,0.0,0.015935655998915558,1.6047890046650395,1.6047890046650395,0.0,-0.1895271157786509,0.17356598118638533,0.5188284518828452,1.6047889975615313,0.0,239
232,train,blind,0.0,0,0.5015085087071692,0.0,0.0,0.0,0.0,0.015426002314244104,1.6272541499038122,1.6272541499038122,0.0,-0.21267770011454543,0.4279652215199264,0.2594142259414226,1.6272541560964162,0.0,239
233,train,blind,0.0,0,0.01843199975083282,0.0,0.0,0.0,0.0,0.014871595630024766,1.5663285756709686,1.5663285756709686,0.0,-0.1895906411788072,0.22338941808362264,0.4769874476987448,1.5663285700445384,0.0,239
234,train,blind,0.0,0,0.16342436824145895,0.0,0.0,0.0,0.0,0.014595901030485975,1.5324416671836725,1.5324416671836725,0.0,-0.1841323052240779,0.20496157155998695,0.41422594142259417,1.532441665032094,0.0,239
235,train,blind,0.0,0,0.43151489933949033,0.0,0.0,0.0,0.0,0.014702743057660353,1.5072078557692812,1.5072078557692812,0.0,-0.18574904773464102,0.2659426095729843,0.3598326359832636,1.507207864641792,0.0,239
236,train,blind,0.0,0,0.5019461374421663,0.0,0.0,0.0,0.0,0.014606358707496686,1.5453411046431154,1.5453411046431154,0.0,-0.18963079034951313,0.24279652215199266,0.4476987447698745,1.5453410985067122,0.0,239
237,train,blind,0.0,0,0.24895398218523726,0.0,0.0,0.0,0.0,0.014800492812446844,1.5559616363198188,1.5559616363198188,0.0,-0.19046828070004623,0.2477224843467165,0.40585774058577406,1.5559616434475456,0.0,239
238,train,blind,0.0,0,0.472293708546508,0.0,0.0,0.0,0.0,0.014329318093549008,1.5032289980844473,1.5032289980844473,0.0,-0.1811385299801185,0.21312205109943916,0.4309623430962343,1.5032290015822831,0.0,239
239,train,blind,0.0,0,0.4824189044268233,0.0,0.0,0.0,0.0,0.015500794303170931,1.597841775317571,1.597841775317571,0.0,-0.20116935244346867,0.3271313688833497,0.3263598326359833,1.5978417708004509,0.0,239
240,eval,blind,0.0,0,0.4934485877536371,0.0,0.0,0.0,0.0,0.004342669970843021,0.4018206051453387,0.4018206051453387,0.0,-0.060639956695743305,0.0005341404789459629,0.9748953974895398,0.40182060301938616,0.0,239
241,eval,blind,0.0,0,0.31501786260686376,0.0,0.0,0.0,0.0,0.006477236936733937,0.6192775951020388,0.6192775951020388,0.0,-0.09001708545690923,0.06599602362087897,0.6820083682008368,0.619277593913603,0.0,239
242,eval,blind,0.0,0,0.4260901446999406,0.0,0.0,0.0,0.0,0.006335498082206027,0.5613127587729418,0.5613127587729418,0.0,-0.09213255138397262,0.29297605270186067,0.32217573221757323,0.561312761525432,0.0,239
243,eval,blind,0.0,0,0.006565895839070679,0.0,0.0,0.0,0.0,0.006888782256769959,0.609036308826263,0.609036308826263,0.0,-0.09584719535463933,0.20570343333630078,0.5188284518828452,0.6090363061730185,0.0,239
244,eval,blind,0.0,0,0.02230692015294469,0.0,0.0,0.0,0.0,0.006473621154772936,0.6036452965257557,0.6036452965257557,0.0,-0.07987121017594133,0.0020178640315736372,0.9874476987447699,0.603645297383349,0.0,239
245,eval,blind,0.0,0,0.4392558533156307,0.0,0.0,0.0,0.0,0.006864348855103409,0.6015979387021962,0.6015979387021962,0.0,-0.10362885305710567,0.4475206979435591,0.16317991631799164,0.6015979393093229,0.0,239
246,eval,blind,0.0,0,0.0065658995871934805,0.0,0.0,0.0,0.0,0.007543515815364516,0.6654766715720108,0.6654766715720108,0.0,-0.09226347188183519,0.07098133475770795,0.8284518828451883,0.6654766702472604,0.0,239
247,eval,blind,0.0,0,0.4722936973789786,0.0,0.0,0.0,0.0,0.005039529046374977,0.48586388724119595,0.48586388724119595,0.0,-0.08589738374302544,0.20442743108104092,0.32217573221757323,0.4858638875371619,0.0,239
248,eval,blind,0.0,0,0.3269574497412977,0.0,0.0,0.0,0.0,0.007628442000628889,0.66402573166532,0.66402573166532,0.0,-0.1128725397213769,0.3711979583963915,0.03347280334728033,0.6640257316149032,0.0,239
249,eval,blind,0.0,0,0.27401919350725557,0.0,0.0,0.0,0.0,0.0066451939718143145,0.6038550229501525,0.6038550229501525,0.0,-0.08572627822613077,0.160093771328526,0.6778242677824268,0.6038550190077531,0.0,239
250,train,blind,0.0,0,0.2364117139628913,0.0,0.0,0.0,0.0,0.01496986656500393,1.5703302549517804,1.5703302549517804,0.0,-0.1846788378108023,0.15347636428380662,0.5230125523012552,1.5703302543498698,0.0,239
251,train,blind,0.0,0,0.06036288374898542,0.0,0.0,0.0,0.0,0.016108513924694586,1.6203469409603455,1.6203469409603455,0.0,-0.19507184985682144,0.21288465533101872,0.4351464435146444,1.6203469536802766,0.0,239
252,train,blind,0.0,0,0.026644067398029395,0.0,0.0,0.0,0.0,0.01539149669790056,1.5987355953479911,1.5987355953479911,0.0,-0.199521758024424,0.2914626546781804,0.3682008368200837,1.5987355906354719,0.0,239
253,train,blind,0.0,0,0.051011509713621825,0.0,0.0,0.0,0.0,0.014925283845514059,1.5920076280458202,1.5920076280458202,0.0,-0.1985535975873392,0.2960918721623787,0.38493723849372385,1.5920076321958543,0.0,239
254,train,blind,0.0,0,0.45752091049933935,0.0,0.0,0.0,0.0,0.01364090833735017,1.446793161675521,1.446793161675521,0.0,-0.18907936280736576,0.3633342235674649,0.27615062761506276,1.4467931644997127,0.0,239
255,train,blind,0.0,0,0.08163402942219938,0.0,0.0,0.0,0.0,0.014623151343923732,1.5384828690205659,1.5384828690205659,0.0,-0.19245711829942466,0.3035698388676222,0.3514644351464435,1.538482865328954,0.0,239
256,train,blind,0.0,0,0.3269574497412977,0.0,0.0,0.0,0.0,0.015274930232940982,1.5886465824797562,1.5886465824797562,0.0,-0.19898589994385973,0.30986082673076354,0.32217573221757323,1.5886465764936515,0.0,239
257,train,blind,0.0,0,0.08163402942219938,0.0,0.0,0.0,0.0,0.016002089063788933,1.5925942517224714,1.5925942517224714,0.0,-0.20343815690452519,0.34742870708329626,0.3054393305439331,1.5925942561231148,0.0,239
258,train,blind,0.0,0,0.5005976241194593,0.0,0.0,0.0,0.0,0.01497585283179288,1.5604936996763221,1.5604936996763221,0.0,-0.19299230233531736,0.27475592747559274,0.39330543933054396,1.5604937047798992,0.0,239
259,train,blind,0.0,0,0.40235948536471244,0.0,0.0,0.0,0.0,0.014450175301892737,1.4716094657467,1.4716094657467,0.0,-0.19157171923009556,0.3757084779963798,0.2510460251046025,1.4716094664463288,0.0,239
260,train,blind,0.0,0,0.1751345835546242,0.0,0.0,0.0,0.0,0.015085987779837896,1.5573300592071342,1.5573300592071342,0.0,-0.1823040666788394,0.13840173298910946,0.5857740585774058,1.5573300597882667,0.0,239
261,train,blind,0.0,0,0.44882433315462367,0.0,0.0,0.0,0.0,0.01442534118602403,1.451501114847271,1.451501114847271,0.0,-0.18500335863883735,0.3110774800439182,0.3263598326359833,1.4515011106996605,0.0,239
262,train,blind,0.0,0,0.4367288618482977,0.0,0.0,0.0,0.0,0.015015128121232013,1.5481357128051534,1.5481357128051534,0.0,-0.18641688600930145,0.2067717142941927,0.4686192468619247,1.5481357101747428,0.0,239
263,train,blind,0.0,0,0.007217873016016257,0.0,0.0,0.0,0.0,0.01588148770807116,1.6036549472409811,1.6036549472409811,0.0,-0.18951382058260804,0.1774236624232173,0.5146443514644351,1.603654943646726,0.0,239
264,train,blind,0.0,0,0.3069478625608959,0.0,0.0,0.0,0.0,0.014626059739628347,1.5727083697977424,1.5727083697977424,0.0,-0.18421164279141952,0.14469272085225077,0.5606694560669456,1.572708380655919,0.0,239
265,train,blind,0.0,0,0.5017308984838317,0.0,0.0,0.0,0.0,0.015514424199308562,1.5940798802854625,1.5940798802854625,0.0,-0.1904904156550222,0.19214220006528385,0.4769874476987448,1.5940798750848006,0.0,239
266,train,blind,0.0,0,0.00010017924373394666,0.0,0.0,0.0,0.0,0.015899446864990386,1.6069460902752737,1.6069460902752737,0.0,-0.18885497288257697,0.1672156443811389,0.47280334728033474,1.6069460868804302,0.0,239
267,train,blind,0.0,0,0.4465136047263696,0.0,0.0,0.0,0.0,0.015088626115376355,1.5847983517407374,1.5847983517407374,0.0,-0.1833079730136191,0.1302115789786047,0.5774058577405857,1.5847983473735383,0.0,239
268,train,blind,0.0,0,0.26150266818706364,0.0,0.0,0.0,0.0,0.014429627779372442,1.466783229027832,1.466783229027832,0.0,-0.19176856827976177,0.37170242440428497,0.301255230125523,1.466783233072713,0.0,239
269,train,blind,0.0,0,0.23223904260317552,0.0,0.0,0.0,0.0,0.015125268382491801,1.5265389750692135,1.5265389750692135,0.0,-0.18711540240356297,0.25071960592302445,0.39748953974895396,1.5265389679293795,0.0,239
270,eval,blind,0.0,0,0.19109902345770474,0.0,0.0,0.0,0.0,0.0075025482231821225,0.589646841192844,0.589646841192844,0.0,-0.07556107636561976,0.0021365619157838515,0.9916317991631799,0.5896468408468876,0.0,239
271,eval,blind,0.0,0,0.2698529906927464,0.0,0.0,0.0,0.0,0.007915780121639807,0.6571852278011114,0.6571852278011114,0.0,-0.07898065631014299,0.06463099795246151,0.7782426778242678,0.657185227354775,0.0,239
272,eval,blind,0.0,0,0.502091316396975,0.0,0.0,0.0,0.0,0.006742750184423442,0.5522162985352792,0.5522162985352792,0.0,-0.08273594692110485,0.21131190836523336,0.606694560669456,0.5522162985350282,0.0,239
273,eval,blind,0.0,0,0.0023364927420596237,0.0,0.0,0.0,0.0,0.009190993174076642,0.7560553652970861,0.7560553652970861,0.0,-0.09452379988149219,0.01940710406836998,0.8368200836820083,0.7560553632479788,0.0,239
274,eval,blind,0.0,0,0.0,0.0,0.0,0.0,0.0,0.00950408704524322,0.791310122072946,0.791310122072946,0.0,-0.09319103477993965,0.0,1.0,0.7913101196970547,0.0,239
275,eval,blind,0.0,0,0.4918546168378746,0.0,0.0,0.0,0.0,0.007859791720589957,0.6188010903831306,0.6188010903831306,0.0,-0.08783124516863489,0.030861449894655626,0.8451882845188284,0.6188010899025326,0.0,239
276,eval,blind,0.0,0,0.31501783161268476,0.0,0.0,0.0,0.0,0.007814090404753032,0.6369910878616397,0.6369910878616397,0.0,-0.08235608278182786,0.0,1.0,0.6369910892968703,0.0,239
277,eval,blind,0.0,0,0.023700630373153914,0.0,0.0,0.0,0.0,0.009172174916894928,0.7622680458314249,0.7622680458314249,0.0,-0.08775032730249455,0.0024036321552568323,0.9874476987447699,0.7622680455057543,0.0,239
278,eval,blind,0.0,0,0.16342433874363083,0.0,0.0,0.0,0.0,0.007922456047408065,0.6659004155811405,0.6659004155811405,0.0,-0.09330240979691527,0.12484049971809252,0.7615062761506276,0.6659004140443286,0.0,239
279,eval,blind,0.0,0,0.08452667201199193,0.0,0.0,0.0,0.0,0.00918951900442088,0.7733541718337327,0.7733541718337327,0.0,-0.09922124061274325,0.0038280067657794005,0.8828451882845189,0.7733541729178374,0.0,239
280,train,blind,0.0,0,0.3109929788440381,0.0,0.0,0.0,0.0,0.01446153202472122,1.538088396004553,1.538088396004553,0.0,-0.18663815312307383,0.22692068013887648,0.4309623430962343,1.5380884041172722,0.0,239
281,train,blind,0.0,0,0.023700630373153914,0.0,0.0,0.0,0.0,0.015501059299514133,1.612013271164196,1.612013271164196,0.0,-0.18671298525868718,0.12436570818125167,0.5857740585774058,1.6120132633854114,0.0,239
282,train,blind,0.0,0,0.3926658787366775,0.0,0.0,0.0,0.0,0.015541924654689294,1.5597855755474777,1.5597855755474777,0.0,-0.18881171548055437,0.22416095433098907,0.401673640167364,1.559785581324845,0.0,239
283,train,blind,0.0,0,0.4811274396703373,0.0,0.0,0.0,0.0,0.014547311808041075,1.5133329008912442,1.5133329008912442,0.0,-0.18627179506908634,0.26487432861509247,0.35564853556485354,1.5133329134358884,0.0,239
284,train,blind,0.0,0,0.004841264746033501,0.0,0.0,0.0,0.0,0.015214834301868867,1.591648164653379,1.591648164653379,0.0,-0.19701932569971264,0.27297545921243954,0.41841004184100417,1.591648160533605,0.0,239
285,train,blind,0.0,0,0.5019918537838604,0.0,0.0,0.0,0.0,0.014657884475747786,1.4955570341154123,1.4955570341154123,0.0,-0.17900940395210613,0.18187483308110033,0.4602510460251046,1.4955570258816397,0.0,239
286,train,blind,0.0,0,0.002674004892043177,0.0,0.0,0.0,0.0,0.015327203087508678,1.611104623044385,1.611104623044385,0.0,-0.19454441815492418,0.2357636725125375,0.4476987447698745,1.6111046261091644,0.0,239
287,train,blind,0.0,0,0.4085878510234286,0.0,0.0,0.0,0.0,0.015061846273760292,1.5786201851637294,1.5786201851637294,0.0,-0.19425334899841806,0.2539837977388053,0.4435146443514644,1.578620171925037,0.0,239
288,train,blind,0.0,0,0.4634686815016611,0.0,0.0,0.0,0.0,0.014258395283284235,1.5070433551796312,1.5070433551796312,0.0,-0.1789619276835383,0.184753256773198,0.4476987447698745,1.5070433656522857,0.0,239
289,train,blind,0.0,0,0.5020913164463541,0.0,0.0,0.0,0.0,0.015324451023455568,1.6014361663343517,1.6014361663343517,0.0,-0.19257906890471957,0.19935309653105435,0.5313807531380753,1.6014361717843917,0.0,239
290,train,blind,0.0,0,0.4909922425595826,0.0,0.0,0.0,0.0,0.01509429955714729,1.5640786978490182,1.5640786978490182,0.0,-0.18655515947912354,0.17792812843111072,0.47280334728033474,1.564078695670775,0.0,239
291,train,blind,0.0,0,0.08452669602320004,0.0,0.0,0.0,0.0,0.016363164378821102,1.6101377733581734,1.6101377733581734,0.0,-0.18627615508277967,0.12626487432861508,0.5857740585774058,1.6101377728055941,0.0,239
292,train,blind,0.0,0,3.583932445953487e-06,0.0,0.0,0.0,0.0,0.015625053369849297,1.6126408030797248,1.6126408030797248,0.0,-0.19285429490976838,0.20855218255734592,0.4811715481171548,1.6126407952193433,0.0,239
293,train,blind,0.0,0,0.4341484118583851,0.0,0.0,0.0,0.0,0.014961499557148462,1.5792012349332227,1.5792012349332227,0.0,-0.19530496961634605,0.2695035460992908,0.3891213389121339,1.5792012389625567,0.0,239
294,train,blind,0.0,0,0.48485144005920816,0.0,0.0,0.0,0.0,0.015665504194905193,1.5834335158559567,1.5834335158559567,0.0,-0.18361698525671227,0.12899492566544998,0.5606694560669456,1.5834335174103817,0.0,239
295,train,blind,0.0,0,0.4997555405538623,0.0,0.0,0.0,0.0,0.014434703156180586,1.499795453318991,1.499795453318991,0.0,-0.1803361309795105,0.1995904922994748,0.4225941422594142,1.4997954605002475,0.0,239
296,train,blind,0.0,0,0.35386675944174084,0.0,0.0,0.0,0.0,0.015198668455276404,1.5418507546560536,1.5418507546560536,0.0,-0.19005769485913646,0.2509273272203923,0.3723849372384937,1.5418507492496267,0.0,239
297,train,blind,0.0,0,0.5019918537838604,0.0,0.0,0.0,0.0,0.014672710299180143,1.4941319745953612,1.4941319745953612,0.0,-0.17774843207605703,0.1790260838600552,0.4309623430962343,1.4941319688038852,0.0,239
298,train,blind,0.0,0,0.21562707504729067,0.0,0.0,0.0,0.0,0.015076552174798365,1.543768879758763,1.543768879758763,0.0,-0.17977393397990518,0.13911392029437078,0.5564853556485355,1.5437688828236105,0.0,239
299,train,blind,0.0,0,0.017240600663365867,0.0,0.0,0.0,0.0,0.01537341360883421,1.5743156070489763,1.5743156070489763,0.0,-0.18646188609626177,0.17504970473901305,0.5355648535564853,1.5743156022757903,0.0,239
300,eval,blind,0.0,0,0.48485143263255603,0.0,0.0,0.0,0.0,0.007650641192561289,0.6739372790607947,0.6739372790607947,0.0,-0.09867824879289953,0.2131814000415442,0.49372384937238495,0.6739372861004609,0.0,239
301,eval,blind,0.0,0,0.023700621450150866,0.0,0.0,0.0,0.0,0.009392030882477666,0.7817799129745452,0.7817799129745452,0.0,-0.09471640974484413,0.0,1.0,0.7817799087679245,0.0,239
302,eval,blind,0.0,0,0.4824189044268233,0.0,0.0,0.0,0.0,0.006865651736417825,0.5710229757690031,0.5710229757690031,0.0,-0.07004523713297849,0.0,1.0,0.5710229752925856,0.0,239
303,eval,blind,0.0,0,0.496713411596384,0.0,0.0,0.0,0.0,0.007148543395156579,0.6512626236203325,0.6512626236203325,0.0,-0.0969875569640478,0.24683225021513988,0.28870292887029286,0.651262625566966,0.0,239
304,eval,blind,0.0,0,0.4288286743681341,0.0,0.0,0.0,0.0,0.008090425161917589,0.6452741473289714,0.6452741473289714,0.0,-0.0947986745428901,0.07605566930769458,0.6820083682008368,0.6452741467955155,0.0,239
305,eval,blind,0.0,0,0.2947040708871606,0.0,0.0,0.0,0.0,0.007311574881896377,0.6121404154779522,0.6121404154779522,0.0,-0.07603612947041934,0.004718240897356005,0.9832635983263598,0.6121404147793662,0.0,239
306,eval,blind,0.0,0,7.168495677855786e-07,0.0,0.0,0.0,0.0,0.009932100535156089,0.8314186289719457,0.8314186289719457,0.0,-0.09801818485904507,0.0,1.0,0.8314186279547156,0.0,239
307,eval,blind,0.0,0,0.372095166128404,0.0,0.0,0.0,0.0,0.008122726936851897,0.6950611787610473,0.6950611787610473,0.0,-0.0962302622336781,0.03991216356568444,0.7698744769874477,0.6950611795475673,0.0,239
308,eval,blind,0.0,0,0.16342436824145895,0.0,0.0,0.0,0.0,0.008136718341044178,0.6842520415284145,0.6842520415284145,0.0,-0.07795497124399767,0.0,1.0,0.6842520427035618,0.0,239
309,eval,blind,0.0,0,0.017240600663365867,0.0,0.0,0.0,0.0,0.00912585919411175,0.75967902955151,0.75967902955151,0.0,-0.08511393807693869,0.0,1.0,0.7596790315824435,0.0,239
310,train,blind,0.0,0,0.005378621699537879,0.0,0.0,0.0,0.0,0.015731463031492598,1.6163219757159883,1.6163219757159883,0.0,-0.19051702936918338,0.16540550164693313,0.5523012552301255,1.6163219719192061,0.0,239
311,train,blind,0.0,0,0.4797851214425007,0.0,0.0,0.0,0.0,0.015431887883240958,1.5710589092645686,1.5710589092645686,0.0,-0.1848982259705261,0.15445562182854092,0.5732217573221757,1.57105891011216,0.0,239
312,train,blind,0.0,0,0.15576158431569304,0.0,0.0,0.0,0.0,0.015994495928490136,1.5980172129854497,1.5980172129854497,0.0,-0.19372255125554275,0.22404225644677886,0.4351464435146444,1.5980172139307995,0.0,239
313,train,blind,0.0,0,0.5000638219418426,0.0,0.0,0.0,0.0,0.013376755425589604,1.3833426097446904,1.3833426097446904,0.0,-0.196342594463866,0.4846731357013561,0.20920502092050208,1.3833426046968764,0.0,239
314,train,blind,0.0,0,0.06283617998029117,0.0,0.0,0.0,0.0,0.015286012075327057,1.5745754548695297,1.5745754548695297,0.0,-0.1851534933304919,0.16656280601798273,0.5062761506276151,1.5745754534923995,0.0,239
315,train,blind,0.0,0,0.15197702979228886,0.0,0.0,0.0,0.0,0.015664475597830872,1.5761792622350748,1.5761792622350748,0.0,-0.1906414320610641,0.2057627822784059,0.48535564853556484,1.576179262162588,0.0,239
316,train,blind,0.0,0,0.24895395069227458,0.0,0.0,0.0,0.0,0.014680070214160566,1.5118515351826176,1.5118515351826176,0.0,-0.1907676000966379,0.3013739280097332,0.34309623430962344,1.511851539019714,0.0,239
317,train,blind,0.0,0,0.08746965989669216,0.0,0.0,0.0,0.0,0.016053936323423765,1.611540989895745,1.611540989895745,0.0,-0.19121569326580565,0.18217157779162585,0.5188284518828452,1.6115409853565774,0.0,239
318,train,blind,0.0,0,0.48813355436147227,0.0,0.0,0.0,0.0,0.015315883276617802,1.5655109393546771,1.5655109393546771,0.0,-0.18705912669549726,0.18819549541529423,0.47280334728033474,1.5655109396247358,0.0,239
319,train,blind,0.0,0,0.0014944071429085072,0.0,0.0,0.0,0.0,0.01575588055781116,1.6171740123916372,1.6171740123916372,0.0,-0.19770727208589034,0.2589394344045817,0.41422594142259417,1.6171740142150588,0.0,239
320,train,blind,0.0,0,0.1161134909462402,0.0,0.0,0.0,0.0,0.015800798835942063,1.5802379637083748,1.5802379637083748,0.0,-0.18403086346606182,0.1323778153654411,0.5397489539748954,1.5802379639794941,0.0,239
321,train,blind,0.0,0,0.01609831423724945,0.0,0.0,0.0,0.0,0.015530270460026658,1.5743636718354963,1.5743636718354963,0.0,-0.19330481420086026,0.2657942372177216,0.401673640167364,1.5743636645237256,0.0,239
322,train,blind,0.0,0,0.004340025042008344,0.0,0.0,0.0,0.0,0.015589189474085136,1.5867841580422852,1.5867841580422852,0.0,-0.1889009795806635,0.18760200599424318,0.46443514644351463,1.586784152505381,0.0,239
323,train,blind,0.0,0,0.0012663877662295617,0.0,0.0,0.0,0.0,0.015948775886834667,1.5888583298507595,1.5888583298507595,0.0,-0.19225647372058358,0.21789964093890027,0.49372384937238495,1.5888583404052188,0.0,239
324,train,blind,0.0,0,0.36491424218167223,0.0,0.0,0.0,0.0,0.014431626298250514,1.506084271055884,1.506084271055884,0.0,-0.1891074153563236,0.3075462179886644,0.3179916317991632,1.5060842708806088,0.0,239
325,train,blind,0.0,0,0.41462239765982967,0.0,0.0,0.0,0.0,0.015391656748997243,1.5906775878064303,1.5906775878064303,0.0,-0.18252757549818577,0.10863823852339832,0.5439330543933054,1.5906775929818462,0.0,239
326,train,blind,0.0,0,0.0034414877965033177,0.0,0.0,0.0,0.0,0.0151379744592415,1.5824802812173278,1.5824802812173278,0.0,-0.18733344107184138,0.16751238909166444,0.502092050209205,1.5824802766190957,0.0,239
327,train,blind,0.0,0,0.49487416027990566,0.0,0.0,0.0,0.0,0.014204502572348364,1.4579441966372055,1.4579441966372055,0.0,-0.17392746882376314,0.17487165791269768,0.41841004184100417,1.4579442004380219,0.0,239
328,train,blind,0.0,0,0.18707420168323716,0.0,0.0,0.0,0.0,0.015381683184371707,1.541183126022626,1.541183126022626,0.0,-0.17915809322798498,0.11840113949968843,0.5774058577405857,1.5411831143826895,0.0,239
329,train,blind,0.0,0,0.013958485612926312,0.0,0.0,0.0,0.0,0.01614676172763234,1.6089924683630716,1.6089924683630716,0.0,-0.19094492522788084,0.17902608386005517,0.502092050209205,1.6089924550423977,0.0,239
330,eval,blind,0.0,0,0.42045798061068984,0.0,0.0,0.0,0.0,0.006707584756722666,0.5774939067692936,0.5774939067692936,0.0,-0.08258936129089578,0.0,1.0,0.5774939069040739,0.0,239
331,eval,blind,0.0,0,0.500344105122346,0.0,0.0,0.0,0.0,0.0066322733927712966,0.5935754901943845,0.5935754901943845,0.0,-0.07827041814108449,0.00044511706578830235,0.99581589958159,0.5935754934204938,0.0,239
332,eval,blind,0.0,0,0.0760018663305159,0.0,0.0,0.0,0.0,0.008683718745811028,0.7129177792800521,0.7129177792800521,0.0,-0.08668372076090176,0.0002967447105255349,0.99581589958159,0.7129177789017389,0.0,239
333,eval,blind,0.0,0,0.3685238404330022,0.0,0.0,0.0,0.0,0.006514300513334541,0.5833580381700684,0.5833580381700684,0.0,-0.07167734600722477,0.0,1.0,0.5833580373311087,0.0,239
334,eval,blind,0.0,0,0.46892580401234446,0.0,0.0,0.0,0.0,0.007639515643284723,0.6559255510942706,0.6559255510942706,0.0,-0.08885679995769817,0.0,1.0,0.6559255526744252,0.0,239
335,eval,blind,0.0,0,0.20738796240876128,0.0,0.0,0.0,0.0,0.007924126909274187,0.6687670790251329,0.6687670790251329,0.0,-0.07351133419252241,0.0,1.0,0.6687670756951909,0.0,239
336,eval,blind,0.0,0,0.5020884493196984,0.0,0.0,0.0,0.0,0.007082443979518122,0.6185075043384999,0.6185075043384999,0.0,-0.08126609439105686,0.0,1.0,0.61850750484387,0.0,239
337,eval,blind,0.0,0,0.4881335476829956,0.0,0.0,0.0,0.0,0.005930333139148841,0.5640858410541981,0.5640858410541981,0.0,-0.07615527436792392,0.0,1.0,0.5640858394918697,0.0,239
338,eval,blind,0.0,0,0.0349310103396663,0.0,0.0,0.0,0.0,0.009592285633055983,0.7761432872656499,0.7761432872656499,0.0,-0.08622819843863153,0.0,1.0,0.7761432851794403,0.0,239
339,eval,blind,0.0,0,0.2905912866229464,0.0,0.0,0.0,0.0,0.0075311543026385696,0.6627480536075816,0.6627480536075816,0.0,-0.07352228240102254,0.0,1.0,0.6627480505467861,0.0,239
340,train,blind,0.0,0,0.026644077069207902,0.0,0.0,0.0,0.0,0.015879080677599838,1.6111397114757713,1.6111397114757713,0.0,-0.18993760285268316,0.1700347191311315,0.5481171548117155,1.6111397129974874,0.0,239
341,train,blind,0.0,0,0.48708752257839305,0.0,0.0,0.0,0.0,0.013286985571897553,1.4219000102585828,1.4219000102585828,0.0,-0.19092265484999468,0.41265319445680876,0.19665271966527198,1.421900005415833,0.0,239
342,train,blind,0.0,0,6.514794980351147e-05,0.0,0.0,0.0,0.0,0.015209920544598143,1.5717230359380714,1.5717230359380714,0.0,-0.1943006257505476,0.282382266536099,0.401673640167364,1.5717230345604734,0.0,239
343,train,blind,0.0,0,0.3859785423496817,0.0,0.0,0.0,0.0,0.014823871238009077,1.5276130043811877,1.5276130043811877,0.0,-0.19062447588521997,0.2829757559571501,0.3598326359832636,1.527612995099903,0.0,239
344,train,blind,0.0,0,0.4175653372727219,0.0,0.0,0.0,0.0,0.014038017218363584,1.438708245754242,1.438708245754242,0.0,-0.19021223930353787,0.3913172497700228,0.2301255230125523,1.438708248686166,0.0,239
345,train,blind,0.0,0,0.009418925725383427,0.0,0.0,0.0,0.0,0.015222776468812047,1.5650567504651376,1.5650567504651376,0.0,-0.19078754760843503,0.2367132555862192,0.47280334728033474,1.5650567522544272,0.0,239
346,train,blind,0.0,0,0.0003611348120901913,0.0,0.0,0.0,0.0,0.015455403593154508,1.5624855916370408,1.5624855916370408,0.0,-0.19100646221629794,0.24083800706252412,0.4602510460251046,1.562485587879757,0.0,239
347,train,blind,0.0,0,0.4023595106228796,0.0,0.0,0.0,0.0,0.014748731335804302,1.5412178418626346,1.5412178418626346,0.0,-0.18343368523315218,0.17677082406006112,0.4769874476987448,1.5412178399046952,0.0,239
348,train,blind,0.0,0,0.018431992074788867,0.0,0.0,0.0,0.0,0.015317320837308048,1.5875387411237263,1.5875387411237263,0.0,-0.19042696793057154,0.21430902994154127,0.5062761506276151,1.5875387420802045,0.0,239
349,train,blind,0.0,0,0.4982182329869342,0.0,0.0,0.0,0.0,0.015618271572382878,1.5610230936664917,1.5610230936664917,0.0,-0.1916595733525772,0.241045728359892,0.42677824267782427,1.5610230909882161,0.0,239
350,train,blind,0.0,0,0.00027498420791614755,0.0,0.0,0.0,0.0,0.01570624564131371,1.5935539645629946,1.5935539645629946,0.0,-0.18657539078889082,0.1439805335469895,0.5397489539748954,1.593553966628958,0.0,239
351,train,blind,0.0,0,0.40235948536471244,0.0,0.0,0.0,0.0,0.01554120144179426,1.5575068939679837,1.5575068939679837,0.0,-0.18609741542478675,0.1822902756758361,0.47280334728033474,1.5575068917168637,0.0,239
352,train,blind,0.0,0,0.3649142709313249,0.0,0.0,0.0,0.0,0.014668645054709837,1.547152625716381,1.547152625716381,0.0,-0.17858661976965887,0.13454405175227752,0.5271966527196653,1.5471526247899436,0.0,239
353,train,blind,0.0,0,0.007910073110366154,0.0,0.0,0.0,0.0,0.015598330262923715,1.5815818451937274,1.5815818451937274,0.0,-0.1909358521971986,0.21383423840470042,0.5062761506276151,1.5815818425474368,0.0,239
354,train,blind,0.0,0,0.13356819286291968,0.0,0.0,0.0,0.0,0.015757144580762755,1.608847964508264,1.608847964508264,0.0,-0.2010651851149612,0.3127095759518086,0.3807531380753138,1.6088479626114214,0.0,239
355,train,blind,0.0,0,0.00020369909520827966,0.0,0.0,0.0,0.0,0.015485471605506403,1.596211355600397,1.596211355600397,0.0,-0.1945267321353391,0.22784058874150567,0.4811715481171548,1.5962113610680255,0.0,239
356,train,blind,0.0,0,0.03316622928357742,0.0,0.0,0.0,0.0,0.015408164282839854,1.584637474066044,1.584637474066044,0.0,-0.1833266469982131,0.11742188195495415,0.5983263598326359,1.5846374682016926,0.0,239
357,train,blind,0.0,0,0.5016285062847449,0.0,0.0,0.0,0.0,0.01599989704218806,1.5999179771754533,1.5999179771754533,0.0,-0.19734776910821633,0.2574260363809015,0.40585774058577406,1.5999179764516382,0.0,239
358,train,blind,0.0,0,0.502088449363476,0.0,0.0,0.0,0.0,0.015045603971039899,1.5659694676618696,1.5659694676618696,0.0,-0.19507696952536147,0.2873675776729279,0.4100418410041841,1.5659694692709203,0.0,239
359,train,blind,0.0,0,0.43151489933949033,0.0,0.0,0.0,0.0,0.014802664216358417,1.5337866330246546,1.5337866330246546,0.0,-0.18619243730088386,0.22413127985993653,0.41841004184100417,1.5337866383324994,0.0,239
360,eval,blind,0.0,0,0.09973252267304225,0.0,0.0,0.0,0.0,0.008538226324238786,0.709449409815058,0.709449409815058,0.0,-0.08510742900097863,0.0010682809578919255,0.99581589958159,0.7094494111051437,0.0,239
361,eval,blind,0.0,0,0.12999683991421615,0.0,0.0,0.0,0.0,0.009422023454291365,0.7558416781565136,0.7558416781565136,0.0,-0.0918694534495682,0.0,1.0,0.7558416788940034,0.0,239
362,eval,blind,0.0,0,0.4689258159280493,0.0,0.0,0.0,0.0,0.005555611229443214,0.5513653982134543,0.5513653982134543,0.0,-0.06378781802164678,0.0,1.0,0.551365395344777,0.0,239
363,eval,blind,0.0,0,0.2615026996800263,0.0,0.0,0.0,0.0,0.007511152640359172,0.6632234834477493,0.6632234834477493,0.0,-0.07436435755339862,0.0,1.0,0.6632234783217029,0.0,239
364,eval,blind,0.0,0,0.02979833591694332,0.0,0.0,0.0,0.0,0.008805092185478517,0.7267975838363919,0.7267975838363919,0.0,-0.08106149405998975,0.0,1.0,0.7267975858354095,0.0,239
365,eval,blind,0.0,0,0.48366004122113304,0.0,0.0,0.0,0.0,0.005550930911682889,0.5435760698308506,0.5435760698308506,0.0,-0.06632976521711444,0.00017804682631532092,0.99581589958159,0.5435760686926586,0.0,239
366,eval,blind,0.0,0,0.5019918537838604,0.0,0.0,0.0,0.0,0.006177208563663595,0.5853479867450363,0.5853479867450363,0.0,-0.06923454861224856,0.0,1.0,0.5853479841868297,0.0,239
367,eval,blind,0.0,0,0.09973252267304225,0.0,0.0,0.0,0.0,0.0074251880840043765,0.648816908877265,0.648816908877265,0.0,-0.07852311759594838,0.001038606486839372,0.99581589958159,0.6488169125074514,0.0,239
368,eval,blind,0.0,0,0.1299968671675179,0.0,0.0,0.0,0.0,0.01002363196211754,0.7990090664959353,0.7990090664959353,0.0,-0.08886519890057426,0.0,1.0,0.7990090693667397,0.0,239
369,eval,blind,0.0,0,3.5839762234725213e-06,0.0,0.0,0.0,0.0,0.010067129472590142,0.7977627852471803,0.7977627852471803,0.0,-0.09108415282484898,0.0,1.0,0.7977627841767542,0.0,239
370,train,blind,0.0,0,0.0034414877965033177,0.0,0.0,0.0,0.0,0.015868335432337916,1.5991744626017295,1.5991744626017295,0.0,-0.19337006310078694,0.21567405560995875,0.502092050209205,1.5991744607067437,0.0,239
371,train,blind,0.0,0,0.5010294404741651,0.0,0.0,0.0,0.0,0.013812837179235834,1.3916707270813786,1.3916707270813786,0.0,-0.1889744393410293,0.43401881361464734,0.200836820083682,1.3916707242959727,0.0,239
372,train,blind,0.0,0,0.006565895839070679,0.0,0.0,0.0,0.0,0.01591083533656647,1.600183254754693,1.600183254754693,0.0,-0.19684994091397098,0.2666844713492982,0.41841004184100417,1.6001832536334024,0.0,239
373,train,blind,0.0,0,0.14450739523119227,0.0,0.0,0.0,0.0,0.01510278272898439,1.5586365695777797,1.5586365695777797,0.0,-0.1866785421542286,0.1943677853942254,0.4560669456066946,1.55863656838913,0.0,239
374,train,blind,0.0,0,0.00014589585375555142,0.0,0.0,0.0,0.0,0.01611837603650582,1.5875868837204936,1.5875868837204936,0.0,-0.1923828464114182,0.2310157571441289,0.502092050209205,1.5875868899610073,0.0,239
375,train,blind,0.0,0,0.39266590399484474,0.0,0.0,0.0,0.0,0.016027218214076433,1.5827434090390864,1.5827434090390864,0.0,-0.18447210416393958,0.13187334935754771,0.5397489539748954,1.582743410326044,0.0,239
376,train,blind,0.0,0,0.48485143263255603,0.0,0.0,0.0,0.0,0.013755630183512946,1.3856980925324571,1.3856980925324571,0.0,-0.1948723663470769,0.49841241579868845,0.1297071129707113,1.385698089518605,0.0,239
377,train,blind,0.0,0,0.48708752257839305,0.0,0.0,0.0,0.0,0.014264047613453167,1.484584964967672,1.484584964967672,0.0,-0.18208955830617715,0.2416688922519956,0.3389121338912134,1.4845849586994904,0.0,239
378,train,blind,0.0,0,0.4811274396703373,0.0,0.0,0.0,0.0,0.015780994516629804,1.5493409947870167,1.5493409947870167,0.0,-0.18729961644726467,0.21178669990207424,0.4393305439330544,1.5493409890077776,0.0,239
379,train,blind,0.0,0,0.4811274396703373,0.0,0.0,0.0,0.0,0.014949532276385747,1.5281795350577543,1.5281795350577543,0.0,-0.18276977173420378,0.18383334817056887,0.49372384937238495,1.5281795401797,0.0,239
380,train,blind,0.0,0,0.27401919350725557,0.0,0.0,0.0,0.0,0.01540809066256968,1.5642757784871377,1.5642757784871377,0.0,-0.18176190658722552,0.14356509095225378,0.5648535564853556,1.5642757791205941,0.0,239
381,train,blind,0.0,0,0.41162967206828666,0.0,0.0,0.0,0.0,0.015355313734529407,1.5406320409295948,1.5406320409295948,0.0,-0.18946132651657097,0.26006706430457877,0.40585774058577406,1.5406320356616587,0.0,239
382,train,blind,0.0,0,0.4769458410955545,0.0,0.0,0.0,0.0,0.01481553310505017,1.5284349836066178,1.5284349836066178,0.0,-0.17904550132895528,0.15590967091011604,0.5146443514644351,1.5284349778443658,0.0,239
383,train,blind,0.0,0,0.20738796240876128,0.0,0.0,0.0,0.0,0.015568600511607017,1.5501300348397578,1.5501300348397578,0.0,-0.179653521143405,0.12890590225229234,0.5648535564853556,1.5501300261853073,0.0,239
384,train,blind,0.0,0,0.0038738003089876893,0.0,0.0,0.0,0.0,0.016123856856218817,1.5864793092137102,1.5864793092137102,0.0,-0.19087552765402976,0.2064156206415621,0.5062761506276151,1.5864792991416368,0.0,239
385,train,blind,0.0,0,0.4392558730871779,0.0,0.0,0.0,0.0,0.015068962566055763,1.5220277623651417,1.5220277623651417,0.0,-0.18060333413780402,0.17810617525742603,0.47280334728033474,1.5220277646616462,0.0,239
386,train,blind,0.0,0,0.228072871281629,0.0,0.0,0.0,0.0,0.014699762841008572,1.5143484119092072,1.5143484119092072,0.0,-0.18650068034433484,0.25217365500459943,0.4476987447698745,1.5143484035157913,0.0,239
387,train,blind,0.0,0,0.05794356438666426,0.0,0.0,0.0,0.0,0.01598587879233031,1.6321299036177632,1.6321299036177632,0.0,-0.18770332646391552,0.11261461764444049,0.606694560669456,1.632129895587688,0.0,239
388,train,blind,0.0,0,0.3756273159996906,0.0,0.0,0.0,0.0,0.015140768167831659,1.5005769260757638,1.5005769260757638,0.0,-0.18157681880067034,0.21505089171785513,0.4100418410041841,1.5005769285470483,0.0,239
389,train,blind,0.0,0,0.4554288766948919,0.0,0.0,0.0,0.0,0.01596001683340786,1.5519431769598477,1.5519431769598477,0.0,-0.18494603014153954,0.17638505593637793,0.4602510460251046,1.5519431867848312,0.0,239
390,eval,blind,0.0,0,0.3685238404330022,0.0,0.0,0.0,0.0,0.00809584005305224,0.695374370868236,0.695374370868236,0.0,-0.07727179665143942,0.0,1.0,0.695374372505755,0.0,239
391,eval,blind,0.0,0,0.43414843287689137,0.0,0.0,0.0,0.0,0.00759228578160778,0.673509464478393,0.673509464478393,0.0,-0.07532544642746815,0.0006825128342087303,0.99581589958159,0.6735094634175375,0.0,239
392,eval,blind,0.0,0,0.215627043554328,0.0,0.0,0.0,0.0,0.008978008593639134,0.7382884039290281,0.7382884039290281,0.0,-0.09532752775678816,0.0,1.0,0.7382884043254629,0.0,239
393,eval,blind,0.0,0,0.48366004122113304,0.0,0.0,0.0,0.0,0.010153362808055458,0.8100047730002942,0.8100047730002942,0.0,-0.09444829311879019,0.0,1.0,0.8100047734854238,0.0,239
394,eval,blind,0.0,0,0.000463527011177035,0.0,0.0,0.0,0.0,0.009457880564844508,0.7683461243637436,0.7683461243637436,0.0,-0.08914528135796608,0.0,1.0,0.7683461213137605,0.0,239
395,eval,blind,0.0,0,0.2864649582486312,0.0,0.0,0.0,0.0,0.008788452606461163,0.7350519253369655,0.7350519253369655,0.0,-0.09284248836774676,0.0,1.0,0.7350519255631508,0.0,239
396,eval,blind,0.0,0,0.48112744734638124,0.0,0.0,0.0,0.0,0.008215052979729414,0.6881202286008012,0.6881202286008012,0.0,-0.07794464225511097,0.0,1.0,0.68812022737241,0.0,239
397,eval,blind,0.0,0,0.10942612930107716,0.0,0.0,0.0,0.0,0.00859292951620975,0.7102695265823827,0.7102695265823827,0.0,-0.08828414086851452,0.0,1.0,0.7102695269622414,0.0,239
398,eval,blind,0.0,0,0.4955261374568512,0.0,0.0,0.0,0.0,0.005799480689549234,0.5478233383290438,0.5478233383290438,0.0,-0.06950928654540887,0.0,1.0,0.5478233356949531,0.0,239
399,eval,blind,0.0,0,0.2988020511427855,0.0,0.0,0.0,0.0,0.010175658954954297,0.8187183460929902,0.8187183460929902,0.0,-0.09156457246649796,0.0,1.0,0.8187183386674272,0.0,239
400,train,blind,0.0,0,0.38934417804177057,0.0,0.0,0.0,0.0,0.015276664250362743,1.5579502063815065,1.5579502063815065,0.0,-0.18099135113751516,0.12614617644440487,0.5815899581589958,1.5579502044679228,0.0,239
401,train,blind,0.0,0,0.27817753698797626,0.0,0.0,0.0,0.0,0.01575395662851912,1.5210843944150534,1.5210843944150534,0.0,-0.18021953464882115,0.17718626665479686,0.4602510460251046,1.52108439075255,0.0,239
402,train,blind,0.0,0,0.07600188859598127,0.0,0.0,0.0,0.0,0.01543210700317968,1.5866704311330946,1.5866704311330946,0.0,-0.18967213224087212,0.1859699100863527,0.5481171548117155,1.5866704288900964,0.0,239
403,train,blind,0.0,0,0.5008256440260959,0.0,0.0,0.0,0.0,0.014980971238431695,1.5680373246200914,1.5680373246200914,0.0,-0.19444837240800716,0.27051247811507756,0.40585774058577406,1.5680373269427572,0.0,239
404,train,blind,0.0,0,0.004841264746033501,0.0,0.0,0.0,0.0,0.016231634790490862,1.6068369646451464,1.6068369646451464,0.0,-0.1987545708740678,0.28075017062820856,0.3891213389121339,1.606836964808731,0.0,239
405,train,blind,0.0,0,0.5020526421234931,0.0,0.0,0.0,0.0,0.015141858280905246,1.5486493457311368,1.5486493457311368,0.0,-0.18464434921056408,0.18516869936793376,0.497907949790795,1.5486493430552435,0.0,239
406,train,blind,0.0,0,0.034930997800481874,0.0,0.0,0.0,0.0,0.015486752577359831,1.5888344089356425,1.5888344089356425,0.0,-0.19309049980603002,0.23540757885990682,0.4686192468619247,1.5888344092180955,0.0,239
407,train,blind,0.0,0,0.005378617951415077,0.0,0.0,0.0,0.0,0.015502209617331562,1.5921626160833127,1.5921626160833127,0.0,-0.18836244386428383,0.17329891094691238,0.48535564853556484,1.5921626178497117,0.0,239
408,train,blind,0.0,0,0.4417291495469365,0.0,0.0,0.0,0.0,0.015275762034541144,1.562609317661828,1.562609317661828,0.0,-0.18824749266169924,0.21469479806522454,0.48535564853556484,1.5626093103379757,0.0,239
409,train,blind,0.0,0,0.30694783156671684,0.0,0.0,0.0,0.0,0.015479755262497454,1.572098474123488,1.572098474123488,0.0,-0.19685291703708907,0.2972788510044808,0.38493723849372385,1.572098465790765,0.0,239
410,train,blind,0.0,0,0.4918546215835647,0.0,0.0,0.0,0.0,0.015317559801431754,1.5462373278131045,1.5462373278131045,0.0,-0.18222101567357707,0.15430724947327815,0.5481171548117155,1.5462373258048565,0.0,239
411,train,blind,0.0,0,0.497250765612289,0.0,0.0,0.0,0.0,0.01576954327819861,1.595588709270605,1.595588709270605,0.0,-0.1978168720156837,0.26442921154930416,0.39330543933054396,1.5955887094445707,0.0,239
412,train,blind,0.0,0,0.2322390740961382,0.0,0.0,0.0,0.0,0.014777720915582266,1.5150741278875821,1.5150741278875821,0.0,-0.180947964623659,0.18736461022582274,0.5104602510460251,1.5150741290975256,0.0,239
413,train,blind,0.0,0,0.006565895839070679,0.0,0.0,0.0,0.0,0.015865849256983113,1.597121706318157,1.597121706318157,0.0,-0.19714544324835387,0.2624706964598356,0.4100418410041841,1.5971217173862942,0.0,239
414,train,blind,0.0,0,0.21150074667297547,0.0,0.0,0.0,0.0,0.015081648520003054,1.5713608873439135,1.5713608873439135,0.0,-0.19326098665782623,0.25885041099142403,0.4351464435146444,1.5713608821637322,0.0,239
415,train,blind,0.0,0,0.24058936510885828,0.0,0.0,0.0,0.0,0.014651937057579785,1.5224972938393948,1.5224972938393948,0.0,-0.1791876133189464,0.15347636428380665,0.5481171548117155,1.5224972981778644,0.0,239
416,train,blind,0.0,0,0.07057711293792525,0.0,0.0,0.0,0.0,0.015465171590727992,1.5700809566545686,1.5700809566545686,0.0,-0.19091868978738286,0.22457639692572476,0.4435146443514644,1.5700809600359824,0.0,239
417,train,blind,0.0,0,3.939117242876347e-05,0.0,0.0,0.0,0.0,0.015285591133110319,1.569804610068828,1.569804610068828,0.0,-0.19245542573025584,0.2575447342651117,0.4811715481171548,1.5698046120007236,0.0,239
418,train,blind,0.0,0,0.08452669602320004,0.0,0.0,0.0,0.0,0.015282287254586628,1.5708580540812664,1.5708580540812664,0.0,-0.1853740550587302,0.16472298881272443,0.5271966527196653,1.5708580552172575,0.0,239
419,train,blind,0.0,0,0.12646474479892483,0.0,0.0,0.0,0.0,0.015305501749840366,1.5934064148859,1.5934064148859,0.0,-0.1848175718232978,0.11979583963915842,0.602510460251046,1.593406425869696,0.0,239
420,eval,blind,0.0,0,0.5000638219418426,0.0,0.0,0.0,0.0,0.005904766638416438,0.5679739554058059,0.5679739554058059,0.0,-0.06820775278974209,0.0,1.0,0.5679739529567454,0.0,239
421,eval,blind,0.0,0,0.4994180284038787,0.0,0.0,0.0,0.0,0.00808837268380721,0.6708359081126656,0.6708359081126656,0.0,-0.08214894894390298,0.0,1.0,0.6708359069369981,0.0,239
422,eval,blind,0.0,0,0.3575846668143823,0.0,0.0,0.0,0.0,0.007884645830668415,0.6737722400342071,0.6737722400342071,0.0,-0.07497090884146684,2.9674471052553488e-05,0.99581589958159,0.6737722431922797,0.0,239
423,eval,blind,0.0,0,0.14082453795319042,0.0,0.0,0.0,0.0,0.010324788213586707,0.8288068511994813,0.8288068511994813,0.0,-0.09216041732759384,0.0,1.0,0.8288068512996348,0.0,239
424,eval,blind,0.0,0,0.013958478934449634,0.0,0.0,0.0,0.0,0.010668443406787876,0.8534717532381353,0.8534717532381353,0.0,-0.1025895919291478,0.0,1.0,0.8534717497333107,0.0,239
425,eval,blind,0.0,0,0.0034414851706437025,0.0,0.0,0.0,0.0,0.00929449273518844,0.7535819213011274,0.7535819213011274,0.0,-0.08531222699614842,0.0005341404789459628,0.99581589958159,0.7535819197291058,0.0,239
426,eval,blind,0.0,0,0.49613888111608695,0.0,0.0,0.0,0.0,0.008517195073162911,0.6849800401901102,0.6849800401901102,0.0,-0.08194691130894957,0.0,1.0,0.684980039511937,0.0,239
427,eval,blind,0.0,0,0.0005835245887526782,0.0,0.0,0.0,0.0,0.009757454608368325,0.7783377318950877,0.7783377318950877,0.0,-0.08696279012723206,0.0,1.0,0.7783377351324058,0.0,239
428,eval,blind,0.0,0,0.11952211124389958,0.0,0.0,0.0,0.0,0.008461412893818637,0.7172966034591947,0.7172966034591947,0.0,-0.08442492599554821,0.056440843941956725,0.9079497907949791,0.7172966063054586,0.0,239
429,eval,blind,0.0,0,0.5012103088587818,0.0,0.0,0.0,0.0,0.007006933702210502,0.6433590266495071,0.6433590266495071,0.0,-0.08737683380652718,0.11697676488916584,0.6317991631799164,0.6433590246441029,0.0,239
430,train,blind,0.0,0,0.0349310103396663,0.0,0.0,0.0,0.0,0.01529223701008693,1.6073398944224273,1.6073398944224273,0.0,-0.18836386048247353,0.1505682661206564,0.5439330543933054,1.607339883146784,0.0,239
431,train,blind,0.0,0,0.009418921166737213,0.0,0.0,0.0,0.0,0.01579328613535006,1.5588643550872803,1.5588643550872803,0.0,-0.18527121196925794,0.17507937921006558,0.497907949790795,1.5588643488883778,0.0,239
432,train,blind,0.0,0,0.4532820462560594,0.0,0.0,0.0,0.0,0.016522978658487855,1.608140495032945,1.608140495032945,0.0,-0.1982771937132983,0.2686429864387668,0.38493723849372385,1.6081404855099992,0.0,239
433,train,blind,0.0,0,0.5017308978531066,0.0,0.0,0.0,0.0,0.0140930843523949,1.459200776770524,1.459200776770524,0.0,-0.1868167912553858,0.3258850410991424,0.3179916317991632,1.459200782694745,0.0,239
434,train,blind,0.0,0,0.02096458594954064,0.0,0.0,0.0,0.0,0.015703168982117745,1.5809995926074902,1.5809995926074902,0.0,-0.19314195037192583,0.2220243924152052,0.4435146443514644,1.5809995845169167,0.0,239
435,train,blind,0.0,0,0.43151489933949033,0.0,0.0,0.0,0.0,0.015478355897723008,1.5829146344791396,1.5829146344791396,0.0,-0.20295785601168378,0.3811092317279444,0.34309623430962344,1.5829146381817871,0.0,239
436,train,blind,0.0,0,0.2781775054950136,0.0,0.0,0.0,0.0,0.014771448874994177,1.5351674242498485,1.5351674242498485,0.0,-0.1899950669935676,0.2607199026677349,0.41841004184100417,1.5351674242578992,0.0,239
437,train,blind,0.0,0,0.4909922425595826,0.0,0.0,0.0,0.0,0.015318837309076946,1.5405187010765076,1.5405187010765076,0.0,-0.18157343961544015,0.15582064749695834,0.4686192468619247,1.5405186986081465,0.0,239
438,train,blind,0.0,0,0.2573214347770065,0.0,0.0,0.0,0.0,0.015539360330069913,1.5498180823346062,1.5498180823346062,0.0,-0.18913191610393987,0.22843407816255676,0.41422594142259417,1.5498180831624304,0.0,239
439,train,blind,0.0,0,0.02979833591694332,0.0,0.0,0.0,0.0,0.015716318941234795,1.6160659096729806,1.6160659096729806,0.0,-0.18782832071572605,0.14510816344698657,0.5857740585774058,1.6160659044059176,0.0,239
440,train,blind,0.0,0,0.016098320915726126,0.0,0.0,0.0,0.0,0.015345421265109314,1.5931899894231534,1.5931899894231534,0.0,-0.18510119351279491,0.12801566812071574,0.6150627615062761,1.5931899858533314,0.0,239
441,train,blind,0.0,0,0.4367288618482977,0.0,0.0,0.0,0.0,0.015533676614525054,1.5649812460943247,1.5649812460943247,0.0,-0.18887489165199015,0.20641562064156205,0.47280334728033474,1.5649812436622554,0.0,239
442,train,blind,0.0,0,0.33866766505446294,0.0,0.0,0.0,0.0,0.015171938807660691,1.5266559991876452,1.5266559991876452,0.0,-0.1874875355594695,0.25629840648090446,0.3807531380753138,1.526656000047675,0.0,239
443,train,blind,0.0,0,0.49418196437011425,0.0,0.0,0.0,0.0,0.015188356921871711,1.5199162890222782,1.5199162890222782,0.0,-0.17975536915531748,0.16317991631799164,0.497907949790795,1.519916281821416,0.0,239
444,train,blind,0.0,0,0.1830709686913921,0.0,0.0,0.0,0.0,0.014796483909095555,1.512716436735257,1.512716436735257,0.0,-0.1816220424665201,0.19214220006528385,0.49372384937238495,1.5127164474893575,0.0,239
445,train,blind,0.0,0,0.000463527011177035,0.0,0.0,0.0,0.0,0.01604203967120358,1.6061448115683998,1.6061448115683998,0.0,-0.19175795010859423,0.19588118341790559,0.5146443514644351,1.6061448114047874,0.0,239
446,train,blind,0.0,0,0.30288375901140147,0.0,0.0,0.0,0.0,0.01501016707108921,1.5238141679364767,1.5238141679364767,0.0,-0.18304666506914596,0.19911570076263396,0.47280334728033474,1.5238141739906295,0.0,239
447,train,blind,0.0,0,0.07057713395643153,0.0,0.0,0.0,0.0,0.015329975453614565,1.574093650075681,1.574093650075681,0.0,-0.1830718774873832,0.13472209857859282,0.5941422594142259,1.574093648667833,0.0,239
448,train,blind,0.0,0,0.49941803140382607,0.0,0.0,0.0,0.0,0.014498376953863698,1.5066969579233784,1.5066969579233784,0.0,-0.1762683328726238,0.13748182438648032,0.4895397489539749,1.5066969636146663,0.0,239
449,train,blind,0.0,0,0.0008817244371400257,0.0,0.0,0.0,0.0,0.016114656018506285,1.6072348191648347,1.6072348191648347,0.0,-0.18937724125887082,0.1713700703284964,0.5523012552301255,1.6072348113912454,0.0,239
450,eval,blind,0.0,0,0.4977520082539135,0.0,0.0,0.0,0.0,0.006729767292496362,0.6015718708976043,0.6015718708976043,0.0,-0.06915875323308564,0.0,1.0,0.6015718707743289,0.0,239
451,eval,blind,0.0,0,0.49821823029872664,0.0,0.0,0.0,0.0,0.006090223497933237,0.5338911316883614,0.5338911316883614,0.0,-0.06072464319070061,0.0,1.0,0.5338911346753306,0.0,239
452,eval,blind,0.0,0,0.48112744734638124,0.0,0.0,0.0,0.0,0.008058080187644107,0.704039389742967,0.704039389742967,0.0,-0.08083151691219947,0.013679931155227159,0.9246861924686193,0.7040393870925528,0.0,239
453,eval,blind,0.0,0,0.372095166128404,0.0,0.0,0.0,0.0,0.011367960147185555,0.9146355225950106,0.9146355225950106,0.0,-0.10523578377071469,0.0,1.0,0.9146355208038504,0.0,239
454,eval,blind,0.0,0,0.4595582126649525,0.0,0.0,0.0,0.0,0.007313113607501292,0.6432318557755219,0.6432318557755219,0.0,-0.07000693516564278,0.0,1.0,0.6432318590721239,0.0,239
455,eval,blind,0.0,0,0.3109929788440381,0.0,0.0,0.0,0.0,0.009762816351281175,0.8020393201247419,0.8020393201247419,0.0,-0.10967193108982572,0.2247841182230927,0.6443514644351465,0.8020393185886793,0.0,239
456,eval,blind,0.0,0,0.0008817254575398053,0.0,0.0,0.0,0.0,0.010728104940175263,0.8588719091156037,0.8588719091156037,0.0,-0.09516677431499715,0.0,1.0,0.8588719113247838,0.0,239
457,eval,blind,0.0,0,0.4085878752840285,0.0,0.0,0.0,0.0,0.00831752469681328,0.7092230377336926,0.7092230377336926,0.0,-0.07831624774270712,0.0,1.0,0.709223037381333,0.0,239
458,eval,blind,0.0,0,0.49865054549941856,0.0,0.0,0.0,0.0,0.0064933745182707715,0.6038396544286896,0.6038396544286896,0.0,-0.07365923991597437,0.0,1.0,0.6038396534041395,0.0,239
459,eval,blind,0.0,0,0.0038738003089876893,0.0,0.0,0.0,0.0,0.011047757616477033,0.9010512055712265,0.9010512055712265,0.0,-0.10301597081204115,0.0,1.0,0.9010512041603749,0.0,239
460,train,blind,0.0,0,0.4706366194916741,0.0,0.0,0.0,0.0,0.015890511949098508,1.583264769121194,1.583264769121194,0.0,-0.18979616307425767,0.1907178254547613,0.48535564853556484,1.5832647618653868,0.0,239
461,train,blind,0.0,0,0.4722936973789786,0.0,0.0,0.0,0.0,0.015023918479493971,1.5629646533702706,1.5629646533702706,0.0,-0.1882291196045361,0.21318140004154426,0.3891213389121339,1.5629646641217245,0.0,239
462,train,blind,0.0,0,0.47839141184577105,0.0,0.0,0.0,0.0,0.013896935896082901,1.4828287794500215,1.4828287794500215,0.0,-0.17870006775913644,0.20335915012314904,0.4476987447698745,1.4828287872747474,0.0,239
463,train,blind,0.0,0,0.34251428529070727,0.0,0.0,0.0,0.0,0.014733310159545189,1.5130499658724255,1.5130499658724255,0.0,-0.17614827058459528,0.13599810083385264,0.5523012552301255,1.513049967384916,0.0,239
464,train,blind,0.0,0,0.025146192200367425,0.0,0.0,0.0,0.0,0.015358936168237835,1.5720018235709379,1.5720018235709379,0.0,-0.19316349487732462,0.265497492507196,0.4225941422594142,1.5720018291569666,0.0,239
465,train,blind,0.0,0,6.514794980351147e-05,0.0,0.0,0.0,0.0,0.015273103324860085,1.57030215223464,1.57030215223464,0.0,-0.19366305462874972,0.27413276358348915,0.4309623430962343,1.5703021532840276,0.0,239
466,train,blind,0.0,0,0.002674004892043177,0.0,0.0,0.0,0.0,0.015287386915923162,1.5840930726737656,1.5840930726737656,0.0,-0.19109361911702913,0.21567405560995875,0.4811715481171548,1.5840930740593855,0.0,239
467,train,blind,0.0,0,0.34633044898022886,0.0,0.0,0.0,0.0,0.015258620446353028,1.4968053960401144,1.4968053960401144,0.0,-0.17669212632866174,0.16653313154693017,0.4895397489539749,1.4968053958595193,0.0,239
468,train,blind,0.0,0,6.514794980351147e-05,0.0,0.0,0.0,0.0,0.015937482406264445,1.6042719034470274,1.6042719034470274,0.0,-0.19186261005866184,0.2035075224784118,0.4602510460251046,1.6042719083711314,0.0,239
469,train,blind,0.0,0,0.26150266818706364,0.0,0.0,0.0,0.0,0.015064431375835605,1.5193789060145741,1.5193789060145741,0.0,-0.19367255042237028,0.33995074037805273,0.2719665271966527,1.5193789060853036,0.0,239
470,train,blind,0.0,0,0.05557842856955229,0.0,0.0,0.0,0.0,0.015197614617022261,1.5251469218082507,1.5251469218082507,0.0,-0.18653300473978351,0.2347250660256981,0.4351464435146444,1.5251469153256458,0.0,239
471,train,blind,0.0,0,0.06036286422683006,0.0,0.0,0.0,0.0,0.015805963405396275,1.5739273366568975,1.5739273366568975,0.0,-0.1959011164261627,0.28615092435977335,0.34309623430962344,1.573927343142883,0.0,239
472,train,blind,0.0,0,0.21150077816593815,0.0,0.0,0.0,0.0,0.015353079522846882,1.5639122874168172,1.5639122874168172,0.0,-0.18169533125828705,0.13089409181281345,0.5104602510460251,1.5639122918653456,0.0,239
473,train,blind,0.0,0,0.45752092677940104,0.0,0.0,0.0,0.0,0.01534241431287517,1.5501794705331076,1.5501794705331076,0.0,-0.180848766135082,0.12635389774177275,0.5146443514644351,1.5501794568850584,0.0,239
474,train,blind,0.0,0,0.34251425579287914,0.0,0.0,0.0,0.0,0.01510359516569947,1.5307827828818286,1.5307827828818286,0.0,-0.18964241001087118,0.26620967981245736,0.4225941422594142,1.530782781935068,0.0,239
475,train,blind,0.0,0,0.22391449630794566,0.0,0.0,0.0,0.0,0.016232632749390526,1.6014800984490367,1.6014800984490367,0.0,-0.19166743251523327,0.20232054363630972,0.49372384937238495,1.6014801002097303,0.0,239
476,train,blind,0.0,0,0.05794356438666426,0.0,0.0,0.0,0.0,0.01567421769957101,1.5844622339164862,1.5844622339164862,0.0,-0.18693354755353572,0.17196355974954747,0.5230125523012552,1.5844622306870213,0.0,239
477,train,blind,0.0,0,0.13356819286291968,0.0,0.0,0.0,0.0,0.016327578523761307,1.6073609889800577,1.6073609889800577,0.0,-0.19761116753645053,0.26665479687824567,0.4100418410041841,1.6073609800219246,0.0,239
478,train,blind,0.0,0,0.019673136295750737,0.0,0.0,0.0,0.0,0.016066846870291182,1.5726081407219794,1.5726081407219794,0.0,-0.1860253053505454,0.1708062553784979,0.5104602510460251,1.5726081419805376,0.0,239
479,train,blind,0.0,0,0.4997555405538623,0.0,0.0,0.0,0.0,0.015473847745072144,1.5606185938523902,1.5606185938523902,0.0,-0.18420427157368535,0.17297249176533427,0.5439330543933054,1.5606185934277386,0.0,239
480,eval,blind,0.0,0,0.3685238404330022,0.0,0.0,0.0,0.0,0.007703333756999428,0.6085113977787385,0.6085113977787385,0.0,-0.07040548915644418,0.0,1.0,0.6085113977816292,0.0,239
481,eval,blind,0.0,0,0.46892580401234446,0.0,0.0,0.0,0.0,0.009716508534023827,0.7892223117117104,0.7892223117117104,0.0,-0.10719740290043209,0.16540550164693313,0.6527196652719666,0.7892223108271459,0.0,239
482,eval,blind,0.0,0,0.24477059851891544,0.0,0.0,0.0,0.0,0.007972930936010312,0.6579674403787158,0.6579674403787158,0.0,-0.07224585221176055,0.0,1.0,0.6579674409294225,0.0,239
483,eval,blind,0.0,0,0.0,0.0,0.0,0.0,0.0,0.009214304276512132,0.6968802923188548,0.6968802923188548,0.0,-0.0814916869919025,0.0,1.0,0.6968802914813591,0.0,239
484,eval,blind,0.0,0,0.02096458594954064,0.0,0.0,0.0,0.0,0.010294039375207165,0.7920201258679315,0.7920201258679315,0.0,-0.09781695427287143,0.0,1.0,0.7920201275395786,0.0,239
485,eval,blind,0.0,0,0.0005835245887526782,0.0,0.0,0.0,0.0,0.009945690199327518,0.7733729633826092,0.7733729633826092,0.0,-0.09224356366489922,0.0014837235526276743,0.9748953974895398,0.7733729587876687,0.0,239
486,eval,blind,0.0,0,0.4653420398303694,0.0,0.0,0.0,0.0,0.010372844240219024,0.7854763109813674,0.7854763109813674,0.0,-0.10452097206993313,0.0,1.0,0.7854763159118232,0.0,239
487,eval,blind,0.0,0,0.14082453795319042,0.0,0.0,0.0,0.0,0.009037052368877698,0.6951787446832058,0.6951787446832058,0.0,-0.07764195821839114,0.0,1.0,0.6951787434010929,0.0,239
488,eval,blind,0.0,0,0.2988020511427855,0.0,0.0,0.0,0.0,0.007448735336137928,0.6158559647813502,0.6158559647813502,0.0,-0.06974098661409604,0.0,1.0,0.6158559617774116,0.0,239
489,eval,blind,0.0,0,0.12297281284996057,0.0,0.0,0.0,0.0,0.00901312738945357,0.6687001468746233,0.6687001468746233,0.0,-0.07767188366012209,0.00044511706578830235,0.99581589958159,0.6687001479652563,0.0,239
490,train,blind,0.0,0,0.3720951933817057,0.0,0.0,0.0,0.0,0.01532147939523456,1.5573315570544,1.5573315570544,0.0,-0.18292461178582314,0.15424790053117304,0.5188284518828452,1.557331552709556,0.0,239
491,train,blind,0.0,0,0.32695747973790945,0.0,0.0,0.0,0.0,0.01577438776299482,1.578187779652025,1.578187779652025,0.0,-0.18338650174193316,0.1258791062049319,0.5899581589958159,1.5781877792262915,0.0,239
492,train,blind,0.0,0,0.4870875290074779,0.0,0.0,0.0,0.0,0.01594937021676529,1.5988150241484702,1.5988150241484702,0.0,-0.18774765695301238,0.1626457758390457,0.5606694560669456,1.5988150241916712,0.0,239
493,train,blind,0.0,0,0.04253383616285562,0.0,0.0,0.0,0.0,0.01638498433542177,1.5792980174140452,1.5792980174140452,0.0,-0.18413690767574675,0.13662126472595626,0.5062761506276151,1.5792980136662635,0.0,239
494,train,blind,0.0,0,0.00484126768363289,0.0,0.0,0.0,0.0,0.015449354969643088,1.584767860847537,1.584767860847537,0.0,-0.19095787051559213,0.2124395382652304,0.5062761506276151,1.5847678652827712,0.0,239
495,train,blind,0.0,0,0.2364116824699286,0.0,0.0,0.0,0.0,0.016907040185634062,1.6155787182652301,1.6155787182652301,0.0,-0.1973967268571338,0.2583162705124781,0.4560669456066946,1.615578719938308,0.0,239
496,train,blind,0.0,0,0.4990500914879464,0.0,0.0,0.0,0.0,0.016096842594086253,1.5855545411548855,1.5855545411548855,0.0,-0.1922723822525475,0.2372177215941126,0.47280334728033474,1.5855545472764203,0.0,239
497,train,blind,0.0,0,0.3649142709313249,0.0,0.0,0.0,0.0,0.014982220385550953,1.5339254741888166,1.5339254741888166,0.0,-0.17694946316123844,0.1012492952313125,0.5899581589958159,1.5339254719041373,0.0,239
498,train,blind,0.0,0,0.026644077069207902,0.0,0.0,0.0,0.0,0.016279844672391852,1.5898451164177771,1.5898451164177771,0.0,-0.1855214793628333,0.14038992254963054,0.5648535564853556,1.5898451224736079,0.0,239
499,train,blind,0.0,0,0.1595777480052146,0.0,0.0,0.0,0.0,0.015880182775119357,1.605715867864537,1.605715867864537,0.0,-0.19328453559342473,0.2100952550520787,0.4769874476987448,1.6057158655605643,0.0,239
500,train,blind,0.0,0,0.5017308984838317,0.0,0.0,0.0,0.0,0.014228005369415967,1.486078653375474,1.486078653375474,0.0,-0.1767766665855709,0.1800943648179471,0.4393305439330544,1.4860786521083342,0.0,239
501,train,blind,0.0,0,0.019673136295750737,0.0,0.0,0.0,0.0,0.016000088534189317,1.611698662885562,1.611698662885562,0.0,-0.18462297098281827,0.10964717053918513,0.6234309623430963,1.6116986716096875,0.0,239
502,train,blind,0.0,0,0.5005976241194593,0.0,0.0,0.0,0.0,0.01606955513685443,1.5791642591045492,1.5791642591045492,0.0,-0.18666180709857724,0.15819460518116263,0.5188284518828452,1.5791642636253238,0.0,239
503,train,blind,0.0,0,0.4488243158769947,0.0,0.0,0.0,0.0,0.014701995803783629,1.5325440532492793,1.5325440532492793,0.0,-0.18421584541929628,0.19831449004421495,0.46443514644351463,1.5325440593818207,0.0,239
504,train,blind,0.0,0,0.15957777750304272,0.0,0.0,0.0,0.0,0.01631307351562705,1.6075554347936079,1.6075554347936079,0.0,-0.19100760621100246,0.19199382771002108,0.49372384937238495,1.607555432081032,0.0,239
505,train,blind,0.0,0,0.005378621699537879,0.0,0.0,0.0,0.0,0.01621960787196102,1.5992551787627791,1.5992551787627791,0.0,-0.18717346774678864,0.15133980236802277,0.497907949790795,1.5992551804723507,0.0,239
506,train,blind,0.0,0,6.514758795400435e-05,0.0,0.0,0.0,0.0,0.01577272379155189,1.5897965019716878,1.5897965019716878,0.0,-0.18800982954411866,0.16961927653639575,0.5104602510460251,1.5897964935955737,0.0,239
507,train,blind,0.0,0,0.15576158431569304,0.0,0.0,0.0,0.0,0.015893299132585526,1.5748934815618283,1.5748934815618283,0.0,-0.19209812264718718,0.23792990889937388,0.4686192468619247,1.5748934821766705,0.0,239
508,train,blind,0.0,0,0.5000638237883528,0.0,0.0,0.0,0.0,0.014202743994703353,1.4502343500508423,1.4502343500508423,0.0,-0.17910296353466693,0.25837561945458326,0.39330543933054396,1.4502343496461354,0.0,239
509,train,blind,0.0,0,0.33479187858415665,0.0,0.0,0.0,0.0,0.014736685256968607,1.5348998826916747,1.5348998826916747,0.0,-0.18096083832975207,0.1538918068785424,0.497907949790795,1.534899880509581,0.0,239
510,eval,blind,0.0,0,0.009418921166737213,0.0,0.0,0.0,0.0,0.009626459282585206,0.7938263240469051,0.7938263240469051,0.0,-0.08927277434863172,0.0,1.0,0.7938263241191112,0.0,239
511,eval,blind,0.0,0,0.11952208523755692,0.0,0.0,0.0,0.0,0.009959591618859868,0.817755003978019,0.817755003978019,0.0,-0.09701272028648282,0.0026410279236772608,0.99581589958159,0.8177550046049855,0.0,239
512,eval,blind,0.0,0,0.40235948536471244,0.0,0.0,0.0,0.0,0.011219929241298632,0.9054052724997868,0.9054052724997868,0.0,-0.10986995746366837,0.0,1.0,0.9054052693081548,0.0,239
513,eval,blind,0.0,0,0.49865054549941856,0.0,0.0,0.0,0.0,0.008835106192811326,0.7207613121016754,0.7207613121016754,0.0,-0.09284576027950665,0.05261283717617733,0.6861924686192469,0.7207613130513311,0.0,239
514,eval,blind,0.0,0,0.49941803140382607,0.0,0.0,0.0,0.0,0.008335112951594604,0.7303473458130489,0.7303473458130489,0.0,-0.09270951146802033,0.07549185435769608,0.6820083682008368,0.7303473474635757,0.0,239
515,eval,blind,0.0,0,0.39917434158470244,0.0,0.0,0.0,0.0,0.010455761017145347,0.8572214303156322,0.8572214303156322,0.0,-0.10267827498780066,0.0,1.0,0.857221427906905,0.0,239
516,eval,blind,0.0,0,0.472293708546508,0.0,0.0,0.0,0.0,0.008300361281970056,0.7348794736373374,0.7348794736373374,0.0,-0.08784337265070792,0.02136561915783851,0.803347280334728,0.7348794754127997,0.0,239
517,eval,blind,0.0,0,2.1493512025067902e-05,0.0,0.0,0.0,0.0,0.009974570021376201,0.8067644994129197,0.8067644994129197,0.0,-0.08955252249377259,0.0,1.0,0.8067644976924382,0.0,239
518,eval,blind,0.0,0,0.09659447261740192,0.0,0.0,0.0,0.0,0.009193154576986592,0.758195379663212,0.758195379663212,0.0,-0.08084050344521553,0.0,1.0,0.7581953798228684,0.0,239
519,eval,blind,0.0,0,0.04457110651652085,0.0,0.0,0.0,0.0,0.011108845710037393,0.8895575970286604,0.8895575970286604,0.0,-0.10045398437565614,0.0,1.0,0.8895575966260882,0.0,239
520,train,blind,0.0,0,0.32300136876191454,0.0,0.0,0.0,0.0,0.014850113369430956,1.5663835234223051,1.5663835234223051,0.0,-0.18335714780633375,0.1454049081575121,0.5313807531380753,1.566383521647199,0.0,239
521,train,blind,0.0,0,0.4926731121291847,0.0,0.0,0.0,0.0,0.01466348323246238,1.5269992930121004,1.5269992930121004,0.0,-0.1775591317474364,0.137303777560165,0.5355648535564853,1.526999293012624,0.0,239
522,train,blind,0.0,0,0.5017308978531066,0.0,0.0,0.0,0.0,0.014201088950708197,1.4324777507881739,1.4324777507881739,0.0,-0.18979540369291262,0.3913469242410754,0.20502092050209206,1.432477745137545,0.0,239
523,train,blind,0.0,0,7.168989468786756e-07,0.0,0.0,0.0,0.0,0.015584215104860492,1.5822707788714805,1.5822707788714805,0.0,-0.18751226760826342,0.1781951986705837,0.5690376569037657,1.582270773313093,0.0,239
524,train,blind,0.0,0,0.2573214347770065,0.0,0.0,0.0,0.0,0.015468481333856178,1.5416018371801496,1.5416018371801496,0.0,-0.18467263174632534,0.19448648327843554,0.4351464435146444,1.54160183548663,0.0,239
525,train,blind,0.0,0,0.48366004122113304,0.0,0.0,0.0,0.0,0.015635764331529578,1.617211235866387,1.617211235866387,0.0,-0.1901306092359069,0.1585506988337933,0.5439330543933054,1.6172112307764337,0.0,239
526,train,blind,0.0,0,0.10942615455924436,0.0,0.0,0.0,0.0,0.015339640088020882,1.593968769247063,1.593968769247063,0.0,-0.18369369813325975,0.11668002017864032,0.5857740585774058,1.593968770022675,0.0,239
527,train,blind,0.0,0,0.10291769171121948,0.0,0.0,0.0,0.0,0.015869996631245234,1.5984428140907607,1.5984428140907607,0.0,-0.18697268073054896,0.14801626161013678,0.5355648535564853,1.5984427982887432,0.0,239
528,train,blind,0.0,0,0.4392558533156307,0.0,0.0,0.0,0.0,0.014610168715027088,1.5271525028859223,1.5271525028859223,0.0,-0.18243824538576933,0.1879580996468738,0.4351464435146444,1.5271524928659506,0.0,239
529,train,blind,0.0,0,0.5017308978531066,0.0,0.0,0.0,0.0,0.015836618766656232,1.5840929746627808,1.5840929746627808,0.0,-0.18985118836280224,0.20024333066263095,0.497907949790795,1.584092975962069,0.0,239
530,train,blind,0.0,0,0.41756536128392996,0.0,0.0,0.0,0.0,0.015301412705986695,1.5123376295157556,1.5123376295157556,0.0,-0.18109254134376593,0.19051010415739336,0.46443514644351463,1.5123376402135138,0.0,239
531,train,blind,0.0,0,0.06794362143753681,0.0,0.0,0.0,0.0,0.015325527123826318,1.5495658561774377,1.5495658561774377,0.0,-0.17996578982268002,0.11979583963915842,0.5815899581589958,1.5495658411956408,0.0,239
532,train,blind,0.0,0,0.382569948058365,0.0,0.0,0.0,0.0,0.015099307726756923,1.5550299049920118,1.5550299049920118,0.0,-0.18126124459747273,0.14267485682067715,0.5313807531380753,1.555029902509855,0.0,239
533,train,blind,0.0,0,0.003041941807975517,0.0,0.0,0.0,0.0,0.01575149794861238,1.595338151045923,1.595338151045923,0.0,-0.18920225825273504,0.1762663580521677,0.5481171548117155,1.5953381624111218,0.0,239
534,train,blind,0.0,0,0.372095166128404,0.0,0.0,0.0,0.0,0.01446853866060284,1.464401852635659,1.464401852635659,0.0,-0.19100526162895365,0.36517404077272325,0.26359832635983266,1.4644018422630918,0.0,239
535,train,blind,0.0,0,0.0005835245887526782,0.0,0.0,0.0,0.0,0.015509761729624481,1.5887351978772855,1.5887351978772855,0.0,-0.19178008068241906,0.2214605774652067,0.47280334728033474,1.5887352058075592,0.0,239
536,train,blind,0.0,0,0.002674001892095833,0.0,0.0,0.0,0.0,0.015672164834708475,1.56578148034826,1.56578148034826,0.0,-0.1907915651436269,0.23294459776254486,0.4351464435146444,1.5657814842291213,0.0,239
537,train,blind,0.0,0,0.48366004122113304,0.0,0.0,0.0,0.0,0.014102249544612658,1.4685036966491445,1.4685036966491445,0.0,-0.18368950817142068,0.2947565209650138,0.3138075313807531,1.4685036972305694,0.0,239
538,train,blind,0.0,0,0.000463527011177035,0.0,0.0,0.0,0.0,0.015579146779216358,1.5824177070641618,1.5824177070641618,0.0,-0.19278847943791078,0.2350218107362236,0.42677824267782427,1.5824177071101568,0.0,239
539,train,blind,0.0,0,0.43151492035799666,0.0,0.0,0.0,0.0,0.01410067841901627,1.4879183245503254,1.4879183245503254,0.0,-0.17818467126474638,0.1978990474494792,0.4309623430962343,1.487918317166434,0.0,239
540,eval,blind,0.0,0,0.5005976241194593,0.0,0.0,0.0,0.0,0.009872048079118009,0.856769535706133,0.856769535706133,0.0,-0.09791048795484764,0.0,1.0,0.8567695334805397,0.0,239
541,eval,blind,0.0,0,0.0008817254575398053,0.0,0.0,0.0,0.0,0.010320900857573274,0.8923527067176468,0.8923527067176468,0.0,-0.09935706453404733,0.0,1.0,0.8923527024412103,0.0,239
542,eval,blind,0.0,0,0.4990500914879464,0.0,0.0,0.0,0.0,0.006295038925417578,0.5930779169792909,0.5930779169792909,0.0,-0.07237071572522887,0.005934894210510698,0.9707112970711297,0.5930779177491874,0.0,239
543,eval,blind,0.0,0,0.12999683991421615,0.0,0.0,0.0,0.0,0.010887056682648518,0.9315201670056108,0.9315201670056108,0.0,-0.10713297181954953,0.0,1.0,0.9315201646430693,0.0,239
544,eval,blind,0.0,0,0.023700630373153914,0.0,0.0,0.0,0.0,0.009597952495169315,0.8333556852829507,0.8333556852829507,0.0,-0.09116149914781822,0.0,1.0,0.8333556940998584,0.0,239
545,eval,blind,0.0,0,0.00014589538669387058,0.0,0.0,0.0,0.0,0.010297676139203325,0.89171374841714,0.89171374841714,0.0,-0.09881680852129067,0.0,1.0,0.8917137466702583,0.0,239
546,eval,blind,0.0,0,0.41462239765982967,0.0,0.0,0.0,0.0,0.008230883690477914,0.732317379453691,0.732317379453691,0.0,-0.08187908447860356,0.0,1.0,0.7323173780502076,0.0,239
547,eval,blind,0.0,0,0.009418925725383427,0.0,0.0,0.0,0.0,0.010042135589113108,0.8561935927329203,0.8561935927329203,0.0,-0.09442644550312672,0.0,1.0,0.8561935921880894,0.0,239
548,eval,blind,0.0,0,0.26150266818706364,0.0,0.0,0.0,0.0,0.00800427086076555,0.7080670386926898,0.7080670386926898,0.0,-0.08295291451859382,0.0,1.0,0.7080670416784403,0.0,239
549,eval,blind,0.0,0,0.06036288374898542,0.0,0.0,0.0,0.0,0.009987715388176705,0.8637087716717101,0.8637087716717101,0.0,-0.09298756510748547,0.0,1.0,0.8637087707890885,0.0,239
550,train,blind,0.0,0,0.3308880599050015,0.0,0.0,0.0,0.0,0.015394066945575645,1.5816514806268605,1.5816514806268605,0.0,-0.1867472578209257,0.15344668981275408,0.5230125523012552,1.5816514871252196,0.0,239
551,train,blind,0.0,0,0.23223904260317552,0.0,0.0,0.0,0.0,0.014929092627517473,1.5662623661332549,1.5662623661332549,0.0,-0.19263426461863828,0.2659722840440369,0.40585774058577406,1.566262363738279,0.0,239
552,train,blind,0.0,0,0.0007224776207325224,0.0,0.0,0.0,0.0,0.015453371123866681,1.5884222221174997,1.5884222221174997,0.0,-0.1893176264592974,0.19872993263895072,0.5271966527196653,1.5884222236798353,0.0,239
553,train,blind,0.0,0,0.2864649897415939,0.0,0.0,0.0,0.0,0.014776592351355937,1.5357893338762068,1.5357893338762068,0.0,-0.17961078298329977,0.14570165286803763,0.5606694560669456,1.5357893315798539,0.0,239
554,train,blind,0.0,0,0.48112744734638124,0.0,0.0,0.0,0.0,0.01535367977583321,1.564422773018043,1.564422773018043,0.0,-0.18707160825136174,0.1856434909047746,0.5062761506276151,1.564422779022471,0.0,239
555,train,blind,0.0,0,0.12646474479892483,0.0,0.0,0.0,0.0,0.015127510931264906,1.5534096916350362,1.5534096916350362,0.0,-0.18238747409550818,0.14905486809697616,0.5271966527196653,1.5534096909534305,0.0,239
556,train,blind,0.0,0,0.17909066453400735,0.0,0.0,0.0,0.0,0.014972562691251353,1.5165628950466172,1.5165628950466172,0.0,-0.1761460701038656,0.12225882073652038,0.5732217573221757,1.516562896756967,0.0,239
557,train,blind,0.0,0,0.0005835245887526782,0.0,0.0,0.0,0.0,0.015796662017968036,1.580096058266931,1.580096058266931,0.0,-0.1916915058478447,0.23558562568622218,0.4309623430962343,1.5800960538389188,0.0,239
558,train,blind,0.0,0,0.06536317144762423,0.0,0.0,0.0,0.0,0.01597557827113313,1.5810968030446744,1.5810968030446744,0.0,-0.19032302695452732,0.2246357458678299,0.4769874476987448,1.5810967977058574,0.0,239
559,train,blind,0.0,0,0.05794354536329254,0.0,0.0,0.0,0.0,0.015226448640601405,1.5626077646989702,1.5626077646989702,0.0,-0.18289545358972126,0.1438618356627793,0.5690376569037657,1.5626077502825266,0.0,239
560,train,blind,0.0,0,0.19920827428452043,0.0,0.0,0.0,0.0,0.015160626445402036,1.532493884842765,1.532493884842765,0.0,-0.18618077263672247,0.24873141636250337,0.4309623430962343,1.5324938823646943,0.0,239
561,train,blind,0.0,0,0.5016285056306393,0.0,0.0,0.0,0.0,0.014991377308871207,1.5568100343688263,1.5568100343688263,0.0,-0.18576913224105016,0.1837443247574112,0.48535564853556484,1.5568100312465547,0.0,239
562,train,blind,0.0,0,0.2864649582486312,0.0,0.0,0.0,0.0,0.015084034492452648,1.5054112927185441,1.5054112927185441,0.0,-0.18593411877615654,0.25401347220985787,0.39748953974895396,1.5054112958687327,0.0,239
563,train,blind,0.0,0,0.44414848793262934,0.0,0.0,0.0,0.0,0.015587747342510453,1.5765216166005473,1.5765216166005473,0.0,-0.1847711063033527,0.147867889254874,0.5062761506276151,1.5765216181102615,0.0,239
564,train,blind,0.0,0,0.10614912902745642,0.0,0.0,0.0,0.0,0.015435110608107998,1.561347181328171,1.561347181328171,0.0,-0.19125655007703196,0.25834594498353064,0.4309623430962343,1.5613471880556353,0.0,239
565,train,blind,0.0,0,0.24895398218523726,0.0,0.0,0.0,0.0,0.015423028757133245,1.5683086382295297,1.5683086382295297,0.0,-0.18236967030093454,0.13849075640226713,0.5774058577405857,1.5683086354665479,0.0,239
566,train,blind,0.0,0,0.025146201497458203,0.0,0.0,0.0,0.0,0.015641808636470942,1.5705580205099354,1.5705580205099354,0.0,-0.1855321246594703,0.1643372206890412,0.49372384937238495,1.5705580198535272,0.0,239
567,train,blind,0.0,0,0.2364117139628913,0.0,0.0,0.0,0.0,0.014522593752890202,1.5334562262730618,1.5334562262730618,0.0,-0.1825368016923247,0.18721623787055997,0.4686192468619247,1.5334562325228278,0.0,239
568,train,blind,0.0,0,0.007217877699358381,0.0,0.0,0.0,0.0,0.01611958558293192,1.5984003743367214,1.5984003743367214,0.0,-0.18964820436910368,0.1799756669337369,0.5230125523012552,1.5984003880041777,0.0,239
569,train,blind,0.0,0,0.32695747973790945,0.0,0.0,0.0,0.0,0.014924118860340268,1.5237158711485284,1.5237158711485284,0.0,-0.1810969998868707,0.1854654440784593,0.4602510460251046,1.5237158697411226,0.0,239
570,eval,blind,0.0,0,0.12646474479892483,0.0,0.0,0.0,0.0,0.007634078674641862,0.6554234956847075,0.6554234956847075,0.0,-0.07149576877472501,0.001157304371049586,0.9874476987447699,0.6554234974010168,0.0,239
571,eval,blind,0.0,0,0.48813355436147227,0.0,0.0,0.0,0.0,0.005755560882496706,0.5300670005536977,0.5300670005536977,0.0,-0.06318273203984902,0.0,1.0,0.5300669995306787,0.0,239
572,eval,blind,0.0,0,0.015004510717528821,0.0,0.0,0.0,0.0,0.008490079796871084,0.6953531246180314,0.6953531246180314,0.0,-0.07729874614378326,0.0,1.0,0.6953531241210459,0.0,239
573,eval,blind,0.0,0,0.16342433874363083,0.0,0.0,0.0,0.0,0.008143303409281136,0.686381471643388,0.686381471643388,0.0,-0.08538065024707649,0.001157304371049586,0.99581589958159,0.6863814712336769,0.0,239
574,eval,blind,0.0,0,0.48708752257839305,0.0,0.0,0.0,0.0,0.006673597700009318,0.6044000176455685,0.6044000176455685,0.0,-0.07759348134357884,0.0,1.0,0.6044000186617755,0.0,239
575,eval,blind,0.0,0,0.21150077816593815,0.0,0.0,0.0,0.0,0.009020267237585708,0.741957921113928,0.741957921113928,0.0,-0.08268664668709282,0.0,1.0,0.7419579222980217,0.0,239
576,eval,blind,0.0,0,0.017240600663365867,0.0,0.0,0.0,0.0,0.009157911850973402,0.7492904159314463,0.7492904159314463,0.0,-0.0826661712884523,0.0,1.0,0.7492904169752844,0.0,239
577,eval,blind,0.0,0,0.5003441035252276,0.0,0.0,0.0,0.0,0.006943416060825272,0.6076007495988862,0.6076007495988862,0.0,-0.07226489540021912,0.0,1.0,0.6076007474010011,0.0,239
578,eval,blind,0.0,0,0.44414846890925763,0.0,0.0,0.0,0.0,0.008984247498237626,0.7355022127408861,0.7355022127408861,0.0,-0.09209224004855236,0.0,1.0,0.7355022095192107,0.0,239
579,eval,blind,0.0,0,0.023700630373153914,0.0,0.0,0.0,0.0,0.007874270383303666,0.6607867892691281,0.6607867892691281,0.0,-0.07380384169541838,0.0,1.0,0.6607867887276903,0.0,239
580,train,blind,0.0,0,0.0005835234280700004,0.0,0.0,0.0,0.0,0.015678842300666053,1.5990907851622194,1.5990907851622194,0.0,-0.19367553264080234,0.2280779845099261,0.4602510460251046,1.5990907839917141,0.0,239
581,train,blind,0.0,0,0.5015085087071692,0.0,0.0,0.0,0.0,0.014281754902170417,1.488993125480588,1.488993125480588,0.0,-0.18038741271638234,0.22534793317309118,0.36401673640167365,1.4889931177718203,0.0,239
582,train,blind,0.0,0,0.08163405268523204,0.0,0.0,0.0,0.0,0.0153671313607169,1.56772075213149,1.56772075213149,0.0,-0.18227106408672844,0.1265912935101932,0.5774058577405857,1.5677207460350089,0.0,239
583,train,blind,0.0,0,0.0023364956484850357,0.0,0.0,0.0,0.0,0.015550136509659276,1.6026860318423315,1.6026860318423315,0.0,-0.19399573733223952,0.22481379269414525,0.4686192468619247,1.6026860383232366,0.0,239
584,train,blind,0.0,0,0.4982182329869342,0.0,0.0,0.0,0.0,0.013746718786438638,1.4130703841791992,1.4130703841791992,0.0,-0.18461495435300765,0.3552330929701178,0.3179916317991632,1.4130703816440102,0.0,239
585,train,blind,0.0,0,0.472293708546508,0.0,0.0,0.0,0.0,0.01506749304814194,1.5580138242394355,1.5580138242394355,0.0,-0.18357128241929985,0.15276417697854533,0.5564853556485355,1.558013817725518,0.0,239
586,train,blind,0.0,0,0.4288286963842077,0.0,0.0,0.0,0.0,0.015512611194821582,1.5727668958229002,1.5727668958229002,0.0,-0.18171547556645137,0.13202172171281046,0.5439330543933054,1.5727668900518545,0.0,239
587,train,blind,0.0,0,0.49008514884387816,0.0,0.0,0.0,0.0,0.014511725202857451,1.5537133802928684,1.5537133802928684,0.0,-0.18102782336447484,0.14403988248909463,0.5355648535564853,1.5537133809929202,0.0,239
588,train,blind,0.0,0,0.5008256455296923,0.0,0.0,0.0,0.0,0.01475942574410259,1.5517919143373498,1.5517919143373498,0.0,-0.18230492295557424,0.16086530757589246,0.5313807531380753,1.5517919093967867,0.0,239
589,train,blind,0.0,0,0.18307093769721308,0.0,0.0,0.0,0.0,0.01577886744406246,1.5849410544878269,1.5849410544878269,0.0,-0.19650252229110737,0.28063147274399836,0.301255230125523,1.584941050522471,0.0,239
590,train,blind,0.0,0,0.04666315660102996,0.0,0.0,0.0,0.0,0.015655195334669064,1.600564457632009,1.600564457632009,0.0,-0.19354951618334967,0.22321137125730733,0.4225941422594142,1.6005644503696947,0.0,239
591,train,blind,0.0,0,0.3269574497412977,0.0,0.0,0.0,0.0,0.014322422378575702,1.4333926636304815,1.4333926636304815,0.0,-0.19164526778769336,0.4003976379121042,0.301255230125523,1.4333926616410364,0.0,239
592,train,blind,0.0,0,0.42045798061068984,0.0,0.0,0.0,0.0,0.01468759764250851,1.4931667312418566,1.4931667312418566,0.0,-0.1826267586537757,0.23692097688358707,0.41841004184100417,1.4931667226281669,0.0,239
593,train,blind,0.0,0,0.501946137909228,0.0,0.0,0.0,0.0,0.014681624891587131,1.5312749197293525,1.5312749197293525,0.0,-0.18152624246217255,0.16979732336271106,0.4895397489539749,1.5312749180723493,0.0,239
594,train,blind,0.0,0,0.4023595106228796,0.0,0.0,0.0,0.0,0.014809906211872604,1.4635223591676816,1.4635223591676816,0.0,-0.18278855476818695,0.2712840143624439,0.38493723849372385,1.4635223573553557,0.0,239
595,train,blind,0.0,0,0.007910073110366154,0.0,0.0,0.0,0.0,0.014864760589353335,1.5822971196354183,1.5822971196354183,0.0,-0.190710322122347,0.21727647704679665,0.497907949790795,1.5822971208865357,0.0,239
596,train,blind,0.0,0,0.40235948536471244,0.0,0.0,0.0,0.0,0.015664865330999492,1.5735007604295739,1.5735007604295739,0.0,-0.18909794919787914,0.20597050357577376,0.49372384937238495,1.5735007639889467,0.0,239
597,train,blind,0.0,0,0.005378621699537879,0.0,0.0,0.0,0.0,0.015193228274739687,1.574250809318351,1.574250809318351,0.0,-0.19069136794241323,0.22881984628623997,0.5104602510460251,1.5742508209803228,0.0,239
598,train,blind,0.0,0,0.003041941807975517,0.0,0.0,0.0,0.0,0.01585705182807341,1.5728688387192442,1.5728688387192442,0.0,-0.18944591376604658,0.20769162289682183,0.48535564853556484,1.5728688271396367,0.0,239
599,train,blind,0.0,0,0.3859785423496817,0.0,0.0,0.0,0.0,0.01449991094540789,1.5081583291416887,1.5081583291416887,0.0,-0.18455020289005636,0.24528917772040715,0.4393305439330544,1.5081583313340978,0.0,239
600,eval,blind,0.0,0,0.11274785525415133,0.0,0.0,0.0,0.0,0.011141842010988227,0.8131366988106252,0.8131366988106252,0.0,-0.0961977140027607,0.0,1.0,0.8131367025919923,0.0,239
601,eval,blind,0.0,0,0.38597856810663256,0.0,0.0,0.0,0.0,0.009278338983125018,0.7422196373779903,0.7422196373779903,0.0,-0.09496924098894344,0.20080714561262936,0.6736401673640168,0.742219633809019,0.0,239
602,eval,blind,0.0,0,0.026644077069207902,0.0,0.0,0.0,0.0,0.010445226139727995,0.7740899187251614,0.7740899187251614,0.0,-0.08488329990496699,0.0,1.0,0.7740899232744858,0.0,239
603,eval,blind,0.0,0,0.501946137909228,0.0,0.0,0.0,0.0,0.006667419567618472,0.5084090361285908,0.5084090361285908,0.0,-0.0636942236927094,0.0,1.0,0.5084090389317274,0.0,239
604,eval,blind,0.0,0,0.4986505481252782,0.0,0.0,0.0,0.0,0.010048929461624832,0.7155478358518129,0.7155478358518129,0.0,-0.08358374375801764,0.0,1.0,0.7155478369832678,0.0,239
605,eval,blind,0.0,0,0.0008817254575398053,0.0,0.0,0.0,0.0,0.010820002961420614,0.8049408893206129,0.8049408893206129,0.0,-0.09146421289123957,0.0,1.0,0.8049408887512881,0.0,239
606,eval,blind,0.0,0,0.4367288618482977,0.0,0.0,0.0,0.0,0.007885423563440257,0.6089846200025232,0.6089846200025232,0.0,-0.06814223970383028,0.0006231638921036232,0.99581589958159,0.6089846230440299,0.0,239
607,eval,blind,0.0,0,0.40235948536471244,0.0,0.0,0.0,0.0,0.009274123287194692,0.7480052225135859,0.7480052225135859,0.0,-0.09285840560632826,0.025520045105196,0.8577405857740585,0.7480052241179034,0.0,239
608,eval,blind,0.0,0,0.00864344554228482,0.0,0.0,0.0,0.0,0.010895240175144193,0.7994226763437982,0.7994226763437982,0.0,-0.08905440729241865,0.0,1.0,0.799422678013001,0.0,239
609,eval,blind,0.0,0,0.007217873016016257,0.0,0.0,0.0,0.0,0.011125135403048544,0.8113828648084377,0.8113828648084377,0.0,-0.09444787332831993,0.0,1.0,0.8113828622961765,0.0,239
