episode,phase,arm,sigma,direct,A,load,load_frac,sat,clipped,x_std,q_cmd_abs,q_exec_abs,fit_gain,cond_psi,beta_cos,beta_relerr,pred_err,updates,skipped,bounded,diverged,resets,conf,trust_pol,trust_app,corr_frac,explained,corr_dark,resid_after,reward,v_out,cr,q_loss,destroy,steps
0,train,pact,3.0,0,0.14822527385418105,0.040230000437054415,0.06704999802693302,0.01692658812431112,0.0,0.014947303401298477,1.524293735186924,1.5317651400007464,0.7408743411720006,12552302022.646173,0.14308437374595817,0.33791545694343217,0.02300505229970562,119.0,0.0,0.0,0.0,0.0,0.975455725853912,0.7493723849372388,0.7408101119755701,0.3912267006769421,0.4281617685861001,0.0,0.024780375254724055,-0.19731452458067097,0.3608118935279979,0.26359832635983266,1.5317651232169645,0.0,239
1,eval,pact,3.0,0,0.034930997800481874,0.008969511402660429,0.014949184896870834,0.0,0.0,0.005732679815093936,0.4499848236848121,0.5139512839925838,0.5297054472578121,3696.8778765690377,0.4110342329017288,12.625070408298381,0.01981106184019413,357.0,0.0,96.25523012552301,0.0,0.0,0.9972729630550081,0.9000000000000004,0.8975456476710332,2.4947865273199765,-0.7836595548900329,0.0044233927750217455,0.01694624973140768,-0.08009027645593186,0.11890560550758184,0.6150627615062761,0.5139512841865269,0.0,239
2,eval,pact,3.0,0,0.22391452780090834,0.026139743001542197,0.043566236893148244,0.0,0.0,0.004421315699032504,0.4132987058811108,0.3993949052180206,0.46181521530430686,17295.65749419783,0.22914086771879547,19.268003966519025,0.015793053712190478,595.0,0.0,333.0,0.0,0.0,0.984843587027434,0.9000000000000004,0.8863592087973112,0.49197151795051414,0.43416252829458446,0.001625272648703281,0.016516348831482217,-0.0628132697882261,0.06905249413929199,0.8451882845188284,0.39939490418853335,0.0,239
3,eval,pact,3.0,0,0.36491424218167223,0.06628157776438487,0.11046928920633078,0.00741726883285714,0.0,0.006028623534483391,0.4831805004110895,0.5221485053520323,0.34995498031253097,74596.4955543933,0.08738621494198943,133.53547430237967,0.038042879312700555,833.0,0.0,571.0,0.0,0.0,0.9919325060924227,0.9000000000000004,0.8927392351078688,0.956376740970812,0.5430084612241955,0.01824128454305477,0.03490518801943029,-0.09355471825400312,0.3235407578859907,0.22594142259414227,0.522148504847553,0.0,239
4,eval,pact,3.0,0,0.1445073664815396,0.023615422787625906,0.03935903500398172,0.007227082382186187,0.0,0.005214793626102132,0.449376149032904,0.45574377564456175,0.07368511213067623,82642.48475091528,0.13318575963487062,113.22932090918889,0.025238312128151936,1071.0,0.0,809.0,0.0,0.0,0.9899988882711243,0.9000000000000004,0.8909989769987482,0.7421275711609139,0.16576616722027182,0.008101887416496414,0.023660328568477634,-0.08247725653276691,0.23614944063622068,0.5104602510460251,0.45574377701059837,0.0,239
5,eval,pact,3.0,0,0.3308880599050015,0.04582326020865831,0.07637209572258372,0.0,0.0,0.004476137352604653,0.4380227894089711,0.39465892265032526,0.164044611569042,87276.30043802301,0.03304491461611209,91.92741727629466,0.02067591905083398,1309.0,0.0,1047.0,0.0,0.0,0.9795485843425017,0.9000000000000004,0.881593708089206,0.6103304747817532,0.5822119468562965,0.0026725734490901233,0.022013814686349432,-0.0647257747177355,0.12700673610492896,0.7866108786610879,0.3946589198310366,0.0,239
6,eval,pact,3.0,0,0.4532820635336884,0.07679953733751067,0.12799922240561065,0.0038037277664599556,0.0,0.005640441974845157,0.4564469417393457,0.48076390047951223,0.20625261832926858,131244.5134675732,0.031465492822097374,42.38350920098596,0.04199977886812395,1547.0,0.0,1285.0,0.0,0.0,0.9895539952122516,0.9000000000000004,0.8905985746922354,0.7422730818812878,0.6659845845401144,0.055207810441001516,0.04036009938272971,-0.08256370813850362,0.28769399685450614,0.5606694560669456,0.4807639013598646,0.0,239
7,eval,pact,3.0,0,0.009418925725383427,0.0015421620949584173,0.002570270090362702,0.0,0.0,0.005736125678907316,0.4348721768878494,0.5087608404488743,0.343013704695961,121623.0859375,0.004052304655944765,54.35338613278696,0.02296242817445311,1785.0,0.0,1523.0,0.0,0.0,0.9931702588891385,0.9000000000000004,0.8938532060160298,0.45102336200839477,0.23753147050998957,0.021942940074950457,0.020013455785694044,-0.0693500401456452,0.033799222528858426,0.8661087866108786,0.5087608434891919,0.0,239
8,eval,pact,3.0,0,0.2364117139628913,0.025804661478470436,0.043007766240993395,0.0,0.0,0.004580443938336799,0.40592608005431907,0.4026456482739628,0.2920572369293189,133075.08255426254,0.02233737363639798,88.44318694749138,0.017865478637371073,2023.0,0.0,1761.0,0.0,0.0,0.9829106470531,0.9000000000000004,0.8846195547151765,0.5203486911605804,0.3756435983301891,0.0023469371774150587,0.017758685151732696,-0.05792720551794837,0.013828303510489926,0.9623430962343096,0.4026456503552314,0.0,239
9,eval,pact,3.0,0,0.5020820002946379,0.0695404402800271,0.11590072805467198,0.0005705591649689933,0.0,0.005230185006858165,0.4356080182676036,0.4516612831269348,-0.1277641682071167,60576.93007158734,0.024807319081111744,48.56106244171015,0.031550818678209844,2261.0,0.0,1999.0,0.0,0.0,0.9893969803674451,0.9000000000000004,0.8904572630527129,0.8086340127796078,0.6028698847316036,0.1698331981897354,0.030381856431646825,-0.07898195877727461,0.13899522241016057,0.5690376569037657,0.45166128171825215,0.0,239
10,eval,pact,3.0,0,0.000463527011177035,0.00016144523738053428,0.0002690753953094949,0.0,0.0,0.005321921527416886,0.42826732528633654,0.4812445484694078,0.08721177907544675,210131.61937761508,-0.00779114942997694,172.39317321777344,0.015306439605311618,2499.0,0.0,2237.0,0.0,0.0,0.9947850562039778,0.9000000000000004,0.895306525619459,26.6924012754373,-32.212750898552414,0.00939979831306551,0.013127966066939311,-0.07355232247776179,0.09887533754710821,0.6569037656903766,0.4812445473304903,0.0,239
11,train,pact,3.0,0,0.4510805060552793,0.09835779310893204,0.16392964422897932,0.02909851697698298,0.0,0.015764301516131254,1.5523027480895548,1.5689484110437177,0.5710887358199136,4609.487214283963,0.6059487243709019,5.068242530942462,0.06739745850608564,2737.0,0.0,2475.0,0.0,0.0,0.9789459800121675,0.9000000000000004,0.8810513655510906,0.9093703651124626,0.4129489945535282,0.033333684603172924,0.06336278898961001,-0.1924342617895146,0.24873141636250332,0.41841004184100417,1.5689484082300067,0.0,239
12,train,pact,3.0,0,0.3269574497412977,0.09181884770838969,0.15303139996240706,0.05686572886161725,0.0,0.016948412932362017,1.6007784672362035,1.6451337357445242,0.4570976263808406,1824.3510119067075,0.6500651843877018,4.23313139821695,0.07449174567640109,2975.0,0.0,2713.0,0.0,0.0,0.9928997617885159,0.9000000000000004,0.8936097547100179,0.7563528781842116,0.33169221562655804,0.02784816400461489,0.0725422035795578,-0.1965320085762146,0.21813703670732068,0.4309623430962343,1.6451337378370086,0.0,239
13,train,pact,3.0,0,0.5020920332959219,0.16013895060755526,0.2668982326983218,0.09014834613231436,0.0,0.016295827535530515,1.6397839121239954,1.6384260362661034,0.5215626251747418,1803.6739006521314,0.5142846466607129,4.692372853785878,0.08853721714122649,3213.0,0.0,2951.0,0.0,0.0,0.9929521662420807,0.9000000000000004,0.8936569301653108,0.7956427061240513,0.4471225344906853,nan,0.087468418015058,-0.1984563025003615,0.2706608504703404,0.3514644351464435,1.638426051493961,0.0,239
14,train,pact,3.0,0,0.001747928173575944,0.0008984222464110553,0.0014973703310491272,0.0,0.0,0.017723802034840547,1.7057022883802277,1.7496390452444803,0.3710470213301511,2955.3601584973194,0.21466989815235138,22.46845054626465,0.024861225997395892,3451.0,0.0,3189.0,0.0,0.0,0.9946888787477086,0.9000000000000004,0.8952199731910578,6.7653740957876805,-5.5621562330113505,0.01849551593424456,0.02220827679585268,-0.19964570344847407,0.11902430339179203,0.5355648535564853,1.7496390509607904,0.0,239
15,train,pact,3.0,0,0.04055126141090673,0.013434375359001667,0.022390624549360187,0.0,0.0,0.01766310701006439,1.7324614754281782,1.7358899181357985,0.03189195061996813,3055.4656313333553,0.03555007382523986,6.200367600598595,0.01888671826773857,3689.0,0.0,3427.0,0.0,0.0,0.9945401479509585,0.9000000000000004,0.8950861101369978,0.48773510893951794,0.14960267259796778,0.008786247438075696,0.018047639435726105,-0.1969090143641799,0.09457253924448795,0.5899581589958159,1.7358899131036865,0.0,239
16,train,pact,3.0,0,0.0023364956484850357,0.001387718024641221,0.0023128632736142928,0.0,0.0,0.0180723637373627,1.793146301014154,1.7941869651922122,-1.5924952041404516,3784.7491306959337,0.02877231128513813,6.573896884918213,0.003260241570402956,3927.0,0.0,3665.0,0.0,0.0,0.9958156359744371,0.9000000000000004,0.8962340467145752,0.17530375323096437,0.03055139983353994,0.0018883498075218986,0.003065418135078875,-0.20384974162538472,0.11356420071812219,0.5104602510460251,1.7941869623957902,0.0,239
17,train,pact,3.0,0,0.0038738029971952595,0.002143279122343096,0.0035721318068437737,0.0,0.0,0.018779759180330705,1.829299881867285,1.8295242307575177,-6.264696980121245,3994.5378642700707,0.029767574235859278,6.553348007062489,0.004577817170535872,4165.0,0.0,3903.0,0.0,0.0,0.9962652338099779,0.9000000000000004,0.8966386719727616,0.15149012511686627,0.06872294687282443,0.002591288266931965,0.004321690487809807,-0.2080798980487409,0.13214041959702064,0.4476987447698745,1.8295242385941408,0.0,239
18,train,pact,3.0,0,0.0007224766159197316,0.00033424565630427183,0.0005570760855091265,0.0,0.0,0.0194062950580564,1.8786703876870448,1.8868212166191645,-3.881733267875895,5524.496575902197,0.26664015650749207,1.6627150774002075,0.0033887012259621626,4403.0,0.0,4141.0,0.0,0.0,0.9974903591507149,0.9000000000000004,0.897741300291596,1.3892257188762132,-0.1496929089973451,0.002869040962929527,0.003056010821002251,-0.21302445973029127,0.12498887207335531,0.497907949790795,1.8868212156114592,0.0,239
19,train,pact,3.0,0,0.22807283978866633,0.07847252969375434,0.1307875364364313,0.04659566407921923,0.0009509319416149889,0.0185994867422466,1.7731104021790636,1.791248713327751,0.1403300328039911,6166.7222088291055,0.4324239235231068,6.744997242504582,0.0800896715061061,4641.0,0.0,4379.0,0.0,0.0,0.9955163288814752,0.9000000000000004,0.8959646746204488,0.6200803591167241,0.20066477761012314,0.029827292539179324,0.07730617675010629,-0.22446121529290108,0.335351197364907,0.3305439330543933,1.7912487116951306,0.0,239
20,train,pact,3.0,0,0.5008256455296923,0.17416615818359155,0.2902769053541294,0.10897679720463613,0.0001901863883229978,0.01665162415122886,1.714234540153248,1.62335982532182,0.3012160894199894,4527.579851350026,0.3820202064799792,4.491494266059109,0.09282713299266464,4879.0,0.0,4617.0,0.0,0.0,0.9926336342819565,0.9000000000000004,0.8933702432959648,0.6634627645859652,0.4695245559626158,0.005496962393140968,0.09347683300505778,-0.22816242634860182,0.558176800498531,0.11715481171548117,1.6233598196102903,0.0,239
21,train,pact,3.0,0,0.2740191620142929,0.09897938945977174,0.16496563687965382,0.0659946750023375,0.0,0.01905400034772801,1.7385832310720468,1.8130868304224692,0.321060692914859,4257.35456573614,0.3054465000599498,9.476152579155926,0.0828048551073259,5117.0,0.0,4855.0,0.0,0.0,0.9948409369301098,0.9000000000000004,0.8953568239591112,0.9353913911141786,0.3936813821502414,0.042911468171759656,0.07869541717724383,-0.20487273677861198,0.11041870678655154,0.5941422594142259,1.8130868359945327,0.0,239
22,train,pact,3.0,0,0.4288286963842077,0.1230499429649746,0.205083222665928,0.07930772255903508,0.0,0.015784997697607866,1.6708614482041682,1.6053437059394484,0.4393152901318283,2757.649736348555,0.4017119673256096,6.235848009336943,0.06170123727616141,5355.0,0.0,5093.0,0.0,0.0,0.9919123465047222,0.9000000000000004,0.8927211023274825,0.4735432497691472,0.516219775158753,0.006555068616519197,0.06788288878333447,-0.20180976151161797,0.3140746016202261,0.36401673640167365,1.6053437117412677,0.0,239
23,train,pact,3.0,0,0.49905009486198143,0.1451401962223682,0.24190030753063077,0.08063902702790424,0.0001901863883229978,0.01665914787766699,1.6543991121786907,1.6921736829949223,0.3762920340484156,2301.5037611957373,0.5514405159022518,2.804450387735247,0.10170883183839056,5593.0,0.0,5331.0,0.0,0.0,0.9925191375002202,0.9000000000000004,0.8932672055695347,0.7602424240258491,0.44894163561340017,0.1891467075632966,0.09880936068237202,-0.20503592787144692,0.27799044482032104,0.3179916317991632,1.692173688784023,0.0,239
24,train,pact,3.0,0,0.053267700141298224,0.017763986117216864,0.029606642027224305,0.0,0.0,0.01602685724085033,1.6111703871683096,1.644158882077269,0.4432872040002416,1941.5855620954824,0.5561889065858211,7.0123453449504645,0.031622829428624565,5831.0,0.0,5569.0,0.0,0.0,0.9906893664324133,0.9000000000000004,0.8916204100373399,1.5454683065261001,0.10685236425623956,0.019164832689884035,0.028087045459143006,-0.19733426743043928,0.23603074275201044,0.41841004184100417,1.6441588723597786,0.0,239
25,train,pact,3.0,0,0.023700630373153914,0.0051191220375292525,0.008531869462911413,0.0,0.0,0.01531408842902428,1.598312951032088,1.6003363631260445,0.44839148454087546,1071.9928639942632,0.5450008278361923,6.922181578859624,0.005456542788318429,6069.0,0.0,5807.0,0.0,0.0,0.989844774351958,0.9000000000000004,0.8908602812300167,0.18990715796227356,0.1683779958112106,0.0013394437068730742,0.005416912002546569,-0.19016791619804527,0.19042108074423572,0.48535564853556484,1.6003363675380338,0.0,239
26,train,pact,3.0,0,0.07879227929296571,0.017396018016043097,0.02899336111963501,0.0045644732574039925,0.0,0.015817807700921428,1.569529102187775,1.5772620836062412,0.14600872415228489,784.9720216376013,0.46005602000148726,1.0854759789909778,0.016957191576393103,6307.0,0.0,6045.0,0.0,0.0,0.9897144551556479,0.9000000000000004,0.8907429852745025,0.25347672316525777,0.2627374513644387,0.005317263601309934,0.016988903568657194,-0.1913113774081616,0.22558532894151162,0.42677824267782427,1.5772620933374373,0.0,239
27,train,pact,3.0,0,0.4982182329869342,0.0989778243255459,0.16496303176598562,0.0211106890415048,0.0,0.013989038880384492,1.461243801037138,1.4665578937929544,0.5853986799966341,830.63401711436,0.6912351708282487,1.1824328293361424,0.05000628000242192,6545.0,0.0,6283.0,0.0,0.0,0.9895373418241366,0.9000000000000004,0.8905835932268757,0.7473500398722195,0.5431878024895709,0.04091815419495106,0.051060458684192046,-0.19716897140092876,0.43226801982254665,0.21338912133891214,1.4665578947363658,0.0,239
28,train,pact,3.0,0,0.33866766505446294,0.07131779958390287,0.11886299480067015,0.020920502403789985,0.0,0.015574157697822758,1.5791007232965286,1.588080706706107,0.7071638052433604,881.5668000416775,0.7093409185130227,5.173988417102702,0.04763817752879035,6783.0,0.0,6521.0,0.0,0.0,0.9895105838276851,0.9000000000000004,0.8905595024759301,0.9523025113883641,0.5083791662973618,0.027378234746200696,0.045435450337905144,-0.2077656682755955,0.3987952164752662,0.2510460251046025,1.588080701595923,0.0,239
29,train,pact,3.0,0,0.4532820462560594,0.09177381445886446,0.15295634628407498,0.02909851710167889,0.0,0.01565556177503145,1.5788023993061178,1.5865231849658439,0.6076450370345654,821.2123640371666,0.6185051361512915,3.2294381191042176,0.06283436309366981,7021.0,0.0,6759.0,0.0,0.0,0.9901657097010433,0.9000000000000004,0.8911491076317791,0.7411145858472782,0.4096033195288371,0.030314109891225568,0.06273532900413709,-0.21351035406132277,0.43214932193833644,0.28870292887029286,1.586523191952273,0.0,239
30,eval,pact,3.0,0,0.372095166128404,0.05451111492133137,0.09085185187175275,0.014834538164497918,0.0,0.012190433113863029,1.0615535301144652,1.081891094790343,0.4949347441665298,2092.837599494966,0.20505527017256206,11.306989204684061,0.03827042407336719,7259.0,0.0,6997.0,0.0,0.0,0.9945127527584092,0.9000000000000004,0.8950614512714881,0.5743272869877724,0.3853921530609964,0.011482506791611067,0.038618543050855894,-0.15534314193294146,0.4327724858304401,0.35564853556485354,1.0818910944741256,0.0,239
31,eval,pact,3.0,0,0.3347918485875449,0.014074515717610167,0.02345752510978345,0.0,0.0,0.008291784940856396,0.8770582197101545,0.8854265023474913,0.545461533333966,9972.821738526412,0.15466270676841296,52.49580329930932,0.009015413135130379,7497.0,0.0,7235.0,0.0,0.0,0.983890931476609,0.9000000000000004,0.8855018099481591,0.897620276225781,0.4873280079049084,0.0038613854693437012,0.008790901384733337,-0.15994612934306912,0.6836107896376749,0.09623430962343096,0.8854265016340495,0.0,239
32,eval,pact,3.0,0,0.14822524460574474,0.006063066295358885,0.010105109795647679,0.0,0.0,0.01013041898865393,0.9659455578197496,0.9702751878415191,0.33138666816336343,26901.85800413507,0.13929701792894547,84.96110331563271,0.005723449149730159,7735.0,0.0,7473.0,0.0,0.0,0.9840997892692996,0.9000000000000004,0.8856897798043415,0.9182017563421707,0.31637010937480514,0.0023232672014273704,0.005055388106689808,-0.15992122025465152,0.6235793346983588,0.09205020920502092,0.9702751974098465,0.0,239
33,eval,pact,3.0,0,0.37562728849699706,0.02264619720376857,0.03774366007322798,0.0,0.0,0.010548708503520327,0.9950990204282385,0.9998000188103281,0.5091082633289832,63748.441863885986,0.18025209433613462,88.82037010751509,0.011632637469055108,7973.0,0.0,7711.0,0.0,0.0,0.981929870454836,0.9000000000000004,0.883736862423031,0.7039529417960143,0.5356372196542425,0.0027111653180327266,0.011826505973179158,-0.1485545390761783,0.4917059853408112,0.1799163179916318,0.9998000172862002,0.0,239
34,eval,pact,3.0,0,0.48599371905867245,0.04810422724206786,0.08017370863999379,0.0,0.0,0.011602664771626185,1.0874010326972068,1.1016092218115738,-0.01304865390389659,76562.49964042887,0.10566910583073873,59.56334556994578,0.01960524989712874,8211.0,0.0,7949.0,0.0,0.0,0.9843525273031769,0.9000000000000004,0.8859172469651849,0.6564246981256692,0.6132665962103825,0.003710725963706287,0.02081197958827315,-0.17212928528229154,0.6937891332087004,0.0,1.1016092222168503,0.0,239
35,eval,pact,3.0,0,0.2322390740961382,0.023501803107929202,0.03916966940494482,0.0,0.0,0.012541965614599039,1.090226251834606,1.083904838212863,-0.03775224828071309,60450.793933054396,0.13618904532997178,58.19199464710188,0.022274889891663232,8449.0,0.0,8187.0,0.0,0.0,0.9817260536189857,0.9000000000000004,0.8835534237044625,0.6345205826486887,0.538170322036333,0.017502741285434532,0.02085260807723586,-0.15683817571233874,0.405531321404196,0.0794979079497908,1.0839048354939451,0.0,239
36,eval,pact,3.0,0,0.47063660832414467,0.021011288611227894,0.035018812608929493,0.0,0.0,0.008674037565816209,0.8680389865172957,0.8677903221740882,0.42453422082517933,43513.55991762552,0.20579021164213604,48.91683600038664,0.010789056696293868,8687.0,0.0,8425.0,0.0,0.0,0.9818354625582196,0.9000000000000004,0.8836518977476463,0.9274592356922838,0.5428694233425686,0.004850609919790609,0.010002973778309714,-0.1476077498695343,0.5886524822695036,0.1297071129707113,0.8677903202879501,0.0,239
37,eval,pact,3.0,0,0.013958478934449634,0.0014869929307975652,0.0024783214559579107,0.0,0.0,0.012292218928431867,1.093165961518946,1.0904914659436278,0.3398651884689491,81771.43364278243,0.12434102310389904,51.89421387995636,0.0029846109741145286,8925.0,0.0,8663.0,0.0,0.0,0.9899614947111537,0.9000000000000004,0.8909653244407606,0.6697970423658497,0.09321049284660021,0.001752555958519224,0.0026196308933767376,-0.18193328869358527,0.7463722959138251,0.0,1.0904914646785222,0.0,239
38,eval,pact,3.0,0,0.08452667201199193,0.008487369895964887,0.014145615757994645,0.0,0.0,0.01235573477926177,1.0913312354097806,1.0912688406940285,0.11067763385538276,178161.98140036612,0.08351089715739424,64.31027823013241,0.009625181808062365,9163.0,0.0,8901.0,0.0,0.0,0.9871124172559842,0.9000000000000004,0.8884011462143774,0.5232705082320674,0.15977298457569378,0.0032590927340362856,0.009187172617564547,-0.17499070727266894,0.7222469509480991,0.012552301255230125,1.0912688435698135,0.0,239
39,eval,pact,3.0,0,0.001747928173575944,0.00019763100510819913,0.0003293849836896606,0.0,0.0,0.01235307918405589,1.089143842458725,1.0879635782171992,-1.9414227035317462,74860.77016867154,0.08505132049322128,73.96192932128906,0.0014604926874050598,9401.0,0.0,9139.0,0.0,0.0,0.9895179915752371,0.9000000000000004,0.8905661729589167,1.3186932362542139,-1.9860799678435517,0.0008486179675938646,0.0010212979034206998,-0.17029247153235208,0.6292471586693967,0.0,1.0879635717219758,0.0,239
40,train,pact,3.0,0,0.018431992074788867,0.003906009397720314,0.006510015136014795,0.0,0.0,0.01634512054948253,1.6212117961261063,1.621803219348317,-0.7983841567483407,2821.5502658987643,0.26583899497775415,5.892412082919516,0.0075928635974283135,9639.0,0.0,9377.0,0.0,0.0,0.9756275697233288,0.9000000000000004,0.8780647828613863,1.2242099591358175,-0.1584122125635159,0.0033398200009417322,0.006523855566826482,-0.21908200460246338,0.504881450488145,0.17154811715481172,1.621803217238331,0.0,239
41,train,pact,3.0,0,0.07326335892778778,0.01620260283711881,0.02700433579319674,0.0,0.0,0.015991026412882692,1.6374483158398871,1.6355774223056299,-3.265749353401082,1091.9887419505098,0.2752770121875667,4.804499129371164,0.012417855624011601,9877.0,0.0,9615.0,0.0,0.0,0.9899874770990476,0.9000000000000004,0.8909887023051912,0.2540374999367445,0.2648575511351029,0.000648278138247146,0.012800164155755338,-0.22195655928517324,0.5317665212617585,0.1506276150627615,1.6355774345861338,0.0,239
42,train,pact,3.0,0,0.47063660832414467,0.1067384286549161,0.17789737136721456,0.040129327375020944,0.0,0.016106645582500984,1.5554504150127266,1.5728318965584662,0.6943776381813831,1257.736209885346,0.7062908223982136,3.749363324258118,0.06040569915821986,10115.0,0.0,9853.0,0.0,0.0,0.9905000186864302,0.9000000000000004,0.8914500011061026,0.8226417304529948,0.5280082598296051,0.04124762520838816,0.0600195322536462,-0.20850587542930515,0.4252648446541441,0.2594142259414226,1.5728318976573343,0.0,239
43,train,pact,3.0,0,0.0023364927420596237,0.0005212159051564006,0.0008686931320412765,0.0,0.0,0.01575039311557634,1.6453104203714985,1.6474463485773638,0.486266867885031,1507.4124791612187,0.6800110340118408,8.780335426330566,0.006657331059606469,10353.0,0.0,10091.0,0.0,0.0,0.9904616385324231,0.9000000000000004,0.8914154541043557,4.059582957998855,-2.568564868159929,0.004707354375969195,0.00590574382741012,-0.24877188633640723,0.7022166829876259,0.07531380753138076,1.647446349191556,0.0,239
44,train,pact,3.0,0,0.19514417073502602,0.04869181351449351,0.08115301666720785,0.02529478945991484,0.0003803727766459956,0.016353992147129574,1.6209207331785098,1.6208697275636585,0.36735677712881415,1488.3697724282492,0.6522053440557364,4.0750225650216745,0.0476650216657606,10591.0,0.0,10329.0,0.0,0.0,0.9908672927812552,0.9000000000000004,0.891780539287184,0.6481373538319936,0.26709576062500673,0.019271476315929646,0.046117189960850395,-0.23612640457013892,0.6198106768746847,0.13807531380753138,1.620869714209156,0.0,239
45,train,pact,3.0,0,0.5003441035252276,0.12687384850172267,0.21145640131379342,0.048877901050834976,0.0,0.01734673549814703,1.67817673423799,1.6870408003300303,0.562103872643355,1444.2133196587342,0.5869375382507197,4.446684634336368,0.07667613957685157,10829.0,0.0,10567.0,0.0,0.0,0.991651653245902,0.9000000000000004,0.8924864640295755,0.7615897398353147,0.43516372092237987,0.05652980310352225,0.07594128077553593,-0.2501670866470255,0.6681503902192943,0.11715481171548117,1.687040800001004,0.0,239
46,train,pact,3.0,0,0.382569948058365,0.09249705817170427,0.15416175410723268,0.046595664390959,0.0,0.01631331125812052,1.6304782259913169,1.6332127923247206,0.5352682386482112,1866.5965254396574,0.5708101714754703,8.28219952767863,0.05270565916281427,11067.0,0.0,10805.0,0.0,0.0,0.9905321226459168,0.9000000000000004,0.8914788936471341,0.49528987294558685,0.5319652747283421,0.023424796678862252,0.05665370362087944,-0.2210771818102994,0.4962165049407994,0.18828451882845187,1.6332127881646137,0.0,239
47,train,pact,3.0,0,0.0,0.0,0.0,0.0,0.0,0.019767413691927988,1.6861875851949055,1.9937723278999329,0.7350703577200571,1485.2364095052083,0.8031461834907532,0.7616553902626038,0.2681933455169201,11188.5,0.0,10926.5,0.0,0.0,0.9910571277141571,0.9,0.8919513722260793,nan,nan,0.20521967485547066,0.2052196729928255,-33.69566160716624,0.933806146572104,0.0,1.9937723576881254,0.16666666666666666,6
48,train,pact,3.0,0,0.0002749838577568819,8.935091356616799e-05,0.00014891819281344766,0.0,0.0,0.016006411896886064,1.6522788844347998,1.6614514502022555,0.38025718952322607,1294.1051025390625,0.8031461834907532,0.7616553902626038,0.030759649201214437,11310.0,0.0,11048.0,0.0,0.0,0.9913220016527375,0.9000000000000004,0.8921897705628782,66.58670008250841,-72.84408167964872,0.022567001051690398,0.02748376002696452,-0.22921061003288293,0.5810854921511024,0.16736401673640167,1.661451439008796,0.0,239
49,train,pact,3.0,0,0.012959528787482421,0.0037507723314226943,0.00625128694935552,0.0,0.0,0.01587972341876898,1.6362942497101787,1.6375885094558844,0.27255920903702663,1158.1368382665403,0.7678333094429272,0.8060575875777081,0.004091879481778633,11548.0,0.0,11286.0,0.0,0.0,0.9905072869616074,0.9000000000000004,0.8914565513822325,0.17377863560412649,0.15203934162272525,0.0009732309005826142,0.004050892267251854,-0.21565664751979258,0.44413780824356797,0.2301255230125523,1.6375885130734809,0.0,239
50,train,pact,3.0,0,0.0020282095075691135,0.000466689425935846,0.0007778157034187937,0.0,0.0,0.015796020412700694,1.6175192202983042,1.617735653990981,-0.14297204272856617,1158.8854359902098,0.150575652718544,1.7969043254852295,0.003781168657076393,11786.0,0.0,11524.0,0.0,0.0,0.9903771615427408,0.9000000000000004,0.8913394187783596,2.0454448233596567,-0.4948190163273205,0.003011139097570901,0.003371627900808383,-0.22465655697091802,0.542033888245942,0.1799163179916318,1.6177356521474897,0.0,239
51,train,pact,3.0,0,0.21562707504729067,0.04848171928422888,0.08080286060385143,0.011030810210994097,0.0,0.01577755101960324,1.6164516801614641,1.6151323335938872,-1.284239718713895,1140.1138116684917,0.22094292061941145,1.688209944938516,0.029794433862962745,12024.0,0.0,11762.0,0.0,0.0,0.9907824771174826,0.9000000000000004,0.8917042036934377,0.3616938302649236,0.3948694006907797,0.0007670429508976895,0.03173206481916781,-0.20631143258435136,0.35873468055431906,0.2510460251046025,1.6151323258594297,0.0,239
52,train,pact,3.0,0,0.06794360041903054,0.01822258813613132,0.030370978927315277,0.0003803727766459956,0.0,0.01616542040132703,1.6579135012925919,1.6628116424113637,0.4660429461979966,1058.8833240205772,0.588374516953983,7.692189583718528,0.02861419630458064,12262.0,0.0,12000.0,0.0,0.0,0.9909885919742505,0.9000000000000004,0.8918897100572307,1.62822157864933,0.09357855802990889,0.015213900481124738,0.025113548924435306,-0.2125104777571019,0.37748894625953294,0.33472803347280333,1.6628116392378223,0.0,239
53,train,pact,3.0,0,2.149352706407653e-05,8.893919105324446e-06,1.4823197344416425e-05,0.0,0.0,0.016020247714679733,1.6630185643000583,1.6637857598739687,0.2240145364464514,997.8731561764514,0.5625501275062561,8.921954154968262,0.001294522705343849,12500.0,0.0,12238.0,0.0,0.0,0.9903535733163107,0.9000000000000004,0.8913181912948895,1.8516041651762445,-1.8771870245616102,0.001158689397592791,0.001163169879645424,-0.20617900239634654,0.31009822249918395,0.39748953974895396,1.6637857624555785,0.0,239
54,train,pact,3.0,0,0.48599371905867245,0.122625124898009,0.20437519494038628,0.05838722009289714,0.0,0.014929717118271225,1.6563865779334033,1.6287080957300992,0.332086689557849,1081.3290862398667,0.6227427233462554,3.1732148171468757,0.05220713433664059,12738.0,0.0,12476.0,0.0,0.0,0.9906134059239631,0.9000000000000004,0.8915520350304608,0.6401436174278918,0.5755536752745366,0.0008358280554647335,0.05500851259667915,-0.19429064463124843,0.22217276477046796,0.4225941422594142,1.628708092160751,0.0,239
55,train,pact,3.0,0,0.43151489933949033,0.1055258410813538,0.1758763928663326,0.02073031607781494,0.0,0.014366476636800806,1.5037421728776588,1.5307114505867578,0.6178214395395383,1864.3185999403438,0.6202879289952282,5.0548765457324905,0.062275816859856684,12976.0,0.0,12714.0,0.0,0.0,0.9915432491063074,0.9000000000000004,0.8923889084341137,0.9996047187214686,0.5494195845777292,0.04504576135160668,0.05914372451813837,-0.242428192630933,0.6645004302798304,0.1506276150627615,1.5307114433333118,0.0,239
56,train,pact,3.0,0,0.15197705929011698,0.047025196001893345,0.0783753216045583,0.01578546973202518,0.0,0.01613859003448711,1.7667501710947588,1.726191033878087,0.46475239727786394,1836.2575448646705,0.39589532748425854,7.855275042635626,0.03605360139446785,13214.0,0.0,12952.0,0.0,0.0,0.9913004462190252,0.9000000000000004,0.8921703825934661,0.3156716603285815,0.3423014416263487,0.007610347464732412,0.03715792003089648,-0.19656010652555694,0.10929107688655448,0.6359832635983264,1.7261910330021728,0.0,239
57,train,pact,3.0,0,0.4977520082539135,0.1739405927469744,0.2899009674079044,0.11620388070908551,0.0,0.016369089756987084,1.733690051354125,1.7356893125937074,0.5326222720006519,2580.859505753138,0.5023792495787394,7.266359492575274,0.09045191662908224,13452.0,0.0,13190.0,0.0,0.0,0.993923579299799,0.9000000000000004,0.8945312023661626,0.923647409674398,0.540178370658692,0.08609913919980709,0.08937694889855684,-0.2413790986058516,0.626902875456245,0.058577405857740586,1.7356893132592925,0.0,239
58,train,pact,3.0,0,0.15957777750304272,0.055271053661713594,0.09211841601319222,0.025294789148175068,0.0,0.01666676161117135,1.8318525891922508,1.7710013708808932,0.39321761500386515,3552.881655130426,0.2947763037170326,17.389132578003856,0.052022960998515395,13690.0,0.0,13428.0,0.0,0.0,0.9935854947716621,0.9000000000000004,0.8942269288845142,0.3337545219831896,0.34185244831638817,0.023591147676687425,0.05226013254935397,-0.2082987597643586,0.22760319297308518,0.36401673640167365,1.771001375134363,0.0,239
59,train,pact,3.0,0,0.14450739523119227,0.05289703686752979,0.08816172178992007,0.02244199357272192,0.0,0.01773039705536979,1.8828066068713136,1.865175624771597,0.12351966100631898,3679.459670828975,0.38647237543608975,1.903779585989948,0.06735668131481529,13928.0,0.0,13666.0,0.0,0.0,0.9944122458601596,0.9000000000000004,0.8949710010983455,0.32803125737727645,0.3380428300974856,0.04744866177159017,0.06572808579845689,-0.2112902444878414,0.12774859788124276,0.45188284518828453,1.8651756338485264,0.0,239
60,eval,pact,3.0,0,0.25732146626996916,0.11146785600059622,0.18577974692341886,0.07683529807683315,0.0,0.01593323106289097,1.839021135074823,1.7499172206204308,0.1473701023749976,17398.239902384612,0.2717361819723847,10.89635178833327,0.07866507118069041,14166.0,0.0,13904.0,0.0,0.0,0.997939512570034,0.9000000000000004,0.8981455325082754,0.5414212482016147,0.5463773282098048,0.051170508835022735,0.08131572030285943,-0.21071678266894922,0.17018309148639424,0.05439330543933055,1.7499172207536655,0.0,239
61,eval,pact,3.0,0,0.00027498420791614755,0.0001746604690524539,0.00029110075341134284,0.0,0.0,0.017357221976016107,1.7347153285557255,1.8549881200910114,0.3481549941096845,110785.11976987448,0.1435447782278061,34.5799560546875,0.04271549425988018,14404.0,0.0,14142.0,0.0,0.0,0.9975005286009242,0.9000000000000004,0.897750455215885,2.27864880624623,-1.0775105954603927,0.03843356263274774,0.037151214793308886,-0.21048897939526462,0.08958722810765898,0.3598326359832636,1.85498813146384,0.0,239
62,eval,pact,3.0,0,0.08746965989669216,0.04303763839050277,0.07172939393907556,0.005895778038012931,0.0007607455532919912,0.016035122968349996,1.833139204579916,1.7593680243611836,-0.0354906430586814,406662.31720711297,0.10022927881471781,51.68109566596761,0.03127953847461072,14642.0,0.0,14380.0,0.0,0.0,0.9931976462258455,0.9000000000000004,0.8938778559034339,0.48110672754478767,0.3952604598197522,0.005427656470986506,0.030479804143138136,-0.2117110801423206,0.2083741357310306,0.2510460251046025,1.7593680147215305,0.0,239
63,eval,pact,3.0,0,0.03862335179426082,0.02263953723951056,0.03773256038698206,0.003613541315789003,0.0001901863883229978,0.01689870999619427,1.777288720198755,1.8221190898488255,-0.12004901024524636,319534.0855452406,-0.10698942509801303,127.43623198824447,0.03203706284712174,14880.0,0.0,14618.0,0.0,0.0,0.997597790412823,0.9000000000000004,0.8978379885023109,1.0613585297594914,0.29678199026721963,0.018936768357382446,0.02848735840983346,-0.21009632348119092,0.18018338823110477,0.45188284518828453,1.8221190919230963,0.0,239
64,eval,pact,3.0,0,0.3959428790102983,0.1743786927482121,0.2906311298729063,0.16222898587272755,0.0015214911065839823,0.016448717829323212,1.8703442682282196,1.751496624497689,0.28450894571848556,154606.17596103557,0.06829857487587315,176.393806034551,0.1061091804993826,15118.0,0.0,14856.0,0.0,0.0,0.9895395988200998,0.9000000000000004,0.8905856176649676,0.7331120791757105,0.4916488446349738,0.04577027929083603,0.10299551802605515,-0.224902010950825,0.4624766313540461,0.2928870292887029,1.7514966323683134,0.0,239
65,eval,pact,3.0,0,0.40235948536471244,0.18224113890381236,0.3037352032457633,0.1728794235564675,0.0001901863883229978,0.016314200199672866,1.847173550637696,1.7467032152239748,0.37193132400762086,110534.99656773012,0.006082308908513354,184.34160178276287,0.09657148859428562,15356.0,0.0,15094.0,0.0,0.0,0.9943277516624419,0.9000000000000004,0.8948949501853608,0.7915119663915133,0.5794682104035578,0.053543232125230135,0.0948488119459676,-0.24193434708906494,0.566426303451141,0.23430962343096234,1.7467032214299756,0.0,239
66,eval,pact,3.0,0,0.4653420398303694,0.21725380060878055,0.3620896335071022,0.18847470802243285,0.0,0.01598548644639271,1.838317138879369,1.707561621107317,0.4132800280549037,104737.5840415795,0.051694023729765705,160.04965626545032,0.09932389832783693,15594.0,0.0,15332.0,0.0,0.0,0.9946000376505831,0.9000000000000004,0.8951400089463429,0.7988766697794979,0.6174714312337266,0.0633795211260969,0.10014770718517413,-0.250936067297449,0.647971749903558,0.22594142259414227,1.707561624740234,0.0,239
67,eval,pact,3.0,0,0.0,0.0,0.0,0.0,0.0,0.016872444864222194,1.7675784527008505,1.8246431245963444,0.21132748787560224,227637.4922201883,0.11345268040895462,354.05804443359375,0.020231391791308836,15832.0,0.0,15570.0,0.0,0.0,0.9986421074328562,0.9000000000000004,0.8987778836713176,nan,nan,0.01587055004143378,0.01587054991089275,-0.20230378733235646,0.024065996023620886,0.4686192468619247,1.8246431291990337,0.0,239
68,eval,pact,3.0,0,0.3347918485875449,0.13631230674687214,0.22718715700420752,0.09243058304158215,0.0024724230481989714,0.01633722034563548,1.819261935964289,1.7196261341601735,0.2850031867943837,141420.4543671548,0.004373194675753283,150.03889578855188,0.09341592626903346,16070.0,0.0,15808.0,0.0,0.0,0.9896773114862801,0.9000000000000004,0.8907095627181201,0.7349314013853623,0.45080786576404663,0.0402783914610292,0.09007392110201728,-0.242625199301667,0.553339861716965,0.29707112970711297,1.7196261392093455,0.0,239
69,eval,pact,3.0,0,0.4948741555965635,0.22999155404740043,0.383319228354556,0.18448079299477851,0.0,0.01537147383926491,1.879815317098067,1.701889205427848,0.3311174251295034,152012.93004707113,0.05127489859473046,106.88025389156581,0.09822524698240737,16308.0,0.0,16046.0,0.0,0.0,0.9964584102191686,0.9000000000000004,0.8968125556802151,0.7495896859949739,0.6173117417129812,0.07078293819100626,0.10237814764254512,-0.1840012042664985,0.011513694768390753,0.9372384937238494,1.7018892068513383,0.0,239
70,train,pact,3.0,0,0.497250765612289,0.20838642911309674,0.347310686119816,0.1582350715932487,0.0001901863883229978,0.017558740576627863,1.8607005609129263,1.7911244912626354,-0.049745658643214445,11719.613826735747,0.2520755209246939,14.060522060513994,0.1219748541650413,16546.0,0.0,16284.0,0.0,0.0,0.9918680984106024,0.9000000000000004,0.8926812697155206,0.8488926989017551,0.47775968573833705,0.10446216717914299,0.11705935135421394,-0.2531392898821746,0.6599008872666845,0.04602510460251046,1.7911244897696537,0.0,239
71,train,pact,3.0,0,0.4955261374568512,0.20430292001159514,0.340504838970058,0.1654621534143033,0.0,0.017867004779405175,1.969560522913434,1.8416265094629392,0.2690023442566644,5005.4892578125,0.2541357967768753,8.080171956178035,0.0976019726762213,16784.0,0.0,16522.0,0.0,0.0,0.9945828099131085,0.9000000000000004,0.8951245070002568,0.6948394610236335,0.5678578990950547,0.0662954938908418,0.10071314043252413,-0.22043383669372582,0.28707083296240243,0.2510460251046025,1.8416265022501934,0.0,239
72,train,pact,3.0,0,0.382569948058365,0.14562985827495703,0.24271640943854786,0.11791555770520884,0.0,0.01780522207507404,1.906977709865969,1.8122036082974038,0.23269676800552272,5848.075599830021,0.24445423262513333,6.827141865027999,0.11141299831030196,17022.0,0.0,16760.0,0.0,0.0,0.9958642065275664,0.9000000000000004,0.8962777648510794,0.5619645022910384,0.5436902347821664,0.11193708382373632,0.11347509514556021,-0.2461691360471327,0.5870203863616132,0.07112970711297072,1.8122036034655908,0.0,239
73,train,pact,3.0,0,0.4934485877536371,0.23125987725570935,0.3854330954007112,0.1879041475481568,0.0,0.018904958676281832,1.8770162311059162,1.8943048935056233,0.2499382514896253,5955.962398257714,0.23180289030324466,8.822013993143537,0.10007549866753393,17260.0,0.0,16998.0,0.0,0.0,0.9969741881641883,0.9000000000000004,0.897276742687784,0.9819557183672685,0.6424518843384013,0.11312321483185797,0.09932107870392969,-0.2568521199138137,0.5924804890352829,0.11715481171548117,1.8943048946151735,0.0,239
74,train,pact,3.0,0,0.06036286422683006,0.030313485878079867,0.05052247321319369,0.0062761507523109725,0.0,0.019350272231193642,1.889148315126427,1.9253804142505055,0.3524792963740217,5886.6534449365845,0.17407600718811467,17.047561344242496,0.04094591921645462,17498.0,0.0,17236.0,0.0,0.0,0.996035012241188,0.9000000000000004,0.8964314854793469,0.9179422356347074,0.2528759803517765,0.022672702566413693,0.03821973848715814,-0.21313794741451592,0.06730170034719132,0.6150627615062761,1.9253804041529432,0.0,239
75,train,pact,3.0,0,0.06794362143753681,0.02845600730220536,0.04742667673481531,0.0024724229858510164,0.0,0.017617479142066576,1.899813867513106,1.8505886344231322,0.29402077169971985,4582.340794774777,0.18309558659916642,15.583068566841062,0.02320341454993224,17736.0,0.0,17474.0,0.0,0.0,0.9952548522829511,0.9000000000000004,0.8957293559816591,0.2581365724758786,0.2631010719087473,0.0028253568326095666,0.023702664977372098,-0.21099996709197294,0.1362058221312205,0.49372384937238495,1.850588628739626,0.0,239
76,train,pact,3.0,0,0.09350418227249328,0.03453314885783017,0.05755524548885089,0.005895778038012931,0.0,0.0177283077909919,1.8683963098785368,1.8494445182788322,-0.0067715111814992636,3765.391141883499,0.15787049297975944,2.402162394264253,0.043740567604126604,17974.0,0.0,17712.0,0.0,0.0,0.9949322290500338,0.9000000000000004,0.8954389898348054,0.28661763887835345,0.2904788039138565,0.02559863766134711,0.042728909501751344,-0.20823115703314682,0.10062613133920888,0.5104602510460251,1.849444509263044,0.0,239
77,train,pact,3.0,0,0.05101152724064263,0.017995197456364156,0.029991994535262603,0.0,0.0,0.01763349898143917,1.8194571279581622,1.8398318560053615,0.010959032740323145,3480.5815593128923,0.2303330029777902,1.7853446325996432,0.037610201487535896,18212.0,0.0,17950.0,0.0,0.0,0.9938699238968693,0.9000000000000004,0.894482916369099,0.24213049096277542,0.21575293133186868,0.028429102940526974,0.035523186369349,-0.2073299218255093,0.10285171666815039,0.5313807531380753,1.8398318455039127,0.0,239
78,train,pact,3.0,0,0.4948741555965635,0.16758198124431703,0.27930328580756036,0.07702548621089887,0.0,0.01605765108276299,1.754916922317888,1.6960531343476044,0.38024463529492025,3163.1905716772358,0.44528832233600535,6.258022712364356,0.09623177855365196,18450.0,0.0,18188.0,0.0,0.0,0.992858093902157,0.9000000000000004,0.8935722678775069,0.8261211093362998,0.4978855967826863,0.08324714738034433,0.09568735546818213,-0.23687623208690417,0.5837858690168848,0.08786610878661087,1.6960531405662538,0.0,239
79,train,pact,3.0,0,0.49775201144090475,0.1577729324207094,0.26295486695579934,0.09376188719871154,0.0,0.01595381290990875,1.7967591949087804,1.727709507842443,0.40784463473443705,2887.3523470188284,0.4073914805092073,5.397937517784629,0.08214718662397195,18688.0,0.0,18426.0,0.0,0.0,0.9922614893155118,0.9000000000000004,0.8930353223030537,0.6860091662783249,0.516666670057129,0.048456315273562305,0.0832273096058549,-0.21256832083106514,0.3231549897623074,0.26778242677824265,1.7277095115470293,0.0,239
80,train,pact,3.0,0,0.00014589538669387058,8.12431065253397e-05,0.00013540517392201265,0.0,0.0,0.017824684900999317,1.7560614963455679,1.8043440749954478,0.3527441840291522,2826.3144480174556,0.49026548862457275,6.642950534820557,0.037915487482678145,18926.0,0.0,18664.0,0.0,0.0,0.992609148993153,0.9000000000000004,0.8933482117732698,66.43763657322077,-75.52721352716223,0.029390700116226433,0.033726090959260616,-0.21356588420483966,0.2338941808362266,0.36401673640167365,1.8043440799959745,0.0,239
81,train,pact,3.0,0,0.3859785423496817,0.10689918813246953,0.1781652981842237,0.07683529907440041,0.0,0.017463526969081936,1.7796579005827964,1.7569543996116606,0.39929194043869753,2211.5050248022358,0.4113264199573777,6.702633659709947,0.08755066357241266,19164.0,0.0,18902.0,0.0,0.0,0.9918746040455966,0.9000000000000004,0.8926871311714459,0.6602356345644234,0.3203275862617816,0.03756671911379432,0.0857876418382475,-0.21857936075452164,0.32757648594913796,0.3682008368200837,1.7569543900162148,0.0,239
82,train,pact,3.0,0,0.3720951933817057,0.10385816811410288,0.1730969287235281,0.08615443141639981,0.0,0.016834642856954657,1.769907513672338,1.7337759149623218,0.3960169737059701,2197.1828449839827,0.4257377561914372,6.328914768027461,0.05820925480751399,19402.0,0.0,19140.0,0.0,0.0,0.9923927848807937,0.9000000000000004,0.8931534846457477,0.43901406086332634,0.47145169463320014,0.00798620485106818,0.0625999213586499,-0.21311828155212745,0.27615062761506276,0.37656903765690375,1.7337759249481663,0.0,239
83,train,pact,3.0,0,0.0043400218550171355,0.0023177114817524275,0.0038628522259189072,0.0,0.0,0.01750072215344741,1.7603645935716987,1.7904265724964221,0.3080158963113649,2919.050196946914,0.5198503515710392,11.590936477713006,0.04311304642023932,19640.0,0.0,19378.0,0.0,0.0,0.9937029730325962,0.9000000000000004,0.8943326483211756,7.954772795349843,-7.550159346103147,0.023427578812998506,0.037020509465642386,-0.22884495656740628,0.37374996290691115,0.36401673640167365,1.7904265754429556,0.0,239
84,train,pact,3.0,0,0.026644077069207902,0.0064695492707782035,0.010782581375998657,0.0,0.0,0.017496783796806963,1.7658433442834032,1.7654745588741543,0.14156994216970195,2561.2919789078846,0.4902806896794291,10.565753788130055,0.0071460642225913236,19878.0,0.0,19616.0,0.0,0.0,0.992978444658064,0.9000000000000004,0.8936805827348302,0.19578973297278618,0.1436993649931707,0.0018165651314790776,0.0070673934722922755,-0.22255695682056306,0.3630968277990445,0.3054393305439331,1.7654745589364726,0.0,239
85,train,pact,3.0,0,0.4881335476829956,0.13988462489258868,0.23314102397801523,0.07227082531821279,0.0,0.01665974220175249,1.706351713655384,1.687977518496653,0.5672020785292322,2275.6503911357545,0.4488836804942606,6.729024139158895,0.09168233764922894,20116.0,0.0,19854.0,0.0,0.0,0.9931730665422384,0.9000000000000004,0.8938557336021168,0.7378209445096574,0.41900188151029794,0.05727015832104744,0.08997021004300425,-0.23088026478563178,0.512062672482863,0.13389121338912133,1.6879775260177072,0.0,239
86,train,pact,3.0,0,0.025146201497458203,0.007831503875749907,0.013052506333365101,0.0,0.0,0.01719758046058369,1.715073811459242,1.7172487315772467,0.40647573027151895,2448.8853060032034,0.26377046058367487,17.601022517331973,0.01540812241923255,20354.0,0.0,20092.0,0.0,0.0,0.9934073132949893,0.9000000000000004,0.8940665637100093,0.16816859946951754,0.1375144106441505,0.00970985182391538,0.014611435180386746,-0.21892996839428666,0.3625923617911511,0.30962343096234307,1.7172487249370452,0.0,239
87,train,pact,3.0,0,0.04457110651652085,0.014723562578887194,0.024539270181890536,0.0,0.0,0.017255909131083904,1.78394167493078,1.7869459166187622,0.1880226793999016,2190.925377753988,0.5495664632594736,3.2039774052767576,0.019846387885907417,20592.0,0.0,20330.0,0.0,0.0,0.993886703477245,0.9000000000000004,0.8944980105595609,0.7204204761316177,0.17943623232157058,0.009252140845314392,0.01877613482905735,-0.23875664100201557,0.45309949850143927,0.28870292887029286,1.7869459153646226,0.0,239
88,train,pact,3.0,0,0.0003611348120901913,0.00011351306679461076,0.0001891884555589363,0.0,0.0,0.017519645712428013,1.7545275937563205,1.7551654592218757,-1.23579902931362,2560.6664252500655,0.5821738243103027,3.362034559249878,0.001868997123352399,20830.0,0.0,20568.0,0.0,0.0,0.9936432589048122,0.9000000000000004,0.8942789178513084,0.8803728416467281,-0.23354995404368695,0.0016302439935475775,0.001690196198864648,-0.23404087920198444,0.43434523279622533,0.2928870292887029,1.7551654580051061,0.0,239
89,train,pact,3.0,0,0.1870741706890581,0.052436234562394254,0.08739372000300859,0.02643590716637328,0.0024724230481989714,0.017367073060032837,1.7253727359252993,1.7231629700341484,0.22733132253599717,2478.3088154174293,0.4008770923921254,8.633954100778412,0.054918672441832225,21068.0,0.0,20806.0,0.0,0.0,0.9938294488515814,0.9000000000000004,0.894446487207293,0.5996544140216947,0.16615041017686538,0.017777224543883845,0.053169840632618315,-0.23380811025707837,0.4790646606724235,0.19246861924686193,1.7231629768286962,0.0,239
90,eval,pact,3.0,0,0.6493839156829705,0.32388266628755435,0.5398043581773921,0.517205959491137,0.0,0.017855811131444608,1.6773600110226432,1.720846535795826,0.6954466588584717,10467.657207251943,0.007995867373298137,7.278525100589472,0.11682764617568356,21275.0,0.0,21013.0,0.0,0.0,0.9983022623816452,0.9000000000000002,0.898472016140566,0.7259281536254584,0.6392902173036952,nan,0.12727372902892742,-1.3916475945006515,0.6569699883800136,0.14124293785310735,1.720846519178688,0.005649717514124294,177
91,eval,pact,3.0,0,0.688006045887383,0.367304337551681,0.6121737973582817,0.6147450142335601,0.0,0.018434420625520188,1.7282638626127709,1.7775465660705798,0.8743339482604003,42723.50641911204,0.021957330012810417,11.098287966193222,0.08845842628535337,21444.5,0.0,21182.5,0.0,0.0,0.9984903106602226,0.9000000000000004,0.8986412577512788,0.7871393391884742,0.7591685770035129,nan,0.10465217974582096,-1.4907793288180122,0.6261892406158105,0.09146341463414634,1.777546564657508,0.006097560975609756,164
92,eval,pact,3.0,0,0.0,0.0,0.0,0.0,0.0,0.01903910664841533,1.5503575921058654,1.8415032088756562,0.8397100627422333,61346.909375,-0.03263871371746063,73.52815246582031,0.25337693393230437,21530.5,0.0,21268.5,0.0,0.0,0.9543207883834839,0.9,0.8588886857032776,nan,nan,0.20024582818150521,0.20024582818150521,-20.244884544261847,0.5609929078014184,0.2,1.8415032304814545,0.1,10
93,eval,pact,3.0,0,0.0,0.0,0.0,0.0,0.0,0.013687996892258525,1.347141057252884,1.5954743474721909,0.8004019856452942,55615.2509765625,-0.03263871371746063,73.52815246582031,0.13214997574687004,21536.5,0.0,21274.5,0.0,0.0,0.9719055145978928,0.9,0.8747149407863617,nan,nan,0.11629176698625088,0.11629176698625088,-50.16582480809513,0.4787234042553192,0.5,1.5954743071079212,0.25,4
94,eval,pact,3.0,0,0.11274785525415133,0.04762391217407784,0.07937318219941608,0.004944845971702033,0.0,0.01639932105083907,1.5932591879218194,1.6040467658551667,0.6730101567431973,72417.60481498431,0.0830724701581515,45.61723346790011,0.05926022200434075,21657.0,0.0,21395.0,0.0,0.0,0.9956595920119824,0.9000000000000004,0.8960936069488525,1.1802188550718216,0.2770306298602566,0.03438595200272938,0.05440586426044,-0.2465949963925609,0.5953885871984332,0.1799163179916318,1.6040467656576658,0.0,239
95,eval,pact,3.0,0,0.1830709686913921,0.049215125128973636,0.08202520451081281,0.006085964426335929,0.0,0.014487942546278738,1.486319325957837,1.4589746442300007,0.5163112927430843,90460.09567860879,0.01420836434329404,41.10015989846266,0.0343152026860891,21895.0,0.0,21633.0,0.0,0.0,0.994213185300388,0.9000000000000004,0.8947918492381044,0.4683806208090727,0.35658224683268513,0.0041832747488917766,0.03495039590082772,-0.22599883480672522,0.6277931095878218,0.18410041841004185,1.4589746409022428,0.0,239
96,eval,pact,3.0,0,0.20738793141458225,0.0787938288043406,0.13132303990969224,0.021681248081777883,0.0,0.015862077660663793,1.565089355203397,1.5665967142731574,0.45686413304077533,74890.50382452928,0.0640064137057444,57.378551359455955,0.07467110190252192,22133.0,0.0,21871.0,0.0,0.0,0.9949242208293292,0.9000000000000004,0.8954317721861675,0.9115064151225847,0.3332431505470428,0.0365147783080689,0.06963978663270039,-0.24161611019044424,0.5960414255615893,0.19665271966527198,1.5665967154591922,0.0,239
97,eval,pact,3.0,0,0.1751345835546242,0.07862944054357278,0.1310490537029159,0.0737923169235804,0.0,0.015852908117727816,1.6106824580595582,1.5571199042028963,0.2424312166842363,85608.64909126569,0.0653590465087013,55.813213332427594,0.05117143456342876,22371.0,0.0,22109.0,0.0,0.0,0.9945581315950369,0.9000000000000004,0.8951022886830893,0.37609454589941105,0.3893974204773243,0.004891152286554511,0.05374563251707019,-0.2299854282917296,0.5474939909196119,0.24267782426778242,1.5571199170861236,0.0,239
98,eval,pact,3.0,0,0.18613566585043642,0.12100460231700476,0.20167432992937082,0.0,0.0,0.017967041106300152,1.6870448044005861,1.7477486209666475,0.638377198513518,85756.06416223405,-0.0735260065090149,45.768945734551615,0.0958532586178564,22513.0,0.0,22251.0,0.0,0.0,0.9948791519124457,0.8999999999999998,0.8953912169375318,1.474471102723229,0.20785443873661524,nan,0.08165884136836579,-4.522426341157861,0.5687339671042705,0.2553191489361702,1.747748608166985,0.02127659574468085,47
99,eval,pact,3.0,0,0.04975017034915876,0.029739034346436568,0.04956505431695596,0.0,0.0,0.01767699501330131,1.6298296294714276,1.7316829421018298,0.5275999723296416,81867.86245888157,-0.04654984587901517,55.86170758699116,0.08561173074045464,22554.5,0.0,22292.5,0.0,0.0,0.994613368260233,0.8999999999999999,0.8951519994359267,3.0371060761472206,-1.4471350220920178,0.07280347868800163,0.07393162153465183,-5.533630057700846,0.5662560656961553,0.23684210526315788,1.7316829231304567,0.02631578947368421,38
100,train,pact,3.0,0,0.4595581971330663,0.12016325068062661,0.20027207225479798,0.06238113331246077,0.0017116774949069802,0.016160112478337776,1.6097812919437138,1.596994307998833,0.48469339816141327,8810.20470936029,0.24072052700791866,9.103740648245711,0.09445062189686373,22692.0,0.0,22430.0,0.0,0.0,0.9901339740932736,0.9000000000000004,0.8911205545130135,0.6598251444865632,0.3135885565886496,0.04423681746140636,0.09296312700045221,-0.22907093085384053,0.5623609009169412,0.15481171548117154,1.596994319723424,0.0,239
101,train,pact,3.0,0,0.4615407577247839,0.13652847023693837,0.22754743347090822,0.08197033143442545,0.0,0.01696083854852735,1.732433837327997,1.7199800927269908,0.5384164193185303,2373.9942192811845,0.5215547477639432,5.1821334696215064,0.09696935660061602,22930.0,0.0,22668.0,0.0,0.0,0.9930324272630604,0.9000000000000004,0.8937291697478195,0.6502073779050688,0.40267021116982016,0.05799301677759279,0.09671780684861553,-0.215898266244942,0.3389714828333185,0.30962343096234307,1.7199800936657508,0.0,239
102,train,pact,3.0,0,1.0033001283974734e-05,2.376729578401301e-06,3.961215629125458e-06,0.0,0.0,0.017057829704057722,1.7228183442079872,1.7249260163207434,0.3977301608319063,2099.0213061216987,0.6204788684844971,9.653605461120605,0.006824580079288452,23168.0,0.0,22906.0,0.0,0.0,0.9930464480711326,0.9000000000000004,0.8937417859811663,112.44000031304999,-123.51115698497459,0.005932983843241206,0.006123436204007745,-0.22255416550329127,0.3645212024095671,0.30962343096234307,1.7249260104560376,0.0,239
103,train,pact,3.0,0,0.5020820002191994,0.15690166800628488,0.2615027573450652,0.10098896970559364,0.0,0.01646644662418812,1.7300222244222792,1.716531359251573,0.6072778295273561,1992.8857074561977,0.5431784063452956,4.185897441339293,0.08835501728370439,23406.0,0.0,23144.0,0.0,0.0,0.9933670183105947,0.9000000000000004,0.8940302921638329,0.7064937397823552,0.4444176797050554,0.08468243479728699,0.08916118776641989,-0.22096579783645873,0.38283035104899255,0.3138075313807531,1.7165313559147788,0.0,239
104,train,pact,3.0,0,0.2864649582486312,0.08372109596361248,0.13953515013350953,0.057246101451219375,0.0,0.017552767077531027,1.7428857098064663,1.7471391379085046,0.546302226173329,2415.7595521296416,0.3906426336226603,8.778230365350156,0.06970443079739061,23644.0,0.0,23382.0,0.0,0.0,0.9933579666345189,0.9000000000000004,0.8940221475258033,0.7744127598520629,0.3635789409429442,0.03171527001436229,0.06772685159683602,-0.22084210327751735,0.3557375589780113,0.2928870292887029,1.7471391340355826,0.0,239
105,train,pact,3.0,0,0.4085878510234286,0.10978817865613552,0.18298028364753696,0.07322175794565527,0.0019018638832299778,0.01603018558704953,1.647925087098796,1.6469858630431746,0.4730939828950491,2241.173259655302,0.5156982386091171,5.61694869910324,0.08721788396774383,23882.0,0.0,23620.0,0.0,0.0,0.9930957887461993,0.9000000000000004,0.8937861879500385,0.6460883861936175,0.32605084056396816,0.036348574997809455,0.08599651831096997,-0.22479308779568885,0.5069586634618238,0.20502092050209206,1.6469858696014368,0.0,239
106,train,pact,3.0,0,0.49487416027990566,0.1083420647722138,0.18057009684194766,0.029098516914635025,0.0001901863883229978,0.014117270349583367,1.5353931353181975,1.514966041722557,0.4706402236447673,2088.6481356441227,0.5154661581730743,3.583832159201969,0.06015629395131396,24120.0,0.0,23858.0,0.0,0.0,0.99130757707931,0.9000000000000004,0.8921767986967972,0.584718260178673,0.4608880881201518,0.01207688560469016,0.061429160176562025,-0.22869860074494341,0.6586248850114248,0.09623430962343096,1.5149660422613032,0.0,239
107,train,pact,3.0,0,0.49975553764743685,0.11505559946350506,0.19175932185551336,0.02852795787436194,0.0,0.014593807703749156,1.562375211815455,1.5579610619086102,0.6737856434728311,1546.1559706173182,0.6436393793407345,3.724600232794694,0.06333764067122315,24358.0,0.0,24096.0,0.0,0.0,0.989857838493012,0.9000000000000004,0.8908720370615876,0.9283625613848455,0.49710762291982935,0.055800736704397766,0.06161322411165327,-0.2227661970177049,0.5792753494168966,0.12552301255230125,1.5579610564831121,0.0,239
108,train,pact,3.0,0,0.04457110651652085,0.015331716764559746,0.02555285987103135,0.0,0.0,0.01599639494587749,1.6989180897070275,1.7036779630134296,0.4694149461750206,1585.1746024287395,0.41779656733179693,6.237645516834498,0.021772965834140935,24596.0,0.0,24334.0,0.0,0.0,0.9916703067564067,0.9000000000000004,0.8925032545831911,1.0283693662615467,0.1801987792210331,0.01094981009405779,0.020331059272496507,-0.21144512219602674,0.29632926793079917,0.38493723849372385,1.7036779618742122,0.0,239
109,train,pact,3.0,0,0.47063660832414467,0.12742709683677644,0.21237848091407321,0.07093952109873544,0.0,0.015954935802419565,1.7073473341794194,1.6958005318581808,0.5870418255548597,1444.087966216658,0.4300824523159151,5.634257165956697,0.0832177581553928,24834.0,0.0,24572.0,0.0,0.0,0.992288036575876,0.9000000000000004,0.8930592110466259,0.7678172826253019,0.4229223558154519,0.03987613720640253,0.08123152432807382,-0.21390157269498516,0.3313154693017597,0.3723849372384937,1.6958005341673166,0.0,239
110,train,pact,3.0,0,0.046663172881091675,0.013238344378018057,0.022063905970148633,0.0,0.0,0.016520640958942255,1.6891607071066501,1.6856425776142456,0.42917949622146256,1393.6375374893762,0.2725012600110166,11.669340782085722,0.017412210031895737,25072.0,0.0,24810.0,0.0,0.0,0.9911954856816695,0.9000000000000004,0.8920759184589945,0.2326288370746944,0.2276652728379165,0.008595601601399971,0.016957235510999757,-0.2055224238769335,0.2677527523071901,0.3682008368200837,1.6856425725048232,0.0,239
111,train,pact,3.0,0,0.17909066453400735,0.040535284668408646,0.06755880222282111,0.013122860607242983,0.0,0.015989316362404426,1.6752997798899727,1.663727134840259,0.21670459768886846,1275.718839382028,0.49268084390392863,1.1750732196424796,0.035430213983003125,25310.0,0.0,25048.0,0.0,0.0,0.9903953559229065,0.9000000000000004,0.8913557978354737,0.3493685937529206,0.3696498905583917,0.015434227198070038,0.035936589003540576,-0.19791772954226916,0.20321077776788632,0.39748953974895396,1.6637271382139336,0.0,239
112,train,pact,3.0,0,0.1445073664815396,0.036267607328444224,0.06044600832150741,0.007607455470571957,0.0,0.016049118474842864,1.6693344831965458,1.67609090735224,0.48383105387248754,1539.716650288474,0.6424871550943063,6.291091051809957,0.03759239394525572,25548.0,0.0,25286.0,0.0,0.0,0.991228920395903,0.9000000000000004,0.8921060135673778,1.1846302241295654,0.3449566903734609,0.020287056998126465,0.034514399921954084,-0.21498766027805402,0.3890323154989762,0.27615062761506276,1.6760908948592286,0.0,239
113,train,pact,3.0,0,0.14082450920353773,0.03678894399441203,0.06131490183172417,0.014644351589131056,0.0009509319416149889,0.015703608757313574,1.6299416704656688,1.6335548232290036,0.3043287300415119,1316.7198516973392,0.4665585193299848,5.384146952728846,0.03935488015725024,25786.0,0.0,25524.0,0.0,0.0,0.9911810306824401,0.9000000000000004,0.892062908685357,0.6341444933503506,0.21186875941517425,0.015081268295306764,0.03798953189210631,-0.20380604054576884,0.296002848749221,0.3807531380753138,1.633554825688578,0.0,239
114,train,pact,3.0,0,0.5016285056306393,0.11783692405605274,0.19639486250489274,0.040129326876237305,0.0,0.015220763272835745,1.585594794740238,1.5800203354288844,0.5303767325987876,1224.2499550536088,0.6056406788496792,3.2504706344095733,0.06995833985055465,26024.0,0.0,25762.0,0.0,0.0,0.9902715468506434,0.9000000000000004,0.8912443710670311,0.7591086431847593,0.4376276962402019,0.06584008721013863,0.06997252618270501,-0.22059415361869528,0.5531914893617021,0.09205020920502092,1.5800203370196577,0.0,239
115,train,pact,3.0,0,0.5010294404741651,0.12186000014428916,0.2030999850314371,0.04659566395452332,0.0,0.015194941058786096,1.6480683567134906,1.6463040382792262,0.621705982350904,1303.4021379159585,0.6799060015249452,2.9800741335836913,0.06645690626562203,26262.0,0.0,26000.0,0.0,0.0,0.990756015897296,0.9000000000000004,0.8916803912637623,0.8102028488343717,0.4929554578894201,0.0624501962447539,0.06628723547182136,-0.2058164074965717,0.33446096323333036,0.28451882845188287,1.6463040419981132,0.0,239
116,train,pact,3.0,0,0.031455413804247795,0.008362711193341707,0.013937851269432918,0.0,0.0,0.015879425734562105,1.6937248140698198,1.7035415140155967,0.4818481935118033,1489.539575808218,0.5585820171124766,5.9966778775139336,0.01608250172059617,26500.0,0.0,26238.0,0.0,0.0,0.991057905691937,0.9000000000000004,0.8919521026531523,1.3164689986913851,0.14334532189705607,0.010213523695088505,0.014590760909223531,-0.20479483946269206,0.2311047805572866,0.49372384937238495,1.703541524148595,0.0,239
117,train,pact,3.0,0,0.3575846668143823,0.09311330417069075,0.15518883124286922,0.058387219469417585,0.0,0.015834815669648943,1.6847054796238823,1.6615466088929436,0.4585068636733618,1361.9812226235617,0.5124635427067968,3.7023175959806562,0.045377116134998126,26738.0,0.0,26476.0,0.0,0.0,0.9910699385978188,0.9000000000000004,0.8919629302483723,0.4728355692836866,0.5198714954134839,0.0015491482547311593,0.050367657883737184,-0.19842621356895976,0.21442772782575148,0.502092050209205,1.661546617225663,0.0,239
118,train,pact,3.0,0,0.33866766505446294,0.08246141220477048,0.13743567800528766,0.03556485374352922,0.0,0.015419920984359466,1.6611507722024639,1.6860262534608401,0.6657087044735833,1373.8025178151152,0.6748538698112615,8.656297569619063,0.05463489969105121,26976.0,0.0,26714.0,0.0,0.0,0.9919636451549609,0.9000000000000004,0.8927672655013814,1.0659232200388717,0.5197403067570578,0.03284150264606032,0.05120811075903475,-0.19793537611077452,0.20021365619157838,0.48535564853556484,1.6860262550042509,0.0,239
119,train,pact,3.0,0,0.46892580401234446,0.12149384932510436,0.20248973663327885,0.059528338048747395,0.0,0.016054317066796654,1.6507494534408698,1.6616848056286448,0.5619112079861772,1445.9333046629838,0.5672495461782152,3.822675536117793,0.08145796672429376,27214.0,0.0,26952.0,0.0,0.0,0.9910785735401648,0.9000000000000004,0.8919706908230004,0.723312058794943,0.4216352961052229,0.04519176794180892,0.08062822231048694,-0.20606228784095662,0.3341345440517523,0.25523012552301255,1.661684817964393,0.0,239
120,eval,pact,3.0,0,0.5005976261530134,0.10640159228226759,0.17733597785665406,0.006846709730236101,0.0,0.00858896653943356,1.2855683545188425,1.2608039965190647,0.398694808263659,2860.011949100255,0.1529305550507484,11.577246002073567,0.0479388526362215,27452.0,0.0,27190.0,0.0,0.0,0.9966662209403065,0.9000000000000004,0.8969995693681629,0.7155433036917689,0.5641614658227287,0.01864729919988248,0.04966728971339762,-0.15882595969489313,0.23060031454939312,0.23430962343096234,1.2608040036020942,0.0,239
121,eval,pact,3.0,0,0.31902109559870884,0.06193127933197711,0.10321879400896658,0.004184100543105951,0.0,0.008801530368594943,1.2344479166812976,1.2261310409302493,0.3616034126057286,16276.576701016606,-0.011564787323333355,74.61561410496923,0.04603523834877371,27690.0,0.0,27428.0,0.0,0.0,0.9863751632897924,0.9000000000000004,0.8877376294285683,0.5706934281417431,0.5288897195697846,0.034116545646876384,0.04638852227175273,-0.1368853799975946,0.011454345826285647,0.9665271966527197,1.22613104707677,0.0,239
122,eval,pact,3.0,0,0.4955261337087284,0.1106885846272832,0.18448096278351153,0.005895777975664976,0.0,0.008748516566061636,1.1760991869112438,1.1885510441149627,0.04110398470856655,43814.340771280076,0.09849172911634006,102.5355139736351,0.044482586527375745,27928.0,0.0,27666.0,0.0,0.0,0.9940312826483818,0.9000000000000004,0.8946281359784274,0.9891427495402809,0.6379205388743422,0.03149141122897466,0.042399993281281516,-0.17457970984618298,0.5068399655776137,0.19246861924686193,1.188551045112558,0.0,239
123,eval,pact,3.0,0,0.4900851427265331,0.10344704264444853,0.17241172826826762,0.006656523528956968,0.0001901863883229978,0.008736414375040821,1.2386099558993862,1.2279237022459757,0.04883262016284416,64218.67328059623,0.060415167034171116,143.47107984630634,0.0519314424395873,28166.0,0.0,27904.0,0.0,0.0,0.9907064550092529,0.9000000000000004,0.8916357972631893,0.793696477572201,0.5505743808836385,0.031548697300053934,0.05174490053861336,-0.15978247828917178,0.28920739487818625,0.301255230125523,1.2279237030602987,0.0,239
124,eval,pact,3.0,0,0.500344105122346,0.10498776482137492,0.17497959887822842,0.0007607455532919912,0.0,0.008644409078294139,1.2485679098751754,1.2323668776196914,0.06608691167818952,67908.95495554393,0.006787560769613972,150.03556916304711,0.045209168055129846,28404.0,0.0,28142.0,0.0,0.0,0.9888383675070487,0.9000000000000004,0.8899545009914303,0.7633250697222828,0.6163971547280598,0.04160345286915177,0.045628899326509015,-0.1463244170685598,0.020356687142051695,0.9372384937238494,1.2323668846154285,0.0,239
125,eval,pact,3.0,0,0.15576161381352116,0.030818518678041903,0.05136419487524672,0.0,0.0,0.008982147345373944,1.2191801275668284,1.223096693908819,-0.9698322795109363,87033.73068939592,-0.006500074881514745,399.0823336804761,0.041617036767880665,28642.0,0.0,28380.0,0.0,0.0,0.9879371126077165,0.9000000000000004,0.8891433847748584,0.5112266624367479,0.4614763292318731,0.03232634393823939,0.03694675104092479,-0.13430348507628886,0.006142615507878572,0.9832635983263598,1.2230966924188809,0.0,239
126,eval,pact,3.0,0,0.008643440734246789,0.0025157129537881884,0.004192854642805207,0.0,0.0,0.009023804525420008,1.2018962370301889,1.2196608976340193,-0.7730598087523866,72693.50067010983,0.08893768783954896,141.77422359897503,0.020558191944112434,28880.0,0.0,28618.0,0.0,0.0,0.9949529273240636,0.9000000000000004,0.8954576124207245,3.574665130671855,-2.9876735321418266,0.01097267346673654,0.016259336042330916,-0.14414278728155566,0.04602510460251046,0.7949790794979079,1.219660896647192,0.0,239
127,eval,pact,3.0,0,0.4811274396703373,0.09561256820110825,0.15935427295791754,0.0020920502715529757,0.0,0.008411061487289215,1.1678327189828561,1.1669742552306364,0.29163147392390476,47318.11468684623,-0.0274041649991662,144.77655627039186,0.04994254366389503,29118.0,0.0,28856.0,0.0,0.0,0.9862453221775996,0.9000000000000004,0.8876207716544802,0.7742081178028724,0.5289626978990233,0.023375166393816472,0.04971792182990323,-0.1744801448489052,0.4734265111724383,0.16317991631799164,1.1669742498695146,0.0,239
128,eval,pact,3.0,0,0.4811274396703373,0.10069350379062332,0.16782249952062162,0.0045644732574039925,0.0,0.008605919949803892,1.2264564875279511,1.2168828204087134,0.009222530696792412,36998.016188872905,-0.022376012751539373,124.59315083715208,0.050759599766222505,29356.0,0.0,29094.0,0.0,0.0,0.9899882603140555,0.9000000000000004,0.8909894080840394,0.7976666139994574,0.5551854281872872,0.028382334692610634,0.049847426083889715,-0.16347964740758558,0.33217602896228376,0.39330543933054396,1.2168828194403694,0.0,239
129,eval,pact,3.0,0,0.013958478934449634,0.0036895455710105715,0.006149242461029933,0.0,0.0,0.008847492787924646,1.2096797018370369,1.2106240798239927,-0.6767512512506302,127120.06854733263,-0.01985695671872723,82.05789478254118,0.011431383173601024,29594.0,0.0,29332.0,0.0,0.0,0.9943127678278599,0.9000000000000004,0.8948814742984134,1.608027794463156,-0.7737229111910349,0.005246676019742154,0.007898748162588315,-0.14830826450618026,0.12875752989702957,0.606694560669456,1.2106240745396515,0.0,239
130,train,pact,3.0,0,0.04457110651652085,0.011470332780872276,0.019117220448751138,0.0,0.0,0.01576491657480847,1.693646208012952,1.6945220072399123,-0.5143783823840289,4568.33839269662,0.29189663932163845,15.254075479307932,0.018815444642215164,29832.0,0.0,29570.0,0.0,0.0,0.9777351937034638,0.9000000000000004,0.8799616516758707,1.0558104055844724,-0.09867760622681754,0.0073865756329420645,0.01618189362893816,-0.20101385599636798,0.1910145701652868,0.502092050209205,1.6945220046683669,0.0,239
131,train,pact,3.0,0,0.4955261337087284,0.12547173586830027,0.20911954516925116,0.055534423893964444,0.0,0.016053470796574234,1.7016379060106797,1.7056350727959158,0.46744747507428774,1375.5519886735094,0.6248768473114179,4.184434232352668,0.08027823292163189,30070.0,0.0,29808.0,0.0,0.0,0.9912408929489647,0.9000000000000004,0.8921167917830176,0.7525287803773475,0.42517993678572685,0.05824075457639992,0.08006762418210132,-0.19970693892168412,0.16273479925220333,0.5062761506276151,1.7056350760944028,0.0,239
132,train,pact,3.0,0,0.5020884493196984,0.1318664155692185,0.21977734164838733,0.05686572854987747,0.0,0.01569600782852043,1.6958705994873366,1.6896695347510622,0.5750819704023864,1371.8132405939461,0.5672747856902278,3.7215639856569935,0.07319501438080703,30308.0,0.0,30046.0,0.0,0.0,0.9911050125644796,0.9000000000000004,0.8919944897855177,0.7947977453107667,0.45163297056262264,0.09479718655347824,0.07330223597161409,-0.2062612347824934,0.2730348081545446,0.4309623430962343,1.6896695276199138,0.0,239
133,train,pact,3.0,0,0.4738973789959445,0.11679136024588435,0.19465225197385902,0.051160137087231404,0.0,0.015528480294374866,1.6730116017193974,1.6582930641693052,0.5470498997297247,1386.4723222165926,0.6378092528885877,4.213974302034498,0.05857245047346817,30546.0,0.0,30284.0,0.0,0.0,0.9905045326783567,0.9000000000000004,0.8914540654445792,0.6108743082705387,0.5921018607510011,0.04682113306596875,0.06178846173027382,-0.1969483673331739,0.20540668862577527,0.4393305439330544,1.6582930689426107,0.0,239
134,train,pact,3.0,0,0.5020820002946379,0.13005727496884412,0.21676211135536697,0.051350323413206445,0.0,0.01603625814145953,1.654642742049245,1.683997723347971,0.554743227599555,1564.538481261441,0.5169045685724234,3.709282033613037,0.08350157645379025,30784.0,0.0,30522.0,0.0,0.0,0.9917057420918134,0.9000000000000004,0.8925351478065906,0.9253657768075323,0.36854119674570907,0.0973664162059625,0.08160880949371592,-0.20700561226391165,0.31908958722810765,0.21338912133891214,1.6839977344067845,0.0,239
135,train,pact,3.0,0,0.48599371905867245,0.12170446109759807,0.20284075516554437,0.053252187857568016,0.0,0.016046976169890814,1.6817959118088919,1.6758497903536553,0.5329646612809792,1658.0324390363494,0.5835684246099145,3.840665796561221,0.06412562513314811,31022.0,0.0,30760.0,0.0,0.0,0.9911306086444456,0.9000000000000004,0.8920175266066356,0.6310525622068484,0.5590090325217862,0.054647959905063236,0.06649116832552532,-0.19594796326202885,0.14516751238909167,0.5815899581589958,1.675849784536122,0.0,239
136,train,pact,3.0,0,0.10291769171121948,0.030460411648186986,0.050767348443373696,0.01255230131757808,0.0,0.016068881891948408,1.6799892319296195,1.710248634904997,0.38950472558891425,1837.7164041048313,0.6500807623982928,2.883590382761536,0.05300951830382268,31260.0,0.0,30998.0,0.0,0.0,0.992146359078555,0.9000000000000004,0.8929316967601058,0.3478647027672804,0.3532787800391517,0.04439216648977061,0.0501063573734336,-0.20139310318401618,0.1886999614231876,0.4602510460251046,1.7102486222119304,0.0,239
137,train,pact,3.0,0,0.4341484118583851,0.12184153045019842,0.20306920207176937,0.07778623070427564,0.0,0.01631857850296602,1.6936047735573359,1.7293664426484368,0.6367495107351486,1828.5637339827406,0.5237539201101997,7.3919020609376815,0.07432761271659549,31498.0,0.0,31236.0,0.0,0.0,0.992199216926447,0.9000000000000004,0.8929792689977829,0.8786365456280207,0.49908617497408825,0.04128639337917169,0.07323649979223766,-0.20430185177082877,0.2022611946942046,0.4476987447698745,1.7293664457184141,0.0,239
138,train,pact,3.0,0,0.4977520082539135,0.13308369157604227,0.22180613741374483,0.057626474414909236,0.0,0.016506082220509585,1.7056851526683345,1.7070614533444328,0.5504752305262258,1619.1253733614997,0.5208255598111132,3.7139705092837123,0.08322315287842535,31736.0,0.0,31474.0,0.0,0.0,0.9917617592352703,0.9000000000000004,0.8925855628616142,0.7491138965439338,0.43357901720981995,0.06468248947595175,0.08298089542469034,-0.20012179535974703,0.16101367993115523,0.5104602510460251,1.70706145211353,0.0,239
139,train,pact,3.0,0,0.2364117139628913,0.06666297764323077,0.11110495423912592,0.03993914055026226,0.0,0.016245139511419017,1.7195265081138291,1.7109861448718913,0.4326366471695601,1891.171203357904,0.4805466330699841,6.930364813016548,0.048763085879525755,31974.0,0.0,31712.0,0.0,0.0,0.991388998769816,0.9000000000000004,0.8922500814852854,0.41099135543961024,0.433600536764019,0.019159085203408893,0.05053555782471304,-0.19934530796620603,0.1662660613074572,0.5732217573221757,1.7109861440440415,0.0,239
140,train,pact,3.0,0,0.01843199975083282,0.005668518497533346,0.009447530411417883,0.0,0.0,0.016482539406771066,1.6928996456218066,1.7216431705522737,0.2695393419540078,1770.7922046613494,0.4794213250591166,1.5179898574262483,0.03994577723968322,32212.0,0.0,31950.0,0.0,0.0,0.992371751424159,0.9000000000000004,0.8931345575524174,0.26279281107430885,0.1797152150228497,0.03825923582070925,0.036106126813050435,-0.19450539104232523,0.09374165405501646,0.6443514644351465,1.7216431754661956,0.0,239
141,train,pact,3.0,0,0.19920827428452043,0.060871370155445255,0.10145227783596436,0.03442373547593919,0.0,0.016997335805990207,1.6991926361826175,1.7165776401384105,0.41884037004355107,1705.047730002942,0.5460902388250478,7.020604873052701,0.056060678374302814,32450.0,0.0,32188.0,0.0,0.0,0.9925204430663935,0.9000000000000004,0.8932683817013537,0.7758336931041103,0.3143212230808422,0.02322600706247613,0.05418337275718327,-0.20221237720984186,0.17306151517849191,0.5271966527196653,1.7165776352199211,0.0,239
142,train,pact,3.0,0,0.4417291495469365,0.11814502823890735,0.19690836664469094,0.052681628318511295,0.0,0.015587383325924808,1.6963993754845783,1.7016429529529236,0.475119895952516,1404.8175414017553,0.5556048753215429,5.642510029062566,0.08519048744298237,32688.0,0.0,32426.0,0.0,0.0,0.9918255319655191,0.9000000000000004,0.8926429504131174,0.7406708794369592,0.39043583290169115,0.04275935422629118,0.08279402878439389,-0.20132324333569282,0.18730526128371763,0.5439330543933054,1.7016429548939311,0.0,239
143,train,pact,3.0,0,0.03316622928357742,0.008403121733010959,0.0140052021168261,0.0,0.0,0.015381381681352604,1.6502907505594038,1.6490251050334594,0.368804152540582,1397.4997083592116,0.49779945717945256,10.573749802102604,0.01271179478133787,32926.0,0.0,32664.0,0.0,0.0,0.9905195503055301,0.9000000000000004,0.8914675672682758,0.20402475745958368,0.18426833083321792,0.006741666578329719,0.012251639573797818,-0.19052023411431612,0.13151725570491707,0.5648535564853556,1.649025097685414,0.0,239
144,train,pact,3.0,0,0.2405893336158956,0.06619714020426616,0.11032855945454705,0.037466717564411244,0.0001901863883229978,0.015473178517712459,1.5965602976507722,1.6300343793805174,0.493630385299108,1450.201040100353,0.6205197798407727,3.8162900284244428,0.05607378178092975,33164.0,0.0,32902.0,0.0,0.0,0.9913633924647854,0.9000000000000004,0.8922270249622137,0.7864074701194567,0.330550434554162,0.02060442942874048,0.05434659174955197,-0.20944847828815946,0.3710199115700763,0.2510460251046025,1.630034381338769,0.0,239
145,train,pact,3.0,0,0.5018170490880057,0.12605606294445917,0.21009342697541636,0.05629517019543189,0.0,0.015094636596552248,1.6137641982553395,1.6270823174440712,0.6197071771242628,1109.8074432756114,0.6169484467498927,2.6385415794959126,0.06786003042105974,33402.0,0.0,33140.0,0.0,0.0,0.9906939539949265,0.9000000000000004,0.8916245389682977,0.7495081508390314,0.4823204420387528,0.055662421882152556,0.06950749894682022,-0.18955167446033297,0.16205228641799455,0.45188284518828453,1.6270823190528787,0.0,239
146,train,pact,3.0,0,0.0,0.0,0.0,0.0,0.0,0.016331499436613033,1.6668449617828784,1.6751589495766612,0.491466084908242,1098.3148331263076,0.5768623352050781,8.551712989807129,0.014624261434524121,33640.0,0.0,33378.0,0.0,0.0,0.9904594471265082,0.9000000000000004,0.8914134774247972,nan,nan,0.013088790118737169,0.013088790164158629,-0.1988248774418597,0.19258731713107213,0.5146443514644351,1.6751589529247668,0.0,239
147,train,pact,3.0,0,0.29880202014860646,0.0806885425124039,0.1344808907787292,0.05249144180549239,0.0001901863883229978,0.016225539876545573,1.6435816577288895,1.6658351359008245,0.5049140839895943,1349.8189247801713,0.35407155494996695,8.309814130661378,0.0672906087010039,33878.0,0.0,33616.0,0.0,0.0,0.9919985136227628,0.9000000000000004,0.8927986409873643,0.771440943099563,0.3490750215586589,0.029255294411322446,0.06534682785620656,-0.2005262337773477,0.2359713938099053,0.47280334728033474,1.6658351227751764,0.0,239
148,train,pact,3.0,0,0.42329977726598883,0.09317225939792091,0.15528709035918165,0.04069988647764198,0.0,0.014294764323152258,1.4848697577061514,1.4946611713166018,0.49227201601950193,1174.227489774696,0.4426818004961293,5.98134693590667,0.043360284400059526,34116.0,0.0,33854.0,0.0,0.0,0.990238547823918,0.9000000000000004,0.8912146704965057,0.5188012023259836,0.5544800491166015,0.005419779358406181,0.04804835521721254,-0.20598538608914932,0.4591530905961603,0.22594142259414227,1.4946611721727117,0.0,239
149,train,pact,3.0,0,0.0488099870398625,0.010223768894240615,0.01703961382616201,0.0,0.0,0.015013201436939723,1.6043157717174068,1.622440919716488,0.3722579564010748,1228.091081818776,0.6418668187562392,1.2484163599533018,0.03894612707770488,34354.0,0.0,34092.0,0.0,0.0,0.9906468768000104,0.9000000000000004,0.8915821665500497,0.2661496437783693,0.22914047963535467,0.03588768216425532,0.03483306365399368,-0.1893544387152121,0.14608742099172078,0.5857740585774058,1.6224409250605956,0.0,239
150,eval,pact,3.0,0,0.19109905445188377,0.012233414832073292,0.020389023639893606,0.0,0.0,0.007397096105325172,0.8428526657894565,0.8527626083485751,0.30088264990800595,2100.4606770152327,0.3567357855112483,3.1123675861119224,0.013466968590288451,34592.0,0.0,34330.0,0.0,0.0,0.9914463770938219,0.9000000000000004,0.8923017203059656,0.4917656144991846,0.3239828555103631,0.008323064860158057,0.013268338083328531,-0.11050017134712621,0.20754325054155906,0.6694560669456067,0.8527626088514915,0.0,239
151,eval,pact,3.0,0,0.06036288374898542,0.009810432770095131,0.016350720044524165,0.0,0.0,0.008644994252817277,0.9796041070666772,0.9777118568639875,-0.06886179996099105,17271.514061069887,0.1618278124135876,14.978163830904782,0.01248411052747314,34830.0,0.0,34568.0,0.0,0.0,0.991541885930624,0.9000000000000004,0.8923876769373108,0.45910765854146046,0.38079570014267805,0.0074826602398746275,0.01170888588964456,-0.11624209895903162,0.006854802813139856,0.9874476987447699,0.977711866024783,0.0,239
152,eval,pact,3.0,0,0.4955261374568512,0.051706556376180844,0.08617758887840525,0.0,0.0,0.006838209137016572,0.8804726333797727,0.876528605008225,-0.22926551292973832,46359.90701817469,0.1303526183193799,39.84269477333484,0.02428593537302602,35068.0,0.0,34806.0,0.0,0.0,0.9818727362854212,0.9000000000000004,0.8836854463092453,0.7361750419778365,0.6247067047076829,0.025139607023447752,0.023810175682951903,-0.09824918392401046,0.00041544259473574885,0.99581589958159,0.8765286061473004,0.0,239
153,eval,pact,3.0,0,0.11952208523755692,0.018795147273769512,0.03132524386766292,0.0019018638832299778,0.0,0.009081438185732859,0.9651523988117234,0.9855161254376048,0.19556511506032995,94773.31130687761,0.08117799598832759,93.1161755079006,0.023036925927794317,35306.0,0.0,35044.0,0.0,0.0,0.992545151810267,0.9000000000000004,0.8932906192216913,1.315343364586583,0.18052657861797083,0.010706330442594158,0.020157980993701825,-0.12167066552331,0.014599839757856318,0.9288702928870293,0.9855161304896187,0.0,239
154,eval,pact,3.0,0,0.04055127557113798,0.005875072038697033,0.009791786309597608,0.0,0.0,0.008541059076287258,0.9690942811666672,0.9606855743599736,-0.10501339273048939,141525.5987349634,0.012912998747501413,107.71891850108382,0.005856974639785652,35544.0,0.0,35282.0,0.0,0.0,0.9878252081915924,0.9000000000000004,0.8890426630879047,0.6110141870315928,0.3787597748915208,0.0022049569115452057,0.005267294672723064,-0.10938787514450482,0.001216653313154693,0.99581589958159,0.9606855675364178,0.0,239
155,eval,pact,3.0,0,0.4488243158769947,0.05646534823768645,0.09410890845162258,0.0,0.0,0.008079440590134475,0.9657433412065067,0.9648866872907184,0.008969429116618185,77747.47365324268,0.17256969643686607,126.90901249921471,0.04224244179009269,35782.0,0.0,35520.0,0.0,0.0,0.986598497467061,0.9000000000000004,0.8879386259546839,0.6923998647655616,0.35735472132839297,0.020283854226507837,0.04016047059733686,-0.12515979492428922,0.0977477076471112,0.6778242677824268,0.9648866950546833,0.0,239
156,eval,pact,3.0,0,0.07057711293792525,0.008371632759198479,0.013952720432411237,0.0,0.0,0.008602285360192655,0.943393357877452,0.9437458280738926,-0.14305591249690394,125988.42352575836,0.08897095957622868,80.81434511041043,0.012264000811559542,36020.0,0.0,35758.0,0.0,0.0,0.988257781731035,0.9000000000000004,0.8894319870357235,0.7129067688037665,-0.029333764063089518,0.004631369818310589,0.010620933523397722,-0.11677760973946721,0.030742752010445417,0.895397489539749,0.9437458317581519,0.0,239
157,eval,pact,3.0,0,0.10614915428562363,0.01294811545835823,0.021580191600265173,0.0,0.0,0.008357644934503354,0.9489756041989665,0.9392864023292414,-0.7940815899493835,156060.67797136508,0.09681287742605643,75.73463513362358,0.009598769477927068,36258.0,0.0,35996.0,0.0,0.0,0.9850767355833093,0.9000000000000004,0.8865690324845175,0.5369257823182908,0.38004499913865486,0.0016405852652409938,0.009170161004404237,-0.1068686033611339,0.0,1.0,0.9392864029965216,0.0,239
158,eval,pact,3.0,0,0.3109929788440381,0.019267689108806985,0.03211281277107746,0.005895777975664976,0.0,0.007109908935532099,0.80612135868691,0.8163660891884041,0.3053759456179631,50996.1987938023,0.12261562230197955,119.80326624594971,0.019737771514483637,36496.0,0.0,36234.0,0.0,0.0,0.9869646189352459,0.9000000000000004,0.8882681409434794,1.0160445709700832,0.16823780579585013,0.0075590412132442,0.017152469845831582,-0.12151960032341798,0.2848452476334609,0.45188284518828453,0.8163660881749284,0.0,239
159,eval,pact,3.0,0,0.053267700141298224,0.005476468006449349,0.009127445801165004,0.0,0.0,0.00860388257840812,0.9535750473642948,0.9489024737888799,-0.9808433360135705,135458.81480452407,0.1916001089322517,92.13738801389559,0.006757514708613096,36734.0,0.0,36472.0,0.0,0.0,0.9901109523603607,0.9000000000000004,0.8910998370358136,0.5662337366813197,0.2140883802561525,0.00299055590783775,0.005778135671416711,-0.12263639451014258,0.09715421822606012,0.694560669456067,0.9489024706186192,0.0,239
160,train,pact,3.0,0,0.01609831423724945,0.0037718105159458074,0.006286350572785881,0.0,0.0,0.015674556599672745,1.6174685296653204,1.6182092762392435,-2.898184029128262,3679.065484593603,0.33779892570117026,20.579690238920715,0.008985940020294689,36972.0,0.0,36710.0,0.0,0.0,0.978354309642664,0.9000000000000004,0.8805188597121498,1.20053146091361,-0.4336540257531156,0.0038552387931203055,0.006917658347926769,-0.2003395384406835,0.2917000504466008,0.401673640167364,1.618209269514924,0.0,239
161,train,pact,3.0,0,0.0760018663305159,0.017787586701469002,0.029645977015012804,0.0024724229858510164,0.0005705591649689933,0.015310942109627454,1.5971724622917973,1.60431288775041,0.174658063565338,786.3331173693285,0.3833157629024035,4.176962651717613,0.022935043520169434,37210.0,0.0,36948.0,0.0,0.0,0.9897954648508687,0.9000000000000004,0.8908158997112737,0.7184763561637154,0.1898615500021641,0.010904456950963927,0.02168373891033591,-0.19876174709252833,0.2881687883913469,0.3807531380753138,1.604312883724309,0.0,239
162,train,pact,3.0,0,0.12646474479892483,0.02960089790308702,0.049334826572547584,0.0019018638832299778,0.0,0.01495623047693504,1.6031756825028105,1.5974650283238878,-0.1853620461305159,805.8326446660892,0.41698043941516255,3.6333199148397566,0.020388110626474797,37448.0,0.0,37186.0,0.0,0.0,0.9901265621684087,0.9000000000000004,0.8911138787927987,0.329407372727826,0.3452158400429557,0.00142908160804481,0.021334916349268075,-0.1901913767054107,0.19893765393631863,0.5062761506276151,1.5974650191150483,0.0,239
163,train,pact,3.0,0,0.20738796240876128,0.05106943901809546,0.085115727707919,0.017306961275044844,0.0,0.015982660194118526,1.579106117142793,1.5893284845551687,0.31995088554077067,910.5307770413833,0.4837520537765455,1.2334238742185937,0.04576455408446179,37686.0,0.0,37424.0,0.0,0.0,0.9904006559978469,0.9000000000000004,0.8913605637131375,0.4282815426152181,0.4513145460672294,0.029170571258649802,0.04625334897444868,-0.18910384470993835,0.19377429597317428,0.49372384937238495,1.589328489597803,0.0,239
164,train,pact,3.0,0,0.46716103549544,0.11555147662813595,0.19258578328620513,0.058197033392834364,0.0,0.01495667567835131,1.4852983372979582,1.5282379381327449,0.5450901275648732,1126.7038615079105,0.6491143917937657,1.2036436763767417,0.0657654189812526,37924.0,0.0,37662.0,0.0,0.0,0.9917338996751538,0.9000000000000004,0.8925604920008192,0.6372027864821489,0.6060165811342757,0.07997750001097167,0.06857584925196972,-0.19951642114531942,0.37760764414374326,0.28870292887029286,1.5282379309886527,0.0,239
165,train,pact,3.0,0,0.4811274396703373,0.1040691694437989,0.17344860440015847,0.0329022443693552,0.0,0.0157955020888237,1.5766234233289582,1.6012007234984362,0.785810999790495,1117.5037507252714,0.7462381139459969,3.889978067396076,0.053306120669929055,38162.0,0.0,37900.0,0.0,0.0,0.9904725843393652,0.9000000000000004,0.8914253080739137,0.9953777191523777,0.561495729769965,0.036468053112427394,0.05157513786535944,-0.1956727943324965,0.252143980533547,0.36401673640167365,1.601200726938947,0.0,239
166,train,pact,3.0,0,0.45752091049933935,0.10821769751807349,0.1803628183859085,0.05629516994604007,0.0,0.01591694132117048,1.5226107711073744,1.560797888364752,0.6215228600482062,1287.8140248573973,0.6129128267076723,3.6758796470434594,0.07451085385839186,38400.0,0.0,38138.0,0.0,0.0,0.9914375276745114,0.9000000000000004,0.8922937509903848,0.7185604528483421,0.40621122786671005,0.037189429089174435,0.07441499105081835,-0.18924669917575782,0.2419953114335737,0.41841004184100417,1.5607978839384886,0.0,239
167,train,pact,3.0,0,0.2531380826036473,0.0541035566715756,0.09017258993025047,0.016546215597056945,0.0,0.014449935803914668,1.4914681791760434,1.501066609406571,0.4946167173495353,1042.3162642602642,0.6300779531191583,4.597605937694406,0.03479480682570238,38638.0,0.0,38376.0,0.0,0.0,0.9901068125808589,0.9000000000000004,0.8910961066329829,0.410056746254183,0.43794184243720125,0.007876237548159888,0.03678972514835284,-0.19027835689089773,0.30448974747025137,0.4225941422594142,1.5010666063005054,0.0,239
168,train,pact,3.0,0,0.3756273159996906,0.07167365495473228,0.11945608357934083,0.017116774574982074,0.0,0.015006141614355926,1.4782076338345036,1.4969053961741874,0.4456007819794212,944.6073779501177,0.634782783281853,1.0423974125455113,0.05863561424734577,38876.0,0.0,38614.0,0.0,0.0,0.9898224944350111,0.9000000000000004,0.8908402191545175,0.4974265947595757,0.5169595372165012,0.058050026767887175,0.0598384775357734,-0.19640115423639795,0.3691504198937655,0.3179916317991632,1.4969054045338606,0.0,239
169,train,pact,3.0,0,0.029798324749413897,0.010532055595603156,0.017553424957319392,0.0,0.0,0.016212109719874593,1.6157916185746133,1.6462987441896892,0.4322041670897017,1265.4478877239148,0.5596627780084331,7.009074046023221,0.034149807328884355,39114.0,0.0,38852.0,0.0,0.0,0.9916519128627856,0.9000000000000004,0.892486701949371,2.5304215729432125,-0.8678349879470684,0.01646307324482861,0.02927654273622907,-0.19434130992614204,0.19143001276002256,0.5355648535564853,1.6462987363062933,0.0,239
170,train,pact,3.0,0,0.00036113544281525344,0.00012809370453921844,0.00021348947220415932,0.0,0.0,0.01526517844973249,1.5958365062290654,1.5944292265999767,0.11571934698617171,1007.9664876131832,0.5366483330726624,7.458451747894287,0.0017264891139043604,39352.0,0.0,39090.0,0.0,0.0,0.99073207178874,0.9000000000000004,0.8916588540356528,0.5003644644807381,-0.3658703353620627,0.0014610240264517958,0.001563434347266304,-0.191335387376279,0.21341879580996467,0.5188284518828452,1.594429222773426,0.0,239
171,train,pact,3.0,0,0.5018883342007137,0.11495502525356026,0.19159169572450085,0.037276531300784156,0.0,0.015550520582802626,1.579246228210098,1.5920477746420825,0.43139759659870414,921.4884344763337,0.6332383493748669,2.717255390338818,0.06256082498312102,39590.0,0.0,39328.0,0.0,0.0,0.9904556980192911,0.9000000000000004,0.8914101128797651,0.7047085428167669,0.45643378553229175,0.0017924233624297711,0.06399102280867212,-0.19352398253592362,0.23163892103623251,0.41841004184100417,1.5920477727761833,0.0,239
172,train,pact,3.0,0,0.502088449363476,0.11536056209846127,0.1922675905462258,0.04963864604299537,0.0,0.015535373848601864,1.5088859676815976,1.5478767438413708,0.7156544033453555,972.6765126503661,0.6624843843561835,2.5510505996488626,0.061583518911792146,39828.0,0.0,39566.0,0.0,0.0,0.9910236517255775,0.9000000000000004,0.8919212658534987,0.8847538668878615,0.46930117782080194,0.038554069586098194,0.062461383141982504,-0.19146209373351872,0.2769221638624291,0.32217573221757323,1.5478767413904824,0.0,239
173,train,pact,3.0,0,0.4891325045084395,0.11029730328449674,0.18382882663497477,0.04925827326634938,0.0,0.01534964274576082,1.5236108831780726,1.5505342221659097,0.6931762041905933,1119.8164611561028,0.6628084095452121,2.7623280655888833,0.06587805867460109,40066.0,0.0,39804.0,0.0,0.0,0.9905310392878545,0.9000000000000004,0.8914779115421503,0.758353689727235,0.4701847947865393,0.04187355183162972,0.06684857961881485,-0.18593218796930375,0.19721653461527047,0.41841004184100417,1.5505342213089812,0.0,239
174,train,pact,3.0,0,7.168989468786756e-07,1.7676357555916245e-07,2.9460598970860804e-07,0.0,0.0,0.015428366694817609,1.592765677922939,1.5940276102540882,0.5155393433870132,960.2611541109604,0.6190230846405029,6.431577682495117,0.007981011263707606,40304.0,0.0,40042.0,0.0,0.0,0.9903026053596241,0.9000000000000004,0.8912723238996881,16.127797428799063,-16.094465094378293,0.007161937954105797,0.0071346528656930745,-0.19061219823761627,0.19546574082316984,0.48535564853556484,1.5940275992483994,0.0,239
175,train,pact,3.0,0,0.4653420398303694,0.11367986255283548,0.1894664248086514,0.05477367821597654,0.0,0.014819795953569677,1.4642128904494283,1.5023912722595567,0.6665805735348658,1089.0388610073712,0.5841932145247399,3.9632464599908643,0.0708585444985885,40542.0,0.0,40280.0,0.0,0.0,0.9910626526158225,0.9000000000000004,0.8919563642605578,0.7466168297280308,0.46302616289023213,0.0381491001018069,0.071544466746745,-0.1989444571010293,0.4118223092673373,0.28451882845188287,1.502391272427609,0.0,239
176,train,pact,3.0,0,0.4260901446999406,0.10202535006396543,0.17004223672604182,0.050969951010648176,0.0,0.0160960403571069,1.5696228867295396,1.6136893430514316,0.6140101716608183,1249.0108800912003,0.6352318742908694,3.563890751186275,0.0716393645502097,40780.0,0.0,40518.0,0.0,0.0,0.991742906710094,0.9000000000000004,0.8925686014746024,0.7664914351032174,0.4112166659530161,0.03435232681739661,0.07007733475861128,-0.19706109961421386,0.2622629751624677,0.3682008368200837,1.6136893464792164,0.0,239
177,train,pact,3.0,0,0.2322390740961382,0.05672024004551032,0.09453372640546073,0.02073031582842312,0.0,0.01587448532354071,1.5855637070524145,1.581609769096933,0.465451011348469,1223.9095259790142,0.5669072620788878,4.478849268358622,0.038434586507681306,41018.0,0.0,40756.0,0.0,0.0,0.9907204875387408,0.9000000000000004,0.8916484152422789,0.3813644553312086,0.4014474355505352,0.007723925855844432,0.04028643707055053,-0.18471460044038251,0.13857977981542477,0.5439330543933054,1.5816097751401763,0.0,239
178,train,pact,3.0,0,0.1595777480052146,0.037275683418221704,0.062126134151368057,0.0034233549898139604,0.0,0.016450106370882383,1.6083887775572774,1.6317443274055066,0.5335438876221869,1142.346805588471,0.510278246268069,6.003711491449109,0.03945219517436081,41256.0,0.0,40994.0,0.0,0.0,0.9915049981372626,0.9000000000000004,0.89235447291051,1.2039119258943678,0.3161400156043208,0.021037200886369224,0.03586880005818156,-0.19379051011525117,0.19487225140211878,0.5355648535564853,1.6317443304301231,0.0,239
179,train,pact,3.0,0,0.1335682206150051,0.03243817136931417,0.05406361550797339,0.007417269019901004,0.0,0.01546703971470375,1.5795628084298456,1.5915730533240728,0.3204278998918613,1140.166121095793,0.4910157590356332,5.905791609357092,0.02292949294441995,41494.0,0.0,41232.0,0.0,0.0,0.9905539337062437,0.9000000000000004,0.8914985200351252,0.32017916426923754,0.3442323651360153,0.0023860559970079517,0.023925900977922247,-0.18288454713743196,0.11276298999970326,0.6234309623430963,1.591573045089134,0.0,239
180,eval,pact,3.0,0,0.40235948536471244,0.024944172957521195,0.04157361949210213,0.0,0.0,0.008581269347346602,0.6602186617990917,0.6736040765022134,0.5823905973005494,2129.29329793124,0.493577379811259,5.28806859653864,0.016274445516809385,41732.0,0.0,41470.0,0.0,0.0,0.993949129990454,0.9000000000000004,0.8945541947955367,1.0367554324796253,0.48893931031247084,0.00945687580970116,0.015411606684880464,-0.0937895919070577,0.11929137363126502,0.6401673640167364,0.6736040775523386,0.0,239
181,eval,pact,3.0,0,0.43151489933949033,0.06999963452954529,0.11666605244949606,0.005135032484720941,0.0,0.010941044460576822,0.77949247375193,0.8254400992992034,0.4111854915339578,30853.617982233918,0.09239775023523476,95.77321654982148,0.050150504959240616,41970.0,0.0,41708.0,0.0,0.0,0.9914285600434786,0.9000000000000004,0.8922856816686846,0.6604055719856932,0.3876747166786947,0.022372870626194138,0.04934866307887822,-0.11041765033950598,0.06759844505771684,0.895397489539749,0.8254401031834075,0.0,239
182,eval,pact,3.0,0,0.4175653372727219,0.05401361738308479,0.09002268987515513,0.014644351713826966,0.0,0.009677189478268807,0.6669306028088765,0.7364411295457864,0.40015983252657505,46418.665255622385,0.0407046408637984,75.21905755398164,0.04087583643041364,42208.0,0.0,41946.0,0.0,0.0,0.987588044115689,0.9000000000000004,0.8888292245286279,0.7773389545282494,0.3013137761695953,0.008984429060171047,0.03880394783716602,-0.10092744079909599,0.11243657081812518,0.7154811715481172,0.7364411292043176,0.0,239
183,eval,pact,3.0,0,0.4653420529930334,0.031492240439897554,0.052487064888314824,0.0,0.0,0.007626697084005283,0.611244734236386,0.6175977879488318,0.31660561282265637,68767.70833878138,0.03263319760296011,52.06468203277269,0.017716206498171308,42446.0,0.0,42184.0,0.0,0.0,0.9804866241610699,0.9000000000000004,0.8824379460332783,0.715947471128019,0.5065185433389447,0.0068971617231992155,0.017435069938256526,-0.08714176479864542,0.17923380515742307,0.5271966527196653,0.6175977873465756,0.0,239
184,eval,pact,3.0,0,0.5012103088587818,0.0582539694030963,0.09708994381452075,0.0003803727766459956,0.0,0.009746685596845389,0.6906297861532187,0.7093866881466311,0.502940663982136,41017.17035499477,0.08404288137873253,30.441890006284833,0.033319879161529085,42684.0,0.0,42422.0,0.0,0.0,0.9860437699441631,0.9000000000000004,0.8874393725245567,0.7028981651922707,0.4708597456510558,0.03177534689505895,0.03299703216180205,-0.08434853743405271,0.005163357963144307,0.9790794979079498,0.7093866902761773,0.0,239
185,eval,pact,3.0,0,0.32300139925731,0.021581805244365936,0.03596967382711007,0.0,0.0,0.008869285794621855,0.6760171885021561,0.6946568072590369,0.36188017486528373,69332.94391507584,0.035931075584127815,71.46015689961581,0.01697557379109746,42922.0,0.0,42660.0,0.0,0.0,0.9857659957149537,0.9000000000000004,0.8871893684484968,0.6333887461041974,0.4964257874752792,0.01216847334495362,0.01676594945952826,-0.09348703805867999,0.20463515237840882,0.6401673640167364,0.6946568098148492,0.0,239
186,eval,pact,3.0,0,0.3612674953427315,0.028406867609439328,0.04734477633686476,0.0,0.0,0.009360732871135034,0.6722425699982184,0.6737925058628226,0.5594093353179708,78448.15865258891,0.07546835400799297,118.09755778611954,0.013521555654322689,43160.0,0.0,42898.0,0.0,0.0,0.9882955942692617,0.9000000000000004,0.8894660153648345,0.9708995824109883,0.6063931539658511,0.005455418021681354,0.012725420707298997,-0.09711148642128418,0.16602866553903672,0.7196652719665272,0.6737925037102284,0.0,239
187,eval,pact,3.0,0,0.4085878510234286,0.031396391532432205,0.05232731682205428,0.0,0.0,0.009124057468759465,0.6588352745297563,0.6705972659537982,0.33214997579674843,56850.843259675734,0.04736795054678513,42.275828191924795,0.019677053779464947,43398.0,0.0,43136.0,0.0,0.0,0.9846497033430442,0.9000000000000004,0.8861847179454739,0.8929466298199074,0.42231656387579164,0.0042315983028413775,0.018266481212944292,-0.09318971413570781,0.09377132852606902,0.7071129707112971,0.6705972666440069,0.0,239
188,eval,pact,3.0,0,0.0007224776207325224,0.00015913008965033585,0.00026521680228291353,0.0,0.0,0.011302873427944577,0.7976553468774054,0.7912159648151078,-0.8748323641129025,287804.1687042364,-0.057958219200372696,65.18762969970703,0.003333241951546659,43636.0,0.0,43374.0,0.0,0.0,0.9946943421742906,0.9000000000000004,0.8952248877062459,0.897115238274975,-0.5620486583607576,0.0026879756975298126,0.0027691129318372226,-0.09033053311458453,0.00038576812368319534,0.99581589958159,0.7912159681780312,0.0,239
189,eval,pact,3.0,0,3.939130826693449e-05,1.326063941644454e-05,2.2101065475896983e-05,0.0,0.0,0.011405514580466508,0.8317249015784164,0.8255389402601011,-13.735670837897137,419059.90827667364,-0.057958219200372696,65.18762969970703,0.0020528317703845983,43874.0,0.0,43612.0,0.0,0.0,0.9947613038777308,0.9000000000000004,0.895285155982652,2.40098088845553,-2.583848382997864,0.0017838642552383563,0.0017905740114123752,-0.09619386529250179,0.0032938662868334367,0.9916317991631799,0.8255389390545063,0.0,239
190,train,pact,3.0,0,0.11274788101110218,0.029636539154609072,0.04939422973378797,0.005515405199018981,0.0,0.01476985502941339,1.545417995632443,1.554311858560251,-53.75932061142253,9474.21076103434,0.05021521643926409,49.15773573879417,0.018703350301472545,44112.0,0.0,43850.0,0.0,0.0,0.9777250268718688,0.9000000000000004,0.8799525010535907,0.37149334398786105,0.39529993451690093,0.0010501824153423866,0.01980714371557727,-0.18432912805548923,0.16516810587851272,0.5271966527196653,1.5543118640287854,0.0,239
191,train,pact,3.0,0,0.475447956226714,0.09237324507330984,0.15395540037114103,0.025104602946895933,0.0,0.014726622836765634,1.4393989605883675,1.454401150906934,0.7428491791421898,959.4053002521084,0.7443882997564691,3.3501602519755584,0.05122352119098772,44350.0,0.0,44088.0,0.0,0.0,0.9897081704818055,0.9000000000000004,0.8907373345546643,0.8724953315648153,0.5459839137971475,0.040502194258175334,0.051236966052034164,-0.1981668188782984,0.44707558087777083,0.16736401673640167,1.4544011524044498,0.0,239
192,train,pact,3.0,0,0.0008817244371400257,0.00019044445477322302,0.00031740740976061587,0.0,0.0,0.015440062216432399,1.590751198046377,1.5921288918251773,0.4846911566277428,1005.3498435559134,0.7067860960960388,7.983119010925293,0.005942020743182241,44588.0,0.0,44326.0,0.0,0.0,0.9906707795095244,0.9000000000000004,0.8916036780908018,6.044948717518393,-4.907842678806508,0.004598425297574847,0.005295317092699497,-0.18998074184974673,0.1969494643757975,0.5104602510460251,1.5921288879205047,0.0,239
193,train,pact,3.0,0,0.39266590399484474,0.08978722012761103,0.14964535820558067,0.034804108626672915,0.0,0.015049229874801685,1.5148634386860675,1.5270231209040686,0.42759290399910516,856.7475322898961,0.6426784369985429,4.117685058625672,0.03935428685800924,44826.0,0.0,44564.0,0.0,0.0,0.9901086316447877,0.9000000000000004,0.8910977448878428,0.5202840764926105,0.5663261798833189,0.0010768778600059562,0.04445666185182969,-0.18337945586803053,0.20742455265734885,0.47280334728033474,1.5270231233358362,0.0,239
194,train,pact,3.0,0,0.4085878752840285,0.08658267834360452,0.1443044578129854,0.0279573987717409,0.0,0.01553002068048117,1.5881860909601635,1.6035586969623008,0.4813481969564031,976.7772643276837,0.686988418695817,0.8768667178423335,0.06900342016297716,45064.0,0.0,44802.0,0.0,0.0,0.9903651859969773,0.9000000000000004,0.8913286537804863,0.5323764410266966,0.5342391696141633,0.07320615913098057,0.06885977302946805,-0.19253795964956208,0.22036262203626222,0.49372384937238495,1.6035586976313159,0.0,239
195,train,pact,3.0,0,0.005378617951415077,0.0016154740578827407,0.002692456606359788,0.0,0.0,0.01619401901851264,1.5905012772671847,1.6143190676198345,0.39263529819923465,1035.3091502169684,0.8324057053322572,7.555860956218951,0.03283338828663104,45302.0,0.0,45040.0,0.0,0.0,0.9909361660729891,0.9000000000000004,0.8918425236286978,9.29318032923971,-8.588664825714151,0.017572481006436862,0.02892000911534261,-0.19310980594067426,0.20451645449419864,0.4686192468619247,1.614319058667657,0.0,239
196,train,pact,3.0,0,0.49487416027990566,0.10682540442445376,0.17804232729705674,0.046405478064983956,0.0,0.014532330892122814,1.4554882476020559,1.471179104749129,0.561352222659099,989.6845715893861,0.6640862984013857,2.56727436035248,0.04851557576500861,45540.0,0.0,45278.0,0.0,0.0,0.9902501964170065,0.9000000000000004,0.8912251549285825,0.6435372805151207,0.5482563947011103,0.001781666916119115,0.05130359638681067,-0.18726258059474243,0.31656725718864065,0.3389121338912134,1.4711791028770325,0.0,239
197,train,pact,3.0,0,0.48708752257839305,0.11912817839432567,0.19854695322301344,0.04773678259620108,0.0,0.015898570722304127,1.5826436570498734,1.6025945003062612,0.7820770678161079,1010.3757860510918,0.7210778683798084,2.7914906551897776,0.05863010476900569,45778.0,0.0,45516.0,0.0,0.0,0.9911358259213021,0.9000000000000004,0.8920222164197946,0.9522417443405118,0.5708666002613647,0.040180831146426496,0.05817713104110507,-0.19420436949112221,0.23166859550728505,0.4811715481171548,1.6025944978139242,0.0,239
198,train,pact,3.0,0,0.2864649582486312,0.07841358694506548,0.13068930155476585,0.053632560447170144,0.0001901863883229978,0.01634809067355913,1.6006674990993164,1.6348484001399084,0.5441524589660277,1242.6681362774582,0.46308621314108744,7.450688146896442,0.06495227534557736,46016.0,0.0,45754.0,0.0,0.0,0.9915616372639166,0.9000000000000004,0.8924054466032084,0.753054204110274,0.3373125219760279,0.02498575680478065,0.06351448421534073,-0.2014613651821604,0.2814623579334698,0.39748953974895396,1.6348484089334592,0.0,239
199,train,pact,3.0,0,0.21150074667297547,0.05408675861322062,0.0901445902938774,0.026816280254759052,0.0,0.0157899761837459,1.618737312041566,1.6438405920272092,0.44028644768762787,1290.9630517680275,0.4749436764412844,5.2666678328893175,0.0517665087001858,46254.0,0.0,45992.0,0.0,0.0,0.9923467945354254,0.9000000000000004,0.8931120945818753,0.7619691349894429,0.2490088681550372,0.018479538940672956,0.049774230073038564,-0.19835716806688436,0.22383453514941098,0.4686192468619247,1.6438405950444548,0.0,239
200,train,pact,3.0,0,0.28232660558694295,0.06562296613038258,0.10937160359459983,0.03042982188228783,0.0,0.015101831439477255,1.4839225675770429,1.5108499699057893,0.37685109063920613,1216.364435555047,0.486610508114723,4.473670478894621,0.03620703695351687,46492.0,0.0,46230.0,0.0,0.0,0.9899930128492571,0.9000000000000004,0.8909936839067786,0.4426477887947347,0.47125024945534544,0.002875123432334346,0.039146859882566026,-0.19169122396632984,0.3017300216623638,0.3891213389121339,1.5108499650369023,0.0,239
201,train,pact,3.0,0,0.5018170490880057,0.11874778313302227,0.1979129578957247,0.04963864666647492,0.0,0.016365497244451833,1.5716560894475322,1.6037802349573398,0.6614487398119651,1170.38773668361,0.6621527921205784,2.9301681882666744,0.07142211950801032,46730.0,0.0,46468.0,0.0,0.0,0.9911056789394203,0.9000000000000004,0.8919950928149363,0.9172094767785366,0.42345330945658655,0.06325520128011704,0.06911656013631484,-0.19087170886268254,0.19935309653105432,0.41422594142259417,1.6037802335854194,0.0,239
202,train,pact,3.0,0,0.34251428529070727,0.08067635846322195,0.13446058734525534,0.04374286837907017,0.0,0.01563019057439648,1.6190003061893097,1.612032101742892,0.545305794377706,1262.8609833657492,0.5233654763908067,5.197428638466232,0.053373139748100394,46968.0,0.0,46706.0,0.0,0.0,0.9908733712080632,0.9000000000000004,0.8917860201711933,0.44990479749154233,0.4788366438700691,0.0249690495733863,0.05605884166005765,-0.19419910999267806,0.2203032730941571,0.4811715481171548,1.6120320895229008,0.0,239
203,train,pact,3.0,0,0.4689258159280493,0.10827915291521707,0.18046524655207832,0.04678585059223814,0.0,0.016081514191583858,1.5571261464801294,1.5960540651776303,0.5009164463526036,1341.3642920330478,0.5685248842548626,1.4096186378012143,0.07180245026213479,47206.0,0.0,46944.0,0.0,0.0,0.9915809394425428,0.9000000000000004,0.8924228147482772,0.6088913888647763,0.5647196106857815,0.09824541733020319,0.07301842459481381,-0.18993141379040782,0.20525831627051247,0.4393305439330544,1.5960540561523067,0.0,239
204,train,pact,3.0,0,0.41462239765982967,0.08759291727933277,0.14598818821753384,0.03328261702130529,0.0,0.0157222818645598,1.587944630549044,1.6155463746402055,0.48331030891530186,1354.006088448369,0.6661533895396787,1.2726310359384225,0.06825694990847025,47444.0,0.0,47182.0,0.0,0.0,0.9907178477263351,0.9000000000000004,0.8916460320540552,0.5128026652531704,0.5080146316932425,0.06705562710320871,0.06873682454797327,-0.1898129004233094,0.17246802575744086,0.4686192468619247,1.6155463783141364,0.0,239
205,train,pact,3.0,0,0.3269574497412977,0.08197149740867282,0.13661915221950283,0.035945226644871126,0.0,0.01604561229668963,1.6186750032412955,1.6512859388874166,0.663156204642611,1190.2102878203452,0.7080621584688769,7.730073999286197,0.05382627821196198,47682.0,0.0,47420.0,0.0,0.0,0.9913229273951703,0.9000000000000004,0.892190614754186,1.0807120948348268,0.5184234511710486,0.030427315200927972,0.04959539424581259,-0.2041400065975212,0.29873290008605596,0.3682008368200837,1.6512859348865851,0.0,239
206,train,pact,3.0,0,0.005378621699537879,0.0013384917805996182,0.002230819442123613,0.0,0.0,0.01578018016076674,1.6134297957480204,1.6149506055161544,0.47130203558810085,1188.7899517234898,0.5962210822554312,12.916449410646031,0.004923718376231291,47920.0,0.0,47658.0,0.0,0.0,0.9901171296710249,0.9000000000000004,0.8911053959794623,0.19953416788951864,0.053675064251275106,0.0037124155547747927,0.004546421420189092,-0.18919054604994337,0.15145850025223298,0.5230125523012552,1.6149506038695456,0.0,239
207,train,pact,3.0,0,0.03316622928357742,0.006057785476034772,0.01009630863245167,0.0,0.0,0.014972015264518091,1.5915977236616063,1.5935755209942741,0.03390696164898606,981.6011802002974,0.31956705207854635,1.206959311433417,0.007182781126967068,48158.0,0.0,47896.0,0.0,0.0,0.9899918574169589,0.9000000000000004,0.8909926511752555,0.16726774237185907,0.13984269255828197,0.0022705332036127,0.007058448129435602,-0.19067782307948997,0.19861123475474046,0.497907949790795,1.593575524965282,0.0,239
208,train,pact,3.0,0,0.02819465429997744,0.005415824199513417,0.009026373285489027,0.0,0.0,0.015276817067148297,1.5602459214222482,1.5607947796957264,-0.0677383909641013,958.6247262356171,0.5540838120622116,1.9929523732372907,0.009149230254821823,48396.0,0.0,48134.0,0.0,0.0,0.9904685584072289,0.9000000000000004,0.8914216839119979,0.8535478165331251,0.21008201474248533,0.005508587039359131,0.008496533984817159,-0.18758016662838428,0.20258761387578264,0.4435146443514644,1.5607947811296894,0.0,239
209,train,pact,3.0,0,0.5010294404741651,0.10816139019848245,0.180268971726318,0.04279193656215109,0.0,0.01540399002784154,1.5576924606845968,1.5527405232565175,0.5157889381548538,977.3020032300111,0.6796128906652519,1.75267259845175,0.06584532937097312,48634.0,0.0,48372.0,0.0,0.0,0.9895993698092185,0.9000000000000004,0.8906394123532283,0.6900875312654333,0.44135024018156055,0.07252388563938439,0.0668961276245697,-0.18718368755121884,0.21644559185732515,0.4225941422594142,1.5527405245451036,0.0,239
210,eval,pact,3.0,0,0.2698529591997837,0.03751224324252811,0.06252040182658355,0.009319132903130982,0.0,0.00983333692858658,0.8743856777456515,0.8997526510490035,0.5377061739875681,2643.224000811078,0.3072839605633684,10.146348528782195,0.030074689072599657,48872.0,0.0,48610.0,0.0,0.0,0.9951886908778586,0.9000000000000004,0.8956698017140313,0.7784199412151374,0.39332329295131074,0.013632440352407486,0.02854244715327623,-0.11224060150600138,0.1207750971838927,0.7405857740585774,0.8997526535336017,0.0,239
211,eval,pact,3.0,0,0.06036286422683006,0.008652822433238524,0.014421369886008981,0.0,0.0,0.011767516808903866,0.9731984998890546,0.9820830570105229,0.34192151974528157,42265.26000261506,-0.10457549606136701,66.86774010039773,0.007498020876128866,49110.0,0.0,48848.0,0.0,0.0,0.9946999542383969,0.9000000000000004,0.8952299378905835,0.6468279108271119,0.4794165483964571,0.003719318009417698,0.007446743241047572,-0.11303199568818457,0.0,1.0,0.9820830540090875,0.0,239
212,eval,pact,3.0,0,0.029798324749413897,0.006568704876185601,0.010947840826215211,0.0,0.0,0.011467093582339117,0.9727442545122681,0.9769909331988091,-0.320634830229678,260920.93632322174,0.0967254258037611,79.56746739822452,0.006568270651662574,49348.0,0.0,49086.0,0.0,0.0,0.9927719458625905,0.9000000000000004,0.8934947323350229,0.5850855733179968,0.5134158287730612,0.0038550435354873696,0.006344769674131187,-0.11352930598636471,0.0025816789815721534,0.99581589958159,0.9769909346706454,0.0,239
213,eval,pact,3.0,0,0.29880202014860646,0.04171758089075133,0.06952929518723916,0.020920502029702255,0.0,0.01012988366521739,0.8895350455240225,0.9214944096289918,-0.18720940872637173,44759.96292331329,-0.029975732783572632,82.19596174072521,0.0384786781956243,49586.0,0.0,49324.0,0.0,0.0,0.988353101528838,0.9000000000000004,0.8895177716490614,1.0977045231256812,0.201119964055803,0.010222590336558857,0.03272458193550923,-0.11089965125170001,0.047716549452506016,0.8661087866108786,0.9214944086845502,0.0,239
214,eval,pact,3.0,0,0.012959521485526197,0.0018042739994373858,0.0030071231648659577,0.0,0.0,0.011587719068663764,0.9669651159681536,0.9714398491332721,-0.36801811915561244,187189.35293540795,-0.09672534297450316,43.47734093765833,0.004759279183973266,49824.0,0.0,49562.0,0.0,0.0,0.9947827922250436,0.9000000000000004,0.8953044870907293,1.032541774633064,-0.29775294211595615,0.0025850501796462347,0.004279246321435098,-0.10998608210381822,0.0,1.0,0.9714398484508349,0.0,239
215,eval,pact,3.0,0,0.4900851427265331,0.05728621781039783,0.09547702426146974,0.0,0.0,0.009688996799508399,0.8715293088218657,0.8970546373263563,0.27483869709510933,57060.44796025105,0.04854555428807456,66.63043179970904,0.031860135326154185,50062.0,0.0,49800.0,0.0,0.0,0.9827007903214778,0.9000000000000004,0.884430687422533,0.6857047327290551,0.4639709413297357,0.006694171049103544,0.03206534704357136,-0.10905896311310569,0.0016914448499955486,0.9665271966527197,0.8970546303442136,0.0,239
216,eval,pact,3.0,0,0.0038738003089876893,0.0012619826932270645,0.002103304370896059,0.0,0.0,0.012112062969965915,0.9845730440387167,0.9983866264630561,-1.2272116933407644,177351.52871665795,0.07748522609472275,162.88397216796875,0.0069553479873750625,50300.0,0.0,50038.0,0.0,0.0,0.9967409611745859,0.9000000000000004,0.8970668477992133,1.8822136147976727,-1.0571767248075736,0.004378485815408074,0.005293192661456982,-0.11349535299809765,0.0010682809578919255,0.99581589958159,0.9983866247289718,0.0,239
217,eval,pact,3.0,0,0.12646474479892483,0.018879938847683693,0.03146656354431771,0.0,0.0,0.011210203161034498,0.9604166803499645,0.9674693473213387,-2.1580972158696863,458695.438415272,0.021553932059805637,128.99251219617773,0.010986830858965735,50538.0,0.0,50276.0,0.0,0.0,0.986320459443655,0.9000000000000004,0.8876884063417443,0.7895409476321795,0.5138402476012351,0.0021974620068544483,0.0103457253382475,-0.1027704612799926,0.0,1.0,0.9674693428438169,0.0,239
218,eval,pact,3.0,0,0.4689258159280493,0.05006984266717409,0.0834497339283988,0.0,0.0,0.0077923841844605105,0.7936535068635662,0.8073178001028724,0.12850858911552376,60295.583812761506,0.06124444029422547,28.859525987792715,0.019987184495887246,50776.0,0.0,50514.0,0.0,0.0,0.9866724438248319,0.9000000000000004,0.8880051819599822,0.8387423812864391,0.7317424733668141,0.02349533829486595,0.019644896832984485,-0.1275266664693212,0.3870441259384553,0.4351464435146444,0.8073177965427845,0.0,239
219,eval,pact,3.0,0,0.5000638237883528,0.05625461274467247,0.09375768249182134,0.0,0.0,0.0068496726238983195,0.7523400130132252,0.7559385454305545,0.5910984754063594,25724.78429818253,0.0583347763753424,37.538995048491024,0.01746364458947283,51014.0,0.0,50752.0,0.0,0.0,0.9855012234035396,0.9000000000000004,0.8869510765604395,0.9433379059574617,0.7275828924068642,0.01736236335709691,0.01753882255218144,-0.13279911152926535,0.49853111368289865,0.3054393305439331,0.75593855152465,0.0,239
220,train,pact,3.0,0,0.2573214347770065,0.05247046329405828,0.087450767201928,0.0165462156594049,0.0001901863883229978,0.015311186088864774,1.5437969378347676,1.5571603393454931,0.5362630052858317,1986.3120441516573,0.6702215416224432,4.52376158217506,0.041891229420775646,51252.0,0.0,50990.0,0.0,0.0,0.9826176363553961,0.9000000000000004,0.8843558470574383,1.0981319730614632,0.39694671078303734,0.018550893982430382,0.03762293128086309,-0.19618374886236237,0.31784325944390035,0.2928870292887029,1.5571603294217666,0.0,239
221,train,pact,3.0,0,0.25732146626996916,0.0595431542379899,0.09923858455170158,0.027386839170336224,0.0,0.01593196942280027,1.6191470403551556,1.6166738802917833,0.3915472700256683,1023.4039720351726,0.6051526526651622,3.03668849139034,0.03623668134220288,51490.0,0.0,51228.0,0.0,0.0,0.9900868906635619,0.9000000000000004,0.8910781820947655,0.3932077861168695,0.4209101859145984,0.0031769531931909656,0.03861598723429688,-0.19175122232916345,0.1873052612837176,0.5188284518828452,1.6166738821546291,0.0,239
222,train,pact,3.0,0,0.2322390740961382,0.0575970855598639,0.09599513635618971,0.02282236616232405,0.0,0.01611264210163175,1.618071620185006,1.6480787825384897,0.2634369017688799,1442.602760219175,0.5435122921244557,1.1180164809007525,0.061509720807715815,51728.0,0.0,51466.0,0.0,0.0,0.9915917358637854,0.9000000000000004,0.8924325437725339,0.4151603619593209,0.4113838485810152,0.04505144524943804,0.05960345433276754,-0.194004706502065,0.18027241164426244,0.497907949790795,1.6480787812240154,0.0,239
223,train,pact,3.0,0,0.44882433315462367,0.10609219356684894,0.1768203107805759,0.05629516944725643,0.0,0.016004775531948484,1.5861988381860646,1.6185022467848647,0.4579004782513096,1459.6859156397097,0.5470706206984101,1.191890595847094,0.07026680183663153,51966.0,0.0,51704.0,0.0,0.0,0.9915374734411678,0.9000000000000004,0.8923837121061701,0.5689563106794888,0.5536298184857367,0.07725179047575073,0.07259327553555557,-0.1930588960355467,0.1965043473100092,0.4309623430962343,1.6185022496231816,0.0,239
224,train,pact,3.0,0,0.34633041948240073,0.0683687375240198,0.11394788946977524,0.01749714753867193,0.0,0.015423766195103838,1.5669560589550928,1.574417758935665,0.7217607645310119,1068.8831618560407,0.6888983965418828,4.244971162604488,0.043920619619784246,52204.0,0.0,51942.0,0.0,0.0,0.9906333672451674,0.9000000000000004,0.8915700089482583,1.0431875443366112,0.5236278503487474,0.025280736100588303,0.04180442808959711,-0.19166041164152714,0.23893884091516068,0.36401673640167365,1.5744177652591247,0.0,239
225,train,pact,3.0,0,0.4554288604148302,0.10823973986641923,0.1803995554954511,0.04583491858827519,0.0,0.014900206533654215,1.5111776253668334,1.5373800182442285,0.6173227566555454,1256.509696928527,0.5540237467907463,3.4885047359945385,0.07207241601010621,52442.0,0.0,52180.0,0.0,0.0,0.9913687783305116,0.9000000000000004,0.8922318851099852,0.735883168571933,0.4176080131730825,0.0321817855273063,0.0716575554583736,-0.19843443596276486,0.3633638980385175,0.27615062761506276,1.5373800155637665,0.0,239
226,train,pact,3.0,0,0.0034414877965033177,0.0006636094924764027,0.0011060157276652988,0.0,0.0,0.015393621841578055,1.6072360152479994,1.6047747823483773,0.474208599229238,1094.640030226448,0.6240101456642151,6.492025852203369,0.007231311543813466,52680.0,0.0,52418.0,0.0,0.0,0.9905568972292306,0.9000000000000004,0.8915011870312392,0.271010996055424,-0.0020630214925616563,0.006501055025863786,0.006510408918269049,-0.19423503841669235,0.2321433870441259,0.4811715481171548,1.6047747753883899,0.0,239
227,train,pact,3.0,0,0.30694783156671684,0.07714743975199655,0.1285790566670048,0.044503613870014204,0.0,0.016313195867643196,1.6096944080735849,1.6439199225673118,0.4839009970551255,1211.6264737819529,0.5154876300566303,4.714236640531149,0.06402753943881355,52918.0,0.0,52656.0,0.0,0.0,0.9918994332457187,0.9000000000000004,0.8927094684485112,0.7567100805168743,0.31565637975375793,0.022664938754630538,0.06223856892912146,-0.20337767954197905,0.27879165553873997,0.3723849372384937,1.6439199220616454,0.0,239
228,train,pact,3.0,0,0.4870875290074779,0.10312118245126832,0.17186862627059785,0.04031951357630007,0.0,0.014876712070754632,1.4803854154742413,1.494693888031788,0.5444841796384197,1118.5202159163343,0.5950496078909192,2.6922409574357036,0.047350019288627296,53156.0,0.0,52894.0,0.0,0.0,0.989669010230188,0.9000000000000004,0.8907020912509583,0.6288951331816757,0.550392100712102,0.005254779488313943,0.05017610502022096,-0.18638263202994335,0.28395501350188435,0.33472803347280333,1.4946938872597348,0.0,239
229,train,pact,3.0,0,0.16342436824145895,0.04025494130989831,0.0670915657237818,0.007797641921242909,0.0,0.015951325538252563,1.624660728366804,1.6281294982303636,0.4658395017041322,1279.0417873749673,0.5985478628504726,2.314405451758636,0.05020820289834648,53394.0,0.0,53132.0,0.0,0.0,0.9914063105523336,0.9000000000000004,0.8922656619897946,0.3389443776527845,0.3375166874710245,0.03489592319176076,0.04861886553061058,-0.19266641428155407,0.17917445621531794,0.5230125523012552,1.6281294997737612,0.0,239
230,train,pact,3.0,0,0.00027498420791614755,0.00011028942331508782,0.00018381569030094077,0.0,0.0,0.015816788935340224,1.6150778649242352,1.6349242294682618,0.19740263257315968,1408.6292075951228,0.6374064087867737,0.9150186777114868,0.023858914251885452,53632.0,0.0,53370.0,0.0,0.0,0.9917809170160333,0.9000000000000004,0.8926027988290188,0.7631462458747058,-0.20280141410698116,0.02218750268719098,0.021388611296692544,-0.1898268075479599,0.14220006528383633,0.5481171548117155,1.6349242279319216,0.0,239
231,train,pact,3.0,0,0.4891325045084395,0.12802056715296492,0.2133675973756345,0.062190948046400955,0.0,0.016415055402823446,1.6150391124282422,1.6353860669555025,0.5740551160469215,1362.528918405956,0.5320672621194539,2.8368289585392845,0.07923388004178282,53870.0,0.0,53608.0,0.0,0.0,0.9914435599638328,0.9000000000000004,0.892299179751504,0.7515664523081202,0.44741226168967063,0.047883873045640554,0.07882813063828142,-0.20074898125094623,0.28125463663610195,0.4100418410041841,1.6353860651329575,0.0,239
232,train,pact,3.0,0,0.012006890569388804,0.0030369732690761725,0.005061621674053735,0.0,0.0,0.01594496698987721,1.6413621822660438,1.6443640392694514,0.4457723504579217,1393.495751033767,0.6611682457155762,6.169908464703101,0.010536249025230916,54108.0,0.0,53846.0,0.0,0.0,0.9905434138605286,0.9000000000000004,0.8914890513759278,0.2176487758000564,0.15812331023925574,0.008448247894175618,0.00973615457063198,-0.19271510568882005,0.1652868037627229,0.497907949790795,1.6443640376997128,0.0,239
233,train,pact,3.0,0,0.003041941807975517,0.0011025422554590766,0.0018375702699764231,0.0,0.0,0.015651223637459792,1.6058447333559331,1.606009555411638,0.1328380005874975,1099.3987909420764,0.4290086627006531,1.0622318983078003,0.004180498780606209,54346.0,0.0,54084.0,0.0,0.0,0.9911081798405826,0.9000000000000004,0.8919973403340105,0.24014897100391527,0.0677346728913033,0.0031238852281132022,0.0038536783178345687,-0.18843569631186333,0.16047953945220925,0.5439330543933054,1.6060095480308094,0.0,239
234,train,pact,3.0,0,0.007910073110366154,0.0018887190957814037,0.003147865002730712,0.0,0.0,0.015825487501825747,1.632489520635565,1.632446047651219,-2.1211920232204213,1074.6110747907949,0.42409806633095365,1.072700436145192,0.0037892512542027084,54584.0,0.0,54322.0,0.0,0.0,0.9899963990913774,0.9000000000000004,0.8909967344675104,0.17549187507085298,0.10057816975215583,0.002164903205431658,0.0035844237091437188,-0.19305361450999897,0.196118579186326,0.5062761506276151,1.6324460481836556,0.0,239
235,train,pact,3.0,0,0.4653420529930334,0.09372449880196898,0.1562074869510386,0.03214149912780299,0.0,0.014116848472147307,1.4474191528483913,1.4577573290928638,0.021272517834248404,989.4422765755753,0.44640913449820113,1.1925722131170489,0.04043604922091207,54822.0,0.0,54560.0,0.0,0.0,0.9896362034845552,0.9000000000000004,0.8906725582717353,0.5964488801715477,0.5830784999953014,0.005294061659581282,0.043582293643590814,-0.18963534666425408,0.36297812991483436,0.3263598326359833,1.4577573318785606,0.0,239
236,train,pact,3.0,0,0.5017308984838317,0.10647219166480015,0.17745364487489487,0.02567516217421288,0.0,0.015253050813926812,1.536015074871574,1.56315275714986,0.6545244450349688,1053.0352859816292,0.6902608772950193,1.9135645034422935,0.06830318614248201,55060.0,0.0,54798.0,0.0,0.0,0.9903163855045909,0.9000000000000004,0.8912847363799187,0.8718094847813963,0.4317407854027605,0.1318215416236357,0.0658437701830617,-0.18593305331540852,0.18757233152319058,0.45188284518828453,1.5631527642240286,0.0,239
237,train,pact,3.0,0,0.0,0.0,0.0,0.0,0.0,0.016162381497714436,1.610590901584306,1.6169600815952572,0.5009613670564596,1185.6627774418148,0.5454413294792175,7.991363525390625,0.017287039028472857,55298.0,0.0,55036.0,0.0,0.0,0.9904560853247862,0.9000000000000004,0.891410455045341,nan,nan,0.015450587941608373,0.015450588559242799,-0.19036868231796011,0.16451526751535653,0.5104602510460251,1.6169600962973354,0.0,239
238,train,pact,3.0,0,0.15957777750304272,0.03738775254119543,0.062312917716804944,0.008368200899168038,0.0,0.014798755247036782,1.5876784145083886,1.6004176783262436,0.365583027755865,873.7820250698712,0.4981389040571626,5.9599193741088135,0.023250359913781646,55536.0,0.0,55274.0,0.0,0.0,0.9892804388221836,0.9000000000000004,0.8903523773329028,0.37542632022325745,0.3976055530288638,0.0011008131857035014,0.024683169857464892,-0.1904707046083877,0.18754265705213805,0.4476987447698745,1.6004176775372165,0.0,239
239,train,pact,3.0,0,0.000463527011177035,9.95000533963686e-05,0.00016583341402639772,0.0,0.0,0.015687774331016646,1.6063139575794652,1.614949030108033,0.24227838692056583,1000.8029039454759,0.47014808654785156,1.2501716613769531,0.025723758692829772,55774.0,0.0,55512.0,0.0,0.0,0.9910431519213082,0.9000000000000004,0.8919388175509465,43.98385398238721,-47.26348454293937,0.019709713228553583,0.022999085110629747,-0.1987774927037629,0.2679307991335054,0.4309623430962343,1.6149490164813933,0.0,239
240,eval,pact,3.0,0,0.49008514884387816,0.04831705089671833,0.08052841379241088,0.0001901863883229978,0.0,0.009430841605128354,0.9829801999375412,0.9966933984137978,0.34582540657854477,1859.1586811911611,0.21949636598339764,3.1889888541967797,0.02216632777477213,56012.0,0.0,55750.0,0.0,0.0,0.9915674565726245,0.9000000000000004,0.8924106903155977,0.6560851490112087,0.5454207857762341,0.0011749808028390682,0.02287538473009206,-0.1190735985470708,0.015608771773643134,0.9330543933054394,0.9966933938510762,0.0,239
241,eval,pact,3.0,0,0.03674999346555246,0.008592601338403628,0.01432100183211869,0.0,0.0,0.01095516117928729,1.008309903005177,1.0212486560873406,0.3946833183451178,24104.5155677955,0.01698500391828465,23.441873079563283,0.01143938932026187,56250.0,0.0,55988.0,0.0,0.0,0.9956326397393039,0.9000000000000004,0.8960693548413999,0.5513439314122638,0.5735797063542017,0.008938493664533345,0.011063231106079865,-0.11059630637213737,0.0012463277842072464,0.99581589958159,1.0212486491946444,0.0,239
242,eval,pact,3.0,0,0.0030419384339404444,0.0008687399198431678,0.0014478997732892585,0.0,0.0,0.010914711482339698,1.0080894134533456,1.0133059603399812,-0.23210500033107628,176320.55029092572,-0.12389378249645233,58.938724517822266,0.006490794179968879,56488.0,0.0,56226.0,0.0,0.0,0.9946924779704425,0.9000000000000004,0.895223212042613,1.6881916998263526,-1.442802638187712,0.004344768923517593,0.005365084081295894,-0.11537561949700226,0.0002670702394729814,0.99581589958159,1.0133059643940527,0.0,239
243,eval,pact,3.0,0,0.2531380511106846,0.0453720332665261,0.07562005082772162,0.015785469544981313,0.0,0.009737911204530792,0.937102364072241,0.9670203585006203,-0.1387787892494865,50537.830756406904,0.11167575413493681,90.14572008085051,0.03517144081030805,56726.0,0.0,56464.0,0.0,0.0,0.9879766213844012,0.9000000000000004,0.8891789379478997,1.111111092215885,0.3254439908872253,0.008182296801374113,0.028779671739818036,-0.1208405506599955,0.012492952313125015,0.9497907949790795,0.967020355264778,0.0,239
244,eval,pact,3.0,0,0.3991743668428696,0.05702129735491554,0.09503549189837363,0.0034233549274660055,0.0,0.010380691063500723,1.003734322272584,0.9879858339182004,0.13195329938360556,103542.79805177824,0.022984435719488557,80.39887287826218,0.02546190983366424,56964.0,0.0,56702.0,0.0,0.0,0.9874707854442517,0.9000000000000004,0.8887236871479944,0.6397703176522279,0.5815301895453777,0.0035903936663044637,0.027218355055875047,-0.12298443925278943,0.09356360722870118,0.6108786610878661,0.9879858332195741,0.0,239
245,eval,pact,3.0,0,0.09350415801189335,0.012013554979051428,0.020022590771758546,0.0,0.0,0.010693092937639693,0.9867593389175926,0.9929419596324904,0.40275811619090235,61660.896619214174,0.010990074248283042,56.845498069060895,0.0156950668215549,57202.0,0.0,56940.0,0.0,0.0,0.9911171762763705,0.9000000000000004,0.8920054342208048,1.548363165212027,-0.022067429091567003,0.004557816229286309,0.01254432272579069,-0.11986197378501715,0.0006825128342087303,0.99581589958159,0.9929419699249257,0.0,239
246,eval,pact,3.0,0,0.0488099870398625,0.008449571757322489,0.014082619405089036,0.0,0.0,0.010425535786631966,0.9986119200494997,1.002739962922978,-0.05432427753532397,240374.13931746862,0.011987588555400093,61.255724112857834,0.005092493842928729,57440.0,0.0,57178.0,0.0,0.0,0.9852667796312515,0.9000000000000004,0.8867400849713442,0.636629426813041,0.6781529579376383,0.0023638673369992484,0.005098400767074282,-0.11096575848989199,0.0021662363868364047,0.9916317991631799,1.0027399584091319,0.0,239
247,eval,pact,3.0,0,0.48599371905867245,0.09947296521664102,0.16578826658193546,0.0011411183299379866,0.0,0.009015388478949728,0.9069854427581053,0.8957585709863128,0.4943083621966789,79214.6985976726,0.015656582011147616,32.85247820291559,0.021351911364294682,57678.0,0.0,57416.0,0.0,0.0,0.9877672883755991,0.9000000000000004,0.8889905483652857,0.827490898580236,0.8013844990670096,0.005787251113982099,0.024300806956447537,-0.12747100527559016,0.34745838155434877,0.4811715481171548,0.8957585671816556,0.0,239
248,eval,pact,3.0,0,0.0007224766159197316,0.0002161797370360268,0.00036029953218652636,0.0,0.0,0.011370942966864448,1.0205417355234154,1.0303322515727087,0.7689137112146641,132566.44331034258,-0.008944458328187466,58.987911224365234,0.006858817013331287,57916.0,0.0,57654.0,0.0,0.0,0.9954231583423694,0.9000000000000004,0.8958808206115307,8.343937196510131,-11.007229021874632,0.004069972101392018,0.005580572449411246,-0.11807866710683668,5.9348942105106975e-05,0.99581589958159,1.030332258188906,0.0,239
249,eval,pact,3.0,0,0.011099790736339269,0.0007401688286701459,0.0012336146747318358,0.0,0.0,0.010970868632025923,1.0084365207281072,1.0134186864398014,0.17070821264055344,258541.45466134936,-0.010921773721880931,57.05660181564267,0.004627577497752454,58154.0,0.0,57892.0,0.0,0.0,0.9857286855765467,0.9000000000000004,0.887155797815722,0.7316686043804539,0.28895619671514505,0.0034503130703302,0.0034633992438566985,-0.11419918006919509,0.009050713671028814,0.9707112970711297,1.0134186835532717,0.0,239
250,train,pact,3.0,0,0.05557844634596492,0.012079631854420117,0.020132718887237933,0.0001901863883229978,0.0,0.015517085286005396,1.5903165866640323,1.5926313500025282,-1.8230378093143387,4210.038846706247,-0.030746736255899135,13.648584160345868,0.010544488029919197,58392.0,0.0,58130.0,0.0,0.0,0.9810760699555465,0.9000000000000004,0.8829684444551189,0.2764506693527794,0.26955534269022663,0.0019179726351285353,0.010544189643688967,-0.18851788658519128,0.19036173180213062,0.5062761506276151,1.5926313417226716,0.0,239
251,train,pact,3.0,0,0.4488243158769947,0.096371016734414,0.1606183521546589,0.04031951376334394,0.0,0.015049734717881829,1.520526737099412,1.5385701910721208,0.6772738319809966,955.0512552301255,0.6703041381666351,4.08250780434788,0.06017462398358095,58630.0,0.0,58368.0,0.0,0.0,0.9900880258951227,0.9000000000000004,0.8910791993639958,0.835889834376399,0.47836850535235376,0.03357401471732864,0.05933233333369678,-0.1905779733199706,0.2769518383334817,0.3263598326359833,1.5385701998341743,0.0,239
252,train,pact,3.0,0,7.168989468786756e-07,1.1740602413094973e-07,1.9567668151546846e-07,0.0,0.0,0.0157560817955771,1.6180979297749667,1.6175943288843004,0.47926167501565303,1047.2525956540926,0.6777984499931335,8.368847846984863,0.006039474026746191,58868.0,0.0,58606.0,0.0,0.0,0.9908360614437438,0.9000000000000004,0.8917524348243011,9.405252502727508,-10.39472675330299,0.005417425000547048,0.005395955614848881,-0.19127313961063436,0.18448618653372503,0.5188284518828452,1.6175943323845738,0.0,239
253,train,pact,3.0,0,0.07326335892778778,0.017859775398270456,0.029766290641144902,0.0,0.0,0.015938099723106648,1.598096383665396,1.599052277319601,0.17040956941497548,961.0077951343488,0.5978155604336668,6.982720812494286,0.014420892872477303,59106.0,0.0,58844.0,0.0,0.0,0.9903573151911652,0.9000000000000004,0.8913215638204599,0.23156787191832368,0.23576615899273567,0.000987389635199742,0.014768751283813362,-0.19181629063955513,0.1970384877889552,0.4895397489539749,1.5990522867658459,0.0,239
254,train,pact,3.0,0,0.4948741555965635,0.1065629951109072,0.1776049803371873,0.02795739858469704,0.0,0.015954131102695997,1.5379595931105035,1.5589977208540529,0.6978811412176826,1023.1976185563219,0.6172348826998946,3.1478684165487727,0.05780450002266928,59344.0,0.0,59082.0,0.0,0.0,0.9906674104754396,0.9000000000000004,0.8916006464838483,0.8452525274893156,0.510948144141804,0.03920079530366967,0.05818266995449913,-0.1885973191854948,0.21439805335469894,0.3514644351464435,1.5589977259923913,0.0,239
255,train,pact,3.0,0,0.228072871281629,0.05509363367581268,0.09182271604372565,0.021681247582994244,0.0,0.015119554669787195,1.6186734373100633,1.6256612589169745,0.5250541307187978,1195.1290936968815,0.5083712020335587,5.813602005587462,0.04080394765744025,59582.0,0.0,59320.0,0.0,0.0,0.9907182148310929,0.9000000000000004,0.8916463682342274,0.387690073648694,0.4196227366899703,0.015070305238477886,0.04223959742037961,-0.19618679335076872,0.23407222766254185,0.4895397489539749,1.6256612577141074,0.0,239
256,train,pact,3.0,0,0.32300139925731,0.07734277703668158,0.12890462054518245,0.03632559954621303,0.0,0.016023722118756512,1.5727537000029657,1.599483358311354,0.37750483045518146,1198.0539635055734,0.5565035666132572,0.9711597025643831,0.06380675387740228,59820.0,0.0,59558.0,0.0,0.0,0.9912280846839171,0.9000000000000004,0.8921052559150313,0.48615399868772313,0.5110467156760545,0.05456643309626801,0.06507818138219074,-0.18938281845419414,0.17677082406006112,0.49372384937238495,1.5994833537141777,0.0,239
257,train,pact,3.0,0,0.13356819286291968,0.026834878373657188,0.04472479513413677,0.0005705591649689933,0.0,0.015370568030642415,1.6104471466531314,1.6174474174008708,0.5897415853943286,922.1884101644221,0.7895997610551044,4.432893045028384,0.03433581703112589,60058.0,0.0,59796.0,0.0,0.0,0.9904341014359287,0.9000000000000004,0.8913906663032756,1.3983276055580776,0.25286608903320473,0.020492889687118914,0.030380576322922896,-0.19390715389884636,0.20433840766788333,0.47280334728033474,1.617447416074615,0.0,239
258,train,pact,3.0,0,0.4926731121291847,0.10891886877485285,0.1815314363040792,0.046405477877940096,0.0,0.014878082028726529,1.4934829209140155,1.5058985250265529,0.6047834942280996,995.8735080862643,0.6389217430951705,2.2679783085898872,0.047247572228211174,60296.0,0.0,60034.0,0.0,0.0,0.9898373083090682,0.9000000000000004,0.8908535591229235,0.6559143626140604,0.5707450997114183,0.0030983005999587476,0.05011846183236127,-0.1849058905327483,0.24659485444671952,0.3807531380753138,1.5058985238514586,0.0,239
259,train,pact,3.0,0,0.4769458410955545,0.09074087270987186,0.15123477918684053,0.021491061631106933,0.0,0.015367538514293762,1.496209832664314,1.5239707014550723,0.5885166050749344,1160.585228062075,0.6052707048390201,2.246919512000543,0.058411805771649755,60534.0,0.0,60272.0,0.0,0.0,0.99011702891673,0.9000000000000004,0.8911053074453665,0.6538346097116847,0.5426738768248951,0.07256344065535814,0.058233425878455945,-0.1907893503681153,0.30270927920709817,0.3054393305439331,1.523970709831726,0.0,239
260,train,pact,3.0,0,0.0002749838577568819,6.475456337352911e-05,0.00010792426413040078,0.0,0.0,0.01571514472661532,1.6144707512157233,1.6233867965482767,0.44662342647628306,966.0732618515461,0.7637096047401428,1.779154658317566,0.02667838905350535,60772.0,0.0,60510.0,0.0,0.0,0.990000757213417,0.9000000000000004,0.8910006544081237,98.74363140999601,-109.51832209267288,0.01815135866290723,0.02372140915958195,-0.2005394050068541,0.28095789192557646,0.36401673640167365,1.6233867899383099,0.0,239
261,train,pact,3.0,0,0.27817753698797626,0.0650405149575224,0.10840084927323884,0.032331684892646435,0.0,0.015134616018463876,1.5922036412869538,1.6028725297879973,0.38681203170550915,827.4287987872647,0.6130013232076518,1.6444653260159192,0.0352879638399317,61010.0,0.0,60748.0,0.0,0.0,0.990261996889713,0.9000000000000004,0.8912357740322416,0.44283253527013317,0.46888861556149564,0.0014112401587282827,0.038294244562368254,-0.18749574576571088,0.15133980236802277,0.5983263598326359,1.6028725326472333,0.0,239
262,train,pact,3.0,0,0.07600188859598127,0.01858342797945377,0.030972377564193035,0.003993914092434999,0.0,0.01595942102855843,1.6076598656227399,1.635680497440833,0.3227647927016893,1438.758316870015,0.6162675799934435,0.9970426033231504,0.04667317394019108,61248.0,0.0,60986.0,0.0,0.0,0.9917038651689825,0.9000000000000004,0.8925334559324895,0.27531361311832797,0.24130568118391815,0.04156434856087505,0.04357676280498754,-0.18885687592464276,0.13433633045490967,0.5983263598326359,1.6356804990758742,0.0,239
263,train,pact,3.0,0,0.002028211354079294,0.0005548079348026549,0.0009246797971054814,0.0,0.0,0.016171235760681673,1.616819859299201,1.6286570711614696,0.14976538160901565,1251.757165884872,0.4729272723197937,1.1526823043823242,0.01616549033527438,61486.0,0.0,61224.0,0.0,0.0,0.991382099843923,0.9000000000000004,0.8922438666411524,0.3390306565960919,-0.0032723391863465068,0.015236045895718446,0.014512805155162782,-0.18970066552364692,0.15205198967328407,0.5104602510460251,1.628657073897876,0.0,239
264,train,pact,3.0,0,0.0760018663305159,0.020331311700947215,0.0338855182854181,0.003233168539143008,0.0003803727766459956,0.015553218733410206,1.6030275771807427,1.604117798007183,0.1533608737648377,1230.9579853393043,0.3564282972053878,5.223787842435318,0.025149775837756554,61724.0,0.0,61462.0,0.0,0.0,0.99062322273414,0.9000000000000004,0.8915608859461222,0.6305777847362988,0.17994040672592881,0.010860319705930968,0.023970714894709835,-0.20114855111888288,0.3154693017596961,0.3514644351464435,1.6041177924310932,0.0,239
265,train,pact,3.0,0,0.07057711293792525,0.018851635272938698,0.0314193905192251,0.0022822366598759733,0.0001901863883229978,0.015342717370696398,1.563419724608066,1.568607782220242,0.21757350183407695,1098.7935895720286,0.4469870822699,4.855811988958255,0.024462322296796825,61962.0,0.0,61700.0,0.0,0.0,0.9902558481344119,0.9000000000000004,0.8912302432698684,0.7975425383740565,0.08559410951903279,0.009120239598604921,0.02277960212147214,-0.19199073433419683,0.23840470043621473,0.4560669456066946,1.56860778414775,0.0,239
266,train,pact,3.0,0,0.0010625928217568533,0.0002493158712065935,0.00041552641954824374,0.0,0.0,0.015260816062703167,1.5817938858495098,1.5820685308348683,-0.3770205571986423,872.2625579195542,0.46464717388153076,5.436319351196289,0.0015975652780196537,62200.0,0.0,61938.0,0.0,0.0,0.989716027072284,0.9000000000000004,0.8907444023188188,0.30105112226163216,-0.12367320194955722,0.0012665733117700922,0.0014577840500952415,-0.19676937351471604,0.28790171815187393,0.3682008368200837,1.5820685251144309,0.0,239
267,train,pact,3.0,0,0.2364117139628913,0.05927440641962638,0.09879067163508572,0.024153670880585038,0.0,0.01593763631998433,1.5979783559942844,1.5949407601456262,-1.9284250146346984,1033.9709421580806,0.48458953444927805,3.7601200604039753,0.03428747041912498,62438.0,0.0,62176.0,0.0,0.0,0.9906392259577826,0.9000000000000004,0.8915752820888823,0.40152035575226513,0.4342605247268735,0.0013152739691843346,0.036857160476692,-0.19335593724948166,0.2361791151072732,0.4769874476987448,1.5949407519125716,0.0,239
268,train,pact,3.0,0,0.478391402922768,0.09859924935750375,0.16433207270442474,0.03138075332511918,0.0,0.01578957838431063,1.5570105892843782,1.5837499050415709,0.7630350577282606,839.271460369541,0.6896286846204782,2.844209948094819,0.04907747066412199,62676.0,0.0,62414.0,0.0,0.0,0.9905836487414946,0.9000000000000004,0.8915252648138102,0.983897160697977,0.5940555641509302,0.041167293734689976,0.04777202276887068,-0.18800841698370457,0.19232024689159916,0.4602510460251046,1.5837499040280325,0.0,239
269,train,pact,3.0,0,0.5020920332959219,0.11581721684261809,0.1930286823561226,0.04564473213760424,0.0,0.015546359244547005,1.567008154162802,1.5791378327992172,0.6720972098565999,985.4069425830282,0.6556424441197926,2.3295996086866784,0.06519223142719231,62914.0,0.0,62652.0,0.0,0.0,0.990550222506583,0.9000000000000004,0.8914951841701524,0.7757990988429736,0.43711105132338957,nan,0.06553845024554675,-0.1911183045744975,0.2365055342888513,0.40585774058577406,1.5791378215645502,0.0,239
270,eval,pact,3.0,0,0.44882433315462367,0.06029676854403185,0.10049460842716167,0.0015214911065839823,0.0,0.010225710236938928,0.9017243101008268,0.9226243533349935,0.572806618078982,3049.2665530408276,0.2845104091360417,5.898800285291472,0.03137874499812847,63152.0,0.0,62890.0,0.0,0.0,0.9935998215834965,0.9000000000000004,0.894239822441564,0.6679615450846236,0.6155702528702556,0.027959193975206405,0.03268808860694171,-0.10881697458434264,0.06685658328140301,0.8200836820083682,0.9226243546317444,0.0,239
271,eval,pact,3.0,0,0.10614912902745642,0.022677910596646894,0.037796516301854176,0.0,0.0,0.012642397558916687,0.9858525237029566,1.034928864764369,0.6273148179553044,43400.31417527458,-0.1387558972970076,117.02155891921231,0.02284111917626783,63390.0,0.0,63128.0,0.0,0.0,0.994854859976589,0.9000000000000004,0.8953693553992396,1.2091095723027725,0.408831912729927,0.012913467682850588,0.019522802195040254,-0.1143006221534878,0.0,1.0,1.0349288696207768,0.0,239
272,eval,pact,3.0,0,1.0033001283974734e-05,1.8898781376698924e-06,3.14979664242201e-06,0.0,0.0,0.012117524042912607,0.9734737204707318,0.9817569285755876,-0.06549042110549574,205893.1724960774,-0.15959689021110535,144.05967712402344,0.0038327331105286106,63628.0,0.0,63366.0,0.0,0.0,0.9933674573648924,0.9000000000000004,0.8940306997947614,198.19884588390434,-409.9383125660879,0.0027671792515813988,0.0031071257379069674,-0.10745529519816656,0.0,1.0,0.981756931551842,0.0,239
273,eval,pact,3.0,0,0.0002036993206716357,2.9676932263481295e-05,4.946155362532603e-05,0.0,0.0,0.012052057096617741,0.9575757683570415,0.9633326869629417,-5.68436037247151,726064.3518566946,-0.15959689021110535,144.05967712402344,0.0019420004273456946,63866.0,0.0,63604.0,0.0,0.0,0.991779825365693,0.9000000000000004,0.8926018308770207,1.0666056845197682,-0.5079530456104702,0.0016363721272563967,0.0016180453563857215,-0.10544223661125479,0.0,1.0,0.9633326850217743,0.0,239
274,eval,pact,3.0,0,0.5019918537838604,0.08655028737031982,0.14425047103254826,0.0,0.0,0.00868430883510654,0.8510966221158973,0.8425149822833647,-1.134032364685291,104670.2974960774,-0.02807082288029553,58.40771204258109,0.02720723078960249,64104.0,0.0,63842.0,0.0,0.0,0.9818221245849482,0.9000000000000004,0.8836398890951188,0.8829086037189096,0.697779829032285,0.03135835233011416,0.027914724111066016,-0.1223354017398407,0.3208107065491558,0.4686192468619247,0.8425149802569493,0.0,239
275,eval,pact,3.0,0,0.4532820462560594,0.06707706605461738,0.1117951042340556,0.0,0.0,0.011337154733882165,0.9300626952777846,0.9690433418900398,0.6704516314811786,53488.44762111009,-0.013452792639559657,87.52102243351636,0.02923720836966731,64342.0,0.0,64080.0,0.0,0.0,0.9919537216050854,0.9000000000000004,0.8927583315382442,0.908591751381788,0.6571007397618727,0.021962821804231307,0.027269028263579603,-0.11640015549816378,0.006795453871034749,0.9874476987447699,0.9690433385641137,0.0,239
276,eval,pact,3.0,0,0.41462239765982967,0.03601696564475339,0.06002827209100725,0.0,0.0,0.00956190841771257,0.8964539781275155,0.9184191113485951,0.4800926059110394,116145.74006276151,-0.07252982242917447,97.23487092261534,0.019193271175026894,64580.0,0.0,64318.0,0.0,0.0,0.9825771827578046,0.9000000000000004,0.884319452810487,0.7886315283429359,0.6334852242792763,0.015288945704110359,0.018955262058324894,-0.1019538032948795,0.00020772129736787442,0.99581589958159,0.9184191071332279,0.0,239
277,eval,pact,3.0,0,0.44414846890925763,0.06672759997918053,0.1112126605475317,0.0,0.0,0.009802668813273123,0.8925058744442513,0.88336960740668,0.6437148398185873,26824.190719796024,-0.07317513266430241,83.42954003361977,0.020677356479034827,64818.0,0.0,64556.0,0.0,0.0,0.9864632845174318,0.9000000000000004,0.8878169292934769,0.9018303117569996,0.7185667834692824,0.006241324282466219,0.021201967285112106,-0.11275001159411106,0.13041930027597257,0.6778242677824268,0.8833696036711277,0.0,239
278,eval,pact,3.0,0,0.03674998030288848,0.0086015582286008,0.014335929495942482,0.0,0.0,0.012000690089640009,1.0038502430816076,1.0118360377255842,0.3594467363487851,241127.90301385985,-0.04774928225445947,169.35020152295485,0.012433709003904125,65056.0,0.0,64794.0,0.0,0.0,0.9950863255117728,0.9000000000000004,0.8955776708894195,0.6514352242028408,0.12441959487487175,0.005726900227550093,0.01106898815694526,-0.11428394787644204,0.0027300513368349213,0.9874476987447699,1.0118360253162277,0.0,239
279,eval,pact,3.0,0,0.2531380511106846,0.040982952349139505,0.06830491614339251,0.010650437496696058,0.0,0.011973399715692928,0.9580890735821744,0.9929003593313145,0.01152315103338928,150952.52317599373,0.05397008146085313,56.13309544200179,0.04283053964516732,65294.0,0.0,65032.0,0.0,0.0,0.9893327112227803,0.9000000000000004,0.890399417243742,0.7189339472935043,0.1330003506766262,0.013182002049283822,0.04053375700480893,-0.1165653720743751,0.03341345440517523,0.9079497907949791,0.9929003593052013,0.0,239
280,train,pact,3.0,0,0.07326333691171423,0.01753648363715515,0.02922747164659512,0.0,0.0,0.015665423464045616,1.601909459634805,1.6045147469851762,-0.15686197284702602,7340.37710481907,0.2771000330059723,11.387256001827607,0.025631800352617178,65532.0,0.0,65270.0,0.0,0.0,0.9794391522098286,0.9000000000000004,0.8814952132841534,0.7542259875485401,-0.06041883353353206,0.008939404670118598,0.023049537371551798,-0.19343396504378338,0.21350781922312234,0.4686192468619247,1.6045147469651435,0.0,239
281,train,pact,3.0,0,0.4941819601855557,0.10916137386370468,0.1819356103674847,0.03955876796066013,0.0,0.01574695452455447,1.552857806243657,1.591260839206903,0.5590129549844993,975.093878454743,0.5245941497042588,3.1426863869862576,0.06909011545197485,65770.0,0.0,65508.0,0.0,0.0,0.9903843909127942,0.9000000000000004,0.8913459261590966,0.7378358960260923,0.42058047638782914,0.03893566576880403,0.06954761123027513,-0.1924594418123969,0.22784058874150573,0.46443514644351463,1.5912608508096067,0.0,239
282,train,pact,3.0,0,0.47694583179846367,0.10620894734415266,0.1770149015229211,0.03803727704112001,0.0,0.01444566922231137,1.4647312693017298,1.4836439285817007,0.6561281426681136,1080.2758173603393,0.5774676239889536,3.18143593018025,0.06526379467272608,66008.0,0.0,65746.0,0.0,0.0,0.9903620254544534,0.9000000000000004,0.8913258064740871,0.8044734807256053,0.4623080330784962,0.03627119035809301,0.06469546349828276,-0.19180297789200876,0.3514050862043384,0.30962343096234307,1.4836439224437483,0.0,239
283,train,pact,3.0,0,0.4754479658978925,0.10329364189280442,0.1721560586288985,0.028527957687318077,0.0,0.013822155486340304,1.435608349834027,1.4384656892660772,0.6180482022931885,1104.686750467851,0.619519097598028,2.734836340449345,0.04609865933231947,66246.0,0.0,65984.0,0.0,0.0,0.9905333346901578,0.9000000000000004,0.8914799780027637,0.6473199665101319,0.5884823016562569,0.01564446005171963,0.04844000562538381,-0.18676099357335726,0.34912015193329177,0.3179916317991632,1.4384656833732514,0.0,239
284,train,pact,3.0,0,0.4085878510234286,0.09388339562164025,0.1564723158519894,0.03309243069533025,0.0,0.016444735030281245,1.5794835215333116,1.616828665074943,0.7656987109942416,1136.111555155351,0.6969229658777245,4.832449464992499,0.05230631261370359,66484.0,0.0,66222.0,0.0,0.0,0.9906037986029143,0.9000000000000004,0.891543396846021,1.0111925922617928,0.5677525409424182,0.0321355415866352,0.05070566278823874,-0.19468847177175586,0.21160865307575888,0.47280334728033474,1.6168286714054907,0.0,239
285,train,pact,3.0,0,0.5020268857079679,0.11585743629193264,0.19309571747446216,0.040890072429529294,0.0,0.016352061862242896,1.5903947931952058,1.6055973957772036,0.6642586920550677,1010.8032709225452,0.6600313837558156,2.606363804270533,0.06345320510713064,66722.0,0.0,66460.0,0.0,0.0,0.9903492476152077,0.9000000000000004,0.8913143030270373,0.7459694410716153,0.4552489592202672,0.01201924883450071,0.06458130073499822,-0.2036440884400205,0.3339268227543844,0.3305439330543933,1.6055973848382403,0.0,239
286,train,pact,3.0,0,0.2405893336158956,0.05141684843081017,0.08569474410219166,0.01825789290492006,0.0,0.01579544337653403,1.5728882695840491,1.6048340121572486,0.5677158606850452,1181.6997627034846,0.49018027655250357,9.28246060225754,0.04494964119113171,66960.0,0.0,66698.0,0.0,0.0,0.9917359603997554,0.9000000000000004,0.892562342986901,0.8361496008185885,0.3671126476861445,0.021774048100179823,0.04337132960620286,-0.18836491354718451,0.15243775779696725,0.5481171548117155,1.604834007936629,0.0,239
287,train,pact,3.0,0,0.4934485877536371,0.12537930106337325,0.20896549042578297,0.0395587682723999,0.0,0.016450430239281895,1.6053532933091519,1.6237203057340996,0.5650627760208801,1382.3583274426321,0.5465029211223874,4.117975516049932,0.08258661533468188,67198.0,0.0,66936.0,0.0,0.0,0.9922235049463216,0.9000000000000004,0.8930011406603219,0.74373216350618,0.40031382587601205,0.048062598586759785,0.08192843396146489,-0.2007077516814025,0.26843526514139887,0.41422594142259417,1.623720297902912,0.0,239
288,train,pact,3.0,0,0.3756273159996906,0.07780667876345071,0.12967778940109836,0.025675162049516972,0.0,0.014500382122540824,1.5114112683419902,1.5197617556260719,0.4784097844836103,1572.5820097983133,0.4685078035712741,6.159646760719092,0.04649099147202502,67436.0,0.0,67174.0,0.0,0.0,0.990534219781724,0.9000000000000004,0.8914807670784795,0.48561578970974206,0.4836256985665429,0.015350213521742262,0.049275302530800195,-0.19498973052839638,0.328704115849135,0.37656903765690375,1.5197617565123127,0.0,239
289,train,pact,3.0,0,0.19109902345770474,0.03687962414228594,0.06146603602733708,0.005325218873043938,0.0,0.015395272852439886,1.5473611267540743,1.5547142021326839,0.6340709832422903,988.0309146897065,0.5947887523403727,6.057212542041076,0.035931599779428613,67674.0,0.0,67412.0,0.0,0.0,0.9899372630538302,0.9000000000000004,0.890943515749656,1.2423019989515247,0.3721091883464617,0.020350185003993448,0.032502125881448636,-0.19350916700594326,0.285171666815039,0.36401673640167365,1.5547141987872124,0.0,239
290,train,pact,3.0,0,0.1830709686913921,0.045302842646489205,0.07550473379113207,0.021871433908969288,0.0,0.015675233065240303,1.5997872357587934,1.6040049963416414,0.4768115401766789,902.9273444139808,0.49008049882917226,6.038319799441174,0.02771543156344416,67912.0,0.0,67650.0,0.0,0.0,0.9900170123227969,0.9000000000000004,0.891015284729802,0.402816468887605,0.4252057406794685,0.002630607524599113,0.0295105764103389,-0.18813547356904947,0.1628831716074661,0.502092050209205,1.6040049917058332,0.0,239
291,train,pact,3.0,0,0.4653420398303694,0.10426291830908173,0.17377152308944305,0.031380753761554865,0.0,0.016037907589725744,1.5735286262244859,1.5939020078052537,0.7402668183817525,934.203247581067,0.7121954766028097,4.086347240533788,0.05720040661762137,68150.0,0.0,67888.0,0.0,0.0,0.990954498117439,0.9000000000000004,0.8918590268829377,0.9190921237218208,0.5542209134417653,0.04173252458938143,0.0557373768053793,-0.20503580293621737,0.363927712988516,0.3054393305439331,1.5939020076158472,0.0,239
292,train,pact,3.0,0,0.15197702979228886,0.04227030729576259,0.07045050717397507,0.025294789085827114,0.0,0.015604392713068295,1.5887212521361507,1.6066472470510953,0.46355588715445545,1180.0101665672398,0.5466996948838733,5.749637322695185,0.04341494538831022,68388.0,0.0,68126.0,0.0,0.0,0.991324597572183,0.9000000000000004,0.8921921160929372,0.7661917030650995,0.24712369082833008,0.017196572812584538,0.041636305554793314,-0.19278098089919118,0.19985756253894774,0.4811715481171548,1.6066472434610586,0.0,239
293,train,pact,3.0,0,7.168989468786756e-07,3.875948590514831e-07,6.459913607180181e-07,0.0,0.0,0.015372353506558984,1.6266884631691618,1.6275476259666506,0.2990060188655574,1051.9230203668442,0.5829551815986633,7.1198954582214355,0.0018825289276932662,68626.0,0.0,68364.0,0.0,0.0,0.9904522125192267,0.9000000000000004,0.8914069677995339,25.315650305721608,-26.563236622092557,0.001686244482316244,0.00168883703558262,-0.19622825505542055,0.23140152526781205,0.46443514644351463,1.6275476175928425,0.0,239
294,train,pact,3.0,0,0.08452669602320004,0.021844530360578124,0.036407548809160035,0.0011411183299379866,0.0,0.01563920968925292,1.611688806422086,1.6131836108582789,-0.31013423857516825,960.1659264983492,0.5208298278403581,5.887236272939578,0.015854238843039867,68864.0,0.0,68602.0,0.0,0.0,0.9906357155185365,0.9000000000000004,0.8915721292775046,0.2946780209895229,0.3084752144685261,0.000981279110713486,0.016469776105528033,-0.18555618919063854,0.12038932906020952,0.5941422594142259,1.6131836062644846,0.0,239
295,train,pact,3.0,0,0.49099224892631954,0.10735507412724192,0.1789251119849898,0.04963864623003924,0.0,0.015086418413264855,1.552496490867567,1.5677930655339771,0.5773727285313307,822.2404547655433,0.495045628196026,1.281856425636483,0.05542224033240806,69102.0,0.0,68840.0,0.0,0.0,0.9899686001334729,0.9000000000000004,0.8909717202186584,0.6891341838836292,0.5551066431328497,0.045439570107393794,0.05759583759437233,-0.18780909247429972,0.21030297634944656,0.46443514644351463,1.567793072224931,0.0,239
296,train,pact,3.0,0,0.002028211354079294,0.0004474624319943462,0.0007457706688686028,0.0,0.0,0.01505533331482979,1.580156765223547,1.5925206704119759,0.47828553573357013,1058.5161712518795,0.8183977603912354,2.440046787261963,0.026488331031584215,69340.0,0.0,69078.0,0.0,0.0,0.9910443624691984,0.9000000000000004,0.8919399061462371,0.43243601915449,0.0003513479724138735,0.025023322238014865,0.02337132347211881,-0.19123718624392277,0.20896762515208167,0.5104602510460251,1.592520671930952,0.0,239
297,train,pact,3.0,0,0.5003441035252276,0.10901765588290245,0.18169608225602224,0.03898820941917068,0.0,0.0134501290316674,1.3697570477569452,1.3734277504258574,0.6311964850296037,1112.5596579068874,0.5311344902510423,2.2519702824089816,0.06321884156886691,69578.0,0.0,69316.0,0.0,0.0,0.9897045907116335,0.9000000000000004,0.8907341094196591,0.7897620470086856,0.449392547875898,0.035871315747499466,0.06337683437056996,-0.2018464744540673,0.5482655271669783,0.1506276150627615,1.3734277438526497,0.0,239
298,train,pact,3.0,0,0.22391452780090834,0.05606323185791279,0.09343871343009603,0.027957398522349082,0.0,0.015459073315838266,1.5886405738826577,1.5849060034652136,0.538868959977537,886.3842265236826,0.5540272960727683,4.06188251283877,0.04004371689464975,69816.0,0.0,69554.0,0.0,0.0,0.9902327145492681,0.9000000000000004,0.8912094317719528,0.42296057394600456,0.45623315084969795,0.016164487388561525,0.041647923223783405,-0.19325142278764926,0.24279652215199263,0.47280334728033474,1.5849060078193609,0.0,239
299,train,pact,3.0,0,0.4465136047263696,0.09658908687346426,0.16098180025258,0.04621529167666096,0.0,0.01591447749366072,1.5455935510132601,1.5816337401398057,0.44455540834859825,987.8409960120293,0.6338307135524112,1.1566337399402922,0.06501121361736037,70054.0,0.0,69792.0,0.0,0.0,0.9908729749244626,0.9000000000000004,0.8917856640396756,0.5989709127408299,0.5704186978241161,0.07657006761291996,0.06655899224078057,-0.1867528285667497,0.176978545357429,0.497907949790795,1.581633741641098,0.0,239
300,eval,pact,3.0,0,0.3308880299083897,0.0403325900811088,0.06722098036469973,0.0003803727766459956,0.0,0.009872859203603477,0.7518272525845212,0.7755520379942331,0.7508668827212506,2474.228709711689,0.5056838338345164,11.529893914525978,0.021886814251214765,70292.0,0.0,70030.0,0.0,0.0,0.9948075870090948,0.9000000000000004,0.8953268101524609,1.1151949954580807,0.5885805438440155,0.011353472240734845,0.020311498247811796,-0.09324730940858915,0.01899166147363423,0.9539748953974896,0.7755520403521866,0.0,239
301,eval,pact,3.0,0,0.13356819286291968,0.03053707094638781,0.05089511520360612,0.0019018638832299778,0.0,0.010353263016501793,0.7910235587772465,0.805505849950982,0.6284176138654414,26314.57787575183,-0.0013919456946667455,82.17001963459796,0.018382005099300686,70530.0,0.0,70268.0,0.0,0.0,0.9921024873166903,0.9000000000000004,0.8928922063137198,1.0703213006149774,0.49612172966180323,0.004308038519307871,0.015784587390101263,-0.1009053144189644,0.11124959197602302,0.7782426778242678,0.8055058526126353,0.0,239
302,eval,pact,3.0,0,0.3501149740058049,0.03426305038680222,0.05710508207647226,0.002662609436521969,0.0,0.009908668917046556,0.7894434114629754,0.7970241657360827,0.30028392355811145,64734.60077798117,0.046327163586850864,58.97947199873346,0.02935741923332495,70768.0,0.0,70506.0,0.0,0.0,0.9871738735103208,0.9000000000000004,0.8884564641878695,0.7615116043358713,0.2545447178779684,0.008625743312663154,0.028248809536170823,-0.10094403198804576,0.007240570936823051,0.9874476987447699,0.797024162800071,0.0,239
303,eval,pact,3.0,0,0.3612674953427315,0.07648824782301296,0.1274804052356185,0.007987828184869998,0.0,0.00968605178217384,0.7749720280639297,0.7857078226540378,0.6771595001485682,58570.18282557531,-0.12163133790256712,113.16539734277765,0.030104708200258252,71006.0,0.0,70744.0,0.0,0.0,0.9855762471963172,0.9000000000000004,0.8870186082488822,0.9601146752937069,0.6741237164238272,0.011881575332549603,0.027512956709721783,-0.11959493536690899,0.3102762693254993,0.5313807531380753,0.7857078229344671,0.0,239
304,eval,pact,3.0,0,0.2864649897415939,0.04375931015060072,0.07293217935335504,0.0007607455532919912,0.0,0.009275583252232818,0.8288613101428522,0.7967290631397997,0.6046185310166251,124305.4580772751,-0.15145898359987464,138.63960676312945,0.02448510588390293,71244.0,0.0,70982.0,0.0,0.0,0.988139415136441,0.9000000000000004,0.8893254501550267,0.575069799725252,0.49053770576609546,0.003911063271188723,0.025159232264821065,-0.09305161919964769,0.011098252173655005,0.9665271966527197,0.7967290598296752,0.0,239
305,eval,pact,3.0,0,0.4634686679649094,0.06224348060476811,0.10373912778571341,0.0,0.0,0.011108701271258263,0.8092868335576237,0.8283731578284228,0.3443043745711259,63274.10280465481,0.07404692640511522,71.84992722986134,0.023930400138463686,71482.0,0.0,71220.0,0.0,0.0,0.9902425044251286,0.9000000000000004,0.8912182298165485,0.9827663304967703,0.6877226088535207,0.01723268995660224,0.022086781276210707,-0.10669250304502513,0.003976379121042167,0.9916317991631799,0.8283731579543221,0.0,239
306,eval,pact,3.0,0,0.06794362143753681,0.01404682469559908,0.023411373460499003,0.0,0.0,0.010367390274939178,0.8387155365744395,0.8457579914496035,0.28329033967668665,317077.95234048116,-0.022501639220775905,159.16627990850344,0.014427287297549357,71720.0,0.0,71458.0,0.0,0.0,0.989327165621594,0.9000000000000004,0.8903944265393533,0.7038222186180485,0.3934103605392478,0.006828189540572245,0.013165900347341305,-0.09225702529185187,0.0004747915368408558,0.99581589958159,0.8457579922490885,0.0,239
307,eval,pact,3.0,0,0.1830709686913921,0.03194209738289847,0.05323682822896924,0.0,0.0,0.010023468429277257,0.8255898902605767,0.823436232291505,-0.1232737081659233,173830.60355648535,-0.01767744642982423,53.348784330998505,0.02575039335772021,71958.0,0.0,71696.0,0.0,0.0,0.98734628767648,0.9000000000000004,0.8886116428854076,0.584068244600753,0.41774917983338666,0.010611340341925183,0.025084758617732066,-0.09533258136589282,0.019970919018368498,0.9497907949790795,0.8234362339630563,0.0,239
308,eval,pact,3.0,0,0.38597856810663256,0.055319412138381124,0.09219901563541133,0.002662609436521969,0.0,0.009913671600036167,0.7627852377033633,0.784490086792902,0.003718178317917191,58366.372997842576,-0.09175576007765207,28.32130540265199,0.02684868715321606,72196.0,0.0,71934.0,0.0,0.0,0.9849856618059231,0.9000000000000004,0.886487081958659,0.8390316021131524,0.7732077641297952,0.03328936559093349,0.027020818688302733,-0.09559134520002668,0.13528591352859137,0.7782426778242678,0.7844900823702498,0.0,239
309,eval,pact,3.0,0,0.17513455355801244,0.03235202764267057,0.05392004300154128,0.0038037277664599556,0.0,0.01025266389101432,0.8087671971470741,0.8330591986867674,0.6658338370682305,78443.77409943777,0.0002560312284943823,95.60140338003885,0.019331427201410466,72434.0,0.0,72172.0,0.0,0.0,0.9921969140423891,0.9000000000000004,0.8929772021630817,1.1851878705407473,0.5278396531951519,0.0063086672115774045,0.015459145898599504,-0.10420656722015678,0.041306863705154455,0.8744769874476988,0.8330591962729439,0.0,239
310,train,pact,3.0,0,3.583932445953487e-06,8.742572694907752e-07,1.4570954187079547e-06,0.0,0.0,0.0154388844187539,1.6153562617601211,1.6152643124927537,-0.029363496524718237,4057.393009201752,-0.07211147993803024,128.90115356445312,0.006265743557842561,72672.0,0.0,72410.0,0.0,0.0,0.9818615065458928,0.9000000000000004,0.8836753333462831,879.1316933869368,-1634.105217009656,0.004076962576975716,0.004810648458614306,-0.19541122167490974,0.22321137125730733,0.4811715481171548,1.6152643250513248,0.0,239
311,train,pact,3.0,0,0.0488099870398625,0.010731390708505574,0.017885649942986085,0.0,0.0,0.015049995720059179,1.5764650076503035,1.5729543264939696,-1.4034822028379685,1029.5180572126699,-0.003013514325209741,109.1816139602761,0.009094980910878925,72910.0,0.0,72648.0,0.0,0.0,0.9893189177353512,0.9000000000000004,0.890387008130301,0.21900614944858884,0.22194779718893387,0.0009004591404340154,0.009261246086674621,-0.1865622123760289,0.16460429092851417,0.5230125523012552,1.5729543343329337,0.0,239
312,train,pact,3.0,0,0.41462237339922975,0.09563577006441672,0.15939293858690723,0.047546595584398534,0.0,0.01540227450633024,1.508660556631607,1.5304358152664854,0.6706391851024149,1114.7621812381506,0.586311153225819,3.3337043990151156,0.05989009411576902,73148.0,0.0,72886.0,0.0,0.0,0.991486668586731,0.9000000000000004,0.8923379871136973,0.8695038186747915,0.47232516607101294,0.026492404641191427,0.05835246006962083,-0.1922295724573331,0.30493486453603963,0.301255230125523,1.5304358150555213,0.0,239
313,train,pact,3.0,0,0.4595581971330663,0.10295164199976388,0.17158605947731595,0.047926969046872034,0.0001901863883229978,0.014663377267242289,1.4410202770053593,1.4627114928417126,0.6079453287264294,1344.1848333510395,0.4822912363015957,4.266055755036645,0.06708243220584724,73386.0,0.0,73124.0,0.0,0.0,0.9902133078754697,0.9000000000000004,0.8911919511511734,0.8141742067288248,0.4348687587649349,0.032728504437696315,0.06610343447461661,-0.19833555963963448,0.4551470370040655,0.21338912133891214,1.4627114914759969,0.0,239
314,train,pact,3.0,0,0.20738796240876128,0.04854755030671745,0.08091257850985176,0.014073792486510018,0.0,0.015325347370775923,1.5403190372379254,1.5348912075972456,0.515639348010139,1025.2758584760722,0.4798930504332028,5.7361187538342495,0.03238399811215683,73624.0,0.0,73362.0,0.0,0.0,0.9903891016748659,0.9000000000000004,0.8913501670669811,0.4287524055310891,0.45106256232174047,0.009394289772563543,0.03397423404592351,-0.1857998372831256,0.2164159173862726,0.4393305439330544,1.5348912160284962,0.0,239
315,train,pact,3.0,0,0.28232660558694295,0.06773079809303545,0.11288465513567933,0.03765690438916992,0.0,0.01568571464489818,1.570150932258143,1.5903796610971874,0.39225181463373254,961.8705344738821,0.5238825308478527,1.072555381383856,0.05904049331041747,73862.0,0.0,73600.0,0.0,0.0,0.9906729704166556,0.9000000000000004,0.8916056542715767,0.48065747545452725,0.4973509303694935,0.0474231473719036,0.05971839992333375,-0.19186267976600896,0.21341879580996467,0.45188284518828453,1.5903796630776907,0.0,239
316,train,pact,3.0,0,0.0007224766159197316,0.00029213439198604165,0.0004868906244650073,0.0,0.0,0.015486981096252737,1.61126215313269,1.6286527058070674,0.3540770069824602,1170.3690931248366,0.660635769367218,0.8298423290252686,0.036459074518351064,74100.0,0.0,73838.0,0.0,0.0,0.9907855356587526,0.9000000000000004,0.8917069634633085,31.704633950276325,-34.73212967954344,0.024705393706034456,0.03223043093633172,-0.19547575437656936,0.19959049229947476,0.5188284518828452,1.6286527091482637,0.0,239
317,train,pact,3.0,0,0.49418196437011425,0.09869510716566479,0.16449183637921264,0.021871434407752927,0.0,0.014970419753077889,1.552263626992453,1.556539107815491,0.5272782331480641,731.3074550229635,0.6177467539532414,1.0344729228997331,0.04660711297546182,74338.0,0.0,74076.0,0.0,0.0,0.9891912974573079,0.9000000000000004,0.8902721559652225,0.6409570255039446,0.5308285579288019,0.002017101598539739,0.04896879531628215,-0.18772301925574325,0.19819579216000477,0.48535564853556484,1.556539104805797,0.0,239
318,train,pact,3.0,0,0.2573214347770065,0.05283128610287224,0.08805213892424701,0.012362115116298946,0.0,0.01539811828450366,1.572583502306599,1.5880608835479704,0.6819730333703332,720.3276512752517,0.6087813702836695,5.000662221818788,0.04098122061919966,74576.0,0.0,74314.0,0.0,0.0,0.9900700961196772,0.9000000000000004,0.8910630579772854,1.0567391267824888,0.44136141318507094,0.02073660386150103,0.03864994524027295,-0.19397051758933853,0.2503635122703938,0.39330543933054396,1.5880608849513422,0.0,239
319,train,pact,3.0,0,0.4990500914879464,0.10467744373264208,0.17446239411054568,0.03936858163468508,0.0,0.015295947461572153,1.5525079920700904,1.582642966733318,0.6716233796155603,821.0861119226432,0.6002781708494889,2.803268662307053,0.060695367013825156,74814.0,0.0,74552.0,0.0,0.0,0.9898158558741773,0.9000000000000004,0.890834254450379,0.7489806728680073,0.4637785623204794,0.04243559378158787,0.061381575787853,-0.1842111057863691,0.14543458262856465,0.502092050209205,1.582642959385389,0.0,239
320,train,pact,3.0,0,0.501946137909228,0.10818005027425646,0.18030007402025355,0.040319513451604165,0.0,0.015474188464954807,1.5639079470015969,1.5737610100203479,0.6936851226136276,805.2261347431518,0.6657657416295806,2.6956778676190636,0.056022185738740106,75052.0,0.0,74790.0,0.0,0.0,0.9900034112411563,0.9000000000000004,0.8910030405890492,0.7716267605165752,0.49661582617412603,0.041777905891649425,0.05727245524977665,-0.18341069696670217,0.14030089913647287,0.497907949790795,1.5737610157231183,0.0,239
321,train,pact,3.0,0,0.2032900131473154,0.05024734436671401,0.08374556850869803,0.015214910816448005,0.0,0.015945763966247875,1.569864871611655,1.5824179290228808,0.5593878980959809,861.0101543091331,0.5352234516183701,6.087095814519348,0.04154218123859441,75290.0,0.0,75028.0,0.0,0.0,0.9903732555680694,0.9000000000000004,0.8913359013561425,0.431643623672356,0.46021223388037047,0.023496729993609754,0.04234775934352785,-0.18727333057443626,0.17528710050743346,0.46443514644351463,1.5824179338668538,0.0,239
322,train,pact,3.0,0,0.4532820462560594,0.09815833633630258,0.16359721820131257,0.022632180148088783,0.0,0.014248702127611163,1.4184726736036803,1.4286314388698116,0.7538503518164408,1071.3796437794194,0.679966761227931,3.7253858996983853,0.047710835218632196,75528.0,0.0,75266.0,0.0,0.0,0.9907726071868481,0.9000000000000004,0.8916953235989336,0.9733246474222316,0.6031367654072366,0.030621767066968758,0.04601688986394757,-0.20084860681674982,0.4981453455592154,0.15481171548117154,1.4286314319538507,0.0,239
323,train,pact,3.0,0,0.005378621699537879,0.0011266115363628825,0.0018776858337618075,0.0,0.0,0.015712048747346864,1.5873165933656892,1.5878319635550846,0.5562367855754358,920.3521705531675,0.537335747891889,8.014913187366151,0.008571880843264351,75766.0,0.0,75504.0,0.0,0.0,0.9902191356634994,0.9000000000000004,0.891197197357481,0.2459319200037135,0.042780979501226946,0.0075686911203218755,0.007761557115228247,-0.1921612071363013,0.23045194219413034,0.4811715481171548,1.5878319520574378,0.0,239
324,train,pact,3.0,0,0.0001001795120615216,1.8906384836124923e-05,3.151063978765549e-05,0.0,0.0,0.015476988778531427,1.6093238108327699,1.609676116181218,0.08727688923143007,900.0939221242481,0.4173051714897156,1.215954303741455,0.0019117961827337753,76004.0,0.0,75742.0,0.0,0.0,0.990158517490371,0.9000000000000004,0.8911426501294061,0.7917061029864666,-0.7050812787209126,0.001735970200633315,0.001715912645865109,-0.19514308711586376,0.24347903498620135,0.47280334728033474,1.6096761196884237,0.0,239
325,train,pact,3.0,0,0.06794360041903054,0.018581385805750927,0.030968973854979598,0.002282236597528019,0.0,0.01586609629906371,1.6260764643736962,1.6321171437347284,0.2322850865643144,852.5379572273797,0.4513677616903722,5.18615009645039,0.02328243734296528,76242.0,0.0,75980.0,0.0,0.0,0.9903600011410574,0.9000000000000004,0.8913239861631992,0.6318398954187422,0.1900404932498716,0.010336825999718927,0.022245388242774583,-0.19948007879692664,0.25448826374669864,0.3807531380753138,1.6321171468933469,0.0,239
326,train,pact,3.0,0,0.0,0.0,0.0,0.0,0.0,0.016026401253237885,1.6112169157012237,1.611502504248998,-0.4831388199596693,819.8819945267553,0.48015907406806946,5.707617282867432,0.0012710733258911402,76480.0,0.0,76218.0,0.0,0.0,0.9899100194915069,0.9000000000000004,0.8909189985386996,nan,nan,0.0011417248502028346,0.0011417249341617534,-0.1934635564530192,0.21359684263628,0.45188284518828453,1.611502507374746,0.0,239
327,train,pact,3.0,0,0.4595582126649525,0.10437716027865394,0.17396192256914766,0.04336249566477213,0.0,0.014965269184636271,1.5840188973119569,1.5863002875359986,-0.4913282573114005,876.1148528414292,0.5071056081784819,2.6547220808192775,0.04447005420305016,76718.0,0.0,76456.0,0.0,0.0,0.9901827646099872,0.9000000000000004,0.8911644649306102,0.5584422288335812,0.5762732610741219,0.0008998815201580171,0.04912817666492046,-0.18900913984058978,0.18386302264162138,0.5230125523012552,1.5863002802722959,0.0,239
328,train,pact,3.0,0,0.007217873016016257,0.0018867917576423363,0.0031446527469163824,0.0,0.0,0.016150849699880537,1.620093767363656,1.6359505087261919,0.4894990285071369,1005.6210858333061,0.6055017981569139,8.40741248659509,0.03335265351983496,76956.0,0.0,76694.0,0.0,0.0,0.991246611004594,0.9000000000000004,0.8921219202763865,7.96028590698693,-6.982329498080506,0.018809404973860813,0.029523846429332343,-0.2004000694488697,0.2672482862992967,0.4351464435146444,1.6359505113521313,0.0,239
329,train,pact,3.0,0,0.42329975400295616,0.10523220794979253,0.17538700341632435,0.047356409507815306,0.0003803727766459956,0.015180540321761095,1.4771712591957347,1.4960357786222482,0.5950105555636115,1248.2480060146443,0.5374169887811195,3.61112710422053,0.06981571854353263,77194.0,0.0,76932.0,0.0,0.0,0.9912046977166851,0.9000000000000004,0.8920842087418465,0.8338745938231784,0.44562385074758426,0.033540688786808756,0.06793396602186012,-0.19390161874638395,0.3722959138253361,0.2510460251046025,1.4960357896982381,0.0,239
330,eval,pact,3.0,0,0.007910073110366154,0.0016621139545338745,0.0027701897737467816,0.0,0.0,0.01003152179964292,0.8949886263663799,0.89064948753333,0.500895819404634,3250.6808811331393,0.6005720631940344,6.468665364397121,0.004474383050178384,77432.0,0.0,77170.0,0.0,0.0,0.9978535791321279,0.9000000000000004,0.8980681951075917,0.2303572002047628,0.1267778145568268,0.0031357753694570365,0.004185199607494891,-0.1007554473844389,0.0,1.0,0.890649485003928,0.0,239
331,eval,pact,3.0,0,0.4811274396703373,0.09794898769790635,0.1632483018591332,0.0,0.0,0.009303901858908363,0.7608597414513513,0.7381593036352341,0.7271386038309361,16493.229349176254,-0.08970872028735681,99.28932425367283,0.029785914141996512,77670.0,0.0,77408.0,0.0,0.0,0.9850502582773504,0.9000000000000004,0.8865452136953506,0.8807146205337083,0.7264045034465333,0.014026777549750276,0.031083869837442702,-0.09363875834679668,0.009258434968396689,0.9414225941422594,0.7381593082556795,0.0,239
332,eval,pact,3.0,0,0.41162969583010295,0.048636919107449106,0.08106152673466735,0.0,0.0,0.008931285264282234,0.7732144576735077,0.7595519341185502,0.6483427298617662,37071.98606661872,-0.1363348469735322,135.6314299834822,0.017335584884505546,77908.0,0.0,77646.0,0.0,0.0,0.9853201328959924,0.9000000000000004,0.8867881036203775,0.757446561748345,0.7161815187923198,0.00840020994051033,0.01839812497401836,-0.08413444759684817,0.0,1.0,0.7595519335317014,0.0,239
333,eval,pact,3.0,0,0.32300139925731,0.04336841677283385,0.07228069078953762,0.0,0.0,0.009105029882216304,0.7893810636328853,0.7732048361371252,0.6584686320197133,52526.64248823222,-0.022669229159622637,21.81368751605684,0.016561842248794548,78146.0,0.0,77884.0,0.0,0.0,0.9875064918685658,0.9000000000000004,0.8887558247753766,0.7886867723244894,0.7010005304546224,0.006819719816192838,0.01742239550845191,-0.08637147720546373,0.0,1.0,0.7732048345207714,0.0,239
334,eval,pact,3.0,0,0.502091316396975,0.09057421129488286,0.15095701110514564,0.0,0.0,0.008776100771306822,0.7605044614819803,0.7389242786243869,0.6842551852369907,42660.95612415011,-0.08994082718401773,68.56446761366712,0.022011575859944066,78384.0,0.0,78122.0,0.0,0.0,0.9869525965038204,0.9000000000000004,0.888257311103733,0.8891558526189333,0.7573378577174591,0.0069921198301017284,0.023681910201969508,-0.09135484610484958,0.03011958811834179,0.8158995815899581,0.7389242786339812,0.0,239
335,eval,pact,3.0,0,0.45752092677940104,0.04638167794709638,0.07730279286484824,0.0,0.0,0.008874919094051775,0.7798321977818861,0.7667679502375455,0.7314204381599586,46694.16602379707,-0.05637897863030866,134.33547418985407,0.02257298889168573,78622.0,0.0,78360.0,0.0,0.0,0.9870041681134052,0.9000000000000004,0.8883037276597202,0.6542509542375714,0.5753522168591271,0.008978341934981487,0.02309595598940539,-0.09332358869943849,0.008308851894714978,0.9707112970711297,0.7667679489333927,0.0,239
336,eval,pact,3.0,0,0.19920830527869945,0.029405649861142576,0.049009413168555914,0.0,0.0,0.009351937170432702,0.8590330032623962,0.8509078472229228,0.3211114147841681,62384.84969926778,-0.06773663502357993,36.827863701217844,0.02666914037421003,78860.0,0.0,78598.0,0.0,0.0,0.987254420583717,0.9000000000000004,0.8885289627637823,0.510716889162095,0.39664621214695517,0.013625012061586885,0.025815518788221803,-0.09910566754353065,0.018576218878898484,0.9372384937238494,0.850907845403529,0.0,239
337,eval,pact,3.0,0,0.46716103549544,0.10460554792127566,0.17434257104237627,0.0007607455532919912,0.0,0.009123043196127754,0.7990530008551466,0.7726039467496353,0.44532723487919845,60601.055602771965,-0.03628016220453859,33.53003175488077,0.025967575933114006,79098.0,0.0,78836.0,0.0,0.0,0.9899127992127231,0.9000000000000004,0.8909214999386457,0.8323390637377449,0.8329214223646286,0.033085153024229735,0.03065840589860649,-0.10392768329693287,0.23703967476779728,0.5815899581589958,0.7726039493653023,0.0,239
338,eval,pact,3.0,0,0.025146192200367425,0.006454274161849327,0.010757122901789493,0.0,0.0,0.010546313965046256,0.9129903493565994,0.919785852462178,0.8324884759831129,96354.37146966528,-0.1483266812176385,132.47030119317347,0.01240475502675672,79336.0,0.0,79074.0,0.0,0.0,0.9937016342973111,0.9000000000000004,0.8943314486218297,1.5324694047538918,-0.060591393617702716,0.006248236874591423,0.010379683080706043,-0.11141488954437839,0.0005934894210510697,0.9916317991631799,0.9197858519151121,0.0,239
339,eval,pact,3.0,0,0.2656803508259933,0.03823693402641975,0.06372822070495877,0.0007607455532919912,0.0,0.0091438408255203,0.7978715966436155,0.7810195685679943,0.5886899816441237,135788.69524712343,-0.13286332273660967,94.36556618183727,0.015366412465417735,79574.0,0.0,79312.0,0.0,0.0,0.9802282190721903,0.9000000000000004,0.8822053723255461,0.7210407288554536,0.6614614724859055,0.003375198900828074,0.016256023378590723,-0.08720787343289337,0.0024629810973619396,0.9916317991631799,0.7810195719664719,0.0,239
340,train,pact,3.0,0,0.03862335179426082,0.008025232812424558,0.013375387659842424,0.0,0.0001901863883229978,0.016031620692789055,1.6376250747856236,1.6401713682517847,0.2895198308523729,1853.554583306093,0.13465705115706603,12.722708211284303,0.02435661111003622,79812.0,0.0,79550.0,0.0,0.0,0.9836841821670532,0.9000000000000004,0.8853157481887849,1.912520431519905,-0.781004563943926,0.011705233683667141,0.020942737720029966,-0.20757080023397084,0.34995103712276326,0.28870292887029286,1.6401713678781835,0.0,239
341,train,pact,3.0,0,0.20738796240876128,0.046542955229544006,0.07757158625563952,0.02168124814412584,0.0,0.015131091019021792,1.5546782171377078,1.5520651053684027,0.13632494967391132,807.9343884839174,0.23848377059848988,9.011025987160256,0.028147767230582904,80050.0,0.0,79788.0,0.0,0.0,0.9898930062309967,0.9000000000000004,0.8909036896218815,0.38866680301923273,0.41262722591658285,0.0013344591037961295,0.030050238849223535,-0.1831884494447201,0.16499005905219738,0.5397489539748954,1.552065092530895,0.0,239
342,train,pact,3.0,0,0.12999683991421615,0.026738667153474113,0.044564443792140494,0.006276150814658927,0.0,0.015928320878937405,1.5813346220858426,1.5940424777473865,0.5433103105513122,921.6521052276739,0.7306522150917532,5.17225061001638,0.03169369798106878,80288.0,0.0,80026.0,0.0,0.0,0.9911020236035272,0.9000000000000004,0.8919918033368418,1.304764182223122,0.2738432940195894,0.017498995516604433,0.02866991886734635,-0.18959971979723012,0.18039110952847265,0.5188284518828452,1.594042477994608,0.0,239
343,train,pact,3.0,0,0.1830709686913921,0.04241954784019715,0.0706992413204214,0.017306961150348934,0.0,0.015065442593417532,1.5972387920363678,1.5932521056929392,0.35158488310281205,872.2378588560734,0.6422581304815523,4.62498557368083,0.026286629879814047,80526.0,0.0,80264.0,0.0,0.0,0.9896173232768869,0.9000000000000004,0.8906555706985825,0.3869657381080314,0.4096719081603125,0.0019569049748978987,0.027913341316356515,-0.18729295350499645,0.15314994510222857,0.5941422594142259,1.5932521147590573,0.0,239
344,train,pact,3.0,0,0.0034414877965033177,0.00092242004343252,0.0015373666600638875,0.0,0.0,0.016106318551891145,1.6042346647593766,1.6268459244253246,0.19165093557729881,1129.643537577226,0.6383346915245056,0.9109270572662354,0.028105151213152203,80764.0,0.0,80502.0,0.0,0.0,0.9909909549617368,0.9000000000000004,0.8918918376188398,0.3185088471593144,0.0913069855506663,0.026749660032747185,0.024903187369460154,-0.18787619507843464,0.1266506424522983,0.5732217573221757,1.6268459191770894,0.0,239
345,train,pact,3.0,0,0.00020369909520827966,4.289141790619876e-05,7.148568942718145e-05,0.0,0.0,0.01614043706926716,1.6264085235954828,1.62706691350897,-0.12619113762596054,1091.0412893893829,0.6383346915245056,0.9109270572662354,0.002066285843006481,81002.0,0.0,80740.0,0.0,0.0,0.9912968123308286,0.9000000000000004,0.892167113316109,3.2006577871542774,-1.706842109413485,0.001819324215561526,0.0018508362365659097,-0.1997026385887331,0.27822784058874145,0.4476987447698745,1.6270669092515988,0.0,239
346,train,pact,3.0,0,0.2698529906927464,0.06576624937142354,0.10961040661972996,0.03404336269929319,0.0,0.015191422685762578,1.5760204243360703,1.5835099995884436,-0.797999409461885,953.4891495325576,0.5572468310469862,1.0796419424491945,0.03664604798786473,81240.0,0.0,80978.0,0.0,0.0,0.9902470032041542,0.9000000000000004,0.8912222851769196,0.42078883222170366,0.4511605001830433,0.0010303842912158553,0.03961057168296625,-0.18758191282380043,0.18021306270215734,0.5146443514644351,1.5835100108305844,0.0,239
347,train,pact,3.0,0,0.1371777911142497,0.02730427979081488,0.04550713014464521,0.0036135412534410486,0.0,0.0163429826692869,1.6372926180332774,1.6456109714308542,0.32619832163076523,1120.7019211517718,0.5150169550624353,1.161599197397671,0.05097025717904784,81478.0,0.0,81216.0,0.0,0.0,0.9904189209558973,0.9000000000000004,0.8913770093578673,0.3154274738627893,0.29924471867770297,0.04523911006824189,0.047963919498953796,-0.190630657563023,0.12540431466809104,0.5439330543933054,1.6456109700718495,0.0,239
348,train,pact,3.0,0,0.0023364956484850357,0.0006518500455842445,0.0010864166590227077,0.0,0.0,0.015502472809480822,1.612495535836559,1.6251962990441582,0.1746215561256748,904.3765335402229,0.3459157943725586,1.4460803270339966,0.018647155543754197,81716.0,0.0,81454.0,0.0,0.0,0.9904177373423237,0.9000000000000004,0.891375946699326,0.31778708516127474,0.0732990459376689,0.017684053803191716,0.01673550762552242,-0.1897935963529356,0.15985637556010562,0.5481171548117155,1.6251963051243694,0.0,239
349,train,pact,3.0,0,0.005378621699537879,0.0010209338341376386,0.0017015562954694364,0.0,0.0,0.01573052571182408,1.5957966838421682,1.595458118237212,-0.2563061420172531,913.3027645095123,0.34295182385205225,1.4483822589140058,0.002632030529213244,81954.0,0.0,81692.0,0.0,0.0,0.9900886506216297,0.9000000000000004,0.8910797647352497,0.18625313944626087,0.04041535090383641,0.0016795090163369073,0.0024631413446867664,-0.18989806069623597,0.19754295379684852,0.5439330543933054,1.5954581175928135,0.0,239
350,train,pact,3.0,0,0.04055127557113798,0.008901725194629314,0.014836208201745364,0.0,0.0,0.015462914018046158,1.5977946218087584,1.596746755693747,-2.621391433926307,847.1986459388893,0.2188988512218248,1.5021403968084805,0.008260555995947771,82192.0,0.0,81930.0,0.0,0.0,0.9903229841627337,0.9000000000000004,0.8912906753966998,0.2722772902334601,0.25331374229431747,0.0019000918157641765,0.00831379398559152,-0.19266865686407827,0.2243093266862518,0.45188284518828453,1.5967467622165596,0.0,239
351,train,pact,3.0,0,0.3612674953427315,0.08432144384584173,0.1405357291909522,0.0460251045401625,0.0,0.01601888601781185,1.5572690335277732,1.5875573649566044,0.5847209633394266,1058.6398969195377,0.5499064232764383,4.032507139269777,0.06275080431985307,82430.0,0.0,82168.0,0.0,0.0,0.991814654990719,0.9000000000000004,0.8926331747525905,0.774532589140319,0.3983011800961048,0.027939528702636777,0.0616840519221445,-0.19416947831656253,0.25018546544407844,0.4225941422594142,1.5875573727687562,0.0,239
352,train,pact,3.0,0,0.0002749838577568819,5.680321414139566e-05,9.467201532392224e-05,0.0,0.0,0.015179906496349488,1.5447671198944666,1.5451655208316308,0.4042518579062059,914.829378902164,0.537854015827179,6.556486129760742,0.003371798954431599,82668.0,0.0,82406.0,0.0,0.0,0.9898516598106927,0.9000000000000004,0.8908664731301025,9.838112051488022,-9.51239810460667,0.002590328329468988,0.0030097960617815078,-0.18914672559743204,0.23763316418884828,0.4811715481171548,1.5451655229378465,0.0,239
353,train,pact,3.0,0,0.4870875290074779,0.1113406762564805,0.18556778337831123,0.047926969296263854,0.0,0.01601340228138359,1.6035657048724186,1.6155427529722077,0.5309161375506652,847.4019190576785,0.5714234029211759,2.5830487307145504,0.04907414773858732,82906.0,0.0,82644.0,0.0,0.0,0.9900909298134648,0.9000000000000004,0.8910818227165413,0.6055506482929195,0.5608270661488897,0.0009475320005549292,0.05242232730956838,-0.2007172061587672,0.29072079290186653,0.37656903765690375,1.6155427391331472,0.0,239
354,train,pact,3.0,0,0.0038738029971952595,0.0010436112003605015,0.0017393519187082584,0.0,0.0,0.01575429891489415,1.595537679714139,1.614027433814364,0.43278982088156825,1055.2239007032067,0.8030392747045062,1.8246519829937604,0.028960602332654732,83144.0,0.0,82882.0,0.0,0.0,0.9909398807641353,0.9000000000000004,0.8918458734596125,0.34412507507112294,0.12725226081191476,0.02756727030952287,0.025598682794636153,-0.19482833029198807,0.2167720110389032,0.47280334728033474,1.614027423460303,0.0,239
355,train,pact,3.0,0,0.031455413804247795,0.00711292408812057,0.01185487275591844,0.0,0.0,0.015637577236649505,1.6057751083972565,1.6060030724712995,0.24973125476195285,1013.5698418397784,0.19573654189207065,4.113226963885159,0.01109227107920115,83382.0,0.0,83120.0,0.0,0.0,0.9907363540956665,0.9000000000000004,0.8916627014032468,0.7867890684853568,0.1048549282263791,0.005395623209716921,0.010342280489658531,-0.1975060296702477,0.2660909819282471,0.46443514644351463,1.6060030763202877,0.0,239
356,train,pact,3.0,0,0.27817753698797626,0.061995988324102566,0.10332664108126775,0.03042982125880828,0.0,0.015243843797921635,1.5629150680418293,1.566657235931652,-0.012846049061629563,912.2475688088389,0.3176203130678153,3.0032982379821553,0.032769561596175806,83620.0,0.0,83358.0,0.0,0.0,0.9896760508106344,0.9000000000000004,0.8907084193189773,0.4477084825404355,0.4806723604788955,0.0010887213410352217,0.03582213870896305,-0.18374309176173315,0.15178491943381112,0.5439330543933054,1.5666572292446708,0.0,239
357,train,pact,3.0,0,0.14822524460574474,0.03822149071857745,0.06370248049898848,0.007227082756273916,0.0,0.014910744754480643,1.5072677746477485,1.5155420605108827,0.6414663033505364,1048.4604803747711,0.6324843225618786,6.896401711088843,0.03759867637554597,83858.0,0.0,83596.0,0.0,0.0,0.9909395824915196,0.9000000000000004,0.8918456143415124,1.2507099429649113,0.42746684373411425,0.023121663868619965,0.03283917377157347,-0.187155394385467,0.25712929167037596,0.3891213389121339,1.515542060599146,0.0,239
358,train,pact,3.0,0,0.3893441522848197,0.08597124789907656,0.14328540254350305,0.04849752790010125,0.0,0.015049721059782984,1.5359024749640142,1.5496271497036125,0.6042446802101374,983.3348227784224,0.5663513192073072,5.4757491175599675,0.062171215039510355,84096.0,0.0,83834.0,0.0,0.0,0.9903038029391397,0.9000000000000004,0.8912734052626159,0.7537206483268402,0.3972141066999002,0.026297870751780767,0.061378343262666814,-0.1917113725859302,0.280720496157156,0.3598326359832636,1.5496271537781738,0.0,239
359,train,pact,3.0,0,0.09046233746581896,0.020456530489998032,0.0340942156629707,0.0011411183299379866,0.0,0.014979410626259184,1.5493525855212031,1.5544351952844084,0.41461558883160227,997.7492075644776,0.4097397232030725,6.505618892454203,0.02516951968369296,84334.0,0.0,84072.0,0.0,0.0,0.9906514324403707,0.9000000000000004,0.8915862702924338,0.7461142693418813,0.189267661358982,0.011316929573773832,0.023873580086812625,-0.18553298554168907,0.1889670316626606,0.4811715481171548,1.5544351919175705,0.0,239
360,eval,pact,3.0,0,0.04666315660102996,0.007863716722895181,0.013106193741162212,0.0,0.0,0.010539793660747332,0.8672537666484402,0.8657590899008587,0.06324620824672524,4513.975551972329,0.09718906471045945,4.401021318954404,0.010068475298980976,84572.0,0.0,84310.0,0.0,0.0,0.9982974227502256,0.9000000000000004,0.89846766044904,0.46011720603939127,0.18050392683165795,0.0043515585344701,0.009692456388152419,-0.09705075822483084,0.0,1.0,0.8657590934857434,0.0,239
361,eval,pact,3.0,0,0.026644077069207902,0.007788351677796169,0.012980585846258181,0.0,0.0,0.010002465008769699,0.8538115628094852,0.8393888084459504,-1.4908851185135512,46104.34870636114,0.07548603858159676,12.48320046029829,0.005808363157659613,84810.0,0.0,84548.0,0.0,0.0,0.9951978054006728,0.9000000000000004,0.8956780087000157,0.49848772658393736,0.41675384799537496,0.0014176225926923124,0.00580726821115825,-0.09352848800279716,0.002611353452624707,0.9916317991631799,0.839388808214031,0.0,239
362,eval,pact,3.0,0,0.27401919350725557,0.0417043386975466,0.06950722848623285,0.0,0.0,0.008933468580549917,0.7785236033685038,0.7662805210346956,-1.5232015309161722,126295.17092703976,-0.0159109551541139,67.36183373199846,0.033068832976424045,85048.0,0.0,84786.0,0.0,0.0,0.9816343071071673,0.9000000000000004,0.883470862480387,0.5447877600380996,0.3517709456406257,0.008570148421680196,0.03131940371695922,-0.0864487722861298,0.001899166147363423,0.9874476987447699,0.7662805242832134,0.0,239
363,eval,pact,3.0,0,0.02979833591694332,0.003845554099110258,0.006409256515630412,0.0,0.0,0.010438502832436662,0.8188785041475894,0.8549564132879968,-0.12378201142117132,86947.7428535238,-0.044929356415557314,20.464389417959556,0.019300279435487348,85286.0,0.0,85024.0,0.0,0.0,0.9905263158067998,0.9000000000000004,0.8914736626537275,0.6738082540591912,0.4379346498198017,0.01856304441846194,0.016828907698501976,-0.0926996584241764,0.0034719131131487582,0.9916317991631799,0.8549564161317075,0.0,239
364,eval,pact,3.0,0,1.0033001283974734e-05,1.756912729338544e-06,2.9281878619353485e-06,0.0,0.0,0.01099172786314617,0.9022510922104744,0.8992349827139946,-0.8831368513623541,323464.1566422594,-0.06453797966241837,28.181495666503906,0.0036907239147816553,85524.0,0.0,85262.0,0.0,0.0,0.9953875308505661,0.9000000000000004,0.8958487614178757,200.81279839786276,-507.3639214082065,0.002547670934661055,0.0028687965652854745,-0.10349207798930406,0.0018398172052583163,0.99581589958159,0.8992349806318131,0.0,239
365,eval,pact,3.0,0,0.46892580401234446,0.08671721211461293,0.1445286802750979,0.0108406238226711,0.0,0.009455370102038755,0.842507541179657,0.8235697955765984,0.2134608291308727,107067.77930504706,0.10066289294542254,113.39613810343722,0.06216751541318878,85762.0,0.0,85500.0,0.0,0.0,0.9861965802922907,0.9000000000000004,0.8875768940942557,0.6249363535947092,0.349551357410561,0.023361022074548703,0.06113849151256069,-0.10371804231018775,0.06822160894982046,0.8786610878661087,0.8235697997211914,0.0,239
366,eval,pact,3.0,0,0.0760018663305159,0.013036568747840921,0.021727613454660746,0.007417268957553049,0.0001901863883229978,0.011495083623086433,0.828366817041421,0.8685004876996683,-0.21161627083642712,134070.54986597804,-0.04758608996747334,120.36073347115617,0.023628064018194894,86000.0,0.0,85738.0,0.0,0.0,0.9935541339997966,0.9000000000000004,0.8941987004738972,1.0510271623265353,-0.3301511338907306,0.008090435794950602,0.020710413526377355,-0.10400283500824321,0.01608356331048399,0.9790794979079498,0.8685004831517785,0.0,239
367,eval,pact,3.0,0,0.5000638219418426,0.06953479450499365,0.1158913178871109,0.0009509319416149889,0.0,0.009020835630767141,0.7560767769564146,0.7555790290423517,0.17234424043010343,64436.406781184625,0.05989728313792793,53.38862760296426,0.04290070060921139,86238.0,0.0,85976.0,0.0,0.0,0.9843265803289214,0.9000000000000004,0.8858938915460179,0.708829670081591,0.4207181321980932,0.028131179884076117,0.0420412169866825,-0.0923001959942373,0.011394996884180539,0.9790794979079498,0.7555790254642081,0.0,239
368,eval,pact,3.0,0,0.10614915428562363,0.025345219401897795,0.042242029843547246,0.0,0.0,0.009975710187193053,0.8621518876263288,0.8451656985981195,0.12744834288081863,182453.5535597542,0.01866370267293194,137.29314259804443,0.02477931132770015,86476.0,0.0,86214.0,0.0,0.0,0.9901786154782922,0.9000000000000004,0.8911607357747385,0.5363595453114425,0.343890735868691,0.010549966667061018,0.023483542040590524,-0.09424961737415126,0.006884477284192409,0.9790794979079498,0.845165698940762,0.0,239
369,eval,pact,3.0,0,0.04253382063096937,0.01322563152022808,0.022042718222174816,0.0,0.0,0.011331495277536838,0.8882202625773442,0.9165506532501476,-0.14372355643675416,165794.80708191684,-0.057511413336447034,90.4651443210107,0.0180005689276281,86714.0,0.0,86452.0,0.0,0.0,0.9961222507464835,0.9000000000000004,0.8965100102344816,1.1389057342710007,0.3752156681728972,0.011560162230914469,0.01579147998524136,-0.10564549795253744,0.0025816789815721534,0.9916317991631799,0.9165506584611296,0.0,239
370,train,pact,3.0,0,2.149352706407653e-05,6.608931490446141e-06,1.1014884792484545e-05,0.0,0.0,0.01579697633933697,1.608792616483058,1.6094708043661077,-1.0677369647507389,6130.407735784683,-0.06489518284797668,97.79308319091797,0.0027460290313919737,86952.0,0.0,86690.0,0.0,0.0,0.9776923899620646,0.9000000000000004,0.8799231286203512,3.939697558776495,-4.16646166527767,0.0016908005772262535,0.001693854856917466,-0.1935924636715437,0.20620789934419417,0.4686192468619247,1.609470804905569,0.0,239
371,train,pact,3.0,0,0.501210307838382,0.12057762155063946,0.20096269268614375,0.041460631968586015,0.0,0.01609618333655421,1.6149394953600034,1.6338951280925065,0.4106164818734835,1049.4045394833618,0.5702846972934247,6.0728150606155396,0.07453803302891646,87190.0,0.0,86928.0,0.0,0.0,0.9908077646997683,0.9000000000000004,0.8917269716701747,0.7387111200983285,0.4145490137996499,0.05639586908121904,0.07443188404991724,-0.20330301673163992,0.301789370604469,0.39330543933054396,1.6338951315544676,0.0,239
372,train,pact,3.0,0,0.03316622928357742,0.007741296754373168,0.012902160505759316,0.0,0.0,0.015121054344627398,1.5780705278388625,1.5803411772560374,0.4431780059217908,1114.4475220237316,0.5484088568258485,7.128111167931657,0.017448109976711555,87428.0,0.0,87166.0,0.0,0.0,0.9897791643521776,0.9000000000000004,0.8908012207581907,0.22777733663043662,0.21068186259465027,0.013032015512875151,0.01641154562651129,-0.1887814852237967,0.1902430339179204,0.5188284518828452,1.5803411788214543,0.0,239
373,train,pact,3.0,0,0.1712039733909204,0.04144988795678918,0.06908314191866366,0.014263978874833015,0.0001901863883229978,0.01480159384225764,1.504339258541123,1.5201986230068127,0.47682883861673425,1076.681036402491,0.5225184822930452,4.199918261132979,0.039756406084965584,87666.0,0.0,87404.0,0.0,0.0,0.9910722484648478,0.9000000000000004,0.8919650109243193,0.9561801191178275,0.2872288844123102,0.01567405947356773,0.036987064918698,-0.19215219811940526,0.3075462179886644,0.3682008368200837,1.5201986184255494,0.0,239
374,train,pact,3.0,0,0.12646471729623124,0.035301336352417494,0.05883555666237405,0.015214910691752095,0.0,0.015443334453369035,1.6027281344186313,1.6171107573988048,0.3267897815759212,1316.769905888386,0.44969025604274887,5.538463720217909,0.03779617069185824,87904.0,0.0,87642.0,0.0,0.0,0.9914583798232937,0.9000000000000004,0.8923125249571381,0.6785071836181398,0.21539823301798677,0.014305386504941675,0.03646321181124115,-0.19859504863523156,0.26033413454405174,0.4351464435146444,1.6171107453582831,0.0,239
375,train,pact,3.0,0,0.5019918540521879,0.10726837149830233,0.17878060660185074,0.040509699590535346,0.0,0.014039922193877367,1.3897860117537206,1.3977579352247167,0.5400126600115868,1063.1680126748822,0.5215090281918457,2.6935477062249285,0.056364908644191095,88142.0,0.0,87880.0,0.0,0.0,0.9898911068629022,0.9000000000000004,0.8909019795421776,0.796127478268522,0.4752962174534926,0.0024594581752483335,0.0561627473613485,-0.19813252616571572,0.5051781951986706,0.15481171548117154,1.3977579396871742,0.0,239
376,train,pact,3.0,0,0.34251428529070727,0.07878919534174567,0.13131531665480545,0.035374667666946,0.0,0.01601357321999188,1.557450302724559,1.5633142091739127,0.5792289852597224,1087.1733623169457,0.5449325766523513,3.6784856179768073,0.04839541687275513,88380.0,0.0,88118.0,0.0,0.0,0.990194983811558,0.9000000000000004,0.8911754638580098,0.513530507021029,0.52433980134237,0.02398681434917926,0.05133942292348548,-0.18580092532044676,0.18697884210213955,0.5146443514644351,1.56331421403495,0.0,239
377,train,pact,3.0,0,2.149352706407653e-05,3.0341935412233468e-06,5.056989032416663e-06,0.0,0.0,0.016039351375469604,1.6090080039770533,1.6212353648999744,0.37297683580151164,1094.5579468794947,0.7641305923461914,0.7761707305908203,0.03614441409636928,88618.0,0.0,88356.0,0.0,0.0,0.9911658364858588,0.9000000000000004,0.8920492410161006,18.72752141743806,-19.093267619517796,0.032296607222784546,0.03181013748976188,-0.19767059114852117,0.258256921570373,0.4686192468619247,1.621235362035392,0.0,239
378,train,pact,3.0,0,0.4706366194916741,0.1091018915356464,0.18183647325431937,0.04127044551791506,0.0001901863883229978,0.014474490815267029,1.4750218241783366,1.4745919240568472,0.5021449240181736,1014.2503302027491,0.5806320042166251,1.0499129679412522,0.04420682403834237,88856.0,0.0,88594.0,0.0,0.0,0.9905102255454123,0.9000000000000004,0.8914591887007198,0.6330879142161249,0.5989495677466286,0.0018569332756809532,0.047954742929452024,-0.18840243121624842,0.32401554942283156,0.32217573221757323,1.4745919244665462,0.0,239
379,train,pact,3.0,0,0.40549756067851994,0.07771414014615749,0.12952355880137262,0.01977938413619995,0.0,0.015252396415638499,1.5480695563878972,1.5651087399307155,0.776603120640232,918.8220248042788,0.755358650095792,3.6265380750390777,0.044217189468996734,89094.0,0.0,88832.0,0.0,0.0,0.989433826013589,0.9000000000000004,0.8904904316658754,1.0219133357518435,0.5700877332105468,0.02921764779529428,0.04265451729960085,-0.18740660776212892,0.20540668862577524,0.4225941422594142,1.565108735115139,0.0,239
380,train,pact,3.0,0,0.5020705397688578,0.1083225414046587,0.1805375572471786,0.034804108626672915,0.0,0.015507808128551084,1.5659333532325392,1.577880288267734,0.6869487213789169,890.7190115062762,0.6094059507717149,3.120671371286384,0.06319785401299129,89332.0,0.0,89070.0,0.0,0.0,0.9904900687010219,0.9000000000000004,0.8914410429519589,0.7637164439049839,0.42485376059549407,0.04776299372315407,0.06409796583271395,-0.18492284884863094,0.1504495682364462,0.502092050209205,1.577880289114897,0.0,239
381,train,pact,3.0,0,0.12646474479892483,0.028895345677609,0.048158906267836074,0.007227082506882097,0.0,0.014943656279748328,1.5635055695118765,1.5673401440536627,0.5010858927561149,1040.9352110539521,0.5204927511824973,8.701134445776999,0.02940108014414843,89570.0,0.0,89308.0,0.0,0.0,0.9901288872483385,0.9000000000000004,0.8911159801682668,0.3500906026040145,0.35066137253874274,0.015039026447331273,0.02926560660539717,-0.18491567251015217,0.16751238909166444,0.4895397489539749,1.5673401360327295,0.0,239
382,train,pact,3.0,0,0.3269574497412977,0.07518205342496011,0.1253034150451115,0.026245721027442104,0.0,0.01678432352552541,1.5906711654683037,1.6321573651485364,0.6224117852653919,1154.1406461963095,0.6233020029556802,5.960781634602088,0.05391367847512955,89808.0,0.0,89546.0,0.0,0.0,0.9921568021115897,0.9000000000000004,0.8929411083085766,0.9522075208482061,0.44043051086406504,0.02509452185897839,0.05161250822409738,-0.19377948706573406,0.18742395916792784,0.49372384937238495,1.6321573503469382,0.0,239
383,train,pact,3.0,0,0.20738793141458225,0.05267216560838339,0.08778693764697017,0.02206162073372797,0.0005705591649689933,0.015418115336931151,1.5340314579808063,1.5443825163103049,0.4658112524692982,1219.205995184607,0.4633313416811213,5.207317329600266,0.049125983644760056,90046.0,0.0,89784.0,0.0,0.0,0.9909122643610424,0.9000000000000004,0.8918210193203084,0.8113153108955803,0.29096561437751023,0.01932298289791036,0.04654436042263449,-0.1976633081581008,0.33849669129647764,0.30962343096234307,1.5443825135192835,0.0,239
384,train,pact,3.0,0,0.007217873016016257,0.001053539480765352,0.001755899005988357,0.0,0.0,0.014670695708168351,1.5674574709337625,1.5668983708864475,0.3111766648467116,857.5415409359473,0.2319498758560444,2.136177523864363,0.0032670668501184794,90284.0,0.0,90022.0,0.0,0.0,0.9894456663889865,0.9000000000000004,0.8905010772050674,0.9346350863349197,-0.12995774003394667,0.002134059968669205,0.002983453242735602,-0.18819644433145954,0.18760200599424318,0.48535564853556484,1.566898364783447,0.0,239
385,train,pact,3.0,0,0.49418196437011425,0.10934656400555111,0.1822442614587215,0.04222137752187801,0.0,0.014994179220114168,1.5353395317887661,1.5405283899486812,0.49444217231732535,907.0350947040893,0.4913426028510018,1.5099595974678774,0.04941244152632482,90522.0,0.0,90260.0,0.0,0.0,0.990342378616333,0.9000000000000004,0.8913081173617471,0.6526279302186135,0.5495254156990868,0.0010385778546151414,0.05179736995759029,-0.18179365871653327,0.1667111783732455,0.4895397489539749,1.54052838599926,0.0,239
386,train,pact,3.0,0,0.4510805060552793,0.09330710706867706,0.15551183668468643,0.024914416433877026,0.0,0.014890231686998861,1.5301351911353267,1.5463792923604096,0.7846617588937033,936.181551242972,0.7162665961676562,4.133991348444169,0.04775986088845084,90760.0,0.0,90498.0,0.0,0.0,0.9907801919402438,0.9000000000000004,0.8917021499518071,0.9774571127549979,0.5768142313017467,0.02845456400105069,0.046603929348851096,-0.1883189588816005,0.24110507730199712,0.3598326359832636,1.546379299975052,0.0,239
387,train,pact,3.0,0,0.4653420529930334,0.10364728564679075,0.1727454651356547,0.04260175011148014,0.0,0.015206950048382187,1.474056317467071,1.4779240209687206,0.668328977778367,897.213303314592,0.6290362821463261,3.676349948140867,0.04465723183847745,90998.0,0.0,90736.0,0.0,0.0,0.9896831726928136,0.9000000000000004,0.8907148326789983,0.6010225235318849,0.6077827395188722,0.015478945019739595,0.04900911046731749,-0.18510632089692147,0.28152170687557493,0.3179916317991632,1.4779240192200958,0.0,239
388,train,pact,3.0,0,0.5016285062847449,0.10756881792652596,0.17928135387262642,0.030429821695243962,0.0,0.015491901928067955,1.5107228646218527,1.5242156855232047,0.6623690786720818,980.3792683749019,0.6481071551599263,2.2145602645734366,0.06519497430661234,91236.0,0.0,90974.0,0.0,0.0,0.9902652783872692,0.9000000000000004,0.8912387370564449,0.8490304898680889,0.4941812127081402,0.1805181633681059,0.06393263854522835,-0.18501820328447882,0.2179293154099528,0.38493723849372385,1.5242156818467854,0.0,239
389,train,pact,3.0,0,0.0043400218550171355,0.001250666011211065,0.0020844433395163777,0.0,0.0,0.015679611602338286,1.54696879900649,1.5556775468662694,0.5575948659346194,962.6903908701621,0.3382533888437758,8.281339795020834,0.019870236883997902,91474.0,0.0,91212.0,0.0,0.0,0.9906068232268967,0.9000000000000004,0.8915461259406979,6.34029526217604,-5.107870141653297,0.012244400814527585,0.017615737278300833,-0.19447497560219018,0.2887326033413455,0.3514644351464435,1.5556775459864007,0.0,239
390,eval,pact,3.0,0,0.02230692015294469,0.0049388563176656,0.00823142673760223,0.0,0.0,0.009337741583507805,0.7622752875463733,0.7515113929824351,0.38999281337321057,3299.5648272526314,0.30109164721983245,8.56382099055845,0.0036865967242086157,91712.0,0.0,91450.0,0.0,0.0,0.9978889553616735,0.9000000000000004,0.8981000329660073,0.43889204273368515,0.46129893530824917,0.0011432944034549548,0.003826563224628973,-0.08364197860120265,0.0002670702394729814,0.99581589958159,0.7515113954237714,0.0,239
391,eval,pact,3.0,0,0.4023595106228796,0.08772542631660263,0.1462090342717438,0.0024724230481989714,0.0,0.008446424896536573,0.7072831954666761,0.6818558123570606,0.42138898591988305,17824.036222705283,-0.08429248339134156,17.405097011741734,0.020847150852327006,91950.0,0.0,91688.0,0.0,0.0,0.9856843266277633,0.9000000000000004,0.8871158704348688,0.7792269832183055,0.7930495277017812,0.006613443841342814,0.025568964409887415,-0.08980471265679464,0.1776907326626903,0.6234309623430963,0.6818558144741999,0.0,239
392,eval,pact,3.0,0,0.2405893336158956,0.05884021382889727,0.09806701749970914,0.0013313046559130298,0.0,0.010082995750898473,0.732481143589299,0.7320871058867068,0.8384668258443537,58908.44621142782,-0.1208249191172951,153.78888700995984,0.016781298616106104,92188.0,0.0,91926.0,0.0,0.0,0.9893827587989583,0.9000000000000004,0.8904444567827999,0.9825531227062124,0.7847637474822137,0.007203206475289752,0.01543672059401558,-0.0917684709916209,0.05967536128668506,0.8242677824267782,0.7320871066416462,0.0,239
393,eval,pact,3.0,0,0.08452669602320004,0.01907993536093333,0.031799891188331084,0.0,0.0,0.00930845309789273,0.7836081797108989,0.7497097317394352,0.5632029929545135,184325.97236205544,-0.1055147133815827,200.69692646808704,0.01707138262336458,92426.0,0.0,92164.0,0.0,0.0,0.988956976261099,0.9000000000000004,0.8900612616389366,0.5626059177389047,0.3480550354569921,0.004659448814203554,0.01554645252780342,-0.0863352683555524,0.021395293628891067,0.9539748953974896,0.7497097315905215,0.0,239
394,eval,pact,3.0,0,0.2905912866229464,0.04083856748984849,0.06806427579988442,0.0015214911065839823,0.0,0.009013759340529786,0.6924107938880202,0.7018921637136069,0.14014904088706995,86786.79989866632,-0.0421766990787938,41.535415721238905,0.02205632828861849,92664.0,0.0,92402.0,0.0,0.0,0.9857592280938535,0.9000000000000004,0.8871832826646302,0.7453177858034118,0.696032222835679,0.018128352193161845,0.02286502804848751,-0.07652613121812817,0.004095077005252382,0.9832635983263598,0.7018921647958769,0.0,239
395,eval,pact,3.0,0,0.4891325118103957,0.06075852157586855,0.10126419685898269,0.0,0.0,0.008618773346977254,0.6668812815863717,0.6496261747312346,0.6764333125936436,47095.25557335251,-0.024557736556896418,27.276795566830177,0.029499090364335345,92902.0,0.0,92640.0,0.0,0.0,0.9831999086435869,0.9000000000000004,0.884879900072409,0.7534643730601923,0.5661613584103884,0.016159633094886022,0.028670811106033905,-0.07641907768362055,0.00014837235526276744,0.99581589958159,0.6496261727095466,0.0,239
396,eval,pact,3.0,0,0.5000638237883528,0.10234900415923057,0.17058166581333642,0.0024724230481989714,0.0,0.00891174035045517,0.7769332765036547,0.7341283876526805,0.6011402095710882,47676.13581982218,-0.016838653969761593,66.16651076153232,0.04080226473027069,93140.0,0.0,92878.0,0.0,0.0,0.9928356199583748,0.9000000000000004,0.8935520324746934,0.7162728853647617,0.6411628891738381,0.041828902717679736,0.04271295012041116,-0.09937920702336353,0.02560906851835366,0.9288702928870293,0.7341283853852941,0.0,239
397,eval,pact,3.0,0,0.49267310757053845,0.11552730765141399,0.1925455018699037,0.0030429822131679647,0.0,0.008807283090661323,0.7205621347018366,0.6941972215305312,0.7141810304730757,48201.84059558054,-0.02518643257105879,118.69924934738351,0.036222996634419496,93378.0,0.0,93116.0,0.0,0.0,0.984488822800345,0.9000000000000004,0.8860399225516299,0.8950775986240989,0.7030184729706133,0.01197163010125651,0.03662036439972817,-0.09945028861291642,0.2479895545861895,0.5146443514644351,0.6941972178222138,0.0,239
398,eval,pact,3.0,0,0.0007224766159197316,0.00015454097681784286,0.00025756828015717427,0.0,0.0,0.010466700018418634,0.7706189784045997,0.7756466858057797,0.4806292443594673,165136.9328909519,-0.10314833372831345,330.3846740722656,0.01084741385006755,93616.0,0.0,93354.0,0.0,0.0,0.9938729258261964,0.9000000000000004,0.8944856156614535,18.453101420468357,-29.69190363144265,0.00580993288817505,0.008252974272273075,-0.09124020468661546,0.0,1.0,0.775646685484694,0.0,239
399,eval,pact,3.0,0,0.4671610229562556,0.0806472805927579,0.1344121267562765,0.0022822366598759733,0.0,0.009228523337442007,0.6888714339194437,0.673133484988033,0.6646709942169269,65884.76413768306,-0.050371956952582564,74.77630347886345,0.025926385486934912,93854.0,0.0,93592.0,0.0,0.0,0.984599263099447,0.9000000000000004,0.8861393207785475,0.8658276686892685,0.7009052199541148,0.007123083979995163,0.026360078890141584,-0.08356662998104561,0.006943826226297517,0.9748953974895398,0.6731334859786552,0.0,239
400,train,pact,3.0,0,0.0008817244371400257,0.00018312217565774567,0.0003052036046945767,0.0,0.0,0.015339019277744836,1.5879345813056913,1.589022982569419,0.018724507047496657,2530.6777542944233,-0.1664833128452301,176.66586303710938,0.011246101446810207,94092.0,0.0,93830.0,0.0,0.0,0.9824316610102873,0.9000000000000004,0.8841884747209908,17.767525762833177,-27.19850702996077,0.005758940946049863,0.00854588897105318,-0.1929760425032861,0.2454672245467224,0.4686192468619247,1.5890229889535654,0.0,239
401,train,pact,3.0,0,0.48485144005920816,0.11901989724733215,0.19836648351555897,0.04050969990227512,0.0,0.015991047488439783,1.59106329195669,1.582825825304167,0.37347176575947505,874.8750840191063,0.40797050752400355,49.50612597049031,0.05001512231863207,94330.0,0.0,94068.0,0.0,0.0,0.9898716585406698,0.9000000000000004,0.8908844757279591,0.6442545531548309,0.5814296354959752,0.0010057153035415382,0.05249252072235893,-0.19164014439622057,0.23401287872043675,0.4351464435146444,1.582825814346023,0.0,239
402,train,pact,3.0,0,0.0,0.0,0.0,0.0,0.0,0.016324342230420605,1.5999110887240167,1.6377624806998663,0.42319034944019557,1207.871219906348,0.6940159797668457,2.41066575050354,0.03528704044041828,94568.0,0.0,94306.0,0.0,0.0,0.9909788148173727,0.9000000000000004,0.8918809219883077,nan,nan,0.03136782454342336,0.03136782413158589,-0.19214619512935424,0.16190391406273183,0.5481171548117155,1.6377624932651664,0.0,239
403,train,pact,3.0,0,0.009418921166737213,0.0021001715671993687,0.0035002857504086667,0.0,0.0,0.015849463096098918,1.5937849278230547,1.594132922433909,0.24842241249821942,970.2259421887259,0.15154218999474117,2.0617841781432658,0.0041923988526482445,94806.0,0.0,94544.0,0.0,0.0,0.9911142213574015,0.9000000000000004,0.8920027738335741,0.4015960437506205,0.1165380850003942,0.00244293172684748,0.003949832290356928,-0.18911623151155715,0.18442683759161993,0.5313807531380753,1.5941329132312325,0.0,239
404,train,pact,3.0,0,0.48366004122113304,0.10510225730986615,0.17517041854482776,0.036896158586486115,0.0,0.014676189055923513,1.4727052871652229,1.4705263333839353,0.3840859860618244,1063.9194803277817,0.43767134832787213,1.4393123478071461,0.04562729801040724,95044.0,0.0,94782.0,0.0,0.0,0.9897765833962413,0.9000000000000004,0.8907989081478518,0.6375002454529604,0.5675850123523519,0.0008973720433396223,0.04841923488427741,-0.18382456337134925,0.2874566010860857,0.3598326359832636,1.470526332086299,0.0,239
405,train,pact,3.0,0,0.49865054549941856,0.10920134394643763,0.18200222862780957,0.035945226395479306,0.0,0.015533666293990164,1.5400851989889743,1.552527511718383,0.7959844193199189,881.242507232283,0.7075099113346642,3.175273526787259,0.0567906291153921,95282.0,0.0,95020.0,0.0,0.0,0.9900519398964599,0.9000000000000004,0.8910467322900205,0.9287168312525097,0.5446583344156286,0.06296549364924431,0.05596828684366647,-0.18890115443320718,0.2231223478441497,0.40585774058577406,1.552527521114123,0.0,239
406,train,pact,3.0,0,0.06036288374898542,0.014305684354573208,0.023842806059889792,0.0,0.0,0.015220905332650725,1.5772680488091633,1.5774517445883491,0.5812738489156987,863.2635204363069,0.5017875437332496,8.283198168586987,0.021320199703984744,95520.0,0.0,95258.0,0.0,0.0,0.990417316368933,0.9000000000000004,0.8913755576480882,0.293196742726498,0.2908955581341266,0.013785144073264189,0.020536882952868814,-0.1866976777210345,0.17220095551796788,0.5313807531380753,1.5774517360813085,0.0,239
407,train,pact,3.0,0,0.2988020511427855,0.06344913123763667,0.10574854459885359,0.03195131280182795,0.0,0.014385284464338708,1.5022390424955838,1.5035199582826144,0.4185730187713352,909.5099944429917,0.47254648729847065,1.181158711970102,0.03878005342090417,95758.0,0.0,95496.0,0.0,0.0,0.9898229849887193,0.9000000000000004,0.8908406695561429,0.5226865503423825,0.5319942805834552,0.017949140397831798,0.04097316528097668,-0.18477929879428173,0.23879046855989788,0.4225941422594142,1.5035199509267667,0.0,239
408,train,pact,3.0,0,0.02819465429997744,0.006909336283402717,0.011515559627677321,0.0,0.0,0.016139261627172326,1.5899712288728818,1.6011500213934289,0.4777759231284074,1011.0105503992057,0.32896471859022164,10.257757707120984,0.033234809463937226,95996.0,0.0,95734.0,0.0,0.0,0.9907293701271632,0.9000000000000004,0.8916564147342698,3.170083340654379,-1.6189504894583102,0.017080580352475404,0.02886296264027444,-0.2031580941613849,0.35182052879907416,0.3598326359832636,1.6011500111928763,0.0,239
409,train,pact,3.0,0,0.017240600663365867,0.003639614652559404,0.006066024122937733,0.0,0.0,0.01566987066377718,1.5923579175601943,1.5916520703786587,0.2677196119307973,972.222799516622,0.3100906167194933,10.183723520035525,0.0045024331661483626,96234.0,0.0,95972.0,0.0,0.0,0.9901308534534407,0.9000000000000004,0.8911177391287672,0.18242951592742487,0.11985191686255048,0.0014138639060473708,0.004405864616121686,-0.19177174616487142,0.22424997774414668,0.46443514644351463,1.5916520795763134,0.0,239
410,train,pact,3.0,0,0.04253382063096937,0.012262048164275903,0.020436746218658458,0.0,0.0,0.01585161592226834,1.5843804952489782,1.5878516208676614,0.21490625897227594,957.7203312957636,0.3885615355798889,3.916241415873731,0.01719117235240359,96472.0,0.0,96210.0,0.0,0.0,0.9901323193785536,0.9000000000000004,0.8911190663920286,0.7125874321555534,0.21728090620842655,0.008973835518864081,0.0162672263719424,-0.19655774408766977,0.2704234547019199,0.39330543933054396,1.5878516298135836,0.0,239
411,train,pact,3.0,0,0.09046233746581896,0.02300511134510629,0.03834185101555575,0.00475465964572699,0.0,0.016060911428775623,1.5769721733476327,1.587455301105228,0.27999819351835603,960.9112479876275,0.382348499350468,8.947992652529951,0.028113630470950314,96710.0,0.0,96448.0,0.0,0.0,0.9905654880292246,0.9000000000000004,0.8915089279039136,0.7013756403436473,0.16869096396084604,0.01185252636643759,0.02676777433039948,-0.19858273478473656,0.29778331701237426,0.36401673640167365,1.5874553029205818,0.0,239
412,train,pact,3.0,0,0.07600188859598127,0.01673035181154157,0.02788391787579252,0.0001901863883229978,0.0,0.014817839237046914,1.5570043918976724,1.5554183761445048,-0.012525186694234953,918.9492925540173,0.3977689656378335,8.59517481686181,0.012613005384908274,96948.0,0.0,96686.0,0.0,0.0,0.9895076886380567,0.9000000000000004,0.8905569015686482,0.295229439966364,0.308652678393311,0.0013435005199796419,0.01303493809233815,-0.18404528922076388,0.16291284607851866,0.5397489539748954,1.555418378579345,0.0,239
413,train,pact,3.0,0,0.5008256440260959,0.11783770159870595,0.19639615759496562,0.05001901894433728,0.0,0.015274079520426784,1.553847663322752,1.573579982484235,0.7302023925541834,849.3289830674686,0.6191886345462321,3.5425338004423486,0.061634988576625804,97186.0,0.0,96924.0,0.0,0.0,0.9908886509460385,0.9000000000000004,0.8917997718854929,0.8690804622126828,0.504014127386546,0.0400050286861027,0.06253105841935554,-0.1909121901660419,0.2313125018546545,0.4351464435146444,1.5735799850313794,0.0,239
414,train,pact,3.0,0,0.11952208523755692,0.027083904608337903,0.04513983814612398,0.0077976417965469995,0.0,0.015884233658127956,1.5666915928968326,1.5727242278753464,0.5106142491226915,996.2150623529027,0.5687076844680259,4.67240068703017,0.031473183415042995,97424.0,0.0,97162.0,0.0,0.0,0.9906088939271711,0.9000000000000004,0.8915479799194814,0.8615731438227394,0.20513792126427366,0.013875155842838676,0.029561137904268866,-0.19849877740036861,0.3234220600017805,0.3263598326359833,1.5727242172669547,0.0,239
415,train,pact,3.0,0,0.06036288374898542,0.01529094482444543,0.02548490695545263,0.0011411183299379866,0.0,0.015503636107363087,1.582656254329442,1.5870015042596282,0.3528048096216872,890.5199909290011,0.5632686818244567,4.737055462773375,0.012441004205969547,97662.0,0.0,97400.0,0.0,0.0,0.9895151746322919,0.9000000000000004,0.8905636299105368,0.27421610947561503,0.2738576847949431,0.0016528865151464631,0.012722369909718064,-0.19114751041083822,0.22018457520994691,0.4686192468619247,1.587001504872587,0.0,239
416,train,pact,3.0,0,2.1493512025067902e-05,4.089751113284083e-06,6.816251408971191e-06,0.0,0.0,0.015502909958269057,1.5916218717726704,1.597181278292604,0.10663193674752232,936.0834945614866,0.22235922515392303,2.3994178771972656,0.014145620317767262,97900.0,0.0,97638.0,0.0,0.0,0.9905319533088716,0.9000000000000004,0.8914787397723817,302.99625117731324,-336.01836870712066,0.011613311647051114,0.012654194205017394,-0.19199552338565729,0.21051069764681443,0.4811715481171548,1.5971812828772407,0.0,239
417,train,pact,3.0,0,0.022306911853421187,0.005424958278107696,0.009041596745629404,0.0,0.0,0.015628065810651834,1.5753942393857565,1.5769139126753706,-0.19790318804582635,1028.0107018378988,0.42699343994820965,3.080367790605234,0.00836416127879385,98138.0,0.0,97876.0,0.0,0.0,0.9907608954976294,0.9000000000000004,0.8916847833030892,0.5512415249063153,0.1661724905591644,0.004255031147299798,0.007894555666368498,-0.18906513850997808,0.1974539303836909,0.49372384937238495,1.5769139076530325,0.0,239
418,train,pact,3.0,0,0.19920830527869945,0.04949894720049167,0.08249824025066217,0.018638265806261965,0.0,0.015064424312981353,1.5547205509002238,1.5623644538005526,-1.262618460821058,939.2235498149026,0.421095466202273,2.538726436044382,0.028858463127381814,98376.0,0.0,98114.0,0.0,0.0,0.9899942670407156,0.9000000000000004,0.8909948281164448,0.40206518992457446,0.42923693244183936,0.000986934376118315,0.030958916649157103,-0.18371169688877503,0.1587287456601086,0.5188284518828452,1.5623644535526957,0.0,239
419,train,pact,3.0,0,0.49865054549941856,0.11013386213975894,0.18355642431868616,0.038607836143741046,0.0,0.014742371628146666,1.5119150802181356,1.5340277402969584,0.7640503435454109,942.4597341625262,0.6703267466573037,2.9791966098123015,0.05703778495178188,98614.0,0.0,98352.0,0.0,0.0,0.9908206068821033,0.9000000000000004,0.8917385247461965,0.9511904341233914,0.5345669466035253,0.051562966934094824,0.05625855818655825,-0.18493656671112366,0.20920502092050208,0.40585774058577406,1.534027729864475,0.0,239
420,eval,pact,3.0,0,0.1445073664815396,0.017720021159574682,0.029533366982059876,0.0,0.0,0.009909592360398385,0.7145688763223432,0.7264816549033799,0.6115083809178244,3499.5654496069233,0.11861253613956803,9.026676228355663,0.012025495605332831,98852.0,0.0,98590.0,0.0,0.0,0.9963248858391989,0.9000000000000004,0.8966923752589205,1.0659175583834595,0.5455157581924016,0.005841588758550942,0.011215425949352775,-0.0851484942546747,0.0005341404789459628,0.99581589958159,0.7264816528072922,0.0,239
421,eval,pact,3.0,0,0.031455413804247795,0.006661379514180492,0.011102298478469634,0.0,0.0,0.010133661631744152,0.7298444282559671,0.7341037127013984,0.42083082962235646,33173.34688398928,-0.014183726181202104,45.38089665408913,0.007021015912789275,99090.0,0.0,98828.0,0.0,0.0,0.9935095626938792,0.9000000000000004,0.8941585840540451,1.258305343956463,0.29250878935851266,0.0026498800100021582,0.005940801306202946,-0.08535617650496496,0.003056470518413009,0.9874476987447699,0.7341037140389116,0.0,239
422,eval,pact,3.0,0,0.3791192204459613,0.05218515727535598,0.08697525742949035,0.0032331686014909623,0.0,0.008742198085014915,0.6653689257021229,0.6353681856867659,0.12616533817013212,101127.49936257846,-0.07198239734326196,41.65756245537283,0.02669021507742655,99328.0,0.0,99066.0,0.0,0.0,0.9854172592881334,0.9000000000000004,0.8868755256780521,0.6374581210017927,0.5020044799808556,0.0015811067858668066,0.02702381279831947,-0.0769082755860193,0.013828303510489925,0.9707112970711297,0.6353681857187528,0.0,239
423,eval,pact,3.0,0,0.4754479658978925,0.062352603854652675,0.10392100159070922,0.003993914154782953,0.0,0.011447967030107975,0.6681638111878638,0.7042027671965595,0.09505623387305308,38891.840301385986,0.03241037472020192,19.211536259830748,0.04215173297620156,99566.0,0.0,99304.0,0.0,0.0,0.9854078523534112,0.9000000000000004,0.8868670448598502,0.7604747208128445,0.5344573907885378,0.053812941194188835,0.03999078463934456,-0.08503717030022855,0.017745333689426986,0.9539748953974896,0.7042027689180312,0.0,239
424,eval,pact,3.0,0,6.514794980351147e-05,1.948229967573634e-05,3.2470497724290343e-05,0.0,0.0,0.010543821784804057,0.7816996325010036,0.8065302354521332,0.3361866718555594,121042.18982904028,0.1379735767841339,15.7688570022583,0.010055830341736518,99804.0,0.0,99542.0,0.0,0.0,0.9958426090713325,0.9000000000000004,0.8962583293725257,2.226277979515565,-1.6474229731659094,0.008963169390135825,0.008785790639586559,-0.09102818637374004,0.0019288406184159767,0.99581589958159,0.806530231537719,0.0,239
425,eval,pact,3.0,0,0.00791006892580767,0.0022595199755350106,0.003765866326004516,0.0,0.0,0.010240659936015577,0.801670992474177,0.8004527426165018,-0.2627367313213794,165519.68470515168,0.00879033142505954,55.35350927648185,0.0047778792676387285,100042.0,0.0,99780.0,0.0,0.0,0.9945099500931457,0.9000000000000004,0.8950589364043838,0.5486125373102079,-0.01446673202993387,0.0025798245091306197,0.004219234029170142,-0.09681918156509789,0.0,1.0,0.8004527394945061,0.0,239
426,eval,pact,3.0,0,0.5005976241194593,0.09972923674785264,0.16621538834699864,0.0019018638832299778,0.0,0.008001651776619411,0.6602330757733669,0.6382346351525774,0.5268720493429812,87157.55779288703,-0.17185947406651242,48.4551909738006,0.025772168632269405,100280.0,0.0,100018.0,0.0,0.0,0.9819872499011052,0.9000000000000004,0.8837885104712083,0.8325439991927337,0.7500226810028838,0.009942500282906823,0.029866366909240143,-0.09681488667160267,0.2819074749992581,0.4393305439330544,0.6382346342232443,0.0,239
427,eval,pact,3.0,0,0.0349310103396663,0.0038349396227013856,0.006391565715877055,0.0,0.0,0.01027572252027784,0.7405009890699985,0.741139695360072,0.6370441906122982,156325.31746861924,-0.20571388731317042,141.79739978423177,0.008055445043541585,100518.0,0.0,100256.0,0.0,0.0,0.9910640564423725,0.9000000000000004,0.8919576379045782,0.7965608452112931,0.47916540032710697,0.006212957385247825,0.006935489284085055,-0.08229525799056196,0.001513398023680228,0.99581589958159,0.7411396922999883,0.0,239
428,eval,pact,3.0,0,0.29880202014860646,0.051975500801817814,0.08662582926663315,0.010270064595354152,0.0,0.010561446183863793,0.805669330154004,0.8207022752223154,0.3417331944667894,128076.46903602249,0.12930878130407325,114.41308012367791,0.04240239215586101,100756.0,0.0,100494.0,0.0,0.0,0.9915309078274411,0.9000000000000004,0.892377786681243,0.7471750394097789,0.35392308290864793,0.01754943395671607,0.04042907620519088,-0.10599501395159648,0.017062820855218253,0.9581589958158996,0.8207022711236996,0.0,239
429,eval,pact,3.0,0,0.09046236122763525,0.016567635687119737,0.02761272462293122,0.0,0.0,0.009414730205835782,0.7362245175379589,0.7311817531056982,0.2222599567977953,331526.0371338912,0.06748154379912578,151.88232207996575,0.014151925525031828,100994.0,0.0,100732.0,0.0,0.0,0.9905055751361608,0.9000000000000004,0.8914549954266727,0.610700859477785,0.3845414140671626,0.004915953348649459,0.013644605154117032,-0.08162731919635166,0.003353215228938544,0.9916317991631799,0.7311817510876802,0.0,239
430,train,pact,3.0,0,0.011099790736339269,0.0024849233762868905,0.004141538819814711,0.0,0.0,0.01564783710503179,1.5644564693442946,1.572196049919687,-1.7556928006550259,3915.2026239498887,-0.026274594739391217,46.33802676350502,0.015459238077858735,101232.0,0.0,100970.0,0.0,0.0,0.9814063835592948,0.9000000000000004,0.8832657259877257,0.19707770183985948,0.1003472872564396,0.011653208242628374,0.012151736894205492,-0.18509723682364632,0.1569482773969554,0.5397489539748954,1.5721960566832545,0.0,239
431,train,pact,3.0,0,0.01200688445204372,0.003247423875645798,0.00541237283982524,0.0,0.0,0.015844085826596955,1.579881228662435,1.5810528794093113,-0.7832624033155801,986.2131541742939,0.344324855998969,3.035196552216757,0.006136629106374613,101470.0,0.0,101208.0,0.0,0.0,0.9901949144806323,0.9000000000000004,0.8911754107375524,0.6238500209837677,0.2636792042737752,0.003970325316157247,0.00573705883374463,-0.19491220110819132,0.2730644826255972,0.4100418410041841,1.5810528851358496,0.0,239
432,train,pact,3.0,0,0.0012663877662295617,0.00029472203992349076,0.0004912033965110327,0.0,0.0,0.014909316308282036,1.5793867562605248,1.5798608316537226,-6.138405399841245,1012.1964328398765,0.3434946537017822,3.092207431793213,0.0014974664881261394,101708.0,0.0,101446.0,0.0,0.0,0.9900888127263121,0.9000000000000004,0.8910799103800722,0.3989932184926549,-0.04090331804604097,0.001151988377428138,0.0013727303678754967,-0.19002382407219817,0.20917534644944955,0.48535564853556484,1.5798608315488638,0.0,239
433,train,pact,3.0,0,0.4900851427265331,0.11531056627366575,0.1921842639550891,0.047926969046872034,0.0,0.014252616992711273,1.4728037847135855,1.494163654838147,0.55620418472613,1093.2608376985813,0.5458793454807424,3.602345260616127,0.06937118117389694,101946.0,0.0,101684.0,0.0,0.0,0.9904088098633739,0.9000000000000004,0.8913679058082932,0.7590860067311788,0.4622342208484771,0.04247302448729406,0.070171926225142,-0.1926920013542191,0.3510786670227603,0.2928870292887029,1.4941636499549689,0.0,239
434,train,pact,3.0,0,0.002674001892095833,0.0005810292647640313,0.0009683820594488897,0.0,0.0,0.015387732247241371,1.5567260925739879,1.5579640578525336,0.5237344246529136,846.4099624186879,0.6285449862480164,8.888385772705078,0.008890890524864867,102184.0,0.0,101922.0,0.0,0.0,0.9895832800466147,0.9000000000000004,0.8906249294221151,4.646527798607494,-3.423056221353444,0.006214781435236575,0.007885723935428492,-0.18702809048625987,0.20778064630997953,0.4811715481171548,1.5579640519284874,0.0,239
435,train,pact,3.0,0,0.5016285056306393,0.12109548128561932,0.2018257900405108,0.04640547744150441,0.0,0.015608794504005041,1.5902221973471062,1.6070681810379028,0.6393980565929014,869.5800865524484,0.5853875036581291,3.1587496487166593,0.0684568996358055,102422.0,0.0,102160.0,0.0,0.0,0.9909403543591998,0.9000000000000004,0.8918463019147578,0.7790234657535483,0.4629444609828881,0.06109935495381554,0.06859092349498279,-0.19318505895913007,0.21321107451259674,0.49372384937238495,1.6070681621682659,0.0,239
436,train,pact,3.0,0,0.17909066453400735,0.04321896520090088,0.07203160412477148,0.017306960900957114,0.0,0.015659702883324113,1.5889336065268416,1.6023313637557888,0.48276444970314475,1161.185985868446,0.478250083065432,7.047321576453652,0.03678040643062863,102660.0,0.0,102398.0,0.0,0.0,0.9901613770169693,0.9000000000000004,0.8911452198627104,0.39090780259472213,0.40699666380125155,0.017417024509185912,0.03737175294293566,-0.1898082621585528,0.1784325944390041,0.4560669456066946,1.602331380439872,0.0,239
437,train,pact,3.0,0,0.05101152724064263,0.011889386080857475,0.01981564238575397,0.0,0.0,0.016157934796766506,1.545743870934682,1.5569421047944902,0.29272901145234764,958.7938875972476,0.5583839158383374,1.076749698387529,0.03519414649169627,102898.0,0.0,102636.0,0.0,0.0,0.9906286155828372,0.9000000000000004,0.8915657386121391,0.298716736983089,0.26263886702882566,0.03179310709185435,0.03260778686933796,-0.18647970678654102,0.1912816404047598,0.4895397489539749,1.5569421143796454,0.0,239
438,train,pact,3.0,0,0.4934485877536371,0.10628586424773176,0.1771430956651179,0.029669075830212197,0.0,0.01589093280753518,1.5611113471964913,1.598497516689939,0.6646193310805445,959.36596909527,0.6440600130597917,4.1612040787062385,0.06023763462113973,103136.0,0.0,102874.0,0.0,0.0,0.9910676821006392,0.9000000000000004,0.8919608969568708,0.8198559393603968,0.49864704779835345,0.04511265645763188,0.06012185997325756,-0.18533325495746888,0.12706608504703404,0.5648535564853556,1.598497516755319,0.0,239
439,train,pact,3.0,0,0.478391402922768,0.11927761928132842,0.19879602041372468,0.053822746586101325,0.0,0.016692955553469297,1.5905232549212467,1.6245334016229318,0.6163238546339538,1303.5693236793934,0.5761509086297646,4.357827018244994,0.07691752338961204,103374.0,0.0,103112.0,0.0,0.0,0.9917247756754504,0.9000000000000004,0.8925522633177466,0.7359314315041298,0.43670532073955004,0.04430933120323623,0.07662316138181975,-0.1946361153045292,0.21867117718626664,0.4393305439330544,1.6245334029987437,0.0,239
440,train,pact,3.0,0,2.149352706407653e-05,9.634048274545793e-06,1.6056746682814598e-05,0.0,0.0,0.015599467703940105,1.5888629341225244,1.5903754653292221,0.46212905171526025,1147.8991507685832,0.5519800186157227,10.045721054077148,0.007388939225025013,103612.0,0.0,103350.0,0.0,0.0,0.990251034124127,0.9000000000000004,0.8912259095882272,2.7071676299695797,-1.6189754648897328,0.006697296065481459,0.00660853857345242,-0.19123711998251636,0.2114009317783911,0.46443514644351463,1.5903754686065148,0.0,239
441,train,pact,3.0,0,0.48485144005920816,0.1117008497385541,0.18616806921347243,0.04488398689605202,0.0,0.015859673752461143,1.528129933269453,1.5339300116235741,0.5626233994462001,1030.594370055897,0.572053704925162,3.5852835258180624,0.048041505158249176,103850.0,0.0,103588.0,0.0,0.0,0.9905537885602049,0.9000000000000004,0.8914983846153675,0.6090187368895696,0.5719942234421903,0.0011911441357543005,0.05177515037576086,-0.18467796509496776,0.21080744235733995,0.47280334728033474,1.533930001114288,0.0,239
442,train,pact,3.0,0,0.0,0.0,0.0,0.0,0.0,0.016044254153655162,1.5991746611176176,1.6102413131103357,0.5387537717569822,896.1241138410369,0.7412121295928955,2.1759448051452637,0.029718600479237127,104088.0,0.0,103826.0,0.0,0.0,0.9909505943872938,0.9000000000000004,0.8918555144485569,nan,nan,0.02654550115628534,0.026545501189407694,-0.1892970077200538,0.1626457758390457,0.5355648535564853,1.6102413120623293,0.0,239
443,train,pact,3.0,0,0.5010294404741651,0.11060967453238724,0.18434944587452684,0.03670597257225085,0.0,0.014630393508946422,1.4546033585420712,1.4615948773827014,0.644611065108407,988.5939422990488,0.5869262578612716,3.0856502884102666,0.06250000333756396,104326.0,0.0,104064.0,0.0,0.0,0.9903022517220246,0.9000000000000004,0.891272002683025,0.7805145905927287,0.46805535356078876,0.04890774912200868,0.06200169379312436,-0.18702154614826044,0.3282293243122942,0.32217573221757323,1.46159487952852,0.0,239
444,train,pact,3.0,0,0.3308880599050015,0.06698729719570704,0.11164548741441677,0.01635602914638599,0.0,0.014559733387176338,1.5046327872256355,1.500710834519135,0.5879354653996902,985.7795259483688,0.4205946284950278,6.317959961781442,0.042159564155017544,104564.0,0.0,104302.0,0.0,0.0,0.9895010598035038,0.9000000000000004,0.8905509383608606,0.5210259376205019,0.5205305058228877,0.021383759912569075,0.04433298293134844,-0.18821314225440522,0.28766432238345346,0.36401673640167365,1.5007108315280913,0.0,239
445,train,pact,3.0,0,0.38934417804177057,0.09198159189335643,0.15330264525687484,0.038417649568374186,0.0,0.01550670147183737,1.5658794746239315,1.5844936428209728,0.4737134929980194,1102.8808139178543,0.603222068258908,1.0362232965904299,0.06507552130085467,104802.0,0.0,104540.0,0.0,0.0,0.9908418560626616,0.9000000000000004,0.8917576553432512,0.5345096805345183,0.5469068611650232,0.0591715979944205,0.06744694646650527,-0.1881467376250933,0.18321018427846525,0.46443514644351463,1.5844936411027735,0.0,239
446,train,pact,3.0,0,0.48241889700017115,0.11545455532259781,0.19242425023211082,0.037276531737219835,0.0,0.01645900078203576,1.5819279601384406,1.6101608353678651,0.7789429745414765,952.4133397824595,0.6254425396729713,4.8967451151444825,0.055825070020154306,105040.0,0.0,104778.0,0.0,0.0,0.9911785754199806,0.9000000000000004,0.8920606983256639,0.9977216613761826,0.5931634335308544,0.043014962204986,0.05374748767139273,-0.18948537344257846,0.1623787055995727,0.5104602510460251,1.6101608429501595,0.0,239
447,train,pact,3.0,0,0.1445073664815396,0.036870131126196304,0.06145021567837419,0.012742487892944942,0.0,0.016138345429821867,1.5802332786336604,1.5891613084900829,0.4718600238466861,1113.1308874664944,0.5708031291492813,4.547386148235289,0.039684243365794916,105278.0,0.0,105016.0,0.0,0.0,0.9912511042969995,0.9000000000000004,0.8921259731428394,0.6887248932621952,0.2385162143603149,0.017008349265941507,0.038190339295442945,-0.19236618485351206,0.22024392415205196,0.49372384937238495,1.5891613095618191,0.0,239
448,train,pact,3.0,0,0.21976542770897894,0.05551084360671529,0.09251806556914675,0.028337771111951213,0.0001901863883229978,0.016559246863203442,1.5826598041725957,1.6165428211499457,0.41305204677282514,1138.0087995329661,0.5411110388574865,4.950973507250702,0.052448773615366186,105516.0,0.0,105254.0,0.0,0.0,0.9916971762310012,0.9000000000000004,0.8925274413499872,0.7339773247107594,0.26040657305505066,0.01918706173942549,0.050626259829038484,-0.19663913834340793,0.2349624617941185,0.39330543933054396,1.6165428101671404,0.0,239
449,train,pact,3.0,0,0.14082450920353773,0.04103006977200334,0.06838344294916002,0.02985926228088315,0.0007607455532919912,0.016242676562625742,1.547906072568694,1.572286216783723,0.45043818802264946,1309.2210535025497,0.4023523652793598,5.665701506028116,0.04287549134423746,105754.0,0.0,105492.0,0.0,0.0,0.9914772879628457,0.9000000000000004,0.8923295417091338,0.820281641619006,0.25462115027434884,0.01785702203308568,0.040603318595557346,-0.19549774085502697,0.2757648594913796,0.4225941422594142,1.5722862280954613,0.0,239
450,eval,pact,3.0,0,0.1299968671675179,0.024232474634890762,0.0403874567897318,0.0,0.0,0.008293124646431607,0.6118582945987271,0.597196262127186,0.4005624035911081,2117.629467058381,0.2797703424382908,7.178930222738737,0.009339343768127542,105992.0,0.0,105730.0,0.0,0.0,0.9929033891925253,0.9000000000000004,0.8936130304715624,0.6095885715755445,0.6410527434694486,0.0009161479352042079,0.01071487434031091,-0.07548940055386434,0.0284578177393988,0.8870292887029289,0.5971962617003095,0.0,239
451,eval,pact,3.0,0,0.3190210646045298,0.07888531456158501,0.13147551832259055,0.006656523528956968,0.0005705591649689933,0.00963580985378209,0.7298244478562885,0.723158102903406,0.6630138393226528,21336.148948254446,-0.05364220035756806,94.10882527858143,0.029719454193464383,106230.0,0.0,105968.0,0.0,0.0,0.9918631679343379,0.9000000000000004,0.8926768327856662,0.9163747864930041,0.6565501363742706,0.005456591712184323,0.02864175639992042,-0.10941481447092768,0.21018427846523635,0.6778242677824268,0.7231581009333448,0.0,239
452,eval,pact,3.0,0,0.4824189044268233,0.06101930551493329,0.10169883806724345,0.0,0.0,0.008227967809121977,0.6279234095597367,0.5927166279140377,0.5146492582484768,34099.288948091,-0.09461647478881133,61.76528540016717,0.02844559068783775,106468.0,0.0,106206.0,0.0,0.0,0.9844869367747128,0.9000000000000004,0.8860382218241193,0.659549814762027,0.6013695845214362,0.016188558720221572,0.0286459424601143,-0.08858894069547664,0.09359328169975371,0.7531380753138075,0.5927166279340678,0.0,239
453,eval,pact,3.0,0,0.15197702979228886,0.033299071840994815,0.05549845052210231,0.0009509319416149889,0.0,0.010171141339052921,0.6973921308706994,0.7215234589875992,0.7210982567845029,52598.937365160826,0.060525037652216694,86.97576944598593,0.0224877378901381,106706.0,0.0,106444.0,0.0,0.0,0.9892140111913242,0.9000000000000004,0.8902925866418304,1.136812575837376,0.5384963062251473,0.010581296871856062,0.01884801453953632,-0.09697996173492505,0.012789697023650551,0.9581589958158996,0.7215234644709163,0.0,239
454,eval,pact,3.0,0,0.43151489933949033,0.06263615397276766,0.10439358410904297,0.0,0.0,0.008845144660683606,0.6757710556106089,0.6744922581576902,0.7612354291532828,53394.864114801254,-0.014096145347154322,84.67286378269914,0.017364082278325282,106944.0,0.0,106682.0,0.0,0.0,0.9832649424235691,0.9000000000000004,0.8849384313347948,0.9064741047771929,0.7455412257468101,0.00435414240429444,0.017451853429992142,-0.08572051489577642,0.0,1.0,0.6744922596834492,0.0,239
455,eval,pact,3.0,0,0.500344105122346,0.060966139456738414,0.10161022660803949,0.0009509319416149889,0.0,0.008589369235131655,0.6288462770035077,0.623439146759121,0.6919609826977782,52586.38559100418,-0.07020015382092794,53.40916620837096,0.017900889870909407,107182.0,0.0,106920.0,0.0,0.0,0.9831619749009359,0.9000000000000004,0.8848457610756782,0.8438560197375863,0.7329272719557549,0.015439878855096666,0.019276669677580748,-0.07309404026826166,0.0009792575447342652,0.9916317991631799,0.623439145274007,0.0,239
456,eval,pact,3.0,0,0.4934485925616751,0.06902845554570042,0.11504741988717941,0.0011411183299379866,0.0,0.007946634428404178,0.6224996933877218,0.5811592450201761,0.620344161488521,18639.217432253532,-0.04601945699166768,43.22068348489546,0.02871431994142798,107420.0,0.0,107158.0,0.0,0.0,0.9886909011268217,0.9000000000000004,0.8898217845162587,0.6473371860453503,0.6142121630468684,0.01059280905985471,0.030195672644173655,-0.0899118202288209,0.10329683373393868,0.6485355648535565,0.5811592430528655,0.0,239
457,eval,pact,3.0,0,0.39917434158470244,0.05833710377127961,0.09722850127710067,0.0,0.0,0.009702882016365997,0.6754751968583302,0.6923414644586491,0.4865270038778313,99198.33268501569,-0.03754002816690654,114.37767745460926,0.022498467870867154,107658.0,0.0,107396.0,0.0,0.0,0.9908051712742411,0.9000000000000004,0.8917246392331861,0.9124043761771682,0.6940656453656088,0.012321982360272496,0.02067456335593093,-0.10113192884820611,0.028398468797293686,0.895397489539749,0.6923414618482313,0.0,239
458,eval,pact,3.0,0,0.001494409176462552,0.00030249985870054027,0.0005041664202105026,0.0,0.0,0.009320093155156618,0.6033206424952551,0.6303510842961746,0.34027569438623084,258573.02922332636,-0.031797025352716446,213.76397705078125,0.008417855486445223,107896.0,0.0,107634.0,0.0,0.0,0.9913282913767643,0.9000000000000004,0.8921954467830299,0.5032269935877923,0.213534937946257,0.007079863964002664,0.0067851842241264315,-0.079655009826055,0.0,1.0,0.6303510811577947,0.0,239
459,eval,pact,3.0,0,0.24895395069227458,0.04842892775809084,0.08071487492757629,0.002282236597528019,0.0,0.009939853704990391,0.6873270299394759,0.6986610739799723,0.7056849171411418,53407.567554425994,-0.03117681620642543,109.50604084445841,0.019394547842193598,108134.0,0.0,107872.0,0.0,0.0,0.9858834121267167,0.9000000000000004,0.8872950569605728,1.0187173551671707,0.6452990664816461,0.003961953058994065,0.016727197431144793,-0.09169901113988614,0.0031454939315706696,0.9832635983263598,0.698661077496037,0.0,239
460,train,pact,3.0,0,0.0349310103396663,0.0071328915503700695,0.011888151951246236,0.0,0.0,0.015177582587392135,1.576696326044314,1.577716360032309,0.0039115110926123565,2737.816760713585,-0.01783730092781857,139.09973797139762,0.01162809700670771,108372.0,0.0,108110.0,0.0,0.0,0.9792461902776024,0.9000000000000004,0.8813215476698456,0.24030444778837726,0.21549126180285283,0.0051874868299598125,0.009758345627069578,-0.19162690983293051,0.23837502596516216,0.4602510460251046,1.577716363316043,0.0,239
461,train,pact,3.0,0,0.5010294421648054,0.11832812303239669,0.19721352285050975,0.04963864666647492,0.0,0.015188446180762481,1.5396581262225386,1.5624374166193367,0.591653619912379,911.028167852298,0.5803942534464672,1.6772405320630412,0.058781586688744475,108610.0,0.0,108348.0,0.0,0.0,0.9908986602866999,0.9000000000000004,0.8918087754289475,0.7270729327855655,0.5169423771792758,0.021679421712178737,0.06087945446286304,-0.18582336313734907,0.19350722573370127,0.5104602510460251,1.5624374174125648,0.0,239
462,train,pact,3.0,0,0.01609831423724945,0.004750903892029071,0.00791817281573473,0.0,0.0,0.015549242625083136,1.588127541242783,1.6014470298419936,0.5586691309218627,965.3969764869083,0.6532749972582861,6.094450826924216,0.0212282791208168,108848.0,0.0,108586.0,0.0,0.0,0.9906712184391261,0.9000000000000004,0.8916040768683207,2.6494229295017706,-0.9893945959366546,0.012720229049481339,0.018545216055358974,-0.1951756193973691,0.23454701919938276,0.4476987447698745,1.6014470297810086,0.0,239
463,train,pact,3.0,0,0.4977520082539135,0.10688445821448478,0.17814075332796192,0.03461392211365401,0.0,0.015762885453795165,1.4871123874536618,1.5100845056098875,0.6476227303179737,896.3833130393567,0.6180473847244574,2.57690226108958,0.06517686303237367,109086.0,0.0,108824.0,0.0,0.0,0.9901521757058019,0.9000000000000004,0.8911369435458004,0.7699801537703979,0.4508893021373781,0.053412095070458375,0.06488328221717764,-0.18538568638462521,0.24178759013620582,0.35564853556485354,1.5100844985916353,0.0,239
464,train,pact,3.0,0,0.06036288374898542,0.012884316201688074,0.021473859507438558,0.0,0.0,0.015119978717711431,1.5490929451946434,1.5445734342271813,0.4940172380233908,948.2610371481924,0.5674910075245542,6.039821046665622,0.01781866243781296,109324.0,0.0,109062.0,0.0,0.0,0.9902012490328386,0.9000000000000004,0.8911810996143389,0.2881516872435905,0.25317371645774034,0.010102868747676729,0.01724347570802915,-0.18274582901694367,0.16757173803376954,0.49372384937238495,1.5445734320597846,0.0,239
465,train,pact,3.0,0,0.01609831423724945,0.003238046877067288,0.0053967445816992775,0.0,0.0,0.015360897387451956,1.5451979729420968,1.54684367563934,0.2458890216877084,918.3376620623856,0.5150547294437137,3.5475140894806034,0.010983780156733335,109562.0,0.0,109300.0,0.0,0.0,0.9906818739539909,0.9000000000000004,0.8916136667319422,1.9138880085692476,-0.4283978938251445,0.0068515882678294665,0.00969354126095347,-0.18447450926060424,0.19027270838897295,0.502092050209205,1.5468436741670992,0.0,239
466,train,pact,3.0,0,0.5020820002191994,0.11259040694721419,0.1876506684708132,0.039178395371057995,0.0,0.01568516690837352,1.5692681133996493,1.5814899263521618,0.5541911581006933,801.2951744430734,0.6123656403569497,2.493841942882937,0.06231127981638154,109800.0,0.0,109538.0,0.0,0.0,0.9900336268057883,0.9000000000000004,0.8910302405078042,0.744317523300186,0.4519976122607283,0.043429103369514145,0.06293024668113473,-0.19225079191921665,0.24790053117303182,0.4476987447698745,1.5814899160767035,0.0,239
467,train,pact,3.0,0,0.4288286743681341,0.09840833495573674,0.16401387913627247,0.0384176496930701,0.0,0.015054024062333745,1.518245503244041,1.5315718852825244,0.6678413728789805,1149.4034058638697,0.47607630104699394,6.24310617915756,0.06187339726773141,110038.0,0.0,109776.0,0.0,0.0,0.9911634961930279,0.9000000000000004,0.8920471214350297,0.8043408030350356,0.4704251503597986,0.029346177328220556,0.0611895341582004,-0.18872184430704386,0.25712929167037596,0.37656903765690375,1.5315718870679933,0.0,239
468,train,pact,3.0,0,0.001494409176462552,0.0003630245185426605,0.000605040819057318,0.0,0.0,0.015848144212792233,1.5950617750319478,1.5939348110594012,0.5018943605562634,1210.4345082558348,0.37428414821624756,12.510278701782227,0.006242229446265106,110276.0,0.0,110014.0,0.0,0.0,0.9908518591685275,0.9000000000000004,0.891766649160425,0.2604887375360903,-0.06271956289126557,0.005647810133741916,0.005604620924425043,-0.19052851949956442,0.19469420457580347,0.5104602510460251,1.5939348059129093,0.0,239
469,train,pact,3.0,0,0.4671610229562556,0.11925928937929423,0.19876547084615184,0.05724610157591528,0.0,0.01631772955957504,1.5889748915967583,1.6177243071619936,0.5626491762105391,1315.6325742330512,0.5794927417670832,4.137154015038303,0.08073320879823057,110514.0,0.0,110252.0,0.0,0.0,0.9918142866390021,0.9000000000000004,0.8926328423132956,0.7637856346536849,0.4096257186105511,0.040938445987800755,0.07939238636851872,-0.19525317526107108,0.2060595269889314,0.4811715481171548,1.6177243068188842,0.0,239
470,train,pact,3.0,0,0.2615026996800263,0.062211753759047535,0.10368624897493502,0.021871434407752927,0.0,0.015475093731929443,1.546667620976101,1.555384143625842,0.4540654665256644,1334.9222769637488,0.48443847349123975,6.086279139359127,0.0405846065339909,110752.0,0.0,110490.0,0.0,0.0,0.9903770236290649,0.9000000000000004,0.8913392945812337,0.41861072035139807,0.430075575421513,0.00937338985908681,0.04266627208684341,-0.18442355143898975,0.18142971601531205,0.4769874476987448,1.5553841445197374,0.0,239
471,train,pact,3.0,0,0.48485143263255603,0.11342018216836927,0.18903362553143654,0.03366299017203902,0.0,0.015862133595546918,1.5836409013640431,1.6054656986910927,0.7675587133383651,1091.8925101946588,0.6724075203660143,2.9168441465210218,0.05640003674714261,110990.0,0.0,110728.0,0.0,0.0,0.9914855540546912,0.9000000000000004,0.8923369800695315,0.9454354173969541,0.5741814421379297,0.041223262436687946,0.05583486555604007,-0.19420775750664726,0.22611946942045758,0.4602510460251046,1.6054657056204809,0.0,239
472,train,pact,3.0,0,0.49008514884387816,0.10238692616885182,0.17064486720467598,0.034423735600635094,0.0,0.015718710980919738,1.5490116414664679,1.5510929755585963,0.6308796596576978,1091.3252323421973,0.5423913920399535,2.8967970689470297,0.052898365630140866,111228.0,0.0,110966.0,0.0,0.0,0.990016715795924,0.9000000000000004,0.8910150161348127,0.6321404689141404,0.5175371488812751,0.02017733093502151,0.054995578426329975,-0.18648931220525033,0.21368586604943768,0.4560669456066946,1.5510929722882911,0.0,239
473,train,pact,3.0,0,0.026644077069207902,0.006226519674208431,0.01037753235878771,0.0,0.0,0.016141324025426822,1.5992450579439745,1.613583266485685,0.48193381857672496,1099.0635618584924,0.6077553884254838,4.541994348729505,0.030084902534619845,111466.0,0.0,111204.0,0.0,0.0,0.9912301606214197,0.9000000000000004,0.8921071218646222,0.2615850577471328,0.22062405864273293,0.028334910535915313,0.02750319804583197,-0.18880172513969734,0.15724502210748095,0.5774058577405857,1.6135832610345962,0.0,239
474,train,pact,3.0,0,0.0008817244371400257,0.000218533400824161,0.0003642222996159149,0.0,0.0,0.01619143649803233,1.6175286046630668,1.622015270229164,0.1632994287751423,1279.5436552039748,0.4613313376903534,1.1763049364089966,0.00599807590233049,111704.0,0.0,111442.0,0.0,0.0,0.9915774624218003,0.9000000000000004,0.8924196938590525,5.587221002585856,-4.270802977072612,0.004636949089867163,0.005352313531585579,-0.19446334749035096,0.2108371168283925,0.4811715481171548,1.6220152745508316,0.0,239
475,train,pact,3.0,0,0.05326771741892722,0.012365836787150983,0.0206097268120521,0.0,0.0,0.016188707251382297,1.6118675747177091,1.6050163292984583,-1.0256557437401532,1191.994804350402,0.4432797238667141,1.2205387009736384,0.010570619231406318,111942.0,0.0,111680.0,0.0,0.0,0.990878727396163,0.9000000000000004,0.8917908356778292,0.2199539912530114,0.2121620588962091,0.0010120276295062715,0.010749387426657903,-0.1904435583420889,0.17807650078637344,0.4895397489539749,1.6050163197805778,0.0,239
476,train,pact,3.0,0,0.4417291495469365,0.09460887316883265,0.1576814465227787,0.029669075830212197,0.0,0.01583450729081945,1.5756570265382903,1.60358399875992,0.6157370476543155,993.0617936266017,0.6397315727616952,4.307175865482586,0.06338170071027269,112180.0,0.0,111918.0,0.0,0.0,0.9911543592249499,0.9000000000000004,0.892038903974589,0.8089038439638552,0.4302478180425523,0.030737825521183284,0.06237536947784564,-0.18855538454469578,0.15721534763642836,0.5062761506276151,1.6035839980425532,0.0,239
477,train,pact,3.0,0,0.5018883342007137,0.11641495342284018,0.19402490845052978,0.0424115637855051,0.0,0.014770908275361963,1.4819251855048177,1.5020359759550215,0.6392692066884939,1199.909224378514,0.6161762825115954,2.995874921397684,0.060374932037276764,112418.0,0.0,112156.0,0.0,0.0,0.9904970454371624,0.9000000000000004,0.891447317151345,0.7020850580379373,0.48684257186132474,0.015002832463425066,0.06259616701396097,-0.18400046603754328,0.2614024155019437,0.3514644351464435,1.5020359720380914,0.0,239
478,train,pact,3.0,0,0.5012103088587818,0.11487626834255082,0.19146043282409786,0.051730696314548345,0.0,0.01579373871720548,1.5270488683648689,1.5491211972974832,0.6948501183398099,1065.0144980203158,0.6138074749683237,3.208324477263574,0.061853387669726395,112656.0,0.0,112394.0,0.0,0.0,0.9903486303704553,0.9000000000000004,0.891313743641187,0.7889402529600947,0.5112351354651326,0.08151442855596543,0.06325392232171287,-0.18728745313467796,0.22288495207572923,0.40585774058577406,1.5491212027482248,0.0,239
479,train,pact,3.0,0,0.39917434158470244,0.08466094943097045,0.14110157269679502,0.02757702605744286,0.0,0.015587012369232447,1.5524482330517788,1.5844482353042857,0.6926682581462621,1199.8812733414782,0.5987092214149411,3.964727032882898,0.0544426758680103,112894.0,0.0,112632.0,0.0,0.0,0.9912940687714261,0.9000000000000004,0.8921646328650757,0.8963615868923418,0.4779995496835783,0.027050306825082242,0.05319100880418674,-0.19114583119555972,0.21736550045995431,0.4351464435146444,1.5844482410515413,0.0,239
480,eval,pact,3.0,0,0.4918546215835647,0.07937722373705076,0.13229536670165148,0.0019018638832299778,0.0,0.008823297267086087,0.7817115509360405,0.7738152106436725,0.5874266559608811,2838.7438065915926,0.13910135327860645,5.600686452378787,0.026167604855990435,113132.0,0.0,112870.0,0.0,0.0,0.9938048164216046,0.9000000000000004,0.8944243162745711,0.7843858245606775,0.6859962209671053,0.007624193287587591,0.027442794594188927,-0.09459784595775272,0.016291284607851866,0.9037656903765691,0.7738152173250159,0.0,239
481,eval,pact,3.0,0,0.46716103549544,0.08442411011970329,0.14070684132779945,0.0,0.0,0.00849022985549028,0.7752810773989147,0.7618977424988687,0.6486746406954202,14652.518667053479,-0.08449823400502533,27.270096623249135,0.024562788340087714,113370.0,0.0,113108.0,0.0,0.0,0.9895867687887726,0.9000000000000004,0.8906280710108609,0.845233147346237,0.7486355406160379,0.010797831893864053,0.02521377591860469,-0.0981934267613468,0.12024095670494674,0.6736401673640168,0.7618977432474926,0.0,239
482,eval,pact,3.0,0,0.15576158431569304,0.03995650114485067,0.06659416503452079,0.0005705591649689933,0.0,0.010595605241049034,0.8614069909231433,0.8656122652057824,0.7032513261838937,94369.26390886506,-0.05176273230307397,90.37929002809724,0.01785629900526957,113608.0,0.0,113346.0,0.0,0.0,0.9917582839602705,0.9000000000000004,0.8925824290040147,1.072339172349637,0.6682472682097891,0.006905048996066818,0.015016749422319202,-0.10722985157997802,0.13068637051544554,0.7949790794979079,0.8656122629719849,0.0,239
483,eval,pact,3.0,0,0.502088449363476,0.10459095982955983,0.1743182566294373,0.0020920502715529757,0.0,0.008988496494795113,0.7780665832583376,0.7403317874445576,0.7641287154233606,111743.28350549164,-0.060649942604402395,39.68226673812547,0.0262708541319538,113846.0,0.0,113584.0,0.0,0.0,0.985021475967503,0.9000000000000004,0.8865193073719615,0.8493648763366923,0.7541846114226722,0.04369419626891613,0.029605295440906884,-0.11308472242539612,0.34371939820172703,0.47280334728033474,0.7403317885776001,0.0,239
484,eval,pact,3.0,0,0.026644077069207902,0.0036594087261512726,0.006099014370565821,0.0,0.0,0.009844363867753345,0.8176696322951855,0.8143143595262552,0.7270085589656271,248303.6333191684,-0.1413957645890603,84.96848488652057,0.009951990909258752,114084.0,0.0,113822.0,0.0,0.0,0.9918292344364661,0.9000000000000004,0.8926462972513303,0.9759027190459605,0.4272274435211354,0.008304206531886993,0.008731363973946594,-0.09010258762995425,0.0037983322947268464,0.99581589958159,0.8143143573985645,0.0,239
485,eval,pact,3.0,0,0.502091316396975,0.11650300553723902,0.19417166452604992,0.0032331686014909623,0.0,0.009319672353222778,0.841583449222054,0.7756447516475262,0.5074205231467052,79906.06634087343,0.013528121710573732,68.33302938389478,0.053173359721182034,114322.0,0.0,114060.0,0.0,0.0,0.9900289970960577,0.9000000000000004,0.8910260776595591,0.7634668194946614,0.5450934051468045,0.03750031068921089,0.053347682323166515,-0.09659218879764098,0.05270186058933499,0.8744769874476988,0.7756447577587808,0.0,239
486,eval,pact,3.0,0,0.501817049438165,0.061648724213342145,0.10274786967303162,0.0,0.0,0.00928258051059236,0.7197121819442286,0.7460588608326773,0.3650272968361567,54204.59641409519,0.02847063569822076,66.92171108772565,0.03582837365598858,114560.0,0.0,114298.0,0.0,0.0,0.9849057456938293,0.9000000000000004,0.886415151746702,0.9565406371713426,0.5065105966156154,0.08619932755827904,0.03136565568993281,-0.09012360568317532,0.05851805691563547,0.8410041841004184,0.7460588611495793,0.0,239
487,eval,pact,3.0,0,0.11952211124389958,0.02517464980463876,0.041957747731529514,0.0,0.0,0.009597729932454465,0.8224427501776228,0.8039957301137837,0.5447189363974407,234352.76866501046,-0.11657506155793138,111.88506175085092,0.021234257211986633,114798.0,0.0,114536.0,0.0,0.0,0.9916689939578707,0.9000000000000004,0.8925020739623194,0.5028773186127105,0.35909186823009054,0.0070315536805519874,0.021038032635154056,-0.08923986838405926,0.006053592094720912,0.9874476987447699,0.8039957338135436,0.0,239
488,eval,pact,3.0,0,2.1493512025067902e-05,5.704655233336122e-06,9.507758915034672e-06,0.0,0.0,0.011422684314859462,0.9024788425557284,0.9560914049587489,-0.003337629888877448,378321.7010002615,-0.08061844855546951,26.029064178466797,0.014168696086386132,115036.0,0.0,114774.0,0.0,0.0,0.9976083948023649,0.9000000000000004,0.8978475267418259,341.94027443917753,-422.091877818557,0.010749024919115323,0.012514517596283749,-0.10547526635309652,0.0,1.0,0.956091406151435,0.0,239
489,eval,pact,3.0,0,0.501210307838382,0.10117163531387602,0.16861938261218753,0.0001901863883229978,0.0,0.010352407371679858,0.8212131927701719,0.7916676474415607,0.07304768925522957,106569.6953125,0.04467451313039457,76.864102535168,0.05129168527863265,115274.0,0.0,115012.0,0.0,0.0,0.9868132934660093,0.9000000000000004,0.8881319526224456,0.7203321550662881,0.5105718226224821,0.025434462229410808,0.051227630042007276,-0.09614565252446781,0.03326508204991246,0.9372384937238494,0.791667647727469,0.0,239
490,train,pact,3.0,0,6.514758795400435e-05,1.8089946945612885e-05,3.014990937395341e-05,0.0,0.0,0.015833603907922073,1.560524374371293,1.578965345685951,-0.21418819155653152,5046.267654738167,0.003270576009526849,246.03160095214844,0.017961063789774637,115512.0,0.0,115250.0,0.0,0.0,0.9826430992601307,0.9000000000000004,0.884378768285448,153.5239568991963,-273.95399626157075,0.011738139152343988,0.014222308966184082,-0.1868550499219241,0.17122169797323364,0.5062761506276151,1.5789653455170842,0.0,239
491,train,pact,3.0,0,0.006565895839070679,0.0012423772555871532,0.0020706285859624857,0.0,0.0,0.015729587429659013,1.594604657783668,1.5952428801289162,-0.4011427196186956,1061.9956971491729,0.2221830339262566,3.0230724357660845,0.0028280503396383217,115750.0,0.0,115488.0,0.0,0.0,0.9899490912090285,0.9000000000000004,0.8909541555528362,0.38082280288782483,0.03762893174235937,0.0016736089177853005,0.002649634670256491,-0.19566939057633614,0.256862221430903,0.39748953974895396,1.5952428718306557,0.0,239
492,train,pact,3.0,0,0.17909063403861195,0.039935757690312976,0.066559591039717,0.019969570337479085,0.0,0.015473100076191845,1.5778547208678273,1.6010810740323247,0.3790286411862493,1074.113426815017,0.49420537694969124,6.635730468578418,0.039848653166593834,115988.0,0.0,115726.0,0.0,0.0,0.9909858805863927,0.9000000000000004,0.8918872819784794,0.7241532235989936,0.260543987387425,0.016096633468095187,0.0381459584932143,-0.19320637145597705,0.22273657972046648,0.4560669456066946,1.601081068913024,0.0,239
493,train,pact,3.0,0,0.43151492035799666,0.09209173254063012,0.15348621301159845,0.0340433628239891,0.0,0.016366422675144723,1.607544113402586,1.5890053959571169,0.38781458875125424,1089.6735326535531,0.5747688238715527,3.900745509059858,0.04503612381551769,116226.0,0.0,115964.0,0.0,0.0,0.9893664445837173,0.9000000000000004,0.8904297800742432,0.48263742721783887,0.5194660415371819,0.0023908500118912865,0.04964245498866217,-0.19665081192441475,0.2860915754176682,0.3598326359832636,1.5890054046281126,0.0,239
494,train,pact,3.0,0,0.2698529591997837,0.06606348101111462,0.11010579514382607,0.01977938426089586,0.0,0.015628172139243602,1.546452935769468,1.5678573385442152,0.6908630040400198,1220.3754724478622,0.6560591248538205,5.229866812917478,0.04575576478514088,116464.0,0.0,116202.0,0.0,0.0,0.9916581900548735,0.9000000000000004,0.8924923491777237,1.1514085908062872,0.49988474752249024,0.023602670309660227,0.04175627585909637,-0.19395202968133682,0.2666547968782456,0.37656903765690375,1.567857344927397,0.0,239
495,train,pact,3.0,0,3.939130826693449e-05,1.1094551444322525e-05,1.8490920174904908e-05,0.0,0.0,0.015385174381480432,1.6205801736859597,1.6202848823000697,0.48432101091081625,1240.180336158146,0.5818995833396912,7.7825775146484375,0.003460038867674351,116702.0,0.0,116440.0,0.0,0.0,0.9905849440826033,0.9000000000000004,0.8915264282266465,1.4661723804210764,-1.4430660809901905,0.0031307651802502437,0.0030906724761323966,-0.19463528650376488,0.22439835009940948,0.4895397489539749,1.620284888939595,0.0,239
496,train,pact,3.0,0,0.012006890569388804,0.003436196514999077,0.005726993869544177,0.0,0.0,0.015505074620808018,1.5959391803422234,1.5939197742290576,-0.09704131566214075,960.5692726039488,0.5674044309051466,7.439448428453262,0.003726077386456085,116940.0,0.0,116678.0,0.0,0.0,0.990021271935068,0.9000000000000004,0.8910191303516531,0.1971634130053624,0.16714619747752057,0.0009199242091595482,0.0036907613699996436,-0.19279804481827612,0.229680405946764,0.4309623430962343,1.5939197799779696,0.0,239
497,train,pact,3.0,0,0.007910073110366154,0.0018098769268587477,0.00301646154400857,0.0,0.0,0.01498905046955998,1.5853822383421734,1.5863794624556058,-1.0474654457387689,991.0741929569004,0.3608079459128519,1.2957609308314624,0.005349549545069171,117178.0,0.0,116916.0,0.0,0.0,0.9898624335372798,0.9000000000000004,0.8908761704815981,0.16477333493624288,0.07957401182902757,0.0038103002071091545,0.004975844158914727,-0.1906082131926574,0.20884892726787144,0.4476987447698745,1.5863794588624325,0.0,239
498,train,pact,3.0,0,0.502091316396975,0.11346156169149489,0.18910259151862688,0.04336249591416395,0.0,0.015477043847362492,1.5191421354166135,1.5444508087684918,0.47312578507484754,950.6988098910663,0.5570569711125546,2.3277207705266307,0.06220795217975506,117416.0,0.0,117154.0,0.0,0.0,0.9905248882880271,0.9000000000000004,0.8914723842712626,0.7615046407664049,0.45315290424117327,0.03473709523677826,0.06332539214857827,-0.18322147712930464,0.18246832250215142,0.5062761506276151,1.5444508122531675,0.0,239
499,train,pact,3.0,0,0.48813355436147227,0.10811259152389813,0.18018764004669133,0.045264359360958246,0.0,0.015151236270589435,1.4893252041549363,1.508642428839057,0.6773623791698632,914.141512180472,0.5608053671266244,3.331281206597843,0.050135502445601145,117654.0,0.0,117392.0,0.0,0.0,0.9900885713150311,0.9000000000000004,0.8910796886707449,0.6890208669882945,0.5937859703084563,0.0339498542344723,0.05199980952048277,-0.18291087319491453,0.21816671117837325,0.4476987447698745,1.5086424361569142,0.0,239
500,train,pact,3.0,0,0.38934417804177057,0.08328549580525063,0.13880915112362552,0.036135412721454346,0.0,0.015246710780945657,1.4802291176309146,1.503735873739091,0.592137943501253,1115.1496878268829,0.5924160443090495,1.9219708043661077,0.05935668524463805,117892.0,0.0,117630.0,0.0,0.0,0.9908824757552047,0.9000000000000004,0.8917942077046159,0.5613097405956444,0.5570733554092866,0.056479178657311765,0.06105256193438272,-0.19152439882056146,0.3238671770675687,0.3054393305439331,1.5037358770256042,0.0,239
501,train,pact,3.0,0,0.0010625928217568533,0.00021836667115947186,0.0003639444363962033,0.0,0.0,0.01569388043252307,1.5739847339346817,1.5808974654105916,0.4287175201970663,1012.4453607662952,0.676783561706543,1.0132158994674683,0.03286634136924606,118130.0,0.0,117868.0,0.0,0.0,0.9902804531312887,0.9000000000000004,0.891252394001853,0.9212133549148104,-0.26408489954082626,0.03054167900439101,0.02876108396159306,-0.19167471653376952,0.22881984628623997,0.45188284518828453,1.5808974683394326,0.0,239
502,train,pact,3.0,0,0.29880202014860646,0.07782747157363253,0.12971244095089757,0.04317230896470936,0.0001901863883229978,0.01593695545109246,1.58344191188094,1.6173368674940645,0.4630898908092387,1243.6204072960252,0.5154509413773077,4.419263118979322,0.06470207823148176,118368.0,0.0,118106.0,0.0,0.0,0.992143370865778,0.9000000000000004,0.8929290115583891,0.7323415146508085,0.3313168699588761,0.025087237379651656,0.06277050340166276,-0.20172086982799317,0.2929167037597555,0.39330543933054396,1.617336867636775,0.0,239
503,train,pact,3.0,0,0.0017479297706943053,0.00028275117191579093,0.00047125193065984146,0.0,0.0,0.01534660039742372,1.5465760325786957,1.5484098230944519,0.31324165242735813,1167.3673220837964,0.6291272044181824,6.206997871398926,0.002958442456965485,118606.0,0.0,118344.0,0.0,0.0,0.9898736641496794,0.9000000000000004,0.8908862833198643,0.23474183939776655,-0.11648624778969752,0.002572299983710929,0.0026793387406393613,-0.18960101333540752,0.23288524882043973,0.4225941422594142,1.5484098271762734,0.0,239
504,train,pact,3.0,0,0.37562728849699706,0.0984481825325168,0.16408029087535975,0.062190947547617316,0.0022822366598759733,0.015190989589591405,1.4688268675464966,1.492893508039259,0.5858701153903826,1208.2199525713422,0.39882024474613464,5.47728651936583,0.06603850156583173,118844.0,0.0,118582.0,0.0,0.0,0.990937629254792,0.9000000000000004,0.8918438476498656,0.8302803175155788,0.4558754616807137,0.030243011852938005,0.06422374444277217,-0.20355113642877326,0.45449419864090923,0.2217573221757322,1.4928935098798832,0.0,239
505,train,pact,3.0,0,0.1751345835546242,0.041925215705095865,0.0698753555051283,0.011220996848708914,0.0,0.01570641464129028,1.5731377858497109,1.5834029671038543,0.5000561722651685,942.6811012683054,0.35931086671152873,6.727485646014433,0.030480333187453697,119082.0,0.0,118820.0,0.0,0.0,0.9901036822147449,0.9000000000000004,0.8910932939920465,0.3737373672355048,0.3856949277515267,0.007295261825134546,0.03160353499137364,-0.18409530241827063,0.13466274963648772,0.5523012552301255,1.583402971434654,0.0,239
506,train,pact,3.0,0,0.5019461374421663,0.11752438899893453,0.19587396679306185,0.046025104914250235,0.0,0.016047987808321434,1.5835165837818608,1.610512211731787,0.619247384774635,1196.2406519167594,0.6168589806456944,2.6289438281099167,0.07283404869491149,119320.0,0.0,119058.0,0.0,0.0,0.991572555138975,0.9000000000000004,0.8924152726408827,0.9055167374609294,0.39893493644683475,0.05878637405112386,0.0715410171883282,-0.20011697954696947,0.2985548532597406,0.39330543933054396,1.6105122106146021,0.0,239
507,train,pact,3.0,0,3.939130826693449e-05,1.3203005802709996e-05,2.2005007507169433e-05,0.0,0.0,0.01578467357007467,1.586573276559678,1.597040087608114,0.4580873260936976,1383.950727007878,0.45640242099761963,8.799786567687988,0.013276338873423292,119558.0,0.0,119296.0,0.0,0.0,0.9905219023197764,0.9000000000000004,0.8914696880963058,3.431423643334604,-2.094734951929175,0.01210097680263854,0.011884599498367896,-0.19287261546088036,0.21469479806522448,0.4435146443514644,1.5970400907487439,0.0,239
508,train,pact,3.0,0,0.27817753698797626,0.06337890053219937,0.10563149430853623,0.01958919731144127,0.0,0.014142852582458298,1.48933629136704,1.4792545180939232,0.44300480367748307,896.6390587714925,0.48287524139531984,5.5015904848545665,0.03152263880588656,119796.0,0.0,119534.0,0.0,0.0,0.9895978046261615,0.9000000000000004,0.8906380020424911,0.47656804958010157,0.5114077395999573,0.0010570916107034648,0.034833192103566744,-0.18215391973267622,0.2391762366835811,0.46443514644351463,1.4792545157964785,0.0,239
509,train,pact,3.0,0,0.0014944071429085072,0.0005017021927970635,0.0008361702912757914,0.0,0.0,0.016050401289857706,1.6081842732728775,1.6148147937144195,0.37674384461287175,1032.487103961003,0.7795822620391846,0.6604124903678894,0.030325234535434693,120034.0,0.0,119772.0,0.0,0.0,0.9907432101261666,0.9000000000000004,0.8916688745989461,18.16843482114149,-19.048624264575214,0.019532971011950926,0.026688405058335,-0.1966463648903886,0.24668387785987714,0.40585774058577406,1.614814794297712,0.0,239
510,eval,pact,3.0,0,0.20738796240876128,0.035874544652881514,0.05979090391657759,0.0024724230481989714,0.0,0.009110166929919413,0.8159878073127699,0.7934075702433806,0.2796322469868421,3926.034472860552,0.4723667641565843,2.5576636945852176,0.016154650305534195,120272.0,0.0,120010.0,0.0,0.0,0.9937113949943287,0.9000000000000004,0.8943402525271332,0.5958174561882145,0.5769354750480092,0.001616551472286049,0.017948746142488082,-0.09278860039744262,0.04379951927356896,0.8744769874476988,0.7934075796237723,0.0,239
511,eval,pact,3.0,0,0.4836600335450891,0.08322383457899876,0.1387063818100268,0.0,0.0,0.008480586694109265,0.7703300735691102,0.7855288388838828,0.63439518337968,19021.6260684983,-0.040531658256966155,99.15359225732013,0.02805741701789481,120510.0,0.0,120248.0,0.0,0.0,0.9898072476167559,0.9000000000000004,0.8908264963696692,0.9867581790443445,0.6975883376071872,0.014423128975511984,0.027338057203085853,-0.093300725142698,0.0037389833526217395,0.9748953974895398,0.7855288381723032,0.0,239
512,eval,pact,3.0,0,0.2698529591997837,0.033427381679282,0.05571229989920737,0.007227082506882097,0.0,0.010026714689523044,0.8426865374194029,0.8820805776568137,0.4321724243742652,85524.63015657688,0.03897920030062759,72.95841716223681,0.026864105833608612,120748.0,0.0,120486.0,0.0,0.0,0.9896328209833121,0.9000000000000004,0.8906695099555298,0.9676650899978597,0.32748185293997223,0.00819144304031911,0.0238231546713125,-0.09725945329656992,0.010089320157868186,0.9790794979079498,0.8820805775045366,0.0,239
513,eval,pact,3.0,0,0.001747928173575944,0.0005920237023346847,0.0009867061122182258,0.0,0.0,0.01146932890069784,0.9734270141214506,0.9800428967595599,-0.039139542302699316,508977.8101464435,-0.0040745241567492485,102.28540802001953,0.003994723857929891,120986.0,0.0,120724.0,0.0,0.0,0.9960894572186171,0.9000000000000004,0.8964804969572123,1.0966779561487539,-0.5273876998951814,0.003020124042681842,0.0034498256123644227,-0.11158384930053394,0.0,1.0,0.9800429016479828,0.0,239
514,eval,pact,3.0,0,0.38934417804177057,0.0908248074826196,0.15137467098844415,0.0019018638832299778,0.0,0.008543701382611088,0.8191733594718837,0.7699265769336014,-0.31125348670092495,273103.1452013598,-0.026584476189972707,60.46685518081218,0.019279612107231635,121224.0,0.0,120962.0,0.0,0.0,0.9845889260579352,0.9000000000000004,0.886130017590822,0.7550617724577039,0.7969027821572903,0.0018280305666849017,0.025476377268631605,-0.11473279044281226,0.3000089023413159,0.5397489539748954,0.769926570905805,0.0,239
515,eval,pact,3.0,0,0.0,0.0,0.0,0.0,0.0,0.011141715816779366,0.9391052189232415,0.9393177256923341,0.8006286705886968,227672.5530694299,-0.007526408415287733,32.67427062988281,0.009190234803754416,121462.0,0.0,121200.0,0.0,0.0,0.9959267344185498,0.9000000000000004,0.8963340441053382,nan,nan,0.007718045930826265,0.007718046007787022,-0.10304602436136012,0.0,1.0,0.9393177224371762,0.0,239
516,eval,pact,3.0,0,0.4797851214425007,0.11835338971849749,0.19725563853202685,0.00950931929145398,0.0,0.009249065008022235,0.872399333131862,0.756034141928581,0.32788271659587714,123350.20243854602,-0.009633142137744124,40.911642417748105,0.0483415010404699,121700.0,0.0,121438.0,0.0,0.0,0.9860999072944768,0.9000000000000004,0.8874898897055302,0.6722408557255448,0.6134172496460966,0.008228779426249474,0.049439001163062504,-0.09501858172112529,0.04798361969197899,0.8702928870292888,0.7560341406317979,0.0,239
517,eval,pact,3.0,0,0.5005976261530134,0.12874929413486688,0.21458214469075984,0.013693419709864022,0.0,0.010737625819681578,0.8593486160912773,0.8868839988898034,0.24335255894700852,89854.67602641214,0.04414774990805218,48.450253410818185,0.06743268763927049,121938.0,0.0,121676.0,0.0,0.0,0.9908144084978303,0.9000000000000004,0.8917329413621495,0.8439830418106287,0.5629283782372672,0.12452010437846184,0.06500948071051155,-0.10812514815340996,0.07647111190243033,0.8619246861924686,0.8868839939288806,0.0,239
518,eval,pact,3.0,0,0.4417291495469365,0.08539796537013017,0.1423299366757556,0.0,0.0,0.009766947563784392,0.837199349657761,0.8359284255045727,0.6722366127290735,53808.242073091,-0.06146461396501497,112.34521284861545,0.0326737135855255,122176.0,0.0,121914.0,0.0,0.0,0.9881718911885218,0.9000000000000004,0.8893546818689322,0.8828165341167669,0.6601386745158226,0.0118692232239427,0.03134014580796266,-0.10089649555467466,0.04771654945250601,0.7866108786610879,0.8359284228404444,0.0,239
519,eval,pact,3.0,0,0.06536319171795504,0.009862569908934906,0.016437615589688048,0.0,0.0,0.00997623133523756,0.8654679172208618,0.8493280433211865,0.571013870598382,191000.76645855125,-0.07991535626507704,200.29906797209543,0.009978017199367565,122414.0,0.0,122152.0,0.0,0.0,0.9898084736269388,0.9000000000000004,0.8908276075349193,0.6579520052275631,0.40590787830833386,0.004485706460378977,0.009012031495068457,-0.09153910662590127,0.0,1.0,0.8493280503903451,0.0,239
520,train,pact,3.0,0,0.29470410188133966,0.07199790000286385,0.11999649234029253,0.031000380610821138,0.0,0.01566076212246984,1.5673960557043802,1.5605995173733604,-1.1067424786487052,4275.951708422545,0.1551197645367439,25.066385488380448,0.044813007692062146,122652.0,0.0,122390.0,0.0,0.0,0.9832531762422378,0.9000000000000004,0.8849278414099785,0.4439524260843456,0.4831491433127053,0.011937604525015442,0.04629475912824468,-0.1904792998382886,0.23009584854149978,0.4560669456066946,1.5605995178079684,0.0,239
521,train,pact,3.0,0,0.4634686815016611,0.10480131527050822,0.17466884751023118,0.051350323849642124,0.0,0.01574687945956528,1.520547304442737,1.5576813634968203,0.5143603964330761,1155.4619237668344,0.6218556849028775,1.212366034795051,0.0693149809534642,122890.0,0.0,122628.0,0.0,0.0,0.9909952978708754,0.9000000000000004,0.8918957435935112,0.6314101479893839,0.5700582154867088,0.09190397465135902,0.0710034240758101,-0.18482270679977017,0.188076797531084,0.47280334728033474,1.557681371845238,0.0,239
522,train,pact,3.0,0,0.4824189044268233,0.12519308560186043,0.2086551298927596,0.06523392976078528,0.0,0.016468082852739544,1.6101059013330787,1.6156362357498713,0.5867097194474112,1280.5587970302693,0.6925371337884639,1.252542426895397,0.07227173205815786,123128.0,0.0,122866.0,0.0,0.0,0.9918567700366095,0.9000000000000004,0.8926710728322113,0.6622537717473531,0.5812974229077246,0.09270237219011919,0.0731682177481074,-0.19983748568800472,0.27342057627822786,0.4225941422594142,1.6156362367116874,0.0,239
523,train,pact,3.0,0,0.17513455355801244,0.044540420023934615,0.07423403006585005,0.00475465964572699,0.0,0.016080204070113194,1.5803486612551383,1.6134330976957059,0.6405288684318255,1372.5840625204303,0.5919106916902455,7.2369893719461675,0.042697279746196075,123366.0,0.0,123104.0,0.0,0.0,0.9915662445283834,0.9000000000000004,0.8924095929915935,1.246300035858539,0.36180327193338135,0.022125413324987596,0.03841139448740399,-0.1913827636975941,0.18852191459687231,0.4769874476987448,1.6134330946343263,0.0,239
524,train,pact,3.0,0,0.41756536128392996,0.09164449311726941,0.15274081305646917,0.034423735413591235,0.0,0.015395268217259122,1.5299254254317183,1.5304714997443196,0.5807743184736084,1031.1978941083453,0.5190062594120722,4.640682495288769,0.04072440134068643,123604.0,0.0,123342.0,0.0,0.0,0.989615340113141,0.9000000000000004,0.8906537892928184,0.5330126714132295,0.566725820213813,0.0029010155358506987,0.045563446702586614,-0.1849520446519773,0.22146057746520667,0.4225941422594142,1.530471511330708,0.0,239
525,train,pact,3.0,0,0.0005835234280700004,0.00016763062731077442,0.00027938435068105595,0.0,0.0,0.01629415006575537,1.6056823915018696,1.6231637559675272,0.3997047103349135,1259.3344167286382,0.769927442073822,0.832825243473053,0.03466999596549845,123842.0,0.0,123580.0,0.0,0.0,0.9916045127054638,0.9000000000000004,0.8924440392390455,54.96476803034996,-59.89527860981239,0.023103809257169806,0.030893506179271446,-0.19407916162186392,0.2141013086441734,0.4769874476987448,1.623163760502381,0.0,239
526,train,pact,3.0,0,0.016098320915726126,0.0035569130847598065,0.005928188102592244,0.0,0.0,0.015500181635148106,1.5660987122288308,1.5639354953207232,0.20765951509630332,1005.529992522555,0.7293769749013949,0.8934483368526442,0.004271419213684841,124080.0,0.0,123818.0,0.0,0.0,0.990092253335849,0.9000000000000004,0.8910830095722087,0.175233973101154,0.1353164333372826,0.0012945317650537801,0.004193035734814463,-0.18716314844150883,0.18970889343897443,0.5188284518828452,1.563935498896043,0.0,239
527,train,pact,3.0,0,0.48485143263255603,0.11294079061665048,0.18823463567963067,0.04944845959232442,0.0,0.015485428322387166,1.533200197638827,1.5587732320550096,0.669075968188222,996.3957156895593,0.6715245067325097,3.047122461277072,0.06639791860646534,124318.0,0.0,124056.0,0.0,0.0,0.9903367264001439,0.9000000000000004,0.8913030335095138,0.7681165965914237,0.4822635851527248,0.04028749319591692,0.06710754663812067,-0.1871700103918295,0.20917534644944955,0.4393305439330544,1.5587732354525499,0.0,239
528,train,pact,3.0,0,0.34251425579287914,0.08068352005480756,0.1344725259858092,0.03404336257459728,0.0,0.016294194938747453,1.5765997754978833,1.6042270101762717,0.5675054330955489,1155.571230581116,0.5492870951048001,4.71199978121155,0.06186386914222373,124556.0,0.0,124294.0,0.0,0.0,0.9917142181715706,0.9000000000000004,0.8925427786974728,0.8128931255999359,0.36180965260019216,0.022890598998049794,0.06033483483423342,-0.20088455530534752,0.3260334134544052,0.36401673640167365,1.604227017142728,0.0,239
529,train,pact,3.0,0,0.4722936973789786,0.11473464820507413,0.19122440072177022,0.055914796795306344,0.0,0.015896234497677332,1.5509021097646098,1.5981904959080109,0.6039883721323691,1204.9787132869706,0.5510120957965132,4.00134868626814,0.07663940239666521,124794.0,0.0,124532.0,0.0,0.0,0.9917031848280998,0.9000000000000004,0.8925328494115854,0.7149142633250885,0.39752564639926435,0.03151577807889849,0.07716937175519359,-0.19372997480177476,0.22611946942045758,0.4560669456066946,1.5981904968729952,0.0,239
530,train,pact,3.0,0,0.00595315217983492,0.001141479556833196,0.0019024657700493323,0.0,0.0,0.015103109864806405,1.5686614610660026,1.569690094832097,0.45660616962480743,1118.0068354267455,0.5125257117541265,9.18748230265773,0.0070422380810962,125032.0,0.0,124770.0,0.0,0.0,0.9899870401645804,0.9000000000000004,0.8909883172442224,0.18987569315043937,0.04803969890548132,0.00604935245022976,0.006404972288642608,-0.18603138019939255,0.18077687765215583,0.4769874476987448,1.5696900975649328,0.0,239
531,train,pact,3.0,0,0.28232660558694295,0.06779680774042425,0.1129946733415324,0.03214149912780299,0.0,0.015877255108051595,1.5855115123373693,1.585763120751002,0.34158781716389636,1049.185393137912,0.29650738165094265,1.5578346312295444,0.039197589878541335,125270.0,0.0,125008.0,0.0,0.0,0.9905008237232225,0.9000000000000004,0.8914507208508926,0.41857100743437736,0.44238961601071614,0.002663589752566103,0.041947319411850925,-0.18573384979873656,0.15261580462328259,0.497907949790795,1.585763116838427,0.0,239
532,train,pact,3.0,0,0.10942615455924436,0.022945895265540882,0.03824315623123424,0.0005705591649689933,0.0,0.016106956071419074,1.5661080541969843,1.592975498243356,0.2993529077977815,1167.2855165872613,0.5222164510698623,1.1132585039697431,0.047604472488437674,125508.0,0.0,125246.0,0.0,0.0,0.9910460179320938,0.9000000000000004,0.8919413937684383,0.3175023437833542,0.28657771740402693,0.04129912860345286,0.043962562846401744,-0.18374940373616397,0.12673966586545596,0.5690376569037657,1.5929754935439635,0.0,239
533,train,pact,3.0,0,0.502088449363476,0.11213865698242809,0.1868977501733174,0.03404336276164115,0.0,0.013841038920515253,1.3847198182070106,1.394355957727552,0.6081381132163762,992.7716891875327,0.5533459252642787,2.5286406405800057,0.0588530400557498,125746.0,0.0,125484.0,0.0,0.0,0.9906796773108478,0.9000000000000004,0.8916116912993427,0.9250191682304033,0.48213243878940326,0.08337342366576195,0.05824727510300828,-0.19660055060034126,0.4900145404908157,0.200836820083682,1.3943559531239893,0.0,239
534,train,pact,3.0,0,0.4900851427265331,0.11474463903097298,0.19124105342363165,0.04203119088416319,0.0,0.016118539125116925,1.5613996389021934,1.6054822615499775,0.6984166022873324,1172.7448656409356,0.6159044290312164,3.5106740259725178,0.06532710091168037,125984.0,0.0,125722.0,0.0,0.0,0.9912034577405603,0.9000000000000004,0.8920830996964267,0.8399431862305068,0.5035276689502449,0.048430584194893773,0.06511752639807543,-0.20188830612532804,0.3182587020386362,0.35564853556485354,1.6054822606919517,0.0,239
535,train,pact,3.0,0,0.1870741706890581,0.04773654877467246,0.07956090818483078,0.02643590729106919,0.0,0.015487209921040296,1.5920310461870297,1.6036154725062797,0.5069555809807079,1166.3192468108493,0.5309608842569664,4.584026932217586,0.04753565481984715,126222.0,0.0,125960.0,0.0,0.0,0.9912696580507765,0.9000000000000004,0.8921426731672247,0.7879777414561757,0.25977090095157385,0.01928043031150958,0.04551233991027798,-0.1938653990351433,0.220243924152052,0.4686192468619247,1.6036154651047447,0.0,239
536,train,pact,3.0,0,0.00595315217983492,0.0014468771161895249,0.002411461721509478,0.0,0.0,0.015834800022260665,1.5818415209339254,1.5806096512902232,0.3406662238941033,1094.716880638729,0.613605304991351,5.679559071193679,0.0035107921743261334,126460.0,0.0,126198.0,0.0,0.0,0.9904614836601033,0.9000000000000004,0.891415303471697,0.17709155221149203,0.048028127530052145,0.0021709735973369487,0.0032867744054657965,-0.18851958109371633,0.1932995044363334,0.502092050209205,1.5806096433086836,0.0,239
537,train,pact,3.0,0,0.005378621699537879,0.0010205417898326242,0.0017009028620218125,0.0,0.0,0.015538342447101946,1.5899164190352213,1.59095251260941,-0.5223105347142496,1025.6634822829499,0.2953613921688192,1.980824810690461,0.003193975944371814,126698.0,0.0,126436.0,0.0,0.0,0.9901662391598753,0.9000000000000004,0.8911495934470428,0.16751898891056,0.01760481959174931,0.002225963052826899,0.0029664810837903323,-0.18961046499293535,0.18567316537582715,0.497907949790795,1.590952519343273,0.0,239
538,train,pact,3.0,0,0.4488243158769947,0.10704195726019058,0.17840325024644318,0.03765690445151788,0.0,0.014913773657091617,1.4540440405263062,1.4824908288452914,0.5864472053165715,1233.1084829673607,0.5114629314939597,5.910436900839147,0.06747647301219871,126936.0,0.0,126674.0,0.0,0.0,0.9913701577166633,0.9000000000000004,0.8922331263330691,0.8564466490507534,0.45342347117854853,0.030378622823350486,0.06533574178487561,-0.1921420171818893,0.3554408142674857,0.25523012552301255,1.482490825626059,0.0,239
539,train,pact,3.0,0,2.1493512025067902e-05,4.540503811223674e-06,7.567506270857224e-06,0.0,0.0,0.016050216601577013,1.5764051281757434,1.5750023538098674,0.4824701263316007,1213.2106215983754,0.5400002002716064,12.750458717346191,0.007565606808510051,127174.0,0.0,126912.0,0.0,0.0,0.9909547921503937,0.9000000000000004,0.8918592914876579,133.8328115673991,-148.674632772733,0.006241304084703208,0.006740909564298106,-0.18608251950929872,0.17056885961007748,0.5439330543933054,1.5750023565584985,0.0,239
540,eval,pact,3.0,0,0.496713411596384,0.11347802338097464,0.18913002762452516,0.005325218873043938,0.0,0.009054875542959159,0.8281305332562914,0.752298272553847,0.42718716732627676,4251.720342021607,0.12048658021145099,20.32605241482228,0.05444902720935175,127412.0,0.0,127150.0,0.0,0.0,0.9972869751343667,0.9000000000000004,0.8975582561732336,0.7200393513330248,0.5532446285361683,0.028799057073358978,0.05537517275856067,-0.09978048626053033,0.022285527760467667,0.9456066945606695,0.7522982655826985,0.0,239
541,eval,pact,3.0,0,0.3269574497412977,0.058472745472328565,0.09745457014407491,0.020920502154398165,0.0001901863883229978,0.011339746900760105,0.8337677906746644,0.9158010416699254,0.07331711386240801,38979.87323483264,0.03406149954142957,109.9476488344839,0.0532899825662281,127650.0,0.0,127388.0,0.0,0.0,0.9935379744074834,0.9000000000000004,0.8941841594344901,0.735995550321266,0.25210809149984725,0.020339906174173153,0.050275544865859605,-0.11272981283234712,0.0272411644262441,0.9581589958158996,0.9158010413536725,0.0,239
542,eval,pact,3.0,0,0.26150266818706364,0.051974515612162875,0.0866241885148411,0.010650437746087876,0.0,0.010182592698283276,0.7979138183045088,0.83125122945179,0.4731623772375878,74996.84878399581,0.049685693291896586,123.91535756178979,0.030076784824087405,127888.0,0.0,127626.0,0.0,0.0,0.9908480175369454,0.9000000000000004,0.8917631994480867,1.009135694595722,0.5114363742656176,0.008599115334626319,0.026478944159264845,-0.09946122464787027,0.012344579957862251,0.9748953974895398,0.8312512266188739,0.0,239
543,eval,pact,3.0,0,0.034930997800481874,0.0063352032652135475,0.010558671387816389,0.0,0.0,0.01027146609554605,0.8097651023495647,0.8168939324602422,0.32599916867132467,210060.6150954498,-0.0760539317480191,79.95931206387955,0.007148659840191102,128126.0,0.0,127864.0,0.0,0.0,0.992282407802518,0.9000000000000004,0.8930541451506037,1.42020050405002,0.23963267919948528,0.0027072893499673623,0.0057255781482647965,-0.09355876099563523,0.0,1.0,0.816893932631823,0.0,239
544,eval,pact,3.0,0,0.1161134909462402,0.023209548824418422,0.038682580282408736,0.0,0.0,0.008740168448662284,0.7440982699144835,0.7176990015237401,-0.2727422801695889,321731.75392259413,-0.08056097006752588,81.59783360948124,0.01773583207807453,128364.0,0.0,128102.0,0.0,0.0,0.9873889614847414,0.9000000000000004,0.8886500508466026,0.5145820412003006,0.29458013380394676,0.0016796310294673524,0.01741341804397764,-0.07862237421978302,0.0,1.0,0.7176990024294646,0.0,239
545,eval,pact,3.0,0,0.07057713395643153,0.006875867030000515,0.011459777788339459,0.0,0.0,0.009598502994487725,0.7195239211724892,0.7645674100979601,-0.43028319554177413,140597.93954301777,-0.036980533064440456,33.750821436798226,0.01602794975724274,128602.0,0.0,128340.0,0.0,0.0,0.9889689474425056,0.9000000000000004,0.8900720329963013,0.7708364829913488,0.6496889601611391,0.016492012240675955,0.014292364120269078,-0.08374987216134926,0.0007715362473663907,0.99581589958159,0.7645674064361466,0.0,239
546,eval,pact,3.0,0,0.38597856810663256,0.08062195366804506,0.13436991653926197,0.0019018638832299778,0.0,0.008080948340983196,0.7565413866831169,0.7237086226251833,-0.02021109268349833,116400.16427497385,-0.06795228948542911,34.80014857687212,0.01799179913250098,128840.0,0.0,128578.0,0.0,0.0,0.9870117866593924,0.9000000000000004,0.888310586932314,0.7777297245862917,0.8151600285346025,0.0061178560861769845,0.022328101345006703,-0.09930563411828637,0.2221430902994153,0.6527196652719666,0.7237086183500785,0.0,239
547,eval,pact,3.0,0,0.49905009486198143,0.11834295122333129,0.1972382436727773,0.0,0.0,0.008814164368186349,0.8107375335493846,0.7150733685393712,0.7594203627259163,56767.899548901674,-0.035833646532120844,60.25476610510918,0.04967078829971317,129078.0,0.0,128816.0,0.0,0.0,0.9912743321522509,0.9000000000000004,0.8921468795343424,0.724673344188307,0.6144468691044656,0.03283947566524148,0.05060922981836058,-0.09368680543812045,0.027864328318347724,0.9205020920502092,0.7150733638585176,0.0,239
548,eval,pact,3.0,0,0.26150266818706364,0.0416588657469855,0.06943143890613143,0.006846709979627921,0.0,0.010677795824068735,0.7922861724468455,0.8773790010597915,0.5650951691501809,89405.2567664749,0.030146844318783433,116.94093363454651,0.03593890952573754,129316.0,0.0,129054.0,0.0,0.0,0.9914663010062533,0.9000000000000004,0.8923196534482006,0.998179339657784,0.3678522171270414,0.01764038968910901,0.03278176723219548,-0.10010714679922661,0.007359268821033264,0.9748953974895398,0.8773790001584612,0.0,239
549,eval,pact,3.0,0,0.49941803140382607,0.1075888637867621,0.17931476377946726,0.007417268957553049,0.0,0.008468712536836332,0.763148507812532,0.6841523444054017,0.3219935959477804,88755.14096822699,0.08646874892365608,70.6654053771845,0.04914153269862281,129554.0,0.0,129292.0,0.0,0.0,0.9884081542741304,0.9000000000000004,0.8895673218132562,0.6826595842241113,0.5545835930830095,0.008469103274612942,0.04993096465989168,-0.08685761775249233,0.0272411644262441,0.9414225941422594,0.6841523433908877,0.0,239
550,train,pact,3.0,0,0.06036288374898542,0.013930794509174862,0.02321799014825804,0.0,0.0,0.01534197285818131,1.555439407855397,1.5761661424796451,0.10015411059830664,3833.178995172349,0.17864882335004448,223.64953957267386,0.03756114722728324,129792.0,0.0,129530.0,0.0,0.0,0.9845340912810928,0.9000000000000004,0.8860806620769421,0.27282467572368374,0.26481480585345973,0.03219171453030468,0.0339057470538369,-0.18457210814413624,0.14997477669960535,0.5857740585774058,1.5761661467086947,0.0,239
551,train,pact,3.0,0,0.07057713395643153,0.018587417244143048,0.030979027857767245,0.0022822366598759733,0.0,0.015237937856730556,1.5757776566130346,1.5760194569452037,0.12521857839959288,966.3132584703517,0.5339482131425806,1.0441230892137503,0.023065817682839693,130030.0,0.0,129768.0,0.0,0.0,0.9900459071083547,0.9000000000000004,0.891041300037416,0.27791086482578786,0.2827482287975407,0.012316969086928569,0.02257406249923425,-0.18827964786614493,0.19116294252054955,0.4811715481171548,1.5760194518880877,0.0,239
552,train,pact,3.0,0,0.05326771741892722,0.010904858118725871,0.018174762662691815,0.0,0.0,0.015116008288893366,1.5560884548031635,1.570935459316525,0.10294208527156873,1010.9661694131636,0.2698979845356243,1.5200034399910451,0.02307824393374861,130268.0,0.0,130006.0,0.0,0.0,0.9903458528937655,0.9000000000000004,0.8913112370040127,0.2998780697439321,0.25147971222040144,0.018140712091818303,0.021773635973339457,-0.18358490145347153,0.1485207276180302,0.5481171548117155,1.5709354485732754,0.0,239
553,train,pact,3.0,0,0.3190210646045298,0.07226481191412641,0.12044134551918483,0.032331685391430075,0.0,0.015811342323222295,1.5506671302986943,1.571458153644865,0.5600665527158203,1006.0476319380884,0.5850867163935466,5.8069109510178345,0.05460618450754482,130506.0,0.0,130244.0,0.0,0.0,0.9911562383923072,0.9000000000000004,0.8920405988413919,0.8465521441845463,0.39732992797717515,0.022907680334541405,0.05270795339219678,-0.19215033157022418,0.2347250660256981,0.4225941422594142,1.5714581520650803,0.0,239
554,train,pact,3.0,0,0.08163405268523204,0.018830300329153407,0.03138383230373213,0.0024724230481989714,0.0,0.015634971978649433,1.6172706018431915,1.6068225712456963,0.3865136895718435,974.3386212592344,0.4963918360082674,7.72930936583914,0.017086420025068598,130744.0,0.0,130482.0,0.0,0.0,0.9898514351086637,0.9000000000000004,0.8908662661348925,0.24154685555256628,0.24794899865355502,0.0037773562484124507,0.017246994453192024,-0.18896642968522748,0.16261610136799307,0.5146443514644351,1.6068225747934803,0.0,239
555,train,pact,3.0,0,0.09350415801189335,0.025260661853223825,0.042101101309039615,0.0017116774325590253,0.0,0.015628288236980533,1.6042497412430192,1.6231126032115026,0.3484811649412291,1249.9849404051713,0.5239888030614813,5.5443251686614925,0.028842410302348825,130982.0,0.0,130720.0,0.0,0.0,0.9915954246181823,0.9000000000000004,0.8924358609331203,1.0240985768717443,0.292700650888169,0.014603962109103127,0.026752217687865152,-0.1983129417479063,0.25122407193091784,0.45188284518828453,1.623112611545899,0.0,239
556,train,pact,3.0,0,0.5008256455296923,0.10372749233516576,0.1728791423342517,0.03004944866920615,0.0,0.014319801362130059,1.4597652434803952,1.475690491029907,0.5353533626849681,1000.3578812986239,0.5995533742540551,2.5638609072154535,0.05244947798127819,131220.0,0.0,130958.0,0.0,0.0,0.989423115632524,0.9000000000000004,0.8904807812000418,0.7267675624705158,0.4961634091820598,0.0023599480730755362,0.05343766533099914,-0.19200341634451096,0.3795958337042642,0.24686192468619247,1.4756904959580668,0.0,239
557,train,pact,3.0,0,0.22391452780090834,0.04543581579820517,0.07572635452143536,0.012362114804559173,0.0,0.014552511120893093,1.497911542030558,1.5090398913148058,0.5508383581079699,840.7108537362709,0.46215992966456393,6.245381230340343,0.04216245101924565,131458.0,0.0,131196.0,0.0,0.0,0.990075919668046,0.9000000000000004,0.891068301190891,0.43038761797884345,0.42836838127911414,0.02740993512062622,0.04235264546311924,-0.18466457867941277,0.2139232618178581,0.4393305439330544,1.5090398872068247,0.0,239
558,train,pact,3.0,0,0.08163405268523204,0.018751298523521163,0.0312521627492361,0.0001901863883229978,0.0,0.015026240445922857,1.586432734044526,1.5937649487950314,0.3497983662403777,919.8564606351333,0.4876386777002941,1.2845171465534546,0.03914063823093742,131696.0,0.0,131434.0,0.0,0.0,0.9905128855585553,0.9000000000000004,0.8914615766273881,0.2608846109741346,0.24823801453568017,0.03239943303986255,0.03692455132975083,-0.1878338669983362,0.17166681503902192,0.5606694560669456,1.593764952103836,0.0,239
559,train,pact,3.0,0,0.22807283978866633,0.06019996962855642,0.1003332750059671,0.02700646626899432,0.0,0.016395457049979825,1.586292639187689,1.6157926383377619,0.5137519746644726,1163.603991137389,0.7265679489618565,4.625147811039721,0.050601189308234776,131934.0,0.0,131672.0,0.0,0.0,0.991534027345011,0.9000000000000004,0.8923806084249808,0.9189298985981507,0.3869917824198693,0.023443783225491642,0.04857326619069883,-0.19362997064821347,0.2072465058310336,0.4895397489539749,1.6157926377725749,0.0,239
560,train,pact,3.0,0,0.001747928173575944,0.0002983567231784333,0.000497261176670504,0.0,0.0,0.015429449536560969,1.5743554566195819,1.5751798786378806,0.32129627285392715,1113.4122053968358,0.7212976813316345,6.5499958992004395,0.002431395636061299,132172.0,0.0,131910.0,0.0,0.0,0.9898601840230711,0.9000000000000004,0.8908741506572547,1.626071130233774,-0.322924902120435,0.0019837988386908283,0.0021910993601222304,-0.191679465026683,0.24146117095462774,0.4309623430962343,1.5751798772130543,0.0,239
561,train,pact,3.0,0,0.4634686815016611,0.10095339583354894,0.16825564887011024,0.03784709090218883,0.0,0.014568991472001604,1.4801702259973502,1.4826807439576632,0.4079809352413607,925.717397522228,0.600289382944546,2.9766607040141917,0.04196316661431844,132410.0,0.0,132148.0,0.0,0.0,0.990236522014171,0.9000000000000004,0.8912128521807523,0.5960400730707698,0.5868055456815715,0.0009591472467686149,0.0458254898255736,-0.1833631591474698,0.25816789815721536,0.3682008368200837,1.4826807462865885,0.0,239
562,train,pact,3.0,0,0.053267700141298224,0.013208393292040292,0.02201398761732193,0.0,0.0,0.015400784635705928,1.564909974650858,1.5739197040202728,0.583674341066113,1097.3843950726498,0.5988647995134777,8.87322726858211,0.03318573275890794,132648.0,0.0,132386.0,0.0,0.0,0.9902567846006928,0.9000000000000004,0.891231089206919,2.1945452628240254,-0.4889504124762216,0.016389299231708388,0.02819968179446961,-0.1910181317662719,0.24018516869936796,0.4309623430962343,1.5739197043566517,0.0,239
563,train,pact,3.0,0,0.4595582126649525,0.09546190095605038,0.15910316115066156,0.031951312427740214,0.0,0.014635671251628813,1.5334029399700244,1.5293387955202717,0.5996662682569177,758.4030891961133,0.5434724305090046,4.1470394569710205,0.0402634527943892,132886.0,0.0,132624.0,0.0,0.0,0.9895179880214037,0.9000000000000004,0.8905661592423666,0.5731417132604164,0.5848740084698327,0.002337433754040956,0.04464753823419137,-0.1810765510893292,0.17938217751268581,0.47280334728033474,1.5293388030276762,0.0,239
564,train,pact,3.0,0,0.43414843287689137,0.09672725194128688,0.16121207376097602,0.04336249566477213,0.0,0.01620199588209266,1.535563113799155,1.56264300575815,0.5467788501015268,916.9499943306256,0.6670285440887866,1.1386256395024734,0.06476979135539554,133124.0,0.0,132862.0,0.0,0.0,0.9908527235605726,0.9000000000000004,0.8917674317519535,0.5763284744175675,0.5651599086632737,0.06673078623640796,0.06610125637999015,-0.1842033184747898,0.16955992759429067,0.4476987447698745,1.5626430052220333,0.0,239
565,train,pact,3.0,0,0.3756273159996906,0.08582325391342306,0.1430387484404065,0.044123241280412076,0.0,0.015582429928993455,1.540548138538664,1.5600143344332484,0.5064630381233024,1207.175368560408,0.6541654768099845,1.1399658422091017,0.06632136369209783,133362.0,0.0,133100.0,0.0,0.0,0.991300337733584,0.9000000000000004,0.892170276601943,0.5578828007755869,0.5525284363417526,0.06520098409700123,0.06697563186997088,-0.18639718970963745,0.20668269088103505,0.4100418410041841,1.5600143417022934,0.0,239
566,train,pact,3.0,0,0.19920827428452043,0.04816097196182538,0.08026828040985272,0.015975656494435903,0.0,0.01541937599504156,1.5564465979153141,1.5872451358759254,0.6613757817316255,1256.2567440016999,0.6014245686171943,10.761275838359131,0.04253801941544316,133600.0,0.0,133338.0,0.0,0.0,0.990779338022655,0.9000000000000004,0.8917013828225714,1.195598638491187,0.43155256674277986,0.024559333239625575,0.03819853704905909,-0.19832067282490917,0.2944004273123832,0.36401673640167365,1.587245141279951,0.0,239
567,train,pact,3.0,0,0.49941803140382607,0.1199547821986271,0.19992462536768216,0.050399391720983275,0.0,0.01608858956218888,1.589252478906799,1.6047399213623301,0.645614392961917,1013.019274595891,0.556087552378866,4.321125906132255,0.05843541303515107,133838.0,0.0,133576.0,0.0,0.0,0.990446838374916,0.9000000000000004,0.8914021360824298,0.6938127047156667,0.5173948601781941,0.005276179581414908,0.06055810222320383,-0.1986800410854812,0.2888216267545031,0.3682008368200837,1.6047399195325296,0.0,239
568,train,pact,3.0,0,0.09046236122763525,0.02064942658239583,0.034415708333239245,0.0024724230481989714,0.0,0.01562717384132693,1.5598413447954664,1.5765717508403827,0.47804058470985383,978.1486310759349,0.5474080683421889,8.35017399658219,0.03644046774348361,134076.0,0.0,133814.0,0.0,0.0,0.9900074154762044,0.9000000000000004,0.8910066477923214,0.3143499805172602,0.31514718589976376,0.02944078479094408,0.03475536491330245,-0.18571668964031074,0.16552419953114333,0.5188284518828452,1.5765717473673555,0.0,239
569,train,pact,3.0,0,0.06536319171795504,0.014425578416825884,0.02404262896844066,0.0,0.0,0.015073744603530134,1.5555551989806746,1.56206378253434,0.25007140929479477,891.7459119214174,0.5384623548600465,1.2910651746654112,0.02632071537152712,134314.0,0.0,134052.0,0.0,0.0,0.9903001919949903,0.9000000000000004,0.8912701554378206,0.25168298197750005,0.24330015786988335,0.019256928150013786,0.02504702293017887,-0.1854694545107691,0.17861064126531948,0.5355648535564853,1.562063781946646,0.0,239
570,eval,pact,3.0,0,0.25732146626996916,0.05495797072031397,0.09159661208567546,0.009699505617429023,0.0,0.009322591197080754,0.7980968009477879,0.7487380554486518,0.17115493495968095,3926.7264016123495,0.30227214643910966,4.92209573470399,0.042376178671375976,134552.0,0.0,134290.0,0.0,0.0,0.995283869769284,0.9000000000000004,0.8957554615691117,0.40716814443844873,0.39409673291502567,0.016522678921504292,0.04347295328101852,-0.08984980628270015,0.03287931392622927,0.9539748953974896,0.7487380564310424,0.0,239
571,eval,pact,3.0,0,0.11274788101110218,0.029063514137709277,0.04843918848517312,0.0,0.0,0.01046132276060691,0.8196730017662048,0.8662409000566315,0.09271536740595201,41147.37692452275,0.047167429897644865,28.542974033116298,0.04320130497704272,134790.0,0.0,134528.0,0.0,0.0,0.9909578698948337,0.9000000000000004,0.8918620637271195,0.4909342683983955,0.3627425940366221,0.033788243260595104,0.040806479513387985,-0.09800336049493016,0.02958544763939583,0.9414225941422594,0.8662409034393203,0.0,239
572,eval,pact,3.0,0,0.4824189044268233,0.12087029130436737,0.2014504751091237,0.005325218810695983,0.0,0.009279944353335573,0.8305975178794383,0.7449547904056485,0.049730871560511855,96413.25777981171,0.03315320543542192,51.05849641935596,0.05554254967563447,135028.0,0.0,134766.0,0.0,0.0,0.9892780336874798,0.9000000000000004,0.8903502042572867,0.6981837134039389,0.6226832774246027,0.04588152015243064,0.05639484386392343,-0.094986160485619,0.06566960443930087,0.8786610878661087,0.7449547904410289,0.0,239
573,eval,pact,3.0,0,0.17909066453400735,0.03895238567244507,0.06492063954297067,0.0,0.0,0.01058468505814204,0.7856814760293921,0.8650407653972195,0.23748888184558054,179993.92048574792,0.017640752168411242,94.69480251168606,0.05672644675128692,135266.0,0.0,135004.0,0.0,0.0,0.9891710864948927,0.9000000000000004,0.890253954352694,0.54437930192181,0.3936249529744087,0.05049953132487126,0.05308863074444702,-0.10016106272859453,0.018932312531529126,0.9581589958158996,0.865040763520842,0.0,239
574,eval,pact,3.0,0,0.00020369909520827966,7.802164765970126e-05,0.0001300360755259405,0.0,0.0,0.010776990810292287,0.8127189862179457,0.8906541244754232,0.00771579549101836,255061.69563938284,0.11608600616455078,37.47036361694336,0.020366078769694623,135504.0,0.0,135242.0,0.0,0.0,0.9977902081720998,0.9000000000000004,0.8980111644357817,48.4112545149092,-56.78606824786742,0.014813239373388173,0.01796571554997975,-0.09616977066892242,0.0015727469657853348,0.99581589958159,0.8906541295106158,0.0,239
575,eval,pact,3.0,0,0.051011509713621825,0.013695495356206499,0.022825823959134125,0.0,0.0,0.010682517676283,0.9101653465666033,0.8911898905512678,0.09702600539074631,814871.7091396444,-0.0534713562776697,195.31495798182786,0.012815578626351876,135742.0,0.0,135480.0,0.0,0.0,0.9928470180373811,0.9000000000000004,0.8935622999047136,0.4143809201446,0.39880057821501935,0.0055628373263940465,0.012765114400224082,-0.1047141141342845,0.0,1.0,0.8911898919930247,0.0,239
576,eval,pact,3.0,0,0.12999683991421615,0.029075153122119515,0.04845858466978064,0.006656523528956968,0.0,0.01075322917861295,0.9096012287558871,0.8941736856015656,-0.14205930858975174,302871.70822437236,0.06569290904632173,190.38317454509655,0.03224527160149987,135980.0,0.0,135718.0,0.0,0.0,0.9916812695219925,0.9000000000000004,0.8925131277559193,0.6352541783546036,0.1394602561567423,0.010351873502756159,0.030055003634276,-0.10763073191529886,0.02243390011573044,0.9581589958158996,0.8941736835588834,0.0,239
577,eval,pact,3.0,0,0.048809969762233514,0.005853524606757228,0.009755874157521074,0.0,0.0,0.010299089711517969,0.8539521606896213,0.8637876200127302,-0.2525287571983708,338293.33649320086,-0.08997849746174705,70.141000871379,0.006913296325486855,136218.0,0.0,135956.0,0.0,0.0,0.9892234923201126,0.9000000000000004,0.8903011239472792,1.0245488558163718,0.3055728470618113,0.0034394078787280185,0.006023592225989039,-0.09934279778712367,0.0,1.0,0.86378762117551,0.0,239
578,eval,pact,3.0,0,0.2364117139628913,0.050136811989120275,0.08356134860477898,0.0038037277664599556,0.0,0.008856476119925974,0.7991553589888697,0.7146025378584363,-0.8925654552097599,244143.35944037657,-0.07172509778493617,67.99689092596206,0.03099232345573978,136456.0,0.0,136194.0,0.0,0.0,0.9880797248255757,0.9000000000000004,0.8892717291620486,0.49496474657772044,0.40343593697935465,0.0017113049005392969,0.0318413789639304,-0.08421648934607771,0.0157571441289059,0.9707112970711297,0.7146025385802017,0.0,239
579,eval,pact,3.0,0,0.0038738003089876893,0.0011649630115590074,0.0019416049411778522,0.0,0.0,0.011540857545065081,0.8671896665914288,0.9390413958158453,-0.06603584921759043,220551.12696129706,0.10971817374229431,38.503055572509766,0.019305634408776168,136694.0,0.0,136432.0,0.0,0.0,0.9972994035756738,0.9000000000000004,0.8975694426432813,6.3512565444546585,-5.674528644785087,0.01157748012446633,0.0167121617094259,-0.10326964518125926,0.0,1.0,0.9390413974294596,0.0,239
580,train,pact,3.0,0,0.46892580401234446,0.11831716915736122,0.19719527161314965,0.046976037167605,0.0,0.014618353512933065,1.4079897810225706,1.4534188755885327,0.5534486754887025,7591.749283411513,0.4524413284896308,7.929875154874315,0.07544003178416187,136932.0,0.0,136670.0,0.0,0.0,0.9801064364331536,0.9000000000000004,0.8820957732250501,0.9191491220127671,0.42811321094654575,0.031253827366767066,0.0722045936274915,-0.1910321729005583,0.3625923617911511,0.26359832635983266,1.4534188737112506,0.0,239
581,train,pact,3.0,0,0.14082453795319042,0.03489815549487712,0.05816358768849519,0.012171928727975949,0.0,0.015342889682908064,1.5578126892385125,1.5572629648272462,0.4933858587402679,1050.457608913278,0.43661325505961934,11.331530385935157,0.029876675908297894,137170.0,0.0,136908.0,0.0,0.0,0.9902865482673485,0.9000000000000004,0.8912578868566696,0.354337560214515,0.37645668600364435,0.011762305725917068,0.030334478182324588,-0.18647244629558207,0.2002730051336835,0.5062761506276151,1.5572629806164562,0.0,239
582,train,pact,3.0,0,0.18707420168323716,0.044856114016838394,0.07476018627139676,0.014263978874833015,0.0,0.015131698858974868,1.5476251271978083,1.5700247153078661,0.296274885784632,1153.1196590407624,0.4289199904417892,1.429208799884908,0.049410449648295454,137408.0,0.0,137146.0,0.0,0.0,0.9904557084937474,0.9000000000000004,0.8914101121315896,0.400677839498302,0.4168651612927674,0.03668893395267703,0.04876008416987784,-0.1811975785162608,0.12255556544704589,0.5481171548117155,1.5700247222309673,0.0,239
583,train,pact,3.0,0,0.2947040708871606,0.06188652389119323,0.10314419991564479,0.02339292551433691,0.0,0.015902604923338073,1.544612845117577,1.5689347269146015,0.6300309744340107,1094.2614692464533,0.6892073711840179,5.258852393557337,0.04634237303067326,137646.0,0.0,137384.0,0.0,0.0,0.9909069383493527,0.9000000000000004,0.891816219774749,1.0004626345675551,0.4571563790943681,0.025000802719743427,0.0439094359933878,-0.19188198986429653,0.23330069141517554,0.48535564853556484,1.5689347179129374,0.0,239
584,train,pact,3.0,0,0.5008256440260959,0.10478216783904908,0.1746369359007761,0.03233168551612599,0.0,0.015138424611475054,1.5205825078437518,1.542691507598845,0.6270547955604777,994.765210012013,0.5950747010099339,3.3418448821770097,0.06408373529488946,137884.0,0.0,137622.0,0.0,0.0,0.9900699078288537,0.9000000000000004,0.8910628871438893,0.7238060823219529,0.4178560601622937,0.03878347027827712,0.06432153452694353,-0.18458606347072593,0.19199382771002108,0.4435146443514644,1.5426915034684086,0.0,239
585,train,pact,3.0,0,0.4836600335450891,0.10904356577706661,0.18173926369116347,0.033472803471976245,0.0,0.014885375264517683,1.4760194939549498,1.474328230115659,0.6721639226670045,1051.434392569953,0.5337486156110485,3.6180790523106086,0.060672964218801285,138122.0,0.0,137860.0,0.0,0.0,0.990684886856558,0.9000000000000004,0.8916163816112853,0.8476594112688088,0.5182834202891813,0.04046458748797344,0.059869764524679556,-0.18871161997071384,0.3304252351701831,0.30962343096234307,1.474328230057989,0.0,239
586,train,pact,3.0,0,0.22391449630794566,0.06594742245160659,0.10991236292313838,0.039558767898312176,0.0,0.016074345170454002,1.5768231348013777,1.6026638955750725,0.5321961763513637,1376.0335739327274,0.4125685287974619,8.671675008211176,0.05767897040696199,138360.0,0.0,138098.0,0.0,0.0,0.9923326502784027,0.9000000000000004,0.8930993566453207,0.7400439220442018,0.3249807899944366,0.022306577855026318,0.056013467637861,-0.19593604852935226,0.2385530727914775,0.42677824267782427,1.6026639031328882,0.0,239
587,train,pact,3.0,0,0.08452669602320004,0.023547939713478697,0.03924656425611624,0.0011411183299379866,0.0,0.014962877867797927,1.6078283061043488,1.6014896012749134,0.38547064307843293,1146.1265269004152,0.43731624917244094,9.644799988888298,0.018897757018615773,138598.0,0.0,138336.0,0.0,0.0,0.9908006757373091,0.9000000000000004,0.8917205957189265,0.27868833777022384,0.28913929238248903,0.0028150136490805336,0.019353710376707717,-0.1894461167129112,0.16878839134692422,0.5313807531380753,1.601489614381634,0.0,239
588,train,pact,3.0,0,0.497250765612289,0.11284687801169974,0.188078118299109,0.03784709065279701,0.0,0.01573265879317557,1.5611886342200276,1.5808324070655153,0.6690819587667617,1031.6397278598163,0.6429812495429147,3.082721057047904,0.06218595467858547,138836.0,0.0,138574.0,0.0,0.0,0.9907127194823581,0.9000000000000004,0.8916414355134366,0.854156586439599,0.4930595807541811,0.03941453910536236,0.06235757673151448,-0.18855712246795295,0.18599958455740523,0.48535564853556484,1.5808324060356842,0.0,239
589,train,pact,3.0,0,0.49418196437011425,0.11603063479725054,0.19338437896929378,0.04887790092613906,0.0,0.01585864551973268,1.571693053804182,1.5735312520709497,0.609707811262817,1003.2288499137846,0.6139007728843011,2.8896265264335534,0.0569482974534675,139074.0,0.0,138812.0,0.0,0.0,0.9903815870005716,0.9000000000000004,0.8913433998199687,0.6695840447343854,0.5406356974318474,0.024325587408384308,0.05885986319575537,-0.19087791230763845,0.23534822991780174,0.45188284518828453,1.5735312641511627,0.0,239
590,train,pact,3.0,0,0.4797851131429772,0.09700756036757842,0.16167925940900207,0.025104602697504117,0.0,0.015584559559775321,1.5460305565570687,1.5619841250415627,0.7776968426784212,918.1741327900268,0.7429377219666996,2.891689386577287,0.04973177256444508,139312.0,0.0,139050.0,0.0,0.0,0.9901118370778391,0.9000000000000004,0.8911006310993658,0.9175976050167355,0.571684584288487,0.03799233228251662,0.04942182224501065,-0.18740887659514865,0.2089379506810291,0.3891213389121339,1.5619841352634896,0.0,239
591,train,pact,3.0,0,0.09046233746581896,0.025163201967139327,0.04193866748708494,0.008368200712124175,0.0,0.01569015047781824,1.5772400239022706,1.5941954314958102,0.4869647344036581,1193.5672193710775,0.3908943452845059,5.484403479548179,0.030263016036191418,139550.0,0.0,139288.0,0.0,0.0,0.9918712811489984,0.9000000000000004,0.8926841322348208,0.794512106994818,0.19606188173204375,0.013245435347521884,0.028725227923619572,-0.19830773103938446,0.27983026202557937,0.40585774058577406,1.5941954368103401,0.0,239
592,train,pact,3.0,0,0.1229728398538705,0.034733116411208284,0.057888523179586995,0.010460251233068969,0.0,0.015499269521588685,1.5699729515418848,1.5695676018004636,0.33046994766680265,934.2623500424947,0.41763808784001044,4.934008262646248,0.022210682159459958,139788.0,0.0,139526.0,0.0,0.0,0.9895147052768883,0.9000000000000004,0.8905632101841052,0.36355845990433394,0.3896140184103456,0.0014245569919742259,0.023476125626672822,-0.18582174224923925,0.1681949019258732,0.497907949790795,1.5695676131154417,0.0,239
593,train,pact,3.0,0,0.009418925725383427,0.0022230668913850184,0.003705111362163521,0.0,0.0,0.016021111177350687,1.6096087469715454,1.6318446736954246,0.17709800669588305,1288.287439322372,0.5484618971038563,0.9876146845238977,0.026802804375118013,140026.0,0.0,139764.0,0.0,0.0,0.990695205443075,0.9000000000000004,0.8916256634760102,0.30237068717097093,0.1660712133380472,0.025887670552517037,0.024082427012936745,-0.19098564751834254,0.15849134989168817,0.5397489539748954,1.631844679739219,0.0,239
594,train,pact,3.0,0,0.007910073110366154,0.0016915388553429864,0.002819231182375044,0.0,0.0,0.015410749956762816,1.5958423390049317,1.5969385170537558,-0.1828031877245609,1153.2938257959597,0.30614841963207373,1.5685569451942603,0.004530577684776267,140264.0,0.0,140002.0,0.0,0.0,0.9905272323217352,0.9000000000000004,0.8914744883900407,0.18249870454874728,0.08010364772871092,0.003079103550928249,0.004231674095356855,-0.19240272443043813,0.21917564319416005,0.4435146443514644,1.5969385197893025,0.0,239
595,train,pact,3.0,0,0.4754479658978925,0.10281704777999305,0.17136173602631216,0.025294789148175068,0.0,0.014857993168935615,1.5269245510320784,1.5251602193800475,0.25151600760396053,981.098803659862,0.5500538221961784,1.1873718961512194,0.04580800627503412,140502.0,0.0,140240.0,0.0,0.0,0.9899557983526126,0.9000000000000004,0.890960191333643,0.6059717415501302,0.5651474586857632,0.004789995225574061,0.04804549878219602,-0.1795672339065746,0.16401080150746314,0.5271966527196653,1.5251602190639624,0.0,239
596,train,pact,3.0,0,3.5839762234725213e-06,2.890453162694654e-07,4.817421734868841e-07,0.0,0.0,0.015268171911427915,1.544583838853876,1.5534914103511985,0.5150663735477495,783.1317371065147,0.8002241253852844,1.4319474697113037,0.030664267244205175,140740.0,0.0,140478.0,0.0,0.0,0.9900176470249766,0.9000000000000004,0.8910158635682142,43.68234714403323,-47.65739463056351,0.027536769992895897,0.027318820085524578,-0.189052901338286,0.21795898988100537,0.4309623430962343,1.5534914186547488,0.0,239
597,train,pact,3.0,0,0.026644077069207902,0.006343498626957934,0.010572497167102247,0.0,0.0,0.015134113388736128,1.5458241419313343,1.5441771785584453,0.29986788955941857,965.0448593075804,0.7230143958140578,1.495343001816562,0.006333183356877134,140978.0,0.0,140716.0,0.0,0.0,0.99028243978652,0.9000000000000004,0.8912541731630907,0.2031994756718565,0.18407048877008425,0.0013061613217455728,0.006325036420466897,-0.18457044514287752,0.18371465028635864,0.5230125523012552,1.5441771832408848,0.0,239
598,train,pact,3.0,0,0.2322390740961382,0.053928650306953846,0.08988107892925262,0.021491061444063066,0.0,0.015576866470963137,1.5787213995865699,1.5851271516608394,0.16161098017135175,856.3628928212441,0.2996729517581573,1.567232281842491,0.03479479458845497,141216.0,0.0,140954.0,0.0,0.0,0.9892245416361917,0.9000000000000004,0.8903020672718351,0.41954388545475213,0.4497878755019594,0.008825061986910089,0.03676289581561219,-0.192542897497966,0.21549600878364344,0.4309623430962343,1.5851271580079742,0.0,239
599,train,pact,3.0,0,0.2615026996800263,0.06418785491716571,0.10697975154446997,0.024534043657231032,0.0,0.015476454762453564,1.5495196009779575,1.5707673821987966,0.44815295897268353,837.5007477445083,0.6028843497132657,1.0595862578647406,0.05668087711238213,141454.0,0.0,141192.0,0.0,0.0,0.9905746287381799,0.9000000000000004,0.8915171441173952,0.5100812878889288,0.5272303673668672,0.047796167695942596,0.057006176281525565,-0.1891626620680436,0.2179293154099528,0.4435146443514644,1.5707673775962712,0.0,239
600,eval,pact,3.0,0,0.015004510717528821,0.0037179061758529715,0.006196510120636928,0.0,0.0,0.009480729484813733,0.7286538020337476,0.7703250210155503,0.46340813808860143,4675.079168726709,0.580456677465758,2.632918998786096,0.02161163160826808,141692.0,0.0,141430.0,0.0,0.0,0.9984569340071419,0.9000000000000004,0.8986112168643265,0.24655564063172408,0.12496990624116344,0.01938110388038521,0.019433758165550936,-0.08348662601992866,0.0014243746105225673,0.9832635983263598,0.7703250154421887,0.0,239
601,eval,pact,3.0,0,0.4990500914879464,0.10811630571116138,0.18019383328518793,0.0,0.0,0.007356679218014601,0.6902972055778344,0.6635553988951519,0.7395079618467946,21781.45365618462,0.04215142028367295,81.36084175109863,0.028829621028342134,141930.0,0.0,141668.0,0.0,0.0,0.9887056455452572,0.9000000000000004,0.889835060640359,0.8482058517366893,0.747432319588859,0.01420651922893265,0.031221847743512946,-0.0833191899171327,0.0386658357814772,0.8117154811715481,0.6635553964414189,0.0,239
602,eval,pact,3.0,0,0.2905912866229464,0.05891747623786138,0.09819578964376571,0.0024724229858510164,0.0,0.007591420745625157,0.7015749795915691,0.6559515955807275,0.5618345186301356,71807.46298051778,-0.09109636405521855,176.0659778467282,0.021746271824713594,142168.0,0.0,141906.0,0.0,0.0,0.9877380483070677,0.9000000000000004,0.8889642213178978,0.7276763704099279,0.7162304489213931,0.006366678823674606,0.0232571734468137,-0.07394474120294134,0.0061722899789311255,0.9665271966527197,0.6559515952439723,0.0,239
603,eval,pact,3.0,0,0.496713411596384,0.09431800202403347,0.1571966617196583,0.0,0.0,0.008084246814718556,0.7069141028067059,0.6849734606104416,0.7647649102131193,42425.82281315377,-0.07982831327393355,112.572117657841,0.036876600070088854,142406.0,0.0,142144.0,0.0,0.0,0.9909585905124951,0.9000000000000004,0.8918627148891592,0.8017382746485329,0.6447448823024997,0.025832600791805556,0.037023030948205596,-0.0889379270272623,0.001335351197364907,0.99581589958159,0.6849734608935654,0.0,239
604,eval,pact,3.0,0,0.2531380826036473,0.060482577217988054,0.10080429003217767,0.005895778038012931,0.0,0.008470471970791534,0.7155620515595918,0.7076779900734395,0.42485005960304867,129692.8952667364,-0.07754858773665417,214.63153983958097,0.027623886376946665,142644.0,0.0,142382.0,0.0,0.0,0.988185003337501,0.9000000000000004,0.8893664865812996,0.7317513608904521,0.725230937575625,0.01821919984160727,0.02857955089364996,-0.08436920550258936,0.0929701178076501,0.8326359832635983,0.7076779828789589,0.0,239
605,eval,pact,3.0,0,0.4689258159280493,0.08025141189488395,0.1337523445159513,0.0032331686014909623,0.0,0.007031051297847446,0.6434994348671645,0.6293100641112946,0.7846234293662354,73440.83958224373,-0.02780215965513779,28.556239419402438,0.02311622249605485,142882.0,0.0,142620.0,0.0,0.0,0.9894756258282202,0.9000000000000004,0.8905280397028105,0.8700304283697464,0.7592120482270474,0.014748010771208495,0.024087718368418297,-0.06966096745758085,0.0031751684026232233,0.9874476987447699,0.6293100636909265,0.0,239
606,eval,pact,3.0,0,2.1493512025067902e-05,5.011681065929734e-06,8.352801106796137e-06,0.0,0.0,0.00920316747635229,0.7743159160953187,0.7734987289336934,0.7973930780857676,75923.71304589436,-0.12465954571962357,22.396726608276367,0.007337313651002039,143120.0,0.0,142858.0,0.0,0.0,0.995455762955933,0.9000000000000004,0.8959101666715853,228.10907815401626,-324.00970234775104,0.005212116651633319,0.006264072355315495,-0.08742302491587245,0.0,1.0,0.773498724079203,0.0,239
607,eval,pact,3.0,0,0.11611346518928935,0.016377171118722774,0.027295283510112962,0.0019018638832299778,0.0,0.008912688419300766,0.7233154298620743,0.7447024821985716,0.34592050226662446,133485.24441030333,0.09377666504149594,142.72066001812286,0.01729776222399089,143358.0,0.0,143096.0,0.0,0.0,0.9893139827700339,0.9000000000000004,0.8903825710134028,1.1593401995814672,0.19668144162632129,0.005775063244214692,0.01494175984152051,-0.08689024191525742,0.0018991661473634232,0.9916317991631799,0.744702483613427,0.0,239
608,eval,pact,3.0,0,3.583932445953487e-06,3.4191565889871006e-07,5.698594238870158e-07,0.0,0.0,0.009554721707298916,0.7835026254963177,0.7868957884890265,-0.5982262494617127,387270.74964042887,0.07591051608324051,175.3526611328125,0.0022499358367221627,143596.0,0.0,143334.0,0.0,0.0,0.9952727912858939,0.9000000000000004,0.8957454962461064,327.69301789016185,-656.985750294731,0.0018333846301366947,0.0019300278168070328,-0.0891350287899222,0.0,1.0,0.786895790171405,0.0,239
609,eval,pact,3.0,0,0.046663172881091675,0.01213653595442494,0.020227558432764543,0.0,0.0,0.008491095745834721,0.7239309235097973,0.7059974204047454,-4.692607815139713,245457.5050666841,0.027260858549981934,159.95554551320095,0.007672752335299368,143834.0,0.0,143572.0,0.0,0.0,0.9905402836191105,0.9000000000000004,0.8914862399819505,0.5802273366473101,0.44950563702088986,0.0011460363452567319,0.0076419748002994475,-0.07900453533594916,0.004006053592094721,0.9874476987447699,0.7059974223796782,0.0,239
