episode,phase,arm,sigma,direct,A,load,load_frac,sat,clipped,x_std,q_cmd_abs,q_exec_abs,resid_after,reward,v_out,cr,q_loss,destroy,steps
0,train,blind,0.0,0,2.149352706407653e-05,0.0,0.0,0.0,0.0,0.01546306024543224,1.6076082063519306,1.6076082063519306,0.0,-0.20072104051940393,0.30134425353868066,0.39748953974895396,1.6076082159684595,0.0,239
1,eval,blind,0.0,0,0.49975553764743685,0.0,0.0,0.0,0.0,0.012829941898101169,1.2054395696857485,1.2054395696857485,0.0,-0.19941400629106995,0.697884210213953,0.09623430962343096,1.2054395680741183,0.0,239
2,eval,blind,0.0,0,0.19920830527869945,0.0,0.0,0.0,0.0,0.01122504316862657,1.0893832473824712,1.0893832473824712,0.0,-0.12782093922989418,0.13089409181281342,0.694560669456067,1.089383246605244,0.0,239
3,eval,blind,0.0,0,0.5016285062847449,0.0,0.0,0.0,0.0,0.01258474829018303,1.1862034084407855,1.1862034084407855,0.0,-0.18472018862706802,0.5990385471378973,0.19246861924686193,1.1862034053671555,0.0,239
4,eval,blind,0.0,0,0.4738973789959445,0.0,0.0,0.0,0.0,0.012227898147970314,1.1615735701437275,1.1615735701437275,0.0,-0.17402859839895077,0.5351790854328023,0.2217573221757322,1.1615735715285906,0.0,239
5,eval,blind,0.0,0,0.023700630373153914,0.0,0.0,0.0,0.0,0.01077842696230843,1.0587569465198277,1.0587569465198277,0.0,-0.12353853156406162,0.0646309979524615,0.8326359832635983,1.0587569455990726,0.0,239
6,eval,blind,0.0,0,0.09350415801189335,0.0,0.0,0.0,0.0,0.01059406265522895,1.0371423094342442,1.0371423094342442,0.0,-0.12305976279311229,0.017537612392059112,0.8075313807531381,1.037142311519946,0.0,239
7,eval,blind,0.0,0,0.022306911853421187,0.0,0.0,0.0,0.0,0.01068922955831162,1.0442300376532965,1.0442300376532965,0.0,-0.11520367804297438,0.0,1.0,1.0442300400648357,0.0,239
8,eval,blind,0.0,0,0.4532820635336884,0.0,0.0,0.0,0.0,0.012028118104490775,1.1490441525830384,1.1490441525830384,0.0,-0.15954714201598785,0.3985281462357935,0.37656903765690375,1.149044154561728,0.0,239
9,eval,blind,0.0,0,0.4918546215835647,0.0,0.0,0.0,0.0,0.012532194758761503,1.17866099180038,1.17866099180038,0.0,-0.18566382502475548,0.5715006380011278,0.21338912133891214,1.1786609960618326,0.0,239
10,eval,blind,0.0,0,0.4595581971330663,0.0,0.0,0.0,0.0,0.01124117460499311,1.0793419719739938,1.0793419719739938,0.0,-0.12619987146442577,0.0066470815157719815,0.8661087866108786,1.079341968493242,0.0,239
11,train,blind,0.0,0,0.3926658787366775,0.0,0.0,0.0,0.0,0.01653242329618734,1.6615935541595874,1.6615935541595874,0.0,-0.19918014202279175,0.22543695658624885,0.45188284518828453,1.661593556325054,0.0,239
12,train,blind,0.0,0,0.07879225602993307,0.0,0.0,0.0,0.0,0.01807484437154302,1.7670116055460654,1.7670116055460654,0.0,-0.2144722359042047,0.2735095996913855,0.38493723849372385,1.767011608777102,0.0,239
13,train,blind,0.0,0,0.00484126768363289,0.0,0.0,0.0,0.0,0.01868053900553342,1.832863329843497,1.832863329843497,0.0,-0.20653747765526792,0.09789608000237393,0.48535564853556484,1.8328633315862717,0.0,239
14,train,blind,0.0,0,0.08452669602320004,0.0,0.0,0.0,0.0,0.01881861966882665,1.8282649522047163,1.8282649522047163,0.0,-0.22385161536291395,0.2887919522834506,0.33472803347280333,1.8282649534142439,0.0,239
15,train,blind,0.0,0,0.4532820462560594,0.0,0.0,0.0,0.0,0.018214900276495073,1.809705199058086,1.809705199058086,0.0,-0.23628455033343285,0.4537226623935428,0.27615062761506276,1.8097052112066239,0.0,239
16,train,blind,0.0,0,0.011099790736339269,0.0,0.0,0.0,0.0,0.01824964572788532,1.7901976941519702,1.7901976941519702,0.0,-0.20255437980841848,0.11178373245496898,0.4769874476987448,1.7901976849561965,0.0,239
17,train,blind,0.0,0,0.5020820002191994,0.0,0.0,0.0,0.0,0.017693106650090367,1.7343694206062221,1.7343694206062221,0.0,-0.19355959183258784,0.06059526988931423,0.6276150627615062,1.734369437350657,0.0,239
18,train,blind,0.0,0,0.4671610229562556,0.0,0.0,0.0,0.0,0.016428465678290344,1.6856758589525103,1.6856758589525103,0.0,-0.19461949240718346,0.14433662719962018,0.5230125523012552,1.6856758571921466,0.0,239
19,train,blind,0.0,0,0.3109929788440381,0.0,0.0,0.0,0.0,0.015416375489975619,1.5691994468537334,1.5691994468537334,0.0,-0.22889741499258318,0.5721831508353364,0.15481171548117154,1.5691994468586532,0.0,239
20,train,blind,0.0,0,0.08163405268523204,0.0,0.0,0.0,0.0,0.01511317764693349,1.6051421374955437,1.6051421374955437,0.0,-0.18957124156369173,0.178640315736372,0.497907949790795,1.6051421249286077,0.0,239
21,train,blind,0.0,0,0.3825699220520223,0.0,0.0,0.0,0.0,0.014872365220056293,1.588905247933695,1.588905247933695,0.0,-0.2076591197438353,0.41594706074364224,0.2384937238493724,1.5889052314735477,0.0,239
22,train,blind,0.0,0,0.07326333691171423,0.0,0.0,0.0,0.0,0.015059274786919605,1.5727257544026714,1.5727257544026714,0.0,-0.21279369641872733,0.4924775215881777,0.1589958158995816,1.572725756425144,0.0,239
23,train,blind,0.0,0,0.47694583179846367,0.0,0.0,0.0,0.0,0.013554000991268014,1.500126777832478,1.500126777832478,0.0,-0.20776322115713075,0.5243479034986201,0.1589958158995816,1.500126774857219,0.0,239
24,train,blind,0.0,0,0.19109902345770474,0.0,0.0,0.0,0.0,0.014529144890201141,1.5194290315256958,1.5194290315256958,0.0,-0.2178436434984939,0.59779221935369,0.07531380753138076,1.5194290305262756,0.0,239
25,train,blind,0.0,0,0.00010017924373394666,0.0,0.0,0.0,0.0,0.014737471468575205,1.5771863016623333,1.5771863016623333,0.0,-0.22609914907997125,0.6253301284904597,0.10460251046025104,1.5771863033698639,0.0,239
26,train,blind,0.0,0,0.002674004892043177,0.0,0.0,0.0,0.0,0.014877907820747362,1.5824710741701484,1.5824710741701484,0.0,-0.22690434746761623,0.6341731208641206,0.07112970711297072,1.5824710868217535,0.0,239
27,train,blind,0.0,0,0.0,0.0,0.0,0.0,0.0,0.015670137400017995,1.6071801629525349,1.6071801629525349,0.0,-0.24722371876764807,0.7731386688032287,0.0502092050209205,1.6071801711570803,0.0,239
28,train,blind,0.0,0,0.4934485877536371,0.0,0.0,0.0,0.0,0.015049980152554219,1.557625339869176,1.557625339869176,0.0,-0.2078854532108709,0.42639247455414103,0.24267782426778242,1.5576253484362304,0.0,239
29,train,blind,0.0,0,0.07057713395643153,0.0,0.0,0.0,0.0,0.015935162968824475,1.6155539915651458,1.6155539915651458,0.0,-0.2221526476049863,0.5345559215406985,0.17573221757322174,1.6155539990530123,0.0,239
30,eval,blind,0.0,0,2.1493512025067902e-05,0.0,0.0,0.0,0.0,0.0091476379241015,0.883158334129525,0.883158334129525,0.0,-0.15600503228250892,0.7538799370901212,0.02092050209205021,0.8831583366187306,0.0,239
31,eval,blind,0.0,0,0.49775201144090475,0.0,0.0,0.0,0.0,0.008412252543649976,1.066411819667497,1.066411819667497,0.0,-0.17285582077295858,0.5383839283064779,0.16317991631799164,1.0664118216810126,0.0,239
32,eval,blind,0.0,0,0.4986505481252782,0.0,0.0,0.0,0.0,0.007802095500923787,1.0008739350231122,1.0008739350231122,0.0,-0.14704392729901875,0.37799341226742633,0.28451882845188287,1.000873926955627,0.0,239
33,eval,blind,0.0,0,0.1229728398538705,0.0,0.0,0.0,0.0,0.009110751608581474,0.9408702206910904,0.9408702206910904,0.0,-0.1479173865886439,0.5884447609721356,0.16317991631799164,0.9408702256348438,0.0,239
34,eval,blind,0.0,0,0.4891325045084395,0.0,0.0,0.0,0.0,0.00913161013828723,0.8665949075042453,0.8665949075042453,0.0,-0.1652440535393388,0.9163179916317993,0.0,0.8665949086671616,0.0,239
35,eval,blind,0.0,0,0.00027498420791614755,0.0,0.0,0.0,0.0,0.009934136765779124,0.880188203381694,0.880188203381694,0.0,-0.1688755749352018,0.8821626754503102,0.0,0.8801882100696538,0.0,239
36,eval,blind,0.0,0,0.5000638219418426,0.0,0.0,0.0,0.0,0.008051789868389213,1.0178666655987376,1.0178666655987376,0.0,-0.17089646097717892,0.5885931333273985,0.17154811715481172,1.0178666619457246,0.0,239
37,eval,blind,0.0,0,0.1595777480052146,0.0,0.0,0.0,0.0,0.008531074398138782,0.9644814390517678,0.9644814390517678,0.0,-0.16211684409081623,0.6843823258850412,0.16317991631799164,0.9644814378084199,0.0,239
38,eval,blind,0.0,0,0.41162969583010295,0.0,0.0,0.0,0.0,0.009442097072929891,0.8868267032391856,0.8868267032391856,0.0,-0.1570070773926217,0.8248909463188819,0.0,0.8868267065847731,0.0,239
39,eval,blind,0.0,0,0.07326335892778778,0.0,0.0,0.0,0.0,0.00892899546257871,0.9296667015951547,0.9296667015951547,0.0,-0.15160572652671678,0.6271699456957179,0.13389121338912133,0.9296667004582173,0.0,239
40,train,blind,0.0,0,0.0007224776207325224,0.0,0.0,0.0,0.0,0.014421431924446358,1.5849092642632487,1.5849092642632487,0.0,-0.21829600991470585,0.5303124721801834,0.16317991631799164,1.584909270315355,0.0,239
41,train,blind,0.0,0,0.21976545920194163,0.0,0.0,0.0,0.0,0.014615294336493294,1.5613942829634855,1.5613942829634855,0.0,-0.2116133778418105,0.461022582272471,0.2217573221757322,1.5613942797322853,0.0,239
42,train,blind,0.0,0,0.3575846668143823,0.0,0.0,0.0,0.0,0.013800374674513375,1.517258266275398,1.517258266275398,0.0,-0.2094846627142938,0.48250689931451973,0.23430962343096234,1.5172582634286527,0.0,239
43,train,blind,0.0,0,0.4934485925616751,0.0,0.0,0.0,0.0,0.014898831991159267,1.592088269638716,1.592088269638716,0.0,-0.2126727702048406,0.4702810172408677,0.23430962343096234,1.5920882728054309,0.0,239
44,train,blind,0.0,0,0.5015085098678519,0.0,0.0,0.0,0.0,0.01544973871058874,1.5932170319756704,1.5932170319756704,0.0,-0.19492277383215284,0.25727766402563873,0.35564853556485354,1.5932170283044955,0.0,239
45,train,blind,0.0,0,3.583932445953487e-06,0.0,0.0,0.0,0.0,0.015112681848203538,1.6010964615075658,1.6010964615075658,0.0,-0.2050559281926615,0.3630078043858868,0.2928870292887029,1.6010964627956477,0.0,239
46,train,blind,0.0,0,0.2531380511106846,0.0,0.0,0.0,0.0,0.015053401463450748,1.5594320995538304,1.5594320995538304,0.0,-0.20896253970763232,0.4753256773198017,0.1589958158995816,1.5594321068967072,0.0,239
47,train,blind,0.0,0,0.11611346518928935,0.0,0.0,0.0,0.0,0.015078862224974393,1.6081906045829901,1.6081906045829901,0.0,-0.20449061235143626,0.3448470281017241,0.30962343096234307,1.60819059659319,0.0,239
48,train,blind,0.0,0,0.4967134153445068,0.0,0.0,0.0,0.0,0.015608141309811606,1.6214626987608907,1.6214626987608907,0.0,-0.20196488504268548,0.28751595002819075,0.3472803347280335,1.62146270599042,0.0,239
49,train,blind,0.0,0,0.4881335476829956,0.0,0.0,0.0,0.0,0.016289233072236117,1.6396797069944598,1.6396797069944598,0.0,-0.2175826731309197,0.45025074928039416,0.18410041841004185,1.6396797040667173,0.0,239
50,train,blind,0.0,0,0.24895395069227458,0.0,0.0,0.0,0.0,0.01710792147324549,1.6721830821935102,1.6721830821935102,0.0,-0.19821029221387218,0.18024273717320985,0.4435146443514644,1.6721830804005837,0.0,239
51,train,blind,0.0,0,0.02096458594954064,0.0,0.0,0.0,0.0,0.017243313297208508,1.7096624793367905,1.7096624793367905,0.0,-0.19767645111255464,0.13457372622333005,0.5104602510460251,1.709662484953215,0.0,239
52,train,blind,0.0,0,0.49905009486198143,0.0,0.0,0.0,0.0,0.017546098141553012,1.729966512285017,1.729966512285017,0.0,-0.19656608113325363,0.09911273331552865,0.4895397489539749,1.7299665116151621,0.0,239
53,train,blind,0.0,0,0.005953148992843712,0.0,0.0,0.0,0.0,0.017954765312435988,1.743527789993765,1.743527789993765,0.0,-0.1994938531330804,0.12540431466809104,0.497907949790795,1.7435277855267484,0.0,239
54,train,blind,0.0,0,0.42045798061068984,0.0,0.0,0.0,0.0,0.01844495033775164,1.7606006262192666,1.7606006262192666,0.0,-0.23552264495231734,0.49885753286447676,0.19246861924686193,1.7606006221172206,0.0,239
55,train,blind,0.0,0,0.2656803193330306,0.0,0.0,0.0,0.0,0.019458243297997505,1.834970026335457,1.834970026335457,0.0,-0.23197356099520863,0.37262233300691416,0.26359832635983266,1.8349700448741284,0.0,239
56,train,blind,0.0,0,0.41462239765982967,0.0,0.0,0.0,0.0,0.019312590134630145,1.8032351532740574,1.8032351532740574,0.0,-0.2664155228471009,0.6779429656666371,0.06694560669456066,1.8032351404793068,0.0,239
57,train,blind,0.0,0,6.514758795400435e-05,0.0,0.0,0.0,0.0,0.020262168751538547,1.8888712817156166,1.8888712817156166,0.0,-0.2131932820312299,0.12472180183388232,0.40585774058577406,1.888871282479537,0.0,239
58,train,blind,0.0,0,0.0,0.0,0.0,0.0,0.0,0.020670861512360212,1.8945768772308798,1.8945768772308798,0.0,-0.2172274335327834,0.1828837650968871,0.3263598326359833,1.8945768819941087,0.0,239
59,train,blind,0.0,0,0.48813355436147227,0.0,0.0,0.0,0.0,0.020283579035315306,1.8713118620996196,1.8713118620996196,0.0,-0.274144171897633,0.6877948900560849,0.06694560669456066,1.8713118560764912,0.0,239
60,eval,blind,0.0,0,3.939130826693449e-05,0.0,0.0,0.0,0.0,0.0212518021924164,1.7234674158455439,1.7234674158455439,0.0,-0.20260534684057055,0.2281373334520312,0.09205020920502092,1.7234674051382444,0.0,239
61,eval,blind,0.0,0,0.02819466484402731,0.0,0.0,0.0,0.0,0.021265393232139582,1.7279602004893155,1.7279602004893155,0.0,-0.2109907741830129,0.31538027834653837,0.0,1.7279602020900064,0.0,239
62,eval,blind,0.0,0,0.0034414877965033177,0.0,0.0,0.0,0.0,0.02126149136853642,1.7249375147799568,1.7249375147799568,0.0,-0.21172568522513063,0.31493516128075005,0.0,1.724937518450955,0.0,239
63,eval,blind,0.0,0,0.15576161381352116,0.0,0.0,0.0,0.0,0.021293128774380585,1.7227109072098672,1.7227109072098672,0.0,-0.23093617404614297,0.4995993946407905,0.0,1.7227109094080688,0.0,239
64,eval,blind,0.0,0,0.17909063403861195,0.0,0.0,0.0,0.0,0.021389409969853057,1.73221498253954,1.73221498253954,0.0,-0.2208740381763401,0.416629573577851,0.0,1.7322149800272901,0.0,239
65,eval,blind,0.0,0,0.07057711293792525,0.0,0.0,0.0,0.0,0.02128924081047459,1.730295575812272,1.730295575812272,0.0,-0.2114985903169146,0.3050535624202498,0.0,1.7302955790750094,0.0,239
66,eval,blind,0.0,0,0.12999683991421615,0.0,0.0,0.0,0.0,0.021275799846175326,1.7291737071639823,1.7291737071639823,0.0,-0.20538823422526326,0.24098637941778683,0.0,1.7291737079004557,0.0,239
67,eval,blind,0.0,0,0.4204580038737225,0.0,0.0,0.0,0.0,0.021387230059342403,1.7299596584990433,1.7299596584990433,0.0,-0.23093670159394042,0.5198670583696846,0.0,1.7299596421192578,0.0,239
68,eval,blind,0.0,0,0.4392558730871779,0.0,0.0,0.0,0.0,0.021263553885641707,1.7239735455692562,1.7239735455692562,0.0,-0.25460190759174595,0.6829876257455713,0.0,1.7239735546385386,0.0,239
69,eval,blind,0.0,0,0.2698529591997837,0.0,0.0,0.0,0.0,0.021121798995024987,1.7276956416572986,1.7276956416572986,0.0,-0.2404964075300917,0.5333095937564913,0.0,1.72769563257712,0.0,239
70,train,blind,0.0,0,0.2698529591997837,0.0,0.0,0.0,0.0,0.020747593658582687,1.8924725783918692,1.8924725783918692,0.0,-0.25414455802247604,0.5170776580907446,0.1799163179916318,1.8924725769154274,0.0,239
71,train,blind,0.0,0,0.0065658995871934805,0.0,0.0,0.0,0.0,0.020069888917627943,1.873570418756876,1.873570418756876,0.0,-0.21520647091094433,0.1859699100863527,0.26359832635983266,1.8735704153984902,0.0,239
72,train,blind,0.0,0,0.0349310103396663,0.0,0.0,0.0,0.0,0.02013837807192214,1.8832995562373844,1.8832995562373844,0.0,-0.22904786331538088,0.32585536662808984,0.20502092050209206,1.8832995570538584,0.0,239
73,train,blind,0.0,0,0.16730015471176524,0.0,0.0,0.0,0.0,0.019738575108505192,1.8612152308100935,1.8612152308100935,0.0,-0.23059632323836707,0.3286744413780824,0.3054393305439331,1.8612152326038125,0.0,239
74,train,blind,0.0,0,0.3959428790102983,0.0,0.0,0.0,0.0,0.02014256949111757,1.8469893458498072,1.8469893458498072,0.0,-0.21095263215835516,0.142022018457521,0.4309623430962343,1.8469893424499595,0.0,239
75,train,blind,0.0,0,0.5013695556751894,0.0,0.0,0.0,0.0,0.018969623496654642,1.8204887870964146,1.8204887870964146,0.0,-0.21651794290510168,0.29398498471764745,0.1589958158995816,1.8204887953853675,0.0,239
76,train,blind,0.0,0,0.000463527011177035,0.0,0.0,0.0,0.0,0.01906827580433136,1.7987021457201267,1.7987021457201267,0.0,-0.20665149418271753,0.14148787797857504,0.4769874476987448,1.7987021560245067,0.0,239
77,train,blind,0.0,0,0.5018170490880057,0.0,0.0,0.0,0.0,0.018277652748708444,1.7658600004148284,1.7658600004148284,0.0,-0.2224913566013878,0.38458114484109324,0.200836820083682,1.7658600106302373,0.0,239
78,train,blind,0.0,0,0.012959521485526197,0.0,0.0,0.0,0.0,0.018064747638532806,1.75363973992639,1.75363973992639,0.0,-0.20320976660495474,0.1576307902311641,0.4602510460251046,1.7536397397086694,0.0,239
79,train,blind,0.0,0,0.46892580401234446,0.0,0.0,0.0,0.0,0.017213516603672107,1.6997280295423882,1.6997280295423882,0.0,-0.22168388938534592,0.4455325083830381,0.2217573221757322,1.6997280290697143,0.0,239
80,train,blind,0.0,0,0.13356819286291968,0.0,0.0,0.0,0.0,0.01695964177563849,1.7070636150727212,1.7070636150727212,0.0,-0.20795842131443626,0.2711653164782337,0.3514644351464435,1.7070636227577307,0.0,239
81,train,blind,0.0,0,0.48485144005920816,0.0,0.0,0.0,0.0,0.017590182860650776,1.7320432288876138,1.7320432288876138,0.0,-0.2156813057287775,0.34615270482803645,0.21338912133891214,1.7320432350173043,0.0,239
82,train,blind,0.0,0,0.00020369909520827966,0.0,0.0,0.0,0.0,0.016906848931334383,1.7178042401329743,1.7178042401329743,0.0,-0.221182271957857,0.3776669930858483,0.30962343096234307,1.7178042393760626,0.0,239
83,train,blind,0.0,0,0.14450739523119227,0.0,0.0,0.0,0.0,0.017019798168639758,1.7185942822420448,1.7185942822420448,0.0,-0.21345514822619957,0.30959375649129056,0.38493723849372385,1.7185942813630954,0.0,239
84,train,blind,0.0,0,0.2531380826036473,0.0,0.0,0.0,0.0,0.017718088117556718,1.7284789843539314,1.7284789843539314,0.0,-0.21875264222832244,0.3585566337280038,0.2594142259414226,1.7284789885499183,0.0,239
85,train,blind,0.0,0,0.4706366194916741,0.0,0.0,0.0,0.0,0.016353587524490003,1.7126812007137922,1.7126812007137922,0.0,-0.21965011733227624,0.3892993857384492,0.19665271966527198,1.7126812110533993,0.0,239
86,train,blind,0.0,0,0.4341484118583851,0.0,0.0,0.0,0.0,0.016587255355048628,1.7027610819708852,1.7027610819708852,0.0,-0.22928214182807655,0.494584409032909,0.14225941422594143,1.702761084348897,0.0,239
87,train,blind,0.0,0,0.475447956226714,0.0,0.0,0.0,0.0,0.016101410781972452,1.6935594969713539,1.6935594969713539,0.0,-0.2273439573845504,0.5108163446986558,0.17154811715481172,1.6935594942361993,0.0,239
88,train,blind,0.0,0,0.0012663877662295617,0.0,0.0,0.0,0.0,0.017277328392966147,1.7286803976761247,1.7286803976761247,0.0,-0.23526299457801322,0.4488263746698716,0.2928870292887029,1.7286803892771025,0.0,239
89,train,blind,0.0,0,0.3959428790102983,0.0,0.0,0.0,0.0,0.017174838888205618,1.7229117486766192,1.7229117486766192,0.0,-0.2275396469118356,0.42158521024362744,0.27615062761506276,1.7229117450428393,0.0,239
90,eval,blind,0.0,0,0.01843199975083282,0.0,0.0,0.0,0.0,0.016683000184704692,1.5134173115427025,1.5134173115427025,0.0,-0.22734937988229034,0.5558028428143269,0.19246861924686193,1.513417312666171,0.0,239
91,eval,blind,0.0,0,0.5019918540521879,0.0,0.0,0.0,0.0,0.016094948118357728,1.5063010032705682,1.5063010032705682,0.0,-0.2118245944760398,0.5051781951986706,0.17573221757322174,1.5063009972055437,0.0,239
92,eval,blind,0.0,0,0.5020526421234931,0.0,0.0,0.0,0.0,0.01667179615591423,1.523978295934749,1.523978295934749,0.0,-0.22861948914635408,0.5447342651117243,0.19246861924686193,1.5239782964329425,0.0,239
93,eval,blind,0.0,0,0.1161134909462402,0.0,0.0,0.0,0.0,0.016618193764333072,1.5134779556525801,1.5134779556525801,0.0,-0.2236374507586787,0.5401940710406836,0.19665271966527198,1.5134779575081048,0.0,239
94,eval,blind,0.0,0,0.33479187858415665,0.0,0.0,0.0,0.0,0.016695142530730952,1.5235823879182089,1.5235823879182089,0.0,-0.22620189315945424,0.5598385708774741,0.19665271966527198,1.523582384323483,0.0,239
95,eval,blind,0.0,0,0.0030419384339404444,0.0,0.0,0.0,0.0,0.016670609633418806,1.5249769552981005,1.5249769552981005,0.0,-0.22891652765216763,0.541974539303837,0.18828451882845187,1.5249769598804086,0.0,239
96,eval,blind,0.0,0,0.40549756067851994,0.0,0.0,0.0,0.0,0.01656518174358741,1.5219288211487327,1.5219288211487327,0.0,-0.2314762362188566,0.5479687824564528,0.18410041841004185,1.5219288184467528,0.0,239
97,eval,blind,0.0,0,0.5020920332959219,0.0,0.0,0.0,0.0,0.01636203990423093,1.516457234715817,1.516457234715817,0.0,-0.21823131281640717,0.544823288524882,0.14644351464435146,1.5164572278467545,0.0,239
98,eval,blind,0.0,0,0.009418921166737213,0.0,0.0,0.0,0.0,0.01669565963102933,1.5154280320869828,1.5154280320869828,0.0,-0.23356424647796165,0.5408172349327873,0.20502092050209206,1.5154280324961469,0.0,239
99,eval,blind,0.0,0,0.15957777750304272,0.0,0.0,0.0,0.0,0.016447588464315342,1.5140355932662677,1.5140355932662677,0.0,-0.21974907337602576,0.5463070120775096,0.20920502092050208,1.5140355914762784,0.0,239
100,train,blind,0.0,0,1.0033001283974734e-05,0.0,0.0,0.0,0.0,0.017404420597470955,1.7045220874842242,1.7045220874842242,0.0,-0.23147515440388275,0.4829223419092555,0.2301255230125523,1.7045220932786005,0.0,239
101,train,blind,0.0,0,0.21562707504729067,0.0,0.0,0.0,0.0,0.0166257091186099,1.6831727382029449,1.6831727382029449,0.0,-0.2184052676086042,0.40274192112525586,0.26359832635983266,1.6831727416480848,0.0,239
102,train,blind,0.0,0,0.00046352766528258015,0.0,0.0,0.0,0.0,0.016439420521789264,1.6990313719506045,1.6990313719506045,0.0,-0.2261529387319474,0.44645241698566723,0.29707112970711297,1.699031368358299,0.0,239
103,train,blind,0.0,0,0.033166217367872536,0.0,0.0,0.0,0.0,0.017464174359070456,1.7277920166318885,1.7277920166318885,0.0,-0.23108056781721736,0.4439894358883053,0.3054393305439331,1.7277920205661195,0.0,239
104,train,blind,0.0,0,0.5020920332959219,0.0,0.0,0.0,0.0,0.016751294819225077,1.6676291953070892,1.6676291953070892,0.0,-0.21539217313591058,0.3965696311463248,0.26778242677824265,1.6676291866033661,0.0,239
105,train,blind,0.0,0,0.4554288604148302,0.0,0.0,0.0,0.0,0.015765529613022276,1.6493930462514008,1.6493930462514008,0.0,-0.21464919701609528,0.43039852814623575,0.2217573221757322,1.6493930371993617,0.0,239
106,train,blind,0.0,0,0.07326333691171423,0.0,0.0,0.0,0.0,0.016445795715120174,1.670658029771749,1.670658029771749,0.0,-0.21148041117889996,0.32855574349387223,0.35564853556485354,1.6706580350732263,0.0,239
107,train,blind,0.0,0,0.1229728398538705,0.0,0.0,0.0,0.0,0.016222786846099166,1.6771212252612893,1.6771212252612893,0.0,-0.20553207776466448,0.29036469924923586,0.3472803347280335,1.6771212349924411,0.0,239
108,train,blind,0.0,0,0.372095166128404,0.0,0.0,0.0,0.0,0.01545568829534817,1.6358511901799604,1.6358511901799604,0.0,-0.20793566908299882,0.3757678269384849,0.2928870292887029,1.6358511950975898,0.0,239
109,train,blind,0.0,0,0.350115003503633,0.0,0.0,0.0,0.0,0.016244589925887818,1.6607495835635453,1.6607495835635453,0.0,-0.20018100125855787,0.23561530015727472,0.39748953974895396,1.6607495854832246,0.0,239
110,train,blind,0.0,0,0.0030419384339404444,0.0,0.0,0.0,0.0,0.01599077808877227,1.6751194379319705,1.6751194379319705,0.0,-0.2040595400496107,0.26822754384403097,0.401673640167364,1.6751194261108857,0.0,239
111,train,blind,0.0,0,0.4722936973789786,0.0,0.0,0.0,0.0,0.015732420622039913,1.656030541184557,1.656030541184557,0.0,-0.2038223158312131,0.2861212498887208,0.3472803347280335,1.656030546083051,0.0,239
112,train,blind,0.0,0,0.00014589538669387058,0.0,0.0,0.0,0.0,0.015546819943326786,1.6421767223829007,1.6421767223829007,0.0,-0.19872358569328172,0.2502744888572361,0.4560669456066946,1.6421767207779725,0.0,239
113,train,blind,0.0,0,0.21976542770897894,0.0,0.0,0.0,0.0,0.01643175332491368,1.6628020473105138,1.6628020473105138,0.0,-0.20898015964111422,0.3380515742306894,0.3263598326359833,1.6628020574559756,0.0,239
114,train,blind,0.0,0,0.09046233746581896,0.0,0.0,0.0,0.0,0.015905132256136528,1.6250189951772969,1.6250189951772969,0.0,-0.20023322321440779,0.2654678180361435,0.41841004184100417,1.6250189976751612,0.0,239
115,train,blind,0.0,0,0.03674998030288848,0.0,0.0,0.0,0.0,0.015869651422309825,1.6463251078976746,1.6463251078976746,0.0,-0.19843224663437664,0.23140152526781207,0.4686192468619247,1.646325110798321,0.0,239
116,train,blind,0.0,0,0.00864344554228482,0.0,0.0,0.0,0.0,0.016047497887834595,1.6581502569270434,1.6581502569270434,0.0,-0.1935148800048833,0.14427727825751507,0.5774058577405857,1.6581502586659491,0.0,239
117,train,blind,0.0,0,0.2032900131473154,0.0,0.0,0.0,0.0,0.016053847791276343,1.6405145663097813,1.6405145663097813,0.0,-0.20321860494322105,0.2867444137808243,0.3891213389121339,1.6405145599419604,0.0,239
118,train,blind,0.0,0,0.0020282095075691135,0.0,0.0,0.0,0.0,0.015677550505597347,1.679919636897961,1.679919636897961,0.0,-0.19288818315370182,0.1143357369654886,0.5941422594142259,1.6799196314315676,0.0,239
119,train,blind,0.0,0,0.48112744734638124,0.0,0.0,0.0,0.0,0.016308360090128548,1.6871337112522524,1.6871337112522524,0.0,-0.19610324712448945,0.1455236060417223,0.5774058577405857,1.6871337236255004,0.0,239
120,eval,blind,0.0,0,0.35386675944174084,0.0,0.0,0.0,0.0,0.011328259221897714,1.0515783927929452,1.0515783927929452,0.0,-0.1359023544073816,0.1765334282916407,0.18828451882845187,1.0515783974749182,0.0,239
121,eval,blind,0.0,0,0.47839141184577105,0.0,0.0,0.0,0.0,0.01364143070020561,1.1295053100984964,1.1295053100984964,0.0,-0.16382747014823826,0.4544645241698565,0.24686192468619247,1.1295053055563562,0.0,239
122,eval,blind,0.0,0,0.0014944071429085072,0.0,0.0,0.0,0.0,0.009826971058223288,0.9769595661921481,0.9769595661921481,0.0,-0.11758605375711988,0.07344431585506989,0.6569037656903766,0.9769595685864445,0.0,239
123,eval,blind,0.0,0,0.19514420172920505,0.0,0.0,0.0,0.0,0.010782662373831083,1.0218104191405004,1.0218104191405004,0.0,-0.12175063836554055,0.10578948930235318,0.803347280334728,1.02181041577933,0.0,239
124,eval,blind,0.0,0,0.19514417073502602,0.0,0.0,0.0,0.0,0.011394131788399429,1.0415948115632125,1.0415948115632125,0.0,-0.13564534103657835,0.20908632303629185,0.40585774058577406,1.0415948100779477,0.0,239
125,eval,blind,0.0,0,0.016098320915726126,0.0,0.0,0.0,0.0,0.009813164310163535,0.9712536878665621,0.9712536878665621,0.0,-0.11142815313083085,0.03344312887622778,0.8535564853556485,0.9712536918376262,0.0,239
126,eval,blind,0.0,0,0.14822527385418105,0.0,0.0,0.0,0.0,0.010460813249223651,1.009034889512481,1.009034889512481,0.0,-0.11395119124333385,0.03611383127095759,0.8619246861924686,1.0090348871066421,0.0,239
127,eval,blind,0.0,0,0.015004510717528821,0.0,0.0,0.0,0.0,0.009778097006940442,0.9637493962523329,0.9637493962523329,0.0,-0.10841321507596964,0.0011276298999970326,0.9790794979079498,0.963749399927382,0.0,239
128,eval,blind,0.0,0,0.49418196437011425,0.0,0.0,0.0,0.0,0.011514418255771553,1.0723478247929816,1.0723478247929816,0.0,-0.12563313598518921,0.08934983233923854,0.702928870292887,1.072347819808597,0.0,239
129,eval,blind,0.0,0,0.502052641987655,0.0,0.0,0.0,0.0,0.013225368906015132,1.1244553599397509,1.1244553599397509,0.0,-0.13882055261652698,0.17582124098637944,0.3723849372384937,1.1244553645289947,0.0,239
130,train,blind,0.0,0,0.39917434158470244,0.0,0.0,0.0,0.0,0.016013418965306617,1.638816040180717,1.638816040180717,0.0,-0.2106829576226257,0.3800706252411051,0.28451882845188287,1.6388160425973213,0.0,239
131,train,blind,0.0,0,0.4595582126649525,0.0,0.0,0.0,0.0,0.01588964764083342,1.6650366648470507,1.6650366648470507,0.0,-0.18900943514843044,0.10027003768657825,0.5983263598326359,1.665036670032167,0.0,239
132,train,blind,0.0,0,2.149352706407653e-05,0.0,0.0,0.0,0.0,0.016289704011667475,1.6831476713324192,1.6831476713324192,0.0,-0.19121853553026769,0.09537374996290693,0.5857740585774058,1.683147664043537,0.0,239
133,train,blind,0.0,0,0.0008817244371400257,0.0,0.0,0.0,0.0,0.016261966406098845,1.6944759570405075,1.6944759570405075,0.0,-0.1954453892437482,0.14095373749962906,0.5564853556485355,1.694475965366159,0.0,239
134,train,blind,0.0,0,0.39594290426846546,0.0,0.0,0.0,0.0,0.01577500930975608,1.6196733738089206,1.6196733738089206,0.0,-0.21713411794074042,0.42876643223834543,0.28870292887029286,1.619673379399477,0.0,239
135,train,blind,0.0,0,0.4811274396703373,0.0,0.0,0.0,0.0,0.016199017711233145,1.6766449001044907,1.6766449001044907,0.0,-0.21498434072636366,0.3983500994094781,0.2175732217573222,1.676644886340908,0.0,239
136,train,blind,0.0,0,0.051011509713621825,0.0,0.0,0.0,0.0,0.015398573710984515,1.6683452977296198,1.6683452977296198,0.0,-0.1994728409916895,0.21119321048102316,0.4602510460251046,1.6683452969510553,0.0,239
137,train,blind,0.0,0,0.15576158431569304,0.0,0.0,0.0,0.0,0.01537477047763235,1.6414330793723901,1.6414330793723901,0.0,-0.19616288243448574,0.200836820083682,0.4393305439330544,1.6414330864165334,0.0,239
138,train,blind,0.0,0,0.10291769171121948,0.0,0.0,0.0,0.0,0.015090221924917718,1.6585362985044343,1.6585362985044343,0.0,-0.18928032695905264,0.09926110567079142,0.6569037656903766,1.658536297134891,0.0,239
139,train,blind,0.0,0,0.1870741706890581,0.0,0.0,0.0,0.0,0.015800951083802528,1.6829789762217628,1.6829789762217628,0.0,-0.20514499152746746,0.2606605537256298,0.38493723849372385,1.6829789725720767,0.0,239
140,train,blind,0.0,0,0.17909063403861195,0.0,0.0,0.0,0.0,0.01598403918669875,1.6430156215963005,1.6430156215963005,0.0,-0.20085039239041547,0.27641769785453574,0.39330543933054396,1.6430156193805223,0.0,239
141,train,blind,0.0,0,0.4955261374568512,0.0,0.0,0.0,0.0,0.016222633600671423,1.6758793979010322,1.6758793979010322,0.0,-0.1904622182803464,0.10240659960236209,0.5062761506276151,1.6758793974131663,0.0,239
142,train,blind,0.0,0,0.07879225602993307,0.0,0.0,0.0,0.0,0.015643461282018215,1.6427319810480254,1.6427319810480254,0.0,-0.19819133513849824,0.23540757885990682,0.4393305439330544,1.6427319840295054,0.0,239
143,train,blind,0.0,0,0.22807283978866633,0.0,0.0,0.0,0.0,0.01579101593915576,1.6618837322650095,1.6618837322650095,0.0,-0.19582974535334713,0.17338793436007002,0.502092050209205,1.6618837098193766,0.0,239
144,train,blind,0.0,0,0.03862335179426082,0.0,0.0,0.0,0.0,0.016443017067457842,1.668029994645378,1.668029994645378,0.0,-0.19621998535159835,0.18068785423899822,0.5104602510460251,1.6680299899786075,0.0,239
145,train,blind,0.0,0,0.4465136047263696,0.0,0.0,0.0,0.0,0.015927393003035663,1.605876725338493,1.605876725338493,0.0,-0.2045288533224512,0.35101931808065523,0.3263598326359833,1.6058767216446028,0.0,239
146,train,blind,0.0,0,0.49975553764743685,0.0,0.0,0.0,0.0,0.015625944665036938,1.607256606283547,1.607256606283547,0.0,-0.2100156740478126,0.41781655241995314,0.21338912133891214,1.6072566020328385,0.0,239
147,train,blind,0.0,0,0.1445073664815396,0.0,0.0,0.0,0.0,0.01516273995923759,1.621796386511256,1.621796386511256,0.0,-0.1942512497544834,0.21300335321522892,0.42677824267782427,1.6217963872408907,0.0,239
148,train,blind,0.0,0,0.3893441522848197,0.0,0.0,0.0,0.0,0.015519740743850938,1.5981097829890551,1.5981097829890551,0.0,-0.2102993492940865,0.4129796136383869,0.23430962343096234,1.5981097984355381,0.0,239
149,train,blind,0.0,0,0.01609831423724945,0.0,0.0,0.0,0.0,0.015904936072451675,1.650285580417601,1.650285580417601,0.0,-0.19115462044857262,0.1425858334075195,0.5188284518828452,1.6502855717163338,0.0,239
150,eval,blind,0.0,0,0.005378621699537879,0.0,0.0,0.0,0.0,0.007966872978815225,0.9448759236595122,0.9448759236595122,0.0,-0.11118028647922959,0.013145790676281197,0.8117154811715481,0.9448759248591552,0.0,239
151,eval,blind,0.0,0,0.0008817244371400257,0.0,0.0,0.0,0.0,0.008093173563028355,0.9517237032806524,0.9517237032806524,0.0,-0.11438973501701347,0.019763197721000623,0.7489539748953975,0.9517236935105192,0.0,239
152,eval,blind,0.0,0,0.18707420168323716,0.0,0.0,0.0,0.0,0.008509579847204386,0.9663564293454382,0.9663564293454382,0.0,-0.10985885028564318,0.022700970355203416,0.8702928870292888,0.9663564337478187,0.0,239
153,eval,blind,0.0,0,0.44414846890925763,0.0,0.0,0.0,0.0,0.011230459752410774,1.0126472070626136,1.0126472070626136,0.0,-0.1452518129320983,0.35303718211222884,0.2301255230125523,1.012647210656043,0.0,239
154,eval,blind,0.0,0,0.0,0.0,0.0,0.0,0.0,0.007894458825929894,0.9457485586030713,0.9457485586030713,0.0,-0.12072973464285003,0.10881628534971365,0.6401673640167364,0.9457485606079723,0.0,239
155,eval,blind,0.0,0,0.48599371905867245,0.0,0.0,0.0,0.0,0.008028223752102593,0.963558798803944,0.963558798803944,0.0,-0.10562962129831702,0.0,1.0,0.963558802838962,0.0,239
156,eval,blind,0.0,0,0.5020705397838968,0.0,0.0,0.0,0.0,0.012223502665867242,1.0389311089176514,1.0389311089176514,0.0,-0.15246278811187014,0.39929968248315967,0.28870292887029286,1.0389311097240228,0.0,239
157,eval,blind,0.0,0,0.15576158431569304,0.0,0.0,0.0,0.0,0.008052376940628225,0.9383248771583684,0.9383248771583684,0.0,-0.12267437639019912,0.11050773019970919,0.5271966527196653,0.938324876022192,0.0,239
158,eval,blind,0.0,0,0.5013695566800022,0.0,0.0,0.0,0.0,0.012414609193100466,1.0339085502105776,1.0339085502105776,0.0,-0.16565392373351767,0.5223300394670466,0.2217573221757322,1.0339085542286177,0.0,239
159,eval,blind,0.0,0,0.06794362143753681,0.0,0.0,0.0,0.0,0.00842010374005619,0.9605961327273477,0.9605961327273477,0.0,-0.1118846885725005,0.027656607020979846,0.8158995815899581,0.9605961309431652,0.0,239
160,train,blind,0.0,0,0.08163405268523204,0.0,0.0,0.0,0.0,0.015499687640612096,1.640505898447715,1.640505898447715,0.0,-0.18858359535410948,0.11314875812338644,0.602510460251046,1.6405058897278741,0.0,239
161,train,blind,0.0,0,0.07057711293792525,0.0,0.0,0.0,0.0,0.015133240994720654,1.6233323328664613,1.6233323328664613,0.0,-0.20333752192379498,0.3144010208018042,0.35564853556485354,1.6233323431732427,0.0,239
162,train,blind,0.0,0,0.33479187858415665,0.0,0.0,0.0,0.0,0.014792020165723861,1.5909691989172452,1.5909691989172452,0.0,-0.18614372836340337,0.15475236653906643,0.497907949790795,1.5909691927826801,0.0,239
163,train,blind,0.0,0,0.4836600335450891,0.0,0.0,0.0,0.0,0.014982559084970207,1.5387688022278343,1.5387688022278343,0.0,-0.21275032012400544,0.5172557049170599,0.1589958158995816,1.5387687972535442,0.0,239
164,train,blind,0.0,0,0.13356819286291968,0.0,0.0,0.0,0.0,0.015438098836471969,1.6504743144103173,1.6504743144103173,0.0,-0.20968881992533314,0.36232529155167803,0.3054393305439331,1.6504743078659374,0.0,239
165,train,blind,0.0,0,0.017240593236713734,0.0,0.0,0.0,0.0,0.01605683014724232,1.6456063915994876,1.6456063915994876,0.0,-0.19358014806938983,0.15457431971275112,0.5523012552301255,1.6456063807751922,0.0,239
166,train,blind,0.0,0,0.4955261337087284,0.0,0.0,0.0,0.0,0.015336693077500145,1.5848699511344462,1.5848699511344462,0.0,-0.20167507671040052,0.373364194783228,0.1799163179916318,1.5848699412601712,0.0,239
167,train,blind,0.0,0,0.5019918540521879,0.0,0.0,0.0,0.0,0.015406930456756299,1.6259242381012091,1.6259242381012091,0.0,-0.18965646016657195,0.1522597109706519,0.5732217573221757,1.625924238142559,0.0,239
168,train,blind,0.0,0,0.4532820462560594,0.0,0.0,0.0,0.0,0.014892994533351401,1.5612360338785658,1.5612360338785658,0.0,-0.2147667470058515,0.49547464316448564,0.18828451882845187,1.5612360239090401,0.0,239
169,train,blind,0.0,0,0.32300139925731,0.0,0.0,0.0,0.0,0.01543897997868485,1.5906081907918763,1.5906081907918763,0.0,-0.18963046543836168,0.1943677853942254,0.47280334728033474,1.5906081881585117,0.0,239
170,train,blind,0.0,0,0.19514420172920505,0.0,0.0,0.0,0.0,0.015615994319179443,1.6403293257976677,1.6403293257976677,0.0,-0.19229146210250517,0.1643372206890412,0.5564853556485355,1.6403293142954323,0.0,239
171,train,blind,0.0,0,0.11611346518928935,0.0,0.0,0.0,0.0,0.014911969667729225,1.6124761261700586,1.6124761261700586,0.0,-0.19917332195242948,0.28095789192557646,0.3598326359832636,1.6124761301335424,0.0,239
172,train,blind,0.0,0,0.32300136876191454,0.0,0.0,0.0,0.0,0.01474279583388916,1.5280256348673769,1.5280256348673769,0.0,-0.21013802127316034,0.49425798985133096,0.17573221757322174,1.528025616268675,0.0,239
173,train,blind,0.0,0,0.5010294404741651,0.0,0.0,0.0,0.0,0.015444380786488122,1.6070719211670146,1.6070719211670146,0.0,-0.20185967163242535,0.32158224279652214,0.38493723849372385,1.6070719220079315,0.0,239
174,train,blind,0.0,0,0.5016285062847449,0.0,0.0,0.0,0.0,0.01475845845649993,1.5699830167463136,1.5699830167463136,0.0,-0.18725862446563737,0.2088192527968189,0.401673640167364,1.569983013067121,0.0,239
175,train,blind,0.0,0,0.475447956226714,0.0,0.0,0.0,0.0,0.014548008429533393,1.5076898695534742,1.5076898695534742,0.0,-0.20779328281329731,0.4857710911303006,0.18410041841004185,1.507689875330058,0.0,239
176,train,blind,0.0,0,0.2864649897415939,0.0,0.0,0.0,0.0,0.015923724388976476,1.6294513803645656,1.6294513803645656,0.0,-0.1884758504245901,0.13089409181281342,0.5564853556485355,1.6294513689366872,0.0,239
177,train,blind,0.0,0,0.4367288415779668,0.0,0.0,0.0,0.0,0.01491483612079563,1.535963290904855,1.535963290904855,0.0,-0.20020999049406654,0.4019110359357844,0.20920502092050208,1.5359632951013544,0.0,239
178,train,blind,0.0,0,0.5020913164463541,0.0,0.0,0.0,0.0,0.014800266949187138,1.595689447355071,1.595689447355071,0.0,-0.18418643465490014,0.11172438351286389,0.5523012552301255,1.5956894485169728,0.0,239
179,train,blind,0.0,0,0.48813355436147227,0.0,0.0,0.0,0.0,0.015177866399179068,1.616468471962039,1.616468471962039,0.0,-0.1875810022895697,0.12409863794177867,0.602510460251046,1.6164684836573207,0.0,239
180,eval,blind,0.0,0,0.36126752409238416,0.0,0.0,0.0,0.0,0.010624359007223382,0.7030155895644152,0.7030155895644152,0.0,-0.08596302786088289,0.0,1.0,0.7030155856262043,0.0,239
181,eval,blind,0.0,0,0.47694583179846367,0.0,0.0,0.0,0.0,0.008390340082168143,0.7314846403429199,0.7314846403429199,0.0,-0.1124538237929045,0.3211668002017864,0.33472803347280333,0.7314846365011396,0.0,239
182,eval,blind,0.0,0,0.05794354536329254,0.0,0.0,0.0,0.0,0.011118891432678725,0.7406075766395824,0.7406075766395824,0.0,-0.09588205257174601,0.010860856405234577,0.7866108786610879,0.7406075740782704,0.0,239
183,eval,blind,0.0,0,0.3756273159996906,0.0,0.0,0.0,0.0,0.011057164878525993,0.7119119868118893,0.7119119868118893,0.0,-0.09132766877734363,0.0,1.0,0.7119119857092104,0.0,239
184,eval,blind,0.0,0,0.03674999346555246,0.0,0.0,0.0,0.0,0.011086941996752966,0.7083972093949258,0.7083972093949258,0.0,-0.08876522768946636,0.00560847502893261,0.9372384937238494,0.7083972092795368,0.0,239
185,eval,blind,0.0,0,0.4392558533156307,0.0,0.0,0.0,0.0,0.008196742414150028,0.6814584113563953,0.6814584113563953,0.0,-0.09401810041888435,0.06783584082613728,0.4560669456066946,0.6814584137379471,0.0,239
186,eval,blind,0.0,0,0.35386675944174084,0.0,0.0,0.0,0.0,0.009727712024088996,0.7439330989596236,0.7439330989596236,0.0,-0.1160761721107397,0.2839253390308318,0.301255230125523,0.7439331003132326,0.0,239
187,eval,blind,0.0,0,0.11274788101110218,0.0,0.0,0.0,0.0,0.009916172382347753,0.6965676655829203,0.6965676655829203,0.0,-0.08071127886376527,0.0,1.0,0.6965676669157463,0.0,239
188,eval,blind,0.0,0,0.16730015471176524,0.0,0.0,0.0,0.0,0.009447933796200916,0.7156859467967285,0.7156859467967285,0.0,-0.10178311026650373,0.15688892845485028,0.698744769874477,0.7156859491788831,0.0,239
189,eval,blind,0.0,0,3.5839762234725213e-06,0.0,0.0,0.0,0.0,0.011899131412567205,0.7461262383969758,0.7461262383969758,0.0,-0.0999499595583862,0.06691593222350811,0.7071129707112971,0.7461262421748353,0.0,239
190,train,blind,0.0,0,0.0001001795120615216,0.0,0.0,0.0,0.0,0.016602987632015134,1.6529946212489235,1.6529946212489235,0.0,-0.191203678126087,0.14329802071278078,0.5815899581589958,1.652994609571499,0.0,239
191,train,blind,0.0,0,0.49941803140382607,0.0,0.0,0.0,0.0,0.014312054235176437,1.4913387146454975,1.4913387146454975,0.0,-0.19781186352105024,0.4242559126383572,0.19246861924686193,1.491338711718905,0.0,239
192,train,blind,0.0,0,0.2656803508259933,0.0,0.0,0.0,0.0,0.01511805561258142,1.552924449723136,1.552924449723136,0.0,-0.1883124400191596,0.21700940680732364,0.4560669456066946,1.5529244474818296,0.0,239
193,train,blind,0.0,0,0.002674001892095833,0.0,0.0,0.0,0.0,0.016508490106316914,1.6486870948240846,1.6486870948240846,0.0,-0.2032021530051818,0.2856167838808273,0.3891213389121339,1.6486870951860513,0.0,239
194,train,blind,0.0,0,0.00036113544281525344,0.0,0.0,0.0,0.0,0.015294520876070321,1.5972287607492264,1.5972287607492264,0.0,-0.19048156303105407,0.19095522122318173,0.5439330543933054,1.597228751286545,0.0,239
195,train,blind,0.0,0,0.4653420398303694,0.0,0.0,0.0,0.0,0.014569209097537785,1.5359163466357786,1.5359163466357786,0.0,-0.19274325668871006,0.31009822249918395,0.2928870292887029,1.5359163499992257,0.0,239
196,train,blind,0.0,0,0.10614912902745642,0.0,0.0,0.0,0.0,0.015131077479773734,1.6008064637124289,1.6008064637124289,0.0,-0.1977241357349627,0.29991987892815813,0.39748953974895396,1.6008064668264337,0.0,239
197,train,blind,0.0,0,0.07326333691171423,0.0,0.0,0.0,0.0,0.01589328398008414,1.5975723094521208,1.5975723094521208,0.0,-0.19976200270504813,0.3111368289860233,0.3389121338912134,1.5975723056154858,0.0,239
198,train,blind,0.0,0,0.4955261374568512,0.0,0.0,0.0,0.0,0.015133701759745138,1.5702667346060526,1.5702667346060526,0.0,-0.1862963836624996,0.18499065254161842,0.4895397489539749,1.5702667356854916,0.0,239
199,train,blind,0.0,0,0.03674998030288848,0.0,0.0,0.0,0.0,0.015993203126112288,1.6130635279491856,1.6130635279491856,0.0,-0.1957615877381672,0.2348437639099083,0.4476987447698745,1.613063530047123,0.0,239
200,train,blind,0.0,0,0.4769458410955545,0.0,0.0,0.0,0.0,0.015381232913287364,1.5512667809570184,1.5512667809570184,0.0,-0.18163289012716835,0.1680465295706104,0.4476987447698745,1.551266774089638,0.0,239
201,train,blind,0.0,0,0.4554288604148302,0.0,0.0,0.0,0.0,0.014979644573320903,1.5915018414852509,1.5915018414852509,0.0,-0.1836020212926711,0.11599750734443157,0.5815899581589958,1.5915018506464718,0.0,239
202,train,blind,0.0,0,0.39266590399484474,0.0,0.0,0.0,0.0,0.015012223238444977,1.5240453788426132,1.5240453788426132,0.0,-0.1894288206947746,0.2802160301492626,0.3807531380753138,1.5240453800517182,0.0,239
203,train,blind,0.0,0,0.09350415801189335,0.0,0.0,0.0,0.0,0.01589655967928064,1.625426981239638,1.625426981239638,0.0,-0.1913091414565,0.1690554615863972,0.5188284518828452,1.625426985236091,0.0,239
204,train,blind,0.0,0,0.0005835234280700004,0.0,0.0,0.0,0.0,0.016544363062018255,1.6221201469708686,1.6221201469708686,0.0,-0.1923908192258696,0.1751980770942758,0.49372384937238495,1.6221201482128007,0.0,239
205,train,blind,0.0,0,0.19514420172920505,0.0,0.0,0.0,0.0,0.015875307772947655,1.6222818815558526,1.6222818815558526,0.0,-0.18640647402608662,0.1119024303391792,0.5774058577405857,1.6222818870191325,0.0,239
206,train,blind,0.0,0,0.026644067398029395,0.0,0.0,0.0,0.0,0.01642714217344151,1.6322144963252494,1.6322144963252494,0.0,-0.190035412354581,0.13828303510489925,0.606694560669456,1.632214501868056,0.0,239
207,train,blind,0.0,0,0.5020820002191994,0.0,0.0,0.0,0.0,0.01488491560811777,1.552429527418384,1.552429527418384,0.0,-0.18279549876111476,0.16994569571797383,0.3723849372384937,1.5524295305659246,0.0,239
208,train,blind,0.0,0,0.2656803193330306,0.0,0.0,0.0,0.0,0.01634098733015452,1.637203103827632,1.637203103827632,0.0,-0.19586828159636452,0.2133000979257545,0.45188284518828453,1.6372030972822167,0.0,239
209,train,blind,0.0,0,0.019673128869098604,0.0,0.0,0.0,0.0,0.016213236448733005,1.6401141650008357,1.6401141650008357,0.0,-0.2017682641925048,0.2765660702097985,0.40585774058577406,1.6401141591188786,0.0,239
210,eval,blind,0.0,0,0.5010294421648054,0.0,0.0,0.0,0.0,0.014489851085367812,0.7231751156651325,0.7231751156651325,0.0,-0.10614948818862034,0.16588029318377398,0.16736401673640167,0.7231751162099408,0.0,239
211,eval,blind,0.0,0,0.03674998030288848,0.0,0.0,0.0,0.0,0.012108548637869218,0.685022542541496,0.685022542541496,0.0,-0.09610605174756263,0.11133861538918068,0.5690376569037657,0.6850225383693673,0.0,239
212,eval,blind,0.0,0,0.03862335179426082,0.0,0.0,0.0,0.0,0.014748120325847401,0.7362943785459926,0.7362943785459926,0.0,-0.10711884325007355,0.17217128104691534,0.37656903765690375,0.7362943793345934,0.0,239
213,eval,blind,0.0,0,0.45752092677940104,0.0,0.0,0.0,0.0,0.011392039305308374,0.663552803599186,0.663552803599186,0.0,-0.092510241399585,0.03792397400516336,0.7447698744769874,0.6635528056036769,0.0,239
214,eval,blind,0.0,0,0.4955261374568512,0.0,0.0,0.0,0.0,0.01125801359127942,0.6681073485059219,0.6681073485059219,0.0,-0.08918711136894124,0.01768598474732188,0.8702928870292888,0.6681073526558381,0.0,239
215,eval,blind,0.0,0,0.03674999346555246,0.0,0.0,0.0,0.0,0.014797741929108129,0.7147823853971569,0.7147823853971569,0.0,-0.09631136283930083,0.045164544941986406,0.8326359832635983,0.7147823829772736,0.0,239
216,eval,blind,0.0,0,0.4955261374568512,0.0,0.0,0.0,0.0,0.008001490051869817,0.7177451836514174,0.7177451836514174,0.0,-0.11224475032569922,0.35956556574379056,0.3514644351464435,0.7177451834594505,0.0,239
217,eval,blind,0.0,0,0.31501783161268476,0.0,0.0,0.0,0.0,0.009204786249424748,0.6766767188844321,0.6766767188844321,0.0,-0.09630905978650973,0.10332650820499123,0.37656903765690375,0.676676727402242,0.0,239
218,eval,blind,0.0,0,0.5016285056306393,0.0,0.0,0.0,0.0,0.012567694626249779,0.6791966083658291,0.6791966083658291,0.0,-0.09783660586415215,0.06089201459983977,0.7112970711297071,0.6791966109217872,0.0,239
219,eval,blind,0.0,0,0.47839141184577105,0.0,0.0,0.0,0.0,0.007254757136145458,0.6134535049294827,0.6134535049294827,0.0,-0.07125336466765683,0.0,1.0,0.613453501682063,0.0,239
220,train,blind,0.0,0,0.005378617951415077,0.0,0.0,0.0,0.0,0.015898466992842728,1.6064977556092968,1.6064977556092968,0.0,-0.1926783589397703,0.20683106323629782,0.48535564853556484,1.606497752629279,0.0,239
221,train,blind,0.0,0,0.4986505481252782,0.0,0.0,0.0,0.0,0.01414865211322592,1.4627430476404135,1.4627430476404135,0.0,-0.19210633606717376,0.39579809489895845,0.21338912133891214,1.4627430501431569,0.0,239
222,train,blind,0.0,0,0.1712039733909204,0.0,0.0,0.0,0.0,0.015433891374368423,1.5752983330183947,1.5752983330183947,0.0,-0.1909055610467575,0.22199471794415268,0.38493723849372385,1.5752983248954844,0.0,239
223,train,blind,0.0,0,0.002028211354079294,0.0,0.0,0.0,0.0,0.0168673027478252,1.6263728520860232,1.6263728520860232,0.0,-0.1901434083135143,0.15955963084958014,0.5481171548117155,1.6263728529903965,0.0,239
224,train,blind,0.0,0,0.4532820635336884,0.0,0.0,0.0,0.0,0.0155003825222068,1.5206338232032424,1.5206338232032424,0.0,-0.1947328940516648,0.3483189412148729,0.2719665271966527,1.5206338368624361,0.0,239
225,train,blind,0.0,0,0.24895395069227458,0.0,0.0,0.0,0.0,0.015167056294508808,1.5638404598295939,1.5638404598295939,0.0,-0.1871478666307955,0.1965636962521143,0.45188284518828453,1.5638404638750794,0.0,239
226,train,blind,0.0,0,0.09046233746581896,0.0,0.0,0.0,0.0,0.0160395156447951,1.5973902566662392,1.5973902566662392,0.0,-0.19544176673198985,0.24074898364936645,0.4309623430962343,1.597390255228737,0.0,239
227,train,blind,0.0,0,0.24895398218523726,0.0,0.0,0.0,0.0,0.0158853302066795,1.6269546452925294,1.6269546452925294,0.0,-0.18758171920782116,0.12053770141547225,0.5857740585774058,1.626954664456908,0.0,239
228,train,blind,0.0,0,0.16342433874363083,0.0,0.0,0.0,0.0,0.016018766960495437,1.5868680584380817,1.5868680584380817,0.0,-0.20118655603741414,0.33196830766491586,0.3263598326359833,1.5868680482450748,0.0,239
229,train,blind,0.0,0,0.5015085098678519,0.0,0.0,0.0,0.0,0.015011817440936132,1.5612077032173028,1.5612077032173028,0.0,-0.18479020168287455,0.18439716312056736,0.4393305439330544,1.5612077093191472,0.0,239
230,train,blind,0.0,0,0.5016285062847449,0.0,0.0,0.0,0.0,0.015759946659565843,1.5903170914330742,1.5903170914330742,0.0,-0.18862871585320803,0.16193358853378437,0.5523012552301255,1.5903170960838302,0.0,239
231,train,blind,0.0,0,0.4941819601855557,0.0,0.0,0.0,0.0,0.015576260300766224,1.560502894752694,1.560502894752694,0.0,-0.18654764083550418,0.19190480429686338,0.4476987447698745,1.5605028937684924,0.0,239
232,train,blind,0.0,0,0.33866766505446294,0.0,0.0,0.0,0.0,0.014797177672323822,1.5704648482250867,1.5704648482250867,0.0,-0.19099292564626397,0.23617911510727324,0.39330543933054396,1.5704648451470984,0.0,239
233,train,blind,0.0,0,0.32300139925731,0.0,0.0,0.0,0.0,0.015949366970774894,1.5790171905042736,1.5790171905042736,0.0,-0.18047310629130137,0.09783673106026886,0.5941422594142259,1.5790171816077083,0.0,239
234,train,blind,0.0,0,0.32695747973790945,0.0,0.0,0.0,0.0,0.014910300961738475,1.527032370347857,1.527032370347857,0.0,-0.18806961216358262,0.2633015816493071,0.38493723849372385,1.5270323690224739,0.0,239
235,train,blind,0.0,0,0.15576161381352116,0.0,0.0,0.0,0.0,0.01566913788826458,1.5731564124258992,1.5731564124258992,0.0,-0.18393187217452972,0.14786788925487404,0.48535564853556484,1.5731564069697626,0.0,239
236,train,blind,0.0,0,0.30288375901140147,0.0,0.0,0.0,0.0,0.01630039106680384,1.6215989140785887,1.6215989140785887,0.0,-0.18795237324025799,0.13041930027597257,0.5648535564853556,1.6215989148035046,0.0,239
237,train,blind,0.0,0,0.29880202014860646,0.0,0.0,0.0,0.0,0.01643292983666561,1.6384022550104054,1.6384022550104054,0.0,-0.19699582322477605,0.2129736787441764,0.502092050209205,1.638402261424583,0.0,239
238,train,blind,0.0,0,0.00014589585375555142,0.0,0.0,0.0,0.0,0.01666517960780522,1.614486121233537,1.614486121233537,0.0,-0.19418674948071238,0.2177809430546901,0.4895397489539749,1.614486120295162,0.0,239
239,train,blind,0.0,0,0.004340025042008344,0.0,0.0,0.0,0.0,0.01670267979057202,1.6369108043953964,1.6369108043953964,0.0,-0.1940089042101131,0.18599958455740526,0.5104602510460251,1.6369108170657107,0.0,239
240,eval,blind,0.0,0,0.001747928173575944,0.0,0.0,0.0,0.0,0.013669479683150682,0.6336553531959964,0.6336553531959964,0.0,-0.10434706632975053,0.3273984391228227,0.40585774058577406,0.6336553498624776,0.0,239
241,eval,blind,0.0,0,3.939130826693449e-05,0.0,0.0,0.0,0.0,0.012886990265040093,0.6062693048471187,0.6062693048471187,0.0,-0.09273062917902428,0.12466245289177721,0.5774058577405857,0.6062693067894467,0.0,239
242,eval,blind,0.0,0,0.33866769455229107,0.0,0.0,0.0,0.0,0.009692074012042464,0.7197579386094624,0.7197579386094624,0.0,-0.09345403496120244,0.023086738478886617,0.7866108786610879,0.7197579402597527,0.0,239
243,eval,blind,0.0,0,0.21150074667297547,0.0,0.0,0.0,0.0,0.010611153889650081,0.7216694649293333,0.7216694649293333,0.0,-0.11748625267325996,0.34867503486750345,0.200836820083682,0.721669465099269,0.0,239
244,eval,blind,0.0,0,0.49941803140382607,0.0,0.0,0.0,0.0,0.00877375622127969,0.7082719641998722,0.7082719641998722,0.0,-0.09523527228707046,0.03946704649989613,0.6903765690376569,0.7082719650626188,0.0,239
245,eval,blind,0.0,0,0.14082453795319042,0.0,0.0,0.0,0.0,0.01305231246629644,0.607150227080828,0.607150227080828,0.0,-0.09520096250322403,0.1574230689337962,0.35564853556485354,0.6071502285608196,0.0,239
246,eval,blind,0.0,0,0.4367288618482977,0.0,0.0,0.0,0.0,0.009383689052966973,0.6674342187877479,0.6674342187877479,0.0,-0.08918173324576072,0.006706430457877089,0.9079497907949791,0.6674342177877799,0.0,239
247,eval,blind,0.0,0,0.4706366194916741,0.0,0.0,0.0,0.0,0.009334505938975507,0.7591509907564857,0.7591509907564857,0.0,-0.10616568627340521,0.1884625656547672,0.5313807531380753,0.7591509916881259,0.0,239
248,eval,blind,0.0,0,0.0010625911311165598,0.0,0.0,0.0,0.0,0.01209737402562317,0.621311425663936,0.621311425663936,0.0,-0.10133994802878131,0.24659485444671952,0.3807531380753138,0.621311426026581,0.0,239
249,eval,blind,0.0,0,0.4955261337087284,0.0,0.0,0.0,0.0,0.009840292004657964,0.6933324484146789,0.6933324484146789,0.0,-0.11054472925612696,0.29261995904923,0.3682008368200837,0.6933324478141807,0.0,239
250,train,blind,0.0,0,0.4671610229562556,0.0,0.0,0.0,0.0,0.013092483674413739,1.3796352856328797,1.3796352856328797,0.0,-0.2027725850375762,0.5313807531380754,0.200836820083682,1.3796352846688844,0.0,239
251,train,blind,0.0,0,0.49975553764743685,0.0,0.0,0.0,0.0,0.015005630589086391,1.5187820041528806,1.5187820041528806,0.0,-0.18282075344300053,0.20522864179945993,0.41841004184100417,1.5187820142344637,0.0,239
252,train,blind,0.0,0,0.4955261337087284,0.0,0.0,0.0,0.0,0.015668376179404215,1.5538556229120517,1.5538556229120517,0.0,-0.18212289388985467,0.1616665182943114,0.4811715481171548,1.5538556255719813,0.0,239
253,train,blind,0.0,0,6.514758795400435e-05,0.0,0.0,0.0,0.0,0.017174781344940097,1.6081101447967305,1.6081101447967305,0.0,-0.1929929155567456,0.20122258820736516,0.4435146443514644,1.6081101472039991,0.0,239
254,train,blind,0.0,0,0.30288375901140147,0.0,0.0,0.0,0.0,0.01464993105694714,1.489506666131598,1.489506666131598,0.0,-0.1918596170045545,0.32543992403335403,0.3514644351464435,1.489506674306186,0.0,239
255,train,blind,0.0,0,0.22807283978866633,0.0,0.0,0.0,0.0,0.015540413459116071,1.6044435117035232,1.6044435117035232,0.0,-0.19210967755779257,0.18644470162319357,0.502092050209205,1.6044435226456657,0.0,239
256,train,blind,0.0,0,0.3791192204459613,0.0,0.0,0.0,0.0,0.015729978518895647,1.6006921659453643,1.6006921659453643,0.0,-0.1849587709045282,0.1225555654470459,0.5397489539748954,1.6006921650364043,0.0,239
257,train,blind,0.0,0,0.5003441035252276,0.0,0.0,0.0,0.0,0.015911853696885966,1.5855303324416092,1.5855303324416092,0.0,-0.18989583949844857,0.19662304519421944,0.497907949790795,1.5855303319081033,0.0,239
258,train,blind,0.0,0,0.3109929788440381,0.0,0.0,0.0,0.0,0.016687544473840476,1.6267431897099547,1.6267431897099547,0.0,-0.20271014130771337,0.3223834535149411,0.35564853556485354,1.6267431827263288,0.0,239
259,train,blind,0.0,0,0.3612674953427315,0.0,0.0,0.0,0.0,0.01494450100880724,1.536932007538225,1.536932007538225,0.0,-0.18133661632199374,0.15979702661800052,0.5146443514644351,1.5369320189394569,0.0,239
260,train,blind,0.0,0,0.002674004892043177,0.0,0.0,0.0,0.0,0.015689652666418374,1.58842127343102,1.58842127343102,0.0,-0.1891969199511654,0.175316774978486,0.502092050209205,1.5884212712789532,0.0,239
261,train,blind,0.0,0,0.00036113544281525344,0.0,0.0,0.0,0.0,0.016321894736126625,1.626036963452854,1.626036963452854,0.0,-0.18987553731151888,0.1547226920680139,0.5355648535564853,1.6260369738198495,0.0,239
262,train,blind,0.0,0,0.05794354536329254,0.0,0.0,0.0,0.0,0.01642004170973306,1.6069682819075166,1.6069682819075166,0.0,-0.1905578994821423,0.19558443870738,0.49372384937238495,1.6069682819063593,0.0,239
263,train,blind,0.0,0,0.007217877699358381,0.0,0.0,0.0,0.0,0.016206157401547024,1.6315554963993726,1.6315554963993726,0.0,-0.19010345000407197,0.1497373809311849,0.5481171548117155,1.631555497203551,0.0,239
264,train,blind,0.0,0,0.472293708546508,0.0,0.0,0.0,0.0,0.0166381655638905,1.620667052568252,1.620667052568252,0.0,-0.19220896481579397,0.18976824238107953,0.48535564853556484,1.6206670472260216,0.0,239
265,train,blind,0.0,0,0.34633041948240073,0.0,0.0,0.0,0.0,0.014504784681136763,1.487587492585681,1.487587492585681,0.0,-0.2015872656412452,0.4160360841567999,0.28870292887029286,1.4875874947559675,0.0,239
266,train,blind,0.0,0,0.4934485877536371,0.0,0.0,0.0,0.0,0.01497504860162735,1.5737116134815137,1.5737116134815137,0.0,-0.1831708025295044,0.13217009406807326,0.5564853556485355,1.5737116064110581,0.0,239
267,train,blind,0.0,0,0.16730015471176524,0.0,0.0,0.0,0.0,0.016320878844396463,1.6097666376804207,1.6097666376804207,0.0,-0.1902856995122185,0.1722899789311256,0.5271966527196653,1.6097666390963157,0.0,239
268,train,blind,0.0,0,0.00864344554228482,0.0,0.0,0.0,0.0,0.01589433912569696,1.5910333432413046,1.5910333432413046,0.0,-0.18757594581641973,0.16074660969168222,0.5062761506276151,1.5910333604079971,0.0,239
269,train,blind,0.0,0,0.3190210646045298,0.0,0.0,0.0,0.0,0.015465262139442076,1.5418003196496843,1.5418003196496843,0.0,-0.19781506707427687,0.36704353244903404,0.25523012552301255,1.5418003266283544,0.0,239
270,eval,blind,0.0,0,0.4824189044268233,0.0,0.0,0.0,0.0,0.012165361380196764,0.6699829256185428,0.6699829256185428,0.0,-0.09085519097192847,0.013353511973649073,0.8451882845188284,0.6699829242196131,0.0,239
271,eval,blind,0.0,0,0.029798324749413897,0.0,0.0,0.0,0.0,0.014749130140600345,0.6891896399244604,0.6891896399244604,0.0,-0.09407202910536722,0.039229650731475704,0.5481171548117155,0.68918964107454,0.0,239
272,eval,blind,0.0,0,0.00484126768363289,0.0,0.0,0.0,0.0,0.014675733189110227,0.6858896560748751,0.6858896560748751,0.0,-0.08454965676688087,0.0,1.0,0.685889658284465,0.0,239
273,eval,blind,0.0,0,0.45752091049933935,0.0,0.0,0.0,0.0,0.010927310924602977,0.7047697041323993,0.7047697041323993,0.0,-0.09638025828751243,0.03709308881569186,0.6192468619246861,0.7047697061918008,0.0,239
274,eval,blind,0.0,0,0.07057711293792525,0.0,0.0,0.0,0.0,0.013410078435668635,0.6846929035426184,0.6846929035426184,0.0,-0.09541369837481463,0.030267960473604555,0.5983263598326359,0.6846929044557086,0.0,239
275,eval,blind,0.0,0,0.03316622928357742,0.0,0.0,0.0,0.0,0.014094105226116324,0.6911382764951953,0.6911382764951953,0.0,-0.08583452067092197,0.001335351197364907,0.99581589958159,0.6911382751589635,0.0,239
276,eval,blind,0.0,0,0.4948741555965635,0.0,0.0,0.0,0.0,0.0104760155374005,0.6725551508460583,0.6725551508460583,0.0,-0.09578203625904548,0.027715955963084956,0.7364016736401674,0.6725551534423332,0.0,239
277,eval,blind,0.0,0,0.49865054549941856,0.0,0.0,0.0,0.0,0.009825745891686138,0.7028864724366735,0.7028864724366735,0.0,-0.09230213589483895,0.010564111694709043,0.8661087866108786,0.7028864781620645,0.0,239
278,eval,blind,0.0,0,3.5839762234725213e-06,0.0,0.0,0.0,0.0,0.01473552710084424,0.6979293745930724,0.6979293745930724,0.0,-0.09008427399798788,0.02602451111308941,0.7656903765690377,0.697929374538056,0.0,239
279,eval,blind,0.0,0,0.07057713395643153,0.0,0.0,0.0,0.0,0.01472554261558475,0.6882046284037155,0.6882046284037155,0.0,-0.08567471809503237,0.0027597258078874746,0.9874476987447699,0.6882046279771326,0.0,239
280,train,blind,0.0,0,0.32695747973790945,0.0,0.0,0.0,0.0,0.014997017248358313,1.4868059218179233,1.4868059218179233,0.0,-0.1958247707866773,0.35416481201222594,0.3807531380753138,1.4868059222853431,0.0,239
281,train,blind,0.0,0,0.29470410188133966,0.0,0.0,0.0,0.0,0.016605316369042236,1.641245158895788,1.641245158895788,0.0,-0.18672328299909965,0.09320751357607049,0.6485355648535565,1.6412451446342355,0.0,239
282,train,blind,0.0,0,0.06036286422683006,0.0,0.0,0.0,0.0,0.016049860528510485,1.5887223262667156,1.5887223262667156,0.0,-0.18647900630544162,0.1500044511706579,0.5606694560669456,1.5887223218335798,0.0,239
283,train,blind,0.0,0,0.3109929788440381,0.0,0.0,0.0,0.0,0.015807798245306044,1.595213871371297,1.595213871371297,0.0,-0.19304401943197852,0.213863912875753,0.497907949790795,1.5952138655748613,0.0,239
284,train,blind,0.0,0,0.39266590399484474,0.0,0.0,0.0,0.0,0.015343994956276532,1.5556456406744954,1.5556456406744954,0.0,-0.17982707085539731,0.12955874061544853,0.5397489539748954,1.5556456454884564,0.0,239
285,train,blind,0.0,0,0.4532820635336884,0.0,0.0,0.0,0.0,0.015143433388977246,1.5623639298283405,1.5623639298283405,0.0,-0.18486430571363413,0.175583845217959,0.4811715481171548,1.5623639237432192,0.0,239
286,train,blind,0.0,0,0.31099300983821715,0.0,0.0,0.0,0.0,0.014960377143937548,1.4867641449473392,1.4867641449473392,0.0,-0.18943231562529783,0.29609187216237864,0.3389121338912134,1.48676414388818,0.0,239
287,train,blind,0.0,0,0.4085878510234286,0.0,0.0,0.0,0.0,0.015748988075189634,1.6087580330701055,1.6087580330701055,0.0,-0.19749802376086148,0.2647853052019348,0.4393305439330544,1.6087580251476497,0.0,239
288,train,blind,0.0,0,0.4554288766948919,0.0,0.0,0.0,0.0,0.015638282023775527,1.5599086938044018,1.5599086938044018,0.0,-0.17866180465159695,0.08273242529451913,0.6485355648535565,1.5599086929394415,0.0,239
289,train,blind,0.0,0,0.012959528787482421,0.0,0.0,0.0,0.0,0.0165782480492845,1.6376203273629544,1.6376203273629544,0.0,-0.18963186812606378,0.1329119558443871,0.5230125523012552,1.637620333732857,0.0,239
290,train,blind,0.0,0,0.350115003503633,0.0,0.0,0.0,0.0,0.015540211440052323,1.5859895351042808,1.5859895351042808,0.0,-0.18426145026548726,0.13246683877859877,0.5481171548117155,1.585989537570458,0.0,239
291,train,blind,0.0,0,0.3028837280172224,0.0,0.0,0.0,0.0,0.015185386941974757,1.5216315860030043,1.5216315860030043,0.0,-0.1915891574078421,0.31885219145968724,0.32217573221757323,1.5216315826848417,0.0,239
292,train,blind,0.0,0,0.08163405268523204,0.0,0.0,0.0,0.0,0.016338395640628108,1.5987556471984257,1.5987556471984257,0.0,-0.184297779155295,0.12400961452862104,0.5857740585774058,1.598755629368216,0.0,239
293,train,blind,0.0,0,0.3825699220520223,0.0,0.0,0.0,0.0,0.015283996399071176,1.5560246311969836,1.5560246311969836,0.0,-0.18391299858813762,0.17264607258375617,0.47280334728033474,1.5560246357714806,0.0,239
294,train,blind,0.0,0,0.2905912866229464,0.0,0.0,0.0,0.0,0.015441812331316735,1.540251807188888,1.540251807188888,0.0,-0.1859016006268726,0.22374551173625326,0.41422594142259417,1.5402518097770155,0.0,239
295,train,blind,0.0,0,0.013958485612926312,0.0,0.0,0.0,0.0,0.0162126895928732,1.6102710116857266,1.6102710116857266,0.0,-0.189752162676988,0.1695005786521855,0.5355648535564853,1.6102710215018563,0.0,239
296,train,blind,0.0,0,0.4689258159280493,0.0,0.0,0.0,0.0,0.015922748805199085,1.5973067268666863,1.5973067268666863,0.0,-0.18445148182208754,0.11374224754443751,0.606694560669456,1.5973067337421003,0.0,239
297,train,blind,0.0,0,0.0043400218550171355,0.0,0.0,0.0,0.0,0.016301995523227183,1.627541462996016,1.627541462996016,0.0,-0.19157445602430898,0.16018279474168373,0.5439330543933054,1.6275414628211324,0.0,239
298,train,blind,0.0,0,0.4891325118103957,0.0,0.0,0.0,0.0,0.014737488943537908,1.566342226630973,1.566342226630973,0.0,-0.1860294941904719,0.17433751743375175,0.48535564853556484,1.566342240662023,0.0,239
299,train,blind,0.0,0,0.007217877699358381,0.0,0.0,0.0,0.0,0.016337613662837314,1.5955069763391088,1.5955069763391088,0.0,-0.18679165849037305,0.14208136739962607,0.5690376569037657,1.5955069748981228,0.0,239
300,eval,blind,0.0,0,0.00484126768363289,0.0,0.0,0.0,0.0,0.013883819328192387,0.6382214920790126,0.6382214920790126,0.0,-0.08450039542355793,0.034719131131487585,0.7824267782426778,0.6382214878353162,0.0,239
301,eval,blind,0.0,0,0.02979833591694332,0.0,0.0,0.0,0.0,0.012533481281531282,0.6349135452733379,0.6349135452733379,0.0,-0.08543087188092717,0.01605388883943144,0.8619246861924686,0.6349135441903863,0.0,239
302,eval,blind,0.0,0,0.00036113544281525344,0.0,0.0,0.0,0.0,0.013752980255151643,0.6369270991580755,0.6369270991580755,0.0,-0.08445243992486272,0.026321255823614942,0.7531380753138075,0.6369270996403401,0.0,239
303,eval,blind,0.0,0,0.5010294421648054,0.0,0.0,0.0,0.0,0.009779873070264213,0.8355309267423143,0.8355309267423143,0.0,-0.10040840853137165,0.0,1.0,0.8355309290083119,0.0,239
304,eval,blind,0.0,0,0.497250765612289,0.0,0.0,0.0,0.0,0.010616494693391992,0.6278149731239016,0.6278149731239016,0.0,-0.09742354833812164,0.06397815958930532,0.47280334728033474,0.6278149767225025,0.0,239
305,eval,blind,0.0,0,0.2740191620142929,0.0,0.0,0.0,0.0,0.011743520878481378,0.6611336778896124,0.6611336778896124,0.0,-0.10281805928523431,0.15994539897326332,0.2301255230125523,0.6611336758146097,0.0,239
306,eval,blind,0.0,0,0.4986505481252782,0.0,0.0,0.0,0.0,0.008800534566544838,0.7478536338736322,0.7478536338736322,0.0,-0.09147587379142749,0.0,1.0,0.7478536322002621,0.0,239
307,eval,blind,0.0,0,0.02819466484402731,0.0,0.0,0.0,0.0,0.012837487991868077,0.6182692744243095,0.6182692744243095,0.0,-0.07946677812181899,0.005964568681563251,0.9163179916317992,0.6182692736912689,0.0,239
308,eval,blind,0.0,0,0.2615026996800263,0.0,0.0,0.0,0.0,0.011329463402502956,0.7294571849840954,0.7294571849840954,0.0,-0.08614316317869866,0.0017211193210481023,0.9874476987447699,0.7294571814714733,0.0,239
309,eval,blind,0.0,0,0.31902109559870884,0.0,0.0,0.0,0.0,0.011231207462206919,0.7820786530752062,0.7820786530752062,0.0,-0.09478808527725709,0.02376925131309535,0.8577405857740585,0.7820786550478472,0.0,239
310,train,blind,0.0,0,0.019673128869098604,0.0,0.0,0.0,0.0,0.0162304927220872,1.6283657588220541,1.6283657588220541,0.0,-0.19853776666215417,0.24564527137303774,0.4393305439330544,1.6283657660485469,0.0,239
311,train,blind,0.0,0,0.05326771741892722,0.0,0.0,0.0,0.0,0.01568975724537066,1.594370348932354,1.594370348932354,0.0,-0.1884366830043538,0.16309089290483397,0.5523012552301255,1.5943703466247794,0.0,239
312,train,blind,0.0,0,0.14450739523119227,0.0,0.0,0.0,0.0,0.014633567421209987,1.527835358635651,1.527835358635651,0.0,-0.1860376367911733,0.22594142259414227,0.41841004184100417,1.5278353540037914,0.0,239
313,train,blind,0.0,0,0.00027498420791614755,0.0,0.0,0.0,0.0,0.01622468020930637,1.6269987035994748,1.6269987035994748,0.0,-0.1970934002867576,0.2560016617703789,0.4476987447698745,1.6269987079220596,0.0,239
314,train,blind,0.0,0,0.5020705397838968,0.0,0.0,0.0,0.0,0.015084070962109451,1.596476676823205,1.596476676823205,0.0,-0.1941302469430088,0.24279652215199263,0.4560669456066946,1.5964766691133396,0.0,239
315,train,blind,0.0,0,0.02979833591694332,0.0,0.0,0.0,0.0,0.01639206146151139,1.6109894561468308,1.6109894561468308,0.0,-0.18628395744211199,0.13089409181281345,0.5815899581589958,1.6109894512670202,0.0,239
316,train,blind,0.0,0,0.14450739523119227,0.0,0.0,0.0,0.0,0.015166497302229933,1.5422554108388253,1.5422554108388253,0.0,-0.18468954775418492,0.20680138876524523,0.4602510460251046,1.5422554129259904,0.0,239
317,train,blind,0.0,0,0.22391452780090834,0.0,0.0,0.0,0.0,0.01669753101853085,1.6329130981756554,1.6329130981756554,0.0,-0.19208578032353998,0.17950087539689605,0.5481171548117155,1.632913086513114,0.0,239
318,train,blind,0.0,0,0.41462237339922975,0.0,0.0,0.0,0.0,0.015131176305178818,1.5711510465733676,1.5711510465733676,0.0,-0.180409998192445,0.10828214487076769,0.5983263598326359,1.571151039741619,0.0,239
319,train,blind,0.0,0,0.08452669602320004,0.0,0.0,0.0,0.0,0.016094770261074833,1.5740226362539635,1.5740226362539635,0.0,-0.18180315178437947,0.11421703908127838,0.5690376569037657,1.5740226417956822,0.0,239
320,train,blind,0.0,0,0.4706366194916741,0.0,0.0,0.0,0.0,0.015578156381954584,1.5809201840077485,1.5809201840077485,0.0,-0.181815098092242,0.10549274459182766,0.5648535564853556,1.5809201826213142,0.0,239
321,train,blind,0.0,0,0.34633041948240073,0.0,0.0,0.0,0.0,0.01595159895156966,1.5892829463571685,1.5892829463571685,0.0,-0.20352588561995255,0.3602480785779994,0.2928870292887029,1.589282948781904,0.0,239
322,train,blind,0.0,0,0.5000638237883528,0.0,0.0,0.0,0.0,0.015046913681403738,1.568744743718263,1.568744743718263,0.0,-0.1821827761380313,0.12175435472862697,0.5774058577405857,1.5687447478250178,0.0,239
323,train,blind,0.0,0,0.08452667201199193,0.0,0.0,0.0,0.0,0.01593939400430005,1.5997625010781706,1.5997625010781706,0.0,-0.18541233317841238,0.13679931155227157,0.5774058577405857,1.5997624902548537,0.0,239
324,train,blind,0.0,0,0.5019918537838604,0.0,0.0,0.0,0.0,0.015081603465812226,1.539426428752963,1.539426428752963,0.0,-0.18201984802740698,0.17585091545743195,0.502092050209205,1.5394264303165137,0.0,239
325,train,blind,0.0,0,0.0023364927420596237,0.0,0.0,0.0,0.0,0.01622156832351595,1.6141871819935085,1.6141871819935085,0.0,-0.19342950435792217,0.21000623163892104,0.4811715481171548,1.6141871901279192,0.0,239
326,train,blind,0.0,0,0.350115003503633,0.0,0.0,0.0,0.0,0.01528049703632875,1.566519570649917,1.566519570649917,0.0,-0.1820281291091317,0.12531529125493338,0.5774058577405857,1.566519571565168,0.0,239
327,train,blind,0.0,0,0.013958478934449634,0.0,0.0,0.0,0.0,0.016060082993965018,1.583843817271947,1.583843817271947,0.0,-0.18987461088092275,0.18665242292056144,0.5062761506276151,1.583843813341749,0.0,239
328,train,blind,0.0,0,0.07600188859598127,0.0,0.0,0.0,0.0,0.01562048909040051,1.5859901501045068,1.5859901501045068,0.0,-0.1826877306730514,0.12178402919967954,0.6276150627615062,1.5859901516751578,0.0,239
329,train,blind,0.0,0,0.017240600663365867,0.0,0.0,0.0,0.0,0.015296753114050403,1.593630384201784,1.593630384201784,0.0,-0.18804077896839552,0.1723790023442832,0.5439330543933054,1.5936303761230042,0.0,239
330,eval,blind,0.0,0,0.24058936510885828,0.0,0.0,0.0,0.0,0.010162703324670447,0.6806126976362332,0.6806126976362332,0.0,-0.07972835444905084,0.00869462001839817,0.891213389121339,0.6806126978057838,0.0,239
331,eval,blind,0.0,0,0.4881335476829956,0.0,0.0,0.0,0.0,0.0077278526182282545,0.587711213772267,0.587711213772267,0.0,-0.08515019907800218,0.0,1.0,0.5877112134110632,0.0,239
332,eval,blind,0.0,0,0.03862335179426082,0.0,0.0,0.0,0.0,0.010584422428098558,0.6711528780071306,0.6711528780071306,0.0,-0.08290513810645145,0.002433306626309386,0.99581589958159,0.6711528815694706,0.0,239
333,eval,blind,0.0,0,0.05557844634596492,0.0,0.0,0.0,0.0,0.011296323444070801,0.611819388851461,0.611819388851461,0.0,-0.07158606840642961,0.0,1.0,0.6118193896287026,0.0,239
334,eval,blind,0.0,0,0.39917434158470244,0.0,0.0,0.0,0.0,0.00942754130674113,0.6434854663066785,0.6434854663066785,0.0,-0.09093688552314688,0.0,1.0,0.6434854662316793,0.0,239
335,eval,blind,0.0,0,0.4615407577247839,0.0,0.0,0.0,0.0,0.008706471919779623,0.7532426746071134,0.7532426746071134,0.0,-0.09916443192374928,0.012552301255230125,0.8535564853556485,0.7532426708587203,0.0,239
336,eval,blind,0.0,0,0.09973254793120946,0.0,0.0,0.0,0.0,0.010022304429980502,0.6082740261464937,0.6082740261464937,0.0,-0.0727461791202345,0.0,1.0,0.608274024414367,0.0,239
337,eval,blind,0.0,0,0.46716103549544,0.0,0.0,0.0,0.0,0.009099617610182848,0.706705483681986,0.706705483681986,0.0,-0.08263356804007244,0.0,1.0,0.7067054805792705,0.0,239
338,eval,blind,0.0,0,0.40549756067851994,0.0,0.0,0.0,0.0,0.009492300481975826,0.7529220493767551,0.7529220493767551,0.0,-0.10033387398018728,0.04661859402356153,0.8284518828451883,0.7529220492316584,0.0,239
339,eval,blind,0.0,0,0.00010017924373394666,0.0,0.0,0.0,0.0,0.01170781518383318,0.6562971818147842,0.6562971818147842,0.0,-0.08119623473020893,0.0,1.0,0.6562971844127321,0.0,239
340,train,blind,0.0,0,0.0023364956484850357,0.0,0.0,0.0,0.0,0.016312623022428117,1.5998236689108685,1.5998236689108685,0.0,-0.18874754296646626,0.16674085284429807,0.5146443514644351,1.5998236717983225,0.0,239
341,train,blind,0.0,0,0.09046233746581896,0.0,0.0,0.0,0.0,0.015441620474969617,1.5688259910838873,1.5688259910838873,0.0,-0.19069581863444765,0.2349031128520134,0.4686192468619247,1.5688259900240058,0.0,239
342,train,blind,0.0,0,0.2698529906927464,0.0,0.0,0.0,0.0,0.015146591669439522,1.5402327304604662,1.5402327304604662,0.0,-0.1818952679339794,0.17190421080744236,0.5104602510460251,1.540232726610347,0.0,239
343,train,blind,0.0,0,0.37562728849699706,0.0,0.0,0.0,0.0,0.01431133839687543,1.4903937665488431,1.4903937665488431,0.0,-0.18599649416315217,0.27991928543873706,0.33472803347280333,1.490393765258623,0.0,239
344,train,blind,0.0,0,0.1751345835546242,0.0,0.0,0.0,0.0,0.015842040796144614,1.6132519888578598,1.6132519888578598,0.0,-0.18587885705296514,0.11653164782337756,0.602510460251046,1.6132519885678032,0.0,239
345,train,blind,0.0,0,0.3791192204459613,0.0,0.0,0.0,0.0,0.015320276260905935,1.576867780924841,1.576867780924841,0.0,-0.18322711700372468,0.125938455147037,0.5899581589958159,1.5768677824253272,0.0,239
346,train,blind,0.0,0,0.4595581971330663,0.0,0.0,0.0,0.0,0.015701421655356013,1.6183658878174785,1.6183658878174785,0.0,-0.20257186814681274,0.30757589245971695,0.3472803347280335,1.6183658979989612,0.0,239
347,train,blind,0.0,0,0.24895398218523726,0.0,0.0,0.0,0.0,0.015407188811093942,1.5498593130371061,1.5498593130371061,0.0,-0.1814143520209875,0.14531588474435445,0.497907949790795,1.5498593300910661,0.0,239
348,train,blind,0.0,0,0.2615026996800263,0.0,0.0,0.0,0.0,0.015983919992996184,1.5957961743346816,1.5957961743346816,0.0,-0.18605159574719077,0.14561262945488,0.5606694560669456,1.5957961792100457,0.0,239
349,train,blind,0.0,0,0.09046233746581896,0.0,0.0,0.0,0.0,0.015399584823354268,1.5880502173092574,1.5880502173092574,0.0,-0.18954843285715153,0.18347725451793823,0.5188284518828452,1.5880502282910067,0.0,239
350,train,blind,0.0,0,0.07879225602993307,0.0,0.0,0.0,0.0,0.01499548438102568,1.5222180156528202,1.5222180156528202,0.0,-0.18808564734414412,0.2551411021098549,0.40585774058577406,1.5222180171915527,0.0,239
351,train,blind,0.0,0,0.3926658787366775,0.0,0.0,0.0,0.0,0.015639989576438855,1.5622578552577286,1.5622578552577286,0.0,-0.19494215415796626,0.3027686281492033,0.38493723849372385,1.5622578611957547,0.0,239
352,train,blind,0.0,0,0.4392558730871779,0.0,0.0,0.0,0.0,0.015900938487202552,1.5711498691945893,1.5711498691945893,0.0,-0.1834998991615103,0.13935131606279116,0.5062761506276151,1.5711498666059396,0.0,239
353,train,blind,0.0,0,0.04666315660102996,0.0,0.0,0.0,0.0,0.016202293135708968,1.6367235453058986,1.6367235453058986,0.0,-0.1943865375579113,0.19089587228107657,0.5481171548117155,1.6367235376103535,0.0,239
354,train,blind,0.0,0,0.4175653372727219,0.0,0.0,0.0,0.0,0.014715575455263195,1.534243250242337,1.534243250242337,0.0,-0.1919669309403932,0.3042226772307784,0.33472803347280333,1.53424325469328,0.0,239
355,train,blind,0.0,0,0.3926658787366775,0.0,0.0,0.0,0.0,0.01477767398900442,1.5263606060498929,1.5263606060498929,0.0,-0.18680300430522184,0.24095670494673435,0.3514644351464435,1.5263606065463742,0.0,239
356,train,blind,0.0,0,0.4870875290074779,0.0,0.0,0.0,0.0,0.015404295462678541,1.5732263421413788,1.5732263421413788,0.0,-0.18358032832930915,0.13843140746016203,0.5397489539748954,1.57322633049898,0.0,239
357,train,blind,0.0,0,0.004340025042008344,0.0,0.0,0.0,0.0,0.016329172118001903,1.647128019871572,1.647128019871572,0.0,-0.19423367458742088,0.17706756877058666,0.5397489539748954,1.6471280184604746,0.0,239
358,train,blind,0.0,0,0.3109929788440381,0.0,0.0,0.0,0.0,0.015786894947820377,1.6206997054391326,1.6206997054391326,0.0,-0.1944980953554577,0.20478352473367162,0.4351464435146444,1.6206997064058102,0.0,239
359,train,blind,0.0,0,0.31501783161268476,0.0,0.0,0.0,0.0,0.015662830233355695,1.584325884924773,1.584325884924773,0.0,-0.19396895286016846,0.24478471171251376,0.3598326359832636,1.5843258886897393,0.0,239
360,eval,blind,0.0,0,0.36852381268091683,0.0,0.0,0.0,0.0,0.009656338510200943,0.6765736126999476,0.6765736126999476,0.0,-0.08541789127218662,0.0,1.0,0.6765736156262449,0.0,239
361,eval,blind,0.0,0,0.0488099870398625,0.0,0.0,0.0,0.0,0.01136623008106543,0.7323292672135341,0.7323292672135341,0.0,-0.08186571350546376,0.0,1.0,0.7323292680997573,0.0,239
362,eval,blind,0.0,0,0.026644067398029395,0.0,0.0,0.0,0.0,0.011008797150113032,0.7408229339571677,0.7408229339571677,0.0,-0.09115382793237929,0.0,1.0,0.7408229304609278,0.0,239
363,eval,blind,0.0,0,0.02230692015294469,0.0,0.0,0.0,0.0,0.01130812791289146,0.740914804915504,0.740914804915504,0.0,-0.08041803812062995,0.0,1.0,0.7409148025149833,0.0,239
364,eval,blind,0.0,0,0.17909063403861195,0.0,0.0,0.0,0.0,0.010956374734492045,0.7258864950435431,0.7258864950435431,0.0,-0.0910627090793023,0.0,1.0,0.7258864934347933,0.0,239
365,eval,blind,0.0,0,0.41462237339922975,0.0,0.0,0.0,0.0,0.009349904574500592,0.7844798501315975,0.7844798501315975,0.0,-0.10162341875524392,0.012433603371019914,0.8242677824267782,0.7844798527359905,0.0,239
366,eval,blind,0.0,0,0.4706366194916741,0.0,0.0,0.0,0.0,0.011292998554286348,0.7332556586884056,0.7332556586884056,0.0,-0.08590960061419421,0.0,1.0,0.7332556649185682,0.0,239
367,eval,blind,0.0,0,0.40549758593668717,0.0,0.0,0.0,0.0,0.009798207702154145,0.6395042049834918,0.6395042049834918,0.0,-0.07516136250224904,0.0,1.0,0.6395042034414596,0.0,239
368,eval,blind,0.0,0,0.06283617998029117,0.0,0.0,0.0,0.0,0.011335505749328866,0.7299185986299395,0.7299185986299395,0.0,-0.08065467305133711,0.0,1.0,0.7299186005787454,0.0,239
369,eval,blind,0.0,0,0.1870741706890581,0.0,0.0,0.0,0.0,0.0103728727303118,0.7606116166673444,0.7606116166673444,0.0,-0.09352114020923469,0.0025816789815721534,0.99581589958159,0.7606116192813405,0.0,239
370,train,blind,0.0,0,0.37911919344205136,0.0,0.0,0.0,0.0,0.01496089157886086,1.5446871923103491,1.5446871923103491,0.0,-0.1869474247164708,0.23701000029674468,0.3891213389121339,1.5446871927912837,0.0,239
371,train,blind,0.0,0,0.43151492035799666,0.0,0.0,0.0,0.0,0.01569716832074473,1.5761726483640313,1.5761726483640313,0.0,-0.18014757838295986,0.09561114573132735,0.606694560669456,1.5761726386051438,0.0,239
372,train,blind,0.0,0,0.5000638237883528,0.0,0.0,0.0,0.0,0.015820516774111337,1.5850758225847987,1.5850758225847987,0.0,-0.1830817247792877,0.11831211608653075,0.5481171548117155,1.5850758147943766,0.0,239
373,train,blind,0.0,0,0.1830709686913921,0.0,0.0,0.0,0.0,0.0151237950788881,1.5211318319811482,1.5211318319811482,0.0,-0.19022248746400888,0.2721742484940206,0.4393305439330544,1.5211318203275557,0.0,239
374,train,blind,0.0,0,0.00014589585375555142,0.0,0.0,0.0,0.0,0.016483894911707694,1.6236283105786375,1.6236283105786375,0.0,-0.19392955187682212,0.19754295379684855,0.5146443514644351,1.6236283091846664,0.0,239
375,train,blind,0.0,0,0.3109929788440381,0.0,0.0,0.0,0.0,0.016138744431403642,1.6099279879526114,1.6099279879526114,0.0,-0.19255442541627155,0.2042197097836731,0.4895397489539749,1.6099279939076578,0.0,239
376,train,blind,0.0,0,0.21150074667297547,0.0,0.0,0.0,0.0,0.01584466953399478,1.6135404429176363,1.6135404429176363,0.0,-0.187886230937052,0.14101308644173413,0.5690376569037657,1.6135404398874675,0.0,239
377,train,blind,0.0,0,0.3959428790102983,0.0,0.0,0.0,0.0,0.01493509413253625,1.5035866042560115,1.5035866042560115,0.0,-0.18579383609448427,0.24727736728092822,0.39330543933054396,1.5035866105287412,0.0,239
378,train,blind,0.0,0,0.4392558533156307,0.0,0.0,0.0,0.0,0.014424682423378882,1.5110820696443694,1.5110820696443694,0.0,-0.182320331999574,0.2131517255704917,0.4686192468619247,1.5110820695065386,0.0,239
379,train,blind,0.0,0,0.08746963563609224,0.0,0.0,0.0,0.0,0.016283465149933198,1.5663065980169064,1.5663065980169064,0.0,-0.18751491937020492,0.20398231401525269,0.49372384937238495,1.5663066024866956,0.0,239
380,train,blind,0.0,0,0.019673128869098604,0.0,0.0,0.0,0.0,0.01652444808482812,1.6359808098322177,1.6359808098322177,0.0,-0.19247709429301924,0.16783880827324252,0.5606694560669456,1.6359808302518393,0.0,239
381,train,blind,0.0,0,0.29470410188133966,0.0,0.0,0.0,0.0,0.014982598642799145,1.5424189181008598,1.5424189181008598,0.0,-0.17686815611682427,0.09314816463396539,0.6276150627615062,1.5424189174502396,0.0,239
382,train,blind,0.0,0,0.24477056702595276,0.0,0.0,0.0,0.0,0.01554194807413981,1.57971519331553,1.57971519331553,0.0,-0.1870276481937777,0.1729428172942817,0.47280334728033474,1.5797151935221985,0.0,239
383,train,blind,0.0,0,0.49099224892631954,0.0,0.0,0.0,0.0,0.01459645538953246,1.4977738101612075,1.4977738101612075,0.0,-0.17624680195383916,0.162556752425888,0.5104602510460251,1.4977738103130773,0.0,239
384,train,blind,0.0,0,0.49975553764743685,0.0,0.0,0.0,0.0,0.014782543303873625,1.463901058649917,1.463901058649917,0.0,-0.18245099737835935,0.2752603934834862,0.30962343096234307,1.463901054181286,0.0,239
385,train,blind,0.0,0,0.49775201144090475,0.0,0.0,0.0,0.0,0.01616906303577281,1.6146791834212746,1.6146791834212746,0.0,-0.1947786724157998,0.21344847028101724,0.5146443514644351,1.6146791757415926,0.0,239
386,train,blind,0.0,0,0.4955261374568512,0.0,0.0,0.0,0.0,0.015111148817207523,1.5560321154454761,1.5560321154454761,0.0,-0.18243499855377485,0.13828303510489925,0.5690376569037657,1.5560321147105773,0.0,239
387,train,blind,0.0,0,0.33479187858415665,0.0,0.0,0.0,0.0,0.015003788064791194,1.5326751540395505,1.5326751540395505,0.0,-0.18269320380355783,0.196118579186326,0.4351464435146444,1.5326751533470524,0.0,239
388,train,blind,0.0,0,0.025146192200367425,0.0,0.0,0.0,0.0,0.015851679692535845,1.5895954555048604,1.5895954555048604,0.0,-0.18977014857065594,0.18335855663372802,0.5313807531380753,1.5895954636489087,0.0,239
389,train,blind,0.0,0,0.48241889700017115,0.0,0.0,0.0,0.0,0.014541434092938153,1.4954780001021828,1.4954780001021828,0.0,-0.1782456444779732,0.18140004154425945,0.49372384937238495,1.4954779984596107,0.0,239
390,eval,blind,0.0,0,0.019673136295750737,0.0,0.0,0.0,0.0,0.011084402274246868,0.6069384626264851,0.6069384626264851,0.0,-0.07640738605162015,0.0,1.0,0.6069384628553806,0.0,239
391,eval,blind,0.0,0,0.4706366194916741,0.0,0.0,0.0,0.0,0.009066927196091689,0.5656360554894643,0.5656360554894643,0.0,-0.08047101811203008,0.0,1.0,0.5656360544481619,0.0,239
392,eval,blind,0.0,0,0.48813355436147227,0.0,0.0,0.0,0.0,0.011027224013137642,0.557903365485339,0.557903365485339,0.0,-0.07922369869188521,0.0,1.0,0.5579033648053354,0.0,239
393,eval,blind,0.0,0,0.41162967206828666,0.0,0.0,0.0,0.0,0.010798854394874314,0.8211573494528128,0.8211573494528128,0.0,-0.10765401139344509,0.0,1.0,0.8211573532565035,0.0,239
394,eval,blind,0.0,0,0.05557844634596492,0.0,0.0,0.0,0.0,0.011038197407101488,0.6355265852796482,0.6355265852796482,0.0,-0.08041169409193046,0.002077212973678744,0.99581589958159,0.6355265827833786,0.0,239
395,eval,blind,0.0,0,0.36491424218167223,0.0,0.0,0.0,0.0,0.010736251357069949,0.7451000886980959,0.7451000886980959,0.0,-0.09891487334104003,0.00035609365263064184,0.99581589958159,0.745100091380298,0.0,239
396,eval,blind,0.0,0,0.4997555405538623,0.0,0.0,0.0,0.0,0.009759547637003985,0.8567760384731213,0.8567760384731213,0.0,-0.12050413480949598,0.3040743048755156,0.4769874476987448,0.8567760363462704,0.0,239
397,eval,blind,0.0,0,0.41162969583010295,0.0,0.0,0.0,0.0,0.010198637734023097,0.6215771901807027,0.6215771901807027,0.0,-0.08226228478379928,0.0,1.0,0.6215771900999969,0.0,239
398,eval,blind,0.0,0,0.5019461374421663,0.0,0.0,0.0,0.0,0.008858051519279824,0.787097586373405,0.787097586373405,0.0,-0.09700606114428481,0.009673877563132439,0.891213389121339,0.7870975860171471,0.0,239
399,eval,blind,0.0,0,0.372095166128404,0.0,0.0,0.0,0.0,0.01014425220342049,0.789569908604961,0.789569908604961,0.0,-0.11101361672030105,0.14653253805750913,0.5648535564853556,0.7895699018549278,0.0,239
400,train,blind,0.0,0,0.15957777750304272,0.0,0.0,0.0,0.0,0.016078368384609288,1.5962312852488403,1.5962312852488403,0.0,-0.18829860755483646,0.16795750615745272,0.5271966527196653,1.5962312868860924,0.0,239
401,train,blind,0.0,0,0.4955261337087284,0.0,0.0,0.0,0.0,0.015469520241723524,1.5765254076055901,1.5765254076055901,0.0,-0.18642580886825189,0.17000504466007893,0.5146443514644351,1.5765254056835336,0.0,239
402,train,blind,0.0,0,0.0,0.0,0.0,0.0,0.0,0.01609935109585399,1.56003879478287,1.56003879478287,0.0,-0.19045749993013178,0.23736609394937536,0.4225941422594142,1.560038788670228,0.0,239
403,train,blind,0.0,0,0.496713411596384,0.0,0.0,0.0,0.0,0.0155766605044945,1.615862367542219,1.615862367542219,0.0,-0.19474867949913127,0.20653431852577225,0.49372384937238495,1.6158623596150938,0.0,239
404,train,blind,0.0,0,0.002674001892095833,0.0,0.0,0.0,0.0,0.016936831682858106,1.6445392185674053,1.6445392185674053,0.0,-0.1944973075717131,0.17549482180480133,0.502092050209205,1.6445392214757562,0.0,239
405,train,blind,0.0,0,0.3612674953427315,0.0,0.0,0.0,0.0,0.015108090507794,1.527562083559555,1.527562083559555,0.0,-0.18564100328185046,0.21950206237573813,0.4560669456066946,1.5275620917666022,0.0,239
406,train,blind,0.0,0,0.4870875290074779,0.0,0.0,0.0,0.0,0.014254455832632016,1.4608894576587437,1.4608894576587437,0.0,-0.1851700524041497,0.3215525683254695,0.2719665271966527,1.4608894568584583,0.0,239
407,train,blind,0.0,0,0.012959521485526197,0.0,0.0,0.0,0.0,0.015879152321245007,1.6008871344841673,1.6008871344841673,0.0,-0.1916244460336173,0.19671206860737708,0.502092050209205,1.600887136823978,0.0,239
408,train,blind,0.0,0,0.4367288415779668,0.0,0.0,0.0,0.0,0.016347798064865453,1.6195039020921396,1.6195039020921396,0.0,-0.19777864036093165,0.2560906851835366,0.3807531380753138,1.6195038962554864,0.0,239
409,train,blind,0.0,0,0.502052641987655,0.0,0.0,0.0,0.0,0.014043162136521799,1.4542671778710816,1.4542671778710816,0.0,-0.1816581481860695,0.2849936199887237,0.3138075313807531,1.4542671894362196,0.0,239
410,train,blind,0.0,0,0.41756536128392996,0.0,0.0,0.0,0.0,0.016251767847188223,1.5970269803222752,1.5970269803222752,0.0,-0.18352508318552277,0.100418410041841,0.6234309623430963,1.5970269736158216,0.0,239
411,train,blind,0.0,0,0.4881335476829956,0.0,0.0,0.0,0.0,0.015585282164777796,1.5504190373121445,1.5504190373121445,0.0,-0.1811905220830197,0.1379269414522686,0.5188284518828452,1.550419031356358,0.0,239
412,train,blind,0.0,0,0.39917434158470244,0.0,0.0,0.0,0.0,0.01592848280047273,1.5993936196530714,1.5993936196530714,0.0,-0.19283693656985793,0.22235081159678327,0.46443514644351463,1.5993936161563445,0.0,239
413,train,blind,0.0,0,0.05557844634596492,0.0,0.0,0.0,0.0,0.015518107932746784,1.596175777363478,1.596175777363478,0.0,-0.1837805844710506,0.10991424077865812,0.6694560669456067,1.5961757728870325,0.0,239
414,train,blind,0.0,0,0.23223904260317552,0.0,0.0,0.0,0.0,0.015694961963011008,1.547099007971616,1.547099007971616,0.0,-0.189285319999796,0.24193596249146856,0.35564853556485354,1.5470990148587442,0.0,239
415,train,blind,0.0,0,0.4769458410955545,0.0,0.0,0.0,0.0,0.01491237498788654,1.5808640486525691,1.5808640486525691,0.0,-0.18133138768052698,0.11127926644707557,0.602510460251046,1.5808640533462246,0.0,239
416,train,blind,0.0,0,0.4881335476829956,0.0,0.0,0.0,0.0,0.015379733725540558,1.5714841776811928,1.5714841776811928,0.0,-0.18501461199706618,0.16439656963114635,0.5355648535564853,1.5714841784554632,0.0,239
417,train,blind,0.0,0,0.14822527385418105,0.0,0.0,0.0,0.0,0.015610846478460847,1.5961516823728712,1.5961516823728712,0.0,-0.18582288233049055,0.13021157897860472,0.5564853556485355,1.596151681348614,0.0,239
418,train,blind,0.0,0,0.4653420398303694,0.0,0.0,0.0,0.0,0.014673403491534948,1.5228055752969687,1.5228055752969687,0.0,-0.17847099822318074,0.14047894596278818,0.5230125523012552,1.522805579825106,0.0,239
419,train,blind,0.0,0,0.24477059851891544,0.0,0.0,0.0,0.0,0.015547894763616088,1.5585709852653566,1.5585709852653566,0.0,-0.1825186487853124,0.15451497077064602,0.5271966527196653,1.5585709769585396,0.0,239
420,eval,blind,0.0,0,0.3685238404330022,0.0,0.0,0.0,0.0,0.010383419519111078,0.7968560125538495,0.7968560125538495,0.0,-0.09687843504236814,0.1425264844654144,0.7322175732217573,0.7968560056915219,0.0,239
421,eval,blind,0.0,0,0.012959521485526197,0.0,0.0,0.0,0.0,0.011981977915554989,0.8306197711114605,0.8306197711114605,0.0,-0.10277470167458673,0.0,1.0,0.830619774314416,0.0,239
422,eval,blind,0.0,0,0.22807283978866633,0.0,0.0,0.0,0.0,0.010784052004531088,0.8202126261828834,0.8202126261828834,0.0,-0.10333196858318809,0.0032938662868334367,0.9916317991631799,0.8202126340649885,0.0,239
423,eval,blind,0.0,0,0.07600188859598127,0.0,0.0,0.0,0.0,0.011389892447007251,0.7531402303085167,0.7531402303085167,0.0,-0.08419782137783047,0.0,1.0,0.7531402335895941,0.0,239
424,eval,blind,0.0,0,0.39594290426846546,0.0,0.0,0.0,0.0,0.008877307229196052,0.5707287797119827,0.5707287797119827,0.0,-0.06870088597411565,0.0,1.0,0.5707287781437689,0.0,239
425,eval,blind,0.0,0,0.4881335476829956,0.0,0.0,0.0,0.0,0.009818133079762488,0.8251634664116544,0.8251634664116544,0.0,-0.10343510885688449,0.05222706905249414,0.7447698744769874,0.8251634719406731,0.0,239
426,eval,blind,0.0,0,0.4554288766948919,0.0,0.0,0.0,0.0,0.011140092268243244,0.7295984256716452,0.7295984256716452,0.0,-0.08676437790685838,0.0,1.0,0.7295984251465532,0.0,239
427,eval,blind,0.0,0,0.11952211124389958,0.0,0.0,0.0,0.0,0.010688456897643321,0.7173179289536497,0.7173179289536497,0.0,-0.07913052138687283,0.0,1.0,0.7173179283665244,0.0,239
428,eval,blind,0.0,0,0.3720951933817057,0.0,0.0,0.0,0.0,0.010853449007394923,0.6853280238277244,0.6853280238277244,0.0,-0.0821361638667922,0.0,1.0,0.6853280255917588,0.0,239
429,eval,blind,0.0,0,0.1335682206150051,0.0,0.0,0.0,0.0,0.011279330366762612,0.7263057907754906,0.7263057907754906,0.0,-0.079949959225136,0.0,1.0,0.7263057944261803,0.0,239
430,train,blind,0.0,0,0.502088449363476,0.0,0.0,0.0,0.0,0.013131950896186559,1.3955041040436493,1.3955041040436493,0.0,-0.19060335454528157,0.44568088073830087,0.18410041841004185,1.3955041090560716,0.0,239
431,train,blind,0.0,0,0.10291769171121948,0.0,0.0,0.0,0.0,0.01570331599275001,1.579254795816653,1.579254795816653,0.0,-0.1839611877504642,0.13519689011543368,0.5815899581589958,1.579254799777374,0.0,239
432,train,blind,0.0,0,0.0005835245887526782,0.0,0.0,0.0,0.0,0.016028158530343527,1.6027946217788314,1.6027946217788314,0.0,-0.18710012817282626,0.14531588474435442,0.5648535564853556,1.6027946199179977,0.0,239
433,train,blind,0.0,0,0.4260901446999406,0.0,0.0,0.0,0.0,0.015403656037641244,1.5977296741936495,1.5977296741936495,0.0,-0.19322438947745518,0.2196801092020535,0.4560669456066946,1.597729680742668,0.0,239
434,train,blind,0.0,0,0.21562707504729067,0.0,0.0,0.0,0.0,0.015573113622868659,1.5452339467144411,1.5452339467144411,0.0,-0.1814229689038091,0.15374343452327963,0.5313807531380753,1.5452339442259309,0.0,239
435,train,blind,0.0,0,0.2405893336158956,0.0,0.0,0.0,0.0,0.015100382324931636,1.5759373848408336,1.5759373848408336,0.0,-0.19060811862649482,0.20884892726787146,0.47280334728033474,1.5759373662114042,0.0,239
436,train,blind,0.0,0,0.009418921166737213,0.0,0.0,0.0,0.0,0.015725732689419427,1.6090902314525268,1.6090902314525268,0.0,-0.18824304450587184,0.14816463396539958,0.5523012552301255,1.6090902380550973,0.0,239
437,train,blind,0.0,0,0.4532820462560594,0.0,0.0,0.0,0.0,0.013735266544595049,1.4123097645687757,1.4123097645687757,0.0,-0.19054641430574917,0.4175198077094276,0.2301255230125523,1.4123097679990568,0.0,239
438,train,blind,0.0,0,0.20738796240876128,0.0,0.0,0.0,0.0,0.0155299424201593,1.5651568214264873,1.5651568214264873,0.0,-0.17984537648556365,0.12030030564705183,0.5857740585774058,1.5651568126236042,0.0,239
439,train,blind,0.0,0,0.06283616020874398,0.0,0.0,0.0,0.0,0.015352982982884017,1.5641492525403968,1.5641492525403968,0.0,-0.18295071869464813,0.1460280720496157,0.5983263598326359,1.5641492560820847,0.0,239
440,train,blind,0.0,0,2.1493512025067902e-05,0.0,0.0,0.0,0.0,0.0157957606087731,1.6172251806099545,1.6172251806099545,0.0,-0.1904493719017003,0.15255645568117748,0.5230125523012552,1.6172251703849407,0.0,239
441,train,blind,0.0,0,0.0,0.0,0.0,0.0,0.0,0.015633850354529823,1.598018117030794,1.598018117030794,0.0,-0.19003438221802585,0.18377399922846377,0.4811715481171548,1.5980181217542524,0.0,239
442,train,blind,0.0,0,0.39594290426846546,0.0,0.0,0.0,0.0,0.01596368097400129,1.5956018569579185,1.5956018569579185,0.0,-0.19148148233694415,0.20329980118104396,0.49372384937238495,1.5956018519239032,0.0,239
443,train,blind,0.0,0,0.4941819601855557,0.0,0.0,0.0,0.0,0.01448504121537675,1.4973830638071484,1.4973830638071484,0.0,-0.18181762615783445,0.2227365797204665,0.39748953974895396,1.4973830546772122,0.0,239
444,train,blind,0.0,0,0.4994180284038787,0.0,0.0,0.0,0.0,0.015021377492493417,1.531431952779762,1.531431952779762,0.0,-0.18025746661597986,0.15869907118905602,0.5355648535564853,1.5314319503685212,0.0,239
445,train,blind,0.0,0,0.478391402922768,0.0,0.0,0.0,0.0,0.014526775393198599,1.4935999936638518,1.4935999936638518,0.0,-0.18114522655781526,0.21807768776521558,0.3807531380753138,1.4935999949155687,0.0,239
446,train,blind,0.0,0,0.31902109559870884,0.0,0.0,0.0,0.0,0.015453886815490958,1.5418539740550468,1.5418539740550468,0.0,-0.1777030593977518,0.12528561678388084,0.5523012552301255,1.541853973571174,0.0,239
447,train,blind,0.0,0,0.4967134153445068,0.0,0.0,0.0,0.0,0.014919084726704215,1.5094947640367133,1.5094947640367133,0.0,-0.17968183782897434,0.20080714561262947,0.37656903765690375,1.509494769266008,0.0,239
448,train,blind,0.0,0,0.49008514884387816,0.0,0.0,0.0,0.0,0.01623113553729454,1.6092534888239585,1.6092534888239585,0.0,-0.1941806508711555,0.23359743612570114,0.47280334728033474,1.6092534870023254,0.0,239
449,train,blind,0.0,0,0.4918546168378746,0.0,0.0,0.0,0.0,0.014991937355220194,1.5640311844678105,1.5640311844678105,0.0,-0.19277699667609205,0.2589097599335292,0.4100418410041841,1.564031175171787,0.0,239
450,eval,blind,0.0,0,0.5016285056306393,0.0,0.0,0.0,0.0,0.00891056182993007,0.5311055724590892,0.5311055724590892,0.0,-0.07768016282751902,0.0,1.0,0.5311055702130217,0.0,239
451,eval,blind,0.0,0,0.05794354536329254,0.0,0.0,0.0,0.0,0.009892649999254667,0.6198055134408145,0.6198055134408145,0.0,-0.08929718050202233,0.001335351197364907,0.9623430962343096,0.6198055103914661,0.0,239
452,eval,blind,0.0,0,0.0007224776207325224,0.0,0.0,0.0,0.0,0.00999749009984557,0.5680829211757772,0.5680829211757772,0.0,-0.07073124544817383,0.0,1.0,0.5680829223571933,0.0,239
453,eval,blind,0.0,0,0.5016285056306393,0.0,0.0,0.0,0.0,0.008946589403688346,0.83841046229566,0.83841046229566,0.0,-0.09909536683533197,0.005994243152615805,0.9539748953974896,0.8384104600262935,0.0,239
454,eval,blind,0.0,0,0.29880202014860646,0.0,0.0,0.0,0.0,0.009780836874174897,0.5777087029552859,0.5777087029552859,0.0,-0.08549448398431543,0.0,1.0,0.5777087045259922,0.0,239
455,eval,blind,0.0,0,0.5013695566800022,0.0,0.0,0.0,0.0,0.008823761137818069,0.5963452983351432,0.5963452983351432,0.0,-0.08020628301343498,0.0008902341315766047,0.9874476987447699,0.5963452940097903,0.0,239
456,eval,blind,0.0,0,0.1712039733909204,0.0,0.0,0.0,0.0,0.009669135107413308,0.6258867576281895,0.6258867576281895,0.0,-0.09239948836904732,0.004124751476304935,0.9581589958158996,0.625886756042909,0.0,239
457,eval,blind,0.0,0,0.31902109559870884,0.0,0.0,0.0,0.0,0.008795119759677344,0.6287996551980534,0.6287996551980534,0.0,-0.07489133356795102,0.0,1.0,0.6287996521089813,0.0,239
458,eval,blind,0.0,0,0.019673128869098604,0.0,0.0,0.0,0.0,0.010407574229316482,0.6085731262442458,0.6085731262442458,0.0,-0.08054026773986317,0.0,1.0,0.6085731242210222,0.0,239
459,eval,blind,0.0,0,0.5003441035252276,0.0,0.0,0.0,0.0,0.009056074324621192,0.5634837320160168,0.5634837320160168,0.0,-0.08401038424811633,0.0,1.0,0.5634837295398479,0.0,239
460,train,blind,0.0,0,0.3575846668143823,0.0,0.0,0.0,0.0,0.015731475931674118,1.5682436205353198,1.5682436205353198,0.0,-0.18222888140653332,0.12065639929968248,0.606694560669456,1.5682436179551371,0.0,239
461,train,blind,0.0,0,0.2405893336158956,0.0,0.0,0.0,0.0,0.014784694586931163,1.4991284147466077,1.4991284147466077,0.0,-0.18698719370805775,0.28155138134662755,0.3723849372384937,1.4991284277420236,0.0,239
462,train,blind,0.0,0,3.939130826693449e-05,0.0,0.0,0.0,0.0,0.015874506030855193,1.5968432563618138,1.5968432563618138,0.0,-0.19171607939431207,0.19843318792842518,0.47280334728033474,1.5968432585279824,0.0,239
463,train,blind,0.0,0,7.168495677855786e-07,0.0,0.0,0.0,0.0,0.015846722480689007,1.5986011634311916,1.5986011634311916,0.0,-0.18615491368447626,0.14128015668120716,0.5355648535564853,1.5986011629702257,0.0,239
464,train,blind,0.0,0,0.0005835245887526782,0.0,0.0,0.0,0.0,0.015380877208463442,1.5813560231460189,1.5813560231460189,0.0,-0.18755731969040285,0.17917445621531797,0.5104602510460251,1.5813560134668565,0.0,239
465,train,blind,0.0,0,0.006565895839070679,0.0,0.0,0.0,0.0,0.016112463418238458,1.5804033416584446,1.5804033416584446,0.0,-0.18978307329103308,0.20098519243894478,0.5104602510460251,1.5804033402658317,0.0,239
466,train,blind,0.0,0,0.0760018663305159,0.0,0.0,0.0,0.0,0.01624604031272139,1.625881413535593,1.625881413535593,0.0,-0.1937969117823171,0.19410071515475236,0.5188284518828452,1.6258814015644536,0.0,239
467,train,blind,0.0,0,0.00010017924373394666,0.0,0.0,0.0,0.0,0.01525597149802364,1.5675270502537364,1.5675270502537364,0.0,-0.18785874353441934,0.19798807086263687,0.49372384937238495,1.5675270516174498,0.0,239
468,train,blind,0.0,0,0.4900851427265331,0.0,0.0,0.0,0.0,0.015170625888325554,1.578397898743841,1.578397898743841,0.0,-0.1943568487551165,0.27552746372295916,0.4100418410041841,1.5783979101786225,0.0,239
469,train,blind,0.0,0,0.019673136295750737,0.0,0.0,0.0,0.0,0.015275452445771654,1.5794644749813,1.5794644749813,0.0,-0.18555531413173304,0.15225971097065197,0.5439330543933054,1.5794644713069765,0.0,239
470,train,blind,0.0,0,0.49865054549941856,0.0,0.0,0.0,0.0,0.013644372582607065,1.435396973308659,1.435396973308659,0.0,-0.18026078951014604,0.28894032463871333,0.3514644351464435,1.4353969704489635,0.0,239
471,train,blind,0.0,0,0.2615026996800263,0.0,0.0,0.0,0.0,0.014647634920106897,1.5301955723862268,1.5301955723862268,0.0,-0.18338078515680947,0.1894121487284489,0.4435146443514644,1.5301955684150514,0.0,239
472,train,blind,0.0,0,0.37911919344205136,0.0,0.0,0.0,0.0,0.015044906250664878,1.5364857490591424,1.5364857490591424,0.0,-0.19087384503157373,0.28267901124662453,0.40585774058577406,1.5364857470763458,0.0,239
473,train,blind,0.0,0,0.019673136295750737,0.0,0.0,0.0,0.0,0.016304717046524315,1.594738893179714,1.594738893179714,0.0,-0.18753638787467825,0.16751238909166444,0.5230125523012552,1.5947389115139219,0.0,239
474,train,blind,0.0,0,0.4634686679649094,0.0,0.0,0.0,0.0,0.014403428116649639,1.4866788965887605,1.4866788965887605,0.0,-0.18207308517025939,0.23089705925991869,0.38493723849372385,1.4866788970547733,0.0,239
475,train,blind,0.0,0,0.49487416027990566,0.0,0.0,0.0,0.0,0.015005943651805987,1.5348824716512128,1.5348824716512128,0.0,-0.18109721750515675,0.1518442683759162,0.5271966527196653,1.5348824822017235,0.0,239
476,train,blind,0.0,0,0.12646471729623124,0.0,0.0,0.0,0.0,0.015690042286581326,1.5985711254335349,1.5985711254335349,0.0,-0.18706674109408492,0.14709635300750762,0.5690376569037657,1.5985711183165452,0.0,239
477,train,blind,0.0,0,0.24895395069227458,0.0,0.0,0.0,0.0,0.015417375954483718,1.5815264699848126,1.5815264699848126,0.0,-0.20108968375487749,0.34404581738330514,0.30962343096234307,1.581526458769139,0.0,239
478,train,blind,0.0,0,0.002674001892095833,0.0,0.0,0.0,0.0,0.016001147436266416,1.6091739961791738,1.6091739961791738,0.0,-0.19477642156973632,0.2223508115967833,0.4476987447698745,1.609173989370302,0.0,239
479,train,blind,0.0,0,0.019673128869098604,0.0,0.0,0.0,0.0,0.01572644870502243,1.5967737491160756,1.5967737491160756,0.0,-0.18837816215575712,0.16501973352324995,0.5397489539748954,1.5967737508829642,0.0,239
480,eval,blind,0.0,0,0.05794356438666426,0.0,0.0,0.0,0.0,0.008244730849754236,0.6156563470802546,0.6156563470802546,0.0,-0.07218001983202636,0.0,1.0,0.6156563477672996,0.0,239
481,eval,blind,0.0,0,0.3649142709313249,0.0,0.0,0.0,0.0,0.006856318083922982,0.5386775367928349,0.5386775367928349,0.0,-0.06589051003100257,0.0,1.0,0.5386775363676349,0.0,239
482,eval,blind,0.0,0,0.4341484118583851,0.0,0.0,0.0,0.0,0.009198065394161573,0.7978643402145498,0.7978643402145498,0.0,-0.09811037883259638,0.0016617703789429954,0.9916317991631799,0.797864334241933,0.0,239
483,eval,blind,0.0,0,0.33866769455229107,0.0,0.0,0.0,0.0,0.008288887131639666,0.6539001797781828,0.6539001797781828,0.0,-0.07734983231500887,0.0,1.0,0.6539001835293091,0.0,239
484,eval,blind,0.0,0,0.3575846668143823,0.0,0.0,0.0,0.0,0.007814849790177896,0.6244775005713666,0.6244775005713666,0.0,-0.0704971875631479,0.0,1.0,0.6244775016984729,0.0,239
485,eval,blind,0.0,0,3.939130826693449e-05,0.0,0.0,0.0,0.0,0.00953294818628595,0.6490109074065875,0.6490109074065875,0.0,-0.07991590146731445,0.0,1.0,0.6490109046844282,0.0,239
486,eval,blind,0.0,0,0.4797851214425007,0.0,0.0,0.0,0.0,0.009586500553375258,0.8194056218139297,0.8194056218139297,0.0,-0.09476754761859406,0.0037093088815691863,0.8744769874476988,0.8194056227112785,0.0,239
487,eval,blind,0.0,0,0.48708752257839305,0.0,0.0,0.0,0.0,0.006920931318182514,0.5749044981960473,0.5749044981960473,0.0,-0.08186141413339401,0.0,1.0,0.5749044981780681,0.0,239
488,eval,blind,0.0,0,0.4955261337087284,0.0,0.0,0.0,0.0,0.006917158598625822,0.6009819315567176,0.6009819315567176,0.0,-0.07648031365445009,0.001216653313154693,0.99581589958159,0.6009819283990758,0.0,239
489,eval,blind,0.0,0,0.06036286422683006,0.0,0.0,0.0,0.0,0.008581830209089933,0.6236524949762113,0.6236524949762113,0.0,-0.08618602722153837,0.000979257544734265,0.9665271966527197,0.623652489352784,0.0,239
490,train,blind,0.0,0,0.20328998215313637,0.0,0.0,0.0,0.0,0.015428666738504895,1.6009073412069217,1.6009073412069217,0.0,-0.1956460510579016,0.25606101071248405,0.40585774058577406,1.6009073475189357,0.0,239
491,train,blind,0.0,0,0.48485143263255603,0.0,0.0,0.0,0.0,0.014567113276882775,1.5087814904655872,1.5087814904655872,0.0,-0.18613753056701268,0.25706994272827083,0.3263598326359833,1.5087814814755864,0.0,239
492,train,blind,0.0,0,0.4961388843030782,0.0,0.0,0.0,0.0,0.013783577233397062,1.3996486721178478,1.3996486721178478,0.0,-0.19295565944038046,0.454642570996172,0.18828451882845187,1.3996486796954908,0.0,239
493,train,blind,0.0,0,0.21150074667297547,0.0,0.0,0.0,0.0,0.014619629779464282,1.5144862786995317,1.5144862786995317,0.0,-0.1878020522087849,0.27155108460191696,0.40585774058577406,1.514486284375511,0.0,239
494,train,blind,0.0,0,0.14822527385418105,0.0,0.0,0.0,0.0,0.01573548577024473,1.5840453779847052,1.5840453779847052,0.0,-0.18749555024682907,0.17617733463901006,0.5230125523012552,1.5840453680880549,0.0,239
495,train,blind,0.0,0,0.0010625928217568533,0.0,0.0,0.0,0.0,0.015418027143800733,1.5737809164753518,1.5737809164753518,0.0,-0.18483075200241633,0.16599899106798421,0.5523012552301255,1.5737809173882957,0.0,239
496,train,blind,0.0,0,0.09973254793120946,0.0,0.0,0.0,0.0,0.015467855311680788,1.5592152389023592,1.5592152389023592,0.0,-0.18330315853740037,0.16110270334431287,0.4895397489539749,1.5592152392598801,0.0,239
497,train,blind,0.0,0,0.2988020511427855,0.0,0.0,0.0,0.0,0.014398336657965907,1.545682990151968,1.545682990151968,0.0,-0.18374582701620285,0.17439686637585686,0.5188284518828452,1.54568298965633,0.0,239
498,train,blind,0.0,0,0.5013695556751894,0.0,0.0,0.0,0.0,0.01535086526835501,1.5552070031106222,1.5552070031106222,0.0,-0.18560023969490697,0.18579186326003738,0.4895397489539749,1.5552070018602735,0.0,239
499,train,blind,0.0,0,0.4769458410955545,0.0,0.0,0.0,0.0,0.014551655948551753,1.4900417667053734,1.4900417667053734,0.0,-0.17609210898681812,0.159500281907475,0.5146443514644351,1.4900417580052974,0.0,239
500,train,blind,0.0,0,0.4997555405538623,0.0,0.0,0.0,0.0,0.014231428020793524,1.47927421655615,1.47927421655615,0.0,-0.1809523471218139,0.24223270720199414,0.39330543933054396,1.47927421905299,0.0,239
501,train,blind,0.0,0,0.41462239765982967,0.0,0.0,0.0,0.0,0.015430709167878498,1.5753672866142943,1.5753672866142943,0.0,-0.1849195217679712,0.14605774652066827,0.5774058577405857,1.5753672825655132,0.0,239
502,train,blind,0.0,0,0.2781775054950136,0.0,0.0,0.0,0.0,0.01574977986304144,1.5443909587221665,1.5443909587221665,0.0,-0.1894356887044018,0.25095700169144486,0.4602510460251046,1.5443909611692903,0.0,239
503,train,blind,0.0,0,0.4634686679649094,0.0,0.0,0.0,0.0,0.015126787708628003,1.5168287948584456,1.5168287948584456,0.0,-0.18321669807370777,0.21585210243627406,0.4309623430962343,1.5168288001834112,0.0,239
504,train,blind,0.0,0,3.5839762234725213e-06,0.0,0.0,0.0,0.0,0.015611131716457246,1.5756396977971288,1.5756396977971288,0.0,-0.1874112766697938,0.1817561351968901,0.502092050209205,1.5756397030207983,0.0,239
505,train,blind,0.0,0,0.4595582126649525,0.0,0.0,0.0,0.0,0.015461313994172726,1.5984684226403176,1.5984684226403176,0.0,-0.19019145405926027,0.1825276714442565,0.497907949790795,1.5984684211727804,0.0,239
506,train,blind,0.0,0,0.32300136876191454,0.0,0.0,0.0,0.0,0.01583176943625491,1.6022155541755165,1.6022155541755165,0.0,-0.20173936625149624,0.3184960978070566,0.30962343096234307,1.6022155503181388,0.0,239
507,train,blind,0.0,0,0.012959521485526197,0.0,0.0,0.0,0.0,0.015603664483111273,1.5876452286871907,1.5876452286871907,0.0,-0.19492624286694446,0.2557049170598534,0.40585774058577406,1.5876452199659947,0.0,239
508,train,blind,0.0,0,0.4986505481252782,0.0,0.0,0.0,0.0,0.01386922094425397,1.4261069751683637,1.4261069751683637,0.0,-0.18845857303023514,0.3835128638832013,0.19665271966527198,1.4261069722993673,0.0,239
509,train,blind,0.0,0,0.04253383616285562,0.0,0.0,0.0,0.0,0.015261229302999115,1.5474932011700075,1.5474932011700075,0.0,-0.1790346334559666,0.12843111071545152,0.5774058577405857,1.5474931996151393,0.0,239
510,eval,blind,0.0,0,0.00036113544281525344,0.0,0.0,0.0,0.0,0.009541436599247999,0.7457366338833605,0.7457366338833605,0.0,-0.08530885613107912,0.0,1.0,0.7457366356112595,0.0,239
511,eval,blind,0.0,0,0.5000638219418426,0.0,0.0,0.0,0.0,0.008158951081534279,0.772713150564098,0.772713150564098,0.0,-0.09636333824699773,0.054274607555120334,0.7489539748953975,0.7727131535852828,0.0,239
512,eval,blind,0.0,0,0.007217877699358381,0.0,0.0,0.0,0.0,0.009473539421249134,0.7370683009654408,0.7370683009654408,0.0,-0.08247788813403621,0.0,1.0,0.7370683027451217,0.0,239
513,eval,blind,0.0,0,0.13356819286291968,0.0,0.0,0.0,0.0,0.009261385367201275,0.717616061909927,0.717616061909927,0.0,-0.08889886058023536,0.0,1.0,0.7176160614371276,0.0,239
514,eval,blind,0.0,0,3.583932445953487e-06,0.0,0.0,0.0,0.0,0.009822051403225715,0.7737285724244856,0.7737285724244856,0.0,-0.09341532088154046,0.02032701267099914,0.8661087866108786,0.7737285695963423,0.0,239
515,eval,blind,0.0,0,0.30288375901140147,0.0,0.0,0.0,0.0,0.007470217028780837,0.6153438480329314,0.6153438480329314,0.0,-0.06604931780184409,0.0,1.0,0.6153438490986974,0.0,239
516,eval,blind,0.0,0,0.03316622928357742,0.0,0.0,0.0,0.0,0.009252102237007733,0.7192903240854271,0.7192903240854271,0.0,-0.07880883324372934,0.0,1.0,0.7192903224804758,0.0,239
517,eval,blind,0.0,0,0.47389736845189456,0.0,0.0,0.0,0.0,0.009938262301695895,0.7768215818883983,0.7768215818883983,0.0,-0.0995034977418621,0.0,1.0,0.7768215847945802,0.0,239
518,eval,blind,0.0,0,0.10291769171121948,0.0,0.0,0.0,0.0,0.008291831899582405,0.6805920186900694,0.6805920186900694,0.0,-0.07335701726888687,0.0,1.0,0.6805920166644385,0.0,239
519,eval,blind,0.0,0,0.005378617951415077,0.0,0.0,0.0,0.0,0.009414888178017848,0.7333859669114755,0.7333859669114755,0.0,-0.0848537135115548,0.0,1.0,0.7333859661832602,0.0,239
520,train,blind,0.0,0,0.03316622928357742,0.0,0.0,0.0,0.0,0.015212251752162953,1.580111610091381,1.580111610091381,0.0,-0.18516643076986222,0.16297219502062377,0.5564853556485355,1.5801116067040624,0.0,239
521,train,blind,0.0,0,0.11952208523755692,0.0,0.0,0.0,0.0,0.01515919082334351,1.5346669155683477,1.5346669155683477,0.0,-0.18716761971731058,0.22279592866257159,0.4435146443514644,1.5346669062960003,0.0,239
522,train,blind,0.0,0,0.04457110651652085,0.0,0.0,0.0,0.0,0.015407491225951885,1.5940061892425665,1.5940061892425665,0.0,-0.19831510376686948,0.2935398676518591,0.37656903765690375,1.5940061903632847,0.0,239
523,train,blind,0.0,0,0.5017308984838317,0.0,0.0,0.0,0.0,0.015697502499937264,1.5782554039895285,1.5782554039895285,0.0,-0.1881735828552591,0.18944182319950145,0.4895397489539749,1.5782554127559958,0.0,239
524,train,blind,0.0,0,0.41756536128392996,0.0,0.0,0.0,0.0,0.01580621505343203,1.570034717166773,1.570034717166773,0.0,-0.18526764845358626,0.15958930532063265,0.5606694560669456,1.570034715511214,0.0,239
525,train,blind,0.0,0,0.04457112279658256,0.0,0.0,0.0,0.0,0.016177909555903414,1.6064734409044976,1.6064734409044976,0.0,-0.1855164595630923,0.12436570818125166,0.6317991631799164,1.6064734435703099,0.0,239
526,train,blind,0.0,0,0.2573214347770065,0.0,0.0,0.0,0.0,0.0160135058627686,1.5714872953283239,1.5714872953283239,0.0,-0.18796302655059785,0.18864061248108252,0.497907949790795,1.5714872982305925,0.0,239
527,train,blind,0.0,0,0.3501149740058049,0.0,0.0,0.0,0.0,0.015256232780766786,1.5516244385032973,1.5516244385032973,0.0,-0.18600162686217772,0.19012433603371023,0.4811715481171548,1.5516244362810017,0.0,239
528,train,blind,0.0,0,0.5015085087071692,0.0,0.0,0.0,0.0,0.014574837087649681,1.5001000103591375,1.5001000103591375,0.0,-0.17929317217445592,0.18834386777055695,0.401673640167364,1.50010000598058,0.0,239
529,train,blind,0.0,0,0.38597856810663256,0.0,0.0,0.0,0.0,0.015205174022077517,1.5315173146116186,1.5315173146116186,0.0,-0.1751882674780221,0.09326686251817559,0.5774058577405857,1.5315173228474954,0.0,239
530,train,blind,0.0,0,0.2947040708871606,0.0,0.0,0.0,0.0,0.015073822468332167,1.5467675896868047,1.5467675896868047,0.0,-0.18908511866067032,0.24727736728092814,0.3682008368200837,1.5467675842312203,0.0,239
531,train,blind,0.0,0,0.20738796240876128,0.0,0.0,0.0,0.0,0.014153860597072411,1.4953527692471589,1.4953527692471589,0.0,-0.18547585000494574,0.26057153031247215,0.42677824267782427,1.495352757904183,0.0,239
532,train,blind,0.0,0,0.137177762364597,0.0,0.0,0.0,0.0,0.015493645194419134,1.6290304196928336,1.6290304196928336,0.0,-0.19663428524428433,0.22742514614676992,0.45188284518828453,1.6290304150768193,0.0,239
533,train,blind,0.0,0,0.002674001892095833,0.0,0.0,0.0,0.0,0.015894362533457235,1.5969527141818443,1.5969527141818443,0.0,-0.18543397508479234,0.1258791062049319,0.5774058577405857,1.5969527140676478,0.0,239
534,train,blind,0.0,0,0.16730015471176524,0.0,0.0,0.0,0.0,0.015206406311868498,1.5077483778718126,1.5077483778718126,0.0,-0.18538953851552437,0.24736639069408586,0.401673640167364,1.5077483675772116,0.0,239
535,train,blind,0.0,0,0.0012663892698259907,0.0,0.0,0.0,0.0,0.016015783519285367,1.603029511463692,1.603029511463692,0.0,-0.1947233759484192,0.24258880085462478,0.4560669456066946,1.6030295170950597,0.0,239
536,train,blind,0.0,0,0.11274785525415133,0.0,0.0,0.0,0.0,0.016156075035210184,1.601192679115918,1.601192679115918,0.0,-0.19775631839652869,0.2712246654203389,0.3598326359832636,1.60119268515023,0.0,239
537,train,blind,0.0,0,0.12646474479892483,0.0,0.0,0.0,0.0,0.015578258073417213,1.5698471104250793,1.5698471104250793,0.0,-0.18636279984019827,0.1746342621442773,0.5397489539748954,1.5698471089675328,0.0,239
538,train,blind,0.0,0,0.0007224766159197316,0.0,0.0,0.0,0.0,0.01566382876702557,1.5991388606725876,1.5991388606725876,0.0,-0.18950840512851372,0.17908543280216033,0.49372384937238495,1.599138856261811,0.0,239
539,train,blind,0.0,0,0.06536319171795504,0.0,0.0,0.0,0.0,0.015420022327063224,1.559060671339474,1.559060671339474,0.0,-0.18394423970988907,0.15543487937327516,0.5397489539748954,1.5590606631950414,0.0,239
540,eval,blind,0.0,0,0.03674998030288848,0.0,0.0,0.0,0.0,0.009291542512773844,0.6662514380580711,0.6662514380580711,0.0,-0.08600541101293786,0.0,1.0,0.666251440776818,0.0,239
541,eval,blind,0.0,0,0.03862336533101252,0.0,0.0,0.0,0.0,0.008924909224383003,0.6242410398427413,0.6242410398427413,0.0,-0.07258959290512652,0.0,1.0,0.6242410412237782,0.0,239
542,eval,blind,0.0,0,0.06536317144762423,0.0,0.0,0.0,0.0,0.008313813539042633,0.5922379322879983,0.5922379322879983,0.0,-0.07506883458561436,0.0,1.0,0.5922379344774179,0.0,239
543,eval,blind,0.0,0,0.4671610229562556,0.0,0.0,0.0,0.0,0.0077907315165069435,0.5865227869365006,0.5865227869365006,0.0,-0.08373581097954116,0.0,1.0,0.5865227871744783,0.0,239
544,eval,blind,0.0,0,0.0065658995871934805,0.0,0.0,0.0,0.0,0.009021658688066644,0.636755838304384,0.636755838304384,0.0,-0.0755438580223936,0.001216653313154693,0.9916317991631799,0.6367558416325734,0.0,239
545,eval,blind,0.0,0,0.2656803508259933,0.0,0.0,0.0,0.0,0.008869212305866899,0.6210945854625941,0.6210945854625941,0.0,-0.0752276595906614,0.0,1.0,0.6210945875931025,0.0,239
546,eval,blind,0.0,0,0.053267700141298224,0.0,0.0,0.0,0.0,0.008997821750773983,0.6777958166649152,0.6777958166649152,0.0,-0.0862756934710793,0.001988189560521084,0.99581589958159,0.6777958184275084,0.0,239
547,eval,blind,0.0,0,0.09659444735923473,0.0,0.0,0.0,0.0,0.009924649105068281,0.697545069530918,0.697545069530918,0.0,-0.09293499255999217,0.0,1.0,0.697545067235959,0.0,239
548,eval,blind,0.0,0,0.02230692015294469,0.0,0.0,0.0,0.0,0.008334266704752668,0.6092030604264727,0.6092030604264727,0.0,-0.07346964823701038,0.0,1.0,0.6092030573189089,0.0,239
549,eval,blind,0.0,0,0.013958478934449634,0.0,0.0,0.0,0.0,0.009509086871917153,0.691306084394455,0.691306084394455,0.0,-0.09227555946018043,0.014748212113119084,0.8619246861924686,0.6913060826556602,0.0,239
550,train,blind,0.0,0,0.4738973789959445,0.0,0.0,0.0,0.0,0.014930532239845109,1.556432214491537,1.556432214491537,0.0,-0.18160311907610382,0.14899551915487105,0.5146443514644351,1.5564322142402571,0.0,239
551,train,blind,0.0,0,0.501817049438165,0.0,0.0,0.0,0.0,0.01605222497727706,1.5896102606502038,1.5896102606502038,0.0,-0.1879871901786789,0.1624380545416778,0.5104602510460251,1.5896102653887159,0.0,239
552,train,blind,0.0,0,0.4085878510234286,0.0,0.0,0.0,0.0,0.015010496402728259,1.5583681017783895,1.5583681017783895,0.0,-0.18958209210056676,0.22739547167571736,0.4393305439330544,1.5583681056754601,0.0,239
553,train,blind,0.0,0,0.3959428790102983,0.0,0.0,0.0,0.0,0.01515403928656022,1.560536012739317,1.560536012739317,0.0,-0.1887746612390081,0.2276031929730853,0.4602510460251046,1.5605360173979208,0.0,239
554,train,blind,0.0,0,0.04055126141090673,0.0,0.0,0.0,0.0,0.014923316734418211,1.5764007518481011,1.5764007518481011,0.0,-0.18939797462660832,0.20671236535208756,0.4811715481171548,1.5764007540615759,0.0,239
555,train,blind,0.0,0,0.31902109559870884,0.0,0.0,0.0,0.0,0.015825894803479002,1.6005544886928222,1.6005544886928222,0.0,-0.18456360035159164,0.12101249295231312,0.5815899581589958,1.6005544916075847,0.0,239
556,train,blind,0.0,0,0.053267700141298224,0.0,0.0,0.0,0.0,0.015125328337843823,1.5703243169325665,1.5703243169325665,0.0,-0.18503907623020333,0.162289682186415,0.5439330543933054,1.570324313611438,0.0,239
557,train,blind,0.0,0,0.28232657409398026,0.0,0.0,0.0,0.0,0.015156874166232646,1.5561076529854012,1.5561076529854012,0.0,-0.18887012323405553,0.2179293154099528,0.41422594142259417,1.5561076557409739,0.0,239
558,train,blind,0.0,0,0.4706366194916741,0.0,0.0,0.0,0.0,0.014916043714951397,1.5568186119510539,1.5568186119510539,0.0,-0.17916061676043507,0.10676874684708745,0.5983263598326359,1.556818622485297,0.0,239
559,train,blind,0.0,0,0.32695747973790945,0.0,0.0,0.0,0.0,0.015485797030656407,1.5832385824814001,1.5832385824814001,0.0,-0.1887060990968684,0.18291343956793965,0.48535564853556484,1.583238585080294,0.0,239
560,train,blind,0.0,0,0.11952211124389958,0.0,0.0,0.0,0.0,0.01522754064749412,1.589339864553268,1.589339864553268,0.0,-0.18226302690079468,0.10080417816552421,0.5899581589958159,1.5893398582238256,0.0,239
561,train,blind,0.0,0,0.1299968671675179,0.0,0.0,0.0,0.0,0.016024515954348957,1.5977974566455666,1.5977974566455666,0.0,-0.1835861807015438,0.1168877414760082,0.6108786610878661,1.5977974497932794,0.0,239
562,train,blind,0.0,0,0.5016285062847449,0.0,0.0,0.0,0.0,0.014435306004400532,1.458923175743933,1.458923175743933,0.0,-0.19433186146512568,0.4231579572094128,0.20502092050209206,1.4589231728888246,0.0,239
563,train,blind,0.0,0,0.2947040708871606,0.0,0.0,0.0,0.0,0.01456705052756303,1.5377726953897517,1.5377726953897517,0.0,-0.1800393082335547,0.1378675925101635,0.5397489539748954,1.5377727007236002,0.0,239
564,train,blind,0.0,0,0.000463527011177035,0.0,0.0,0.0,0.0,0.015809160263655576,1.5823541939507968,1.5823541939507968,0.0,-0.19002324338262228,0.20914567197839698,0.4476987447698745,1.5823541826104794,0.0,239
565,train,blind,0.0,0,0.0010625911311165598,0.0,0.0,0.0,0.0,0.015450581592589493,1.5915006613631628,1.5915006613631628,0.0,-0.1911858934240303,0.200836820083682,0.502092050209205,1.5915006611174873,0.0,239
566,train,blind,0.0,0,0.4554288766948919,0.0,0.0,0.0,0.0,0.014361368989080938,1.482256286313843,1.482256286313843,0.0,-0.18277219519817603,0.25941422594142255,0.3723849372384937,1.4822562813338853,0.0,239
567,train,blind,0.0,0,0.04055126141090673,0.0,0.0,0.0,0.0,0.015180477223682478,1.5708386050108587,1.5708386050108587,0.0,-0.18098658847529941,0.10828214487076768,0.5899581589958159,1.5708386112400101,0.0,239
568,train,blind,0.0,0,0.3575846380647296,0.0,0.0,0.0,0.0,0.014950669518668034,1.5554839666917235,1.5554839666917235,0.0,-0.18681308578675765,0.18861093801002995,0.46443514644351463,1.5554839707687422,0.0,239
569,train,blind,0.0,0,0.17120400338753217,0.0,0.0,0.0,0.0,0.014958342700947279,1.5450124077218348,1.5450124077218348,0.0,-0.18169464035296512,0.16291284607851866,0.48535564853556484,1.545012409527575,0.0,239
570,eval,blind,0.0,0,0.49975553764743685,0.0,0.0,0.0,0.0,0.008129363274591425,0.6883390181732976,0.6883390181732976,0.0,-0.08204308002289479,0.0,1.0,0.6883390167416428,0.0,239
571,eval,blind,0.0,0,2.1493512025067902e-05,0.0,0.0,0.0,0.0,0.009316110356114649,0.6601248717707071,0.6601248717707071,0.0,-0.08721321610888676,0.025994836642036858,0.8075313807531381,0.6601248730818448,0.0,239
572,eval,blind,0.0,0,0.08746963563609224,0.0,0.0,0.0,0.0,0.008615685594229176,0.6591137560341648,0.6591137560341648,0.0,-0.08258169936925663,0.0027894002789400282,0.9916317991631799,0.6591137573587609,0.0,239
573,eval,blind,0.0,0,0.20738796240876128,0.0,0.0,0.0,0.0,0.007624709713720876,0.5562134027231688,0.5562134027231688,0.0,-0.0665249770963916,0.0,1.0,0.5562134012836542,0.0,239
574,eval,blind,0.0,0,0.010237411712357194,0.0,0.0,0.0,0.0,0.009058739988047583,0.6352488416009369,0.6352488416009369,0.0,-0.08262443273677303,0.0,1.0,0.6352488447542297,0.0,239
575,eval,blind,0.0,0,0.005378617951415077,0.0,0.0,0.0,0.0,0.008523306622808978,0.5975393098019157,0.5975393098019157,0.0,-0.07729287205404671,0.0,1.0,0.5975393097378855,0.0,239
576,eval,blind,0.0,0,0.48241889700017115,0.0,0.0,0.0,0.0,0.00998612970920381,0.8998059576774741,0.8998059576774741,0.0,-0.11812146579749576,0.13929196712068606,0.5355648535564853,0.8998059573827542,0.0,239
577,eval,blind,0.0,0,0.4023595106228796,0.0,0.0,0.0,0.0,0.007988542632032265,0.5485597706738875,0.5485597706738875,0.0,-0.06976407155047344,0.0,1.0,0.5485597749683249,0.0,239
578,eval,blind,0.0,0,0.39594290426846546,0.0,0.0,0.0,0.0,0.006958247903757826,0.5514034015364228,0.5514034015364228,0.0,-0.06951862201062799,0.0,1.0,0.5514034006026649,0.0,239
579,eval,blind,0.0,0,0.47839141184577105,0.0,0.0,0.0,0.0,0.009314751376253727,0.8166724773879829,0.8166724773879829,0.0,-0.09348006506071727,0.004273123831567702,0.9790794979079498,0.8166724779081534,0.0,239
580,train,blind,0.0,0,0.5015085087071692,0.0,0.0,0.0,0.0,0.014479950239889667,1.508719098368449,1.508719098368449,0.0,-0.17738734372555073,0.15291254933380813,0.5188284518828452,1.5087190947874747,0.0,239
581,train,blind,0.0,0,0.5008256455296923,0.0,0.0,0.0,0.0,0.014180411902260206,1.4674401652364053,1.4674401652364053,0.0,-0.17765760757288543,0.21389358734680552,0.3891213389121339,1.4674401632227254,0.0,239
582,train,blind,0.0,0,0.19920830527869945,0.0,0.0,0.0,0.0,0.01477867407650223,1.5518466578367864,1.5518466578367864,0.0,-0.18177060681779492,0.15077598741802428,0.5899581589958159,1.5518466582104307,0.0,239
583,train,blind,0.0,0,0.0065658995871934805,0.0,0.0,0.0,0.0,0.015315883124644662,1.5810378221288386,1.5810378221288386,0.0,-0.19138265914092994,0.23154989762307485,0.4602510460251046,1.5810378183824105,0.0,239
584,train,blind,0.0,0,0.01843199975083282,0.0,0.0,0.0,0.0,0.015543861733554671,1.5659288245264955,1.5659288245264955,0.0,-0.1852922557844458,0.17077658090744532,0.4895397489539749,1.565928824543795,0.0,239
585,train,blind,0.0,0,0.3685238404330022,0.0,0.0,0.0,0.0,0.014528514716041637,1.5305664691466168,1.5305664691466168,0.0,-0.18103293703654916,0.17039081278376214,0.46443514644351463,1.5305664647272959,0.0,239
586,train,blind,0.0,0,0.4689258159280493,0.0,0.0,0.0,0.0,0.015022267497857743,1.5312191312781935,1.5312191312781935,0.0,-0.17960757497654434,0.14374313777856906,0.5104602510460251,1.5312191315088133,0.0,239
587,train,blind,0.0,0,0.017240600663365867,0.0,0.0,0.0,0.0,0.014879918324071368,1.567355079132144,1.567355079132144,0.0,-0.18535300108693112,0.15935190955221223,0.5397489539748954,1.5673550759772266,0.0,239
588,train,blind,0.0,0,0.2905912866229464,0.0,0.0,0.0,0.0,0.015264827339173486,1.5756549717990924,1.5756549717990924,0.0,-0.18499135335509498,0.1493516128075017,0.5690376569037657,1.5756549655137613,0.0,239
589,train,blind,0.0,0,0.45108052358230005,0.0,0.0,0.0,0.0,0.014408730720579,1.5084364820723752,1.5084364820723752,0.0,-0.176028794388801,0.13320870055491263,0.5439330543933054,1.5084364735363707,0.0,239
590,train,blind,0.0,0,0.4986505481252782,0.0,0.0,0.0,0.0,0.014149729365085458,1.4618120899260294,1.4618120899260294,0.0,-0.18057843033275983,0.26659544793614054,0.3598326359832636,1.4618120940679316,0.0,239
591,train,blind,0.0,0,0.4510805060552793,0.0,0.0,0.0,0.0,0.014682928587321706,1.5157361339824469,1.5157361339824469,0.0,-0.18845592304769487,0.28152170687557493,0.34309623430962344,1.5157361425267373,0.0,239
592,train,blind,0.0,0,0.001747928173575944,0.0,0.0,0.0,0.0,0.015687688378515852,1.58624359703463,1.58624359703463,0.0,-0.19768783403011736,0.3077242648149797,0.36401673640167365,1.5862435942279556,0.0,239
593,train,blind,0.0,0,0.012959528787482421,0.0,0.0,0.0,0.0,0.015425851065899289,1.5699341561504987,1.5699341561504987,0.0,-0.18809360000871397,0.1905694530994985,0.5062761506276151,1.5699341563045899,0.0,239
594,train,blind,0.0,0,0.4634686679649094,0.0,0.0,0.0,0.0,0.014931591391314024,1.548808463946546,1.548808463946546,0.0,-0.1881124554382271,0.2127066085047034,0.4476987447698745,1.548808473109363,0.0,239
595,train,blind,0.0,0,2.149352706407653e-05,0.0,0.0,0.0,0.0,0.015496779235165613,1.5715113075208464,1.5715113075208464,0.0,-0.19061370788755522,0.21819638564942578,0.4769874476987448,1.571511304768485,0.0,239
596,train,blind,0.0,0,0.28232660558694295,0.0,0.0,0.0,0.0,0.015182123768872048,1.5643454189081072,1.5643454189081072,0.0,-0.1827681728396988,0.13038962580492003,0.5606694560669456,1.5643454155812893,0.0,239
597,train,blind,0.0,0,0.4955261337087284,0.0,0.0,0.0,0.0,0.015449801530049935,1.5696544437727669,1.5696544437727669,0.0,-0.1898562067553028,0.22033294756520963,0.39330543933054396,1.5696544533694898,0.0,239
598,train,blind,0.0,0,0.03862336533101252,0.0,0.0,0.0,0.0,0.015535609408916913,1.6013599092990285,1.6013599092990285,0.0,-0.18950829271004074,0.16837294875218847,0.497907949790795,1.6013599213502367,0.0,239
599,train,blind,0.0,0,0.06036286422683006,0.0,0.0,0.0,0.0,0.01598980074561353,1.5777273711799078,1.5777273711799078,0.0,-0.19233101495024557,0.2292056144099231,0.4435146443514644,1.5777273699263379,0.0,239
600,eval,blind,0.0,0,0.0488099870398625,0.0,0.0,0.0,0.0,0.008073139926477114,0.6213211944661878,0.6213211944661878,0.0,-0.06913184050372619,0.0,1.0,0.6213211961962687,0.0,239
601,eval,blind,0.0,0,0.21150074667297547,0.0,0.0,0.0,0.0,0.008094916834250466,0.6507532844732995,0.6507532844732995,0.0,-0.08354843314727975,0.00011869788421021395,0.99581589958159,0.6507532827456693,0.0,239
602,eval,blind,0.0,0,0.2905912866229464,0.0,0.0,0.0,0.0,0.008553941118449097,0.6280865504651888,0.6280865504651888,0.0,-0.07240069636242678,0.0,1.0,0.6280865521783171,0.0,239
603,eval,blind,0.0,0,0.026644077069207902,0.0,0.0,0.0,0.0,0.008623345899220291,0.6617769157537357,0.6617769157537357,0.0,-0.0754412513010626,0.001335351197364907,0.99581589958159,0.6617769191774624,0.0,239
604,eval,blind,0.0,0,0.4811274396703373,0.0,0.0,0.0,0.0,0.009013635488265977,0.6905167762455082,0.6905167762455082,0.0,-0.09290043569505121,0.0015727469657853348,0.9539748953974896,0.6905167769831294,0.0,239
605,eval,blind,0.0,0,0.015004510717528821,0.0,0.0,0.0,0.0,0.00891100759052956,0.6704183205899833,0.6704183205899833,0.0,-0.07754528796660932,0.00017804682631532092,0.99581589958159,0.6704183220896055,0.0,239
606,eval,blind,0.0,0,0.17909066453400735,0.0,0.0,0.0,0.0,0.007874005191148918,0.6216356578481746,0.6216356578481746,0.0,-0.067506167920758,0.0,1.0,0.6216356593327063,0.0,239
607,eval,blind,0.0,0,0.0020282095075691135,0.0,0.0,0.0,0.0,0.008341612033234231,0.6440557553179593,0.6440557553179593,0.0,-0.07710094590081397,0.0,1.0,0.6440557505230746,0.0,239
608,eval,blind,0.0,0,0.019673136295750737,0.0,0.0,0.0,0.0,0.009081953006434142,0.672946791519181,0.672946791519181,0.0,-0.07881443381390459,0.0,1.0,0.6729467890787894,0.0,239
609,eval,blind,0.0,0,0.4706366194916741,0.0,0.0,0.0,0.0,0.00676634914298234,0.5588343846748065,0.5588343846748065,0.0,-0.06572623547231077,0.0,1.0,0.5588343845598127,0.0,239
