episode,phase,arm,sigma,direct,A,load,load_frac,sat,clipped,x_std,q_cmd_abs,q_exec_abs,resid_after,reward,v_out,cr,q_loss,destroy,steps
0,train,blind,0.0,0,0.16342436824145895,0.0,0.0,0.0,0.0,0.015779678037616124,1.5728179996981282,1.5728179996981282,0.0,-0.20990260758427534,0.4364817947120093,0.19665271966527198,1.5728179958698834,0.0,239
1,eval,blind,0.0,0,0.05101152724064263,0.0,0.0,0.0,0.0,0.009974511726038476,0.6511125090730739,0.6511125090730739,0.0,-0.08537759298147596,0.07997269948663166,0.7489539748953975,0.6511125134866196,0.0,239
2,eval,blind,0.0,0,0.4859937123801958,0.0,0.0,0.0,0.0,0.009084727186475837,0.619691543623992,0.619691543623992,0.0,-0.11938204199250801,0.4743464197750675,0.17573221757322174,0.6196915459054341,0.0,239
3,eval,blind,0.0,0,0.13356819286291968,0.0,0.0,0.0,0.0,0.010136908992821016,0.6112050946536922,0.6112050946536922,0.0,-0.092142142425969,0.1861182824416155,0.41422594142259417,0.611205092336672,0.0,239
4,eval,blind,0.0,0,0.19920830527869945,0.0,0.0,0.0,0.0,0.00983378404720246,0.6456992664845917,0.6456992664845917,0.0,-0.08267855103908707,0.040297931689367635,0.8577405857740585,0.6456992644878384,0.0,239
5,eval,blind,0.0,0,0.0349310103396663,0.0,0.0,0.0,0.0,0.010129950356096902,0.6540186169506615,0.6540186169506615,0.0,-0.0883738415811756,0.1030297634944657,0.7238493723849372,0.654018618128739,0.0,239
6,eval,blind,0.0,0,0.08746963563609224,0.0,0.0,0.0,0.0,0.01078627325952926,0.6340887299641406,0.6340887299641406,0.0,-0.09846263630619459,0.23154989762307487,0.26359832635983266,0.6340887273323955,0.0,239
7,eval,blind,0.0,0,0.19109902345770474,0.0,0.0,0.0,0.0,0.010429579195192388,0.64142175548745,0.64142175548745,0.0,-0.11794102027308882,0.4298347131962373,0.11297071129707113,0.6414217572050903,0.0,239
8,eval,blind,0.0,0,0.24058936510885828,0.0,0.0,0.0,0.0,0.009669977778015525,0.6508085899772006,0.6508085899772006,0.0,-0.08022057186993367,0.02884358586308199,0.799163179916318,0.6508085944002857,0.0,239
9,eval,blind,0.0,0,0.4417291495469365,0.0,0.0,0.0,0.0,0.010196070466385414,0.6379337711064885,0.6379337711064885,0.0,-0.09994741628834622,0.2733315528650701,0.18828451882845187,0.6379337709052222,0.0,239
10,eval,blind,0.0,0,0.0,0.0,0.0,0.0,0.0,0.01126633932089207,0.6800381269415053,0.6800381269415053,0.0,-0.09960556151928325,0.16436689516009376,0.5188284518828452,0.6800381261150541,0.0,239
11,train,blind,0.0,0,0.4288286743681341,0.0,0.0,0.0,0.0,0.016500639814930232,1.5944695525089567,1.5944695525089567,0.0,-0.19588029303263055,0.26603163298614196,0.3472803347280335,1.5944695491473673,0.0,239
12,train,blind,0.0,0,0.4634686679649094,0.0,0.0,0.0,0.0,0.017344345467235255,1.6925732625578238,1.6925732625578238,0.0,-0.21023270761385457,0.31146324816760146,0.3263598326359833,1.6925732572361638,0.0,239
13,train,blind,0.0,0,0.00864344554228482,0.0,0.0,0.0,0.0,0.018974176923662548,1.7867278982904666,1.7867278982904666,0.0,-0.2071472409970875,0.18448618653372503,0.39748953974895396,1.7867278926594587,0.0,239
14,train,blind,0.0,0,0.16342433874363083,0.0,0.0,0.0,0.0,0.01988814362991118,1.8863450303736091,1.8863450303736091,0.0,-0.21837146175046154,0.21003590610997358,0.3389121338912134,1.8863450146361154,0.0,239
15,train,blind,0.0,0,0.031455413804247795,0.0,0.0,0.0,0.0,0.020824051345211442,1.9496188926896292,1.9496188926896292,0.0,-0.22349116663118404,0.1849906525416184,0.3472803347280335,1.9496188902204872,0.0,239
16,train,blind,0.0,0,0.16730015471176524,0.0,0.0,0.0,0.0,0.021039031586262972,1.982710935081897,1.982710935081897,0.0,-0.22142315086878586,0.11326745600759666,0.4602510460251046,1.9827109344152136,0.0,239
17,train,blind,0.0,0,0.4997555405538623,0.0,0.0,0.0,0.0,0.021038429667417227,1.9639259761347432,1.9639259761347432,0.0,-0.2659534579351713,0.615270482803644,0.0794979079497908,1.9639259866348924,0.0,239
18,train,blind,0.0,0,0.3575846668143823,0.0,0.0,0.0,0.0,0.02106421473182769,1.9754068691860183,1.9754068691860183,0.0,-0.25591383891548286,0.5223300394670465,0.08368200836820083,1.97540686915357,0.0,239
19,train,blind,0.0,0,0.009418925725383427,0.0,0.0,0.0,0.0,0.02082527106214767,1.9493497939289364,1.9493497939289364,0.0,-0.22483463026456105,0.19540639188106468,0.2928870292887029,1.9493497783544707,0.0,239
20,train,blind,0.0,0,0.2947040708871606,0.0,0.0,0.0,0.0,0.018832888366522027,1.7769639511986257,1.7769639511986257,0.0,-0.258062052175484,0.5435176117985698,0.2510460251046025,1.776963946168542,0.0,239
21,train,blind,0.0,0,0.0005835245887526782,0.0,0.0,0.0,0.0,0.019178143766743743,1.8315838475606432,1.8315838475606432,0.0,-0.20962153942033235,0.15024184693907833,0.4351464435146444,1.8315838472801658,0.0,239
22,train,blind,0.0,0,0.4955261374568512,0.0,0.0,0.0,0.0,0.018085321814803774,1.780138120990418,1.780138120990418,0.0,-0.20037664785084858,0.10205050594973143,0.5104602510460251,1.7801381160837388,0.0,239
23,train,blind,0.0,0,0.44882433315462367,0.0,0.0,0.0,0.0,0.01777924319035588,1.697811782360077,1.697811782360077,0.0,-0.224173290857219,0.4628920739487819,0.18410041841004185,1.6978117701746052,0.0,239
24,train,blind,0.0,0,0.3538667886901772,0.0,0.0,0.0,0.0,0.01702946129110817,1.6826875441742741,1.6826875441742741,0.0,-0.19359300370548105,0.12395026558651591,0.4686192468619247,1.682687551798151,0.0,239
25,train,blind,0.0,0,0.5020705397688578,0.0,0.0,0.0,0.0,0.01552132257770856,1.5522408258466043,1.5522408258466043,0.0,-0.21805051386205326,0.5454167779459331,0.13389121338912133,1.5522408262732277,0.0,239
26,train,blind,0.0,0,3.939117242876347e-05,0.0,0.0,0.0,0.0,0.01604521446023526,1.6085079913358808,1.6085079913358808,0.0,-0.20195463655902046,0.3173684679070595,0.3305439330543933,1.6085079839994856,0.0,239
27,train,blind,0.0,0,0.023700621450150866,0.0,0.0,0.0,0.0,0.015248357454727883,1.5602935537633538,1.5602935537633538,0.0,-0.20253415255512483,0.37508531410427604,0.23430962343096234,1.5602935702437002,0.0,239
28,train,blind,0.0,0,0.08163402942219938,0.0,0.0,0.0,0.0,0.01534609381249759,1.5336300618478942,1.5336300618478942,0.0,-0.2088579363373847,0.47390130270927927,0.18828451882845187,1.5336300539251015,0.0,239
29,train,blind,0.0,0,0.5010294421648054,0.0,0.0,0.0,0.0,0.015175964903460511,1.557376989260877,1.557376989260877,0.0,-0.18523037972070203,0.18223092673373092,0.4435146443514644,1.5573769898718315,0.0,239
30,eval,blind,0.0,0,0.07879225602993307,0.0,0.0,0.0,0.0,0.004306285010814417,0.3520972776113694,0.3520972776113694,0.0,-0.09222431942073994,0.5888898780379237,0.04184100418410042,0.35209727956781417,0.0,239
31,eval,blind,0.0,0,0.2988020511427855,0.0,0.0,0.0,0.0,0.0040159290169354015,0.34949885938456865,0.34949885938456865,0.0,-0.07033041542391245,0.2859135285913528,0.16317991631799164,0.34949885819919385,0.0,239
32,eval,blind,0.0,0,2.149352706407653e-05,0.0,0.0,0.0,0.0,0.004230637648863772,0.3565151592926999,0.3565151592926999,0.0,-0.07905539828602483,0.332888216267545,0.09205020920502092,0.3565151616451882,0.0,239
33,eval,blind,0.0,0,0.5000638219418426,0.0,0.0,0.0,0.0,0.003986568697708733,0.348873257512328,0.348873257512328,0.0,-0.0953137294088014,0.5502240422564469,0.18410041841004185,0.3488732571288144,0.0,239
34,eval,blind,0.0,0,0.5020820002191994,0.0,0.0,0.0,0.0,0.004010577612092804,0.33313051302562696,0.33313051302562696,0.0,-0.08219901782055594,0.4251164722988813,0.0,0.33313051389370285,0.0,239
35,eval,blind,0.0,0,0.21976542770897894,0.0,0.0,0.0,0.0,0.004065144521176472,0.35446929339335054,0.35446929339335054,0.0,-0.0972659581949985,0.5881776907326627,0.08368200836820083,0.3544692949632648,0.0,239
36,eval,blind,0.0,0,0.0001001795120615216,0.0,0.0,0.0,0.0,0.004208413873327639,0.35525515500970467,0.35525515500970467,0.0,-0.08413610717224809,0.471527345025075,0.0,0.3552551541966618,0.0,239
37,eval,blind,0.0,0,0.32300136876191454,0.0,0.0,0.0,0.0,0.0043726056194610926,0.36164162161459984,0.36164162161459984,0.0,-0.07360604390400183,0.3363898038517462,0.5271966527196653,0.3616416213986876,0.0,239
38,eval,blind,0.0,0,0.2698529591997837,0.0,0.0,0.0,0.0,0.0042640602042719284,0.3601675574749583,0.3601675574749583,0.0,-0.08798884813619337,0.5390070921985813,0.16317991631799164,0.3601675574272921,0.0,239
39,eval,blind,0.0,0,0.0007224776207325224,0.0,0.0,0.0,0.0,0.004030380663013857,0.3511913650704228,0.3511913650704228,0.0,-0.08643329400175938,0.5082643401881362,0.0,0.35119136554257097,0.0,239
40,train,blind,0.0,0,0.0008817244371400257,0.0,0.0,0.0,0.0,0.014416612984776247,1.5424901389177874,1.5424901389177874,0.0,-0.21294466962826034,0.5095700169144485,0.19246861924686193,1.5424901449496504,0.0,239
41,train,blind,0.0,0,0.2573214347770065,0.0,0.0,0.0,0.0,0.014796872245280314,1.5453740201235815,1.5453740201235815,0.0,-0.21424456500225117,0.5352384343749073,0.15481171548117154,1.5453740159531415,0.0,239
42,train,blind,0.0,0,0.31501786260686376,0.0,0.0,0.0,0.0,0.014790815086918397,1.5590757548060876,1.5590757548060876,0.0,-0.21045252823616742,0.4721505089171785,0.17154811715481172,1.559075755966356,0.0,239
43,train,blind,0.0,0,0.046663172881091675,0.0,0.0,0.0,0.0,0.015555994670884879,1.5764768727154912,1.5764768727154912,0.0,-0.20981012957616016,0.4359773287041158,0.22594142259414227,1.5764768790904296,0.0,239
44,train,blind,0.0,0,0.4653420529930334,0.0,0.0,0.0,0.0,0.015216407557037586,1.57225900614112,1.57225900614112,0.0,-0.2108057200777441,0.45944983530668565,0.19246861924686193,1.572259010612432,0.0,239
45,train,blind,0.0,0,0.3825699220520223,0.0,0.0,0.0,0.0,0.01568758538748804,1.5921017001363522,1.5921017001363522,0.0,-0.21635480368058024,0.49381287278554253,0.20920502092050208,1.5921016993547101,0.0,239
46,train,blind,0.0,0,0.4977520082539135,0.0,0.0,0.0,0.0,0.015237215475791044,1.5801151285111654,1.5801151285111654,0.0,-0.21582901398461948,0.48615685925398383,0.22594142259414227,1.5801151487086842,0.0,239
47,train,blind,0.0,0,0.00484126768363289,0.0,0.0,0.0,0.0,0.015713546460174865,1.5629895461653067,1.5629895461653067,0.0,-0.20644448602566112,0.39864684412000356,0.23430962343096234,1.5629895403586185,0.0,239
48,train,blind,0.0,0,0.3959428790102983,0.0,0.0,0.0,0.0,0.015175087525505402,1.5209236292160704,1.5209236292160704,0.0,-0.20316165683644516,0.4328318347725452,0.2217573221757322,1.5209236295288093,0.0,239
49,train,blind,0.0,0,0.496713411596384,0.0,0.0,0.0,0.0,0.015248498742986923,1.5485385873327695,1.5485385873327695,0.0,-0.19236378233137763,0.2842814326834624,0.3389121338912134,1.5485385911131764,0.0,239
50,train,blind,0.0,0,0.5019461374421663,0.0,0.0,0.0,0.0,0.015684266085639036,1.5294424622128697,1.5294424622128697,0.0,-0.20855449778458782,0.4909641235644975,0.1589958158995816,1.529442455171569,0.0,239
51,train,blind,0.0,0,0.4900851427265331,0.0,0.0,0.0,0.0,0.0150778511671591,1.5295391935683693,1.5295391935683693,0.0,-0.21527213655632074,0.5209353393275765,0.14644351464435146,1.5295391831614449,0.0,239
52,train,blind,0.0,0,0.01609831423724945,0.0,0.0,0.0,0.0,0.016871603494159348,1.65368042281482,1.65368042281482,0.0,-0.2015904327691774,0.2519956081782842,0.39330543933054396,1.6536804227614244,0.0,239
53,train,blind,0.0,0,0.13356819286291968,0.0,0.0,0.0,0.0,0.016138882962714055,1.6418973342145338,1.6418973342145338,0.0,-0.2046330761702017,0.2966853615834298,0.3682008368200837,1.6418973211287058,0.0,239
54,train,blind,0.0,0,0.33866769455229107,0.0,0.0,0.0,0.0,0.016190289467121144,1.6340388323971418,1.6340388323971418,0.0,-0.1944236141443991,0.19941244547315945,0.48535564853556484,1.6340388321373183,0.0,239
55,train,blind,0.0,0,0.02819466484402731,0.0,0.0,0.0,0.0,0.016347989104844037,1.6447122451151763,1.6447122451151763,0.0,-0.19477756042820105,0.18629632926793083,0.4811715481171548,1.6447122501198745,0.0,239
56,train,blind,0.0,0,1.0033001283974734e-05,0.0,0.0,0.0,0.0,0.01674352070924565,1.6906446931751202,1.6906446931751202,0.0,-0.19864029618073378,0.17881836256268732,0.46443514644351463,1.690644691769842,0.0,239
57,train,blind,0.0,0,0.21150074667297547,0.0,0.0,0.0,0.0,0.016501143005789573,1.6351619704497908,1.6351619704497908,0.0,-0.21636280644802702,0.4254132170094068,0.26359832635983266,1.6351619863870475,0.0,239
58,train,blind,0.0,0,0.502091316396975,0.0,0.0,0.0,0.0,0.01626115033371865,1.6218997993229822,1.6218997993229822,0.0,-0.23710518370698844,0.6276150627615062,0.1087866108786611,1.6218998039830566,0.0,239
59,train,blind,0.0,0,0.48112744734638124,0.0,0.0,0.0,0.0,0.0161896390103926,1.614874135001434,1.614874135001434,0.0,-0.22165392902221032,0.4943470132644886,0.23430962343096234,1.6148741357194802,0.0,239
60,eval,blind,0.0,0,0.25732146626996916,0.0,0.0,0.0,0.0,0.011033012517084948,1.109652703152541,1.109652703152541,0.0,-0.14008402754298527,0.17792812843111075,0.42677824267782427,1.1096526977138224,0.0,239
61,eval,blind,0.0,0,0.03862336533101252,0.0,0.0,0.0,0.0,0.011093023689035092,1.116145118759267,1.116145118759267,0.0,-0.14199865962242844,0.20193477551262648,0.45188284518828453,1.1161451200351706,0.0,239
62,eval,blind,0.0,0,0.0007224776207325224,0.0,0.0,0.0,0.0,0.011210558445009726,1.1120950325263594,1.1120950325263594,0.0,-0.14319889630127813,0.2186415027152141,0.4811715481171548,1.1120950343590468,0.0,239
63,eval,blind,0.0,0,3.583932445953487e-06,0.0,0.0,0.0,0.0,0.011217119970074445,1.1162646190890708,1.1162646190890708,0.0,-0.14304177122595557,0.2026172883468352,0.4602510460251046,1.1162646061704562,0.0,239
64,eval,blind,0.0,0,0.0034414851706437025,0.0,0.0,0.0,0.0,0.011231860132774954,1.1127324968451735,1.1127324968451735,0.0,-0.1443070835420623,0.24264814979672988,0.46443514644351463,1.1127325001169848,0.0,239
65,eval,blind,0.0,0,0.008643440734246789,0.0,0.0,0.0,0.0,0.0112048611614783,1.1160052473575002,1.1160052473575002,0.0,-0.14525078568694522,0.24184693907831092,0.4895397489539749,1.1160052366105917,0.0,239
66,eval,blind,0.0,0,0.40549758593668717,0.0,0.0,0.0,0.0,0.011185722464060403,1.118327254530775,1.118327254530775,0.0,-0.17134928834827176,0.501498560788154,0.22594142259414227,1.1183272594272373,0.0,239
67,eval,blind,0.0,0,0.4085878510234286,0.0,0.0,0.0,0.0,0.010936025208618227,1.0998116295207994,1.0998116295207994,0.0,-0.18487339123484015,0.5863081990563519,0.22594142259414227,1.099811634879841,0.0,239
68,eval,blind,0.0,0,0.015004504288443965,0.0,0.0,0.0,0.0,0.011122630465830282,1.1127137788668835,1.1127137788668835,0.0,-0.14236138094224063,0.20721683135998104,0.45188284518828453,1.1127137803689635,0.0,239
69,eval,blind,0.0,0,0.39594290426846546,0.0,0.0,0.0,0.0,0.011099983451432045,1.1134116107200478,1.1134116107200478,0.0,-0.14068717951126483,0.18445651206267247,0.4225941422594142,1.1134116151214362,0.0,239
70,train,blind,0.0,0,0.4554288604148302,0.0,0.0,0.0,0.0,0.016959282263692577,1.6995039430123493,1.6995039430123493,0.0,-0.20083951692918472,0.1959405323600107,0.41422594142259417,1.6995039419819622,0.0,239
71,train,blind,0.0,0,0.32695747973790945,0.0,0.0,0.0,0.0,0.016452073930104158,1.6835970135413454,1.6835970135413454,0.0,-0.20086130065488772,0.24163921778094305,0.35564853556485354,1.6835970138896466,0.0,239
72,train,blind,0.0,0,0.10291769171121948,0.0,0.0,0.0,0.0,0.016430822403704023,1.649482253206325,1.649482253206325,0.0,-0.20360121478648693,0.2870708329624025,0.42677824267782427,1.6494822401810378,0.0,239
73,train,blind,0.0,0,0.19920827428452043,0.0,0.0,0.0,0.0,0.016774955090665292,1.6913116003180149,1.6913116003180149,0.0,-0.20385190695609423,0.2532122614914389,0.42677824267782427,1.6913115846427405,0.0,239
74,train,blind,0.0,0,0.07326333691171423,0.0,0.0,0.0,0.0,0.01686446848773557,1.647753947948312,1.647753947948312,0.0,-0.19935460496047988,0.23327101694412297,0.4560669456066946,1.64775394931084,0.0,239
75,train,blind,0.0,0,0.21976542770897894,0.0,0.0,0.0,0.0,0.016163610804545456,1.6279393317310382,1.6279393317310382,0.0,-0.20467424469358717,0.328704115849135,0.3179916317991632,1.6279393300547977,0.0,239
76,train,blind,0.0,0,0.3649142709313249,0.0,0.0,0.0,0.0,0.01593057293967036,1.6310651826060467,1.6310651826060467,0.0,-0.1877784001501592,0.13534526247069648,0.5188284518828452,1.6310651849369988,0.0,239
77,train,blind,0.0,0,0.20328998215313637,0.0,0.0,0.0,0.0,0.015479990629923519,1.5528537573674732,1.5528537573674732,0.0,-0.20966588593164387,0.44268375916199293,0.2384937238493724,1.5528537611906312,0.0,239
78,train,blind,0.0,0,0.5005976261530134,0.0,0.0,0.0,0.0,0.015880725629019814,1.5942557588780775,1.5942557588780775,0.0,-0.19536931917809058,0.27285676132822934,0.301255230125523,1.5942557554815877,0.0,239
79,train,blind,0.0,0,0.4836600335450891,0.0,0.0,0.0,0.0,0.01516109930592975,1.56648401735218,1.56648401735218,0.0,-0.20076815576131496,0.3814059764384701,0.20920502092050208,1.5664840111321219,0.0,239
80,train,blind,0.0,0,0.44414848793262934,0.0,0.0,0.0,0.0,0.015772353323901298,1.6177504606326754,1.6177504606326754,0.0,-0.19194450546463923,0.19703848778895516,0.4476987447698745,1.6177504616847342,0.0,239
81,train,blind,0.0,0,0.41162969583010295,0.0,0.0,0.0,0.0,0.01582097579339309,1.59660407938219,1.59660407938219,0.0,-0.19160436611972742,0.2099468826968159,0.4309623430962343,1.5966040683495657,0.0,239
82,train,blind,0.0,0,0.09046236122763525,0.0,0.0,0.0,0.0,0.014874907909935363,1.5527473169390626,1.5527473169390626,0.0,-0.18985245562083058,0.248553369536188,0.41841004184100417,1.5527473169138521,0.0,239
83,train,blind,0.0,0,0.478391402922768,0.0,0.0,0.0,0.0,0.014706958712674833,1.5886685202311273,1.5886685202311273,0.0,-0.19812568636029587,0.301255230125523,0.35564853556485354,1.5886685186336513,0.0,239
84,train,blind,0.0,0,0.49975553764743685,0.0,0.0,0.0,0.0,0.015720907600682274,1.586021111101286,1.586021111101286,0.0,-0.1941042623161813,0.24226238167304667,0.41422594142259417,1.5860211080181714,0.0,239
85,train,blind,0.0,0,0.48599371905867245,0.0,0.0,0.0,0.0,0.014413015459075758,1.4841326278123896,1.4841326278123896,0.0,-0.20013139501887292,0.43191192616991597,0.2175732217573222,1.484132620710307,0.0,239
86,train,blind,0.0,0,0.0034414877965033177,0.0,0.0,0.0,0.0,0.015136327261346777,1.5781111597516049,1.5781111597516049,0.0,-0.1936162811861417,0.24938425472565953,0.40585774058577406,1.5781111486759258,0.0,239
87,train,blind,0.0,0,0.2947040708871606,0.0,0.0,0.0,0.0,0.015378625346464591,1.5852462886267626,1.5852462886267626,0.0,-0.19578132122084327,0.282649336775572,0.3514644351464435,1.5852462852404239,0.0,239
88,train,blind,0.0,0,0.1870741706890581,0.0,0.0,0.0,0.0,0.014416910548183958,1.5405929844249742,1.5405929844249742,0.0,-0.20043031316036317,0.3709012136858661,0.26359832635983266,1.5405929782830323,0.0,239
89,train,blind,0.0,0,0.02096458594954064,0.0,0.0,0.0,0.0,0.015143795967663182,1.5875816933779536,1.5875816933779536,0.0,-0.1963546082447133,0.2756461616071693,0.41841004184100417,1.5875816958489928,0.0,239
90,eval,blind,0.0,0,0.497250765612289,0.0,0.0,0.0,0.0,0.006943932707152606,0.7288683853638223,0.7288683853638223,0.0,-0.09384808426882615,0.06789518976824238,0.7782426778242678,0.7288683863828236,0.0,239
91,eval,blind,0.0,0,0.5000638237883528,0.0,0.0,0.0,0.0,0.007115686357130441,0.743902921302548,0.743902921302548,0.0,-0.09626753901981887,0.07071426451823497,0.6694560669456067,0.743902923571683,0.0,239
92,eval,blind,0.0,0,0.0034414877965033177,0.0,0.0,0.0,0.0,0.0070059462567347115,0.7150276141186639,0.7150276141186639,0.0,-0.08765260713052479,0.056589216297219504,0.8075313807531381,0.7150276135020136,0.0,239
93,eval,blind,0.0,0,0.015004510717528821,0.0,0.0,0.0,0.0,0.0069466778681180966,0.7171069195330393,0.7171069195330393,0.0,-0.08683504507130263,0.04537226623935429,0.8410041841004184,0.7171069155637486,0.0,239
94,eval,blind,0.0,0,0.001494409176462552,0.0,0.0,0.0,0.0,0.006980300732892178,0.7216761103484421,0.7216761103484421,0.0,-0.08613643666432076,0.001335351197364907,0.99581589958159,0.7216761107804299,0.0,239
95,eval,blind,0.0,0,0.11274785525415133,0.0,0.0,0.0,0.0,0.007005426300120653,0.7207823377024678,0.7207823377024678,0.0,-0.0934229414805956,0.006231638921036233,0.8493723849372385,0.7207823381337873,0.0,239
96,eval,blind,0.0,0,0.06794360041903054,0.0,0.0,0.0,0.0,0.00694009506583962,0.7204713957329675,0.7204713957329675,0.0,-0.09499085755303689,0.07181221994717944,0.7238493723849372,0.7204713967861837,0.0,239
97,eval,blind,0.0,0,0.30288375901140147,0.0,0.0,0.0,0.0,0.007120670590970556,0.7333394039624904,0.7333394039624904,0.0,-0.10296823885161938,0.2518175613519688,0.6150627615062761,0.7333393999418786,0.0,239
98,eval,blind,0.0,0,0.0012663877662295617,0.0,0.0,0.0,0.0,0.006860381894390329,0.7241716290118804,0.7241716290118804,0.0,-0.09618888807418344,0.0976586842339535,0.6861924686192469,0.7241716338743297,0.0,239
99,eval,blind,0.0,0,0.48485144005920816,0.0,0.0,0.0,0.0,0.007052184213108722,0.7453584407912138,0.7453584407912138,0.0,-0.10808056419700303,0.3287337903201877,0.35564853556485354,0.745358442220193,0.0,239
100,train,blind,0.0,0,0.4634686815016611,0.0,0.0,0.0,0.0,0.015112163947123614,1.6103776309280715,1.6103776309280715,0.0,-0.1982420176976403,0.26882103326508205,0.4100418410041841,1.6103776306567037,0.0,239
101,train,blind,0.0,0,0.05557842856955229,0.0,0.0,0.0,0.0,0.014907402600157835,1.5544339662815239,1.5544339662815239,0.0,-0.18742862922712278,0.2159411258494317,0.41422594142259417,1.5544339659385096,0.0,239
102,train,blind,0.0,0,0.4341484118583851,0.0,0.0,0.0,0.0,0.015226023065152278,1.5966146116974962,1.5966146116974962,0.0,-0.20661141217854553,0.39185139024896887,0.28870292887029286,1.596614600062123,0.0,239
103,train,blind,0.0,0,0.19109905445188377,0.0,0.0,0.0,0.0,0.015323812241381556,1.6016097762095878,1.6016097762095878,0.0,-0.18654683828722177,0.15748241787590134,0.5397489539748954,1.6016097769315587,0.0,239
104,train,blind,0.0,0,0.022306911853421187,0.0,0.0,0.0,0.0,0.01503455266746143,1.5878649206839845,1.5878649206839845,0.0,-0.19451874443408074,0.26727796077034927,0.39748953974895396,1.5878649215287453,0.0,239
105,train,blind,0.0,0,0.010237416458047271,0.0,0.0,0.0,0.0,0.015670738525875694,1.6030096194734134,1.6030096194734134,0.0,-0.19250009527652093,0.21080744235733995,0.4435146443514644,1.6030096239235383,0.0,239
106,train,blind,0.0,0,0.0038738003089876893,0.0,0.0,0.0,0.0,0.01535810868813029,1.6191011500159067,1.6191011500159067,0.0,-0.18742927029573947,0.1411317843259444,0.5857740585774058,1.6191011559642805,0.0,239
107,train,blind,0.0,0,0.426090166965406,0.0,0.0,0.0,0.0,0.015673660809587237,1.5857498189395443,1.5857498189395443,0.0,-0.18449410686350926,0.14009317783910502,0.5774058577405857,1.5857498063066804,0.0,239
108,train,blind,0.0,0,0.06536319171795504,0.0,0.0,0.0,0.0,0.015678502925161163,1.5897583520063296,1.5897583520063296,0.0,-0.18744129514547556,0.17246802575744086,0.5355648535564853,1.5897583494343785,0.0,239
109,train,blind,0.0,0,0.39266590399484474,0.0,0.0,0.0,0.0,0.01477881909881925,1.5651194111572648,1.5651194111572648,0.0,-0.1957737021383577,0.3099201756728686,0.32217573221757323,1.5651194161888442,0.0,239
110,train,blind,0.0,0,0.49267310757053845,0.0,0.0,0.0,0.0,0.014650958118703076,1.542345102611446,1.542345102611446,0.0,-0.19471346662061656,0.3343125908780676,0.26778242677824265,1.5423451088580042,0.0,239
111,train,blind,0.0,0,0.15957777750304272,0.0,0.0,0.0,0.0,0.015273025571115347,1.6209530226855098,1.6209530226855098,0.0,-0.18640816136832197,0.11943974598652778,0.5648535564853556,1.620953026804044,0.0,239
112,train,blind,0.0,0,0.43151492035799666,0.0,0.0,0.0,0.0,0.015608132487576002,1.574028163774243,1.574028163774243,0.0,-0.18668744654539063,0.1997685391257901,0.401673640167364,1.5740281603673192,0.0,239
113,train,blind,0.0,0,0.05326771741892722,0.0,0.0,0.0,0.0,0.01604813586133357,1.600396039346272,1.600396039346272,0.0,-0.18489375414997428,0.12487017418914509,0.5606694560669456,1.6003960286241636,0.0,239
114,train,blind,0.0,0,0.2531380511106846,0.0,0.0,0.0,0.0,0.01609135120249817,1.6010381442233608,1.6010381442233608,0.0,-0.1996734725263581,0.29852517878868806,0.3472803347280335,1.601038138476807,0.0,239
115,train,blind,0.0,0,0.06036288374898542,0.0,0.0,0.0,0.0,0.015805631764934526,1.610002657359614,1.610002657359614,0.0,-0.18905730896803688,0.1612807501706282,0.5188284518828452,1.610002656167446,0.0,239
116,train,blind,0.0,0,0.01609831423724945,0.0,0.0,0.0,0.0,0.01607928846117156,1.6427749175905682,1.6427749175905682,0.0,-0.1943735242582549,0.1835069289889908,0.5062761506276151,1.6427749201185051,0.0,239
117,train,blind,0.0,0,0.39266590399484474,0.0,0.0,0.0,0.0,0.015811512957884303,1.6017385766097192,1.6017385766097192,0.0,-0.1861384868169574,0.147867889254874,0.5355648535564853,1.601738588797724,0.0,239
118,train,blind,0.0,0,0.5010294404741651,0.0,0.0,0.0,0.0,0.015803793647860383,1.6095301311883967,1.6095301311883967,0.0,-0.19003874698963963,0.1793525030416333,0.46443514644351463,1.6095301246193023,0.0,239
119,train,blind,0.0,0,3.939130826693449e-05,0.0,0.0,0.0,0.0,0.015724152312945248,1.6384370344453276,1.6384370344453276,0.0,-0.19622764328444736,0.21626754503100984,0.4769874476987448,1.6384370294479953,0.0,239
120,eval,blind,0.0,0,0.5005976241194593,0.0,0.0,0.0,0.0,0.008665739167988238,0.9515877545628089,0.9515877545628089,0.0,-0.11254342174215443,0.025609068518353657,0.8158995815899581,0.9515877529175706,0.0,239
121,eval,blind,0.0,0,0.20328998215313637,0.0,0.0,0.0,0.0,0.008977341929364903,0.9575859298267125,0.9575859298267125,0.0,-0.11644320406427235,0.021484317042048725,0.8493723849372385,0.9575859259869367,0.0,239
122,eval,blind,0.0,0,0.00484126768363289,0.0,0.0,0.0,0.0,0.00903360457958412,0.9715711781170577,0.9715711781170577,0.0,-0.10950553868094641,0.004480845128935577,0.9539748953974896,0.9715711765311874,0.0,239
123,eval,blind,0.0,0,0.3190210646045298,0.0,0.0,0.0,0.0,0.007974487978762414,0.8569636892324711,0.8569636892324711,0.0,-0.1331453937924577,0.33950562331226447,0.4560669456066946,0.8569636882573612,0.0,239
124,eval,blind,0.0,0,0.228072871281629,0.0,0.0,0.0,0.0,0.00838521710561908,0.9164029068029077,0.9164029068029077,0.0,-0.11949092356330583,0.23276655093622947,0.6276150627615062,0.9164029025666461,0.0,239
125,eval,blind,0.0,0,0.00027498420791614755,0.0,0.0,0.0,0.0,0.009070759744356118,0.9690147902676252,0.9690147902676252,0.0,-0.11015353710589763,0.0017507937921006557,0.9916317991631799,0.9690147900574734,0.0,239
126,eval,blind,0.0,0,0.09046233746581896,0.0,0.0,0.0,0.0,0.008814540744279842,0.9446321747043641,0.9446321747043641,0.0,-0.11654325918352522,0.10457283598919849,0.8493723849372385,0.9446321750593729,0.0,239
127,eval,blind,0.0,0,0.09659447261740192,0.0,0.0,0.0,0.0,0.008944440239487083,0.9609607646405447,0.9609607646405447,0.0,-0.11323225343761581,0.10065580581026144,0.8117154811715481,0.9609607640872633,0.0,239
128,eval,blind,0.0,0,0.005378617951415077,0.0,0.0,0.0,0.0,0.008958278464496323,0.9664404607966355,0.9664404607966355,0.0,-0.11027044203807791,0.001632095907890442,0.9748953974895398,0.9664404665411929,0.0,239
129,eval,blind,0.0,0,0.21976545920194163,0.0,0.0,0.0,0.0,0.008588492213728911,0.9210405668952973,0.9210405668952973,0.0,-0.12166889413064931,0.24410219887830492,0.6317991631799164,0.921040570641859,0.0,239
130,train,blind,0.0,0,0.5017308984838317,0.0,0.0,0.0,0.0,0.015477927643260198,1.5773817729750437,1.5773817729750437,0.0,-0.1855372825230583,0.156710881628535,0.5146443514644351,1.5773817627354896,0.0,239
131,train,blind,0.0,0,0.10942615455924436,0.0,0.0,0.0,0.0,0.01598440121984008,1.6422209046375802,1.6422209046375802,0.0,-0.19070546951076592,0.14828333184960982,0.5732217573221757,1.6422209065728115,0.0,239
132,train,blind,0.0,0,0.020964593625584595,0.0,0.0,0.0,0.0,0.01549098673218152,1.6101585900933173,1.6101585900933173,0.0,-0.18809734589086993,0.15626576456274668,0.5397489539748954,1.6101585857514191,0.0,239
133,train,blind,0.0,0,0.5019918537838604,0.0,0.0,0.0,0.0,0.01559609685007436,1.6034009411743995,1.6034009411743995,0.0,-0.19175955171573766,0.2034778480073593,0.4811715481171548,1.6034009416343578,0.0,239
134,train,blind,0.0,0,0.1870741706890581,0.0,0.0,0.0,0.0,0.014532069472993518,1.5338047543330173,1.5338047543330173,0.0,-0.2016885140775721,0.39176236683581117,0.2384937238493724,1.5338047648034474,0.0,239
135,train,blind,0.0,0,0.03674999346555246,0.0,0.0,0.0,0.0,0.014946509766388514,1.5582895675463657,1.5582895675463657,0.0,-0.18886899087832332,0.23042226772307783,0.46443514644351463,1.5582895661485856,0.0,239
136,train,blind,0.0,0,0.03674998030288848,0.0,0.0,0.0,0.0,0.0152684830569479,1.5682206031667638,1.5682206031667638,0.0,-0.19140914090786457,0.2439538265230422,0.4309623430962343,1.568220603470485,0.0,239
137,train,blind,0.0,0,0.11611346518928935,0.0,0.0,0.0,0.0,0.015442620331585158,1.6132350327080762,1.6132350327080762,0.0,-0.19986883303402983,0.2768331404492715,0.3807531380753138,1.6132350259385735,0.0,239
138,train,blind,0.0,0,0.47694583179846367,0.0,0.0,0.0,0.0,0.01376408701918427,1.4058736450502562,1.4058736450502562,0.0,-0.20237284372558206,0.5182052879907416,0.1506276150627615,1.405873642557731,0.0,239
139,train,blind,0.0,0,0.37562728849699706,0.0,0.0,0.0,0.0,0.015187360048216133,1.5972723950900791,1.5972723950900791,0.0,-0.1993793596692541,0.2902756758360783,0.36401673640167365,1.597272386905107,0.0,239
140,train,blind,0.0,0,0.4811274396703373,0.0,0.0,0.0,0.0,0.014193291879146044,1.464952925757883,1.464952925757883,0.0,-0.19899154045559764,0.4516751238909167,0.16736401673640167,1.464952926415351,0.0,239
141,train,blind,0.0,0,0.4836600335450891,0.0,0.0,0.0,0.0,0.014830028829184288,1.5136024099014793,1.5136024099014793,0.0,-0.19092562417368947,0.3193269829965281,0.28870292887029286,1.513602400975795,0.0,239
142,train,blind,0.0,0,0.008643440734246789,0.0,0.0,0.0,0.0,0.014839910138320474,1.5782445075621665,1.5782445075621665,0.0,-0.1986689514946721,0.31659693165969316,0.3723849372384937,1.578244504283177,0.0,239
143,train,blind,0.0,0,0.2322390740961382,0.0,0.0,0.0,0.0,0.015154605990501752,1.6045108811625877,1.6045108811625877,0.0,-0.18960856766200285,0.17591026439953708,0.5481171548117155,1.6045108764018057,0.0,239
144,train,blind,0.0,0,0.04055127557113798,0.0,0.0,0.0,0.0,0.015070219972330656,1.6124483371878269,1.6124483371878269,0.0,-0.19222785739059317,0.20528799074156504,0.4811715481171548,1.6124483314308007,0.0,239
145,train,blind,0.0,0,0.48485144005920816,0.0,0.0,0.0,0.0,0.013660277543924593,1.43391916342859,1.43391916342859,0.0,-0.19435841640040272,0.4349980711593816,0.23430962343096234,1.4339191658881312,0.0,239
146,train,blind,0.0,0,0.502052641987655,0.0,0.0,0.0,0.0,0.01413443114288993,1.5692668429977226,1.5692668429977226,0.0,-0.19125519394113769,0.24463633935725093,0.40585774058577406,1.569266832996424,0.0,239
147,train,blind,0.0,0,0.19920830527869945,0.0,0.0,0.0,0.0,0.014767702920245452,1.5065636535069933,1.5065636535069933,0.0,-0.1937993142769925,0.3387044125938455,0.3054393305439331,1.5065636605927293,0.0,239
148,train,blind,0.0,0,6.514758795400435e-05,0.0,0.0,0.0,0.0,0.01592498616350495,1.6236115509496074,1.6236115509496074,0.0,-0.19400906484433633,0.20846315914418825,0.48535564853556484,1.6236115572114942,0.0,239
149,train,blind,0.0,0,0.5019918540521879,0.0,0.0,0.0,0.0,0.014549502428761336,1.5845334337845007,1.5845334337845007,0.0,-0.19138236542000997,0.21680168550995574,0.4435146443514644,1.5845334333242889,0.0,239
150,eval,blind,0.0,0,0.08746963563609224,0.0,0.0,0.0,0.0,0.007570888142775604,0.8012950010130097,0.8012950010130097,0.0,-0.10768582931010844,0.11424671355233092,0.6108786610878661,0.8012950027472472,0.0,239
151,eval,blind,0.0,0,0.02230692015294469,0.0,0.0,0.0,0.0,0.008779165553217403,0.8849160746051676,0.8849160746051676,0.0,-0.10013117949131455,0.020237989257841482,0.9288702928870293,0.8849160793425426,0.0,239
152,eval,blind,0.0,0,0.01200688445204372,0.0,0.0,0.0,0.0,0.008742573061201986,0.8826734645596109,0.8826734645596109,0.0,-0.11105571061690929,0.0944835158313303,0.6736401673640168,0.8826734593956441,0.0,239
153,eval,blind,0.0,0,0.48366004122113304,0.0,0.0,0.0,0.0,0.005404415195535042,0.5557104304245825,0.5557104304245825,0.0,-0.10669059765564505,0.4941392919671209,0.2719665271966527,0.5557104309917648,0.0,239
154,eval,blind,0.0,0,0.501817049438165,0.0,0.0,0.0,0.0,0.005285519021309943,0.5572661458198994,0.5572661458198994,0.0,-0.09707420262104642,0.39336478827264904,0.36401673640167365,0.5572661491137465,0.0,239
155,eval,blind,0.0,0,0.04055126141090673,0.0,0.0,0.0,0.0,0.008745657349254733,0.8856994944885684,0.8856994944885684,0.0,-0.10721319714499906,0.0010979554289444792,0.9623430962343096,0.8856994924609048,0.0,239
156,eval,blind,0.0,0,0.48813355436147227,0.0,0.0,0.0,0.0,0.008489045994473176,0.8678835894772199,0.8678835894772199,0.0,-0.09465623188670078,0.0,1.0,0.8678835853827243,0.0,239
157,eval,blind,0.0,0,0.4367288415779668,0.0,0.0,0.0,0.0,0.006990724800458513,0.722372769311881,0.722372769311881,0.0,-0.10324060884192396,0.20481319920472418,0.502092050209205,0.722372765473449,0.0,239
158,eval,blind,0.0,0,0.501210307838382,0.0,0.0,0.0,0.0,0.007049713533169056,0.7354478362215114,0.7354478362215114,0.0,-0.0998685261583552,0.16359535891272736,0.5857740585774058,0.7354478348278478,0.0,239
159,eval,blind,0.0,0,0.12646474479892483,0.0,0.0,0.0,0.0,0.007777539596242136,0.7828220499359912,0.7828220499359912,0.0,-0.0984980881875214,0.1464435146443514,0.7405857740585774,0.7828220472873769,0.0,239
160,train,blind,0.0,0,0.4554288604148302,0.0,0.0,0.0,0.0,0.01361544250031333,1.4197976347292816,1.4197976347292816,0.0,-0.20219578665119242,0.5161577494881154,0.16736401673640167,1.4197976411707967,0.0,239
161,train,blind,0.0,0,0.4994180284038787,0.0,0.0,0.0,0.0,0.014084842761347234,1.4912027040784828,1.4912027040784828,0.0,-0.19019178563381955,0.3471022879017182,0.2384937238493724,1.4912027018892362,0.0,239
162,train,blind,0.0,0,0.502091316396975,0.0,0.0,0.0,0.0,0.014583067187189932,1.4993071406456218,1.4993071406456218,0.0,-0.18380302738813192,0.24606071396777354,0.3472803347280335,1.4993071486870717,0.0,239
163,train,blind,0.0,0,0.215627043554328,0.0,0.0,0.0,0.0,0.014598184391840607,1.5652013391131636,1.5652013391131636,0.0,-0.1944917961088322,0.2947268464939612,0.35564853556485354,1.5652013436401622,0.0,239
164,train,blind,0.0,0,0.004841264746033501,0.0,0.0,0.0,0.0,0.015110611110910088,1.5971097197991535,1.5971097197991535,0.0,-0.19670744629700854,0.2588504109914241,0.4393305439330544,1.5971097233638278,0.0,239
165,train,blind,0.0,0,0.00027498420791614755,0.0,0.0,0.0,0.0,0.01612056284425897,1.6343754707021194,1.6343754707021194,0.0,-0.19756401394653472,0.2517285379388112,0.4686192468619247,1.634375479251793,0.0,239
166,train,blind,0.0,0,0.001747928173575944,0.0,0.0,0.0,0.0,0.015297142732264981,1.5699123632957745,1.5699123632957745,0.0,-0.18668219198450034,0.17878868809163478,0.502092050209205,1.5699123575314076,0.0,239
167,train,blind,0.0,0,0.3756273159996906,0.0,0.0,0.0,0.0,0.015160563622044095,1.5980585808534502,1.5980585808534502,0.0,-0.19107089734771962,0.21122288495207575,0.4769874476987448,1.598058581941192,0.0,239
168,train,blind,0.0,0,0.4554288604148302,0.0,0.0,0.0,0.0,0.014701480712258417,1.566597056937517,1.566597056937517,0.0,-0.20440094442563972,0.4061544852962996,0.3054393305439331,1.5665970571942704,0.0,239
169,train,blind,0.0,0,0.38597856810663256,0.0,0.0,0.0,0.0,0.01488764449626706,1.5553730821010956,1.5553730821010956,0.0,-0.18502489669568858,0.1983441645152675,0.4225941422594142,1.5553730813047137,0.0,239
170,train,blind,0.0,0,0.0038738003089876893,0.0,0.0,0.0,0.0,0.01500485142669543,1.5662015299916767,1.5662015299916767,0.0,-0.1887376256643529,0.2150212172468026,0.4811715481171548,1.5662015350270075,0.0,239
171,train,blind,0.0,0,0.44414846890925763,0.0,0.0,0.0,0.0,0.014233821241192863,1.4717855061946055,1.4717855061946055,0.0,-0.1846040014372962,0.29137363126502264,0.3389121338912134,1.4717855075179485,0.0,239
172,train,blind,0.0,0,0.4797851214425007,0.0,0.0,0.0,0.0,0.015497083569171538,1.589700566425483,1.589700566425483,0.0,-0.1911546325947271,0.20496157155998695,0.4560669456066946,1.5897005718334694,0.0,239
173,train,blind,0.0,0,0.001494409176462552,0.0,0.0,0.0,0.0,0.014758715780147948,1.580408528758891,1.580408528758891,0.0,-0.19633589412610675,0.2783168640018992,0.4393305439330544,1.5804085216604504,0.0,239
174,train,blind,0.0,0,0.4955261374568512,0.0,0.0,0.0,0.0,0.014709576611722737,1.454693191969245,1.454693191969245,0.0,-0.18537502742220865,0.32790290513071607,0.3138075313807531,1.4546931940734504,0.0,239
175,train,blind,0.0,0,0.5003441035252276,0.0,0.0,0.0,0.0,0.014622026678392953,1.5469617584260438,1.5469617584260438,0.0,-0.18414314614585836,0.17599928781269472,0.497907949790795,1.5469617576012316,0.0,239
176,train,blind,0.0,0,0.49821823029872664,0.0,0.0,0.0,0.0,0.014618701087194009,1.5723290503274447,1.5723290503274447,0.0,-0.18780228961218046,0.19092554675212914,0.4811715481171548,1.5723290501034388,0.0,239
177,train,blind,0.0,0,0.10291766645305227,0.0,0.0,0.0,0.0,0.015763002219824237,1.6009572859089745,1.6009572859089745,0.0,-0.20109758013053983,0.3285260690228196,0.37656903765690375,1.6009572824891867,0.0,239
178,train,blind,0.0,0,0.2322390740961382,0.0,0.0,0.0,0.0,0.01508125901284577,1.5975949839069254,1.5975949839069254,0.0,-0.1865109874003313,0.14160657586278524,0.502092050209205,1.5975949784764079,0.0,239
179,train,blind,0.0,0,0.4836600335450891,0.0,0.0,0.0,0.0,0.01437517571960533,1.4654985376980514,1.4654985376980514,0.0,-0.18511028188332962,0.29398498471764745,0.301255230125523,1.4654985394502382,0.0,239
180,eval,blind,0.0,0,0.09350418227249328,0.0,0.0,0.0,0.0,0.009335882475630821,0.8829033066787481,0.8829033066787481,0.0,-0.09712857121418664,0.003590610997358972,0.9916317991631799,0.8829032977144008,0.0,239
181,eval,blind,0.0,0,0.15576161381352116,0.0,0.0,0.0,0.0,0.008165503732244402,0.8050166031805541,0.8050166031805541,0.0,-0.08780116741212649,0.002908098163150242,0.9916317991631799,0.8050166031791189,0.0,239
182,eval,blind,0.0,0,0.5005976261530134,0.0,0.0,0.0,0.0,0.006825708221570125,0.6383118199254678,0.6383118199254678,0.0,-0.07436256349599245,0.0,1.0,0.6383118188689236,0.0,239
183,eval,blind,0.0,0,0.41162967206828666,0.0,0.0,0.0,0.0,0.008759791716333152,0.8374189500030613,0.8374189500030613,0.0,-0.10099964449447847,0.017804682631532093,0.8451882845188284,0.8374189531306419,0.0,239
184,eval,blind,0.0,0,0.09350418227249328,0.0,0.0,0.0,0.0,0.008263859930487201,0.8023647210837408,0.8023647210837408,0.0,-0.09041253249330757,0.0067657793999821945,0.9832635983263598,0.8023647272474955,0.0,239
185,eval,blind,0.0,0,0.3069478625608959,0.0,0.0,0.0,0.0,0.007689954562475086,0.7274225049936621,0.7274225049936621,0.0,-0.0844852096383275,0.0,1.0,0.7274225051692041,0.0,239
186,eval,blind,0.0,0,0.002028211354079294,0.0,0.0,0.0,0.0,0.009469506564592965,0.8861986993496388,0.8861986993496388,0.0,-0.10253138141499321,0.011454345826285647,0.9456066945606695,0.8861987005561732,0.0,239
187,eval,blind,0.0,0,0.29470410188133966,0.0,0.0,0.0,0.0,0.007982672360203537,0.7564511599650443,0.7564511599650443,0.0,-0.08401449501037245,0.0,1.0,0.7564511629415414,0.0,239
188,eval,blind,0.0,0,0.5020920332959219,0.0,0.0,0.0,0.0,0.007915243748516997,0.7263286047650181,0.7263286047650181,0.0,-0.09304630921372944,0.0560847502893261,0.7112970711297071,0.7263286053999651,0.0,239
189,eval,blind,0.0,0,0.04457112279658256,0.0,0.0,0.0,0.0,0.009470953972363323,0.8935997729271525,0.8935997729271525,0.0,-0.09867163338094107,0.004154425947357488,0.9916317991631799,0.8935997751795107,0.0,239
190,train,blind,0.0,0,0.013958485612926312,0.0,0.0,0.0,0.0,0.015311163803367684,1.5689511897673667,1.5689511897673667,0.0,-0.18820649724111108,0.18594023561530015,0.49372384937238495,1.568951184285477,0.0,239
191,train,blind,0.0,0,0.05794354536329254,0.0,0.0,0.0,0.0,0.015750011813020232,1.613160058045487,1.613160058045487,0.0,-0.20563800383981864,0.3638090151043057,0.28451882845188287,1.6131600619401727,0.0,239
192,train,blind,0.0,0,0.15576158431569304,0.0,0.0,0.0,0.0,0.014767329795013287,1.4931438867018312,1.4931438867018312,0.0,-0.18857012067653858,0.30962343096234307,0.33472803347280333,1.493143890839227,0.0,239
193,train,blind,0.0,0,0.006565895839070679,0.0,0.0,0.0,0.0,0.016020102954418962,1.6031785507581224,1.6031785507581224,0.0,-0.18728473600882928,0.14116145879699696,0.5230125523012552,1.6031785355567822,0.0,239
194,train,blind,0.0,0,0.5000638237883528,0.0,0.0,0.0,0.0,0.014299854632295574,1.511504409951645,1.511504409951645,0.0,-0.18366581848850155,0.23852339832042493,0.3263598326359833,1.511504412466246,0.0,239
195,train,blind,0.0,0,0.5019461374421663,0.0,0.0,0.0,0.0,0.015558060566469965,1.5948279617221783,1.5948279617221783,0.0,-0.19949925624375117,0.3113148758123387,0.32217573221757323,1.5948279652568753,0.0,239
196,train,blind,0.0,0,0.39917434158470244,0.0,0.0,0.0,0.0,0.015339475629703146,1.5746256656726534,1.5746256656726534,0.0,-0.19031494386046352,0.19902667734947627,0.4769874476987448,1.5746256594640164,0.0,239
197,train,blind,0.0,0,0.2531380826036473,0.0,0.0,0.0,0.0,0.015592814717348275,1.6092803899713142,1.6092803899713142,0.0,-0.18878449895199312,0.1524080833259147,0.5523012552301255,1.609280386902301,0.0,239
198,train,blind,0.0,0,0.5018883342007137,0.0,0.0,0.0,0.0,0.014356735433260891,1.5079411031312024,1.5079411031312024,0.0,-0.1762625205323174,0.1323778153654411,0.5188284518828452,1.5079411024918243,0.0,239
199,train,blind,0.0,0,0.11952208523755692,0.0,0.0,0.0,0.0,0.014936053176570263,1.5771507304083852,1.5771507304083852,0.0,-0.1985540658098328,0.31493516128075016,0.34309623430962344,1.5771507428333464,0.0,239
200,train,blind,0.0,0,0.005953148992843712,0.0,0.0,0.0,0.0,0.01512096349001866,1.5774740025588159,1.5774740025588159,0.0,-0.19581246113891643,0.289088696993976,0.39748953974895396,1.577474003761705,0.0,239
201,train,blind,0.0,0,0.07326333691171423,0.0,0.0,0.0,0.0,0.015080684634260677,1.5899942215516478,1.5899942215516478,0.0,-0.19579231827091428,0.2614320899729962,0.4225941422594142,1.5899942120252466,0.0,239
202,train,blind,0.0,0,0.007910073110366154,0.0,0.0,0.0,0.0,0.01537292366107014,1.5754592164291,1.5754592164291,0.0,-0.1887957408976473,0.1942490875100151,0.4811715481171548,1.5754592260854072,0.0,239
203,train,blind,0.0,0,0.5005976261530134,0.0,0.0,0.0,0.0,0.015299826492185248,1.5844828112354836,1.5844828112354836,0.0,-0.18941354065409322,0.18881865930739783,0.4895397489539749,1.5844828093120622,0.0,239
204,train,blind,0.0,0,0.37911919344205136,0.0,0.0,0.0,0.0,0.015454514990619162,1.5806719039773343,1.5806719039773343,0.0,-0.1950802723083819,0.26514139885456545,0.41841004184100417,1.5806719099043154,0.0,239
205,train,blind,0.0,0,0.0488099870398625,0.0,0.0,0.0,0.0,0.015503464784925203,1.6040908277782935,1.6040908277782935,0.0,-0.18928006973873074,0.17018309148639424,0.5104602510460251,1.6040908258702269,0.0,239
206,train,blind,0.0,0,0.02819466484402731,0.0,0.0,0.0,0.0,0.015297437390647673,1.5737307909642304,1.5737307909642304,0.0,-0.18739018733983814,0.1898572657942372,0.5271966527196653,1.5737307972491776,0.0,239
207,train,blind,0.0,0,0.001494409176462552,0.0,0.0,0.0,0.0,0.015337773937747568,1.5941776972435509,1.5941776972435509,0.0,-0.194232393242765,0.24368675628356923,0.4393305439330544,1.5941776923930209,0.0,239
208,train,blind,0.0,0,0.5010294404741651,0.0,0.0,0.0,0.0,0.014437364032453074,1.4875282470651252,1.4875282470651252,0.0,-0.1833706039929676,0.25505207869669727,0.36401673640167365,1.4875282437082569,0.0,239
209,train,blind,0.0,0,0.0034414877965033177,0.0,0.0,0.0,0.0,0.01558313653200366,1.5918796409124112,1.5918796409124112,0.0,-0.18945020906604,0.1926169916021247,0.4602510460251046,1.5918796374057553,0.0,239
210,eval,blind,0.0,0,0.2405893336158956,0.0,0.0,0.0,0.0,0.008356421055841147,0.7786940005783257,0.7786940005783257,0.0,-0.09635022441055645,0.003887355707884507,0.9874476987447699,0.7786939977532366,0.0,239
211,eval,blind,0.0,0,0.00595315217983492,0.0,0.0,0.0,0.0,0.008697742847608847,0.8166338376170921,0.8166338376170921,0.0,-0.09391010792161822,0.006231638921036233,0.9874476987447699,0.8166338316869113,0.0,239
212,eval,blind,0.0,0,0.5020268857079679,0.0,0.0,0.0,0.0,0.009654552736183215,0.8826386197840319,0.8826386197840319,0.0,-0.1035782984997298,0.015163654707854832,0.9665271966527197,0.8826386200827271,0.0,239
213,eval,blind,0.0,0,0.49487416027990566,0.0,0.0,0.0,0.0,0.007498630273806625,0.6995688030909295,0.6995688030909295,0.0,-0.08404632045223796,0.0002670702394729814,0.99581589958159,0.6995687985953213,0.0,239
214,eval,blind,0.0,0,0.3575846668143823,0.0,0.0,0.0,0.0,0.008154952625362163,0.775307381751647,0.775307381751647,0.0,-0.08620352667825146,0.0,1.0,0.7753073767288061,0.0,239
215,eval,blind,0.0,0,0.31501783161268476,0.0,0.0,0.0,0.0,0.008415917140162826,0.7998029640778338,0.7998029640778338,0.0,-0.10178826359288067,0.0006825128342087303,0.99581589958159,0.7998029629423608,0.0,239
216,eval,blind,0.0,0,0.0038738003089876893,0.0,0.0,0.0,0.0,0.008600623451103163,0.8090990635889843,0.8090990635889843,0.0,-0.09807068409115462,0.006854802813139855,0.9456066945606695,0.80909906029412,0.0,239
217,eval,blind,0.0,0,0.4367288618482977,0.0,0.0,0.0,0.0,0.007841402327711987,0.7608699996850481,0.7608699996850481,0.0,-0.08397921477587263,0.0,1.0,0.7608700022089339,0.0,239
218,eval,blind,0.0,0,0.0488099870398625,0.0,0.0,0.0,0.0,0.008115901728647772,0.7808815493992681,0.7808815493992681,0.0,-0.08746790161298966,0.002670702394729814,0.9916317991631799,0.7808815523736705,0.0,239
219,eval,blind,0.0,0,0.42329975400295616,0.0,0.0,0.0,0.0,0.010175719309722903,0.9094971884743439,0.9094971884743439,0.0,-0.11728367200594236,0.07902311641294994,0.7489539748953975,0.9094971894440301,0.0,239
220,train,blind,0.0,0,0.17120400338753217,0.0,0.0,0.0,0.0,0.01493328347973619,1.5558602049260957,1.5558602049260957,0.0,-0.18791866177202107,0.21255823614944055,0.4895397489539749,1.5558602001188555,0.0,239
221,train,blind,0.0,0,0.29470410188133966,0.0,0.0,0.0,0.0,0.015468509291068779,1.569358716200585,1.569358716200585,0.0,-0.1793972524662857,0.09679812457342947,0.5815899581589958,1.5693587166557934,0.0,239
222,train,blind,0.0,0,0.4367288415779668,0.0,0.0,0.0,0.0,0.013506025751998111,1.361763741431376,1.361763741431376,0.0,-0.19612455458982703,0.5099557850381318,0.19665271966527198,1.3617637481140885,0.0,239
223,train,blind,0.0,0,0.02819465429997744,0.0,0.0,0.0,0.0,0.015273474719936503,1.5679705636770656,1.5679705636770656,0.0,-0.20149619633871618,0.35084127125433984,0.301255230125523,1.5679705575131084,0.0,239
224,train,blind,0.0,0,0.05101152724064263,0.0,0.0,0.0,0.0,0.014926994998771776,1.5732769402499978,1.5732769402499978,0.0,-0.1825679886220734,0.1302709279207098,0.5941422594142259,1.5732769409690441,0.0,239
225,train,blind,0.0,0,0.07057711293792525,0.0,0.0,0.0,0.0,0.015126705853556863,1.5561708014879267,1.5561708014879267,0.0,-0.19567350658696867,0.3065966349149827,0.33472803347280333,1.5561708057868535,0.0,239
226,train,blind,0.0,0,0.00020369909520827966,0.0,0.0,0.0,0.0,0.015517721811862796,1.5792137828332111,1.5792137828332111,0.0,-0.19322327905653786,0.242440428499362,0.37656903765690375,1.5792137874901635,0.0,239
227,train,blind,0.0,0,0.1751345835546242,0.0,0.0,0.0,0.0,0.014556822220884481,1.5422234116239029,1.5422234116239029,0.0,-0.1830617651630787,0.16688922519956081,0.5230125523012552,1.5422234097501797,0.0,239
228,train,blind,0.0,0,0.007217873016016257,0.0,0.0,0.0,0.0,0.015543284446047814,1.57354405385181,1.57354405385181,0.0,-0.18521086613760548,0.15353571322591172,0.5146443514644351,1.573544051531534,0.0,239
229,train,blind,0.0,0,0.4417291690690918,0.0,0.0,0.0,0.0,0.014095608791858581,1.4790674515349096,1.4790674515349096,0.0,-0.18368192333383362,0.2692364758598178,0.3807531380753138,1.4790674504809018,0.0,239
230,train,blind,0.0,0,0.27401919350725557,0.0,0.0,0.0,0.0,0.014732292192797158,1.5216902452033934,1.5216902452033934,0.0,-0.18480693419320768,0.21920531766521262,0.46443514644351463,1.521690251430281,0.0,239
231,train,blind,0.0,0,0.17513455355801244,0.0,0.0,0.0,0.0,0.01509624210120058,1.5698712443208096,1.5698712443208096,0.0,-0.18986389826456443,0.21778094305469003,0.4476987447698745,1.5698712422985905,0.0,239
232,train,blind,0.0,0,0.005378617951415077,0.0,0.0,0.0,0.0,0.015540046064050626,1.5997357390914502,1.5997357390914502,0.0,-0.19855403708304759,0.2853497136413543,0.39330543933054396,1.599735733463212,0.0,239
233,train,blind,0.0,0,0.34251428529070727,0.0,0.0,0.0,0.0,0.014962068912826447,1.5520786431045213,1.5520786431045213,0.0,-0.18010354932302292,0.125938455147037,0.5606694560669456,1.552078650463623,0.0,239
234,train,blind,0.0,0,0.00036113544281525344,0.0,0.0,0.0,0.0,0.015439681693225725,1.5787739793625835,1.5787739793625835,0.0,-0.19071041180463794,0.22246950948099345,0.4435146443514644,1.5787739797852463,0.0,239
235,train,blind,0.0,0,0.4532820635336884,0.0,0.0,0.0,0.0,0.014232542769102746,1.5202938595077482,1.5202938595077482,0.0,-0.1800649924258711,0.1557909730259058,0.5146443514644351,1.520293869888627,0.0,239
236,train,blind,0.0,0,0.05794354536329254,0.0,0.0,0.0,0.0,0.014745349072262832,1.5493569466359445,1.5493569466359445,0.0,-0.19618989818741134,0.3313451437728123,0.3389121338912134,1.5493569446892055,0.0,239
237,train,blind,0.0,0,0.42329977726598883,0.0,0.0,0.0,0.0,0.014106032239842116,1.4620044705259252,1.4620044705259252,0.0,-0.18564770436506223,0.32291759399388703,0.3263598326359833,1.4620044714148634,0.0,239
238,train,blind,0.0,0,0.000463527011177035,0.0,0.0,0.0,0.0,0.014865691103352912,1.553029840211988,1.553029840211988,0.0,-0.1899721602540508,0.23935428350989643,0.4351464435146444,1.5530298389680093,0.0,239
239,train,blind,0.0,0,0.4955261337087284,0.0,0.0,0.0,0.0,0.013374528276761331,1.3768899672699773,1.3768899672699773,0.0,-0.19584030516064424,0.5200747796670524,0.16317991631799164,1.376889975453332,0.0,239
240,eval,blind,0.0,0,0.33866769455229107,0.0,0.0,0.0,0.0,0.0077329863293415955,0.7395595098888524,0.7395595098888524,0.0,-0.08278609983335405,0.0,1.0,0.7395595108748577,0.0,239
241,eval,blind,0.0,0,0.004340025042008344,0.0,0.0,0.0,0.0,0.007449092260643715,0.7086528235399573,0.7086528235399573,0.0,-0.08610575751635871,0.011276298999970326,0.9121338912133892,0.7086528206394586,0.0,239
242,eval,blind,0.0,0,0.12646474479892483,0.0,0.0,0.0,0.0,0.007372107392831639,0.6984569146044584,0.6984569146044584,0.0,-0.07667816680223509,0.001335351197364907,0.99581589958159,0.69845691653246,0.0,239
243,eval,blind,0.0,0,0.00027498420791614755,0.0,0.0,0.0,0.0,0.007990077386364714,0.74117382163782,0.74117382163782,0.0,-0.08937623080088639,0.03869551025252975,0.8368200836820083,0.7411738230074467,0.0,239
244,eval,blind,0.0,0,0.4595581971330663,0.0,0.0,0.0,0.0,0.007274497465023997,0.7031461426902516,0.7031461426902516,0.0,-0.09186639664396068,0.002314608742099172,0.9748953974895398,0.703146141480876,0.0,239
245,eval,blind,0.0,0,0.22391452780090834,0.0,0.0,0.0,0.0,0.007657492323875989,0.7339172632624414,0.7339172632624414,0.0,-0.0814920573281173,0.0,1.0,0.7339172644506894,0.0,239
246,eval,blind,0.0,0,0.4417291690690918,0.0,0.0,0.0,0.0,0.008109341096912344,0.7482830394511443,0.7482830394511443,0.0,-0.08620950356899636,0.008041781655241996,0.9414225941422594,0.7482830372944483,0.0,239
247,eval,blind,0.0,0,0.2531380826036473,0.0,0.0,0.0,0.0,0.006905816578224426,0.6691407653577158,0.6691407653577158,0.0,-0.07433396138695714,0.0,1.0,0.6691407623063071,0.0,239
248,eval,blind,0.0,0,0.40235948536471244,0.0,0.0,0.0,0.0,0.008075330542813534,0.758683997342776,0.758683997342776,0.0,-0.10068052488945746,0.08940918128134363,0.5941422594142259,0.7586840030287999,0.0,239
249,eval,blind,0.0,0,0.018431992074788867,0.0,0.0,0.0,0.0,0.007981519555774318,0.7456052381872632,0.7456052381872632,0.0,-0.09460317906035062,0.05537256298406481,0.7782426778242678,0.7456052361298982,0.0,239
250,train,blind,0.0,0,0.01200688445204372,0.0,0.0,0.0,0.0,0.014605008145583848,1.5225657306954452,1.5225657306954452,0.0,-0.18614070730720816,0.2334490637704383,0.4351464435146444,1.5225657355145112,0.0,239
251,train,blind,0.0,0,0.4554288766948919,0.0,0.0,0.0,0.0,0.014379191381864593,1.4917810516876158,1.4917810516876158,0.0,-0.17902248267756246,0.1942194130389626,0.4435146443514644,1.491781049054176,0.0,239
252,train,blind,0.0,0,6.514758795400435e-05,0.0,0.0,0.0,0.0,0.015128174539515165,1.5598829500844789,1.5598829500844789,0.0,-0.19129710265925104,0.24267782426778242,0.42677824267782427,1.5598829510944334,0.0,239
253,train,blind,0.0,0,0.4554288766948919,0.0,0.0,0.0,0.0,0.014503418382210462,1.529296259750382,1.529296259750382,0.0,-0.1790010400996369,0.14635449123119376,0.5188284518828452,1.5292962650507034,0.0,239
254,train,blind,0.0,0,0.12999683991421615,0.0,0.0,0.0,0.0,0.014862875311896517,1.5586819524046767,1.5586819524046767,0.0,-0.19115931175159212,0.23917623668358107,0.3807531380753138,1.558681955529199,0.0,239
255,train,blind,0.0,0,0.07326335892778778,0.0,0.0,0.0,0.0,0.01518601352528174,1.5673199026654454,1.5673199026654454,0.0,-0.19029832143330552,0.21742484940205942,0.4560669456066946,1.567319894217186,0.0,239
256,train,blind,0.0,0,0.07326335892778778,0.0,0.0,0.0,0.0,0.015509164060181529,1.5666391223544356,1.5666391223544356,0.0,-0.18579369258131292,0.17131072138639128,0.5146443514644351,1.5666391178818733,0.0,239
257,train,blind,0.0,0,0.4918546168378746,0.0,0.0,0.0,0.0,0.014629546486651797,1.508204431214592,1.508204431214592,0.0,-0.17909288555818123,0.159500281907475,0.4351464435146444,1.50820443723574,0.0,239
258,train,blind,0.0,0,0.5018170490880057,0.0,0.0,0.0,0.0,0.014572107098669313,1.5869099547673469,1.5869099547673469,0.0,-0.1904694835301839,0.19214220006528385,0.5062761506276151,1.5869099556493214,0.0,239
259,train,blind,0.0,0,0.46716103549544,0.0,0.0,0.0,0.0,0.015700129996673456,1.5844770071396768,1.5844770071396768,0.0,-0.19552473309975194,0.2594142259414226,0.40585774058577406,1.5844770093088336,0.0,239
260,train,blind,0.0,0,0.17513455355801244,0.0,0.0,0.0,0.0,0.01542911000908294,1.554716197267237,1.554716197267237,0.0,-0.20037447428075073,0.35965458915694826,0.26778242677824265,1.554716200396577,0.0,239
261,train,blind,0.0,0,0.4900851427265331,0.0,0.0,0.0,0.0,0.01444944845917771,1.5355398707310026,1.5355398707310026,0.0,-0.19552556061898174,0.32208670880441564,0.3598326359832636,1.5355398679224244,0.0,239
262,train,blind,0.0,0,0.49008514884387816,0.0,0.0,0.0,0.0,0.014185662572291606,1.4144372296632584,1.4144372296632584,0.0,-0.19121157458072116,0.4284696875278197,0.19665271966527198,1.4144372330453636,0.0,239
263,train,blind,0.0,0,0.2322390740961382,0.0,0.0,0.0,0.0,0.014346038875906537,1.5200545905025433,1.5200545905025433,0.0,-0.17846687045187198,0.13804563933647881,0.5815899581589958,1.5200545894561022,0.0,239
264,train,blind,0.0,0,0.38597856810663256,0.0,0.0,0.0,0.0,0.014352042378008242,1.4964254530902688,1.4964254530902688,0.0,-0.18143892576985385,0.22890886969939758,0.40585774058577406,1.4964254503945702,0.0,239
265,train,blind,0.0,0,0.003041941807975517,0.0,0.0,0.0,0.0,0.014805559376761255,1.5566195576260777,1.5566195576260777,0.0,-0.1881721854736966,0.20528799074156504,0.46443514644351463,1.5566195761190171,0.0,239
266,train,blind,0.0,0,0.008643440734246789,0.0,0.0,0.0,0.0,0.015292340145294387,1.5614794979035604,1.5614794979035604,0.0,-0.19604873846388862,0.301789370604469,0.36401673640167365,1.5614794914017025,0.0,239
267,train,blind,0.0,0,0.4934485877536371,0.0,0.0,0.0,0.0,0.014527152237875941,1.5618818873640883,1.5618818873640883,0.0,-0.1987248905950952,0.3377548295201638,0.3305439330543933,1.5618818912083787,0.0,239
268,train,blind,0.0,0,0.4824189044268233,0.0,0.0,0.0,0.0,0.014784062026014014,1.565747946625474,1.565747946625474,0.0,-0.18274989762886032,0.15371376005222706,0.5146443514644351,1.5657479458789125,0.0,239
269,train,blind,0.0,0,0.41162969583010295,0.0,0.0,0.0,0.0,0.015056447318860302,1.588227584272249,1.588227584272249,0.0,-0.18503978806809876,0.13205139618386302,0.5564853556485355,1.5882275839556417,0.0,239
270,eval,blind,0.0,0,0.0002036993206716357,0.0,0.0,0.0,0.0,0.008765828417746592,0.8086090999417724,0.8086090999417724,0.0,-0.0950267990052768,0.003412564171043651,0.9916317991631799,0.8086090953337735,0.0,239
271,eval,blind,0.0,0,0.39917434158470244,0.0,0.0,0.0,0.0,0.00816789907344839,0.7638296448785391,0.7638296448785391,0.0,-0.09488672145535416,0.001394700139470014,0.9874476987447699,0.7638296446492078,0.0,239
272,eval,blind,0.0,0,0.2947040708871606,0.0,0.0,0.0,0.0,0.008023941829979855,0.7545670101333363,0.7545670101333363,0.0,-0.09188009257636394,0.0,1.0,0.7545670090857978,0.0,239
273,eval,blind,0.0,0,0.019673128869098604,0.0,0.0,0.0,0.0,0.008834492675297618,0.8160648631500899,0.8160648631500899,0.0,-0.10097581252744274,0.03151428825781181,0.8702928870292888,0.81606486686618,0.0,239
274,eval,blind,0.0,0,0.5018883339752502,0.0,0.0,0.0,0.0,0.009572450356035801,0.8711689706876188,0.8711689706876188,0.0,-0.10361744934210668,0.007507641176296032,0.895397489539749,0.8711689701232029,0.0,239
275,eval,blind,0.0,0,0.01843199975083282,0.0,0.0,0.0,0.0,0.008725044479258514,0.8035245748493961,0.8035245748493961,0.0,-0.09110417975547107,0.004540194071040685,0.9832635983263598,0.8035245697615224,0.0,239
276,eval,blind,0.0,0,0.48112744734638124,0.0,0.0,0.0,0.0,0.008888577077943037,0.8365552343085221,0.8365552343085221,0.0,-0.09110566070312215,0.0,1.0,0.8365552380741753,0.0,239
277,eval,blind,0.0,0,0.10942612930107716,0.0,0.0,0.0,0.0,0.008190764134718595,0.7593523431023793,0.7593523431023793,0.0,-0.09326014843651878,0.0,1.0,0.7593523370735511,0.0,239
278,eval,blind,0.0,0,0.46892580401234446,0.0,0.0,0.0,0.0,0.009445138526963515,0.866005567576596,0.866005567576596,0.0,-0.10488226801583739,0.007092198581560284,0.9456066945606695,0.8660055720778876,0.0,239
279,eval,blind,0.0,0,0.3109929788440381,0.0,0.0,0.0,0.0,0.00752692357500602,0.7110592444820882,0.7110592444820882,0.0,-0.0871110181574194,0.0,1.0,0.711059239065262,0.0,239
280,train,blind,0.0,0,0.4706366194916741,0.0,0.0,0.0,0.0,0.015073825211642177,1.574828824238797,1.574828824238797,0.0,-0.19180746150540956,0.2458233181993531,0.4225941422594142,1.5748288137791804,0.0,239
281,train,blind,0.0,0,0.4465136047263696,0.0,0.0,0.0,0.0,0.014595053840631221,1.5518129433049317,1.5518129433049317,0.0,-0.18110883997114494,0.13860945428647733,0.5355648535564853,1.5518129448361655,0.0,239
282,train,blind,0.0,0,0.3501149740058049,0.0,0.0,0.0,0.0,0.014493639547783087,1.5125293030898441,1.5125293030898441,0.0,-0.18784644537672168,0.2642511647229889,0.35564853556485354,1.512529316104632,0.0,239
283,train,blind,0.0,0,0.49418196437011425,0.0,0.0,0.0,0.0,0.014125007323562226,1.4333400417072504,1.4333400417072504,0.0,-0.1787412263092978,0.2692958248019229,0.30962343096234307,1.4333400330196144,0.0,239
284,train,blind,0.0,0,0.40549758593668717,0.0,0.0,0.0,0.0,0.014600234037989976,1.4992102202511233,1.4992102202511233,0.0,-0.18626572751718687,0.2716994569571798,0.35564853556485354,1.4992102159522527,0.0,239
285,train,blind,0.0,0,0.01200688445204372,0.0,0.0,0.0,0.0,0.015116869508986318,1.5555610108076279,1.5555610108076279,0.0,-0.19242523059422878,0.26603163298614196,0.4100418410041841,1.5555610005057812,0.0,239
286,train,blind,0.0,0,0.2864649582486312,0.0,0.0,0.0,0.0,0.014705177527076905,1.5455925507026735,1.5455925507026735,0.0,-0.1919582773698093,0.26727796077034927,0.41422594142259417,1.5455925602415383,0.0,239
287,train,blind,0.0,0,0.4881335476829956,0.0,0.0,0.0,0.0,0.01438451911007136,1.5351641090843966,1.5351641090843966,0.0,-0.18816142686757192,0.23884981750200301,0.4560669456066946,1.535164092668783,0.0,239
288,train,blind,0.0,0,0.2698529591997837,0.0,0.0,0.0,0.0,0.015268413279844626,1.5472295182020595,1.5472295182020595,0.0,-0.1897284804041896,0.25772278109142704,0.4309623430962343,1.5472295175731205,0.0,239
289,train,blind,0.0,0,0.012006890569388804,0.0,0.0,0.0,0.0,0.015656889630598504,1.5794714646858152,1.5794714646858152,0.0,-0.18494076186146208,0.15439627288643581,0.5648535564853556,1.5794714721328094,0.0,239
290,train,blind,0.0,0,0.11274785525415133,0.0,0.0,0.0,0.0,0.014978427999111274,1.5319218780206336,1.5319218780206336,0.0,-0.18716639070483962,0.24255912638357222,0.41422594142259417,1.531921887033377,0.0,239
291,train,blind,0.0,0,0.3685238404330022,0.0,0.0,0.0,0.0,0.014793060246512106,1.493394054877708,1.493394054877708,0.0,-0.1811013202578497,0.21505089171785507,0.42677824267782427,1.4933940536656984,0.0,239
292,train,blind,0.0,0,0.010237416458047271,0.0,0.0,0.0,0.0,0.015162536093115683,1.5854329958121647,1.5854329958121647,0.0,-0.1881901946493883,0.1781951986705837,0.5146443514644351,1.585432997760037,0.0,239
293,train,blind,0.0,0,0.2781775054950136,0.0,0.0,0.0,0.0,0.015112877618833192,1.556928261802785,1.556928261802785,0.0,-0.1952423687917452,0.2992076916228968,0.3891213389121339,1.5569282565368627,0.0,239
294,train,blind,0.0,0,0.17120400338753217,0.0,0.0,0.0,0.0,0.015052367449897852,1.557877293441086,1.557877293441086,0.0,-0.17886590004293582,0.10733256179708597,0.6276150627615062,1.5578772931999179,0.0,239
295,train,blind,0.0,0,0.43151489933949033,0.0,0.0,0.0,0.0,0.014918182076395305,1.5679708410007684,1.5679708410007684,0.0,-0.19254814429524422,0.2700080121071842,0.37656903765690375,1.5679708407202688,0.0,239
296,train,blind,0.0,0,0.012959528787482421,0.0,0.0,0.0,0.0,0.015058851239727382,1.5624037098186285,1.5624037098186285,0.0,-0.18837857132615524,0.19804741980474197,0.46443514644351463,1.5624037113427167,0.0,239
297,train,blind,0.0,0,0.0030419384339404444,0.0,0.0,0.0,0.0,0.01542566679262217,1.5678799763384224,1.5678799763384224,0.0,-0.19817030273901193,0.3140746016202261,0.3305439330543933,1.5678799659672313,0.0,239
298,train,blind,0.0,0,0.05794354536329254,0.0,0.0,0.0,0.0,0.014934076744455174,1.5543915120627592,1.5543915120627592,0.0,-0.18920364359737993,0.2358526959256951,0.4100418410041841,1.554391517639596,0.0,239
299,train,blind,0.0,0,0.45752091049933935,0.0,0.0,0.0,0.0,0.013962438519046522,1.458131371931052,1.458131371931052,0.0,-0.1900125910614209,0.381673046677943,0.2301255230125523,1.458131364638211,0.0,239
300,eval,blind,0.0,0,0.44651358694995696,0.0,0.0,0.0,0.0,0.00870724598814784,0.7806657277141156,0.7806657277141156,0.0,-0.0942934698674672,0.0,1.0,0.7806657316206812,0.0,239
301,eval,blind,0.0,0,0.10942615455924436,0.0,0.0,0.0,0.0,0.006954804052127268,0.6450020430227703,0.6450020430227703,0.0,-0.07146788373564347,0.001335351197364907,0.99581589958159,0.6450020397420818,0.0,239
302,eval,blind,0.0,0,0.5020268853461184,0.0,0.0,0.0,0.0,0.007102672925421571,0.6853793513450662,0.6853793513450662,0.0,-0.08345021533608124,0.0,1.0,0.6853793508167058,0.0,239
303,eval,blind,0.0,0,0.478391402922768,0.0,0.0,0.0,0.0,0.0058907304006866395,0.5723733012272224,0.5723733012272224,0.0,-0.07606602184271752,0.0,1.0,0.5723733010555486,0.0,239
304,eval,blind,0.0,0,0.00595315217983492,0.0,0.0,0.0,0.0,0.007398991812425802,0.6650377755135173,0.6650377755135173,0.0,-0.07900724034634055,0.002819074749992582,0.9874476987447699,0.6650377794033897,0.0,239
305,eval,blind,0.0,0,0.004841264746033501,0.0,0.0,0.0,0.0,0.007438830902242729,0.6756291811560986,0.6756291811560986,0.0,-0.08793898823358062,0.013056767263123535,0.8410041841004184,0.6756291770991181,0.0,239
306,eval,blind,0.0,0,0.007217873016016257,0.0,0.0,0.0,0.0,0.007376755082153688,0.6693756556660561,0.6693756556660561,0.0,-0.07349178815058886,0.0,1.0,0.6693756562079816,0.0,239
307,eval,blind,0.0,0,0.007217877699358381,0.0,0.0,0.0,0.0,0.0071604587069506054,0.6582729386235879,0.6582729386235879,0.0,-0.0756909931784856,0.0013650256684174607,0.99581589958159,0.6582729399841504,0.0,239
308,eval,blind,0.0,0,0.004841264746033501,0.0,0.0,0.0,0.0,0.007496594184440673,0.6814968435085967,0.6814968435085967,0.0,-0.08585526238283975,0.002670702394729814,0.9288702928870293,0.6814968416391287,0.0,239
309,eval,blind,0.0,0,0.1299968671675179,0.0,0.0,0.0,0.0,0.007849792301046923,0.7147634841158799,0.7147634841158799,0.0,-0.0820044500469707,0.041128816878839125,0.8828451882845189,0.7147634860953911,0.0,239
310,train,blind,0.0,0,0.0008817244371400257,0.0,0.0,0.0,0.0,0.014622018842034385,1.5776062360867298,1.5776062360867298,0.0,-0.19491707093846466,0.2625893943440458,0.41422594142259417,1.577606233853609,0.0,239
311,train,blind,0.0,0,0.14450739523119227,0.0,0.0,0.0,0.0,0.01511424032106185,1.5385592574853777,1.5385592574853777,0.0,-0.18074480797814738,0.16430754621798865,0.5523012552301255,1.5385592660408205,0.0,239
312,train,blind,0.0,0,0.1161134909462402,0.0,0.0,0.0,0.0,0.01477353758213722,1.54369579099711,1.54369579099711,0.0,-0.18138382983270873,0.15157719813644321,0.5313807531380753,1.5436957850444297,0.0,239
313,train,blind,0.0,0,0.4417291495469365,0.0,0.0,0.0,0.0,0.015208064633028028,1.5571981670966208,1.5571981670966208,0.0,-0.2010820708606098,0.3784978782753198,0.28870292887029286,1.5571981736164613,0.0,239
314,train,blind,0.0,0,0.06036286422683006,0.0,0.0,0.0,0.0,0.015282502807053313,1.565622962668351,1.565622962668351,0.0,-0.1917903131442813,0.24362740734146413,0.4602510460251046,1.5656229674714444,0.0,239
315,train,blind,0.0,0,0.4653420398303694,0.0,0.0,0.0,0.0,0.014720366057787855,1.4805151221642434,1.4805151221642434,0.0,-0.18536010355690485,0.2832725006676756,0.30962343096234307,1.4805151288778946,0.0,239
316,train,blind,0.0,0,0.08163402942219938,0.0,0.0,0.0,0.0,0.01608890269115318,1.5939058369672447,1.5939058369672447,0.0,-0.19236032500373462,0.22499183952046053,0.3807531380753138,1.593905835798225,0.0,239
317,train,blind,0.0,0,0.49487416027990566,0.0,0.0,0.0,0.0,0.014363889990639424,1.477026638625556,1.477026638625556,0.0,-0.17902867515474327,0.21938336449152795,0.39330543933054396,1.4770266356090007,0.0,239
318,train,blind,0.0,0,0.21976542770897894,0.0,0.0,0.0,0.0,0.015135591645105488,1.5618149690548246,1.5618149690548246,0.0,-0.19329262999157726,0.25911748123089706,0.41422594142259417,1.561814973708933,0.0,239
319,train,blind,0.0,0,0.46716103549544,0.0,0.0,0.0,0.0,0.01556577918482126,1.5627243927831929,1.5627243927831929,0.0,-0.18671263614582098,0.1873646102258227,0.49372384937238495,1.5627243929099608,0.0,239
320,train,blind,0.0,0,0.0020282095075691135,0.0,0.0,0.0,0.0,0.01512716549631816,1.5665310815787215,1.5665310815787215,0.0,-0.19482901444710543,0.2797412386124217,0.3807531380753138,1.566531075941781,0.0,239
321,train,blind,0.0,0,0.006565895839070679,0.0,0.0,0.0,0.0,0.015524502451995301,1.5708523110864552,1.5708523110864552,0.0,-0.18971992222364703,0.21137125730733847,0.46443514644351463,1.5708523151287668,0.0,239
322,train,blind,0.0,0,0.4634686815016611,0.0,0.0,0.0,0.0,0.015194938566816278,1.559072683296443,1.559072683296443,0.0,-0.1833898870927453,0.1501528235259206,0.5732217573221757,1.5590726808773083,0.0,239
323,train,blind,0.0,0,0.43151492035799666,0.0,0.0,0.0,0.0,0.015177479471668413,1.575618811980451,1.575618811980451,0.0,-0.1849296429326218,0.15715599869432323,0.5104602510460251,1.5756188129220734,0.0,239
324,train,blind,0.0,0,0.35386675944174084,0.0,0.0,0.0,0.0,0.015026147870900243,1.5511219194743424,1.5511219194743424,0.0,-0.19543479473130143,0.30828807976497813,0.37656903765690375,1.551121930098205,0.0,239
325,train,blind,0.0,0,0.03674998030288848,0.0,0.0,0.0,0.0,0.01529618505209248,1.5790456416217853,1.5790456416217853,0.0,-0.20153588793212793,0.34745838155434877,0.301255230125523,1.5790456393330623,0.0,239
326,train,blind,0.0,0,0.4836600335450891,0.0,0.0,0.0,0.0,0.014861273799465665,1.4793422035093586,1.4793422035093586,0.0,-0.18597904990018665,0.3110774800439182,0.2510460251046025,1.4793421980114505,0.0,239
327,train,blind,0.0,0,0.2531380511106846,0.0,0.0,0.0,0.0,0.015161124722463191,1.547489575262349,1.547489575262349,0.0,-0.18709948332368942,0.2044867800231461,0.45188284518828453,1.547489572821485,0.0,239
328,train,blind,0.0,0,0.007217877699358381,0.0,0.0,0.0,0.0,0.015683627478918646,1.5654692944123656,1.5654692944123656,0.0,-0.1876326806781655,0.19724620908632304,0.5230125523012552,1.5654692965185744,0.0,239
329,train,blind,0.0,0,0.27817753698797626,0.0,0.0,0.0,0.0,0.015273528382041839,1.5394789247333256,1.5394789247333256,0.0,-0.18194817472825273,0.15807590729695242,0.5146443514644351,1.539478923447023,0.0,239
330,eval,blind,0.0,0,0.10614912902745642,0.0,0.0,0.0,0.0,0.009204655811658215,0.7582211480729251,0.7582211480729251,0.0,-0.10133056459265678,0.039941838036736996,0.8786610878661087,0.7582211475632511,0.0,239
331,eval,blind,0.0,0,0.42329977726598883,0.0,0.0,0.0,0.0,0.009962025656711669,0.8332652356085917,0.8332652356085917,0.0,-0.09334009197598676,0.00035609365263064184,0.99581589958159,0.8332652305535299,0.0,239
332,eval,blind,0.0,0,0.49905009486198143,0.0,0.0,0.0,0.0,0.009667364322233587,0.7945843791612521,0.7945843791612521,0.0,-0.0990133342451326,0.013086441734176089,0.9330543933054394,0.7945843832270895,0.0,239
333,eval,blind,0.0,0,0.09973252267304225,0.0,0.0,0.0,0.0,0.009147699755737286,0.7562378155511792,0.7562378155511792,0.0,-0.10111248270672092,0.08089260808926083,0.6820083682008368,0.756237815348453,0.0,239
334,eval,blind,0.0,0,0.07326333691171423,0.0,0.0,0.0,0.0,0.008754495050072296,0.7274398306174258,0.7274398306174258,0.0,-0.09350474063165627,0.0003264191815780884,0.99581589958159,0.7274398310238038,0.0,239
335,eval,blind,0.0,0,0.0023364956484850357,0.0,0.0,0.0,0.0,0.008516418092950367,0.704237859493519,0.704237859493519,0.0,-0.07701633345994663,0.0,1.0,0.7042378602845663,0.0,239
336,eval,blind,0.0,0,0.39266590399484474,0.0,0.0,0.0,0.0,0.00783027242187208,0.6604562613754592,0.6604562613754592,0.0,-0.0740099024136228,0.0,1.0,0.6604562608459422,0.0,239
337,eval,blind,0.0,0,0.2698529906927464,0.0,0.0,0.0,0.0,0.009201250311813345,0.772564970985616,0.772564970985616,0.0,-0.0855820598122082,0.007745036944716461,0.9330543933054394,0.772564971381089,0.0,239
338,eval,blind,0.0,0,0.3991743668428696,0.0,0.0,0.0,0.0,0.008529303746422651,0.7180739826363001,0.7180739826363001,0.0,-0.08407803073032302,0.0,1.0,0.7180739831078087,0.0,239
339,eval,blind,0.0,0,0.4465136047263696,0.0,0.0,0.0,0.0,0.00914234708347767,0.7732154405890149,0.7732154405890149,0.0,-0.08452452735751102,0.0,1.0,0.7732154423023281,0.0,239
340,train,blind,0.0,0,0.0760018663305159,0.0,0.0,0.0,0.0,0.01505502860283939,1.5396969520397266,1.5396969520397266,0.0,-0.19015945349170935,0.2655865159203537,0.41422594142259417,1.539696949332021,0.0,239
341,train,blind,0.0,0,0.002028211354079294,0.0,0.0,0.0,0.0,0.015259047249277517,1.553406178203088,1.553406178203088,0.0,-0.1881366919499866,0.22226178818362563,0.502092050209205,1.5534061839623692,0.0,239
342,train,blind,0.0,0,0.5016285056306393,0.0,0.0,0.0,0.0,0.015491341149130502,1.5788312394748671,1.5788312394748671,0.0,-0.19017670314979743,0.20243924152051987,0.4686192468619247,1.5788312361986656,0.0,239
343,train,blind,0.0,0,0.41162967206828666,0.0,0.0,0.0,0.0,0.014310486491956596,1.4395951264572941,1.4395951264572941,0.0,-0.19233856784943817,0.4201014866909998,0.2510460251046025,1.4395951271786966,0.0,239
344,train,blind,0.0,0,0.020964593625584595,0.0,0.0,0.0,0.0,0.015356541739846873,1.5775908598341204,1.5775908598341204,0.0,-0.186069115706619,0.16193358853378437,0.5355648535564853,1.5775908620632504,0.0,239
345,train,blind,0.0,0,0.022306911853421187,0.0,0.0,0.0,0.0,0.015222034689865103,1.562736577069909,1.562736577069909,0.0,-0.1887522985070595,0.21878987507047684,0.4602510460251046,1.5627365940555844,0.0,239
346,train,blind,0.0,0,0.20328998215313637,0.0,0.0,0.0,0.0,0.01566816786319703,1.571076730055789,1.571076730055789,0.0,-0.19135039159752248,0.24347903498620138,0.4435146443514644,1.5710767328861395,0.0,239
347,train,blind,0.0,0,0.5008256455296923,0.0,0.0,0.0,0.0,0.01591100503211241,1.5716253229763717,1.5716253229763717,0.0,-0.1899641933590719,0.22433900115730437,0.4560669456066946,1.5716253273021454,0.0,239
348,train,blind,0.0,0,0.03862335179426082,0.0,0.0,0.0,0.0,0.015147328544330148,1.5600189150127906,1.5600189150127906,0.0,-0.18508381486788378,0.16721564438113887,0.5104602510460251,1.56001892101201,0.0,239
349,train,blind,0.0,0,0.43151492035799666,0.0,0.0,0.0,0.0,0.015830663798540583,1.5468486819307177,1.5468486819307177,0.0,-0.18033452608534445,0.1340395857443841,0.5313807531380753,1.5468486815102047,0.0,239
350,train,blind,0.0,0,0.09659447261740192,0.0,0.0,0.0,0.0,0.015845937999238155,1.581884595639536,1.581884595639536,0.0,-0.18771039418349275,0.18125166918899668,0.5397489539748954,1.5818845884062942,0.0,239
351,train,blind,0.0,0,0.0349310103396663,0.0,0.0,0.0,0.0,0.015115595167448207,1.5384630236665575,1.5384630236665575,0.0,-0.18543068221813588,0.20148965844683817,0.4811715481171548,1.5384630242464967,0.0,239
352,train,blind,0.0,0,0.228072871281629,0.0,0.0,0.0,0.0,0.015107952816232603,1.5193705269482345,1.5193705269482345,0.0,-0.18005641289830138,0.17119202350218107,0.5146443514644351,1.5193705185262831,0.0,239
353,train,blind,0.0,0,0.1751345835546242,0.0,0.0,0.0,0.0,0.015919704941027336,1.5610552871576413,1.5610552871576413,0.0,-0.18414245708786484,0.16786848274429508,0.4686192468619247,1.5610552858208377,0.0,239
354,train,blind,0.0,0,0.0017479297706943053,0.0,0.0,0.0,0.0,0.01572661645219478,1.5948186643951607,1.5948186643951607,0.0,-0.19191936345337027,0.21813703670732068,0.4435146443514644,1.5948186736880294,0.0,239
355,train,blind,0.0,0,0.48366004122113304,0.0,0.0,0.0,0.0,0.01480974435658198,1.539773174658979,1.539773174658979,0.0,-0.18160535904206096,0.1527345025074928,0.5606694560669456,1.5397731903690013,0.0,239
356,train,blind,0.0,0,0.4392558730871779,0.0,0.0,0.0,0.0,0.014998713745949906,1.5452343639469546,1.5452343639469546,0.0,-0.18203877119707024,0.16297219502062377,0.5271966527196653,1.5452343531000958,0.0,239
357,train,blind,0.0,0,0.4204580038737225,0.0,0.0,0.0,0.0,0.015002591533500654,1.4944135781112575,1.4944135781112575,0.0,-0.17438517187965913,0.12395026558651591,0.5313807531380753,1.4944135749074663,0.0,239
358,train,blind,0.0,0,0.0001001795120615216,0.0,0.0,0.0,0.0,0.015546563780909427,1.6182999980000772,1.6182999980000772,0.0,-0.19312045211087459,0.19232024689159916,0.5146443514644351,1.6182999947896886,0.0,239
359,train,blind,0.0,0,0.3685238404330022,0.0,0.0,0.0,0.0,0.015225512386693242,1.5096997583760376,1.5096997583760376,0.0,-0.18413544398132078,0.2441912222914626,0.4309623430962343,1.5096997562722076,0.0,239
360,eval,blind,0.0,0,0.5017308984838317,0.0,0.0,0.0,0.0,0.009110040419099845,0.6927950323625589,0.6927950323625589,0.0,-0.07973777012430314,0.0,1.0,0.6927950315395627,0.0,239
361,eval,blind,0.0,0,0.06794360041903054,0.0,0.0,0.0,0.0,0.009486468717315582,0.7173852979139304,0.7173852979139304,0.0,-0.08638350130440871,0.0,1.0,0.7173852963409731,0.0,239
362,eval,blind,0.0,0,0.0,0.0,0.0,0.0,0.0,0.009514658567670998,0.7569652682318349,0.7569652682318349,0.0,-0.0889064630951428,0.003293866286833437,0.9916317991631799,0.7569652682789103,0.0,239
363,eval,blind,0.0,0,0.4859937123801958,0.0,0.0,0.0,0.0,0.009856441101082698,0.76807844713642,0.76807844713642,0.0,-0.10081216051632094,0.033561826760438,0.8326359832635983,0.7680784437769663,0.0,239
364,eval,blind,0.0,0,0.48241889700017115,0.0,0.0,0.0,0.0,0.008525442431396395,0.660890864403178,0.660890864403178,0.0,-0.08163101622985748,0.0,1.0,0.6608908615998296,0.0,239
365,eval,blind,0.0,0,0.478391402922768,0.0,0.0,0.0,0.0,0.009315691921454717,0.7240593707711128,0.7240593707711128,0.0,-0.08960722070441443,0.0020178640315736372,0.9539748953974896,0.7240593742555105,0.0,239
366,eval,blind,0.0,0,0.020964593625584595,0.0,0.0,0.0,0.0,0.009097308454310296,0.7252080582674577,0.7252080582674577,0.0,-0.08434774771599322,0.0054007537315647345,0.9832635983263598,0.7252080589633195,0.0,239
367,eval,blind,0.0,0,0.3028837280172224,0.0,0.0,0.0,0.0,0.009771608024695304,0.7190463734969933,0.7190463734969933,0.0,-0.08798479472545158,0.0,1.0,0.7190463721171955,0.0,239
368,eval,blind,0.0,0,6.514758795400435e-05,0.0,0.0,0.0,0.0,0.009668777688994816,0.7590970829690351,0.7590970829690351,0.0,-0.09068036439578431,0.0022255853289415116,0.99581589958159,0.7590970833326797,0.0,239
369,eval,blind,0.0,0,0.5016285062847449,0.0,0.0,0.0,0.0,0.008770911381521484,0.6711506544296711,0.6711506544296711,0.0,-0.07864453178767546,0.0,1.0,0.6711506562719802,0.0,239
370,train,blind,0.0,0,0.4941819601855557,0.0,0.0,0.0,0.0,0.016022652933163625,1.583062632562725,1.583062632562725,0.0,-0.19958281315745677,0.31549897623074874,0.38493723849372385,1.5830626316082401,0.0,239
371,train,blind,0.0,0,0.4175653372727219,0.0,0.0,0.0,0.0,0.014812472521884671,1.4852979200654448,1.4852979200654448,0.0,-0.18299333580151828,0.2506602569809193,0.40585774058577406,1.485297910032263,0.0,239
372,train,blind,0.0,0,0.4689258159280493,0.0,0.0,0.0,0.0,0.014660013625281377,1.4534882436736358,1.4534882436736358,0.0,-0.18779528386422403,0.35336360129380695,0.2719665271966527,1.4534882381039584,0.0,239
373,train,blind,0.0,0,0.19920830527869945,0.0,0.0,0.0,0.0,0.015267192238014362,1.5354248100743633,1.5354248100743633,0.0,-0.18009459634975333,0.1530905961601234,0.5104602510460251,1.5354248057705435,0.0,239
374,train,blind,0.0,0,0.03862335179426082,0.0,0.0,0.0,0.0,0.015696841449901525,1.599170060337338,1.599170060337338,0.0,-0.19175706209876345,0.2102139529362889,0.4769874476987448,1.5991700505271118,0.0,239
375,train,blind,0.0,0,0.09659447261740192,0.0,0.0,0.0,0.0,0.015687904439508044,1.5710459388948386,1.5710459388948386,0.0,-0.18459486638439845,0.15356538769696432,0.5188284518828452,1.5710459456400185,0.0,239
376,train,blind,0.0,0,0.0008817254575398053,0.0,0.0,0.0,0.0,0.01584149109955612,1.575586181804226,1.575586181804226,0.0,-0.19125424875522376,0.23065966349149825,0.4602510460251046,1.575586180941172,0.0,239
377,train,blind,0.0,0,0.49865054549941856,0.0,0.0,0.0,0.0,0.015199649773117264,1.5467937441550539,1.5467937441550539,0.0,-0.18942091208391335,0.25071960592302445,0.4351464435146444,1.5467937454262297,0.0,239
378,train,blind,0.0,0,0.11274788101110218,0.0,0.0,0.0,0.0,0.015608684720946904,1.5834882653407971,1.5834882653407971,0.0,-0.18558008627865505,0.1536840855811745,0.5523012552301255,1.5834882693022867,0.0,239
379,train,blind,0.0,0,0.00046352766528258015,0.0,0.0,0.0,0.0,0.015008116337747379,1.5871536547170024,1.5871536547170024,0.0,-0.1922639091246371,0.21807768776521558,0.4769874476987448,1.5871536425646608,0.0,239
380,train,blind,0.0,0,0.012006890569388804,0.0,0.0,0.0,0.0,0.015625722443287467,1.586417662049936,1.586417662049936,0.0,-0.18512425188962725,0.14199234398646846,0.5439330543933054,1.5864176694126262,0.0,239
381,train,blind,0.0,0,0.1161134909462402,0.0,0.0,0.0,0.0,0.015854478122035207,1.6029934494066438,1.6029934494066438,0.0,-0.18670640722764856,0.1521706875574943,0.5648535564853556,1.6029934509502584,0.0,239
382,train,blind,0.0,0,0.41462239765982967,0.0,0.0,0.0,0.0,0.015372019019523425,1.5310538518378924,1.5310538518378924,0.0,-0.17985594756838322,0.1611917267574705,0.4895397489539749,1.531053846320604,0.0,239
383,train,blind,0.0,0,0.19514417073502602,0.0,0.0,0.0,0.0,0.015629301777023777,1.5933462575888533,1.5933462575888533,0.0,-0.19653922874449709,0.2746669040624351,0.41422594142259417,1.5933462580947768,0.0,239
384,train,blind,0.0,0,0.4955261337087284,0.0,0.0,0.0,0.0,0.014917268809398723,1.5069394061754937,1.5069394061754937,0.0,-0.18092388742332202,0.20003560936526305,0.4560669456066946,1.5069394154487845,0.0,239
385,train,blind,0.0,0,0.5012103088587818,0.0,0.0,0.0,0.0,0.015352126641518526,1.5290946374378445,1.5290946374378445,0.0,-0.17878369160338184,0.13442535386806728,0.5397489539748954,1.529094626322764,0.0,239
386,train,blind,0.0,0,0.000463527011177035,0.0,0.0,0.0,0.0,0.015643905489763955,1.5752511989621438,1.5752511989621438,0.0,-0.19246644629291387,0.23997744740200003,0.4686192468619247,1.5752511875971362,0.0,239
387,train,blind,0.0,0,0.41462237339922975,0.0,0.0,0.0,0.0,0.015066437970722196,1.5632626307060529,1.5632626307060529,0.0,-0.19610193848087656,0.30238286002552006,0.38493723849372385,1.5632626397804645,0.0,239
388,train,blind,0.0,0,0.020964593625584595,0.0,0.0,0.0,0.0,0.015791725554351526,1.5889092010434203,1.5889092010434203,0.0,-0.18802051949313112,0.17561351968901154,0.5271966527196653,1.58890919608446,0.0,239
389,train,blind,0.0,0,0.015004504288443965,0.0,0.0,0.0,0.0,0.01579362049768971,1.5729137317406083,1.5729137317406083,0.0,-0.1876049463952488,0.1859699100863527,0.4895397489539749,1.572913732635253,0.0,239
390,eval,blind,0.0,0,0.28232657409398026,0.0,0.0,0.0,0.0,0.00990627911409449,0.7346264930699161,0.7346264930699161,0.0,-0.0910933277365805,0.0,1.0,0.7346264882836143,0.0,239
391,eval,blind,0.0,0,0.10942612930107716,0.0,0.0,0.0,0.0,0.0101884109431792,0.791508027948595,0.791508027948595,0.0,-0.10168703940525355,0.014243746105225675,0.8451882845188284,0.7915080325849029,0.0,239
392,eval,blind,0.0,0,0.3575846668143823,0.0,0.0,0.0,0.0,0.009449232882083585,0.7390648918421199,0.7390648918421199,0.0,-0.08481302609490445,0.0,1.0,0.7390648907231416,0.0,239
393,eval,blind,0.0,0,0.05794354536329254,0.0,0.0,0.0,0.0,0.009955662378659432,0.781891599983351,0.781891599983351,0.0,-0.09523120570978952,0.0,1.0,0.7818916023428657,0.0,239
394,eval,blind,0.0,0,0.19514420172920505,0.0,0.0,0.0,0.0,0.00965502125768295,0.7389236895609101,0.7389236895609101,0.0,-0.08138200218558367,0.0,1.0,0.7389236902523351,0.0,239
395,eval,blind,0.0,0,0.05101152724064263,0.0,0.0,0.0,0.0,0.009754573904897503,0.7497420510487577,0.7497420510487577,0.0,-0.08193566511353162,0.0025520045105195998,0.9916317991631799,0.7497420517266228,0.0,239
396,eval,blind,0.0,0,0.06283616020874398,0.0,0.0,0.0,0.0,0.00976591836466263,0.7520912610087933,0.7520912610087933,0.0,-0.09511557591369907,0.00026707023947298143,0.9916317991631799,0.7520912608313841,0.0,239
397,eval,blind,0.0,0,0.08452669602320004,0.0,0.0,0.0,0.0,0.009887931338476336,0.7456240076649638,0.7456240076649638,0.0,-0.08173823227276239,0.0018398172052583163,0.9916317991631799,0.7456240105000319,0.0,239
398,eval,blind,0.0,0,0.03862336533101252,0.0,0.0,0.0,0.0,0.009700548449320773,0.7657518711050185,0.7657518711050185,0.0,-0.08633760412802657,0.003976379121042168,0.9916317991631799,0.7657518727944591,0.0,239
399,eval,blind,0.0,0,0.00014589585375555142,0.0,0.0,0.0,0.0,0.0096278934170605,0.7633078905079654,0.7633078905079654,0.0,-0.0863198890341674,0.0025816789815721534,0.99581589958159,0.7633078889797353,0.0,239
400,train,blind,0.0,0,0.29059125512998374,0.0,0.0,0.0,0.0,0.015629658935334394,1.5760015294142846,1.5760015294142846,0.0,-0.1936620612359015,0.2587020386361613,0.4393305439330544,1.5760015241039191,0.0,239
401,train,blind,0.0,0,0.4417291690690918,0.0,0.0,0.0,0.0,0.015630059070869593,1.5585176081836971,1.5585176081836971,0.0,-0.17878167508910325,0.09831152259710971,0.5606694560669456,1.5585175956194333,0.0,239
402,train,blind,0.0,0,0.0014944071429085072,0.0,0.0,0.0,0.0,0.01582291499793405,1.5882827060990752,1.5882827060990752,0.0,-0.18782907772574406,0.18148906495741712,0.5188284518828452,1.5882827029534898,0.0,239
403,train,blind,0.0,0,0.5020820002191994,0.0,0.0,0.0,0.0,0.014665579125207214,1.4891412702065632,1.4891412702065632,0.0,-0.1771464317189629,0.17798747737321585,0.4811715481171548,1.4891412714459225,0.0,239
404,train,blind,0.0,0,0.4994180284038787,0.0,0.0,0.0,0.0,0.015558436224587791,1.5501731412181297,1.5501731412181297,0.0,-0.18513393355627245,0.19647467283895664,0.4560669456066946,1.5501731436835038,0.0,239
405,train,blind,0.0,0,0.38597856810663256,0.0,0.0,0.0,0.0,0.01482927971655916,1.5578313073353787,1.5578313073353787,0.0,-0.1800838068072074,0.11406866672601562,0.5941422594142259,1.5578312971233872,0.0,239
406,train,blind,0.0,0,0.45108052358230005,0.0,0.0,0.0,0.0,0.014194811857987398,1.462543770359151,1.462543770359151,0.0,-0.17920087809910004,0.24175791566515326,0.39330543933054396,1.4625437780459862,0.0,239
407,train,blind,0.0,0,0.5013695566800022,0.0,0.0,0.0,0.0,0.015122688258511003,1.5417738549380122,1.5417738549380122,0.0,-0.18330162228238275,0.1834179055758331,0.4476987447698745,1.541773846225983,0.0,239
408,train,blind,0.0,0,0.38934417804177057,0.0,0.0,0.0,0.0,0.016021719950574713,1.608557114790673,1.608557114790673,0.0,-0.18871396188197298,0.15498976230748687,0.5523012552301255,1.6085571106192609,0.0,239
409,train,blind,0.0,0,0.10614912902745642,0.0,0.0,0.0,0.0,0.015586203221371981,1.5801536473270241,1.5801536473270241,0.0,-0.18708727488488902,0.17866999020742452,0.4811715481171548,1.580153641729321,0.0,239
410,train,blind,0.0,0,0.048809969762233514,0.0,0.0,0.0,0.0,0.015398009452251834,1.5501879062113901,1.5501879062113901,0.0,-0.18909729516221288,0.2461794118519837,0.3891213389121339,1.5501878953376034,0.0,239
411,train,blind,0.0,0,0.2615026996800263,0.0,0.0,0.0,0.0,0.015211392314831831,1.5608336643693836,1.5608336643693836,0.0,-0.18090122333251257,0.12531529125493338,0.5941422594142259,1.5608336689119215,0.0,239
412,train,blind,0.0,0,0.4204580038737225,0.0,0.0,0.0,0.0,0.015497006713627023,1.5812997720730355,1.5812997720730355,0.0,-0.18687068359423045,0.16614736342324699,0.49372384937238495,1.5812997777163365,0.0,239
413,train,blind,0.0,0,0.496713411596384,0.0,0.0,0.0,0.0,0.014433673586867844,1.5393537195656588,1.5393537195656588,0.0,-0.18123127683041668,0.14329802071278078,0.5439330543933054,1.539353719864888,0.0,239
414,train,blind,0.0,0,0.3756273159996906,0.0,0.0,0.0,0.0,0.0146957550871977,1.5006676558171357,1.5006676558171357,0.0,-0.18310447633747434,0.23647585981779876,0.39748953974895396,1.5006676530238061,0.0,239
415,train,blind,0.0,0,2.1493512025067902e-05,0.0,0.0,0.0,0.0,0.015696408838875374,1.5863714058528884,1.5863714058528884,0.0,-0.1986232085894397,0.3057657497255111,0.3472803347280335,1.5863714085632403,0.0,239
416,train,blind,0.0,0,0.0043400218550171355,0.0,0.0,0.0,0.0,0.015376570357874847,1.5961690924157657,1.5961690924157657,0.0,-0.19802510204788726,0.2823525920650464,0.36401673640167365,1.5961690942317588,0.0,239
417,train,blind,0.0,0,0.010237411712357194,0.0,0.0,0.0,0.0,0.015526228800618623,1.5982258569246555,1.5982258569246555,0.0,-0.19283331389104594,0.22086708804415559,0.4686192468619247,1.598225864474285,0.0,239
418,train,blind,0.0,0,0.006565895839070679,0.0,0.0,0.0,0.0,0.015760105781288326,1.5738925001112487,1.5738925001112487,0.0,-0.1990976706431487,0.3330365886228078,0.3263598326359833,1.5738924938129766,0.0,239
419,train,blind,0.0,0,0.47839141184577105,0.0,0.0,0.0,0.0,0.014703121685099527,1.54088275726869,1.54088275726869,0.0,-0.18093655371418504,0.15264547909433512,0.5397489539748954,1.5408827614484197,0.0,239
420,eval,blind,0.0,0,0.44414848793262934,0.0,0.0,0.0,0.0,0.009957363751081742,0.7538798882871492,0.7538798882871492,0.0,-0.08320541027907322,0.0,1.0,0.7538798842772153,0.0,239
421,eval,blind,0.0,0,3.939130826693449e-05,0.0,0.0,0.0,0.0,0.009718336751411774,0.764655202627182,0.764655202627182,0.0,-0.09089874246879938,0.0034719131131487582,0.9916317991631799,0.7646552033839535,0.0,239
422,eval,blind,0.0,0,0.4955261337087284,0.0,0.0,0.0,0.0,0.009755363590454208,0.7489775955427641,0.7489775955427641,0.0,-0.09222378633452905,0.0,1.0,0.748977596083745,0.0,239
423,eval,blind,0.0,0,0.5018170490880057,0.0,0.0,0.0,0.0,0.008354455692436405,0.5990496688058685,0.5990496688058685,0.0,-0.07201817688536648,0.0,1.0,0.5990496671912074,0.0,239
424,eval,blind,0.0,0,0.16730015471176524,0.0,0.0,0.0,0.0,0.009695139261562704,0.7195634301985657,0.7195634301985657,0.0,-0.0948118375928359,0.0,1.0,0.7195634318213583,0.0,239
425,eval,blind,0.0,0,0.00046352766528258015,0.0,0.0,0.0,0.0,0.009650263933379156,0.7556100276972958,0.7556100276972958,0.0,-0.0905950363596286,0.0015727469657853348,0.99581589958159,0.755610026206473,0.0,239
426,eval,blind,0.0,0,0.4870875290074779,0.0,0.0,0.0,0.0,0.010960761788905166,0.8525458571801126,0.8525458571801126,0.0,-0.09780135578070014,0.023442832131517256,0.8368200836820083,0.8525458603799313,0.0,239
427,eval,blind,0.0,0,0.0002036993206716357,0.0,0.0,0.0,0.0,0.009466558014857096,0.7654781396418935,0.7654781396418935,0.0,-0.089967200037114,0.0025816789815721534,0.99581589958159,0.7654781374400786,0.0,239
428,eval,blind,0.0,0,0.4990500914879464,0.0,0.0,0.0,0.0,0.009622014881692297,0.7174796816195405,0.7174796816195405,0.0,-0.0923876895003547,0.012967743849965872,0.9163179916317992,0.7174796822781706,0.0,239
429,eval,blind,0.0,0,0.007217877699358381,0.0,0.0,0.0,0.0,0.009406869677694272,0.753022594431953,0.753022594431953,0.0,-0.0872687534743975,0.004718240897356005,0.9916317991631799,0.7530225935345537,0.0,239
430,train,blind,0.0,0,0.2531380511106846,0.0,0.0,0.0,0.0,0.0155660882903941,1.5659852706238815,1.5659852706238815,0.0,-0.1919086322090758,0.2447550372414612,0.41841004184100417,1.5659852679115038,0.0,239
431,train,blind,0.0,0,0.48485144005920816,0.0,0.0,0.0,0.0,0.01546480933547207,1.5315672283890855,1.5315672283890855,0.0,-0.18559337589388908,0.2290275675836078,0.41841004184100417,1.5315672288455515,0.0,239
432,train,blind,0.0,0,0.016098320915726126,0.0,0.0,0.0,0.0,0.01573736778027904,1.5857089009743854,1.5857089009743854,0.0,-0.18606387852967946,0.1616665182943114,0.5481171548117155,1.5857089116818956,0.0,239
433,train,blind,0.0,0,0.000463527011177035,0.0,0.0,0.0,0.0,0.015778011361830654,1.6021554178273827,1.6021554178273827,0.0,-0.19107566077257626,0.20110389032315498,0.4811715481171548,1.602155410262274,0.0,239
434,train,blind,0.0,0,0.02819465429997744,0.0,0.0,0.0,0.0,0.015512319760997175,1.5817490661493405,1.5817490661493405,0.0,-0.18880476672242702,0.1928543873705451,0.5062761506276151,1.5817490618476069,0.0,239
435,train,blind,0.0,0,0.49905009486198143,0.0,0.0,0.0,0.0,0.015154146770537523,1.583424150943756,1.583424150943756,0.0,-0.18272932939964842,0.1241579868838838,0.5690376569037657,1.5834241514483773,0.0,239
436,train,blind,0.0,0,0.4392558533156307,0.0,0.0,0.0,0.0,0.015542364560426155,1.5502650583139523,1.5502650583139523,0.0,-0.1869140013988821,0.21884922401258194,0.401673640167364,1.5502650529297684,0.0,239
437,train,blind,0.0,0,0.15576161381352116,0.0,0.0,0.0,0.0,0.015143102210280037,1.5248560057524359,1.5248560057524359,0.0,-0.17942267693514294,0.1523784088548622,0.5313807531380753,1.5248560075881072,0.0,239
438,train,blind,0.0,0,0.3575846668143823,0.0,0.0,0.0,0.0,0.0156246716016319,1.5727316886810079,1.5727316886810079,0.0,-0.18285028387264105,0.13285260690228198,0.5564853556485355,1.572731685392629,0.0,239
439,train,blind,0.0,0,0.02230692015294469,0.0,0.0,0.0,0.0,0.0151848344397283,1.584566849544956,1.584566849544956,0.0,-0.18705313151971226,0.1649010356390397,0.5188284518828452,1.5845668490930176,0.0,239
440,train,blind,0.0,0,0.0760018663305159,0.0,0.0,0.0,0.0,0.015359673027541473,1.5963305569094095,1.5963305569094095,0.0,-0.19958368038383967,0.3022048131992047,0.3682008368200837,1.5963305442943652,0.0,239
441,train,blind,0.0,0,0.4918546215835647,0.0,0.0,0.0,0.0,0.014706065523668065,1.5531802102611654,1.5531802102611654,0.0,-0.18451649972209896,0.17709724324163922,0.48535564853556484,1.5531802023561765,0.0,239
442,train,blind,0.0,0,0.4948741555965635,0.0,0.0,0.0,0.0,0.015353943772660764,1.5825798793317882,1.5825798793317882,0.0,-0.19326654538708465,0.24885011424671352,0.41841004184100417,1.5825798746362982,0.0,239
443,train,blind,0.0,0,0.1830709686913921,0.0,0.0,0.0,0.0,0.015232405833759692,1.5788908468629526,1.5788908468629526,0.0,-0.18575854562115368,0.15481171548117154,0.5397489539748954,1.5788908481397395,0.0,239
444,train,blind,0.0,0,0.3538667886901772,0.0,0.0,0.0,0.0,0.015492457625647094,1.5782405524573067,1.5782405524573067,0.0,-0.18776555275774773,0.1793821775126858,0.5104602510460251,1.5782405598616505,0.0,239
445,train,blind,0.0,0,0.0038738003089876893,0.0,0.0,0.0,0.0,0.01565154459304079,1.5757677916702366,1.5757677916702366,0.0,-0.2002317277265309,0.3392979020148965,0.3138075313807531,1.5757677870583846,0.0,239
446,train,blind,0.0,0,0.350115003503633,0.0,0.0,0.0,0.0,0.014655030893637296,1.5263591189264751,1.5263591189264751,0.0,-0.17867222590863852,0.135107866702276,0.5732217573221757,1.5263591165842252,0.0,239
447,train,blind,0.0,0,0.501817049438165,0.0,0.0,0.0,0.0,0.014390562314181647,1.4854426536101177,1.4854426536101177,0.0,-0.1783440523618364,0.19410071515475236,0.4393305439330544,1.4854426456735728,0.0,239
448,train,blind,0.0,0,0.053267700141298224,0.0,0.0,0.0,0.0,0.014936946620813973,1.5579738128135394,1.5579738128135394,0.0,-0.19448688253148963,0.28843585863081983,0.40585774058577406,1.557973808579217,0.0,239
449,train,blind,0.0,0,0.00014589538669387058,0.0,0.0,0.0,0.0,0.01560217590425865,1.566639029331287,1.566639029331287,0.0,-0.20140689766306366,0.35944686785958035,0.3138075313807531,1.5666390271151964,0.0,239
450,eval,blind,0.0,0,0.26150266818706364,0.0,0.0,0.0,0.0,0.009051552433988166,0.7220894384458972,0.7220894384458972,0.0,-0.09491060143319668,0.018754265705213807,0.8744769874476988,0.7220894384260311,0.0,239
451,eval,blind,0.0,0,0.0023364927420596237,0.0,0.0,0.0,0.0,0.007453006468167739,0.5670334424932632,0.5670334424932632,0.0,-0.08169787417079868,0.010653135107866703,0.8619246861924686,0.5670334439828545,0.0,239
452,eval,blind,0.0,0,0.010237416458047271,0.0,0.0,0.0,0.0,0.007293197541657415,0.5337148655408596,0.5337148655408596,0.0,-0.06811275211557842,0.001335351197364907,0.99581589958159,0.5337148671210601,0.0,239
453,eval,blind,0.0,0,0.497250765612289,0.0,0.0,0.0,0.0,0.00782597238084917,0.6168306552840077,0.6168306552840077,0.0,-0.09082899056457085,0.044689753405145555,0.7782426778242678,0.6168306533163918,0.0,239
454,eval,blind,0.0,0,0.0005835245887526782,0.0,0.0,0.0,0.0,0.007700510141848894,0.5864277602987809,0.5864277602987809,0.0,-0.07942485129582347,0.013620582213122052,0.8451882845188284,0.5864277616330288,0.0,239
455,eval,blind,0.0,0,0.009418921166737213,0.0,0.0,0.0,0.0,0.008035617746085428,0.6069930447694148,0.6069930447694148,0.0,-0.0876327285487362,0.09353393275764857,0.6569037656903766,0.6069930457522137,0.0,239
456,eval,blind,0.0,0,0.5018170490880057,0.0,0.0,0.0,0.0,0.007752160403378713,0.5787617040478534,0.5787617040478534,0.0,-0.08615835696606453,0.009258434968396689,0.9497907949790795,0.5787617048481225,0.0,239
457,eval,blind,0.0,0,0.03862336533101252,0.0,0.0,0.0,0.0,0.00755756956848577,0.5610121604538363,0.5610121604538363,0.0,-0.07448376648948957,0.012136858660494377,0.9414225941422594,0.5610121599531224,0.0,239
458,eval,blind,0.0,0,0.3308880599050015,0.0,0.0,0.0,0.0,0.00772277632081359,0.6071344180087165,0.6071344180087165,0.0,-0.07932504124907161,0.0,1.0,0.6071344206723414,0.0,239
459,eval,blind,0.0,0,0.019673128869098604,0.0,0.0,0.0,0.0,0.007643962557579558,0.5830606551349912,0.5830606551349912,0.0,-0.08198138787640483,0.0038280067657794,0.9163179916317992,0.5830606591994048,0.0,239
460,train,blind,0.0,0,0.3893441522848197,0.0,0.0,0.0,0.0,0.014972590465316838,1.5068043797085973,1.5068043797085973,0.0,-0.18715562787248077,0.27416243805454166,0.38493723849372385,1.506804379386011,0.0,239
461,train,blind,0.0,0,0.49725076854988837,0.0,0.0,0.0,0.0,0.01488633411566271,1.5233903584619946,1.5233903584619946,0.0,-0.18286399385052093,0.18858126353897742,0.4895397489539749,1.5233903661748036,0.0,239
462,train,blind,0.0,0,0.018431992074788867,0.0,0.0,0.0,0.0,0.015337251592427492,1.5435083580815143,1.5435083580815143,0.0,-0.18326390790790303,0.1812516691889967,0.5230125523012552,1.5435083590349608,0.0,239
463,train,blind,0.0,0,0.02979833591694332,0.0,0.0,0.0,0.0,0.015283838341160674,1.5759962869488544,1.5759962869488544,0.0,-0.18685382304148107,0.17243835128638835,0.5271966527196653,1.5759962799256546,0.0,239
464,train,blind,0.0,0,0.3109929788440381,0.0,0.0,0.0,0.0,0.015306331223134092,1.5406828959117873,1.5406828959117873,0.0,-0.19292826996603815,0.2823229175939939,0.3682008368200837,1.5406828929628285,0.0,239
465,train,blind,0.0,0,0.06036288374898542,0.0,0.0,0.0,0.0,0.01528731838383061,1.5725459640993733,1.5725459640993733,0.0,-0.18826209202945035,0.19914537523368642,0.4309623430962343,1.5725459639250594,0.0,239
466,train,blind,0.0,0,0.43151492035799666,0.0,0.0,0.0,0.0,0.013561799360446975,1.421251944168841,1.421251944168841,0.0,-0.1885795812708178,0.3803376954805781,0.32217573221757323,1.4212519489385862,0.0,239
467,train,blind,0.0,0,0.47839141184577105,0.0,0.0,0.0,0.0,0.015636474094801744,1.5794543953121456,1.5794543953121456,0.0,-0.1949947416864392,0.2621442772782575,0.40585774058577406,1.579454400968795,0.0,239
468,train,blind,0.0,0,0.41462239765982967,0.0,0.0,0.0,0.0,0.014796058228434255,1.5214787963543976,1.5214787963543976,0.0,-0.17923693598151588,0.16139944805483844,0.4686192468619247,1.5214787968243062,0.0,239
469,train,blind,0.0,0,0.4392558533156307,0.0,0.0,0.0,0.0,0.015325309993177029,1.5574753725877866,1.5574753725877866,0.0,-0.1875063766560489,0.21288465533101872,0.4435146443514644,1.557475365501361,0.0,239
470,train,blind,0.0,0,0.43414843287689137,0.0,0.0,0.0,0.0,0.014929982936828082,1.5680019865474941,1.5680019865474941,0.0,-0.18466445036964504,0.16763108697587464,0.5313807531380753,1.5680019840653108,0.0,239
471,train,blind,0.0,0,0.501817049438165,0.0,0.0,0.0,0.0,0.014222850738615421,1.4739176867896044,1.4739176867896044,0.0,-0.181468279805184,0.25466631057301403,0.40585774058577406,1.4739176961466043,0.0,239
472,train,blind,0.0,0,0.009418925725383427,0.0,0.0,0.0,0.0,0.015392389257582661,1.6013232554351935,1.6013232554351935,0.0,-0.19633651258309015,0.2437757796967269,0.4225941422594142,1.601323257108132,0.0,239
473,train,blind,0.0,0,0.4934485925616751,0.0,0.0,0.0,0.0,0.014975056960150038,1.5362831014968361,1.5362831014968361,0.0,-0.181065803205604,0.16279414819430843,0.5188284518828452,1.5362831059770983,0.0,239
474,train,blind,0.0,0,0.48366004122113304,0.0,0.0,0.0,0.0,0.014548086911969854,1.4899004722738864,1.4899004722738864,0.0,-0.17764969002412467,0.18318050980741268,0.4602510460251046,1.4899004675322371,0.0,239
475,train,blind,0.0,0,0.4769458410955545,0.0,0.0,0.0,0.0,0.015026151524100717,1.5569187557348148,1.5569187557348148,0.0,-0.18269821210956616,0.14383216119172673,0.5648535564853556,1.5569187557812518,0.0,239
476,train,blind,0.0,0,0.02979833591694332,0.0,0.0,0.0,0.0,0.0152834868448237,1.55628174717955,1.55628174717955,0.0,-0.185352794503022,0.18528739725214402,0.5271966527196653,1.5562817461452343,0.0,239
477,train,blind,0.0,0,0.004841264746033501,0.0,0.0,0.0,0.0,0.015470736722411222,1.5821393304290132,1.5821393304290132,0.0,-0.19838342273934131,0.30843645212024096,0.3514644351464435,1.5821393246839655,0.0,239
478,train,blind,0.0,0,0.5020268853461184,0.0,0.0,0.0,0.0,0.015481620078134861,1.5963284256069232,1.5963284256069232,0.0,-0.19618539685998887,0.2593845514703701,0.39330543933054396,1.5963284128897808,0.0,239
479,train,blind,0.0,0,0.49905009486198143,0.0,0.0,0.0,0.0,0.015063256574755683,1.5174489949038836,1.5174489949038836,0.0,-0.17852517122435507,0.1655835484732485,0.4811715481171548,1.5174489930000188,0.0,239
480,eval,blind,0.0,0,0.39266590399484474,0.0,0.0,0.0,0.0,0.008038611024633735,0.664047372952166,0.664047372952166,0.0,-0.0742222535470009,0.0,1.0,0.6640473720044285,0.0,239
481,eval,blind,0.0,0,0.16730015471176524,0.0,0.0,0.0,0.0,0.009025680377619598,0.7204386639919241,0.7204386639919241,0.0,-0.09728462338898686,0.03839876554200422,0.7866108786610879,0.7204386645977401,0.0,239
482,eval,blind,0.0,0,0.502091316396975,0.0,0.0,0.0,0.0,0.006665981680575649,0.5129161464619337,0.5129161464619337,0.0,-0.06386777036219013,0.0,1.0,0.5129161482064134,0.0,239
483,eval,blind,0.0,0,0.04457112279658256,0.0,0.0,0.0,0.0,0.008350405193257407,0.6777623343168442,0.6777623343168442,0.0,-0.07765499036214656,0.0031751684026232237,0.9916317991631799,0.6777623315413652,0.0,239
484,eval,blind,0.0,0,0.010237411712357194,0.0,0.0,0.0,0.0,0.008699496433520729,0.6939788240019746,0.6939788240019746,0.0,-0.08494552211484652,0.0,1.0,0.6939788212633347,0.0,239
485,eval,blind,0.0,0,0.42329975400295616,0.0,0.0,0.0,0.0,0.00681443304548266,0.598906373067381,0.598906373067381,0.0,-0.0691801213491983,0.0,1.0,0.598906373126669,0.0,239
486,eval,blind,0.0,0,0.0,0.0,0.0,0.0,0.0,0.008650672134931616,0.6917848383781801,0.6917848383781801,0.0,-0.08443677230795225,0.0018101427342057629,0.9916317991631799,0.6917848344701084,0.0,239
487,eval,blind,0.0,0,0.10942615455924436,0.0,0.0,0.0,0.0,0.008018299898280758,0.6556160516070522,0.6556160516070522,0.0,-0.07372579153409263,0.001335351197364907,0.99581589958159,0.6556160494753989,0.0,239
488,eval,blind,0.0,0,0.0349310103396663,0.0,0.0,0.0,0.0,0.007980423022809761,0.6458234881756196,0.6458234881756196,0.0,-0.07381260500505879,0.001335351197364907,0.99581589958159,0.6458234900271366,0.0,239
489,eval,blind,0.0,0,0.5020884493196984,0.0,0.0,0.0,0.0,0.008376586870543627,0.6896959024493166,0.6896959024493166,0.0,-0.0775392734166824,0.0,1.0,0.689695902037818,0.0,239
490,train,blind,0.0,0,0.009418925725383427,0.0,0.0,0.0,0.0,0.015252606160003521,1.5587090735156166,1.5587090735156166,0.0,-0.187672732794145,0.21944271343363306,0.46443514644351463,1.558709071090688,0.0,239
491,train,blind,0.0,0,0.4554288766948919,0.0,0.0,0.0,0.0,0.014453460891033566,1.4965547380587048,1.4965547380587048,0.0,-0.1785916926406411,0.1949316003442239,0.4309623430962343,1.4965547364835332,0.0,239
492,train,blind,0.0,0,0.0007224766159197316,0.0,0.0,0.0,0.0,0.01606744265176013,1.585899027321628,1.585899027321628,0.0,-0.19384066532861008,0.2480489035282946,0.4435146443514644,1.5858990333737455,0.0,239
493,train,blind,0.0,0,0.39594290426846546,0.0,0.0,0.0,0.0,0.014922362395706412,1.4924118047478807,1.4924118047478807,0.0,-0.1837171093784806,0.24594201608356325,0.42677824267782427,1.4924117931246645,0.0,239
494,train,blind,0.0,0,0.2032900131473154,0.0,0.0,0.0,0.0,0.014744330335907233,1.562020244708121,1.562020244708121,0.0,-0.1811638896622013,0.12169500578652183,0.5774058577405857,1.5620202485596466,0.0,239
495,train,blind,0.0,0,0.22391449630794566,0.0,0.0,0.0,0.0,0.01501227049040121,1.5056907247798712,1.5056907247798712,0.0,-0.18581976985255746,0.23979940057568472,0.4225941422594142,1.505690712853258,0.0,239
496,train,blind,0.0,0,0.4977520082539135,0.0,0.0,0.0,0.0,0.015728066531185327,1.5786259967412908,1.5786259967412908,0.0,-0.19435471778380034,0.26244102198878305,0.39748953974895396,1.5786259916566618,0.0,239
497,train,blind,0.0,0,0.5020705397838968,0.0,0.0,0.0,0.0,0.015461784627709429,1.5514329726725942,1.5514329726725942,0.0,-0.18560308075768958,0.17632570699427283,0.5188284518828452,1.5514329638621285,0.0,239
498,train,blind,0.0,0,0.06536317144762423,0.0,0.0,0.0,0.0,0.015074878993393487,1.5548284505201684,1.5548284505201684,0.0,-0.19553232876251153,0.3083177542360307,0.3891213389121339,1.554828454243938,0.0,239
499,train,blind,0.0,0,0.34251425579287914,0.0,0.0,0.0,0.0,0.013990179929788765,1.4372138336113807,1.4372138336113807,0.0,-0.19245894177162737,0.4055609958752485,0.29707112970711297,1.437213833189074,0.0,239
500,train,blind,0.0,0,0.24058936510885828,0.0,0.0,0.0,0.0,0.014600018748553727,1.548734154910722,1.548734154910722,0.0,-0.18704669965040707,0.20745422712840142,0.502092050209205,1.5487341445199971,0.0,239
501,train,blind,0.0,0,0.3926658787366775,0.0,0.0,0.0,0.0,0.014726269635601773,1.5461322463207166,1.5461322463207166,0.0,-0.1862515138751696,0.20181607762841625,0.4435146443514644,1.54613224232353,0.0,239
502,train,blind,0.0,0,0.026644077069207902,0.0,0.0,0.0,0.0,0.015348557914728026,1.5644622816700318,1.5644622816700318,0.0,-0.18938389754674978,0.21956141131784324,0.4309623430962343,1.5644622944453908,0.0,239
503,train,blind,0.0,0,0.502052641987655,0.0,0.0,0.0,0.0,0.015559980766574957,1.578169487759658,1.578169487759658,0.0,-0.1911733665298249,0.21469479806522446,0.4769874476987448,1.5781694947495952,0.0,239
504,train,blind,0.0,0,0.05326771741892722,0.0,0.0,0.0,0.0,0.015195505095404188,1.5897663143389396,1.5897663143389396,0.0,-0.18757448509458902,0.17068755749428768,0.49372384937238495,1.589766309373214,0.0,239
505,train,blind,0.0,0,0.4881335476829956,0.0,0.0,0.0,0.0,0.014628865495012395,1.5022792751320238,1.5022792751320238,0.0,-0.18399375297121903,0.2357339980414849,0.4435146443514644,1.502279281403236,0.0,239
506,train,blind,0.0,0,0.0014944071429085072,0.0,0.0,0.0,0.0,0.01502955610626163,1.5832975731235168,1.5832975731235168,0.0,-0.19282341320036456,0.23582302145464257,0.4560669456066946,1.5832975674995398,0.0,239
507,train,blind,0.0,0,0.36126752409238416,0.0,0.0,0.0,0.0,0.014792885551439544,1.5566481633665172,1.5566481633665172,0.0,-0.18061491338385258,0.13202172171281049,0.5313807531380753,1.5566481569353652,0.0,239
508,train,blind,0.0,0,0.372095166128404,0.0,0.0,0.0,0.0,0.014291769041675903,1.4844476401057702,1.4844476401057702,0.0,-0.18855726334347495,0.3219680109202053,0.3054393305439331,1.4844476448626798,0.0,239
509,train,blind,0.0,0,0.19109905445188377,0.0,0.0,0.0,0.0,0.0147838501345413,1.5283427320763656,1.5283427320763656,0.0,-0.18359347873758422,0.196385649425799,0.4811715481171548,1.5283427321330567,0.0,239
510,eval,blind,0.0,0,0.2656803508259933,0.0,0.0,0.0,0.0,0.008972486997389518,0.7443535493756936,0.7443535493756936,0.0,-0.08228998496668877,0.0,1.0,0.7443535481846045,0.0,239
511,eval,blind,0.0,0,0.44414848793262934,0.0,0.0,0.0,0.0,0.007607145182336349,0.5731342818946519,0.5731342818946519,0.0,-0.06492005402757577,0.0,1.0,0.5731342803288162,0.0,239
512,eval,blind,0.0,0,0.33866766505446294,0.0,0.0,0.0,0.0,0.008850090107763631,0.756486043645747,0.756486043645747,0.0,-0.0898474498079638,0.00041544259473574885,0.99581589958159,0.7564860477354374,0.0,239
513,eval,blind,0.0,0,0.4881335476829956,0.0,0.0,0.0,0.0,0.009271096957898134,0.8069553677319982,0.8069553677319982,0.0,-0.09985685454366774,0.0,1.0,0.8069553595077306,0.0,239
514,eval,blind,0.0,0,0.10614912902745642,0.0,0.0,0.0,0.0,0.008437753065633413,0.671675122307933,0.671675122307933,0.0,-0.08340996833724199,0.0015430724947327814,0.9874476987447699,0.6716751280712742,0.0,239
515,eval,blind,0.0,0,0.4367288415779668,0.0,0.0,0.0,0.0,0.010189163657859997,0.8747006422804988,0.8747006422804988,0.0,-0.10424719630121045,0.0,1.0,0.8747006427821119,0.0,239
516,eval,blind,0.0,0,0.5020268857079679,0.0,0.0,0.0,0.0,0.007119759011752592,0.5605364218665965,0.5605364218665965,0.0,-0.06543613723100061,0.0,1.0,0.5605364244606844,0.0,239
517,eval,blind,0.0,0,0.11274788101110218,0.0,0.0,0.0,0.0,0.00760139455379739,0.6188957047761734,0.6188957047761734,0.0,-0.06689491548588808,0.0008902341315766047,0.99581589958159,0.6188957014780715,0.0,239
518,eval,blind,0.0,0,0.36852381268091683,0.0,0.0,0.0,0.0,0.007081505125018312,0.597707529135329,0.597707529135329,0.0,-0.07426568149882468,0.0,1.0,0.5977075274232752,0.0,239
519,eval,blind,0.0,0,0.41162969583010295,0.0,0.0,0.0,0.0,0.008090587519888599,0.6897098688899722,0.6897098688899722,0.0,-0.07864521579386748,0.0,1.0,0.6897098702767699,0.0,239
520,train,blind,0.0,0,0.4859937123801958,0.0,0.0,0.0,0.0,0.015239942926040629,1.5444376772916466,1.5444376772916466,0.0,-0.19375860942341194,0.28199649841241575,0.39330543933054396,1.5444376778349915,0.0,239
521,train,blind,0.0,0,0.0034414877965033177,0.0,0.0,0.0,0.0,0.015205138549987991,1.561001123494184,1.561001123494184,0.0,-0.19094976218244708,0.24454731594409326,0.41422594142259417,1.5610011235659655,0.0,239
522,train,blind,0.0,0,0.49487416027990566,0.0,0.0,0.0,0.0,0.014503437673057347,1.4362019078502097,1.4362019078502097,0.0,-0.18584164123668193,0.35935784444642277,0.2803347280334728,1.4362019070086365,0.0,239
523,train,blind,0.0,0,0.43151492035799666,0.0,0.0,0.0,0.0,0.01479845268605082,1.5296918078945272,1.5296918078945272,0.0,-0.17847720379555995,0.12875752989702957,0.5439330543933054,1.5296918127674695,0.0,239
524,train,blind,0.0,0,0.25732146626996916,0.0,0.0,0.0,0.0,0.015397617168662189,1.5736997090124185,1.5736997090124185,0.0,-0.1864964746219303,0.17223062998902047,0.5355648535564853,1.5736997190256066,0.0,239
525,train,blind,0.0,0,0.0023364927420596237,0.0,0.0,0.0,0.0,0.015811984514950084,1.5905550334244094,1.5905550334244094,0.0,-0.1912104515045221,0.21490251936259233,0.4393305439330544,1.5905550268559299,0.0,239
526,train,blind,0.0,0,0.4986505481252782,0.0,0.0,0.0,0.0,0.014749431148732556,1.5111375308934614,1.5111375308934614,0.0,-0.17641333441535773,0.13454405175227752,0.5188284518828452,1.5111375324885914,0.0,239
527,train,blind,0.0,0,0.32300139925731,0.0,0.0,0.0,0.0,0.015424314173226825,1.5811323269141768,1.5811323269141768,0.0,-0.1876492762788603,0.1734472833021751,0.497907949790795,1.5811323082731337,0.0,239
528,train,blind,0.0,0,0.4554288604148302,0.0,0.0,0.0,0.0,0.014944684358555277,1.5122942490557747,1.5122942490557747,0.0,-0.1842749441944211,0.2295320335915012,0.38493723849372385,1.5122942568254152,0.0,239
529,train,blind,0.0,0,0.1161134909462402,0.0,0.0,0.0,0.0,0.014663370067027698,1.5355222851162675,1.5355222851162675,0.0,-0.18015265495264243,0.1468589572390872,0.5397489539748954,1.535522288593769,0.0,239
530,train,blind,0.0,0,0.34251425579287914,0.0,0.0,0.0,0.0,0.014164846598961738,1.4375604747728323,1.4375604747728323,0.0,-0.19261641117555645,0.4098637941778688,0.2510460251046025,1.43756046345092,0.0,239
531,train,blind,0.0,0,0.00046352766528258015,0.0,0.0,0.0,0.0,0.015718010076902277,1.5719922122596197,1.5719922122596197,0.0,-0.18847657276044988,0.20172705421525866,0.47280334728033474,1.5719922222031857,0.0,239
532,train,blind,0.0,0,0.1712039733909204,0.0,0.0,0.0,0.0,0.015367135851718018,1.5642578165401475,1.5642578165401475,0.0,-0.1912888673000366,0.24594201608356334,0.4309623430962343,1.5642578230309718,0.0,239
533,train,blind,0.0,0,0.3575846380647296,0.0,0.0,0.0,0.0,0.014517358574377194,1.5078316904510913,1.5078316904510913,0.0,-0.18940676049665228,0.30122555565447046,0.34309623430962344,1.507831692392998,0.0,239
534,train,blind,0.0,0,0.19109902345770474,0.0,0.0,0.0,0.0,0.01495216647942383,1.523915432237681,1.523915432237681,0.0,-0.18486877786067657,0.21460577465206684,0.4100418410041841,1.523915439278967,0.0,239
535,train,blind,0.0,0,0.5019461374421663,0.0,0.0,0.0,0.0,0.01509818561359554,1.5495583001041013,1.5495583001041013,0.0,-0.1802435647104679,0.13323837502596517,0.5481171548117155,1.5495583018949464,0.0,239
536,train,blind,0.0,0,0.023700630373153914,0.0,0.0,0.0,0.0,0.01565207239965203,1.580378750378118,1.580378750378118,0.0,-0.18708915688337352,0.1727054215258613,0.5062761506276151,1.5803787594697754,0.0,239
537,train,blind,0.0,0,0.3720951933817057,0.0,0.0,0.0,0.0,0.01568815168811624,1.5646991293300645,1.5646991293300645,0.0,-0.18757196916769386,0.19137066381791745,0.5146443514644351,1.56469913418821,0.0,239
538,train,blind,0.0,0,0.33866766505446294,0.0,0.0,0.0,0.0,0.014773725163752688,1.501990835287581,1.501990835287581,0.0,-0.18498541600561072,0.25306388913617617,0.41841004184100417,1.501990834760826,0.0,239
539,train,blind,0.0,0,0.0,0.0,0.0,0.0,0.0,0.015513205158457971,1.5579625365624368,1.5579625365624368,0.0,-0.1913160379379146,0.24475503724146114,0.4476987447698745,1.557962548176537,0.0,239
540,eval,blind,0.0,0,0.22391449630794566,0.0,0.0,0.0,0.0,0.007659176007988687,0.5695706481215346,0.5695706481215346,0.0,-0.08639627989374053,0.061900946615626576,0.7489539748953975,0.5695706466115806,0.0,239
541,eval,blind,0.0,0,0.0003611348120901913,0.0,0.0,0.0,0.0,0.00744229883820629,0.535688776351418,0.535688776351418,0.0,-0.07230141587862034,0.0,1.0,0.5356887748565876,0.0,239
542,eval,blind,0.0,0,0.48813355436147227,0.0,0.0,0.0,0.0,0.006810253579072093,0.5756048606280003,0.5756048606280003,0.0,-0.07246079538663183,0.0,1.0,0.575604858258793,0.0,239
543,eval,blind,0.0,0,0.49865054549941856,0.0,0.0,0.0,0.0,0.005536980965470888,0.414130857362408,0.414130857362408,0.0,-0.05887651785438885,0.0,1.0,0.41413085880248074,0.0,239
544,eval,blind,0.0,0,0.19514420172920505,0.0,0.0,0.0,0.0,0.006942181915208448,0.5065255715009059,0.5065255715009059,0.0,-0.06415078036515451,0.0,1.0,0.5065255729794902,0.0,239
545,eval,blind,0.0,0,0.012959528787482421,0.0,0.0,0.0,0.0,0.007566410695518285,0.5384613291738423,0.5384613291738423,0.0,-0.07177278899650662,0.006261313392088786,0.9665271966527197,0.5384613266065276,0.0,239
546,eval,blind,0.0,0,0.42329977726598883,0.0,0.0,0.0,0.0,0.007175268447533188,0.49361126916677883,0.49361126916677883,0.0,-0.064571434177753,0.0,1.0,0.49361127088131274,0.0,239
547,eval,blind,0.0,0,0.0005835245887526782,0.0,0.0,0.0,0.0,0.007689848639632119,0.5522250756309621,0.5522250756309621,0.0,-0.0738041350880733,0.0017804682631532094,0.9832635983263598,0.5522250763685747,0.0,239
548,eval,blind,0.0,0,0.4955261374568512,0.0,0.0,0.0,0.0,0.006547843850856826,0.5530666573651166,0.5530666573651166,0.0,-0.06961859655529629,0.0,1.0,0.553066658870199,0.0,239
549,eval,blind,0.0,0,0.5020820002946379,0.0,0.0,0.0,0.0,0.009201950133022186,0.8099122264395199,0.8099122264395199,0.0,-0.09600273095151882,0.018665242292056145,0.8326359832635983,0.8099122281321796,0.0,239
550,train,blind,0.0,0,0.1229728398538705,0.0,0.0,0.0,0.0,0.015313408103728644,1.5833348759048653,1.5833348759048653,0.0,-0.18547752458694675,0.15718567316537582,0.5230125523012552,1.5833348684286954,0.0,239
551,train,blind,0.0,0,0.33479187858415665,0.0,0.0,0.0,0.0,0.014162596537260081,1.4863322469479867,1.4863322469479867,0.0,-0.18414980207710457,0.27080922282560316,0.4309623430962343,1.4863322455074612,0.0,239
552,train,blind,0.0,0,0.05326771741892722,0.0,0.0,0.0,0.0,0.015830242412094665,1.5655534357206593,1.5655534357206593,0.0,-0.18526111120991842,0.1629425205495712,0.5271966527196653,1.5655534394403678,0.0,239
553,train,blind,0.0,0,0.4769458410955545,0.0,0.0,0.0,0.0,0.013905109861031736,1.428698467659651,1.428698467659651,0.0,-0.1855938418039562,0.35051485207276184,0.24686192468619247,1.4286984615354494,0.0,239
554,train,blind,0.0,0,0.12999683991421615,0.0,0.0,0.0,0.0,0.01608459863063556,1.5949641633233267,1.5949641633233267,0.0,-0.19567767531889083,0.2569512448440606,0.41422594142259417,1.5949641604548128,0.0,239
555,train,blind,0.0,0,0.0012663877662295617,0.0,0.0,0.0,0.0,0.015854671324708473,1.5806252849151898,1.5806252849151898,0.0,-0.1913347847787357,0.23525920650464405,0.4686192468619247,1.5806252827546523,0.0,239
556,train,blind,0.0,0,0.2405893336158956,0.0,0.0,0.0,0.0,0.015072431532221858,1.5366872748570461,1.5366872748570461,0.0,-0.18954565341762958,0.26564586486245884,0.40585774058577406,1.5366872632053417,0.0,239
557,train,blind,0.0,0,0.020964593625584595,0.0,0.0,0.0,0.0,0.01552789838532586,1.5793040332435064,1.5793040332435064,0.0,-0.18655049253037786,0.17338793436007002,0.5146443514644351,1.5793040297786456,0.0,239
558,train,blind,0.0,0,0.05101152724064263,0.0,0.0,0.0,0.0,0.015982673345640238,1.5857105903545683,1.5857105903545683,0.0,-0.18426909532850633,0.13038962580492003,0.5690376569037657,1.5857105928835191,0.0,239
559,train,blind,0.0,0,0.4595582126649525,0.0,0.0,0.0,0.0,0.016172134136258932,1.5732585057055102,1.5732585057055102,0.0,-0.18555206954019318,0.16220065877325737,0.5397489539748954,1.5732585068051854,0.0,239
560,train,blind,0.0,0,0.00027498420791614755,0.0,0.0,0.0,0.0,0.015570320253295505,1.5597770089384901,1.5597770089384901,0.0,-0.18359327013677817,0.16409982492062078,0.5564853556485355,1.5597770085072469,0.0,239
561,train,blind,0.0,0,0.478391402922768,0.0,0.0,0.0,0.0,0.014100650777440191,1.4930954463312316,1.4930954463312316,0.0,-0.18373847320655304,0.2540431466809104,0.38493723849372385,1.493095456471354,0.0,239
562,train,blind,0.0,0,0.031455413804247795,0.0,0.0,0.0,0.0,0.015212411598680408,1.588616805595334,1.588616805595334,0.0,-0.18833507511770256,0.18573251431793228,0.497907949790795,1.5886168008165102,0.0,239
563,train,blind,0.0,0,0.00014589538669387058,0.0,0.0,0.0,0.0,0.01572324886964829,1.5636402378521206,1.5636402378521206,0.0,-0.1923111602225624,0.2740437401703315,0.4225941422594142,1.5636402322490885,0.0,239
564,train,blind,0.0,0,0.3190210646045298,0.0,0.0,0.0,0.0,0.014636291927467081,1.5339628425602134,1.5339628425602134,0.0,-0.19006335207567374,0.25796017685984746,0.41422594142259417,1.5339628449261897,0.0,239
565,train,blind,0.0,0,0.36852381268091683,0.0,0.0,0.0,0.0,0.015388303656505117,1.5780077950724998,1.5780077950724998,0.0,-0.19787639939543208,0.2979316893676371,0.39748953974895396,1.5780078064263743,0.0,239
566,train,blind,0.0,0,0.00046352766528258015,0.0,0.0,0.0,0.0,0.015715687405162153,1.584034218698366,1.584034218698366,0.0,-0.19424306832031732,0.24706964598356035,0.4225941422594142,1.5840342231200413,0.0,239
567,train,blind,0.0,0,0.17909063403861195,0.0,0.0,0.0,0.0,0.014883105578797257,1.5538183725029853,1.5538183725029853,0.0,-0.18691983989670763,0.213003353215229,0.48535564853556484,1.5538183607729514,0.0,239
568,train,blind,0.0,0,0.1299968671675179,0.0,0.0,0.0,0.0,0.015166381120712938,1.5827458441008084,1.5827458441008084,0.0,-0.1831630322780766,0.13196237277070536,0.602510460251046,1.5827458421694027,0.0,239
569,train,blind,0.0,0,0.004340025042008344,0.0,0.0,0.0,0.0,0.015211870001480918,1.5893718784823079,1.5893718784823079,0.0,-0.192383820611646,0.22546663105730141,0.4686192468619247,1.5893718837673894,0.0,239
570,eval,blind,0.0,0,0.37911919344205136,0.0,0.0,0.0,0.0,0.008347587868430999,0.6474165405189641,0.6474165405189641,0.0,-0.08530231515811398,0.0,1.0,0.6474165401148553,0.0,239
571,eval,blind,0.0,0,0.4653420398303694,0.0,0.0,0.0,0.0,0.007771046620805331,0.6449395199949273,0.6449395199949273,0.0,-0.07783072630155846,0.0,1.0,0.644939519130477,0.0,239
572,eval,blind,0.0,0,0.4532820462560594,0.0,0.0,0.0,0.0,0.009945670372677897,0.672818139507182,0.672818139507182,0.0,-0.08531333480677425,0.0,1.0,0.6728181412491594,0.0,239
573,eval,blind,0.0,0,0.05794356438666426,0.0,0.0,0.0,0.0,0.00904744654741902,0.6841237318066873,0.6841237318066873,0.0,-0.07565650608886236,0.0,1.0,0.684123735334454,0.0,239
574,eval,blind,0.0,0,0.06794360041903054,0.0,0.0,0.0,0.0,0.009463318209573003,0.6954137404842855,0.6954137404842855,0.0,-0.08329152725944071,0.0,1.0,0.695413741631522,0.0,239
575,eval,blind,0.0,0,0.029798324749413897,0.0,0.0,0.0,0.0,0.009434202038117968,0.7087938250607526,0.7087938250607526,0.0,-0.08324046706707106,8.902341315766046e-05,0.99581589958159,0.7087938266640825,0.0,239
576,eval,blind,0.0,0,0.010237416458047271,0.0,0.0,0.0,0.0,0.009811630764796894,0.7079723084571471,0.7079723084571471,0.0,-0.08169846830357534,0.0017507937921006557,0.99581589958159,0.7079723034819702,0.0,239
577,eval,blind,0.0,0,0.22391452780090834,0.0,0.0,0.0,0.0,0.007896538186724839,0.587923910079142,0.587923910079142,0.0,-0.06343219218528895,0.0,1.0,0.5879239124239054,0.0,239
578,eval,blind,0.0,0,0.34633041948240073,0.0,0.0,0.0,0.0,0.010703685077756767,0.7990304082008586,0.7990304082008586,0.0,-0.0977427426109598,0.0008902341315766047,0.99581589958159,0.7990304105201609,0.0,239
579,eval,blind,0.0,0,0.06536319171795504,0.0,0.0,0.0,0.0,0.009589720190070164,0.6982166637436615,0.6982166637436615,0.0,-0.07808579712941241,0.001335351197364907,0.99581589958159,0.6982166623949007,0.0,239
580,train,blind,0.0,0,0.011099790736339269,0.0,0.0,0.0,0.0,0.015882151554022998,1.5940067733182068,1.5940067733182068,0.0,-0.18634148525600486,0.1627644737232559,0.5606694560669456,1.5940067835726726,0.0,239
581,train,blind,0.0,0,0.15576161381352116,0.0,0.0,0.0,0.0,0.015449412143691813,1.5713078476893851,1.5713078476893851,0.0,-0.19001018222640687,0.22813733345203124,0.48535564853556484,1.5713078484992855,0.0,239
582,train,blind,0.0,0,0.38934417804177057,0.0,0.0,0.0,0.0,0.015324754278062527,1.5137363026331658,1.5137363026331658,0.0,-0.18448648857640312,0.25018546544407844,0.40585774058577406,1.5137363003402484,0.0,239
583,train,blind,0.0,0,0.017240593236713734,0.0,0.0,0.0,0.0,0.014952362084441728,1.5404653880885455,1.5404653880885455,0.0,-0.18372988192887735,0.18261669485741416,0.5230125523012552,1.540465393565016,0.0,239
584,train,blind,0.0,0,0.1371777911142497,0.0,0.0,0.0,0.0,0.015923819598200183,1.5616840166526857,1.5616840166526857,0.0,-0.18362539923690302,0.15593934538116858,0.5313807531380753,1.5616840250949757,0.0,239
585,train,blind,0.0,0,0.32695747973790945,0.0,0.0,0.0,0.0,0.015311773642352061,1.5555008502684877,1.5555008502684877,0.0,-0.18218297942113917,0.13519689011543368,0.5774058577405857,1.555500846144013,0.0,239
586,train,blind,0.0,0,0.022306911853421187,0.0,0.0,0.0,0.0,0.015356025052603693,1.5714371690690268,1.5714371690690268,0.0,-0.18797108251600883,0.18570283984687974,0.5062761506276151,1.5714371519221852,0.0,239
587,train,blind,0.0,0,0.0038738029971952595,0.0,0.0,0.0,0.0,0.015280224573817962,1.5596582460602957,1.5596582460602957,0.0,-0.18772444381294576,0.21012492952313125,0.4686192468619247,1.5596582376841344,0.0,239
588,train,blind,0.0,0,0.43151492035799666,0.0,0.0,0.0,0.0,0.014378041116653252,1.4480066167260812,1.4480066167260812,0.0,-0.18551461488734278,0.3298614202201845,0.28870292887029286,1.4480066231529842,0.0,239
589,train,blind,0.0,0,0.4948741555965635,0.0,0.0,0.0,0.0,0.0156427847833283,1.5845490938450004,1.5845490938450004,0.0,-0.19691184187898936,0.2899492566545001,0.3807531380753138,1.5845490932810211,0.0,239
590,train,blind,0.0,0,0.09973254793120946,0.0,0.0,0.0,0.0,0.015011239943004927,1.5266193388396228,1.5266193388396228,0.0,-0.17986015444205825,0.15522715807590728,0.5146443514644351,1.526619336242233,0.0,239
591,train,blind,0.0,0,0.426090166965406,0.0,0.0,0.0,0.0,0.015925344377834053,1.5634571929855825,1.5634571929855825,0.0,-0.18242819894703327,0.13083474287070831,0.5481171548117155,1.5634571907725983,0.0,239
592,train,blind,0.0,0,0.48813355436147227,0.0,0.0,0.0,0.0,0.01450318468843731,1.524021839247588,1.524021839247588,0.0,-0.1773154911140555,0.12169500578652186,0.5481171548117155,1.5240218328901014,0.0,239
593,train,blind,0.0,0,0.0008817244371400257,0.0,0.0,0.0,0.0,0.0152606654378379,1.5806117716194696,1.5806117716194696,0.0,-0.19187179879247543,0.22021424968099945,0.4895397489539749,1.5806117680832859,0.0,239
594,train,blind,0.0,0,0.02819465429997744,0.0,0.0,0.0,0.0,0.015106258950893724,1.5666642944683091,1.5666642944683091,0.0,-0.19739406887024738,0.3144010208018042,0.37656903765690375,1.5666642938468038,0.0,239
595,train,blind,0.0,0,0.42045798061068984,0.0,0.0,0.0,0.0,0.014502738282926163,1.5028726426128562,1.5028726426128562,0.0,-0.18546921145262396,0.2708982462387608,0.3682008368200837,1.5028726508441295,0.0,239
596,train,blind,0.0,0,0.10614912902745642,0.0,0.0,0.0,0.0,0.015231599629891717,1.5544894537167568,1.5544894537167568,0.0,-0.18639526973073603,0.18507967595477612,0.5313807531380753,1.554489442660938,0.0,239
597,train,blind,0.0,0,0.4653420398303694,0.0,0.0,0.0,0.0,0.015530054418518204,1.5794705212365634,1.5794705212365634,0.0,-0.1926118087186336,0.24009614528621032,0.4560669456066946,1.5794705126726198,0.0,239
598,train,blind,0.0,0,0.5008256440260959,0.0,0.0,0.0,0.0,0.015528799217802211,1.5640455239986275,1.5640455239986275,0.0,-0.18203393841344875,0.12374254428914801,0.5397489539748954,1.5640455247697014,0.0,239
599,train,blind,0.0,0,0.3685238404330022,0.0,0.0,0.0,0.0,0.015610354572581323,1.5899625832066875,1.5899625832066875,0.0,-0.18557524297641434,0.14614676993382594,0.5774058577405857,1.589962583514006,0.0,239
600,eval,blind,0.0,0,0.2740191620142929,0.0,0.0,0.0,0.0,0.009712302347130794,0.7329066398253501,0.7329066398253501,0.0,-0.08881492561999473,0.0,1.0,0.7329066436840442,0.0,239
601,eval,blind,0.0,0,0.5020920332959219,0.0,0.0,0.0,0.0,0.01005391777535924,0.7406546687980077,0.7406546687980077,0.0,-0.08658054566113109,0.0,1.0,0.7406546739975637,0.0,239
602,eval,blind,0.0,0,0.010237416458047271,0.0,0.0,0.0,0.0,0.00978765565372037,0.7478929945115764,0.7478929945115764,0.0,-0.08320828905592227,0.001335351197364907,0.99581589958159,0.7478929961692218,0.0,239
603,eval,blind,0.0,0,0.5020526421234931,0.0,0.0,0.0,0.0,0.008484306901588133,0.6941963836987148,0.6941963836987148,0.0,-0.08081963811044002,0.0,1.0,0.6941963869622529,0.0,239
604,eval,blind,0.0,0,0.007217873016016257,0.0,0.0,0.0,0.0,0.009507725114649684,0.732915295716609,0.732915295716609,0.0,-0.08655801849122227,0.0,1.0,0.732915296964801,0.0,239
605,eval,blind,0.0,0,0.09046233746581896,0.0,0.0,0.0,0.0,0.00961455058454532,0.7389483685648092,0.7389483685648092,0.0,-0.08686159323462615,0.0,1.0,0.7389483628129643,0.0,239
606,eval,blind,0.0,0,0.17909063403861195,0.0,0.0,0.0,0.0,0.009243751936942868,0.7767289222284341,0.7767289222284341,0.0,-0.08809001188232553,0.0020178640315736372,0.9916317991631799,0.7767289248327963,0.0,239
607,eval,blind,0.0,0,0.36852381268091683,0.0,0.0,0.0,0.0,0.009522172868851899,0.8240005635816183,0.8240005635816183,0.0,-0.09613152658526097,0.0,1.0,0.8240005673315847,0.0,239
608,eval,blind,0.0,0,0.45752092677940104,0.0,0.0,0.0,0.0,0.008693379973486128,0.6717200372757772,0.6717200372757772,0.0,-0.07286779960535499,0.0,1.0,0.671720042886291,0.0,239
609,eval,blind,0.0,0,0.001494409176462552,0.0,0.0,0.0,0.0,0.010200031666731984,0.7711880419044814,0.7711880419044814,0.0,-0.08981973711140169,0.002077212973678744,0.99581589958159,0.7711880360748729,0.0,239
