episode,phase,arm,sigma,direct,A,load,load_frac,sat,clipped,x_std,q_cmd_abs,q_exec_abs,fit_gain,cond_psi,beta_cos,beta_relerr,pred_err,updates,skipped,bounded,diverged,conf,trust_pol,trust_app,corr_frac,explained,corr_dark,resid_after,reward,v_out,cr,q_loss,destroy,steps
0,train,pact,3.0,0,0.37911919344205136,0.07590301485123209,0.09487876261825084,0.05090655642074521,0.006973500905176585,0.016135491015755857,0.7640783887777368,0.7646253130176576,0.7425488953139617,4291158.324774195,0.8885424690765317,3.2230872766866843,0.04240068767286027,119.0,0.0,0.0,0.0,0.9769001222180522,0.7493723849372388,0.7413084240139279,0.7526719672712329,0.5859842276662114,0.026972613126125145,0.060726610259795914,-0.1064928593500054,0.19348294662102195,0.3138075313807531,0.7646253190708389,0.0,239
1,eval,pact,3.0,0,0.41462239765982967,0.008035950808212972,0.010044938025690103,0.0,0.0,0.0018914016443460587,0.15986913816699422,0.16837717979273537,0.5431490572925392,1341.3896642708878,0.6925361544267902,3.0364303167395015,0.005106900839697522,357.0,0.0,0.0,0.0,0.992947949026419,0.9000000000000004,0.8936531236979752,0.44893475076969824,0.39284951471587215,0.00064062643325183,0.0053299159112897366,-0.0320485006014189,0.0,1.0,0.1683771809190147,0.0,239
2,eval,pact,3.0,0,0.496713411596384,0.007713549458267876,0.009641936229035648,0.0,0.0,0.0008372118538021496,0.14525852654768334,0.14210895894710987,0.5416025741329752,12059.056849012813,0.1725944801312618,17.278844254785003,0.0038369152089483475,595.0,0.0,38.97907949790795,0.0,0.9884308244892743,0.9000000000000004,0.8895877204430154,0.9348893184055613,0.5542492487159896,0.003024232798322503,0.0037603944013475843,-0.03263392723030487,0.0885000633954609,0.42677824267782427,0.14210895906904233,0.0,239
3,eval,pact,3.0,0,0.0008817254575398053,1.6131972156909954e-05,2.0164964508546126e-05,0.0,0.0,0.0016762807640874422,0.16391087384995806,0.16304640356591557,0.04521281005050909,67596.51235617154,0.08023034781217575,56.19352722167969,0.0014749080810703681,833.0,0.0,206.44351464435147,0.0,0.9913040981881289,0.9000000000000004,0.8921736682059874,1.6760547360390095,-0.9240666235991437,0.001211551532183616,0.001164125196029779,-0.03666043166417668,0.031190566755420313,0.7907949790794979,0.16304640436132806,0.0,239
4,eval,pact,3.0,0,0.19514417073502602,0.005058192873223839,0.006322740693730754,0.0013947001810353172,0.0,0.0015870683637026807,0.1626886651231654,0.1639215350151062,0.5656157542160365,147035.02783407428,0.6090459799604436,52.14706344983568,0.003384056466324235,1071.0,0.0,339.2970711297071,0.0,0.9897609914197084,0.9000000000000004,0.8907848747454926,0.6759687335234448,0.4992066662594328,0.0013696953639627917,0.0034463230122775074,-0.035358355668243115,0.0015214910612400153,0.9874476987447699,0.1639215355333862,0.0,239
5,eval,pact,3.0,0,0.2405893336158956,0.004878838278394952,0.0060985473468935045,0.0006973500905176586,0.0,0.0016843004344093563,0.1581052256179155,0.16102872333766027,0.6045347310010359,127507.80648535564,0.6780981611008424,20.89089037384448,0.0030157805634657637,1309.0,0.0,446.8744769874477,0.0,0.9897804618131166,0.9000000000000004,0.8908023970147058,0.7204768268879711,0.546778484061075,0.0014083431479611746,0.0030219177954460526,-0.04269008649806751,0.16140484341321162,0.48535564853556484,0.16102872308128532,0.0,239
6,eval,pact,3.0,0,0.04457110651652085,0.0013856222479016766,0.0017320277559169938,0.0,0.0,0.0017012076853739418,0.16723536802884426,0.16711496190795339,-2.086370640968179,451908.1209466527,0.5425095216499711,23.90317576699676,0.002124005929975104,1547.0,0.0,608.7656903765691,0.0,0.9915024089513962,0.9000000000000004,0.8923521477682321,0.7288580091664675,-0.10997401481305591,0.0006969919988073849,0.001414810445628014,-0.03914643120595998,0.02130087485736021,0.7866108786610879,0.16711496145039587,0.0,239
7,eval,pact,3.0,0,0.4417291495469365,0.008120767193537428,0.010150958557723924,0.0,0.0,0.0015616865795023865,0.1487247398957049,0.1550524530924514,0.12247078164985255,256161.5517455544,0.5379903312756925,13.021460669310024,0.005260446352424357,1785.0,0.0,800.3305439330544,0.0,0.9888478527508021,0.9000000000000004,0.8899630429729757,0.5448010348553683,0.45164323604250123,0.002621927446770397,0.005472939098585069,-0.03658718138146545,0.0921770001267909,0.6861924686192469,0.15505245315196262,0.0,239
8,eval,pact,3.0,0,0.4977520082539135,0.010457353314817525,0.013071690867062209,0.0,0.0,0.000900824934928035,0.14354979178272032,0.1424083186617456,-1.7712972005790248,127952.99385460251,0.41052997000047853,32.83920021535961,0.005022364933283369,2023.0,0.0,977.020920502092,0.0,0.9881194760111086,0.9000000000000004,0.8893075017998907,0.8942717078842702,0.5426727469941149,0.001963865182075936,0.0046840590399506825,-0.036132027405990016,0.1418790414606314,0.28451882845188287,0.14240831823503927,0.0,239
9,eval,pact,3.0,0,0.17120400338753217,0.004284903925719092,0.0053561297525611656,0.0,0.0,0.0018422101111887762,0.16444444955642254,0.16815612973279034,-3.7992785908437674,87117.21441880231,0.35741117654687815,65.38322538511524,0.004207252660753093,2261.0,0.0,1136.5857740585775,0.0,0.9896413895874343,0.9000000000000004,0.8906772296298997,0.42207952580361524,0.44911561905258734,0.0019446983673817497,0.0036987682419235305,-0.037919609233089076,0.00025358184354000256,0.99581589958159,0.16815612988495265,0.0,239
10,eval,pact,3.0,0,0.00010017924373394666,9.633453799887544e-06,1.204181549556212e-05,0.0,0.0,0.00162290751853194,0.16637048836033713,0.16425843044304947,-1.7692738457204906,249362.68338127615,0.4121672809123993,6.0754075050354,0.002382044135724393,2499.0,0.0,1310.6778242677824,0.0,0.9901766643613951,0.9000000000000004,0.8911589705794426,45.389394669951876,-69.23115083661325,0.00157197768999924,0.001963606537950506,-0.03798548230857319,0.027513630024090272,0.7698744769874477,0.16425843034550247,0.0,239
11,train,pact,3.0,0,0.4961388843030782,0.12436214805044933,0.15545267407894955,0.08786611103113726,0.0006973500905176586,0.017298790573134677,0.8687876610077575,0.8576863224473957,-0.9889078102801306,4576.498133192501,0.5877787273798029,2.2635573520321226,0.0529337053376062,2737.0,0.0,1423.0,0.0,0.9806455790248376,0.9000000000000004,0.882581007031716,0.7103713921389838,0.5820600471779054,0.004541521133244808,0.05484428218221019,-0.10506649873754366,0.09699505515405096,0.4225941422594142,0.8576863204813576,0.0,239
12,train,pact,3.0,0,0.20738793141458225,0.050233632409129855,0.0627920365070137,0.037656904700909696,0.0027894003620706344,0.017460378959471026,0.8367961722437807,0.8475314382479281,0.6443118754789919,1104.7801194450346,0.7639847442694788,4.155170259116584,0.04222147271551473,2975.0,0.0,1423.0,0.0,0.9909041950393421,0.9000000000000004,0.8918137552847922,1.031552891426239,0.44509200765418455,0.023607759535885776,0.03982947202531863,-0.11169603383480967,0.14657030556612147,0.401673640167364,0.8475314413211578,0.0,239
13,train,pact,3.0,0,0.5019918537838604,0.12725742575537757,0.15907177225011132,0.0962343120550012,0.006276150814658927,0.017771980280025423,0.8623819125496692,0.8638921219185306,0.6284793520572295,1165.263900948369,0.5971157715722109,2.7356962085268988,0.06857290701788682,3213.0,0.0,1423.0,0.0,0.9919722167517849,0.9000000000000004,0.8927749806866985,0.7821177516870177,0.482667969592779,0.08379958623221942,0.0691710918153944,-0.10926423342040505,0.11461899328008116,0.3723849372384937,0.8638921237607279,0.0,239
14,train,pact,3.0,0,0.0043400218550171355,0.000994476092574172,0.0012430950187975454,0.0,0.0,0.016696603882036885,0.8300402377689234,0.8329483111034377,0.49740103710146627,1123.8910236438448,0.3742202929373067,8.64422353241733,0.014269195503855287,3451.0,0.0,1423.0,0.0,0.9909206409334638,0.9000000000000004,0.8918285556916912,4.930793821103003,-3.5510135539126075,0.009784038420539773,0.012664069672990453,-0.11050637205626326,0.15810827944719155,0.4100418410041841,0.8329483076756318,0.0,239
15,train,pact,3.0,0,0.3501149740058049,0.07503939554199597,0.09379923886988299,0.06276150789719745,0.0034867504525882926,0.016833306850853793,0.8213197105100464,0.8305338405415603,0.49424452387638174,991.5739651604177,0.5677230522020965,4.8977925769953545,0.06043981915782108,3689.0,0.0,1423.0,0.0,0.9909690209512432,0.9000000000000004,0.8918721027454073,0.6996895688746327,0.35471359857581464,0.027067182046410284,0.059599953966612725,-0.10315295601918605,0.09661468238874098,0.4602510460251046,0.8305338374085275,0.0,239
16,train,pact,3.0,0,0.45752092677940104,0.09908781510324592,0.12385976067691833,0.06555090844631195,0.0013947001810353172,0.01572142956314694,0.7823733344487066,0.7726458511841348,0.5312243883330453,952.061446568956,0.6610945964458098,3.4225727372089687,0.04271548664320073,3927.0,0.0,1423.0,0.0,0.9906581787384704,0.9000000000000004,0.8915923310124225,0.5472503838792377,0.5821776938724175,0.004757607756261477,0.047200285968181745,-0.10322972747272012,0.14999366045391152,0.3305439330543933,0.7726458519081288,0.0,239
17,train,pact,3.0,0,0.4881335476829956,0.12090480781742402,0.15113100186428108,0.08856346130869877,0.00488145063362361,0.01787304682715574,0.840450769937188,0.8487191147884066,0.7979544396180986,1054.2655808197405,0.7270861436382996,3.585792664454073,0.055455796782971675,4165.0,0.0,1423.0,0.0,0.9911102565262607,0.9000000000000004,0.8919992090269113,1.0186072277628548,0.6220898194344266,0.05353314400865482,0.05336591993969043,-0.10795440264849818,0.12704450361354128,0.36401673640167365,0.8487191140940687,0.0,239
18,train,pact,3.0,0,0.36126752409238416,0.07595264713573559,0.09494080359886291,0.05648535714488648,0.0027894003620706344,0.016285227093880677,0.7982922003109585,0.7952223912068491,0.5803237602301722,1182.5854517725222,0.705978052199635,5.085275423327251,0.04469325878899973,4403.0,0.0,1423.0,0.0,0.9908367512615156,0.9000000000000004,0.891753054064188,0.4591198269986514,0.49864981381346873,0.015382540133862716,0.047553041194142796,-0.10056243362042518,0.1101813110181311,0.42677824267782427,0.79522239396939,0.0,239
19,train,pact,3.0,0,0.3269574497412977,0.08261733658381745,0.10327166398569736,0.07043235901758761,0.0013947001810353172,0.017909555173786864,0.839599649277691,0.8520182015132705,0.7009199628271319,1289.293901898372,0.6271090495037733,4.5029173787667665,0.0514175677564868,4641.0,0.0,1423.0,0.0,0.9912905346399571,0.9000000000000004,0.8921614583566099,1.0871043877798217,0.5639737242978533,0.032598975612459204,0.04701256914898192,-0.11086052231963944,0.1376949410422214,0.3389121338912134,0.8520182000859796,0.0,239
20,train,pact,3.0,0,0.4510805060552793,0.10384297718212802,0.1298037140306451,0.07949791013196922,0.0006973500905176586,0.017193904683816104,0.850247395150831,0.8585903009859588,0.5881853180949159,1050.7985878150334,0.7355686580785648,2.346832493359075,0.07046963092305981,4879.0,0.0,1423.0,0.0,0.9911801645446522,0.9000000000000004,0.8920621303334895,0.7476158292646481,0.43784006084088345,0.0417745724290369,0.0699175427206032,-0.11029116330151559,0.12755166730062129,0.3305439330543933,0.8585902985348077,0.0,239
21,train,pact,3.0,0,0.4367288618482977,0.09782721237944966,0.12228400632904222,0.06624825847448165,0.004184100543105951,0.016088955434600368,0.792070926919143,0.7816945744608237,0.5493172062989559,1087.1070753281087,0.6911982662009395,2.3521984925329935,0.04545006652388948,5117.0,0.0,1423.0,0.0,0.9911233426137949,0.9000000000000004,0.892010989797664,0.5241304209937241,0.5669139395433759,0.009693600213401677,0.04983705057929149,-0.10399372088306351,0.14504881450488147,0.3514644351464435,0.7816945726273092,0.0,239
22,train,pact,3.0,0,0.38934417804177057,0.08299066494815999,0.10373832358166826,0.061366807840858045,0.0034867504525882926,0.016414875851429717,0.8065500844846709,0.8171002942772589,0.47515783624170216,1086.0264660184853,0.7071747818501923,0.9151634515329385,0.06673863942824522,5355.0,0.0,1423.0,0.0,0.9906869555616977,0.9000000000000004,0.8916182395803379,0.526614680457388,0.5414552197838245,0.0725039674767426,0.06755284651642408,-0.10424664627212282,0.12463547609991127,0.35564853556485354,0.817100295679038,0.0,239
23,train,pact,3.0,0,0.43414843287689137,0.10300946032219517,0.12876181817386223,0.092747561477717,0.005578800724141269,0.017540601727057827,0.8537287558721199,0.8569702306551913,0.5142300272337064,938.883047447045,0.782487562261366,0.7938982772029095,0.06534461874444676,5593.0,0.0,1423.0,0.0,0.9911140767101464,0.9000000000000004,0.8920026478907055,0.6041384981836407,0.6109943922992336,0.07794519966009303,0.06754420610499338,-0.10780265319688885,0.11347787498415113,0.45188284518828453,0.8569702321261775,0.0,239
24,train,pact,3.0,0,0.21976542770897894,0.04925111916611561,0.061563894730273176,0.023709903015252436,0.004881450571275655,0.016586124549218487,0.8103673342755648,0.8229096633495148,0.6846775018520435,1162.8016472341626,0.6315347811666991,5.5903846229968215,0.04175861928369421,5831.0,0.0,1423.0,0.0,0.9912671234817185,0.9000000000000004,0.892140386493635,1.2482868218047871,0.4321968603075129,0.023235612346765064,0.03722331646165448,-0.10874037919859328,0.14378090528718143,0.3305439330543933,0.8229096660613199,0.0,239
25,train,pact,3.0,0,0.2988020511427855,0.06264966304700934,0.07831207257857455,0.03974895491011472,0.0034867504525882926,0.01623740575274367,0.8096082730522715,0.8057102974987429,0.5527528440852544,1189.3228264333814,0.531547439588569,4.862453104686537,0.036596750857288536,6069.0,0.0,1423.0,0.0,0.9910549304475346,0.9000000000000004,0.8919494144587338,0.3950621757624189,0.433051797897662,0.0021336243953555822,0.039111768969012695,-0.10295703742065657,0.13034106757956132,0.3389121338912134,0.8057102981040744,0.0,239
26,train,pact,3.0,0,0.4754479658978925,0.10576720700464268,0.13220900085075318,0.06555090819692014,0.006276150814658927,0.01598284524089996,0.7781530220887651,0.7861258251023592,0.49952697167835475,1084.9187793173053,0.6331424296577364,1.009519378759871,0.06225608008870832,6307.0,0.0,1423.0,0.0,0.9906226947716589,0.9000000000000004,0.8915604056174785,0.6559591301359962,0.5948832390841292,0.08461871503719262,0.06319257425276804,-0.10519602581059473,0.16191200710029163,0.25523012552301255,0.7861258262301029,0.0,239
27,train,pact,3.0,0,0.4738973789959445,0.11075547572706824,0.13844433587234017,0.08647141109949376,0.004184100543105951,0.0175031600724594,0.8440692992140558,0.8516333462304151,0.602579064449007,942.4659730280792,0.6719220310574296,1.3010211499665072,0.06349920551000342,6545.0,0.0,1423.0,0.0,0.9911790562474079,0.9000000000000004,0.8920611404973593,0.6761595120595708,0.6270637568450284,0.09462853085249662,0.06434421937145043,-0.10723977781167658,0.11030810193990112,0.4435146443514644,0.8516333422987775,0.0,239
28,train,pact,3.0,0,0.2864649897415939,0.062345514648585926,0.07793188757800083,0.03695955473508795,0.007670850995694244,0.016300167125127586,0.8165071901541874,0.8182662018422802,0.5119919904106331,1055.88399413041,0.6844987443685846,1.08238404914425,0.06570398077421342,6783.0,0.0,1423.0,0.0,0.9914267761437963,0.9000000000000004,0.8922840793262465,0.42986582327190787,0.4457733452939696,0.06000560325327086,0.06479558637453375,-0.10401751051178612,0.1274248763788513,0.36401673640167365,0.8182662022204203,0.0,239
29,train,pact,3.0,0,0.0010625911311165598,0.000347629087323432,0.00043453634655074835,0.0,0.00488145063362361,0.017446248148174404,0.8319313751853161,0.8463616894877606,0.291507372920982,1098.5319387523698,0.9343204498291016,0.46869686245918274,0.03034921310049049,7021.0,0.0,1423.0,0.0,0.9912566435386945,0.9000000000000004,0.8921309552432104,24.94398653040511,-25.914497610948477,0.020150666236574657,0.026986171583870084,-0.10869447961259462,0.12577659439584127,0.41841004184100417,0.8463616866079612,0.0,239
30,eval,pact,3.0,0,0.49905009486198143,0.0986837837164374,0.12335472427269348,0.004184100543105951,0.0,0.008267375511491367,0.5351942197174208,0.49176127423053007,0.36073458755864257,3450.2752261620685,0.47224361054526465,4.387438293406155,0.040679069402385075,7259.0,0.0,1423.0,0.0,0.9958086594876884,0.9000000000000004,0.8962277717670137,0.7096144604624425,0.5884819237043416,0.0006429112260736039,0.04221225058022184,-0.0631855825429812,0.039178394826930384,0.5983263598326359,0.4917612766189888,0.0,239
31,eval,pact,3.0,0,0.025146201497458203,0.005804665331620013,0.007255831313958571,0.0,0.0,0.010164820211140681,0.5254320731098183,0.5489807742410125,0.5211250128606373,44124.035107217576,-0.08383758556269202,51.03885754381762,0.022374406909213544,7497.0,0.0,1442.0794979079499,0.0,0.9962109868496531,0.9000000000000004,0.8965898694852406,0.5807602151274961,0.5799476940204856,0.022143578876043957,0.020459252365067928,-0.06499852254330958,0.0,1.0,0.5489807748807217,0.0,239
32,eval,pact,3.0,0,0.3575846380647296,0.05788739791936845,0.07235924438375234,0.005578800724141269,0.0,0.008685388641283851,0.5223020999127352,0.5002850609593811,0.06528984413931714,209014.42131929917,0.3463993475121684,128.59267016534525,0.045645344461739124,7735.0,0.0,1554.4937238493724,0.0,0.988681972026825,0.9000000000000004,0.8898137568429922,0.6050056947674806,0.33104129406260796,0.015952563000923042,0.044385404500401106,-0.06604540305336427,0.07899074426271079,0.47280334728033474,0.5002850592555964,0.0,239
33,eval,pact,3.0,0,0.017240600663365867,0.003971320302260355,0.004964150049977339,0.0,0.0,0.009684302706746813,0.5282458466590698,0.5305390465521413,0.0014811560732790338,372281.9677366632,0.22379193320932747,194.72324929975565,0.008287867977845026,7973.0,0.0,1715.2092050209205,0.0,0.9945584822399347,0.9000000000000004,0.8951026111467114,0.4046660562890511,0.40337928312676197,0.005526084211763694,0.0070921299944019965,-0.06272101920793877,0.0,1.0,0.5305390472175945,0.0,239
34,eval,pact,3.0,0,0.475447956226714,0.08738298863413947,0.10922872982690282,0.007670850995694244,0.0,0.00906563115892659,0.5328212180895785,0.4987629996184026,0.019015518146680052,482592.3366893305,-0.12416923357275694,115.4188167061267,0.05098801534467038,8211.0,0.0,1862.4811715481171,0.0,0.9888978354851072,0.9000000000000004,0.8900080259624386,0.6560982353678568,0.4866303903258824,0.026871242085281685,0.05113445432022775,-0.06094349026298393,0.01521491061240015,0.7196652719665272,0.4987629995802731,0.0,239
35,eval,pact,3.0,0,7.168495677855786e-07,1.143253867214382e-07,1.4290673340179774e-07,0.0,0.0,0.010216963349814258,0.5278437844006088,0.5504990014321635,-0.45530821252068715,935868.6440899582,-0.19711439311504364,275.0335388183594,0.017641214854532083,8449.0,0.0,2009.3012552301254,0.0,0.9942811335355168,0.9000000000000004,0.8948529959348455,2316.620203176801,-23254.653388365932,0.013423213480870012,0.013632012077190262,-0.06514124181486125,0.00025358184354000256,0.99581589958159,0.5504990049696,0.0,239
36,eval,pact,3.0,0,0.49905009486198143,0.09021112478281436,0.11276389851938277,0.0,0.0,0.007932989479132214,0.4956040881792372,0.4607241971722208,-0.2424967079929945,686565.8761767782,-0.1137821949846949,85.81543220935008,0.03304408428017595,8687.0,0.0,2119.786610878661,0.0,0.9892381891047106,0.9000000000000004,0.8903143491954484,0.7291292689391987,0.6542300994798298,0.012689206303785677,0.03553653972040254,-0.06803657752968403,0.14352732344364144,0.19246861924686193,0.4607241979119644,0.0,239
37,eval,pact,3.0,0,0.43414843287689137,0.08102353236439945,0.1012794109387926,0.0,0.0,0.008533734649470442,0.5215573539045565,0.49651549775231335,-0.18232460588676597,175957.93864408997,-0.12059428087517494,79.91210117100671,0.040970301284809364,8925.0,0.0,2161.4351464435144,0.0,0.9897834879334502,0.9000000000000004,0.8908051166324935,0.6864092124282464,0.6576704474069138,0.0316828495512406,0.04064138833468461,-0.06436851762645084,0.07138328895651073,0.49372384937238495,0.4965154983610531,0.0,239
38,eval,pact,3.0,0,0.02230692015294469,0.0053579309828990776,0.006697413246671569,0.0,0.0,0.01070788631285833,0.5185048584534034,0.5588544127083224,-0.1776720337571175,596908.2330674686,0.11523814234399396,73.41500338949419,0.03142948187770766,9163.0,0.0,2289.5062761506274,0.0,0.9946420343600556,0.9000000000000004,0.8951778071445401,0.8068636456990461,0.5898659616802776,0.02956968190273936,0.026235791273945045,-0.06554910138302064,0.00025358184354000256,0.99581589958159,0.5588544110194014,0.0,239
39,eval,pact,3.0,0,0.4653420398303694,0.08679287593700206,0.10849108776615501,0.011157601448282537,0.0,0.008848824502489135,0.5406305167714921,0.5118247996937779,-0.19710333770429364,164606.48875523012,0.03652689621538298,169.80666500554423,0.05517441373723696,9401.0,0.0,2405.916317991632,0.0,0.9913217043776891,0.9000000000000004,0.8921895141880881,0.6966670726807248,0.44719948559969824,0.02809394977309487,0.054514830026027424,-0.06564354000676148,0.018891847343730186,0.8075313807531381,0.5118248015033546,0.0,239
40,train,pact,3.0,0,0.1830709686913921,0.04094756393419915,0.05118445127948663,0.02440725291872623,0.0034867504525882926,0.01700676476317906,0.819423746364386,0.8229899324133805,-1.9070907771649719,5970.8546152793215,0.07533339535423933,257.4203491348103,0.045082411243410773,9639.0,0.0,2456.0,0.0,0.9820609476775803,0.9000000000000004,0.8838548285567112,0.3228641174035277,0.3483843488355699,0.018578811399707133,0.03834958761301141,-0.10464427067081923,0.11652085710663118,0.40585774058577406,0.8229899299362903,0.0,239
41,train,pact,3.0,0,0.10942615455924436,0.030122534426360387,0.037653165974185554,0.015341701991388488,0.0,0.017350244522874075,0.841332660559331,0.8525258497214218,0.16808869789459716,1217.6935769563938,0.2649098331864658,1.305872517150815,0.04068169579475876,9877.0,0.0,2456.0,0.0,0.9910149055544801,0.9000000000000004,0.8919133952970784,0.35522226794283085,0.3837800145101815,0.030326195171652123,0.03953808380235337,-0.10733689162819644,0.10549004691264108,0.4560669456066946,0.8525258473902708,0.0,239
42,train,pact,3.0,0,0.42329975400295616,0.09838030728014434,0.1229753775893552,0.07810320982623799,0.0027894003620706344,0.01659962526916148,0.8191018392600774,0.8301875237141693,0.6738136854630634,1256.8110032340971,0.5124813113751272,4.278868811898651,0.05828823948914193,10115.0,0.0,2456.0,0.0,0.9916295616197786,0.9000000000000004,0.8924665870028061,0.8818309169867288,0.5254322274120393,0.03399827393499037,0.05814301732744414,-0.10816089658631922,0.14821858754913148,0.3138075313807531,0.8301875231021195,0.0,239
43,train,pact,3.0,0,0.1712039733909204,0.04109561624418005,0.05136951702312126,0.022315202771869165,0.006276150814658927,0.01597960179995075,0.8022649825616861,0.8074604872629733,0.41918893414062436,1241.6117374946882,0.3325118872602022,3.912098509996007,0.0417777133051493,10353.0,0.0,2456.0,0.0,0.9910694383178296,0.9000000000000004,0.8919624771034368,0.6365207335536535,0.2434357428810453,0.01643595927002967,0.040014014184322974,-0.11017974283287943,0.18448079117535182,0.28870292887029286,0.807460487372002,0.0,239
44,train,pact,3.0,0,0.4085878752840285,0.09058901695366844,0.1132362645561953,0.06973500874002608,0.004184100543105951,0.01611354846310525,0.8071134378471135,0.8018588359510549,0.4655192564222104,1065.4064382130132,0.40153744030294736,2.7545813122553806,0.04180159819672599,10591.0,0.0,2456.0,0.0,0.9913172517361502,0.9000000000000004,0.8921855052145954,0.4989227451211881,0.5450103277927895,0.001602062033224427,0.04623163574990533,-0.10350490001189,0.13198934956257133,0.3723849372384937,0.8018588371327823,0.0,239
45,train,pact,3.0,0,0.051011509713621825,0.014256666012465852,0.017820832025292367,0.0,0.0006973500905176586,0.016481015051882635,0.8175097040551477,0.8294452981220628,0.5138809458980002,1119.6097672594142,0.5220232547327066,8.220169470898776,0.035398249632521105,10829.0,0.0,2456.0,0.0,0.9911931319216803,0.9000000000000004,0.892073795386438,2.2132261416324317,-0.4754712851743954,0.017349452764916597,0.030193936697862044,-0.10675185709352078,0.12526943070876126,0.4100418410041841,0.8294452997383189,0.0,239
46,train,pact,3.0,0,0.15576158431569304,0.03917905624196514,0.048973817603471914,0.02022315250031619,0.005578800724141269,0.01650303158281706,0.8395269057990118,0.8469824910662663,0.35606286029436596,1273.1824915419063,0.7002735264194062,2.8864708477981917,0.040429212771079436,11067.0,0.0,2456.0,0.0,0.9912685682085268,0.9000000000000004,0.8921416888177145,0.644846868053842,0.23489050876263418,0.015623215432897523,0.038487551470820995,-0.1096080984388519,0.13794852288576137,0.4100418410041841,0.8469824943259491,0.0,239
47,train,pact,3.0,0,0.5018883339752502,0.12237015447149951,0.15296268273002425,0.09832636245125008,0.00488145063362361,0.016393537260494567,0.8302452854780972,0.8361156758653568,0.6066044706181003,1165.2824926655662,0.4963917312637034,2.3896767397305956,0.06622657117703695,11305.0,0.0,2456.0,0.0,0.9914181771138721,0.9000000000000004,0.8922763307224257,0.7682317489146697,0.4755969228372293,0.04886921774595976,0.06712409127459795,-0.10935263842261542,0.14517560542665145,0.37656903765690375,0.836115674893338,0.0,239
48,train,pact,3.0,0,0.11952208523755692,0.03184681596310793,0.0398085185575023,0.013249651719835514,0.0020920502715529757,0.016991961062554597,0.8359284202049966,0.8413648189485822,0.5206717711612271,1304.446106723163,0.47571079713530123,5.304886448832237,0.03311535782082334,11543.0,0.0,2456.0,0.0,0.9914039131487763,0.9000000000000004,0.8922635017578572,0.8767421022643269,0.33941902470779306,0.016893489976806165,0.031467787227807686,-0.10934338084787615,0.1313553949537213,0.3263598326359833,0.8413648160666544,0.0,239
49,train,pact,3.0,0,0.06536319171795504,0.016829505216367554,0.021036879713822423,0.0006973500905176586,0.0,0.016587997288647727,0.8378239635643101,0.8341036699556407,0.4700295446308088,1155.7516395217704,0.49317667153215805,5.230851944769776,0.013091626132850118,11781.0,0.0,2456.0,0.0,0.9910348197406306,0.9000000000000004,0.891931314099284,0.23221390704319247,0.25502371929931,0.0006930223943319952,0.013483563446521147,-0.10403567080724688,0.10510967414733106,0.4686192468619247,0.834103671552134,0.0,239
50,train,pact,3.0,0,0.2698529906927464,0.05904073987901284,0.07380092059469781,0.04393305551556863,0.0020920502715529757,0.01637117163313233,0.7943115263055059,0.7960666177412457,0.2436275144875299,1313.4427122491174,0.6348465274762222,0.9113063939445687,0.04541586067285934,12019.0,0.0,2456.0,0.0,0.9908338902385664,0.9000000000000004,0.8917504790936553,0.39391179735167087,0.4256279011909917,0.02140676088469184,0.046662284726195165,-0.10000146559784098,0.10498288322556106,0.41841004184100417,0.7960666235472514,0.0,239
51,train,pact,3.0,0,0.5015085098678519,0.11554820628784206,0.1444352494422769,0.08089261037535249,0.009065551176729561,0.017334644775253146,0.8026543831974892,0.8147758570924464,0.5604885628283274,1201.281381774647,0.5894347588886277,1.9562276110489498,0.06566659794442324,12257.0,0.0,2456.0,0.0,0.9910333765101732,0.9000000000000004,0.8919300187581752,0.8678188678128957,0.4952999390588322,0.12094773524082623,0.06495403025638327,-0.1042731962891576,0.12400152149106125,0.35564853556485354,0.8147758561159192,0.0,239
52,train,pact,3.0,0,0.5012103088587818,0.12011034480969421,0.15013792205401735,0.0850767109808064,0.004184100543105951,0.01714704111320742,0.8034307564526921,0.8148948497228543,0.6421114321034324,1180.0842254510983,0.6951059043158049,2.2835744714138397,0.06571550296997519,12495.0,0.0,2456.0,0.0,0.9916271512478465,0.9000000000000004,0.892464418042155,0.7963622489785651,0.5089631348179509,0.0962400587896506,0.06650463645794588,-0.1050844275709098,0.13693419551160135,0.3807531380753138,0.8148948497343642,0.0,239
53,train,pact,3.0,0,0.34251428529070727,0.07601732093874995,0.09502164496716356,0.05439330693568146,0.0027894003620706344,0.01643183488188366,0.803859032784047,0.8066114870574185,0.5368500915531335,1252.8557915468095,0.6711581772715477,3.6687266844087065,0.056910084455057776,12733.0,0.0,2456.0,0.0,0.9910992488701473,0.9000000000000004,0.8919893004405448,0.4601686683528052,0.4963102915482499,0.041077026698891954,0.05862447347786184,-0.10431359414201553,0.13186255864080132,0.3514644351464435,0.8066114906358213,0.0,239
54,train,pact,3.0,0,0.15576158431569304,0.041088494707517416,0.05136061593703024,0.02161785274369946,0.0006973500905176586,0.018027604807452708,0.8276829251933796,0.8369383546348396,0.6011935377719512,1195.271398568253,0.6622872285264306,7.109528396418903,0.03957822365846064,12971.0,0.0,2456.0,0.0,0.9913179697351975,0.9000000000000004,0.892186151139407,1.3331812248387807,0.3940007576491361,0.021960434682953816,0.03489422415885841,-0.1120363327831607,0.17446430835552176,0.3723849372384937,0.8369383535264072,0.0,239
55,train,pact,3.0,0,0.44414848793262934,0.10259999162269984,0.12824998077999852,0.08437936045385305,0.0006973500905176586,0.016366516205844582,0.82469656489883,0.8215210370438867,0.5887638850441538,1028.017030340857,0.7354742480621178,3.965130897433688,0.04356059908547105,13209.0,0.0,2456.0,0.0,0.9909948145495299,0.9000000000000004,0.891895313642015,0.5395977964428171,0.5822975683557114,0.00231670329409938,0.04861937888394301,-0.107614718493332,0.13630024090275136,0.37656903765690375,0.8215210409620848,0.0,239
56,train,pact,3.0,0,0.2322390740961382,0.04666046800407438,0.058325581072609135,0.0202231526250121,0.009065551176729561,0.016400951947179082,0.7902978580741205,0.800354253485113,0.4585558558857092,1045.5464648641803,0.8180420288979757,0.5795180687844503,0.06005418176712102,13447.0,0.0,2456.0,0.0,0.9906924573946199,0.9000000000000004,0.8916231967415271,0.38758235086528103,0.40456999578872255,0.055569432329409,0.05783570076292186,-0.10303706448141135,0.12336756688221125,0.37656903765690375,0.8003542520449627,0.0,239
57,train,pact,3.0,0,0.1371777911142497,0.032684744262646996,0.04085592780624568,0.017433752138245554,0.00488145063362361,0.016867383203964102,0.8274953544888037,0.8394343063671719,0.286372558404711,1224.573241165991,0.6499899770425454,0.9029999844199943,0.043452183386236895,13685.0,0.0,2456.0,0.0,0.9909203421620645,0.9000000000000004,0.8918282893412283,0.33343153632310585,0.35437316876413816,0.03231582009371974,0.04216156231198522,-0.10864418565820992,0.1383288956510714,0.4225941422594142,0.8394343102727045,0.0,239
58,train,pact,3.0,0,0.44414846890925763,0.1098173906047804,0.13727172850785524,0.09274756154006496,0.0,0.01707371019721265,0.8445475349615807,0.8564723624095757,0.6940765223742529,1085.031787313677,0.7999597499809504,2.827199978434391,0.0615273566807476,13923.0,0.0,2456.0,0.0,0.9919824587750136,0.9000000000000004,0.8927841889808368,0.9088776567660128,0.5579565009886198,0.042766899436425705,0.06024529863632124,-0.11514867487337613,0.1726892354507417,0.3389121338912134,0.8564723631277421,0.0,239
59,train,pact,3.0,0,0.09046233746581896,0.020711275423606238,0.025889093327632166,0.00488145063362361,0.0013947001810353172,0.016669410459159494,0.8049738059233422,0.8051196624793767,0.44469606552163926,1136.0940094632583,0.6375296781751402,1.813745387927259,0.023709990860841718,14161.0,0.0,2456.0,0.0,0.9910930998654545,0.9000000000000004,0.8919837721720899,0.6104326827422913,0.2349731431203892,0.010384953493844534,0.022629374493167747,-0.10497966879242454,0.1317357677190313,0.4309623430962343,0.805119660188396,0.0,239
60,eval,pact,3.0,0,0.38597856810663256,0.07073702535599752,0.08842127753301596,0.0013947001810353172,0.0,0.008426912374907489,0.554766689134941,0.5057994028763791,0.42652592711368864,3975.9468325052303,0.1926344720599004,3.1339638826737346,0.030407252726736146,14399.0,0.0,2456.0,0.0,0.9955324261258337,0.9000000000000004,0.8959791625393984,0.5498273852915544,0.5726722381313955,0.0004527128007098594,0.033997043976128856,-0.06522510640084928,0.05008241409915051,0.6861924686192469,0.5057994013487691,0.0,239
61,eval,pact,3.0,0,0.2615026996800263,0.05023697943571092,0.06279622015012837,0.00488145063362361,0.0,0.009553732003658137,0.560691804317251,0.5471129101938782,0.4046921297346698,33030.216813219144,-0.37266603096633777,31.46073706878279,0.04328117135763129,14637.0,0.0,2479.5899581589956,0.0,0.991636015880058,0.9000000000000004,0.8924723863601685,0.5548311853774208,0.4567872713847423,0.028992167721765164,0.04301284537450936,-0.06560711120643807,0.0015214910612400153,0.9707112970711297,0.5471129105644433,0.0,239
62,eval,pact,3.0,0,0.0,0.0,0.0,0.0,0.0,0.010623562023059219,0.557484482621548,0.5867817055231358,0.08271065899429095,218116.16303281905,0.12692666053771973,44.822513580322266,0.023019130859976034,14875.0,0.0,2552.845188284519,0.0,0.9966284348376127,0.9000000000000004,0.8969655742705118,nan,nan,0.01965219234057924,0.01965219206780694,-0.07033293187305416,0.0,1.0,0.5867817068173801,0.0,239
63,eval,pact,3.0,0,0.15197705929011698,0.027931482530521447,0.034914351346856644,0.0,0.0,0.009271721785233422,0.5510489354572535,0.5348074075816566,-0.3322813494041344,296590.32083551254,-0.006443303047239032,45.28041691161599,0.01831783137184852,15113.0,0.0,2685.3598326359834,0.0,0.9906492576190119,0.9000000000000004,0.8915843151852676,0.5618256181243377,0.47948784813992773,0.004175664215937205,0.017606119734622835,-0.06749301300972692,0.045771522758970465,0.7405857740585774,0.5348074064952497,0.0,239
64,eval,pact,3.0,0,0.029798324749413897,0.006994805431600356,0.008743506474031363,0.0,0.0,0.010092536094656924,0.5640026106495238,0.5715203146804826,-0.230241043352747,424361.4482217573,-0.6638315581876364,150.96553510402535,0.010662669427965663,15351.0,0.0,2791.899581589958,0.0,0.9944300924634335,0.9000000000000004,0.8949870664205511,1.046750469217965,0.1450420266124619,0.0053485838152676265,0.008517268689536337,-0.07111380489211258,0.011284392037530113,0.891213389121339,0.5715203131880662,0.0,239
65,eval,pact,3.0,0,0.4341484118583851,0.07975124546485489,0.09968905122873346,0.004184100543105951,0.0,0.008869351795777117,0.5652841216101308,0.5302158399605851,0.05160179583766891,387625.476791318,-0.03151228283064354,275.735529704074,0.0538050722171042,15589.0,0.0,2933.1799163179917,0.0,0.9884959656947826,0.9000000000000004,0.8896463458508128,0.6024652366227473,0.42634285950105577,0.025069573219271675,0.05312871819880312,-0.06378916908072349,0.0,1.0,0.5302158400797636,0.0,239
66,eval,pact,3.0,0,0.5015085098678519,0.10522673532897259,0.13153341287464754,0.0,0.0,0.008857448296972149,0.5676354126202012,0.5330107131014309,0.26357572767386706,382536.40978033474,-0.16892371448263463,188.83394005109076,0.03453846230409322,15827.0,0.0,3046.9916317991633,0.0,0.9928905549907285,0.9000000000000004,0.8936014801388505,0.7610164539404035,0.7075973392030708,0.04797094644835362,0.038104586909178284,-0.06677609977931365,0.018004310891340178,0.698744769874477,0.533010712236887,0.0,239
67,eval,pact,3.0,0,0.04666315660102996,0.012082983963128187,0.015103729057414837,0.0006973500905176586,0.003486750390240338,0.010815430371184293,0.5443930821064625,0.5864463146136895,-1.064226499910634,154796.68037395398,0.24833522500103986,149.661214676861,0.03661629092532783,16065.0,0.0,3171.899581589958,0.0,0.9943191573709623,0.9000000000000004,0.8948872197871428,1.661035212301956,-0.6630374378642894,0.019826969152639033,0.029704675118333686,-0.07577703213959151,0.06783314314695067,0.7154811715481172,0.5864463131266585,0.0,239
68,eval,pact,3.0,0,0.4634686679649094,0.08732750012941666,0.109159367785061,0.006276150814658927,0.0,0.00884995644105497,0.5699569019313636,0.5202451340822994,0.22419785912768236,485557.53942207113,-0.08730261872627745,286.0682086984483,0.04456144310027423,16303.0,0.0,3292.8870292887027,0.0,0.9905933116769192,0.9000000000000004,0.8915339626028946,0.6419452114571234,0.5274485067926162,0.012636662302871369,0.0458860618576688,-0.06157638352056402,0.0003803727653100038,0.9916317991631799,0.5202451324064851,0.0,239
69,eval,pact,3.0,0,3.583932445953487e-06,6.281613678160946e-07,7.852017402134556e-07,0.0,0.0,0.01051410025757227,0.5618279203460805,0.5841687206319186,-0.0642997410506883,543463.2137160042,-0.10320630669593811,635.1228637695312,0.01894497511534324,16541.0,0.0,3450.225941422594,0.0,0.9957703499115661,0.9000000000000004,0.8961932990840289,3101.710200763912,-4383.069633360583,0.01455229315769226,0.016379519614145535,-0.07021838206160083,0.0020286547483200205,0.9832635983263598,0.5841687216897208,0.0,239
70,train,pact,3.0,0,0.2905912866229464,0.06691266867687677,0.08364083034918991,0.05509065702619912,0.0027894003620706344,0.01648980070920622,0.8426222356044099,0.8256627241437904,-9.028739497148715,15051.236293904452,0.1911128850568039,356.529876927701,0.04527970346930012,16779.0,0.0,3565.0,0.0,0.981188937772268,0.9000000000000004,0.8830700174410473,0.4163476815426763,0.4549343320622976,0.008867986146254803,0.04352212907156077,-0.10302334318704941,0.09712184607582099,0.42677824267782427,0.8256627234152552,0.0,239
71,train,pact,3.0,0,0.0038738003089876893,0.0008435886800832263,0.0010544858347834233,0.0,0.004184100543105951,0.017125773489101163,0.8384726485198511,0.8527704981705135,0.2754074156783116,1339.8503877647752,0.7525765299797058,0.6706351637840271,0.03164269860564033,17017.0,0.0,3565.0,0.0,0.991364703018795,0.9000000000000004,0.8922282075782201,14.112250222359057,-13.767997076766987,0.019185504249936824,0.028048787200989037,-0.11012414859619392,0.1302142766577913,0.36401673640167365,0.8527704958988392,0.0,239
72,train,pact,3.0,0,0.005953148992843712,0.0015787349530990346,0.00197341855920785,0.0,0.0,0.016415924263463423,0.837022128277244,0.8369156548044173,0.2570420805380434,1209.8038146206525,0.28912724747817387,1.1410738481637324,0.002501285466765907,17255.0,0.0,3565.0,0.0,0.9910171408533551,0.9000000000000004,0.8919154058939244,0.3800240813069384,0.17016737912553903,0.001212129302837725,0.0023754515606018854,-0.10987772164106908,0.14771142386205147,0.35564853556485354,0.8369156556829283,0.0,239
73,train,pact,3.0,0,0.2531380826036473,0.06184036690798493,0.07730045375836381,0.04811715599632662,0.0013947001810353172,0.016841769852640427,0.8382872733361552,0.840389971952558,0.33760971261118244,1137.3764255156577,0.3684704064325309,1.1253321904018834,0.03373182263153543,17493.0,0.0,3565.0,0.0,0.9913330853733557,0.9000000000000004,0.8921997542161821,0.4139120537286749,0.4548170199602861,3.1448850371694374e-05,0.03657531595682375,-0.10947410394350143,0.1402307594776214,0.4100418410041841,0.8403899730539445,0.0,239
74,train,pact,3.0,0,0.228072871281629,0.045351323118635746,0.05668915063209752,0.017433752262941464,0.00488145063362361,0.015586449574702517,0.7649465533729377,0.7669793681619557,0.38235134721799874,1102.405170265102,0.6295397632042234,0.9421882853847169,0.05746937245734535,17731.0,0.0,3565.0,0.0,0.9913932149879104,0.9000000000000004,0.8922538675024918,0.3541404740032066,0.3679470218724149,0.049277255849912764,0.05592171971639424,-0.10351008057580155,0.15316343349816156,0.33472803347280333,0.7669793668045269,0.0,239
75,train,pact,3.0,0,0.37911919344205136,0.0735243701314495,0.09190545766134894,0.03207810416381229,0.0027894003620706344,0.015158603580134714,0.7332050682485852,0.7381324751855938,0.5882494783800516,1166.8323213585252,0.5190142409322651,3.943169537199092,0.04744967702137127,17969.0,0.0,3565.0,0.0,0.9899576665467298,0.9000000000000004,0.8909618824595686,1.002269079862469,0.5017523494924643,0.026592953684579194,0.045329919990900296,-0.10739310668363683,0.19766704703943194,0.2384937238493724,0.738132475432348,0.0,239
76,train,pact,3.0,0,0.0017479297706943053,0.0004394080103669709,0.0005492599677123036,0.0,0.0,0.017062327026674002,0.8562013251262729,0.8568131732890796,0.4802617177554254,922.2339617996535,0.5499577522277832,6.585958957672119,0.002840373580461898,18207.0,0.0,3565.0,0.0,0.9912912698470399,0.9000000000000004,0.8921621197437143,0.08330162851616713,0.0801282692845755,0.002368516218823722,0.0025879996743417423,-0.11365927975528743,0.16989983517180168,0.3514644351464435,0.8568131652028967,0.0,239
77,train,pact,3.0,0,0.02230692015294469,0.006283595708273006,0.007854494150633856,0.0,0.0,0.016752549939083566,0.8454563642645481,0.8429342503328203,0.46830226063229546,1311.901939232479,0.5594572125618428,6.0753726542744175,0.0054977794627052105,18445.0,0.0,3565.0,0.0,0.9913617000919007,0.9000000000000004,0.8922255059166433,0.1593101198630292,0.17599317244282942,0.0003550701758662861,0.005579413831746857,-0.10703961857125605,0.11829593001141119,0.40585774058577406,0.8429342509908386,0.0,239
78,train,pact,3.0,0,0.4085878510234286,0.08260446416739743,0.1032555743568006,0.04323570554974688,0.005578800724141269,0.015646569630536386,0.7660611407776757,0.7704691218531781,0.48061157494908097,1206.7812211423739,0.6573642675597299,2.425804879500776,0.06305611336985642,18683.0,0.0,3565.0,0.0,0.9906819180963429,0.9000000000000004,0.8916137053876741,0.7111060111164408,0.3552179426311538,0.026847474109859038,0.061496148499656296,-0.10531686081833762,0.17091416254596173,0.24686192468619247,0.7704691221139904,0.0,239
79,train,pact,3.0,0,0.0008817254575398053,0.0002863227263139025,0.0003579033785716389,0.0,0.0,0.016426108934367113,0.82707862668207,0.8273273296186615,0.4062352115639084,912.5374980591331,0.612712562084198,4.233142852783203,0.0029662556320179945,18921.0,0.0,3565.0,0.0,0.9908703064319978,0.9000000000000004,0.8917832521713928,0.09631060567414074,0.10305426347935842,0.002585841914716574,0.0026833653725006875,-0.10652323823137798,0.1184227209331812,0.4435146443514644,0.8273273290277651,0.0,239
80,train,pact,3.0,0,0.00791006892580767,0.002116672570413372,0.0026458405342077735,0.0,0.0,0.016730262599320436,0.8494891443262539,0.8497052503180803,0.34373301317502264,953.1364516254249,0.3604966799872752,1.0557111559053844,0.003279357938013487,19159.0,0.0,3565.0,0.0,0.9912855899483589,0.9000000000000004,0.8921570087077727,0.39627842764097404,0.13747224011571846,0.0015020694836449995,0.0031263261542594156,-0.11179588461432977,0.1626727526309116,0.3472803347280335,0.8497052485989969,0.0,239
81,train,pact,3.0,0,0.4554288766948919,0.09976814587105642,0.12471017593616049,0.061366807840858045,0.0013947001810353172,0.015554507102263958,0.7788861892712167,0.7663219073576907,0.4780488118342276,1035.0715840231924,0.5611204292983689,0.9129865581021648,0.042269330640824956,19397.0,0.0,3565.0,0.0,0.9907717133665683,0.9000000000000004,0.8916945193103167,0.5452862390740936,0.5764822614122289,5.615129853140388e-05,0.046480243618891685,-0.10028586733401497,0.1387092684163814,0.32217573221757323,0.7663219033706545,0.0,239
82,train,pact,3.0,0,0.30288375901140147,0.07299542711157167,0.09124427885368756,0.06066945775034038,0.007670850995694244,0.016917691976182692,0.8587464702678026,0.8634894967827338,0.4590525266765052,1064.2968987500817,0.6705454868190458,0.9149146788289856,0.06676633720175133,19635.0,0.0,3565.0,0.0,0.9910198662071548,0.9000000000000004,0.8919178594106411,0.4911954366368828,0.5100249893772059,0.061819747133859404,0.06615822817779547,-0.1087909323035735,0.11360466590592112,0.4476987447698745,0.8634894948055672,0.0,239
83,train,pact,3.0,0,0.00046352766528258015,0.00015921211289047073,0.0001990151194069889,0.0,0.005578800724141269,0.018109872535837495,0.8732778693093416,0.884334373050155,0.36197773856597965,1173.3284919770692,0.8962740898132324,0.4748317003250122,0.03548491459581456,19873.0,0.0,3565.0,0.0,0.9916585150124139,0.9000000000000004,0.8924926404673684,0.516862626992636,0.24836252316733798,0.03334467479380131,0.031248692662268096,-0.1097791339209236,0.09547356409281096,0.4351464435146444,0.88433437565598,0.0,239
84,train,pact,3.0,0,0.051011509713621825,0.012479758867077606,0.015599697764240065,0.0020920502715529757,0.0020920502715529757,0.017361460223396515,0.8299864754392512,0.8283637621163324,0.2413698251526725,1085.3598354451326,0.6851175557120575,1.2251865404919102,0.015706605191618227,20111.0,0.0,3565.0,0.0,0.9911104358389786,0.9000000000000004,0.8919993658943655,0.49819689844826415,0.14354291858793378,0.006064357881573697,0.014977155464324344,-0.10752945587848856,0.13376442246735135,0.39330543933054396,0.8283637654592539,0.0,239
85,train,pact,3.0,0,0.2864649582486312,0.05645414618894586,0.0705676785239813,0.03207810403911639,0.006973500905176585,0.016106601167376694,0.7772632076650484,0.7887785031331633,0.32868447949696783,1130.794824320901,0.6505726054778408,2.875318329578663,0.052774341020511005,20349.0,0.0,3565.0,0.0,0.9909924602907572,0.9000000000000004,0.891893190070675,0.6007271824108878,0.2366526687634639,0.018657964357984596,0.05090224528884921,-0.10806603930811264,0.16622289844047164,0.28870292887029286,0.7887785009562077,0.0,239
86,train,pact,3.0,0,0.501946137909228,0.11576719953075526,0.14470899064956835,0.08368201073742312,0.0027894003620706344,0.016878755821624312,0.822087820104974,0.8231535440458913,0.5513787112475439,1027.6934094289356,0.7283180398422305,1.8611053132362445,0.06071179346001228,20587.0,0.0,3565.0,0.0,0.9911013350327145,0.9000000000000004,0.891991181104253,0.7161479408958713,0.4771274687230088,0.004825817886739969,0.06213123980319229,-0.10717870387330466,0.13249651324965134,0.40585774058577406,0.8231535416254537,0.0,239
87,train,pact,3.0,0,0.12646471729623124,0.030816511697590445,0.0385206374968262,0.008368201086211903,0.0006973500905176586,0.017184632782586636,0.8369424465311123,0.8491670207498463,0.5432227161638906,1218.6207140040697,0.5887655089589842,3.3567966359928563,0.03246863934827119,20825.0,0.0,3565.0,0.0,0.9916925552499843,0.9000000000000004,0.8925232824920112,0.9909733265105806,0.3115021030326738,0.01595175125025558,0.030545313520138794,-0.1105111823325952,0.1397235957905414,0.33472803347280333,0.8491670183305505,0.0,239
88,train,pact,3.0,0,0.2947040708871606,0.0674336133607277,0.08429201127975039,0.050906556358397255,0.004184100543105951,0.01771757362905313,0.8459125622545824,0.8468718941491019,0.4154699884947374,1174.250230350255,0.7161995070249965,2.8342263830755545,0.059041409513369496,21063.0,0.0,3565.0,0.0,0.9912451495685338,0.9000000000000004,0.8921206144608215,0.6446568724392173,0.30905857507983014,0.02443046028482292,0.05757832380082793,-0.10770772296285229,0.11309750221884113,0.4309623430962343,0.8468718931923812,0.0,239
89,train,pact,3.0,0,0.4341484118583851,0.10279368037310374,0.1284920927830027,0.07601115961703296,0.008368201086211903,0.01734369715469184,0.8541319167015443,0.8608384763346556,0.5251697648519252,1260.5371522783735,0.6656292379525914,3.0999783237608907,0.07333044186585182,21301.0,0.0,3565.0,0.0,0.9917028257038802,0.9000000000000004,0.8925325286937059,0.7268444053664227,0.4076063574513852,0.03857860654808473,0.07183454547732071,-0.1111098334302966,0.13503233168505135,0.39748953974895396,0.8608384767541531,0.0,239
90,eval,pact,3.0,0,0.15197702979228886,0.03151397879772954,0.03939247180970296,0.0020920502715529757,0.0,0.011514919893777146,0.63776034391076,0.6390128719258009,0.30313455908867104,6339.271307143207,0.5087210725540895,3.889840652503728,0.030135639742012894,21539.0,0.0,3565.0,0.0,0.9974728264070455,0.9000000000000004,0.8977255190266725,0.6529861644813555,0.30321542656324185,0.012198046325162673,0.029225349575320112,-0.08185160945952615,0.09382528210980091,0.5523012552301255,0.6390128733555184,0.0,239
91,eval,pact,3.0,0,0.4948741555965635,0.11221425204263392,0.14026780724347662,0.009065551176729561,0.0,0.0098980973045065,0.6124305183917409,0.5782707777482197,0.45191324524051474,51464.445214435145,-0.4485823370547474,79.03328949636995,0.04506467316868602,21777.0,0.0,3565.0,0.0,0.9909601787642954,0.9000000000000004,0.8918641385423588,0.7795245753735974,0.6264781045042351,0.021820816181359753,0.047204917162329454,-0.08074550464321475,0.15113477874984152,0.1506276150627615,0.5782707727990277,0.0,239
92,eval,pact,3.0,0,0.3269574497412977,0.07435684157174985,0.09294604720931625,0.017433752262941464,0.0,0.011554230295587331,0.6546609710948736,0.6468192131948272,0.039998231862893786,177154.95938480648,-0.34720751119458027,111.33290500720675,0.052177914332551686,22015.0,0.0,3572.405857740586,0.0,0.9922305662262889,0.9000000000000004,0.8930074864351599,0.7714470350145076,0.4680279317302528,0.026854802052130793,0.048877335017133955,-0.07570243182371392,0.00595917332319006,0.9205020920502092,0.6468192085019874,0.0,239
93,eval,pact,3.0,0,0.5019461374421663,0.1256991366716187,0.15712391236450166,0.015341701991388488,0.0,0.010940893212232006,0.6574910106020493,0.6225396251329318,0.18005326086977716,425496.70639382844,0.014499977816999052,193.40243180725864,0.0508883332991466,22253.0,0.0,3633.2510460251046,0.0,0.991098308787685,0.9000000000000004,0.8919884578702839,0.8423074851215012,0.6099190737864841,0.04983276082202792,0.05233057270364282,-0.07290866616194482,0.0065931279320400665,0.9205020920502092,0.6225396219323117,0.0,239
94,eval,pact,3.0,0,0.5015085098678519,0.12196765960703548,0.15245956537723163,0.01394700181035317,0.0,0.010641348454711578,0.6266862162735671,0.610243873242055,-3.9277716240374114,377978.976333682,-0.28011786834839497,201.6189394037095,0.05973385729939992,22491.0,0.0,3690.0,0.0,0.9915746298295185,0.9000000000000004,0.8924171430171783,0.8730854000057677,0.6608542615191226,0.11142907979396674,0.049305552858313756,-0.0879304883108184,0.19728667427412197,0.008368200836820083,0.610243872813132,0.0,239
95,eval,pact,3.0,0,0.32695747973790945,0.07869580283783979,0.0983697485129269,0.009762901204899265,0.0,0.011436805281998535,0.6598860338392617,0.639841129465582,-0.8053074691005155,196293.46579171024,-0.3205526135160459,319.4006216935034,0.054030465712248656,22729.0,0.0,3690.0,0.0,0.9902726358200217,0.9000000000000004,0.8912453527979273,0.6607466007432253,0.6006959306061787,0.04062767382157911,0.05154398190457701,-0.07736660961247595,0.022822365918600228,0.5857740585774058,0.6398411310455093,0.0,239
96,eval,pact,3.0,0,0.41462239765982967,0.10231457910128511,0.12789321683704508,0.010460251357764879,0.0,0.011275455733628701,0.6601390765052461,0.6366853609244694,0.05611532890709374,394375.20972803346,-0.08294658062036567,77.44660296899005,0.05522384999415381,22967.0,0.0,3720.2887029288704,0.0,0.9928530864885162,0.9000000000000004,0.8935677525139254,0.6909543202284272,0.6637105168202193,0.05287860650079031,0.056390644689226936,-0.07642525661722163,0.029542284772410287,0.5857740585774058,0.6366853643920247,0.0,239
97,eval,pact,3.0,0,0.09046233746581896,0.024557697769162144,0.03069712038338355,0.0013947001810353172,0.0,0.012574066353424075,0.6429047368809768,0.6775783882729678,0.28786616574068824,421083.45299424685,0.21289417624598267,389.38452490004534,0.034943445559365044,23205.0,0.0,3768.845188284519,0.0,0.9948306043776508,0.9000000000000004,0.8953475198985144,1.3277322063355683,0.23834037543301856,0.02153147341120114,0.02860030995790991,-0.08629043414914511,0.07074933434766072,0.6610878661087866,0.6775783912465055,0.0,239
98,eval,pact,3.0,0,0.47063660832414467,0.08643912879075995,0.10804890527995888,0.006276150814658927,0.0,0.008776429730562968,0.5602298718117271,0.5242225985397355,nan,244109.89856825315,-0.49571029118663595,115.86478164704774,426009947.0795146,23443.0,0.0,3860.9330543933056,3.9581589958158996,0.9586218964604654,0.9000000000000004,0.8627596872870393,0.7220190376521681,0.6441272000961504,0.013590512658433558,0.03717837735297447,-0.08709965383929191,0.22378597692405228,0.1506276150627615,0.5242225979351494,0.0,239
99,eval,pact,3.0,0,0.1870741706890581,0.03845660511459256,0.04807075409640126,0.008368201086211903,0.0,0.011225198937198108,0.6587995212197802,0.6309712045362305,nan,115967.3131210774,-0.3890354978115489,nan,0.03253329522049475,23681.0,0.0,3876.0627615062763,163.0,0.8269832347476832,0.9000000000000004,0.7442848943018016,0.46547063654178594,0.22236597127640723,0.004179120563074118,0.03157667651096414,-0.07450988582661416,0.009382528210980092,0.9414225941422594,0.6309712065565534,0.0,239
100,train,pact,3.0,0,0.14082450920353773,0.03339251406949523,0.041740639589790976,0.016039052081906147,0.0034867504525882926,0.016840405720305554,0.8237969266819655,0.8320582813922331,nan,6190.439602776052,0.38044824381846015,nan,0.03978670746339855,23919.0,0.0,3881.0,402.0,0.8163197875396976,0.9000000000000004,0.7346877870948744,0.5487958228423239,-0.010758671441477796,0.008773087161366645,0.03614258603107624,-0.10505781576674027,0.10244706479016102,0.4686192468619247,0.8320582846494112,0.0,239
101,train,pact,3.0,0,0.14082450920353773,0.03627330147211834,0.04534162359524397,0.01813110229111117,0.0006973500905176586,0.01731250913196076,0.8534974423412499,0.8558090675824855,nan,1176.0968625375915,0.4896610619258681,nan,0.03713582777009038,24157.0,0.0,3881.0,641.0,0.8254384390978634,0.9000000000000004,0.742894573939894,0.4791134457000714,0.17608107601951972,0.010534239738671186,0.03604302619168414,-0.10935814791243821,0.11931025738557119,0.4769874476987448,0.8558090658928318,0.0,239
102,train,pact,3.0,0,0.022306911853421187,0.006467057288463362,0.008083821254293215,0.0,0.0,0.017390687438507395,0.8472421863837222,0.8478205756412889,nan,1168.7359537419914,0.4535221997414673,nan,0.008496640617081216,24395.0,0.0,3881.0,880.0,0.8255878966223744,0.9000000000000004,0.743029086659643,0.3580545182681498,0.1061960428159654,0.0030104417320014547,0.008190987163246951,-0.11072654220029418,0.1382021047293014,0.4225941422594142,0.8478205749443863,0.0,239
103,train,pact,3.0,0,0.14082450920353773,0.03190103205279267,0.03987628755993337,0.011854951538800196,0.009065551176729561,0.015788637469892845,0.7770352699018422,0.7794185989072632,nan,1112.8170725291743,0.6384017653295685,nan,0.03324269288181518,24633.0,0.0,3881.0,1119.0,0.8253582032654575,0.9000000000000004,0.7428223672771055,0.3909344094345611,0.151947182201429,0.00899476314210618,0.031370461966392336,-0.10450166331016243,0.15303664257639155,0.3514644351464435,0.7794185942457449,0.0,239
104,train,pact,3.0,0,0.07326333691171423,0.01807696668300074,0.02259620688328065,0.0034867504525882926,0.0,0.016673114011453848,0.8400647759312865,0.8374251608569253,nan,1188.0573153316227,0.5187360037694915,nan,0.020236952234900782,24871.0,0.0,3881.0,1358.0,0.8255225963672335,0.9000000000000004,0.7429703217171226,0.33798617749327275,0.13035571210427688,0.005752225683127541,0.019668444932538776,-0.10483425201855529,0.09382528210980093,0.4560669456066946,0.8374251593163169,0.0,239
105,train,pact,3.0,0,0.29470410188133966,0.06622000898524794,0.0827750056527156,0.05509065715089503,0.005578800724141269,0.016513029146534255,0.838547090107427,0.8427975198963197,nan,1077.5524835945673,0.5412942646811697,nan,0.04276368748744907,25109.0,0.0,3881.0,1597.0,0.824894254177684,0.9000000000000004,0.7424048108037047,0.32246794052030464,0.35605193138729463,0.00023792564967786573,0.044669984569504564,-0.10839775943350194,0.1293267402054013,0.4309623430962343,0.8427975246226311,0.0,239
106,train,pact,3.0,0,0.06794362143753681,0.0161494858757464,0.020186856596928045,0.0013947001810353172,0.0006973500905176586,0.01672661302915178,0.8214471044650138,0.8236076926586519,nan,924.3395781576883,0.7155607685010303,nan,0.036046186381187215,25347.0,0.0,3881.0,1836.0,0.8255575832961494,0.9000000000000004,0.7430018089306405,0.20327342385605707,0.20052085597691094,0.029077489273485673,0.03389868617182496,-0.10599301243578661,0.11499936604539115,0.4435146443514644,0.8236076929859155,0.0,239
107,train,pact,3.0,0,0.5000638237883528,0.1148414553957626,0.14355180968843312,0.07322175925496233,0.011157601448282537,0.016443253634107848,0.7891586604976255,0.7903185453125623,nan,993.379727032394,0.558725555696248,nan,0.07349249673130528,25585.0,0.0,3881.0,2075.0,0.8256273496599875,0.9000000000000004,0.7430646013016481,0.5361974445821023,0.3863086278051475,0.03224607827141881,0.07265325717698144,-0.10528325218754886,0.16330670723976165,0.27615062761506276,0.7903185404615072,0.0,239
108,train,pact,3.0,0,0.0002749838577568819,7.910639960070386e-05,9.888300016302241e-05,0.0,0.0,0.01794260591521828,0.8590551561142111,0.8639772356678751,nan,1227.0769022538573,0.2961468994617462,nan,0.016234517537014048,25823.0,0.0,3881.0,2314.0,0.8255524343526514,0.9000000000000004,0.742997174981249,37.43222455616584,-40.43926126563031,0.012097784120975343,0.0145216564450337,-0.1108702125613695,0.12818562190947128,0.40585774058577406,0.8639772368320546,0.0,239
109,train,pact,3.0,0,0.4955261374568512,0.1024656208447447,0.12808201950184758,0.06415620832762459,0.010460251357764879,0.01599998420268048,0.7907765253318404,0.7932110109588592,nan,950.8342438382583,0.5942618513955232,nan,0.06550928883507938,26061.0,0.0,3881.0,2553.0,0.8249439953760123,0.9000000000000004,0.7424495833688202,0.43075636460606975,0.3612774713905168,0.0004426872770030362,0.0653004929056551,-0.10214669697540121,0.12628375808292125,0.39330543933054396,0.7932110129559382,0.0,239
110,train,pact,3.0,0,0.40549756067851994,0.09178977291411833,0.11473720850847115,0.08437936076559283,0.008368201086211903,0.017386587754098473,0.8294658577965892,0.8419412466147953,nan,1091.7335028867842,0.592305007714108,nan,0.0640920177394345,26299.0,0.0,3881.0,2792.0,0.8258357549312224,0.9000000000000004,0.743252162404639,0.6969566693207009,0.4011467195625097,0.024700229633835297,0.06195442120166628,-0.10997004836727363,0.14872575123621148,0.3682008368200837,0.8419412533166288,0.0,239
111,train,pact,3.0,0,0.4990500914879464,0.1144979728935529,0.14312245658865128,0.08856346124635082,0.005578800724141269,0.01653426270211061,0.8089302199031518,0.8092457733144321,nan,1110.8725933250523,0.6572865997148857,nan,0.08005916441607612,26537.0,0.0,3881.0,3031.0,0.8253376683430692,0.9000000000000004,0.7428038870939151,0.5253780587937227,0.33691011982555474,0.03848227791731124,0.07982603920950987,-0.11179706277348399,0.201470774692532,0.3389121338912134,0.8092457696621405,0.0,239
112,train,pact,3.0,0,0.36852381268091683,0.08291486865089982,0.10364358048090058,0.06973500874002608,0.009065551176729561,0.01685356753819844,0.809311455824884,0.8157571927024729,nan,1133.1306673313284,0.6981373514091619,nan,0.06510043548318756,26775.0,0.0,3881.0,3270.0,0.8252764384118084,0.9000000000000004,0.7427487717512761,0.585021061443315,0.32730087152782383,0.022134918456948878,0.06341500428970903,-0.10890928688862551,0.1619120071002916,0.30962343096234307,0.8157571922881917,0.0,239
113,train,pact,3.0,0,0.5008256455296923,0.10595189430545414,0.13243985970041053,0.06834030862133872,0.012552301629317855,0.01577748633847108,0.7660129965598613,0.7716992796714336,nan,906.4584498704727,0.6608836036097554,nan,0.06869312580606694,27013.0,0.0,3881.0,3509.0,0.8247937854363828,0.9000000000000004,0.7423143853203522,0.4896597262409662,0.3573389279767667,0.007575156694442472,0.06888544020607335,-0.10113103647437686,0.1300874857360213,0.34309623430962344,0.7716992810193869,0.0,239
114,train,pact,3.0,0,0.215627043554328,0.04932404684827302,0.06165505479103372,0.028591353711224,0.0027894003620706344,0.01697989974451489,0.8286270880798915,0.8391095841280087,nan,1211.176126264628,0.7183885162844319,nan,0.04403625054004365,27251.0,0.0,3881.0,3748.0,0.8256496986584684,0.9000000000000004,0.7430847097640257,0.7231765828300931,0.2912025096487927,0.01516578724658757,0.04203777621494349,-0.10980784284011298,0.14568276911373146,0.3514644351464435,0.8391095884350203,0.0,239
115,train,pact,3.0,0,0.1161134909462402,0.029369810731748727,0.03671226104491945,0.015341701991388488,0.00488145063362361,0.01683315486456248,0.8367208094028249,0.8349381634755114,nan,1354.1085465562892,0.6693001867712293,nan,0.02290395879482508,27489.0,0.0,3881.0,3987.0,0.8255503955745298,0.9000000000000004,0.7429953377117173,0.22462127939725,0.24337515675497778,0.0009473682578325017,0.023114192016444608,-0.10512579001828093,0.10637758336503106,0.4560669456066946,0.8349381638856674,0.0,239
116,train,pact,3.0,0,0.19920827428452043,0.046384444237964124,0.05798055188573408,0.02719665334314482,0.0034867504525882926,0.017112797958129495,0.8340758718706075,0.8369965434199098,nan,1037.9855734853065,0.7352780553835705,nan,0.04249409295932222,27727.0,0.0,3881.0,4226.0,0.8253760395189709,0.9000000000000004,0.7428384148924919,0.6570569567326976,0.289244754716638,0.01541901927019794,0.040471196721871015,-0.11049564071036606,0.14416127805249143,0.39748953974895396,0.8369965412969222,0.0,239
117,train,pact,3.0,0,0.45592253365450436,0.13256948110130098,0.16571184237384134,0.05555555679731899,0.018518519070413377,0.017047874694172706,0.8621002700593736,0.8846685687700907,nan,960.2903255886501,0.5608493727114465,nan,0.10699560581189063,27863.5,0.0,3881.0,4363.5,0.8250320470995374,0.8999999999999999,0.7425288193755679,0.1778153436817074,0.19290922071172967,nan,0.10785025073629287,-5.678367102590298,0.24663299663299665,0.25,0.8846685653498871,0.027777777777777776,36
118,train,pact,3.0,0,0.4488243158769947,0.10041312255050182,0.12551639682913057,0.07601115936764115,0.011157601448282537,0.016890649442175193,0.8100525618347663,0.8195866750374,nan,1007.9180343819463,0.7191702684847381,nan,0.07161714115752897,28000.0,0.0,3881.0,4501.0,0.8255789910899046,0.9000000000000004,0.7430210784389384,0.603032927712624,0.3695482865776497,0.028193005656320897,0.07004136429265703,-0.10575711661641561,0.12552301255230125,0.4100418410041841,0.8195866705948226,0.0,239
119,train,pact,3.0,0,0.12646474479892483,0.032994914511934696,0.04124364057284484,0.016039052081906147,0.0027894003620706344,0.017266515190381884,0.8354024383313486,0.8341324819431145,nan,1014.8115099025072,0.5876165206798486,nan,0.028118713873078818,28238.0,0.0,3881.0,4740.0,0.8251860219065614,0.9000000000000004,0.742667399939134,0.22653582614701837,0.24476383916963074,0.004524342145758068,0.02842890603286258,-0.10786702322439043,0.1299606948142513,0.45188284518828453,0.8341324828508458,0.0,239
120,eval,pact,3.0,0,0.4175653372727219,0.054117190705952174,0.06764648539872298,0.0013947001810353172,0.0,0.008660316444391766,0.5307668657607114,0.4939378971958759,nan,3834.227910380982,0.4279752956025271,nan,0.038113543742324646,28476.0,0.0,3881.0,4979.0,0.829619940853518,0.9000000000000004,0.7466579244226591,0.570204301418276,0.35248812395360785,0.00879038373939693,0.03784050850906881,-0.07727115978495724,0.17573221757322174,0.29707112970711297,0.4939378990901211,0.0,239
121,eval,pact,3.0,0,0.14450739523119227,0.026918586000004224,0.03364823068944868,0.0,0.0,0.01057303135349536,0.5885533227830752,0.5685455979911852,nan,50932.29186960643,0.07503433130042449,nan,0.014177646427429923,28714.0,0.0,3897.916317991632,5218.0,0.8279758816483629,0.9000000000000004,0.7451782712876547,0.560570707000184,0.5173063202880055,0.0017118176955878033,0.014301755775845606,-0.07221410038993341,0.05515405096995057,0.6569037656903766,0.5685455967706637,0.0,239
122,eval,pact,3.0,0,0.350115003503633,0.058861237549075414,0.07357654234964452,0.01882845244397678,0.0,0.010454394700683685,0.5869060868249278,0.5518149406840113,nan,250087.694854864,0.004527368680203809,nan,0.039079439128791936,28952.0,0.0,4029.9748953974895,5457.0,0.8258453803331782,0.9000000000000004,0.7432608231590383,0.48641016399341835,0.40315807701668627,0.004669014745587973,0.03807431228812511,-0.0692388967413753,0.04006593127932039,0.694560669456067,0.5518149425217975,0.0,239
123,eval,pact,3.0,0,0.4595581971330663,0.0782770561558034,0.0978463146486137,0.02440725316811805,0.0,0.009866121377032171,0.5984416648932581,0.5398965858265945,nan,223955.09523731694,-0.042846320566690084,nan,0.043277961969625,29190.0,0.0,4152.083682008368,5696.0,0.8274544578466455,0.9000000000000004,0.7447089956894081,0.5107735612218006,0.4732050222300155,0.007562077066315146,0.045493585566082136,-0.06486746852245134,0.007480664384430074,0.8577405857740585,0.539896584472719,0.0,239
124,eval,pact,3.0,0,0.007910073110366154,0.0021628614188835345,0.0027035766029847343,0.0,0.0,0.011321804819386999,0.6046517406547419,0.6054424333023726,nan,452421.9599241632,-0.11980182752324946,nan,0.005321356771361847,29428.0,0.0,4277.907949790795,5935.0,0.8293725062613707,0.9000000000000004,0.7464352417191701,0.4773150114865081,0.481908055715598,0.0037685267425902583,0.004469468490664836,-0.07201486239535611,0.0,1.0,0.6054424313162949,0.0,239
125,eval,pact,3.0,0,0.32300139925731,0.05699715096402181,0.07124643381610128,0.03486750452588293,0.0,0.0108031188897695,0.6006135718593039,0.5634522682453299,nan,354956.7879837866,-0.08014758040731047,nan,0.03441251616800305,29666.0,0.0,4409.493723849372,6174.0,0.8246652052492277,0.9000000000000004,0.7421986691373162,0.5090560554801307,0.4352408149805115,0.0033800414987091047,0.03360654440855561,-0.06695222264510517,0.0,1.0,0.5634522679189635,0.0,239
126,eval,pact,3.0,0,7.168495677855786e-07,1.7945939396356066e-07,2.243242728977881e-07,0.0,0.0,0.011382910179434087,0.6035932387268194,0.6066532984188909,nan,1277279.978621862,-0.07976770401000977,nan,0.005025411432995714,29904.0,0.0,4550.564853556485,6413.0,0.8288269279890979,0.9000000000000004,0.7459442190919461,926.243645911544,-13920.701201011185,0.002260753991544059,0.002417430677646031,-0.07212428545895597,0.00012679092177000128,0.99581589958159,0.6066532973176548,0.0,239
127,eval,pact,3.0,0,0.16342433874363083,0.026978016206466157,0.03372251918567047,0.004184100543105951,0.0,0.010038528437472912,0.5689126012464947,0.5557154716931626,nan,493721.54857479077,-0.448416364320776,nan,0.02376605735392267,30142.0,0.0,4701.28870292887,6652.0,0.8277578109477853,0.9000000000000004,0.7449820099016613,0.35929200801668904,0.2225232986364879,0.004252310673844941,0.023629247117397924,-0.07657169431989286,0.10181311018131098,0.5941422594142259,0.5557154690718974,0.0,239
128,eval,pact,3.0,0,0.4859937123801958,0.0875571262874005,0.1094464011300744,0.03486750452588293,0.0,0.010238639505728144,0.6068466017685176,0.5363181614975551,nan,532901.0822437238,-0.22833944609287393,nan,0.05016404610696136,30380.0,0.0,4811.531380753138,6891.0,0.8259026849619016,0.9000000000000004,0.743312397761325,0.4968855257709745,0.44108557095337786,0.006428572042595323,0.05021451928976253,-0.06480049159320446,0.0,1.0,0.5363181646479105,0.0,239
129,eval,pact,3.0,0,0.4488243158769947,0.07820735223313745,0.0977591842764691,0.02789400362070634,0.0,0.010321094746074042,0.6073231417763683,0.5531501318620339,nan,488318.96397751046,-0.2867273058913742,nan,0.05124325664698392,30618.0,0.0,4917.652719665272,7130.0,0.8269908421957343,0.9000000000000004,0.7442917450950735,0.5108961693396535,0.3811178271885661,0.00969120410699693,0.05018590376848768,-0.06878519544767107,0.003803727653100038,0.9456066945606695,0.5531501325933771,0.0,239
130,train,pact,3.0,0,0.44414846890925763,0.10080489878803377,0.12600611547343277,0.07461645931130174,0.011854951538800196,0.016146061115870913,0.8191011162731937,0.8214705713623238,nan,14575.611787804,0.5943557190139891,nan,0.08650251364853685,30856.0,0.0,5021.0,7369.0,0.8195035427684065,0.9000000000000004,0.7375531765207586,0.5523328882885268,0.22021247497283603,0.025937233159605128,0.08261556770929201,-0.10860309167047068,0.16127805249144161,0.34309623430962344,0.8214705740592819,0.0,239
131,train,pact,3.0,0,0.39266590399484474,0.09219214450367644,0.115240173063277,0.08228731049403985,0.010460251357764879,0.017351318919392122,0.8200505004268311,0.8152439946534743,nan,1198.149727921107,0.5832985529060394,nan,0.05746275281229653,31094.0,0.0,5021.0,7608.0,0.8253784987716994,0.9000000000000004,0.7428406327339396,0.3665763358740838,0.4009075493892901,0.005745220695150994,0.05960445175135886,-0.10758685488732439,0.14454165081780146,0.39748953974895396,0.8152439888634871,0.0,239
132,train,pact,3.0,0,0.023700630373153914,0.006538481372189986,0.008173101211198562,0.0,0.0020920502715529757,0.01669579002641874,0.8182495284404715,0.8262690864347514,nan,1147.839716572143,0.5779362262292886,nan,0.0317055246632967,31332.0,0.0,5021.0,7847.0,0.825601172497083,0.9000000000000004,0.7430410372662245,0.17521822393293432,0.16882979801399944,0.029255660316872916,0.02895961977637891,-0.10360662775571355,0.09433244579688095,0.4309623430962343,0.8262690877266006,0.0,239
133,train,pact,3.0,0,0.00010017924373394666,2.227772848189138e-05,2.784716112370638e-05,0.0,0.0,0.01710327909908659,0.8442110548957122,0.8455365300178528,nan,1297.710137658538,0.4919471740722656,nan,0.0042032448880064644,31570.0,0.0,5021.0,8086.0,0.825628004064121,0.9000000000000004,0.7430651853772886,18.388704050466863,-19.149985535719708,0.0034581426489239675,0.003756225912180358,-0.10796474944834643,0.11398503867123114,0.4393305439330544,0.845536530174867,0.0,239
134,train,pact,3.0,0,0.0760018663305159,0.021672428129395523,0.02709053363565796,0.004184100543105951,0.0020920502715529757,0.016715736978854905,0.8367081244620319,0.8329885918101506,nan,1133.7727408309363,0.6087992310944835,nan,0.024035575501177516,31808.0,0.0,5021.0,8325.0,0.8253721889092832,0.9000000000000004,0.7428349513389076,0.4020078698959747,0.14280456356173254,0.0069816478614871036,0.02304629940260981,-0.11033924677143164,0.15341701534170155,0.3598326359832636,0.832988592721076,0.0,239
135,train,pact,3.0,0,0.004340025042008344,0.0013803132887420422,0.0017253915555777602,0.0,0.0,0.016916955314638975,0.840773705283967,0.8402427893802212,nan,1094.2039810244507,0.6398153230236165,nan,0.0015007713638593965,32046.0,0.0,5021.0,8564.0,0.825540390972313,0.9000000000000004,0.7429863339188707,0.06903667632807765,0.07331728160480655,0.00022251999434914115,0.0014879612833918823,-0.10347649079712935,0.08279447191581082,0.4769874476987448,0.8402427929945041,0.0,239
136,train,pact,3.0,0,0.228072871281629,0.046219387605488466,0.05777423097250328,0.029986053829911364,0.008368201086211903,0.01641948403747729,0.8016357645080678,0.795678216044374,nan,1263.1555420943384,0.632464948332397,nan,0.03557395213429727,32284.0,0.0,5021.0,8803.0,0.8250521286760912,0.9000000000000004,0.7425468940615155,0.22565402277126112,0.24848902149831575,0.001434004163253121,0.03551787450239496,-0.10168493987377678,0.1186763027767212,0.38493723849372385,0.7956782166060543,0.0,239
137,train,pact,3.0,0,0.12646471729623124,0.031577834187758155,0.039472290969844157,0.016039052081906147,0.0020920502715529757,0.016911905164397847,0.8413186799033416,0.8461693192376253,nan,1228.4281077364997,0.7157743266436845,nan,0.03321850129815255,32522.0,0.0,5021.0,9042.0,0.8255236106437619,0.9000000000000004,0.7429712292539524,0.8828088762281999,0.22874443556898905,0.012551380283413578,0.03062715742259216,-0.11178009330413802,0.15405096995055154,0.38493723849372385,0.8461693203332327,0.0,239
138,train,pact,3.0,0,0.17120400338753217,0.0458672095970907,0.0573340069977843,0.03207810410146434,0.00488145063362361,0.01689159556946651,0.8375605211347715,0.8374978948587154,nan,1340.439988395659,0.6390884593440898,nan,0.03287746608181794,32760.0,0.0,5021.0,9281.0,0.8254879653204436,0.9000000000000004,0.7429391512312151,0.26767321144295103,0.2930723405505762,0.0006953726687040197,0.03393549853417692,-0.10771317918173398,0.1280588309877013,0.40585774058577406,0.8374978925624174,0.0,239
139,train,pact,3.0,0,0.2656803508259933,0.06168297757272229,0.07710371761944672,0.03905160506898888,0.006276150814658927,0.017166055408189516,0.8406662166617406,0.8441587776319751,nan,1409.0205782966134,0.636731015837841,nan,0.06036127716883487,32998.0,0.0,5021.0,9520.0,0.8260320873938843,0.9000000000000004,0.7434288582542451,0.30095860569682137,0.31486988373259206,0.03334748696592026,0.060058300603555215,-0.10724515536677381,0.12095853936858122,0.41422594142259417,0.8441587754250213,0.0,239
140,train,pact,3.0,0,0.2781775054950136,0.06953198713522987,0.08691497834807405,0.056485357082538525,0.006276150814658927,0.016727883566977558,0.843287720216368,0.84418655127661,nan,1298.1091221765494,0.7338082653209256,nan,0.05382131281402352,33236.0,0.0,5021.0,9759.0,0.8261465609821814,0.9000000000000004,0.7435318902446635,0.7684846311419127,0.3770279623420002,0.019878095216777143,0.051277062565840345,-0.11007267031508754,0.12488905794345123,0.4476987447698745,0.8441865514471008,0.0,239
141,train,pact,3.0,0,0.21562707504729067,0.051920064638142166,0.06490007632665122,0.040446305187676244,0.007670850995694244,0.016840533801514235,0.8251276209514011,0.8292370928630669,nan,1223.0577918655204,0.6161295307574163,nan,0.03585960834494609,33474.0,0.0,5021.0,9998.0,0.8251913885691176,0.9000000000000004,0.7426722346489399,0.30170398347677874,0.3313027189268255,0.0019013153774949387,0.03716170277440907,-0.10710726251773273,0.12755166730062129,0.4560669456066946,0.8292370940837772,0.0,239
142,train,pact,3.0,0,0.14450739523119227,0.03731924015348234,0.046649048114776326,0.01882845244397678,0.0034867504525882926,0.017089341547940253,0.8830034274561136,0.8840174251021701,nan,1111.285305134921,0.669301290205333,nan,0.04906077755451452,33712.0,0.0,5021.0,10237.0,0.8259251065334017,0.9000000000000004,0.7433325753052364,0.2341913335662925,0.24717358773719156,0.030682783669549716,0.04755901905735292,-0.11364362352333317,0.14492202358311143,0.3723849372384937,0.8840174228600373,0.0,239
143,train,pact,3.0,0,0.25732146626996916,0.059040780650764145,0.07380097160350647,0.03695955473508795,0.0034867504525882926,0.016981002345688983,0.8451348624219456,0.8413276209741457,nan,1098.5101949141115,0.6525957003298165,nan,0.054046878135503976,33950.0,0.0,5021.0,10476.0,0.8255649311273168,0.9000000000000004,0.743008424298035,0.30107563949697885,0.32668146862460423,0.025907661973980207,0.0540370766181113,-0.10392905366873226,0.09090909090909091,0.4895397489539749,0.8413276235215704,0.0,239
144,train,pact,3.0,0,0.3575846380647296,0.08094109702672019,0.10117636466081371,0.05927475750695711,0.007670850995694244,0.016631022081067436,0.7968094252268141,0.8026504169323454,nan,898.6688171131342,0.6262845106454075,nan,0.05873876922592427,34188.0,0.0,5021.0,10715.0,0.8253927597440935,0.9000000000000004,0.7428534609503327,0.7105251948623679,0.39696555364416963,0.022795301551620167,0.0560887322983233,-0.10691474664534219,0.14809179662736147,0.39748953974895396,0.8026504158911567,0.0,239
145,train,pact,3.0,0,0.3612674953427315,0.07786014464786851,0.097325175046988,0.06415620807823277,0.006973500905176585,0.016711541818782188,0.8119700637073197,0.8209857721209027,nan,1056.5033334388893,0.6894581622237566,nan,0.06541272564537855,34426.0,0.0,5021.0,10954.0,0.8254924730775746,0.9000000000000004,0.7429432075891534,0.5247892766106107,0.2639164359023539,0.01882290352469958,0.06395377296853078,-0.10837622139832723,0.15722074299480157,0.3138075313807531,0.8209857740998233,0.0,239
146,train,pact,3.0,0,0.11952211124389958,0.026884308764302776,0.03360538437805018,0.012552301629317855,0.0020920502715529757,0.016457367013793082,0.8112901722287533,0.8101897076333417,nan,1116.3534499930538,0.7203561568858733,nan,0.022899575427031606,34664.0,0.0,5021.0,11193.0,0.8251272933752467,0.9000000000000004,0.7426145465802947,0.18618620564651137,0.2011327180268474,0.001987137580275219,0.022971348235457666,-0.10342856014311547,0.11576011157601115,0.38493723849372385,0.8101897094233801,0.0,239
147,train,pact,3.0,0,0.1299968671675179,0.028612531309480493,0.035765661826574244,0.009065551176729561,0.004184100543105951,0.016793623845244927,0.8206782378412191,0.8210836183825297,nan,938.9668803833518,0.6912741952860205,nan,0.03531160213055175,34902.0,0.0,5021.0,11432.0,0.825413334319781,0.9000000000000004,0.7428719855252669,0.20552739426887537,0.21667569646271345,0.01836090866321077,0.03411985798173869,-0.10554977303750955,0.12691771269177127,0.36401673640167365,0.8210836198118028,0.0,239
148,train,pact,3.0,0,0.0023364927420596237,0.0006073647822342544,0.0007592059616502384,0.0,0.0,0.01648985986816054,0.8037425121876984,0.8060766565126355,nan,936.372582599209,0.7527837753295898,nan,0.01178446962301099,35140.0,0.0,5021.0,11671.0,0.825062913874702,0.9000000000000004,0.7425566063765202,5.825857896947268,-5.306082539956789,0.007798431094578593,0.010522020614847725,-0.10651509364356858,0.1434005325218714,0.401673640167364,0.8060766576147756,0.0,239
149,train,pact,3.0,0,0.10942615455924436,0.029178737267517196,0.03647341989150339,0.010460251233068969,0.0013947001810353172,0.016956652207767677,0.8480010263341241,0.8438706732195291,nan,1050.683487257698,0.6767455716325149,nan,0.02244730533961823,35378.0,0.0,5021.0,11910.0,0.8254865894257772,0.9000000000000004,0.7429379147465758,0.21723651726075435,0.2340329949164922,0.00013337882170798109,0.023066231364121653,-0.10602987716510825,0.10447571953848105,0.4225941422594142,0.8438706768548028,0.0,239
150,eval,pact,3.0,0,0.09973252267304225,0.02494200030841624,0.031177498807695405,0.0,0.0,0.012979114476871915,0.7083883296745093,0.7044599890459532,nan,7742.245116676746,0.6115386919995233,nan,0.02806575173291935,35616.0,0.0,5021.0,12149.0,0.8312658722430593,0.9000000000000004,0.7481392664390628,0.8188186769280815,0.19585963239113047,0.01081931247352476,0.026391469298717742,-0.08239810057823022,0.006719918853810066,0.8577405857740585,0.7044599844936345,0.0,239
151,eval,pact,3.0,0,0.4797851131429772,0.08056853525565838,0.10071066348573215,0.011854951538800196,0.0,0.009919339390062419,0.6023744176371826,0.5467772513129222,nan,44244.77089598588,-0.346633047223964,nan,0.05386192134141174,35854.0,0.0,5023.941422594142,12388.0,0.8237760081949593,0.9000000000000004,0.7413983891199822,0.5303881938599676,0.35054450965458805,0.007169017912415059,0.05253711271501111,-0.08525701063151281,0.20692278432864206,0.17573221757322174,0.546777249656076,0.0,239
152,eval,pact,3.0,0,0.08163402942219938,0.018798375088990876,0.02349796717761549,0.0006973500905176586,0.0,0.01252577255702106,0.6927292930531203,0.6799425187220633,nan,244352.0213454498,-0.4283901336427513,nan,0.01390424148797225,36092.0,0.0,5095.845188284519,12627.0,0.828811719203095,0.9000000000000004,0.7459305314089962,0.5140657515217466,0.3795093825400392,0.0029172168268511694,0.013046425965002828,-0.08255765391429865,0.05109674147331051,0.5941422594142259,0.6799425173212694,0.0,239
153,eval,pact,3.0,0,0.3190210646045298,0.0633754872112176,0.0792193540216876,0.027196653530188686,0.0,0.011287351104062612,0.7063974290462718,0.6471756769024677,nan,290442.59198483266,-0.11647974636608337,nan,0.05198315879287175,36330.0,0.0,5214.410041841004,12866.0,0.8258571391574508,0.9000000000000004,0.7432714053527082,0.4185681158099382,0.23457851407472208,0.00724357143790434,0.05143301027182053,-0.0779314499014246,0.010904019272220108,0.9079497907949791,0.6471756733899318,0.0,239
154,eval,pact,3.0,0,0.30288375901140147,0.06507826766057223,0.08134782905501015,0.039748955159506535,0.0,0.012462602115809044,0.7003060513211095,0.6467695650196474,nan,784432.7987709205,-0.13081427334679221,nan,0.034418465564987975,36568.0,0.0,5305.995815899581,13105.0,0.8271588062142727,0.9000000000000004,0.7444429070879724,0.5234848618905446,0.516784366604242,0.004858935777332947,0.03585949227107673,-0.07613678414220829,0.01343983770762013,0.5899581589958159,0.6467695611137799,0.0,239
155,eval,pact,3.0,0,0.4634686679649094,0.09720606342197696,0.12150757093076052,0.047419806155200785,0.0,0.011703989678939267,0.7019128895454327,0.6239366530125111,nan,508083.9474372385,-0.4515744221385054,nan,0.049202045829086,36806.0,0.0,5384.899581589958,13344.0,0.8271671393925176,0.9000000000000004,0.744450409230328,0.5774561419146177,0.5118647377967487,0.006723222389285054,0.04914946831513399,-0.07466478233827023,0.0,1.0,0.6239366535674389,0.0,239
156,eval,pact,3.0,0,0.4532820635336884,0.08795770038636588,0.10994711823838302,0.04672245606468312,0.0,0.011434413951521576,0.6727322044482291,0.6094308650144473,nan,712498.0855779289,-0.2560822341248206,nan,0.049513842127282,37044.0,0.0,5497.251046025104,13583.0,0.8265925082202735,0.9000000000000004,0.7439332413935262,0.5705887029687303,0.46654555789936325,0.0058540970384769265,0.047614368673406196,-0.07867193258110076,0.08609103588183087,0.2217573221757322,0.6094308676498488,0.0,239
157,eval,pact,3.0,0,0.002674004892043177,0.0008836378875461546,0.0011045472782821723,0.0,0.0,0.013204412353634211,0.7036893544835525,0.7074726654146506,nan,556653.3180570083,-0.17025072872638702,nan,0.003835512124728723,37282.0,0.0,5671.468619246862,13822.0,0.8289745117081758,0.9000000000000004,0.7460770414339448,0.5475438664019111,0.508379406206507,0.0030700009323448405,0.003218889907908443,-0.08253222999531029,0.0205401293267402,0.5104602510460251,0.7074726625620892,0.0,239
158,eval,pact,3.0,0,0.13356819286291968,0.028768731215023158,0.035960912243342545,0.0013947001810353172,0.0,0.01251599102604464,0.7091221545031878,0.6808257268811868,nan,580275.1251961297,nan,nan,1.0943972390301747e+34,37520.0,0.0,5789.326359832636,14138.523012552301,0.6927385429333444,0.9000000000000004,0.6234646720741583,0.6489389548954619,-3.804120629618437e+35,0.001772076409113212,0.02557825291540014,-0.0818374914877724,0.0024090275136300237,0.9246861924686193,0.6808257289221008,0.0,239
159,eval,pact,3.0,0,0.48366004122113304,0.09886235347924614,0.12357793641973201,0.02440725316811805,0.0,0.01012215154074039,0.7091655687557603,0.5955578818231447,nan,401713.9478948745,-0.11025980487465858,nan,0.05494925453352925,37758.0,0.0,5866.912133891214,14612.0,0.661619394955276,0.9000000000000004,0.5954574407019875,0.4204879029102666,0.45486071495812164,0.0030407392038140704,0.0579077706978633,-0.07314875868944266,0.005325218714340054,0.8326359832635983,0.595557880516407,0.0,239
160,train,pact,3.0,0,0.06036286422683006,0.017105770302227045,0.021382211600052204,0.0027894003620706344,0.0034867504525882926,0.01682655356150261,0.8318264434527154,0.8385709131362548,nan,6325.396395503726,0.3661892210838685,nan,0.03545790379594185,37996.0,0.0,5978.0,15090.0,0.6540733583302677,0.9000000000000004,0.5886660105389032,0.721637296000617,-0.5607018230225786,0.010805549637536986,0.03075709931233851,-0.11000831848150064,0.13718777735514137,0.41422594142259417,0.8385709119154502,0.0,239
161,train,pact,3.0,0,0.41756536128392996,0.0941180479193421,0.11764755263801546,0.08298466039751363,0.011157601448282537,0.016926743216797022,0.821483600837915,0.8244405099537582,nan,1129.4414805647718,0.4704801015025901,nan,0.07063798010220802,38234.0,0.0,5978.0,15568.0,0.6594779653529242,0.9000000000000004,0.5935301541284537,0.2297444896173672,0.25260088213973864,0.0008369924746026905,0.07162888298470797,-0.10877623722983962,0.15252947888931154,0.39330543933054396,0.824440509284242,0.0,239
162,train,pact,3.0,0,0.34633041948240073,0.06915848787177926,0.08644810429550527,0.04532775582129985,0.01394700181035317,0.015931789652701606,0.7772671564727648,0.7869551169323622,nan,1048.5120050278667,0.609144113802012,nan,0.05769999951866278,38472.0,0.0,5978.0,16046.0,0.6596378868593831,0.9000000000000004,0.5936740836339017,0.49582892852263016,0.24158954531814392,0.011655608578318303,0.0547670232189676,-0.10928951455114591,0.19360973754279198,0.26359832635983266,0.7869551145294522,0.0,239
163,train,pact,3.0,0,0.44882433315462367,0.10095178373313848,0.1261897221645455,0.08158996027882628,0.017433752262941464,0.017495101767837626,0.8397880523274633,0.8412208926228799,nan,1076.5530495104929,0.5351153004867761,nan,0.07727892320230749,38710.0,0.0,5978.0,16524.0,0.6596315750018323,0.9000000000000004,0.5936684024882616,0.22844558575294371,0.24047013207271883,0.002040372316846587,0.07717107153585556,-0.10970977144716271,0.14644351464435146,0.401673640167364,0.8412208932455824,0.0,239
164,train,pact,3.0,0,0.2573214347770065,0.05194378392467671,0.0649297263236545,0.03486750440118702,0.00976290126724722,0.01609612798033804,0.7976819622840842,0.8064933987217469,nan,1058.794819979488,0.5362262023792107,nan,0.04784460861596793,38948.0,0.0,5978.0,17002.0,0.6598855012630319,0.9000000000000004,0.5938969361732196,0.4918975368830691,0.17047606984779318,0.008600266476682687,0.04536683222855671,-0.10828098359254229,0.16533536198808166,0.301255230125523,0.8064933964166834,0.0,239
165,train,pact,3.0,0,0.475447956226714,0.10987034874928608,0.1373379267536746,0.08437936076559283,0.01882845244397678,0.01709387285603701,0.8320415359161888,0.8353071897349098,nan,998.2459979835414,0.5491710546188774,nan,0.09414742378689442,39186.0,0.0,5978.0,17480.0,0.6597112881089853,0.9000000000000004,0.5937401455316583,0.31479378342327224,0.18658332017246482,0.02081130744357194,0.09239761553077362,-0.10951725489396462,0.13934322302523136,0.401673640167364,0.8353071878549109,0.0,239
166,train,pact,3.0,0,0.24058936510885828,0.05538776085437904,0.06923469619517518,0.034867504463534975,0.009762901204899265,0.016641146805386788,0.8439226249022463,0.83710907106619,nan,919.8199000657852,0.49459300795764854,nan,0.047092296220980795,39424.0,0.0,5978.0,17958.0,0.6598571810762254,0.9000000000000004,0.5938714478305194,0.17288515086372114,0.18996387856660601,0.0038901170355231563,0.04677736683789822,-0.10803635347668365,0.13642703182452137,0.401673640167364,0.8371090716558404,0.0,239
167,train,pact,3.0,0,0.06794360041903054,0.01709627258269507,0.021370339606760182,0.0027894003620706344,0.0020920502715529757,0.01664569032004407,0.8195563245517938,0.8251506666259287,nan,966.0860049195868,0.5706776235891685,nan,0.02347035336327178,39662.0,0.0,5978.0,18436.0,0.6596306684625698,0.9000000000000004,0.5936675884733639,0.7065619038175985,-0.029784156993734934,0.0073486298308125695,0.02128047739590565,-0.107411993531237,0.13591986813744136,0.39748953974895396,0.8251506647721416,0.0,239
168,train,pact,3.0,0,0.15957777750304272,0.03870373745078087,0.04837966959831993,0.016736402172423805,0.0027894003620706344,0.016129170869823902,0.8188458612523817,0.8151714778096107,nan,1047.6430316749477,0.5307641356061193,nan,0.03281863850357718,39900.0,0.0,5978.0,18914.0,0.6595607008395334,0.9000000000000004,0.5936046165402464,0.14374659639895607,0.15706108594458257,0.0002905893312460431,0.033120538946840875,-0.10303968521077715,0.10396855585140104,0.401673640167364,0.8151714769160073,0.0,239
169,train,pact,3.0,0,0.38597856810663256,0.0818801431728636,0.10235017275303579,0.06973500892706995,0.0202231526250121,0.017077433461202583,0.8197715567993819,0.8308792974036109,nan,1045.9829586779224,0.5418044566858763,nan,0.07201914981842454,40138.0,0.0,5978.0,19392.0,0.6596872380089062,0.9000000000000004,0.5937184998181075,0.20597641212376638,0.218891422439231,0.02023145075312213,0.07065001502194711,-0.10595068215981991,0.12070495752504122,0.3723849372384937,0.8308792950733842,0.0,239
170,train,pact,3.0,0,0.002674004892043177,0.0006376885847652124,0.0007971106839539054,0.0,0.0,0.017007642604847086,0.8627860140850354,0.865232192198103,nan,1053.0594594787854,0.6525097489356995,nan,0.015739459618717207,40376.0,0.0,5978.0,19870.0,0.6598636133900248,0.9000000000000004,0.5938772382097763,0.11889196016694349,0.0679933223306376,0.014881389811496204,0.014107748495053064,-0.10887526028693932,0.10739191073919106,0.41422594142259417,0.8652321923346725,0.0,239
171,train,pact,3.0,0,0.475447956226714,0.10607177511295175,0.13258971054041863,0.0801952599107471,0.0202231526250121,0.016850136148365346,0.8253908511485016,0.8302249237583272,nan,969.2750394813187,0.5166162917094312,nan,0.08965962823377104,40614.0,0.0,5978.0,20348.0,0.659929204186635,0.9000000000000004,0.593936270250935,0.3411254040042154,0.19499050063622259,0.018617409429921558,0.08742924627168962,-0.10814787269276718,0.1368074045898314,0.39748953974895396,0.8302249257080914,0.0,239
172,train,pact,3.0,0,0.05794354536329254,0.015186049164276863,0.01898256102310777,0.0006973500905176586,0.0006973500905176586,0.016917776745533627,0.8594485813104956,0.8539696422456199,nan,1146.2817122327733,0.5381365397235839,nan,0.016761625546134085,40852.0,0.0,5978.0,20826.0,0.6597871341465906,0.9000000000000004,0.5938084058183007,0.2812039493792815,0.08945980820438726,0.0036015122662518832,0.016326910600898626,-0.11167109268325498,0.14251299606948142,0.40585774058577406,0.8539696456669678,0.0,239
173,train,pact,3.0,0,0.43414843287689137,0.0959094499921471,0.11988680486397567,0.07880056004145156,0.016039052081906147,0.01667058902644556,0.8082701001456591,0.8089105218773607,nan,1010.1421018464795,0.545902855600772,nan,0.07191081170019202,41090.0,0.0,5978.0,21304.0,0.6594065709592907,0.9000000000000004,0.5934659003213858,0.2314153931745059,0.25086553651364407,0.00019054466384409022,0.07191744682424701,-0.10507211259199242,0.13262330417142135,0.39748953974895396,0.8089105123358022,0.0,239
174,train,pact,3.0,0,0.2698529906927464,0.06038017224387225,0.07547521068778855,0.051603906573610824,0.00976290126724722,0.016632428931493203,0.8312468683993967,0.8345512613093005,nan,1095.0098963781381,0.6157988090395429,nan,0.06256321513422308,41328.0,0.0,5978.0,21782.0,0.6597703423460158,0.9000000000000004,0.5937932916764934,0.2008918400665988,0.20797752614515397,0.02734026426560772,0.06092742441595185,-0.10560129827341956,0.11233675668822113,0.4225941422594142,0.8345512619345912,0.0,239
175,train,pact,3.0,0,0.14450739523119227,0.03896246638327908,0.04870308070062055,0.023709903015252436,0.006973500905176585,0.016651840072425247,0.8178485832703164,0.8331675741463027,nan,1062.639201271983,0.5445760922451898,nan,0.04615966579487166,41566.0,0.0,5978.0,22260.0,0.659840610735586,0.9000000000000004,0.5938565366936528,0.17454869333038442,0.1824381846491584,0.020892530009517293,0.04476810092735786,-0.10737473511075707,0.12831241283124128,0.46443514644351463,0.8331675750869806,0.0,239
176,train,pact,3.0,0,0.5016285062847449,0.1130467192702766,0.14130839097468112,0.08716876100296754,0.01882845244397678,0.01766682517905739,0.8388793127432029,0.8413340964327297,nan,1001.4582123696555,0.6202494155412938,nan,0.09219081509297239,41804.0,0.0,5978.0,22738.0,0.6599383419028885,0.9000000000000004,0.593944495691914,0.35188234509549654,0.20765916283426744,0.046620720687011875,0.09022770376260311,-0.10808480972833114,0.12641054900469126,0.41841004184100417,0.8413340961332296,0.0,239
177,train,pact,3.0,0,0.4738973789959445,0.09432564704998547,0.11790705055097826,0.055090657088547074,0.025801953286805412,0.015254472695567711,0.7240820958524569,0.7317600204730134,nan,974.1762805124706,0.551759977470382,nan,0.07679376783186499,42042.0,0.0,5978.0,23216.0,0.6594554041220054,0.9000000000000004,0.5935098451550536,0.2667235336175302,0.24293782276043496,0.0229407163686119,0.07435975446040395,-0.10507785243856282,0.1900595917332319,0.2301255230125523,0.7317600222883306,0.0,239
178,train,pact,3.0,0,0.2988020511427855,0.06489395115443368,0.08111743455192938,0.05578800705436882,0.01464435190087083,0.016364804676550763,0.81646270420262,0.8281404998886036,nan,976.1697553690507,0.5881185530369252,nan,0.06156635300400492,42280.0,0.0,5978.0,23694.0,0.6594063579786772,0.9000000000000004,0.5934657097860361,0.20148771774562144,0.2131529020463896,0.020710137438813777,0.06012232304052898,-0.10735559630634003,0.12996069481425132,0.41422594142259417,0.8281404958663119,0.0,239
179,train,pact,3.0,0,0.47389736845189456,0.11133614077228851,0.13917016694496365,0.08995816130269023,0.016039052081906147,0.017297067017017796,0.8287292206387141,0.835522878244831,nan,1007.1436816099797,0.5998704773860996,nan,0.08496543927952085,42518.0,0.0,5978.0,24172.0,0.6599718384662931,0.9000000000000004,0.593974640928053,0.4514378927769702,0.27916723231952767,0.020089856630656867,0.08261066333977232,-0.11334996755710987,0.18029669075694182,0.37656903765690375,0.8355228778672437,0.0,239
180,eval,pact,3.0,0,0.4634686815016611,0.09006759451569078,0.1125844864343197,0.03835425497847122,0.0,0.010724268654930293,0.6780148763287517,0.5813311409501352,nan,4639.1205671621665,0.17767203990837646,nan,0.05895186696789972,42756.0,0.0,5978.0,24650.0,0.6641216357881554,0.9000000000000004,0.5977094567470471,0.3454343132073359,0.36869558006161396,0.008013440603722952,0.06104075049038462,-0.07263918565865086,0.0038037276531000383,0.8744769874476988,0.5813311424131189,0.0,239
181,eval,pact,3.0,0,0.022306911853421187,0.0056552733112158,0.007069091141221715,0.0,0.0,0.01236715951007031,0.6734370963344015,0.6686937252846722,nan,57870.99485976726,-0.25103530025881204,nan,0.00586168138501132,42994.0,0.0,5988.995815899581,25128.0,0.6634158131717139,0.9000000000000004,0.5970742196218738,0.7535185125485727,0.051122386016952404,0.0005509260596802164,0.005105485057546689,-0.0798297678165122,0.011030810193990112,0.8702928870292888,0.6686937251328995,0.0,239
182,eval,pact,3.0,0,0.04253383616285562,0.010717916247097845,0.013397394417887154,0.0,0.0,0.012131430278824464,0.6673906097601647,0.6548934931784993,nan,249367.90981302303,-0.2201708428454892,nan,0.007084440992318633,43232.0,0.0,6077.673640167364,25606.0,0.6608919291192019,0.9000000000000004,0.5948027250158238,0.4217755312168781,0.469199879546797,0.0010542548954808758,0.007002290294561184,-0.07903605902075565,0.025738557119310255,0.7531380753138075,0.65489349297886,0.0,239
183,eval,pact,3.0,0,0.0349310103396663,0.009171167576956981,0.011463959098337646,0.0,0.0,0.012201002697659087,0.6711453320341629,0.6605207953742358,nan,701474.6788702928,-0.020403126874260574,nan,0.006136684664521439,43470.0,0.0,6197.133891213389,26084.0,0.6631933763685586,0.9000000000000004,0.5968740208378397,0.40227100837419333,0.4464677813551755,0.0010388609333391728,0.00630373846357832,-0.0792496010589208,0.025992138962850256,0.7698744769874477,0.6605207973167241,0.0,239
184,eval,pact,3.0,0,0.11611346518928935,0.02339310978245388,0.029241385544394777,0.0,0.0,0.011442392977065636,0.662124939169345,0.6380502673871348,nan,906398.7387552301,-0.42451587387956835,nan,0.0180779134466948,43708.0,0.0,6327.882845188285,26562.0,0.6616819913043138,0.9000000000000004,0.5955137826782889,0.4262304318100909,0.2734408784799255,0.0015082972261422714,0.017142346208948236,-0.0796139617477394,0.054393305439330554,0.6527196652719666,0.6380502672902059,0.0,239
185,eval,pact,3.0,0,0.44882433315462367,0.08669388251856544,0.10836734625886055,0.03905160506898888,0.0,0.010901363823703143,0.6770186818294446,0.5927484042973697,nan,658678.6025104603,-0.22709530892111673,nan,0.04809193594561316,43946.0,0.0,6460.623430962343,27040.0,0.6609193360019927,0.9000000000000004,0.5948273903655208,0.4436794111176639,0.4571573648944729,0.0023324462144667032,0.049719615856439574,-0.07155785570559804,0.005452009636110055,0.8786610878661087,0.592748405528377,0.0,239
186,eval,pact,3.0,0,0.06794362143753681,0.016970538382448774,0.02121317221237679,0.0,0.0,0.01200824260524626,0.6714164994999954,0.6518192475809712,nan,616219.0601137553,0.02391950436965192,nan,0.010452773806441256,44184.0,0.0,6635.125523012553,27518.0,0.6622497264810187,0.9000000000000004,0.5960247415004913,0.42837762487180775,0.471751379072181,0.0014464184741561493,0.010731866503344794,-0.07729645524465777,0.03258526689489032,0.39330543933054396,0.6518192473919535,0.0,239
187,eval,pact,3.0,0,0.4341484118583851,0.0753287998856067,0.09416099374083155,0.03695955479743591,0.0006973500905176586,0.01103039395218037,0.6259687441911658,0.5768542248584236,nan,251604.27866762553,-0.08028519247701416,nan,0.05223694822417814,44422.0,0.0,6759.104602510461,27996.0,0.6611360928752931,0.9000000000000004,0.5950224653946306,0.39609130709950396,0.30989173532166936,0.0007832101765561147,0.05076673733353981,-0.07818293407716002,0.10675795613034106,0.30962343096234307,0.576854226366044,0.0,239
188,eval,pact,3.0,0,0.06283616020874398,0.015236324784036012,0.019045405294708412,0.0,0.0,0.012138842455029612,0.6748703653343552,0.6569552528184827,nan,893209.1035564854,-0.43309636566803544,nan,0.011866825246242378,44660.0,0.0,6873.242677824268,28474.0,0.6627633545438615,0.9000000000000004,0.5964870070687897,0.34262713506763803,0.2850000863946801,0.0012152762392361183,0.011907866735059561,-0.07621399293715067,0.012425510333460123,0.7615062761506276,0.6569552547992291,0.0,239
189,eval,pact,3.0,0,0.0012663877662295617,0.00031152697386053026,0.0003894086933933943,0.0,0.0,0.0126256190443014,0.6699170839337625,0.6699434535024555,nan,3147613.720449791,-0.4358363151550293,nan,0.0016296478389605498,44898.0,0.0,7068.347280334728,28952.0,0.6637474617075222,0.9000000000000004,0.5973727009785226,2.4164767936919715,-2.9341120318976723,0.00039121497736011187,0.0011648416105698855,-0.07905742165880655,0.02713325725878027,0.5941422594142259,0.6699434521965865,0.0,239
190,train,pact,3.0,0,0.010237411712357194,0.0023943192882523736,0.002992898926650813,0.0,0.0,0.016620157082919734,0.8279936923392148,0.8274472122661239,nan,46766.90029153864,0.26172949236556575,nan,0.004052606161467832,45136.0,0.0,7185.0,29430.0,0.6531536148931192,0.9000000000000004,0.5878382390014297,0.5032236248025437,-0.4880372418133907,0.0005109311618980428,0.0034441852403536027,-0.10463279646911271,0.10625079244326105,0.41841004184100417,0.8274472139619499,0.0,239
191,train,pact,3.0,0,0.004841264746033501,0.0012534031100730314,0.001566753793188403,0.0,0.0,0.016319612517980198,0.8146704462469871,0.8142001482669778,nan,1092.6233809084074,0.12668556760544558,nan,0.001532251251431654,45374.0,0.0,7185.0,29908.0,0.6600922338633358,0.9000000000000004,0.59408300017712,0.11151908256448,0.03795552134641056,0.000328441554930612,0.0014969882837671717,-0.10426491450737137,0.11259033853176112,0.45188284518828453,0.81420014987887,0.0,239
192,train,pact,3.0,0,0.07057711293792525,0.017073876179554297,0.021342343983077737,0.0027894003620706344,0.0006973500905176586,0.01675068629636706,0.8441631411159388,0.8405969977129454,nan,1272.6375834572764,0.43616566189397205,nan,0.018657881550288226,45612.0,0.0,7185.0,30386.0,0.6597954715644964,0.9000000000000004,0.5938159115144898,0.20999412132700454,0.0629515419080311,0.003356639001979672,0.01817392935563818,-0.1115525806389295,0.1567135793077216,0.39330543933054396,0.840596994484531,0.0,239
193,train,pact,3.0,0,0.10291769171121948,0.027654365560436982,0.03456795430379868,0.009065551114381606,0.0013947001810353172,0.01645013877939799,0.8422506395493591,0.8385967017467052,nan,1192.1425479904876,0.4576899390278002,nan,0.023959994951272767,45850.0,0.0,7185.0,30864.0,0.6595681055320357,0.9000000000000004,0.5936112825341803,0.12819889715435617,0.13671213566823215,0.00011642824452631234,0.024244858666890086,-0.10728536585805037,0.12057816660327121,0.4309623430962343,0.8385967024120476,0.0,239
194,train,pact,3.0,0,0.4634686679649094,0.09547025370179596,0.11933781044283945,0.06764295871786492,0.02580195334915337,0.01555155938594489,0.7161269190421164,0.7236671800643331,nan,1105.1880876229898,0.5293487682626836,nan,0.07850800272200069,46088.0,0.0,7185.0,31342.0,0.6593134827194852,0.9000000000000004,0.5933821196336626,0.36097625776465464,0.21579376888830337,0.013846844312086302,0.07520664971132829,-0.10327690916607596,0.18625586408013187,0.2301255230125523,0.7236671774439,0.0,239
195,train,pact,3.0,0,0.5020820002946379,0.11853502055215875,0.1481687663005409,0.08158996040352219,0.023012552987082734,0.016870987735041826,0.8129483076069645,0.8234528543185988,nan,945.1258922880165,0.5518897955138314,nan,0.09157743445883999,46326.0,0.0,7185.0,31820.0,0.6597856086168329,0.9000000000000004,0.5938070349114709,0.3677745825223089,0.22840982723603254,0.00832645152695477,0.08942514554369478,-0.10897624371481072,0.15493850640294154,0.38493723849372385,0.8234528505946467,0.0,239
196,train,pact,3.0,0,0.03862335179426082,0.011121683385175414,0.013902103995457297,0.0,0.0006973500905176586,0.01704702933053934,0.819640400270039,0.8200529516990215,nan,1225.0949436331393,0.61458493002289,nan,0.015465667618239623,46564.0,0.0,7185.0,32298.0,0.659892680006546,0.9000000000000004,0.5939033946731599,0.5827189576282019,0.04809346591160468,0.0056852142983278425,0.014452743252709354,-0.10588076858708248,0.12641054900469126,0.40585774058577406,0.8200529509631241,0.0,239
197,train,pact,3.0,0,0.24477056702595276,0.05330339441998415,0.06662923860820373,0.03486750452588293,0.010460251357764879,0.01713872936682846,0.8264876636501136,0.826524297811995,nan,1000.2401158799686,0.5479491660118134,nan,0.05177428440381305,46802.0,0.0,7185.0,32776.0,0.6596220886358157,0.9000000000000004,0.5936598660556841,0.2581710618423647,0.10322937812005695,0.007009271355028349,0.05022893710537798,-0.10620550189162815,0.12349435780398123,0.4100418410041841,0.8265243012656456,0.0,239
198,train,pact,3.0,0,0.18307093769721308,0.04852465729538122,0.06065581700495843,0.03207810416381229,0.006276150814658927,0.017153904949135643,0.8251942057614546,0.83148157509301,nan,980.4710111099307,0.5357496412665774,nan,0.04721888102102483,47040.0,0.0,7185.0,33254.0,0.6599692734714332,0.9000000000000004,0.5939723330561586,0.3374030736348583,0.14080846326438,0.008657016041123664,0.04591367557967787,-0.11564901085910222,0.2125015848865221,0.2928870292887029,0.8314815743240749,0.0,239
199,train,pact,3.0,0,0.07057711293792525,0.018336061464027633,0.022920075606052553,0.006276150814658927,0.0027894003620706344,0.016553430524791073,0.8351404592706568,0.8335562534162689,nan,959.7578804303413,0.5948190661653814,nan,0.01985833533265322,47278.0,0.0,7185.0,33732.0,0.6598137190651195,0.9000000000000004,0.5938323322200376,0.236524024198379,0.07928536170751166,0.0037563875125212727,0.019155590893373393,-0.11056957609872003,0.15379738810701157,0.3723849372384937,0.833556254035294,0.0,239
200,train,pact,3.0,0,0.3959428790102983,0.09118381493726892,0.11397976208236553,0.08437936032915713,0.017433752262941464,0.018104532436432636,0.855224020623263,0.8564276753235063,nan,1076.4144126221724,0.2988176690921125,nan,0.08134407416316311,47516.0,0.0,7185.0,34210.0,0.6599999945532826,0.9000000000000004,0.5939999798850535,0.3226702406024736,0.16302179598495803,0.013068741258438222,0.0789120341224935,-0.11306729704298076,0.14923291492329152,0.38493723849372385,0.85642767507603,0.0,239
201,train,pact,3.0,0,0.39266590399484474,0.08459711757247712,0.1057463905812994,0.059274757569305066,0.01394700181035317,0.016802795680442427,0.8458464452412338,0.8414472509876953,nan,1126.4105546384676,0.3737948640734571,nan,0.0665919981261464,47754.0,0.0,7185.0,34688.0,0.6596282832792114,0.9000000000000004,0.5936654389652747,0.20756633906004207,0.2274665231424986,0.0031814641702824823,0.0672145043402349,-0.10568086461476,0.10510967414733106,0.45188284518828453,0.8414472466153036,0.0,239
202,train,pact,3.0,0,0.10614912902745642,0.026166491829769472,0.03270811211502508,0.00976290126724722,0.004184100543105951,0.017024164503073966,0.8495993916584358,0.8522045957119395,nan,1085.6260401514285,0.6483839343781251,nan,0.031367834461756096,47992.0,0.0,7185.0,35166.0,0.6598982541630957,0.9000000000000004,0.5939084146810875,0.6384049698517785,0.016417323151322494,0.007648480862632481,0.02859097077714856,-0.11200038542212493,0.14238620514771141,0.3807531380753138,0.8522045944400918,0.0,239
203,train,pact,3.0,0,0.28232660558694295,0.06530742894585775,0.08163428102499634,0.05020920633022755,0.01464435190087083,0.017308222385177926,0.8353959962912684,0.8388024720686749,nan,1287.860530326556,0.5905278657083731,nan,0.052536335951760625,48230.0,0.0,7185.0,35644.0,0.6597957219538828,0.9000000000000004,0.5938161374634778,0.1801932275752333,0.19858463471041488,0.00037754724922121696,0.05192950221973059,-0.11013970893387384,0.14149866869532143,0.41422594142259417,0.8388024717956928,0.0,239
204,train,pact,3.0,0,0.10291769171121948,0.023809666638706435,0.029762082102260515,0.008368201086211903,0.006276150814658927,0.017008761087214285,0.850265043051173,0.8505984536025315,nan,1116.7989364049424,0.561209119388748,nan,0.03608798317937083,48468.0,0.0,7185.0,36122.0,0.6600020111355323,0.9000000000000004,0.5940017947093214,0.11243980148925309,0.11012316376884523,0.020129174504854977,0.03442932543111965,-0.10519607110456092,0.09737542791936098,0.45188284518828453,0.850598453799903,0.0,239
205,train,pact,3.0,0,0.4615407718850152,0.0993004470111529,0.12412555184113383,0.06834030880838259,0.00976290126724722,0.01734161771693614,0.8335266341474764,0.839745028123696,nan,1151.1423357720155,0.5599226657316775,nan,0.08107156062739312,48706.0,0.0,7185.0,36600.0,0.6594413124866565,0.9000000000000004,0.5934971680701029,0.22751644409030827,0.22645461973187164,0.01596067696932311,0.08131907935640054,-0.10624387438390881,0.11144922023583112,0.41422594142259417,0.8397450316825789,0.0,239
206,train,pact,3.0,0,0.32300139925731,0.07187479071342058,0.08984348328847917,0.055788007116716776,0.011157601448282537,0.016352674103571906,0.8266977586132712,0.819431245264648,nan,936.5757341584401,0.6078541402288061,nan,0.06621439556764618,48944.0,0.0,7185.0,37078.0,0.659826195140264,0.9000000000000004,0.5938435620842618,0.23378165001724502,0.24869453819429832,0.02553364898845115,0.06563660853433279,-0.1065400353531504,0.1407379231647014,0.401673640167364,0.8194312405009567,0.0,239
207,train,pact,3.0,0,0.22391449630794566,0.0488953561656687,0.0611191915247283,0.03347280409545579,0.006973500905176585,0.0164558389302047,0.8069608571888512,0.8163574224486012,nan,1037.4135877537428,0.5707291671421737,nan,0.046505073612949435,49182.0,0.0,7185.0,37556.0,0.6599829428864323,0.9000000000000004,0.5939846330606787,0.5078386161435651,0.17024315245994592,0.010056381792916605,0.04423669414330765,-0.10408848157577835,0.11461899328008116,0.41422594142259417,0.8163574238862938,0.0,239
208,train,pact,3.0,0,0.29470410188133966,0.0708536383156962,0.08856704207601183,0.052301256664128486,0.013249651719835514,0.016974975737824912,0.8321978961074702,0.8366954841000266,nan,1070.9456442350124,0.5349856351646419,nan,0.054452809421810765,49420.0,0.0,7185.0,38034.0,0.6596059874011881,0.9000000000000004,0.5936453728995064,0.2141155954177682,0.23676475962004528,0.0007330430874832235,0.05494629309394737,-0.10994266340992594,0.15037403321922152,0.37656903765690375,0.8366954815709992,0.0,239
209,train,pact,3.0,0,0.03145542497177721,0.008825750961059156,0.011032188437132858,0.0,0.0006973500905176586,0.01703127716749782,0.8409739312517094,0.842962739981368,nan,1116.3329968312794,0.6111738209195715,nan,0.02308150017064135,49658.0,0.0,7185.0,38512.0,0.6598880313430371,0.9000000000000004,0.5938992123723529,0.11227871344623676,0.12055143722385653,0.017486052340946166,0.02152860671572609,-0.10790723925292141,0.11626727526309116,0.4602510460251046,0.8429627373636212,0.0,239
210,eval,pact,3.0,0,0.5016285056306393,0.09362890848942736,0.1170361297858161,0.01952580253449444,0.0,0.00939405075504316,0.6578715885034665,0.5544110425595958,nan,4060.279905694299,0.27815145968798566,nan,0.062281943088062265,49896.0,0.0,7185.0,38990.0,0.6636574235920129,0.9000000000000004,0.5972916653465526,0.3696034766713555,0.3373606717364731,0.004283065674826503,0.06376564276509891,-0.06749214206099666,0.02535818435400026,0.6778242677824268,0.5544110427911327,0.0,239
211,eval,pact,3.0,0,0.17513455355801244,0.032738963463838686,0.04092370239067574,0.0,0.0,0.010993750196994598,0.6621761239722184,0.624843451642591,nan,57629.51340628269,-0.18654127692741393,nan,0.019917931426534474,50134.0,0.0,7214.376569037657,39468.0,0.6629359920403948,0.9000000000000004,0.5966423782344642,0.4424198574474213,0.4026509743304696,0.0005623669078003318,0.019773781590233606,-0.07648280103518955,0.030810193990110306,0.7196652719665272,0.6248434551248305,0.0,239
212,eval,pact,3.0,0,0.3926658787366775,0.07012667870810246,0.08765834430113915,0.01394700181035317,0.0,0.009983613874732076,0.6600823293919343,0.5826383269232187,nan,185648.3353491109,-0.4065788429713648,nan,0.05131231512870468,50372.0,0.0,7317.238493723849,39946.0,0.6599396816980889,0.9000000000000004,0.5939457018130992,0.4028822998636308,0.279710727284996,0.002071080723754972,0.049639075685430814,-0.0717550563576571,0.016863192595410168,0.8200836820083682,0.5826383297445172,0.0,239
213,eval,pact,3.0,0,0.07326335892778778,0.017590497689708023,0.02198812110060568,0.0,0.0,0.01175642701910193,0.6613221000178588,0.6404863734374984,nan,166547.62419913703,-0.36296533553171356,nan,0.012223935151893048,50610.0,0.0,7411.008368200837,40424.0,0.6619036452042009,0.9000000000000004,0.5957132677652845,0.40589199077005084,0.4525372598421572,0.002453723113917693,0.012187393943384138,-0.07536157914556599,0.017497147204260176,0.5355648535564853,0.6404863742898055,0.0,239
214,eval,pact,3.0,0,0.0003611348120901913,8.625985301249742e-05,0.00010782480711739892,0.0,0.0,0.012482519594710867,0.6704478929731138,0.6712110028855471,nan,1623515.8777458158,0.01233700942248106,nan,0.0021039262749098834,50848.0,0.0,7572.719665271967,40902.0,0.6630863272994133,0.9000000000000004,0.5967776838331542,7.222346980198856,-15.365367962154657,0.0006521455436820377,0.0012695121755565333,-0.0793866195137019,0.0012679092177000125,0.9581589958158996,0.6712110030135671,0.0,239
215,eval,pact,3.0,0,0.033166217367872536,0.007952676974329513,0.009940845773713156,0.0,0.0,0.012143613353652187,0.6607434878040058,0.6518647856542755,nan,1002866.9718880753,-0.420771493685576,nan,0.006584253579706429,51086.0,0.0,7759.765690376569,41380.0,0.6627397297815298,0.9000000000000004,0.5964657419271548,0.38946017186503706,0.2639328508737464,0.0008439014352681566,0.006293793926263914,-0.07722427797889518,0.026626093571700264,0.7907949790794979,0.6518647817619574,0.0,239
216,eval,pact,3.0,0,0.4994180284038787,0.09511013692569718,0.11888766506296279,0.018131102353459123,0.0,0.009246460393959634,0.6677589667142685,0.5619750393235035,nan,555825.7503922594,-0.14716097750704907,nan,0.05380361391354165,51324.0,0.0,7948.92050209205,41858.0,0.6616697903706937,0.9000000000000004,0.5955027958463924,0.4388844376427724,0.4351792240938973,0.0008145431612237272,0.055042192513302404,-0.06832794501479263,0.010777228350450106,0.7698744769874477,0.5619750369128271,0.0,239
217,eval,pact,3.0,0,0.19514420172920505,0.039747589800609606,0.049684484964878366,0.0,0.0,0.010893182447141185,0.6626639242700952,0.6157765977053463,nan,1248867.3837604602,-0.22055165413533295,nan,0.024117518662061993,51562.0,0.0,8097.543933054393,42336.0,0.662682761021239,0.9000000000000004,0.5964144700241887,0.40739679639692833,0.44961059928919744,0.0025988063749619165,0.025027085399833823,-0.07296550352779327,0.01851147457842018,0.5188284518828452,0.6157765964705183,0.0,239
218,eval,pact,3.0,0,0.0034414851706437025,0.0008908044129921071,0.001113505484240381,0.0,0.0,0.012500022561386789,0.6636346260623454,0.6635985169949392,nan,1942379.5611924685,-0.2514800727367401,nan,0.002185922271241317,51800.0,0.0,8248.301255230126,42814.0,0.6639532824689873,0.9000000000000004,0.5975579397448935,1.0264663109273369,-0.5595575607617103,0.0007960430037793378,0.0018095963940932317,-0.0773249533828799,0.0,1.0,0.6635985159164538,0.0,239
219,eval,pact,3.0,0,0.43414843287689137,0.07728380950509167,0.0966047562599605,0.021617852806047416,0.0,0.010016304308306972,0.6487928133878748,0.5697234658267208,nan,253501.46061061716,-0.12861963306947233,nan,0.043045667221194434,52038.0,0.0,8417.799163179916,43292.0,0.6611584483579611,0.9000000000000004,0.5950425908779998,0.4275352884520768,0.45999082249899903,0.003078615337827891,0.04517704303244618,-0.07183410660143912,0.05337897806517053,0.3305439330543933,0.5697234658450187,0.0,239
220,train,pact,3.0,0,0.4859937123801958,0.11391716850079449,0.14239645234906617,0.08298466064690546,0.018131102353459123,0.01738886414563369,0.8400713190374015,0.8423477679366347,nan,4981.326094240324,0.4784566097226477,nan,0.09795712065204946,52276.0,0.0,8520.0,43770.0,0.6542936401387139,0.9000000000000004,0.5888642618845696,0.3938847696807548,0.179209903976579,0.023221520741084,0.09383971362947545,-0.11003427385293439,0.14124508685178142,0.32217573221757323,0.8423477686323687,0.0,239
221,train,pact,3.0,0,0.4085878510234286,0.08464288253124468,0.1058035968284815,0.06555090838396399,0.01464435190087083,0.01631419904720989,0.7942941893967624,0.7973363857139604,nan,1184.463139362415,0.5652489750704506,nan,0.07441670785216754,52514.0,0.0,8520.0,44248.0,0.6595208515183197,0.9000000000000004,0.5935687537472617,0.3290449682796974,0.17644621611536726,0.012878851494930971,0.07215145702408549,-0.10475696942704411,0.13782173196399136,0.38493723849372385,0.797336386998512,0.0,239
222,train,pact,3.0,0,0.49821823029872664,0.1213576336819174,0.15169703215018915,0.10460251332825697,0.022315202896565075,0.017683719618978546,0.7965575866245326,0.8217066323158632,nan,1099.24905561503,0.5427246114948304,nan,0.09651128052554588,52752.0,0.0,8520.0,44726.0,0.6601050516052724,0.9000000000000004,0.5940945340499718,0.34059389060241163,0.23311234922819735,0.029392535323277114,0.09464989557655754,-0.11042337667973448,0.16609610751870169,0.38493723849372385,0.8217066296243787,0.0,239
223,train,pact,3.0,0,0.4990500914879464,0.11039455190914862,0.137993181977154,0.07461645943599765,0.01464435190087083,0.015816821871621527,0.82016615737931,0.8106879125579132,nan,989.7469543712408,0.5130209443958235,nan,0.08838156992024021,52990.0,0.0,8520.0,45204.0,0.6596736094941654,0.9000000000000004,0.5937062337308748,0.37075500013620016,0.22427789785908703,0.025488534932146253,0.08694998766529417,-0.10528773810532262,0.1286927855965513,0.39330543933054396,0.8106879128402071,0.0,239
224,train,pact,3.0,0,0.19109905445188377,0.04645930880011962,0.0580741326085144,0.03207810410146434,0.00488145063362361,0.016657867345171804,0.833824291139467,0.8347684312066274,nan,1074.924886152834,0.3710698977728456,nan,0.0418005297202802,53228.0,0.0,8520.0,45682.0,0.659904709919726,0.9000000000000004,0.5939142285031753,0.1748422647983984,0.19056234598789834,0.006673219742309024,0.04163214196336541,-0.10622900244271354,0.1191834664638012,0.4351464435146444,0.8347684342188011,0.0,239
225,train,pact,3.0,0,0.15576161381352116,0.03438630767028889,0.04298288259755944,0.009065551176729561,0.0020920502715529757,0.015708730513206585,0.8179076843930089,0.8099061577389929,nan,1068.8786623647522,0.5426640282365568,nan,0.04198570392290851,53466.0,0.0,8520.0,46160.0,0.6599450088943897,0.9000000000000004,0.5939504905724625,0.13441174981467785,0.13764332980274074,0.018384531012921874,0.04092098589585685,-0.10248608818252536,0.10942056548751108,0.39748953974895396,0.8099061557081044,0.0,239
226,train,pact,3.0,0,0.1830709686913921,0.043394216379935215,0.05424276816225284,0.029288703739393705,0.010460251357764879,0.01716427864393835,0.8158125720887005,0.8265216628627299,nan,1088.6445991803412,0.49265549614612464,nan,0.043420197521813725,53704.0,0.0,8520.0,46638.0,0.6597413837161523,0.9000000000000004,0.5937672317277437,0.1429714124020216,0.15590851077311696,0.010655495131419123,0.0426820162488888,-0.10463423659259426,0.11854951185495119,0.42677824267782427,0.826521661220246,0.0,239
227,train,pact,3.0,0,0.49418196437011425,0.11081626041298298,0.13852031533899825,0.0822873105563878,0.018131102353459123,0.016712576448995323,0.8058899534421985,0.8086797985322306,nan,1061.8726081369311,0.512779540316081,nan,0.08894709974749473,53942.0,0.0,8520.0,47116.0,0.659752383890511,0.9000000000000004,0.5937771330817474,0.3239747882328703,0.24226766900802799,0.0332000971029629,0.08748648051955742,-0.10446534241951595,0.13186255864080135,0.3682008368200837,0.8086798018662288,0.0,239
228,train,pact,3.0,0,0.49008514884387816,0.11495075922422954,0.14368843875926052,0.08926081127452053,0.020920502715529758,0.017171566449612315,0.8648020229204928,0.8657345519280334,nan,1107.2810630638728,0.6069455225347974,nan,0.09006718476595178,54180.0,0.0,8520.0,47594.0,0.6598947025741992,0.9000000000000004,0.5939052177273578,0.3366680434572924,0.2731628125776393,0.037589157525626186,0.08837062627842814,-0.1137185385492223,0.15138836059338154,0.38493723849372385,0.8657345494814075,0.0,239
229,train,pact,3.0,0,0.5008256440260959,0.10660236529267011,0.1332529487105858,0.07112970910810526,0.016039052081906147,0.015925556159710752,0.7744433245150115,0.775911580568577,nan,1190.8312822286055,0.5383806724927416,nan,0.08530008153226148,54418.0,0.0,8520.0,48072.0,0.6595966726167432,0.9000000000000004,0.5936369913392486,0.42078213999173397,0.22090954229202697,0.02827096078544855,0.08287825116061578,-0.10447071823001551,0.1586154431342716,0.26359832635983266,0.7759115785306433,0.0,239
230,train,pact,3.0,0,0.35386675944174084,0.07625095841845814,0.09531369338073392,0.06555090832161604,0.016736402172423805,0.01710508139336396,0.7955995316784751,0.8028066463799656,nan,1157.4959083461363,0.4428294119444602,nan,0.0687647868511871,54656.0,0.0,8520.0,48550.0,0.659536040228281,0.9000000000000004,0.5935824211671262,0.333778129314918,0.16689787500044928,0.011887132705367625,0.06622897530467518,-0.10837086279764412,0.17421072651198174,0.2928870292887029,0.8028066493582438,0.0,239
231,train,pact,3.0,0,0.20738796240876128,0.04443562294218434,0.0555445248025828,0.03138075407329464,0.007670850995694244,0.0164249477719023,0.8135750924692992,0.808639284457123,nan,887.6122362464043,0.4699807285514337,nan,0.03963643123602025,54894.0,0.0,8520.0,49028.0,0.6596577090199522,0.9000000000000004,0.5936919206355905,0.11713154381572075,0.12740008083823595,0.0014126564533328816,0.03930262145944326,-0.10453338151149279,0.13642703182452137,0.3472803347280335,0.8086392834123032,0.0,239
232,train,pact,3.0,0,0.4824189044268233,0.11051556257944832,0.13814444591643296,0.08786611115583316,0.018131102353459123,0.017280602819387602,0.8325551090504834,0.8299151854784419,nan,920.5449581385657,0.5845299334456232,nan,0.08839057651387379,55132.0,0.0,8520.0,49506.0,0.6596239251571719,0.9000000000000004,0.5936615152837841,0.2843009063975232,0.24956707287670266,0.026444535416720264,0.08735933649221193,-0.11044980431485706,0.16533536198808166,0.3514644351464435,0.829915189212886,0.0,239
233,train,pact,3.0,0,0.017240593236713734,0.0047267758397907395,0.00590846946002503,0.0,0.0,0.01652401149132636,0.846713452533698,0.8476015844355068,nan,1103.4651948936814,0.5752991522705205,nan,0.01603348150660411,55370.0,0.0,8520.0,49984.0,0.6597716095058489,0.9000000000000004,0.593794431147715,1.7535326622910836,-1.1416670468728665,0.006399483063949927,0.014410219756903654,-0.11089738335693661,0.1390896411816914,0.3723849372384937,0.8476015807986698,0.0,239
234,train,pact,3.0,0,2.1493512025067902e-05,6.042340752463126e-06,7.552925571453442e-06,0.0,0.0,0.01715114343888029,0.8432974037266177,0.8433094356349322,nan,1020.6814207452112,0.5716753602027893,nan,0.00012794934803297,55608.0,0.0,8520.0,50462.0,0.6599472244913109,0.9000000000000004,0.5939524904454603,1.536799673094683,-0.8375359988095825,0.00010600637012498253,0.0001142152257439935,-0.1101799664514359,0.1431469506783314,0.3723849372384937,0.8433094292070257,0.0,239
235,train,pact,3.0,0,0.2947040708871606,0.067818571905313,0.08477320881372091,0.05927475750695711,0.01952580253449444,0.016864862768408144,0.8224195149653127,0.8287662200349145,nan,1069.8602877181943,0.529579591185291,nan,0.0640799687609318,55846.0,0.0,8520.0,50940.0,0.6597264281875419,0.9000000000000004,0.5937537703055218,0.31577700331592345,0.13342193025534732,0.010385237940306212,0.060893409789934905,-0.10982317304364576,0.15481171548117154,0.3807531380753138,0.8287662192615431,0.0,239
236,train,pact,3.0,0,0.018431992074788867,0.0048758792360242,0.006094848675518535,0.0,0.0,0.016804705810378535,0.8427769246211112,0.8429850428423622,nan,1066.7006049375655,0.5644256831244195,nan,0.005873351807213302,56084.0,0.0,8520.0,51418.0,0.6599883756378205,0.9000000000000004,0.5939895258787785,0.2021065041367144,0.09252695232228925,0.0015758328595067575,0.005726214905331731,-0.10456062514327706,0.08723215417776085,0.5355648535564853,0.8429850446953073,0.0,239
237,train,pact,3.0,0,0.0012663877662295617,0.00028629655840845143,0.00035787069551801605,0.0,0.0,0.017336113074459293,0.838747857130721,0.8390133021765673,nan,1290.077081017913,0.5765834450721741,nan,0.0003661109026417751,56322.0,0.0,8520.0,51896.0,0.6596740394456616,0.9000000000000004,0.5937066242784635,0.07531354449424661,0.007912340541622376,7.890318902467584e-05,0.0003567854484001971,-0.10582667106137691,0.10434892861671104,0.4476987447698745,0.8390133034120095,0.0,239
238,train,pact,3.0,0,0.26150266818706364,0.05708835466133351,0.07136043949089771,0.042538355396881264,0.0125523015669699,0.01646137146170107,0.82648401168101,0.8283361822491411,nan,1003.7640299138664,0.45183384613519745,nan,0.05444048323279352,56560.0,0.0,8520.0,52374.0,0.6597040577413646,0.9000000000000004,0.5937336361557869,0.29758300206962707,0.12156481976572442,0.007824214081564505,0.052403619895892796,-0.10846217362869404,0.14644351464435146,0.3305439330543933,0.828336187151687,0.0,239
239,train,pact,3.0,0,0.1427310117099345,0.03712539680584119,0.046406742410876244,0.015968064348140878,0.005988024130552829,0.016806279689709314,0.8393189579605342,0.8392363792943384,nan,999.3374407191476,0.5502464114548917,nan,0.033107199267205234,56762.0,0.0,8520.0,52780.0,0.6599794276460202,0.9000000000000004,0.5939814741026141,0.11310174211665606,0.12448500884268643,0.0010347328128794278,0.03294420341972762,-1.3031555718686703,0.10778443113772455,0.49101796407185627,0.8392363797824904,0.005988023952095809,167
240,eval,pact,3.0,0,0.07057711293792525,0.014624614542911913,0.018280767102692438,0.0,0.0,0.010988939744439834,0.6276020183224059,0.6154766786048602,nan,5415.621322312614,0.5046337069826645,nan,0.01727006878147572,56964.0,0.0,8520.0,53186.0,0.664641407244375,0.9000000000000004,0.5981772546987654,0.5825775510258925,0.10192226085535272,0.005253444502223834,0.016464110964346117,-0.07208472561312336,0.010270064663370103,0.8786610878661087,0.6154766770927727,0.0,239
241,eval,pact,3.0,0,0.0008817254575398053,0.00026238347347019625,0.0003279793152873498,0.0,0.0,0.01159983358217333,0.6326380269796779,0.6323036390617801,nan,45507.79292788964,0.5009073615074158,nan,0.0004601416968592629,57202.0,0.0,8562.481171548117,53664.0,0.6631069937136382,0.9000000000000004,0.59679628335033,0.0131994621360053,0.010215691646404457,0.00015227246680231992,0.0004026987298476879,-0.07377217037161349,0.0016482819830100164,0.9456066945606695,0.6323036398233371,0.0,239
242,eval,pact,3.0,0,0.2698529591997837,0.046664489978333425,0.05833060910358901,0.011854951538800196,0.0,0.009976161932709109,0.624199303498328,0.5782711187915324,nan,212017.5202340481,-0.25212799400777,nan,0.041015219894163776,57440.0,0.0,8667.334728033473,54142.0,0.6579969811202592,0.9000000000000004,0.5921972679231456,0.29857347812138446,0.15458770332494642,0.0029198952545614345,0.04038307283250966,-0.06955021176215347,0.021427665779130214,0.8786610878661087,0.5782711189756454,0.0,239
243,eval,pact,3.0,0,0.2615026996800263,0.042103431334443976,0.052629286466798625,0.008368201086211903,0.0,0.009950115842253717,0.5948776193742473,0.5572903424376723,nan,749596.6195083682,-0.24224177707438688,nan,0.02495370658514456,57678.0,0.0,8777.05439330544,54620.0,0.6605841131826325,0.9000000000000004,0.5945256852143479,0.4075337529663061,0.4467012119215056,0.0012101290685833138,0.025588427967731413,-0.07286394949283923,0.0815265626981108,0.5062761506276151,0.5572903462588118,0.0,239
244,eval,pact,3.0,0,0.4260901446999406,0.0658100337733463,0.08226253602211826,0.016039052081906147,0.0,0.009767123005084038,0.5797707984637017,0.5391192696832713,nan,527546.7572567991,-0.4522599137727187,nan,0.04121260745896545,57916.0,0.0,8924.556485355648,55098.0,0.6624218113252808,0.9000000000000004,0.5961796165011418,0.40715842149874154,0.3812981562142782,0.0014790626325217697,0.041952154940217305,-0.07614688571756599,0.13084823126664127,0.3682008368200837,0.5391192693712791,0.0,239
245,eval,pact,3.0,0,0.17909066453400735,0.033554269491695356,0.04194283478395409,0.0,0.0,0.010172322240490545,0.624407328072951,0.5842705920151586,nan,837642.1837735355,-0.3350450091110737,nan,0.02020801774288964,58154.0,0.0,9061.393305439331,55576.0,0.6623660316028356,0.9000000000000004,0.5961294139902961,0.3887837500565292,0.4334916556003522,0.0015956348746787267,0.02143548860528339,-0.07062656812234694,0.024090275136300243,0.6443514644351465,0.5842705945484639,0.0,239
246,eval,pact,3.0,0,0.3501149740058049,0.0632575434087755,0.07907192341302119,0.03417015443536527,0.0,0.009598283347513947,0.6411957612346905,0.5868645795469005,nan,95371.77924784257,0.26716470177904955,nan,0.06138842135315145,58392.0,0.0,9152.995815899581,56054.0,0.6606839542358989,0.9000000000000004,0.5946155479762345,0.4021332961639886,0.07764512583951622,0.006870663999334762,0.05855147578660009,-0.07482853015648731,0.011791555724610119,0.9246861924686193,0.586864579833766,0.0,239
247,eval,pact,3.0,0,0.4994180284038787,0.0932914095276193,0.1166142556885385,0.008368201086211903,0.0,0.00835058444265323,0.6467475288832037,0.5418638136845753,nan,131582.4911087866,0.03311909100812349,nan,0.06294775289818488,58630.0,0.0,9154.820083682009,56532.0,0.6593737567319032,0.9000000000000004,0.5934363676539026,0.456260207560698,0.3294841725647144,0.0038426047169857406,0.06251999249518167,-0.06837017742891867,0.0,1.0,0.5418638138691293,0.0,239
248,eval,pact,3.0,0,0.4175653372727219,0.06996131342885407,0.08745163720918582,0.013249651719835514,0.0,0.009567833782239937,0.6254741460957787,0.5572084334355518,nan,298475.66899843095,-0.03747127868749482,nan,0.048045651343014,58868.0,0.0,9256.732217573222,57010.0,0.6614313326370767,0.9000000000000004,0.5952881833998229,0.42929616989098174,0.3329614295307819,0.003946083496169497,0.04701603983897155,-0.0694537403252562,0.04310891340180043,0.5815899581589958,0.5572084307491317,0.0,239
249,eval,pact,3.0,0,0.015004504288443965,0.0036731692328518177,0.004591461302526003,0.0,0.0,0.0114528801824087,0.6345115764121131,0.6313115249867219,nan,571525.4131145397,0.11012996147117854,nan,0.006496140196645208,59106.0,0.0,9409.71129707113,57488.0,0.6630287693509497,0.9000000000000004,0.5967258772964756,0.6419077513268548,-0.46604572294679225,0.001199239469703694,0.004104352852869799,-0.07571568917986683,0.006846709775580068,0.8870292887029289,0.6313115266774293,0.0,239
250,train,pact,3.0,0,0.44414846890925763,0.10110923476174043,0.12638653493216617,0.08368201067507516,0.027196653530188686,0.01751625907186528,0.8069046611067641,0.816543506777935,nan,16023.221489686846,0.36148194295342495,nan,0.09544615568442145,59344.0,0.0,9508.0,57966.0,0.6536396351568868,0.9000000000000004,0.5882756542336491,0.2808417214751991,0.10428711442731387,0.016018123158182088,0.09109213331492158,-0.1077939224795682,0.15645999746418154,0.3305439330543933,0.8165435064488421,0.0,239
251,train,pact,3.0,0,0.15957777750304272,0.04086545597092253,0.051081816841200875,0.023709902890556526,0.00488145063362361,0.017214127024245997,0.8309960275514355,0.8325761634560309,nan,1210.791532508499,0.3660736352937865,nan,0.03663434356656649,59582.0,0.0,9508.0,58444.0,0.6596349487743617,0.9000000000000004,0.5936714395818351,0.1318853149704426,0.14315080956313575,0.0024254720238517827,0.03669745977664153,-0.1076637204924438,0.12945353112717128,0.38493723849372385,0.8325761667189261,0.0,239
252,train,pact,3.0,0,0.44414848793262934,0.0863649940559957,0.1079562358605761,0.05578800705436882,0.016736402172423805,0.01510929680043621,0.7246710392471137,0.7278527479665549,nan,1051.9248389080478,0.540246800149335,nan,0.07348716459100653,59820.0,0.0,9508.0,58922.0,0.6596018789203596,0.9000000000000004,0.5936416786584894,0.23802255362356345,0.2352769610255271,0.024423536301877064,0.07161413879712428,-0.10426104048782557,0.1891720552808419,0.2301255230125523,0.7278527465522473,0.0,239
253,train,pact,3.0,0,0.24058936510885828,0.053527430766556194,0.06690928407125327,0.028591353711224,0.006276150814658927,0.01693475351641617,0.8367739243736826,0.8275022699992527,nan,1109.6940294848325,0.5707858415655636,nan,0.05634666648418175,60058.0,0.0,9508.0,59400.0,0.6593586827421787,0.9000000000000004,0.5934227999284177,0.16913820070323532,0.18307640734363062,0.022018569785687447,0.055394408240097004,-0.10599242505205264,0.11804234816787118,0.4351464435146444,0.8275022719359827,0.0,239
254,train,pact,3.0,0,0.2364117139628913,0.05538138246755727,0.06922672453798426,0.04253835527218535,0.005578800724141269,0.016851133663035835,0.8414285342563645,0.8445074217838223,nan,997.3078664356694,0.5575187450672293,nan,0.05604000980882987,60296.0,0.0,9508.0,59878.0,0.6596758884366087,0.9000000000000004,0.5937082864749381,0.17510908682410142,0.18685176505927292,0.019070164649747312,0.05539927833614224,-0.10826455260241323,0.12374793964752126,0.35564853556485354,0.8445074216275709,0.0,239
255,train,pact,3.0,0,0.501817049438165,0.11056762392425709,0.13820952225330863,0.07182705913627496,0.010460251357764879,0.016597050198287583,0.8229314908073537,0.8133582576298813,nan,905.8490273703093,0.5957091072862617,nan,0.09145278900970849,60534.0,0.0,9508.0,60356.0,0.6597666206718987,0.9000000000000004,0.5937899478309823,0.3766886034868846,0.19909659357987153,0.061997773312032226,0.09013213214335893,-0.10961785605881896,0.1677443895017117,0.37656903765690375,0.8133582561963746,0.0,239
256,train,pact,3.0,0,0.07600188859598127,0.01925853516474783,0.024073167768441043,0.006973500842828631,0.0020920502715529757,0.01629274064055391,0.8386249226132197,0.8348180415989465,nan,901.4754490553086,0.616798625955023,nan,0.02461786688945722,60772.0,0.0,9508.0,60834.0,0.659563903529275,0.9000000000000004,0.593607492277313,0.12833155163567053,0.1381691320457581,0.01023728327020866,0.023892033893347594,-0.10578228512551321,0.10447571953848106,0.46443514644351463,0.8348180442955538,0.0,239
257,train,pact,3.0,0,0.5017308984838317,0.11919725056649132,0.1489965522535587,0.08786611128052907,0.01882845244397678,0.017679464869848043,0.8264356829132495,0.8433195668034973,nan,861.950415447666,0.6004423186120628,nan,0.09280510861660397,61010.0,0.0,9508.0,61312.0,0.6598780985656643,0.9000000000000004,0.5938902741695548,0.355372851328141,0.2314073591040926,0.022964929950169542,0.09091329792510547,-0.11138729849165795,0.15722074299480157,0.37656903765690375,0.8433195684223964,0.0,239
258,train,pact,3.0,0,0.372095166128404,0.07905720390388744,0.0988214976602485,0.07182705926097088,0.01464435190087083,0.017809186520436816,0.8232904539198057,0.8442454165369896,nan,873.5541432911382,0.6159078112207197,nan,0.06761339874490005,61248.0,0.0,9508.0,61790.0,0.6597973784143456,0.9000000000000004,0.5938176280783809,0.36843939012747967,0.19890499502790926,0.010260748782579715,0.06600414141347713,-0.1130231378057481,0.16178521617852165,0.401673640167364,0.8442454212346715,0.0,239
259,train,pact,3.0,0,0.5010294404741651,0.10394394752578569,0.1299299259802081,0.06276150789719745,0.01464435190087083,0.01518907635248652,0.7544565286222362,0.7479418183844458,nan,1071.6353141752745,0.5451991114157513,nan,0.08554615809632832,61486.0,0.0,9508.0,62268.0,0.6593355067604256,0.9000000000000004,0.5934019397990973,0.31931897354057764,0.1896033490522847,0.017459911934565753,0.08463080291379103,-0.10230151027460285,0.1636870800050716,0.301255230125523,0.7479418189176062,0.0,239
260,train,pact,3.0,0,0.3720951933817057,0.09024314433546926,0.11280392397222926,0.08856346093461105,0.016736402172423805,0.016839953363487287,0.8231489439514391,0.8283419797360647,nan,992.9255774589762,0.5225730059535932,nan,0.06764530366170707,61724.0,0.0,9508.0,62746.0,0.6596366256849536,0.9000000000000004,0.5936729503974755,0.2673908652685551,0.2906984571806802,0.00870161744820875,0.06778524678578468,-0.10753770352704543,0.13617344998098135,0.4309623430962343,0.8283419792015297,0.0,239
261,train,pact,3.0,0,0.011099784369602368,0.0030159871003512103,0.0037699836723286773,0.0,0.0006973500905176586,0.017226701329567443,0.8322069003991003,0.8345354180705098,nan,1039.8487602457342,0.5800376112989801,nan,0.020147432730349062,61962.0,0.0,9508.0,63224.0,0.6598656751121936,0.9000000000000004,0.5938790976751799,2.6480553570526766,-2.22137435979621,0.01095134714329294,0.018053250277593195,-0.10514990606754922,0.099784455432991,0.48535564853556484,0.8345354209397926,0.0,239
262,train,pact,3.0,0,0.41462239765982967,0.08589266294444946,0.10736582338686124,0.06415620807823277,0.011157601448282537,0.01606165857841436,0.8024020620220376,0.7888730817384799,nan,1025.0169618997613,0.5356402599845066,nan,0.0656636443282539,62200.0,0.0,9508.0,63702.0,0.6596311717352608,0.9000000000000004,0.5936680448603929,0.21617232534615102,0.23747984384662524,0.0004728014549456068,0.06635768500481957,-0.10227035666975391,0.12463547609991125,0.40585774058577406,0.7888730809271869,0.0,239
263,train,pact,3.0,0,0.4900851427265331,0.11441770407001824,0.14302212265115544,0.08158996046587014,0.021617852806047416,0.01752332111462078,0.862199656883543,0.8604193313600628,nan,1161.8552036684428,0.6132601307525795,nan,0.08828948993746301,62438.0,0.0,9508.0,64180.0,0.659824420468079,0.9000000000000004,0.5938419647296602,0.45031399748946355,0.25809313331536665,0.01960261330965,0.08535622341838903,-0.11095447173438201,0.12945353112717128,0.49372384937238495,0.8604193321939182,0.0,239
264,train,pact,3.0,0,0.003041941807975517,0.0007488933157090051,0.0009361166116052354,0.0,0.0,0.01697365283404933,0.8377726695278199,0.8379383873989392,nan,1250.445250698712,0.5857257843017578,nan,0.003725960375129822,62676.0,0.0,9508.0,64658.0,0.6598123267105932,0.9000000000000004,0.5938310787767546,0.0441263848263182,0.03537487920143423,0.0029667852568140748,0.0034062435818718218,-0.10433189813278022,0.09889691898060098,0.4351464435146444,0.8379383869488399,0.0,239
265,train,pact,3.0,0,0.5020268853461184,0.1106639615028604,0.13832994184459993,0.07880055991675565,0.016039052081906147,0.01622915056448383,0.8246339280236217,0.822155089620267,nan,1037.3649391589304,0.5125078692969917,nan,0.08926522151798898,62914.0,0.0,9508.0,65136.0,0.6595600903283602,0.9000000000000004,0.5936040673794607,0.3317889873582072,0.20325623148708405,0.03906988771632314,0.08801336005567788,-0.10878971384285979,0.14872575123621148,0.40585774058577406,0.8221550869353323,0.0,239
266,train,pact,3.0,0,0.2656803508259933,0.058387331167970506,0.07298415941181988,0.03974895503481063,0.008368201086211903,0.016977228299289878,0.8215437486580724,0.8227179329764394,nan,890.3612137160042,0.5754688595378749,nan,0.052188147917617826,63152.0,0.0,9508.0,65614.0,0.6596988746311874,0.9000000000000004,0.5937289732769443,0.18215879121940562,0.19560168995756522,0.009597827886268376,0.05171116838024912,-0.1057760550616669,0.11956383922911121,0.47280334728033474,0.8227179376166942,0.0,239
267,train,pact,3.0,0,3.939117242876347e-05,9.692173053473467e-06,1.2115216096127639e-05,0.0,0.0,0.016627485538486034,0.8209434969654642,0.8226924032346973,nan,942.8672109947045,0.5472946763038635,nan,0.013509267703994132,63390.0,0.0,9508.0,66092.0,0.659923258186883,0.9000000000000004,0.5939309130652679,112.58813351647716,-125.40730298875519,0.011197536076541193,0.012055152824941767,-0.10391284726761402,0.10308101939901103,0.4435146443514644,0.8226924035932535,0.0,239
268,train,pact,3.0,0,0.00046352766528258015,0.00012739091322130902,0.00015923863747006157,0.0,0.0,0.016998145504753304,0.8434725382587401,0.8434311053618228,nan,1089.8064554765135,0.5472946763038635,nan,0.00023770484091848143,63628.0,0.0,9508.0,66570.0,0.6598916185949637,0.9000000000000004,0.5939024400012762,0.015974346482355795,0.014755746949268511,0.00010532019017030343,0.00022574229472070804,-0.11090074965273347,0.15557246101179154,0.39748953974895396,0.843431113470766,0.0,239
269,train,pact,3.0,0,0.3347918485875449,0.07293096919198874,0.09116370589491533,0.059972107597474775,0.013249651719835514,0.017164077516255517,0.8200718426928859,0.8285911507187528,nan,920.3506007493789,0.526356132397093,nan,0.06905907089347078,63866.0,0.0,9508.0,67048.0,0.6596786599278949,0.9000000000000004,0.5937107818894806,0.26923776651767306,0.12447363616981766,0.011217593580820702,0.06694147734725985,-0.11171248429158903,0.16191200710029163,0.40585774058577406,0.8285911468436965,0.0,239
270,eval,pact,3.0,0,0.4532820462560594,0.06477878833774789,0.08097348123017156,0.018131102353459123,0.0,0.009724654208588175,0.5212370496414696,0.4875381718619598,nan,3366.655288249379,0.0072566566396520225,nan,0.048887853705515176,64104.0,0.0,9508.0,67526.0,0.6633014551765251,0.9000000000000004,0.596971295867505,0.28658353007902626,0.2554727606594964,0.002314389987703657,0.04970829544937682,-0.08430008351370012,0.20933181184227212,0.20502092050209206,0.4875381731889143,0.0,239
271,eval,pact,3.0,0,0.46892580401234446,0.08960654412751039,0.11200817323024467,0.021617852806047416,0.0,0.009798103450528622,0.6707551936973588,0.570280902679994,nan,39392.69270560931,-0.050990377665813,nan,0.051105273712800756,64342.0,0.0,9518.995815899581,68004.0,0.6623215954672841,0.9000000000000004,0.5960894233262689,0.39901679706338866,0.43072791287628975,0.00038388346797975554,0.054033797576906115,-0.0667492320801507,0.0,1.0,0.570280900650387,0.0,239
272,eval,pact,3.0,0,0.5005976241194593,0.0936187690637921,0.11702345438748715,0.021617852806047416,0.0,0.00910153316146846,0.6379840037313964,0.5382151096186378,nan,139586.37872646443,-0.003437522557908942,nan,0.05568276549968089,64580.0,0.0,9583.430962343096,68482.0,0.6597675551430451,0.9000000000000004,0.5937907860992344,0.4467385393331792,0.4064486236932662,0.0013675053455194251,0.05535928866237589,-0.07173851804396882,0.09395207303157097,0.3305439330543933,0.5382151111189443,0.0,239
273,eval,pact,3.0,0,0.0008817254575398053,0.0002724126878161145,0.00034051584834247537,0.0,0.0,0.012054971612163791,0.6518886096806705,0.6518658865944611,nan,729186.6492547072,0.03661125898361206,nan,0.001445552888988794,64818.0,0.0,9696.719665271967,68960.0,0.6631555203114593,0.9000000000000004,0.5968399488651602,0.23812341383871705,0.18793464068882537,0.001030048142508479,0.0011917540707837822,-0.07663055557007493,0.0,1.0,0.6518658876644042,0.0,239
274,eval,pact,3.0,0,0.048809969762233514,0.012023999139600922,0.015029998202944587,0.0,0.0,0.011791683297027605,0.663700737589074,0.6500080242815377,nan,481841.3891213389,-0.17046259358431753,nan,0.0093340027141414,65056.0,0.0,9842.393305439331,69438.0,0.6630848194764748,0.9000000000000004,0.5967763275780937,0.41023954413996416,0.33077236856947156,0.0015534254115858387,0.009057203264457416,-0.07810072439156378,0.0,1.0,0.6500080248448937,0.0,239
275,eval,pact,3.0,0,0.00014589538669387058,3.4274748153521805e-05,4.284343162622638e-05,0.0,0.0,0.012070839624524616,0.6545280927644115,0.6545985338578164,nan,1320470.1550732218,-0.1751411110162735,nan,0.0012977530832549023,65294.0,0.0,10000.405857740585,69916.0,0.6633335356931807,0.9000000000000004,0.5970001675843195,8.47553972078055,-21.91925660472845,0.0004766181812190009,0.0007635420364574685,-0.07691482506042512,0.0,1.0,0.6545985350216376,0.0,239
276,eval,pact,3.0,0,0.5019918540521879,0.0968184558279295,0.121023063292307,0.02440725316811805,0.0,0.009550813751131546,0.6605874483306039,0.5558801768464523,nan,261777.89624738492,-0.020132623387112917,nan,0.05324646564155221,65532.0,0.0,10134.845188284518,70394.0,0.6603522930434558,0.9000000000000004,0.5943170504091175,0.4211193573828113,0.4553690424885898,0.006439054487730443,0.056244724511183994,-0.06685562861532351,0.01787751996957018,0.6736401673640168,0.5558801805642452,0.0,239
277,eval,pact,3.0,0,0.3347918485875449,0.05932643330957929,0.07415803811570365,0.026499303439671027,0.0,0.009935115454289828,0.6228108096821039,0.5802237164525308,nan,114382.5686699137,-0.07669532997338842,nan,0.053146901679523365,65770.0,0.0,10216.569037656904,70872.0,0.6595987547890412,0.9000000000000004,0.5936388648952899,0.4162217726627928,0.13929796122152371,0.004514438835692338,0.05115968831566408,-0.0760105746292912,0.09420565487511093,0.4602510460251046,0.5802237154075542,0.0,239
278,eval,pact,3.0,0,0.08163405268523204,0.018604637141712472,0.023255795321046623,0.0,0.0,0.011355214376220769,0.6525865286962756,0.6300935421029893,nan,475335.6608917364,-0.04147033748766368,nan,0.014121692216318007,66008.0,0.0,10285.464435146443,71350.0,0.6619297517892208,0.9000000000000004,0.595736760349952,0.3336310168666684,0.37342105069563947,0.0020638256536613248,0.013829701402196349,-0.07483726879134689,0.006212755166730061,0.891213389121339,0.6300935427882179,0.0,239
279,eval,pact,3.0,0,0.007217877699358381,0.0021197719324236954,0.0026497147932843983,0.0,0.0,0.012029773575179746,0.6512197076526147,0.6497588619028674,nan,965629.4358002092,0.0704326192423639,nan,0.003988759405618713,66246.0,0.0,10409.292887029289,71828.0,0.6633944167252864,0.9000000000000004,0.5970549624584709,0.31954264872554794,0.344926574867058,0.0019210623403733524,0.003134365650926518,-0.07684097669830958,0.0,1.0,0.6497588603938329,0.0,239
280,train,pact,3.0,0,0.502088449363476,0.11066690454595975,0.13833362251828488,0.07322175925496233,0.015341701991388488,0.01635591975397676,0.7999718658096122,0.7926678032805231,nan,16278.961181896002,0.41719664507311727,nan,0.09702006121512861,66484.0,0.0,10513.0,72306.0,0.6524400717138495,0.9000000000000004,0.5871960501260588,0.2774838291107142,0.13215428016854003,0.011704594362527132,0.09434914131644942,-0.10222024014742705,0.12387473056929124,0.3891213389121339,0.7926678012131829,0.0,239
281,train,pact,3.0,0,0.3538667886901772,0.07958427585272984,0.0994803393515673,0.06694560856499931,0.01394700181035317,0.01716296313131797,0.8070924955431886,0.8099335928965812,nan,1129.6184296548117,0.5556287067205836,nan,0.0667283547692445,66722.0,0.0,10513.0,72784.0,0.6599493019251644,0.9000000000000004,0.5939543536517411,0.21483261561566408,0.23176961007084185,0.012682510728754618,0.0661550407776722,-0.1049728762820166,0.1392164321034614,0.3472803347280335,0.8099335938469454,0.0,239
282,train,pact,3.0,0,0.5008256440260959,0.11377016135115638,0.14221269231009911,0.06903765877420433,0.016039052081906147,0.01676321743936843,0.783950538752468,0.7908153752776869,nan,1123.4081775872778,0.5828990388864254,nan,0.09089594531344507,66960.0,0.0,10513.0,73262.0,0.6596319191625427,0.9000000000000004,0.5936687139786437,0.4389223318709911,0.2180963492138278,0.024316665497334564,0.08822536614439042,-0.1059169525743381,0.15709395207303153,0.3514644351464435,0.7908153764709451,0.0,239
283,train,pact,3.0,0,0.1299968671675179,0.035129767883811086,0.0439122071825086,0.02161785274369946,0.006276150814658927,0.01661750496799617,0.8089717306103168,0.8154932993725253,nan,922.393378221839,0.5050135512980457,nan,0.03384853690369717,67198.0,0.0,10513.0,73740.0,0.6596756911676798,0.9000000000000004,0.5937081119006647,0.15164591394361918,0.16614514791519597,0.0064735990076830304,0.03366291917342728,-0.10592854859404138,0.12501584886522124,0.45188284518828453,0.8154933062181678,0.0,239
284,train,pact,3.0,0,0.02819466484402731,0.007967994935543517,0.009959993250137116,0.0,0.0006973500905176586,0.016910584336614323,0.8464336051102962,0.8472760132665913,nan,1217.0634438742154,0.39816707148212765,nan,0.016777381899929313,67436.0,0.0,10513.0,74218.0,0.6600987083243526,0.9000000000000004,0.5940888244736644,0.0790720969036983,0.08175981914409025,0.010681062083686431,0.0158176417977629,-0.10681311364264515,0.10549004691264105,0.45188284518828453,0.8472760105814142,0.0,239
285,train,pact,3.0,0,0.003041941807975517,0.0007713244069777049,0.000964155462307458,0.0,0.0,0.016970186524977712,0.8423976460510717,0.8423023746352815,nan,1035.9932107965317,0.53472900390625,nan,0.0030904827656390863,67674.0,0.0,10513.0,74696.0,0.6596152720092231,0.9000000000000004,0.5936537295205823,0.040168888676787674,0.038502988036534735,0.0023151946451165444,0.0028370206751411184,-0.10935178555945649,0.12742487637885128,0.4100418410041841,0.8423023752844652,0.0,239
286,train,pact,3.0,0,0.4689258159280493,0.1055858953479713,0.13198236154256768,0.08089261012596066,0.01882845244397678,0.016803666371579387,0.8028591255263804,0.8117875345830639,nan,1041.3079890167364,0.536128846963548,nan,0.07923995074222404,67912.0,0.0,10513.0,75174.0,0.6598815060060892,0.9000000000000004,0.5938933426864975,0.2512746247542454,0.2510131612893871,0.0006344977661666355,0.07870162564660296,-0.1057244221260127,0.14492202358311146,0.32217573221757323,0.8117875368828775,0.0,239
287,train,pact,3.0,0,0.5010294421648054,0.11290486089245133,0.1411310667555356,0.08856346118400286,0.016039052081906147,0.01660700557192312,0.8232066330799996,0.8120876462140343,nan,1035.0048205004575,0.6139121696540003,nan,0.09013517656476552,68150.0,0.0,10513.0,75652.0,0.6594912120487899,0.9000000000000004,0.5935420778007188,0.39880231426480073,0.24257700186102737,0.06162136243074201,0.08813527463565124,-0.10384779101572378,0.10942056548751108,0.46443514644351463,0.8120876459607196,0.0,239
288,train,pact,3.0,0,0.08746965989669216,0.02360358392665506,0.029504478120044843,0.007670850995694244,0.0006973500905176586,0.01717786903339185,0.8427281106615665,0.8390448078450797,nan,1044.1155661100124,0.5647257049275741,nan,0.030759778680381166,68388.0,0.0,10513.0,76130.0,0.6599317706778458,0.9000000000000004,0.5939385786216129,0.11181395878608505,0.11957988381010975,0.013059991585952087,0.029977311465935977,-0.10357314761765637,0.0915430455179409,0.4602510460251046,0.8390448077284917,0.0,239
289,train,pact,3.0,0,0.2947040708871606,0.06527135287163154,0.0815891861783099,0.05090655648309317,0.01882845244397678,0.016037631362957185,0.7684617776376932,0.78248085486839,nan,1101.278016668982,0.6099818299006219,nan,0.058548547178954975,68626.0,0.0,10513.0,76608.0,0.6596181235552832,0.9000000000000004,0.593656297508144,0.3859282727992325,0.1900800093094216,0.01110925420439469,0.05583058540839858,-0.10476433206232481,0.14796500570559146,0.3723849372384937,0.7824808548217542,0.0,239
290,train,pact,3.0,0,0.5020820002946379,0.11206110930157273,0.14007637955745314,0.07182705901157906,0.01464435190087083,0.016406757245619612,0.8411415920097958,0.8213611634830051,nan,872.4969975299915,0.5509396774156572,nan,0.08954217863901398,68864.0,0.0,10513.0,77086.0,0.6598106670080368,0.9000000000000004,0.5938295849197579,0.33803618419075976,0.2016949220838311,0.005902313278056681,0.08822531038705284,-0.10556654769813202,0.1218460758209712,0.4895397489539749,0.8213611666095183,0.0,239
291,train,pact,3.0,0,0.2656803508259933,0.05945697000883016,0.07432120818112369,0.043933055640264534,0.01394700181035317,0.016972753979172167,0.8297560236194642,0.8315872920357532,nan,1035.4032866027067,0.5596061659096175,nan,0.05447146876227543,69102.0,0.0,10513.0,77564.0,0.6599556696464826,0.9000000000000004,0.5939600866708795,0.1753924230690668,0.19065485510661362,0.011679317215472612,0.05305525964211476,-0.10514838266610285,0.11753518448079117,0.4100418410041841,0.8315872926028437,0.0,239
292,train,pact,3.0,0,0.5488137488582918,0.12394608117588364,0.15493259158894987,0.1111111140739151,0.022417154664184615,0.01696248929225976,0.798995058961779,0.8166653709104884,nan,1011.6580707036961,0.6069489407260515,nan,0.09400499640413892,69306.0,0.0,10513.0,77974.0,0.6594116248582539,0.9000000000000002,0.5934704472446999,0.34348530912393394,0.2777660132877686,0.04561991977194945,0.09368437599412531,-1.2794174471840956,0.17171717171717174,0.40350877192982454,0.8166653724036267,0.005847953216374269,171
293,train,pact,3.0,0,0.27817753698797626,0.059038325832235124,0.07379790301941334,0.037656904700909696,0.006276150814658927,0.01645431642724536,0.829437355117319,0.8189242736565019,nan,991.1790572290141,0.5548366015800372,nan,0.0640989152551921,69510.0,0.0,10513.0,78384.0,0.6600508245962933,0.9000000000000004,0.5940457263252227,0.19144406256009405,0.19363393101990334,0.031135756682101803,0.06266321742587633,-0.10317581890066937,0.11499936604539115,0.41422594142259417,0.8189242717431793,0.0,239
294,train,pact,3.0,0,0.06283617998029117,0.01614205837939602,0.020177571778788445,0.004881450571275655,0.0034867504525882926,0.01683460592796878,0.8448250685276846,0.8463780967261502,nan,1205.1988270013403,0.5883059727659286,nan,0.02750241741479353,69748.0,0.0,10513.0,78862.0,0.6599588910406105,0.9000000000000004,0.5939629895916544,0.11361200492618895,0.11571240281789708,0.016424885231170392,0.02611967560046822,-0.10939027563716032,0.1382021047293014,0.41841004184100417,0.8463780976806546,0.0,239
295,train,pact,3.0,0,0.4977520082539135,0.11261004843683592,0.14076255238426227,0.07880055991675565,0.021617852806047416,0.016815011233927205,0.8257797387853327,0.8225254908391123,nan,1127.7341758057662,0.586299014203718,nan,0.09063856816601211,69986.0,0.0,10513.0,79340.0,0.6596884121455907,0.9000000000000004,0.5937195607309063,0.35828534188175953,0.21359616691044925,0.017094677658930708,0.0884298920445339,-0.10563742803231886,0.11740839355902118,0.4435146443514644,0.822525490835035,0.0,239
296,train,pact,3.0,0,0.4554288766948919,0.10233197343419975,0.12791495796837166,0.08228731043169189,0.015341701991388488,0.01692420014503673,0.8096445232754472,0.8195561090772621,nan,1130.9694842095155,0.5516164812208718,nan,0.07754470821042354,70224.0,0.0,10513.0,79818.0,0.6597587897687777,0.9000000000000004,0.593782894780945,0.2666066174675781,0.2671744218970511,0.009074081675498747,0.07716790599106503,-0.1051050021072647,0.13135539495372134,0.3807531380753138,0.8195561088471951,0.0,239
297,train,pact,3.0,0,0.0005835234280700004,0.00011640088492663476,0.0001455011090047455,0.0,0.0006973500905176586,0.01691965208190131,0.8492673374868337,0.8512136806503998,nan,1047.410036988837,0.6397153735160828,nan,0.015245461075617367,70462.0,0.0,10513.0,80296.0,0.6599055518665075,0.9000000000000004,0.5939149796713347,18.47381904273381,-20.150685935299585,0.012066444341184477,0.013603034485876755,-0.10715128580850253,0.11246354760999112,0.4769874476987448,0.8512136805794636,0.0,239
298,train,pact,3.0,0,0.2905912866229464,0.06655916558028743,0.08319895270170456,0.05160390644891492,0.011854951538800196,0.016785267108727915,0.8217912792660701,0.8216499969300864,nan,948.4286029129347,0.5926078045312081,nan,0.05227023406213558,70700.0,0.0,10513.0,80774.0,0.6597688936289384,0.9000000000000004,0.5937919923451156,0.19500308266929425,0.21649962240749043,0.00023474163405229443,0.05236564641697696,-0.10496085222399856,0.12184607582097123,0.42677824267782427,0.8216499984635668,0.0,239
299,train,pact,3.0,0,0.46716103549544,0.11048319133459925,0.13810397972714225,0.08856346124635082,0.01952580253449444,0.01774773104544963,0.8439223472668037,0.8500435721425332,nan,979.1658297103818,0.6065195085613299,nan,0.09014800439245811,70938.0,0.0,10513.0,81252.0,0.6601379710760077,0.9000000000000004,0.594124160551127,0.3020497923250832,0.27710731880003614,0.040657098368413885,0.08834492963608198,-0.11288317463464029,0.17104095346773168,0.3723849372384937,0.8500435734082111,0.0,239
300,eval,pact,3.0,0,0.4797851131429772,0.09452822765007078,0.11816027804334948,0.011157601448282537,0.0,0.009524177227979798,0.7025106148989131,0.6014087161509063,nan,4184.866235453714,0.45023859388908083,nan,0.06640840897523646,71176.0,0.0,10513.0,81730.0,0.6640319514972894,0.9000000000000004,0.5976287448256584,0.4916665786347702,0.3178001159653594,0.008959754015845449,0.06601910030266668,-0.07179615676429492,0.0,1.0,0.6014087170080417,0.0,239
301,eval,pact,3.0,0,0.012959528787482421,0.0035730779855843308,0.004466347315090038,0.0,0.0,0.01203570822565563,0.6764565858382061,0.6730846020716503,nan,55571.59286333028,0.17447571774406911,nan,0.004055171300865083,71414.0,0.0,10534.55230125523,82208.0,0.6632237859600258,0.9000000000000004,0.5969013947073885,0.3489014502370497,0.37780149720133005,0.0016605075919625364,0.0037588432399742596,-0.08056625700650444,0.019525801952580194,0.8117154811715481,0.6730846028558596,0.0,239
302,eval,pact,3.0,0,0.28232660558694295,0.04597272036236257,0.05746589735687723,0.012552301629317855,0.0,0.010602578039526566,0.6295018598873745,0.5990980505693907,nan,277647.8606825314,-0.05462534725666046,nan,0.027743222634301953,71652.0,0.0,10678.44769874477,82686.0,0.6599237399495297,0.9000000000000004,0.5939313531794808,0.3837091400508776,0.41841433085017554,0.0010767673096389835,0.028940011323197058,-0.08097006422897564,0.09877012805883104,0.5606694560669456,0.5990980488531908,0.0,239
303,eval,pact,3.0,0,0.43151492035799666,0.08428177373300143,0.1053522115673263,0.007670850995694244,0.0,0.009624726076661044,0.6919609100000629,0.5942455383025452,nan,263013.1813546025,-0.04535828738095371,nan,0.04893986374518745,71890.0,0.0,10847.543933054394,83164.0,0.6624959856895223,0.9000000000000004,0.5962463720822434,0.4056614477255544,0.43930841428302714,0.003570091876567208,0.051168920690969226,-0.069554393903962,0.017370356282490174,0.702928870292887,0.5942455342264806,0.0,239
304,eval,pact,3.0,0,0.372095166128404,0.0639853503559291,0.07998168418487382,0.020920502715529758,0.0,0.009653397091025308,0.6588778278817692,0.603061767988624,nan,179948.33230910043,-0.12478304694496313,nan,0.0545336581190861,72128.0,0.0,10958.322175732217,83642.0,0.6601159714754655,0.9000000000000004,0.5941043639532193,0.49568524374647754,0.17365557626033368,0.003999085979159461,0.05235846289365346,-0.07749838463129499,0.07822999873209077,0.4435146443514644,0.6030617680042611,0.0,239
305,eval,pact,3.0,0,0.1161134909462402,0.025662489757215176,0.03207811022849041,0.0,0.0,0.011230858473426752,0.6763439305656624,0.6460281237648122,nan,310940.0319037657,-0.20235609118027853,nan,0.016688152700667484,72366.0,0.0,11022.845188284518,84120.0,0.6613246609601017,0.9000000000000004,0.5951921795826078,0.4057012662317396,0.4532105188743599,0.0018283820474087925,0.016440753327990946,-0.07703327400987375,0.009509319132750094,0.7447698744769874,0.6460281251447162,0.0,239
306,eval,pact,3.0,0,0.3575846380647296,0.06720196987107062,0.08400245662653798,0.03207810416381229,0.0,0.009915399394109143,0.6928113974537311,0.6259273319314215,nan,316503.48277327407,0.220878893388708,nan,0.06016712520216985,72604.0,0.0,11122.263598326359,84598.0,0.6608132272335276,0.9000000000000004,0.5947318937489179,0.37955893797691204,0.13716737283889713,0.005036111533020933,0.05760577756221792,-0.07655610340748109,0.004564473183720046,0.9456066945606695,0.6259273297600856,0.0,239
307,eval,pact,3.0,0,0.4982182329869342,0.09170644921018968,0.11463305616743885,0.026499303439671027,0.0,0.009600541825215313,0.6638935114798685,0.5729462750037844,nan,345850.8146574268,-0.1764777265956711,nan,0.0511832415412675,72842.0,0.0,11184.92468619247,85076.0,0.6612517282553797,0.9000000000000004,0.5951265452047771,0.4167420494252448,0.4524160568851455,0.007093348801136017,0.054553449846546954,-0.07398511192075506,0.07404589831368073,0.40585774058577406,0.5729462753700874,0.0,239
308,eval,pact,3.0,0,0.2947040708871606,0.05546934402543332,0.06933667574822001,0.017433752262941464,0.0,0.010228446320431876,0.6895289881209449,0.6332920597686927,nan,259392.6758629707,-0.1950065452096717,nan,0.045992651892188846,73080.0,0.0,11276.97489539749,85554.0,0.6605812000679671,0.9000000000000004,0.5945230660079414,0.4542693961379766,0.19097401607128117,0.0021965023046872072,0.0445503892304442,-0.07641244713387899,0.006719918853810067,0.899581589958159,0.633292059257027,0.0,239
309,eval,pact,3.0,0,0.4689258159280493,0.09058521348354029,0.11323151109679495,0.01952580253449444,0.0,0.009680790625995797,0.6921462724647761,0.5927498390485053,nan,423647.29020658997,-0.10731807264345049,nan,0.050927298656658945,73318.0,0.0,11354.230125523012,86032.0,0.6614954297013861,0.9000000000000004,0.5953458729648191,0.42725771026737935,0.45082357323482647,0.0032441676402121854,0.05284219150110947,-0.07037103604002176,0.00025358184354000256,0.9916317991631799,0.592749839659356,0.0,239
310,train,pact,3.0,0,0.3538667886901772,0.06969851250740773,0.08712313393964041,0.045327755883647805,0.016039052081906147,0.016134101571125527,0.7602288525972406,0.7698097475278327,nan,7931.574819907983,0.2661008278149566,nan,0.07610993751881948,73556.0,0.0,11432.0,86510.0,0.6534736262143407,0.9000000000000004,0.588126246556328,0.19064203441446856,0.16307451080089275,0.03538284145612666,0.07152231228362504,-0.10306381702151024,0.1540509699505516,0.3179916317991632,0.7698097497764095,0.0,239
311,train,pact,3.0,0,0.4689258159280493,0.1056893968033741,0.13211173643317867,0.08228731036934393,0.01952580253449444,0.01736794141701824,0.8252153011919564,0.8414952194466252,nan,1048.8107682870523,0.5874239253698532,nan,0.08586853143864284,73794.0,0.0,11432.0,86988.0,0.6593285746654207,0.9000000000000004,0.5933957042554432,0.2841488425524605,0.2673826501082991,0.03389423026457288,0.08462982573039893,-0.1080209224900135,0.12298719411690122,0.4393305439330544,0.8414952169081185,0.0,239
312,train,pact,3.0,0,0.0065658995871934805,0.0019523641212304999,0.0024404550141340245,0.0,0.0006973500905176586,0.017011685228700044,0.8545400975388961,0.8554633414396182,nan,1256.6893116460185,0.6230787768274172,nan,0.016228562285136052,74032.0,0.0,11432.0,87466.0,0.6604222066731632,0.9000000000000004,0.5943799729626548,0.08662901299611585,0.08151164903416008,0.014735118007723523,0.01468506481076048,-0.10675532044702464,0.10193990110308102,0.45188284518828453,0.8554633411585884,0.0,239
313,train,pact,3.0,0,0.010237411712357194,0.002782483991414745,0.003478104891393102,0.0,0.0,0.016334092195796544,0.842524631876327,0.8409893427932612,nan,1278.2693591257519,0.5521188128942226,nan,0.003571720848199848,74270.0,0.0,11432.0,87944.0,0.6594119588201515,0.9000000000000004,0.5934707462538237,0.24396281635792214,0.06497262641375356,0.0010149499367870186,0.0034610942133455626,-0.10879832328435839,0.1299606948142513,0.48535564853556484,0.8409893401653837,0.0,239
314,train,pact,3.0,0,0.21150077816593815,0.05260892211838353,0.06576114854327,0.037656904763257656,0.006973500905176585,0.01757771932816125,0.8500323995137314,0.8554635309774008,nan,1187.5284444258302,0.5418474780216377,nan,0.04351771376804386,74508.0,0.0,11432.0,88422.0,0.6596168187372854,0.9000000000000004,0.5936551233714594,0.15859768332680194,0.17318457313785873,3.286843790005672e-05,0.043732646328761435,-0.10904448853880382,0.11652085710663118,0.4435146443514644,0.8554635324664723,0.0,239
315,train,pact,3.0,0,7.168495677855786e-07,1.5978019664582317e-07,1.9972521916935884e-07,0.0,0.0,0.016772685466318635,0.846658141293785,0.8494684637590433,nan,1041.2473113885983,0.622327983379364,nan,0.013253913061288048,74746.0,0.0,11432.0,88900.0,0.6599251044345201,0.9000000000000004,0.5939325817459298,1548.2526671945054,-1742.1021753012392,0.011629916397923655,0.011828648794815528,-0.10918992969957145,0.11271712945353111,0.4435146443514644,0.8494684647337414,0.0,239
316,train,pact,3.0,0,0.11611346518928935,0.027764224139497386,0.034705278617796285,0.009065551176729561,0.0034867504525882926,0.016264881703916892,0.8356729020134674,0.8358004116862389,nan,1039.598232636392,0.2598753051353018,nan,0.0289972083545721,74984.0,0.0,11432.0,89378.0,0.659787144621047,0.9000000000000004,0.5938084152951899,0.25073786112749175,0.09859825417870527,0.0054969347343162495,0.02814837195347312,-0.11316225406554113,0.18372004564473182,0.33472803347280333,0.8358004108412334,0.0,239
317,train,pact,3.0,0,0.4653420398303694,0.10394845495944104,0.12993556135331638,0.08158996002943446,0.013249651719835514,0.017436411992596094,0.8533188120839985,0.8441441307257409,nan,1079.9962518285008,0.5485912272122115,nan,0.08986296873173392,75222.0,0.0,11432.0,89856.0,0.6597646043390409,0.9000000000000004,0.5937881290164453,0.3213433116608,0.17779052466751277,0.017059214948676526,0.08811001871248793,-0.11623595922878266,0.19563839229111193,0.3723849372384937,0.8441441280069932,0.0,239
318,train,pact,3.0,0,0.01843199975083282,0.004939564126292847,0.006174454754050412,0.0,0.0,0.016750739017895044,0.8281920849029988,0.8277889616070432,nan,1008.2864224102707,0.5420521321905208,nan,0.006844210136082305,75460.0,0.0,11432.0,90334.0,0.6593428136913347,0.9000000000000004,0.5934085180071108,0.06686479171073333,0.06994278778840568,0.0024463020245279114,0.006636107266416859,-0.10839694430533048,0.1307214403448713,0.40585774058577406,0.8277889636358594,0.0,239
319,train,pact,3.0,0,0.41162969583010295,0.09054288182986467,0.11317859602788007,0.07391910922078408,0.01464435190087083,0.01628673249450376,0.8098278959051834,0.8001738117080354,nan,849.9400001430113,0.5355115862695742,nan,0.06720312279512693,75698.0,0.0,11432.0,90812.0,0.6596604164175409,0.9000000000000004,0.5936943576924472,0.24914675318384444,0.27152149793790137,0.0034492903121810577,0.067766317570706,-0.10632092117495606,0.14606314187904149,0.4100418410041841,0.8001738088486751,0.0,239
320,train,pact,3.0,0,0.018431992074788867,0.004935380463511781,0.006169225221497853,0.0,0.0,0.01705883863035231,0.8361052554022816,0.8378365831644465,nan,920.0534713936651,0.6001353802541309,nan,0.020151982821984934,75936.0,0.0,11432.0,91290.0,0.6598692875526939,0.9000000000000004,0.5938823422627469,2.067049683680603,-1.4718950931746981,0.00864819529258001,0.018072610820206926,-0.11167004540296895,0.16368708000507165,0.3598326359832636,0.8378365869743746,0.0,239
321,train,pact,3.0,0,0.27401919350725557,0.06345000715068884,0.07931250250721365,0.05718270717305619,0.012552301629317855,0.017591188424052554,0.855648885212184,0.8667008915456269,nan,870.3335246959989,0.5213736955185565,nan,0.05169513010471111,76174.0,0.0,11432.0,91768.0,0.6598444478781154,0.9000000000000004,0.5938599912691316,0.16991490158377603,0.1877870039378069,0.0002994561533788536,0.05172280296896491,-0.11332501879391534,0.15760111576011157,0.3179916317991632,0.866700893546856,0.0,239
322,train,pact,3.0,0,0.4554288604148302,0.09431043720050561,0.1178880389195903,0.06694560850265135,0.02510460325863571,0.01616587983463817,0.7505788789384036,0.760036955755126,nan,893.5033357372843,0.644657611597532,nan,0.07429175290267401,76412.0,0.0,11432.0,92246.0,0.6594645705183181,0.9000000000000004,0.5935180997748754,0.42038962722043655,0.2593051759528169,0.015754337938657652,0.0713439767397979,-0.10365802659015909,0.16951946240649168,0.27615062761506276,0.7600369520838783,0.0,239
323,train,pact,3.0,0,0.08163405268523204,0.02075541842886306,0.025944271181615325,0.004184100543105951,0.0027894003620706344,0.016748339230989624,0.8365403244186146,0.8394329633922257,nan,917.6217462388042,0.6132922348991099,nan,0.02032529428840184,76650.0,0.0,11432.0,92724.0,0.6596390335629675,0.9000000000000004,0.5936751163654248,0.09845256475788737,0.10721550571603777,0.002317038018174406,0.02017204765015548,-0.10655250040727002,0.1189298846202612,0.40585774058577406,0.8394329593622807,0.0,239
324,train,pact,3.0,0,0.501210307838382,0.11387418359491565,0.14234272109001628,0.08089261037535249,0.016736402172423805,0.01769216166844272,0.827845843641329,0.8354206547826902,nan,1021.8664448630361,0.5780068300508555,nan,0.09023491025680216,76888.0,0.0,11432.0,93202.0,0.6599153601973625,0.9000000000000004,0.5939238093886914,0.37565274736595966,0.22183453271685571,0.023082443016270795,0.08884570571480935,-0.11215109584023958,0.16660327120578164,0.41841004184100417,0.835420655561012,0.0,239
325,train,pact,3.0,0,0.31902109559870884,0.07535194345919423,0.09418992265338572,0.06345885805006307,0.011854951538800196,0.01754042467250485,0.8199386747561738,0.8307744373088103,nan,1231.4776851382715,0.504523136329576,nan,0.0627257432535322,77126.0,0.0,11432.0,93680.0,0.6599019384284398,0.9000000000000004,0.5939117313428903,0.20982894450957085,0.2263441390138503,0.009183267528164082,0.062362539580736745,-0.10828771193404696,0.14048434132116142,0.38493723849372385,0.8307744353607753,0.0,239
326,train,pact,3.0,0,0.49775201144090475,0.10292303115152608,0.1286537810667149,0.06276150789719745,0.018131102353459123,0.015201275957315755,0.7636271549942104,0.7654149062214536,nan,892.6524507530563,0.44190414727638205,nan,0.08547649822864198,77364.0,0.0,11432.0,94158.0,0.6597540271332074,0.9000000000000004,0.5937786084837494,0.36761175204283325,0.23473497342455463,0.055098637813129105,0.08251837453372371,-0.10408907090582066,0.17167490807658173,0.2384937238493724,0.7654149039132048,0.0,239
327,train,pact,3.0,0,0.20738793141458225,0.04544914351432476,0.05681142661779026,0.023709903077600392,0.012552301629317855,0.015353144559557219,0.7765782317731171,0.7746038135749027,nan,1094.1905502255493,0.5729314950470147,nan,0.04263903030782994,77602.0,0.0,11432.0,94636.0,0.6596636151170132,0.9000000000000004,0.593697241410052,0.48504985668592954,0.17942834158781928,0.00876764600045415,0.04036186213135548,-0.10546849605351695,0.15582604285533153,0.3305439330543933,0.7746038140933469,0.0,239
328,train,pact,3.0,0,0.39594290426846546,0.08747893191190148,0.10934865786512243,0.07112970904575731,0.01394700181035317,0.016663140786819502,0.8069923394768806,0.8185603178445265,nan,1044.627027695149,0.5500327099940767,nan,0.06660683594991611,77840.0,0.0,11432.0,95114.0,0.6595755493790535,0.9000000000000004,0.5936179806996589,0.22327719016724867,0.24225208349973426,0.0008308009554883294,0.06707489555682129,-0.10527488500235892,0.13186255864080132,0.38493723849372385,0.818560324200152,0.0,239
329,train,pact,3.0,0,0.051011509713621825,0.013389090841510513,0.01673636310858368,0.0006973500905176586,0.0,0.017465955639164504,0.8515514817447343,0.8567975728332248,nan,921.8177681767293,0.32371142855747975,nan,0.023853382750591613,78078.0,0.0,11432.0,95592.0,0.659792910061122,0.9000000000000004,0.5938136023956363,0.8827755981276808,-0.28715617917359815,0.007976414317197408,0.021710124164532333,-0.11380000644749906,0.16609610751870169,0.36401673640167365,0.8567975761523972,0.0,239
330,eval,pact,3.0,0,0.2781775054950136,0.05707313648888877,0.07134141726458906,0.006973500905176585,0.0,0.012026533001262274,0.7246291792043582,0.6563903608332119,nan,5707.306499912151,0.26817607446320385,nan,0.04653863805087057,78316.0,0.0,11432.0,96070.0,0.6644608590393386,0.9000000000000004,0.5980147594687331,0.3402704945721413,0.2282585836502904,0.004736058458282027,0.04647990854390776,-0.07789329841853841,0.004437682261950044,0.8661087866108786,0.6563903618310917,0.0,239
331,eval,pact,3.0,0,0.41162969583010295,0.08500271963113169,0.10625339402640253,0.02789400362070634,0.0,0.011218594547914474,0.719593697761392,0.6205949632443145,nan,60788.97761669718,0.11353342433043105,nan,0.04626625443922714,78554.0,0.0,11459.426778242678,96548.0,0.6619693887533005,0.9000000000000004,0.5957724346027214,0.41940615775086,0.4643143832875194,0.0014786895110525868,0.0498315947847324,-0.07539108665420421,0.030049448459490292,0.4811715481171548,0.620594966244451,0.0,239
332,eval,pact,3.0,0,0.42329977726598883,0.0888190456517428,0.11102380192448082,0.027196653530188686,0.0,0.011177531170763979,0.722422524600847,0.618805855512619,nan,202245.7114441684,0.046817833705801344,nan,0.0476184357887718,78792.0,0.0,11569.284518828452,97026.0,0.6622597933064943,0.9000000000000004,0.5960337977279679,0.42785100746437305,0.47237436466513494,0.0018102014035645119,0.05137558924780709,-0.07381250397042098,0.02117408393559021,0.6276150627615062,0.6188058548076018,0.0,239
333,eval,pact,3.0,0,0.011099790736339269,0.003613759934904383,0.004517199773134159,0.0,0.0,0.013807702061396762,0.7153306340323332,0.7117231185216784,nan,359387.85649843095,0.031627728085512896,nan,0.003654694347502323,79030.0,0.0,11741.94560669456,97504.0,0.6632655082138014,0.9000000000000004,0.5969389436384624,0.45928631234864686,0.4213450484600171,0.0014934256424329684,0.003323570613608799,-0.0848674657134487,0.047293013820210464,0.19246861924686193,0.7117231241413663,0.0,239
