episode,phase,arm,sigma,direct,A,load,load_frac,sat,clipped,x_std,q_cmd_abs,q_exec_abs,fit_gain,cond_psi,beta_cos,beta_relerr,pred_err,updates,skipped,bounded,diverged,resets,conf,trust_pol,trust_app,corr_frac,explained,corr_dark,resid_after,reward,v_out,cr,q_loss,destroy,steps
0,train,pact,3.0,0,0.502091316396975,0.10342022321465151,0.17236702787708982,0.03157094027457377,0.0,0.015241366822786909,1.4964746486192966,1.5070624658253402,0.7638862862692032,12552301957.160666,0.6791433556059913,1.5274702057429437,0.04975176617094556,119.0,0.0,0.0,0.0,0.0,0.9738900345364375,0.7493723849372388,0.7404006916608771,0.8340457801878455,0.5196357726887375,0.015346240252256393,0.0525039578110466,-0.18577769764822155,0.2428855455651503,0.37656903765690375,1.5070624634314507,0.0,239
1,eval,pact,3.0,0,0.36491424218167223,0.04451008839243521,0.07418347518121808,0.0186382656192181,0.0,0.004927962280957956,0.33291090014838776,0.3843882940553721,0.7016914875936309,1241.7849583326524,0.33232720177542713,10.872864506234684,0.02458005911372524,357.0,0.0,96.25523012552301,0.0,0.0,0.993233618127751,0.9000000000000004,0.8939102384335825,0.5670225908198698,0.48921035438898397,0.00432930898514914,0.0260893539632729,-0.09449271964057655,0.5852992670405649,0.06276150627615062,0.38438829571568967,0.0,239
2,eval,pact,3.0,0,0.4955261374568512,0.02279194667975747,0.03798657588911654,0.0,0.0,0.005096150788178504,0.38808819339863926,0.38633405526312825,0.610241730342849,7477.571432584499,0.30185056499606894,15.002855021584482,0.007673160399619108,595.0,0.0,333.0,0.0,0.0,0.9840690735493743,0.9000000000000004,0.8856621469413885,0.8539236790990098,0.7464949238412502,0.011851634632330387,0.007390543297892748,-0.06652044279079837,0.11329713047864921,0.39748953974895396,0.38633405773384755,0.0,239
3,eval,pact,3.0,0,0.4392558730871779,0.019944387395538433,0.03324064440638718,0.0,0.0,0.005343574575620029,0.392007492763228,0.3946957295160413,0.29898578932345166,38830.63672283603,0.10207199681332046,41.557166662176286,0.007774774171217154,833.0,0.0,571.0,0.0,0.0,0.9808888961580507,0.9000000000000004,0.8827999755428426,0.8651568919501931,0.7385457466880199,0.00620534211230367,0.007689641101800186,-0.06482995957312936,0.10952847265497491,0.4769874476987448,0.39469572952110027,0.0,239
4,eval,pact,3.0,0,0.0760018663305159,0.005616070071865126,0.009360115988669784,0.0,0.0,0.004374311090287242,0.3439702421551469,0.34925336356442344,0.7234112248759889,108963.64373038703,0.22328306533489767,93.8414594019806,0.006134303384577411,1071.0,0.0,809.0,0.0,0.0,0.9854807117992864,0.9000000000000004,0.8869326230621737,1.2275555060862289,0.31512397153693383,0.002919912525776127,0.005157416081445674,-0.07875647661988994,0.38695510252529747,0.19246861924686193,0.34925336500488785,0.0,239
5,eval,pact,3.0,0,0.48112744734638124,0.020763349141512,0.03460558034292559,0.0,0.0,0.005160732794393275,0.3892993329708546,0.3863154082368109,-0.5794787127212875,75656.26269122647,0.24067370163346932,43.49216016266635,0.007140417481240695,1309.0,0.0,1047.0,0.0,0.0,0.9828042250796841,0.9000000000000004,0.8845237769092975,0.8138024747524978,0.7454610396746326,0.0058699631882417535,0.006818173638794368,-0.06251774633823098,0.10911303006023916,0.5941422594142259,0.38631540769917605,0.0,239
6,eval,pact,3.0,0,0.00014589538669387058,2.3055936177404867e-05,3.842656257258271e-05,0.0,0.0,0.0037774583100727037,0.31717054352600704,0.32410104790990824,-1.2893223198886696,70740.91637519613,0.14409708976745605,38.52827835083008,0.005276640329391123,1547.0,0.0,1285.0,0.0,0.0,0.9858653325914838,0.9000000000000004,0.8872787696796481,48.39438978880027,-84.64820749476112,0.0030449748095185435,0.004044637893800035,-0.08050964764850672,0.4682928276803465,0.04184100418410042,0.324101046629514,0.0,239
7,eval,pact,3.0,0,0.17909063403861195,0.008190671695764378,0.01365111883234368,0.0,0.0,0.004057866593269499,0.33405703106684664,0.33428591340156777,0.38178691230558454,48359.03716249346,0.20342230481956794,28.73812764159805,0.005401441031018716,1785.0,0.0,1523.0,0.0,0.0,0.9836235168588711,0.9000000000000004,0.8852611406078897,0.8312746275889596,0.5022230064299349,0.0020628933536473416,0.0049936819870792576,-0.08118053030898145,0.4785898691355826,0.18410041841004185,0.33428591226937304,0.0,239
8,eval,pact,3.0,0,0.42329975400295616,0.023388744279029546,0.03898123837053432,0.0,0.0,0.005773637098918774,0.3781664654550193,0.3781599037068658,0.6858062560837638,53799.287914324006,0.18081855543579314,31.211203825523665,0.005361378896508023,2023.0,0.0,1761.0,0.0,0.0,0.975749896223575,0.9000000000000004,0.8781748831147429,0.938442910379989,0.8045139963314136,0.0022885059158011555,0.0055378932490259035,-0.1125543763777044,0.6625419151903618,0.11297071129707113,0.37815990490088386,0.0,239
9,eval,pact,3.0,0,0.15197705929011698,0.004216439205767803,0.007027398213446443,0.0,0.0,0.0033105489998572664,0.3187043176784675,0.31852348766067534,-0.7863854364507586,52556.33671384676,-0.044662064549252076,49.5676520878301,0.004282005451143248,2261.0,0.0,1999.0,0.0,0.0,0.9846655750125023,0.9000000000000004,0.8861990002408686,0.4191892751066572,0.42406908937060883,0.0018587769582154579,0.003756563027100014,-0.0752944121319021,0.331167096946497,0.0,0.31852348726422475,0.0,239
10,eval,pact,3.0,0,0.4554288604148302,0.024790047102831364,0.04131674237492026,0.0,0.0,0.005635145634693331,0.37477667972632533,0.3742240326923307,0.36549098752283155,60519.391736401674,0.09280487837772339,41.25863514984003,0.006272132140701193,2499.0,0.0,2237.0,0.0,0.0,0.976542422462208,0.9000000000000004,0.8788881627336207,0.8832765943994445,0.7772849390360769,0.002651250457468753,0.006596894552892222,-0.11503311802835615,0.722751416955993,0.07531380753138076,0.37422403049911407,0.0,239
11,train,pact,3.0,0,6.514758795400435e-05,1.5068396826802702e-05,2.5113992123654168e-05,0.0,0.0,0.015188314234954791,1.5431718125502933,1.5428630874246734,-5.646978562347061,1926.408214616975,-0.03927697241306305,90.46834564208984,0.005497378910035402,2737.0,0.0,2475.0,0.0,0.0,0.978787057818728,0.9000000000000004,0.8809083316116653,67.75226427823762,-149.27692321592272,0.0028986769036740633,0.0038407164870648816,-0.20922966502697157,0.461022582272471,0.18828451882845187,1.5428630790349038,0.0,239
12,train,pact,3.0,0,0.02096458594954064,0.0052994475518062245,0.008832411875354787,0.0,0.0,0.015299605749251328,1.556406091446657,1.557230086755553,-0.3286039259745769,763.2340820823255,0.4715663630468576,2.4648781453715207,0.00800011517669008,2975.0,0.0,2713.0,0.0,0.0,0.9895377662890127,0.9000000000000004,0.8905839673146044,0.583027364866767,0.18127973502762917,0.004031848490655844,0.007568743099628024,-0.20096919783817696,0.36653906644114065,0.24267782426778242,1.5572300778858745,0.0,239
13,train,pact,3.0,0,0.0,0.0,0.0,0.0,0.0,0.015025278239678513,1.5599433991699538,1.559973575829462,-2.1179926637326325,965.7129825608002,0.48412322998046875,2.135098934173584,0.0005997131219940848,3213.0,0.0,2951.0,0.0,0.0,0.9905373359325041,0.9000000000000004,0.8914835847072522,nan,nan,0.0005391522532499568,0.0005391522136812292,-0.19355035300974102,0.2789400278940028,0.4225941422594142,1.5599735824866758,0.0,239
14,train,pact,3.0,0,0.00014589538669387058,3.4385327989903815e-05,5.73088769845043e-05,0.0,0.0,0.01615729946331374,1.6268320028751964,1.6269510201330464,-13.663938282922722,1469.5214910148077,0.48412322998046875,2.135098934173584,0.00048060616751233236,3451.0,0.0,3189.0,0.0,0.0,0.9918410079748561,0.9000000000000004,0.892656883934053,0.47909014874113265,-0.353346455140922,0.0004039636349742194,0.0004355278171989317,-0.19211459337318496,0.16680020178640317,0.5104602510460251,1.6269510298888779,0.0,239
15,train,pact,3.0,0,0.47389736845189456,0.15118968524919213,0.25198279051002986,0.08368200861759266,0.0,0.01817684369473465,1.7124251770673935,1.7206464230266076,0.2725260797849073,2246.918058132028,0.4725301623827618,5.939400787383443,0.10500078622999924,3689.0,0.0,3427.0,0.0,0.0,0.9940173573573763,0.9000000000000004,0.89461560877796,0.7650257144166014,0.4099722942378824,0.06775410816073418,0.10185563840190237,-0.19702901110025312,0.12086412059705037,0.5062761506276151,1.7206464182677395,0.0,239
16,train,pact,3.0,0,0.4488243158769947,0.15991800719951027,0.26652998712985915,0.12438189459645099,0.0,0.018579562938924116,1.7275751105911064,1.740998268875617,0.3143354815169857,4101.194541260787,0.38980270308056636,7.17285964828156,0.11797957543953941,3927.0,0.0,3665.0,0.0,0.0,0.9950456454664095,0.9000000000000004,0.8955410529380065,0.7305446418815387,0.3870724565964391,0.068007178722866,0.11582872276213878,-0.2125712562298525,0.3108697587465503,0.26778242677824265,1.7409982776002735,0.0,239
17,train,pact,3.0,0,0.29880202014860646,0.10776932268302643,0.179615519992485,0.08235070433576736,0.0009509319416149889,0.01973924436898723,1.8032413122544229,1.8303942449671453,0.2176109436416227,6189.364831900497,0.37564373340566787,10.951724245957251,0.09801901330602468,4165.0,0.0,3903.0,0.0,0.0,0.9959104784362984,0.9000000000000004,0.8963194033092036,0.6964019774817554,0.3060168148239142,0.04621092150746672,0.09483592256233409,-0.23858979540194736,0.43683788836463994,0.23430962343096234,1.830394250518762,0.0,239
18,train,pact,3.0,0,0.3069478625608959,0.11767131512681174,0.19611883803474606,0.0987067341056329,0.0001901863883229978,0.017534864596851076,1.8740661762748303,1.6849511452798565,0.23405056212985864,7293.19733917364,0.27505088312294196,10.142767126091355,0.06845023253422121,4403.0,0.0,4141.0,0.0,0.0,0.9958807591613865,0.9000000000000004,0.8962926630195713,0.4694580681540185,0.4509885309454619,0.007790224226894525,0.0726427268353778,-0.22753283433266264,0.47493990919611856,0.16317991631799164,1.6849511506113495,0.0,239
19,train,pact,3.0,0,0.41162967206828666,0.21100799560134795,0.3516799434829527,0.28908330295624596,0.0001901863883229978,0.02218425152316752,1.9901413149414702,2.056398071504537,0.43463951885450836,9665.419997466657,0.17417938075180334,18.55308123961652,0.09579800683069803,4641.0,0.0,4379.0,0.0,0.0,0.9982154995327714,0.9000000000000004,0.8983939220216982,0.9327894559538646,0.697395557396765,0.0891222245628377,0.09981996218077682,-0.27526697890136215,0.6231342176325707,0.07112970711297072,2.056398067654599,0.0,239
20,train,pact,3.0,0,0.36126752409238416,0.1649026299844945,0.2748376782867857,0.21243819064425623,0.0,0.019844591976084968,2.121280654204939,1.857653076928031,0.39322793945108997,13226.000633335512,0.1327994875298135,19.49170950765889,0.08455963970734796,4879.0,0.0,4617.0,0.0,0.0,0.9966806133421894,0.9000000000000004,0.8970125345006648,0.5166478160764437,0.5476831707047629,0.02309419790222107,0.092057657340409,-0.22845374046318942,0.4083503961541885,0.1506276150627615,1.8576530666071356,0.0,239
21,train,pact,3.0,0,0.38934417804177057,0.18256854274129702,0.3042808672030618,0.25123621230344895,0.0001901863883229978,0.021809472934300057,2.140366402131244,2.0235496435205307,0.30515297100134975,16133.828942207114,0.14005330906378174,4.801615069600827,0.11884413407842734,5117.0,0.0,4855.0,0.0,0.0,0.9972314799679872,0.9000000000000004,0.8975083114711809,0.6103543175042323,0.5658936823823877,0.10096591898417544,0.12330635115660135,-0.251069509176205,0.4437223656488323,0.1799163179916318,2.02354963868597,0.0,239
22,train,pact,3.0,0,0.5018883342007137,0.2825242942563213,0.4708737615125973,0.3723849393583242,0.0,0.02188498908303148,2.1334573743732403,2.042828528452119,0.2249645285277187,19235.15638892521,0.07170870169903694,13.04209681834137,0.1050994748787401,5355.0,0.0,5093.0,0.0,0.0,0.9986133592896881,0.9000000000000004,0.8987520087712978,0.8793535449518799,0.6637491630998957,0.23636878033479056,0.11194657599826238,-0.2916545566959231,0.7881539511558208,0.0,2.042828528327302,0.0,239
23,train,pact,3.0,0,0.25732146626996916,0.12442564105567042,0.2073760421981472,0.1376949419661047,0.0003803727766459956,0.022737821073088187,2.1758289691294586,2.1194421791132525,0.34543029945265796,28485.3749427955,0.07435446146634021,34.849176157468534,0.10804775183256637,5593.0,0.0,5331.0,0.0,0.0,0.997692154790567,0.9000000000000004,0.897922924871724,0.5522669201900182,0.5119741799514905,0.08285489472386948,0.10649756338275876,-0.29758648165230084,0.7708834090032346,0.0,2.1194421874474965,0.0,239
24,train,pact,3.0,0,0.015004510717528821,0.012243124893593707,0.02040520662740925,0.0,0.0,0.02565837766445207,2.2794204177218003,2.41622726637948,0.34497500818893,24681.71064330544,0.07785252157489625,5.453239556635773,0.05603764065498463,5831.0,0.0,5569.0,0.0,0.0,0.999091940943666,0.9000000000000004,0.8991827196655912,0.4107796626585938,0.34959303670545017,0.0517763806361911,0.05139883400708686,-0.30248484030223416,0.6524822695035463,0.0041841004184100415,2.4162272580706428,0.0,239
25,train,pact,3.0,0,0.001747928173575944,0.0014625251492647118,0.002437541876148986,0.0,0.0,0.024850442779550494,2.279701871851997,2.3264113325454203,-0.014705222566654928,29026.386473587867,0.1208740696310997,9.011760711669922,0.014188078818569996,6069.0,0.0,5807.0,0.0,0.0,0.9985604151522265,0.9000000000000004,0.898704349246484,2.4363042990230097,-1.2546236125333743,0.010639317994090644,0.012540181116766013,-0.27158443752713807,0.3496839668832903,0.12552301255230125,2.3264113257329893,0.0,239
26,train,pact,3.0,0,0.0043400218550171355,0.0035036428490308772,0.00583940433731856,0.0,0.0,0.02479523799877037,2.3200542428004693,2.3306461707318675,-1.9948135848823452,29376.09859603818,0.08171353632560834,1.2491995320659302,0.008745761295959789,6307.0,0.0,6045.0,0.0,0.0,0.9984287689420469,0.9000000000000004,0.8985858716725306,0.34584663696565343,0.05567758314974458,0.005489137274007632,0.008177124427545769,-0.2814960105632845,0.4902519362592363,0.029288702928870293,2.3306461715705757,0.0,239
27,train,pact,3.0,0,0.4706366194916741,0.245747178956008,0.40957857030258754,0.3659186037140411,0.0,0.019793603762158166,2.2469897340032348,1.8511828530782437,-1.9379855273749336,29286.236279092573,0.051860559855930695,5.344086515354811,0.08738388480943975,6545.0,0.0,6283.0,0.0,0.0,0.996701245776779,0.9000000000000004,0.8970310944892372,0.6073142753491492,0.6473493363197551,0.002977930140332319,0.10169380888874763,-0.2797266215212937,0.816315024184694,0.0,1.8511828608919405,0.0,239
28,train,pact,3.0,0,0.2864649582486312,0.16851509104780688,0.2808584408733748,0.27139596759524803,0.0003803727766459956,0.026480284215547302,2.344351762009465,2.476109951609847,0.4753698793914029,31900.644678347282,0.0941644770838028,28.37370128711397,0.0822189720542361,6783.0,0.0,6521.0,0.0,0.0,0.9986337024297675,0.9000000000000004,0.8987703136320393,0.968249705946769,0.7492856180889738,0.07730019808251846,0.08718987237116532,-0.29291963997911913,0.46544407845930147,0.03765690376569038,2.476109951859129,0.0,239
29,train,pact,3.0,0,0.41162967206828666,0.20974343360114792,0.3495723351611654,0.30867250145229835,0.0,0.022578223984470302,2.2594707909987064,2.1116884763520134,0.37727269268434915,33635.158145920504,0.07071596178300212,26.82179701976696,0.11964480194290437,7021.0,0.0,6759.0,0.0,0.0,0.9964776949403675,0.9000000000000004,0.8968299023775875,0.7128834026044992,0.5580063522402909,0.07520764287222516,0.12251065980066315,-0.29649643239830137,0.748004391821716,0.008368200836820083,2.1116884770592494,0.0,239
30,eval,pact,3.0,0,0.023700630373153914,0.022241250271606942,0.03706874723205729,0.0015214911065839823,0.0,0.027081027595817295,2.583847332200246,2.5764702107118262,0.4608963760527856,179986.49081459205,0.06850804512049988,52.32750243821403,0.024661128843694178,7259.0,0.0,6997.0,0.0,0.0,0.9980862035910953,0.9000000000000004,0.8982775717599621,0.6944197406090281,0.34708798430089327,0.011063400512891045,0.022562666357763765,-0.3257489357576332,0.6847680940087243,0.0,2.5764701995318777,0.0,239
31,eval,pact,3.0,0,0.4653420529930334,0.2610910998796898,0.43515175833865105,0.45987067399663406,0.0,0.023123935262466075,2.499588263084699,2.187269428285096,0.014505259078931234,502599.6008106695,-0.05903548874840419,80.49139544754348,0.07545136955126372,7497.0,0.0,7235.0,0.0,0.0,0.9983528278861584,0.9000000000000004,0.8985175258444942,0.6988834275051642,0.757671129662173,0.04292426065287807,0.0935609089395725,-0.3242812317044751,0.879046855989792,0.0,2.187269432458743,0.0,239
32,eval,pact,3.0,0,0.00036113544281525344,0.0004143080407793528,0.0006905133682780483,0.0,0.0,0.029155430247594122,2.5885508509360595,2.768908923639912,0.4492233803244425,1074174.5962343097,-0.04968924820423126,70.48225402832031,0.055676844606183815,7735.0,0.0,7473.0,0.0,0.0,0.997608681478261,0.9000000000000004,0.8978477985789087,1.6918872506840779,-0.08632755307718831,0.04813534007080945,0.046326478300265435,-0.34117800250228575,0.6727499332324403,0.0,2.7689089219713483,0.0,239
33,eval,pact,3.0,0,0.4510805060552793,0.25556890581273933,0.42594810274856315,0.4524534042909056,0.0,0.024994563447724577,2.6019633205365933,2.3555116718284257,0.5477009111368506,779924.7127353556,-0.0057488715686011185,148.45943174801113,0.09408966218078485,7973.0,0.0,7711.0,0.0,0.0,0.9947983096957705,0.9000000000000004,0.8953184633823619,0.7367247191457642,0.6909485969603959,0.05240106384360021,0.10507997600010997,-0.2844262993174729,0.5450013353511972,0.04602510460251046,2.3555116573907995,0.0,239
34,eval,pact,3.0,0,0.022306911853421187,0.021087952263587034,0.035146585173313566,0.005515405199018981,0.0015214911065839823,0.02764253679538247,2.589639785399497,2.629524422988732,-0.05723299040179261,1474132.4439069037,-0.12488822678296932,288.3772892652695,0.037900207505783524,8211.0,0.0,7949.0,0.0,0.0,0.9973814961301731,0.9000000000000004,0.8976433262166618,0.8720279161191735,-0.059530736463713874,0.01733680523767913,0.029334417614446773,-0.31877553616467136,0.5878215970800321,0.0,2.629524437508847,0.0,239
35,eval,pact,3.0,0,0.4706366194916741,0.2676158747918905,0.4460263794108302,0.4781285666521623,0.0,0.02334372648992673,2.5872712334828396,2.2013345567751132,0.07588009480542843,1449117.829497908,-0.013682712970065757,141.53604564906163,0.07421114514913082,8449.0,0.0,8187.0,0.0,0.0,0.9951287193153693,0.9000000000000004,0.8956158248450466,0.6857779576018086,0.7331924803064801,0.006638568458863749,0.09221561307333036,-0.29120681428623835,0.6952431822902758,0.012552301255230125,2.2013345574488694,0.0,239
36,eval,pact,3.0,0,0.475447956226714,0.28135037179881656,0.4689172027951275,0.49809813468276704,0.0,0.024190785842616438,2.410025089854476,2.271460399468075,0.438525677974254,630285.8225679917,-0.011153019095720357,79.01681591177585,0.05122619835371502,8687.0,0.0,8425.0,0.0,0.0,0.997508497916505,0.9000000000000004,0.8977576294703463,0.866130265859334,0.8700315867491168,0.06433422662013648,0.07749161223206809,-0.34983365978362996,0.9070298821923503,0.0,2.271460393564858,0.0,239
37,eval,pact,3.0,0,0.06036288374898542,0.052050694194123066,0.08675115294686313,0.025104602697504117,0.0,0.02703755160318259,2.5940735270288697,2.5689475633609247,0.5699025852192645,1279362.1818776152,0.07158786127398328,175.90247322625197,0.05239445220671251,8925.0,0.0,8663.0,0.0,0.0,0.9965116553725558,0.9000000000000004,0.89686046758955,0.6175549219564962,0.4270166529677817,0.02586576908374625,0.04572201866820205,-0.3200014525695819,0.6797531084008429,0.012552301255230125,2.568947563588335,0.0,239
38,eval,pact,3.0,0,0.501817049438165,0.30671192537072584,0.5111864631802914,0.48155192002092945,0.0,0.023789570717507327,2.5358882738456567,2.255413637500428,0.2947123844885739,726163.7273797072,-0.008590997892790416,65.72763765406908,0.06580019085648543,9163.0,0.0,8901.0,0.0,0.0,0.9986158192905921,0.9000000000000004,0.898754221624909,0.7837008024328695,0.8038084983703827,0.10179331563413144,0.087535459131283,-0.3145655384257079,0.8061663550847208,0.0,2.255413648602991,0.0,239
39,eval,pact,3.0,0,0.019673128869098604,0.02057592360655705,0.03429320569198372,0.0,0.0,0.028380993691323693,2.5654076068471166,2.6951178297338125,0.7239623181989502,1566050.2194037656,0.03162215666447973,300.9046309403296,0.040205581900839026,9401.0,0.0,9139.0,0.0,0.0,0.997972697144273,0.9000000000000004,0.8981754046603726,1.3712799674539866,0.30734837737953424,0.028624825972395067,0.03507101493322575,-0.347612440098281,0.7510608623401289,0.0,2.695117836565014,0.0,239
40,train,pact,3.0,0,0.4891325045084395,0.2704151278209096,0.45069180930432257,0.4018638278649941,0.0,0.022461843450853766,2.3290862737839193,2.1062793028404525,0.08722078246083968,92748.42692533995,-0.023294496064058933,31.905978278634937,0.13338538084693533,9639.0,0.0,9377.0,0.0,0.0,0.9936714781502799,0.9000000000000004,0.8943042984567426,0.7452795819967146,0.5662095761154515,0.09098723805264423,0.13369184553966112,-0.2835127953391923,0.6957773227692217,0.02510460251046025,2.1062793014596344,0.0,239
41,train,pact,3.0,0,0.5008256440260959,0.28982414461335726,0.48304016879434836,0.4231647009255996,0.0,0.02276838493677612,2.320077141957303,2.12795402016101,0.29058042436713455,32426.303420828976,0.04287555459173197,20.455283677727607,0.10768423160873197,9877.0,0.0,9615.0,0.0,0.0,0.9982120811191064,0.9000000000000004,0.8983908582432001,0.8108542883318002,0.6586020838888256,0.11052358391530373,0.11729147599300829,-0.25027314417749563,0.3353808718359595,0.17154811715481172,2.1279540198746325,0.0,239
42,train,pact,3.0,0,0.06283617998029117,0.04162620869605212,0.06937700862753708,0.019208824908883003,0.0,0.024599547499876515,2.289370113835674,2.31563235202095,0.4736204219039015,31711.674424686193,0.0896258299469375,39.732254280704836,0.0642248934688179,10115.0,0.0,9853.0,0.0,0.0,0.9980115658568538,0.9000000000000004,0.8982103915892884,0.389669454957279,0.32588386021672544,0.04423603120660626,0.06078177955289952,-0.29044587089303514,0.608356331048399,0.008368200836820083,2.3156323568977224,0.0,239
43,train,pact,3.0,0,0.3347918485875449,0.17805332878751146,0.2967555082066298,0.24210726765907958,0.0020920502092050207,0.02361113626400796,2.2410896891829357,2.2106530289769672,0.35095030293803836,28780.776444822175,0.05569155977953179,28.00059170303983,0.11215973759233702,10353.0,0.0,10091.0,0.0,0.0,0.9985417773534064,0.9000000000000004,0.8986875744045529,0.7748486031866934,0.5521661136690628,0.07039184312364369,0.11229586044412153,-0.2899794120660331,0.6170509510667973,0.016736401673640166,2.2106530418642207,0.0,239
44,train,pact,3.0,0,0.4367288618482977,0.21701510230664536,0.36169178715931877,0.315519210372011,0.0,0.020151889573190376,2.2206868387166425,1.8996357374111479,0.36614025430948666,21839.913997123433,0.07209175518250178,20.955640643211588,0.08824218850130815,10591.0,0.0,10329.0,0.0,0.0,0.9971915533353095,0.9000000000000004,0.8974723743594342,0.5900979984850084,0.6266855776254614,0.022278800853254163,0.09995916996260318,-0.23634062564037553,0.453247870856702,0.11297071129707113,1.8996357416166127,0.0,239
45,train,pact,3.0,0,0.4595581971330663,0.25607139002322316,0.42678558712892883,0.4083301633845812,0.0009509319416149889,0.023346878825901193,2.1497446657723462,2.1884081214042888,0.4047719129209239,16177.855056060407,0.1440518869702786,19.66699688703944,0.08219705728587995,10829.0,0.0,10567.0,0.0,0.0,0.9987601932122617,0.9000000000000004,0.8988841527675485,0.9307101870312577,0.7887791968481307,0.1040683947182421,0.09659168241491004,-0.25425534441754993,0.29511261461764443,0.14225941422594143,2.188408116442429,0.0,239
46,train,pact,3.0,0,0.37911919344205136,0.1754114230568109,0.2923523384721406,0.1928489934575109,0.0020920502715529757,0.021323078392837275,1.9952101837142242,1.9693552731968869,0.24333073641465797,15592.575015526934,0.10954749383515519,21.60120112028082,0.12040871695058117,11067.0,0.0,10805.0,0.0,0.0,0.9967355147066476,0.9000000000000004,0.8970619470005754,0.7907660160504703,0.4871752864614074,0.07515663497321222,0.11834697890637061,-0.27228787915176256,0.6053888839431437,0.13807531380753138,1.9693552944407056,0.0,239
47,train,pact,3.0,0,2.1493512025067902e-05,1.0583053450645669e-05,1.7638421382669314e-05,0.0,0.0,0.02108741229181821,1.9727953727275258,2.0039565064418268,0.39024900267812496,11386.693461525889,0.1535421758890152,36.30567932128906,0.010820002727615784,11305.0,0.0,11043.0,0.0,0.0,0.9978561044736887,0.9000000000000004,0.898070475546386,67.05111921690478,-76.18015402680241,0.009148159564690703,0.009697568534666898,-0.23203565040358162,0.23956200480726436,0.24267782426778242,2.003956504035275,0.0,239
48,train,pact,3.0,0,0.41462239765982967,0.16828907456507888,0.280481759989773,0.17706352266557046,0.0001901863883229978,0.01739321484826661,1.9177434459390998,1.6695973985364747,0.2019380171837823,7481.069237872646,0.12102025192012722,16.968570303717417,0.07590863332259527,11543.0,0.0,11281.0,0.0,0.0,0.995757266567342,0.9000000000000004,0.896181520059019,0.5323237837741833,0.5558635859530263,0.0032978802459853653,0.08433128059374083,-0.224833054353225,0.494584409032909,0.1297071129707113,1.6695974060956695,0.0,239
49,train,pact,3.0,0,0.4417291495469365,0.20982047090517303,0.3497007459155006,0.24876379050220904,0.0,0.019829517378467894,1.8133968179694777,1.877728843289938,0.4370904820484098,6492.5075326065635,0.24114341298157202,14.060022771607882,0.09287183360824026,11781.0,0.0,11519.0,0.0,0.0,0.9975234377334308,0.9000000000000004,0.8977710776748019,0.9920293231507875,0.6883195850188992,0.08928449282591994,0.0953080462658131,-0.24652211370916224,0.5332502448143862,0.13389121338912133,1.877728848677872,0.0,239
50,train,pact,3.0,0,0.15576161381352116,0.0558541633457113,0.09309026652343194,0.028718144137989027,0.0,0.017775012521174537,1.8001146585871486,1.7422924523074257,0.4585679673500141,5786.673472639905,0.18115270438615746,21.572533926704438,0.05035267983929539,12019.0,0.0,11757.0,0.0,0.0,0.994150262497459,0.9000000000000004,0.8947352088644913,0.3084278550613789,0.3025947890342092,0.017078034594407553,0.050808145445440295,-0.19959958001231234,0.1351672156443811,0.4602510460251046,1.7422924509867106,0.0,239
51,train,pact,3.0,0,0.0,0.0,0.0,0.0,0.0,0.018593829931792604,1.7308249573328505,1.8003770826251935,0.07598001597386836,3385.5914996159127,0.36839768290519714,1.746092677116394,0.03625669102398796,12257.0,0.0,11995.0,0.0,0.0,0.9950527561259569,0.9000000000000004,0.895547460063232,nan,nan,0.03251930377075924,0.03251930396364822,-0.20276069312786002,0.1003590610997359,0.5648535564853556,1.8003770861742086,0.0,239
52,train,pact,3.0,0,0.31501783161268476,0.09862931235772548,0.16438217456475684,0.06827691184925734,0.0,0.01749151171804659,1.7053593836070104,1.6861908308631706,0.2450366023108149,2912.4748943759805,0.4341349652559189,7.1868657013362425,0.08831845257026007,12495.0,0.0,12233.0,0.0,0.0,0.9924810798098352,0.9000000000000004,0.8932329526007425,0.6694487057485995,0.2857805864575008,0.03684946675247584,0.08558659989846613,-0.19672296410092363,0.16599899106798424,0.4811715481171548,1.6861908364774527,0.0,239
53,train,pact,3.0,0,0.36852381268091683,0.11843181015792348,0.1973863334735835,0.09128946396346871,0.0001901863883229978,0.016754179583106456,1.6768350050040368,1.6479920662596634,0.30962438170630563,2881.0770095122907,0.43540952890861984,7.836696311519734,0.09619017953645423,12733.0,0.0,12471.0,0.0,0.0,0.9930193381828244,0.9000000000000004,0.8937173824928795,0.7143482893702134,0.3384629222642441,0.04247380413321985,0.09395316441321286,-0.2065048457091201,0.33395649722543697,0.3179916317991632,1.647992066135352,0.0,239
54,train,pact,3.0,0,0.0488099870398625,0.014310809920936975,0.02385134884760526,0.0,0.0,0.01587731537124664,1.662779036924929,1.6546671313221983,0.26623264266856045,2405.770716200314,0.48950365813893254,11.271304406381551,0.0170667804646107,12971.0,0.0,12709.0,0.0,0.0,0.9914050109715641,0.9000000000000004,0.8922644950854728,0.22209337766943849,0.18389175927183155,0.006492783321365924,0.016760685330619217,-0.19172126493779806,0.1313095344075492,0.502092050209205,1.6546671247399785,0.0,239
55,train,pact,3.0,0,0.20738793141458225,0.06268898541635418,0.10448163343536489,0.039558767835964216,0.0005705591649689933,0.0159387855057967,1.5902957207986999,1.597480683396551,0.38064168493368633,2112.4196292127026,0.3555946318923679,6.188356989597177,0.05667979639923691,13209.0,0.0,12947.0,0.0,0.0,0.9920453661156499,0.9000000000000004,0.8928408066597943,0.8031342454193947,0.33528752645753546,0.024730725747604782,0.05462756864999316,-0.21717065654779863,0.4486780023146087,0.23430962343096234,1.5974806799409342,0.0,239
56,train,pact,3.0,0,0.4085878752840285,0.10154955456168883,0.16924924302010097,0.056104983370673205,0.0,0.015557943905653066,1.6562233128308252,1.602527968803709,0.33916245581714677,1584.9414522179002,0.41979444298160623,4.2126973301296955,0.05056974341582398,13447.0,0.0,13185.0,0.0,0.0,0.9906020650803793,0.9000000000000004,0.8915418453795142,0.47955163205198725,0.5183287560928656,0.004553748860370177,0.05582551250797326,-0.19194595510546653,0.1993530965310543,0.4476987447698745,1.602527972157193,0.0,239
57,train,pact,3.0,0,0.12646471729623124,0.03742757529235483,0.06237928835476873,0.007607455345876047,0.0,0.016491682818120492,1.6046132924167682,1.63720727665155,0.49335315187605855,1772.3166371110094,0.5530591850250834,9.062341766876157,0.045458279666003756,13685.0,0.0,13423.0,0.0,0.0,0.9915483359512425,0.9000000000000004,0.8923934802849423,1.4864788798492372,0.24889372291207013,0.024581716883933753,0.03898238166475037,-0.20792147077158474,0.3368349209175347,0.301255230125523,1.6372072706573413,0.0,239
58,train,pact,3.0,0,0.0349310103396663,0.009786853396450535,0.016311421271886166,0.0,0.0,0.015873325006670033,1.6535749093758012,1.6487904787063599,0.2531951990905978,1529.3863418132191,0.4674401728428557,10.190424560004198,0.01035116272140684,13923.0,0.0,13661.0,0.0,0.0,0.9917288467475062,0.9000000000000004,0.8925559450891726,0.2243086579100547,0.18885456242147802,0.002798999227879166,0.010274122166763952,-0.20123323419799022,0.2610759963203656,0.4225941422594142,1.6487904812097578,0.0,239
59,train,pact,3.0,0,0.4288286743681341,0.11652547383454319,0.19420910758652168,0.08120958613052527,0.0,0.01605618087317654,1.6123795501856624,1.6111145032000842,0.5515351020516711,1671.8865083191683,0.5038703114542502,6.917281378512602,0.08053566147592776,14161.0,0.0,13899.0,0.0,0.0,0.9919670895053752,0.9000000000000004,0.8927703656910853,0.7472504007279454,0.41409403531846234,0.03699831349748961,0.07980331058991941,-0.20752600747554711,0.378082435680584,0.26359832635983266,1.611114504267973,0.0,239
60,eval,pact,3.0,0,0.40549756067851994,0.08281880525330707,0.13803133276212282,0.017497147725715798,0.0,0.01118657910596252,1.1626949766689763,1.1442421796930384,0.3651189878894694,5221.367897448679,0.13400594631373633,20.038905709607832,0.05520454445604438,14399.0,0.0,14137.0,0.0,0.0,0.9949618934587454,0.9000000000000004,0.8954656864808693,0.7738417697425186,0.42360018923861364,0.020236727192149133,0.05391267373394143,-0.17833502537110024,0.542033888245942,0.12552301255230125,1.1442421803486742,0.0,239
61,eval,pact,3.0,0,0.3991743668428696,0.08628823078030398,0.14381371107642033,0.0011411183299379866,0.0,0.011152039893813213,1.1836421529618266,1.1411603364984362,0.40201204067493584,28814.390853817993,0.0007045172611797018,27.80733012554536,0.036148299511315526,14637.0,0.0,14375.0,0.0,0.0,0.9935018185791111,0.9000000000000004,0.8941516157972264,0.5939065591433166,0.6230236655937227,0.009510461465214138,0.040642529208735255,-0.16442829831207129,0.45277307931986105,0.2175732217573222,1.1411603385819487,0.0,239
62,eval,pact,3.0,0,0.08163405268523204,0.02620762503124086,0.04367937358090397,0.0,0.0,0.012390787664520316,1.1967804329664637,1.213446735338187,0.2906117211076505,52509.5777000523,-0.06195678965628895,25.95454728353971,0.04573196126148105,14875.0,0.0,14613.0,0.0,0.0,0.9916454932679691,0.9000000000000004,0.8924809234162255,0.3129811124866841,0.27141901910755106,0.03356628320885427,0.0428919316752654,-0.16752189622055053,0.39808302917000504,0.301255230125523,1.2134467373058755,0.0,239
63,eval,pact,3.0,0,0.0001001795120615216,5.647239507133118e-05,9.412065849280975e-05,0.0,0.0,0.012799072884038776,1.2190542625084082,1.2406105596151311,-0.09280683621462185,68375.54131799164,-0.0343436524271965,20.536043167114258,0.018435672910325815,15113.0,0.0,14851.0,0.0,0.0,0.9933039276669714,0.9000000000000004,0.893973510883842,1.281878774883804,-0.8567248348418457,0.016485381065210497,0.016101894080424565,-0.17936902081572584,0.4309326686251818,0.25523012552301255,1.24061056620428,0.0,239
64,eval,pact,3.0,0,0.020964593625584595,0.008507458410368526,0.014179096608009884,0.0,0.0,0.01221259100417213,1.2063903551720176,1.198643201814037,-1.5255296069283084,73483.61329759414,-0.0343311181736167,19.32577392446446,0.008799859839261395,15351.0,0.0,15089.0,0.0,0.0,0.9934060281789453,0.9000000000000004,0.8940653995489974,0.19118106601275794,0.1607341327670836,0.0018376695285585755,0.008753167394122205,-0.16948394856396365,0.3982017270542153,0.29707112970711297,1.1986432012996928,0.0,239
65,eval,pact,3.0,0,0.023700621450150866,0.006209049702774944,0.010348415602691214,0.0,0.0,0.012375155362499309,1.2091999335767833,1.2105369759902795,-0.33223556848652036,62586.33812761506,-0.03140157852399798,30.379408894223648,0.012325288680387918,15589.0,0.0,15327.0,0.0,0.0,0.9923142499005945,0.9000000000000004,0.8930828027645414,0.9660404475727096,0.09232184535150434,0.007465930185238297,0.011294129650058833,-0.17387294408514214,0.4233953529778332,0.2301255230125523,1.2105369772951797,0.0,239
66,eval,pact,3.0,0,2.149352706407653e-05,7.783258324060356e-06,1.2972097632973982e-05,0.0,0.0,0.012261705981590883,1.2091861559257349,1.2074457855902956,-5.931800431287439,62922.040533472806,-0.03533918783068657,31.828685760498047,0.0019651641981125135,15827.0,0.0,15565.0,0.0,0.0,0.9930719735732139,0.9000000000000004,0.893764752972575,3.6516837614628286,-3.9824232583476595,0.001759188514548209,0.001765391604627538,-0.171692950036387,0.41336538176207005,0.29707112970711297,1.2074457874748152,0.0,239
67,eval,pact,3.0,0,0.4836600335450891,0.10409233612226976,0.1734872182581411,0.005705591649689934,0.0,0.011359425191475257,1.1756324259307096,1.1638414256243526,0.3246067037034359,52262.862365978035,-0.05444863701965485,70.6655461833068,0.0559689969712845,16065.0,0.0,15803.0,0.0,0.0,0.9915249420010395,0.9000000000000004,0.892372429620272,0.8072215237178597,0.5268434400504305,0.03338656076338402,0.055806463405053484,-0.17461468515095638,0.511528532003917,0.13807531380753138,1.163841426958082,0.0,239
68,eval,pact,3.0,0,0.0349310103396663,0.014232441317708663,0.023720734736397006,0.0,0.0,0.012185288661366103,1.2059001650770338,1.196204084482153,0.31090033403500356,66329.55076490586,-0.07943735779828108,151.3031797947744,0.019977066619857507,16303.0,0.0,16041.0,0.0,0.0,0.9937730975230867,0.9000000000000004,0.8943957579185773,0.22667723669246503,0.21698503726603446,0.010180951717523607,0.019323078292484346,-0.169322919278201,0.4108133772515505,0.28870292887029286,1.1962040841605033,0.0,239
69,eval,pact,3.0,0,0.0001001795120615216,4.391770804530812e-05,7.319618157738485e-05,0.0,0.0,0.012454989457806907,1.2141014215337682,1.2230208341546638,-0.19341312841927266,72932.30465481171,-0.019418127834796906,12.454436302185059,0.011767555686263328,16541.0,0.0,16279.0,0.0,0.0,0.9924316827722174,0.9000000000000004,0.8931884887826992,1.498779209761129,-1.0798644443271814,0.010606598769989997,0.010381947259957391,-0.17608680897433754,0.42149618683046974,0.2803347280334728,1.2230208356150927,0.0,239
70,train,pact,3.0,0,0.04457112279658256,0.013257518775241643,0.022095863574569767,0.0,0.0,0.016407094940652282,1.6662701425692028,1.6594067193474231,-2.171393959358272,5743.8318933463,0.03884300284056484,10.856421919547364,0.011644500644442092,16779.0,0.0,16517.0,0.0,0.0,0.9881603543229681,0.9000000000000004,0.8893442944502731,0.2385726370840043,0.22430609442164118,0.001618365557159349,0.011796589555312825,-0.2055180529277558,0.3160331167096947,0.3598326359832636,1.6594067136228103,0.0,239
71,train,pact,3.0,0,0.05326771741892722,0.012793258513331513,0.021322096169063585,0.0009509319416149889,0.0,0.015614924853020757,1.6468521635901479,1.6443813071590088,-0.0710022644028769,1572.9596049416514,0.46409161357700074,1.1226660327432545,0.020271292336725446,17017.0,0.0,16755.0,0.0,0.0,0.9910855545159664,0.9000000000000004,0.8919769749980592,0.2229556882527103,0.19964729815534565,0.012200380766113416,0.019471526886317023,-0.19812083125481128,0.22582272470993206,0.42677824267782427,1.6443813051270366,0.0,239
72,train,pact,3.0,0,0.27401919350725557,0.06842076183753025,0.11403459611196864,0.03404336269929319,0.0,0.01645692115431363,1.6482711057782673,1.6339042072016823,0.14067104293976493,1349.0717865373301,0.407273904673724,1.224710645037216,0.048691422748671664,17255.0,0.0,16993.0,0.0,0.0,0.9921187586365384,0.9000000000000004,0.8929068623227554,0.38060623963506435,0.4056084652461972,0.015059533172589318,0.050683226229361875,-0.20103385635160603,0.2770705362176919,0.3807531380753138,1.6339042013388754,0.0,239
73,train,pact,3.0,0,0.1299968671675179,0.03240048978787478,0.05400081360554494,0.003993913967739089,0.0,0.016397177695713656,1.6879691309509917,1.685814572178669,0.2697956142440501,1505.842389350157,0.4255835531770435,1.3740220453948655,0.0539287841083895,17493.0,0.0,17231.0,0.0,0.0,0.992133105898502,0.9000000000000004,0.8929197778262853,0.3289196187532941,0.3325929929938134,0.045797377559356395,0.05145439472454737,-0.20534775910218173,0.26911777797560765,0.3723849372384937,1.6858145617614348,0.0,239
74,train,pact,3.0,0,0.500344105122346,0.1261791792744874,0.21029861935377964,0.05971852431237448,0.0,0.016448199078752408,1.673153596941896,1.6689280735398935,0.5410250728349806,1362.2328876830543,0.5751600607793201,1.599940586538993,0.07026472209590374,17731.0,0.0,17469.0,0.0,0.0,0.9916117867166527,0.9000000000000004,0.8924505867718653,0.7355595007269964,0.5002885913827094,0.08126113063802845,0.07095380057970443,-0.21886484433549908,0.4152645479094335,0.2803347280334728,1.6689280595408043,0.0,239
75,train,pact,3.0,0,0.03316622928357742,0.008596777327880643,0.01432796099496456,0.0,0.0,0.01608837112223254,1.670349642322652,1.6713119722809253,0.4482624201595035,1697.3372194936585,0.647108624981537,6.6957723575655885,0.031085107169137434,17969.0,0.0,17707.0,0.0,0.0,0.9921920399286757,0.9000000000000004,0.8929728147375035,0.2504712780895046,0.2162649788849339,0.02804428840967356,0.028736361235703604,-0.20511346508822925,0.28069082168610343,0.32217573221757323,1.6713119704464034,0.0,239
76,train,pact,3.0,0,0.046663172881091675,0.013799578702476016,0.02299929702616031,0.0,0.0,0.016377000551218768,1.7016049533708324,1.7016732697706343,0.16906120619000736,1755.5067348081197,0.4144656235453474,1.4442969430939423,0.0179162409856027,18207.0,0.0,17945.0,0.0,0.0,0.9921453368214883,0.9000000000000004,0.8929307812427377,0.22539509867900712,0.220367749654939,0.008564776660973342,0.0174756131973215,-0.212311375055847,0.3138075313807531,0.3263598326359833,1.701673263767106,0.0,239
77,train,pact,3.0,0,0.32695747973790945,0.08250342169612165,0.13750569259230144,0.033853176872101785,0.0,0.016323989062379095,1.6941470608551632,1.6813367904479533,0.23552567822940035,1462.7691716788702,0.30743528067068077,1.7534351276553326,0.055361448021441946,18445.0,0.0,18183.0,0.0,0.0,0.9922422454945712,0.9000000000000004,0.8930180077772261,0.4058725926776983,0.4400995868364481,0.019442747457709054,0.0581723696875647,-0.20893699723376283,0.30451942194130394,0.3807531380753138,1.6813367808964843,0.0,239
78,train,pact,3.0,0,0.25732146626996916,0.06876895045334627,0.11461490678383479,0.04412324059458457,0.0,0.016368301936023903,1.6813607046294912,1.677474889296368,0.28742276874047445,1727.8846466192142,0.5708791623554469,1.1344313486849413,0.07138244079807812,18683.0,0.0,18421.0,0.0,0.0,0.992477682345083,0.9000000000000004,0.8932298918149462,0.40623758695298307,0.42631253701689764,0.055496649406218936,0.06985278347133031,-0.21009423314799483,0.34262144277278256,0.27615062761506276,1.677474880487392,0.0,239
79,train,pact,3.0,0,0.4288286963842077,0.11394766073557183,0.18991275165071364,0.06599467537642523,0.0,0.01609414072793024,1.65913300733686,1.6342893918687829,0.38745573063275807,1927.5873017251242,0.46910047605945476,1.4787747817558226,0.07584492883948944,18921.0,0.0,18659.0,0.0,0.0,0.9916175568951723,0.9000000000000004,0.8924557821022416,0.5541763255221885,0.5680246865246927,0.07910521596040525,0.07872213649555698,-0.21474113311708168,0.4241372147541471,0.17154811715481172,1.6342894000750425,0.0,239
80,train,pact,3.0,0,0.00595315217983492,0.0019214699850750114,0.0032024498000301645,0.0,0.0,0.017270324903707873,1.7070744449124675,1.731624742930903,0.2631712751657893,2414.7556489441686,0.7198912142210925,1.2283968860634202,0.04300440012313675,19159.0,0.0,18897.0,0.0,0.0,0.9922156483558431,0.9000000000000004,0.8929940626711027,0.2912697846280265,0.09009242461011036,0.039176640775431655,0.03617706670470645,-0.20862366802306045,0.24600136502566838,0.36401673640167365,1.731624739676246,0.0,239
81,train,pact,3.0,0,0.3069478625608959,0.09318646929441304,0.15531076646234454,0.07911753560958049,0.0,0.015999476004501016,1.7345302593757916,1.6900947929426218,0.30599330396831786,2131.0829383498954,0.40907226092957555,1.6664184202210175,0.04902540993970277,19397.0,0.0,19135.0,0.0,0.0,0.9920326314211889,0.9000000000000004,0.8928293456093537,0.45566519571476854,0.4980923055734384,0.004559851956624046,0.053551616027335554,-0.19973297343250626,0.20294370752841331,0.4560669456066946,1.6900947963455952,0.0,239
82,train,pact,3.0,0,0.26150266818706364,0.075732188857142,0.1262203064891091,0.044503613620622384,0.0,0.017531000366083748,1.7374060079143636,1.7611459094610173,0.6151807093720058,2180.923654979243,0.4692935803944097,9.315361759902045,0.0597781493215506,19635.0,0.0,19373.0,0.0,0.0,0.9922819479240035,0.9000000000000004,0.8930537256735638,1.07703367561656,0.4668631241314365,0.035516003926849775,0.055193520936273256,-0.21073320667874162,0.22407193091783142,0.39748953974895396,1.7611459178673856,0.0,239
83,train,pact,3.0,0,0.36852381268091683,0.11346802776791429,0.18911336472231913,0.08197033074859794,0.0,0.017151846495850564,1.7061907816132742,1.6759793456628234,0.3702493488289821,3070.8401318155074,0.3986370286224293,6.901639047526914,0.0923569546739676,19873.0,0.0,19611.0,0.0,0.0,0.9929460264648853,0.9000000000000004,0.8936514043907741,0.6874441894743183,0.3339479969747642,0.039946612446672386,0.09022027017766898,-0.22420829340793566,0.453514941096175,0.2301255230125523,1.6759793575680864,0.0,239
84,train,pact,3.0,0,0.4934485877536371,0.1608708164562794,0.26811800842305156,0.1072651203332087,0.0,0.01739865359090362,1.773864962565849,1.7308958988309406,0.4360870179022705,2980.9480858966394,0.2756695886723167,7.809402175029452,0.10220646363328441,20111.0,0.0,19849.0,0.0,0.0,0.9932827500618652,0.9000000000000004,0.8939544496177131,0.7412874521181958,0.44005079275173165,0.07875578929529045,0.10190870960059899,-0.2046716785468509,0.21623787055995725,0.39748953974895396,1.7308958942693669,0.0,239
85,train,pact,3.0,0,0.4341484118583851,0.14902209737816696,0.24837014225788198,0.11943704906118464,0.0,0.01740050907577992,1.744911878178808,1.7141799270857327,0.3635541448159198,3773.308885901543,0.2552707076372742,10.969801220434979,0.10496015832700989,20349.0,0.0,20087.0,0.0,0.0,0.9934756748347103,0.9000000000000004,0.8941280904175347,0.7512051710818428,0.418016903110075,0.0566165501764719,0.10280295551431104,-0.22199287540333595,0.4298643876672898,0.21338912133891214,1.7141799339177615,0.0,239
86,train,pact,3.0,0,0.3069478625608959,0.09970615840158119,0.1661769148010067,0.0684670977387967,0.0,0.016389545692310173,1.7579643990704206,1.622236372536695,0.3557884717461454,3532.599561364082,0.23232205445921073,12.513844645671764,0.06069203063058492,20587.0,0.0,20325.0,0.0,0.0,0.9930548630498942,0.9000000000000004,0.8937493517807836,0.4250915484395972,0.45280410149705197,0.012405218828891246,0.06452826903421806,-0.22141595049174775,0.46217988664352067,0.19246861924686193,1.6222363766290377,0.0,239
87,train,pact,3.0,0,0.2740191620142929,0.10437088361038938,0.17395146008679316,0.07626474084465075,0.0,0.019283275735646362,1.8135836149359348,1.8721357524145597,0.4225314884255621,3997.7411404533864,0.2832433358770035,17.35050036119118,0.07756303330672959,20825.0,0.0,20563.0,0.0,0.0,0.9939484075023539,0.9000000000000004,0.8945535533597778,1.0862783507771985,0.501827780776678,0.047981515837212406,0.07169980389381678,-0.21955933671657749,0.23647585981779876,0.3054393305439331,1.8721357505761351,0.0,239
88,train,pact,3.0,0,0.4934485925616751,0.1823765343805192,0.3039608657776298,0.12856599495251309,0.0,0.016769108849589296,1.7908267865121115,1.6487900188278453,0.41001049681687457,4246.571525031054,0.26287007984163624,9.094853849590573,0.07999143893557706,21063.0,0.0,20801.0,0.0,0.0,0.99358871342248,0.9000000000000004,0.8942298178393472,0.6580302385834329,0.5708632954219371,0.011212323220785369,0.08378877849259636,-0.22196404378104662,0.5023887949197307,0.13807531380753138,1.6487900219222826,0.0,239
89,train,pact,3.0,0,0.5008256440260959,0.19649091215215095,0.32748482975992405,0.10441232463305965,0.0001901863883229978,0.016338538056995453,1.6092012557025734,1.5833583686142287,0.3093274158413939,5885.78757926909,0.1662590543595318,15.66877959462888,0.09816937517203297,21301.0,0.0,21039.0,0.0,0.0,0.9950076812979567,0.9000000000000004,0.8955068989777665,0.9639282069507281,0.5434358991321613,0.10635689558351741,0.09652639009744303,-0.2755434114676128,0.8587791922608982,0.02092050209205021,1.5833583651410157,0.0,239
90,eval,pact,3.0,0,0.29470410188133966,0.10634912267752542,0.1772485245761406,0.06656523472843809,0.0,0.013183737508796747,1.235048804073653,1.1258293093497782,0.4128721098271374,14434.478589173641,0.013507748600855376,39.267008729559606,0.06603739490327289,21539.0,0.0,21277.0,0.0,0.0,0.9962061122371562,0.9000000000000004,0.8965854737050364,0.5327833379568931,0.5416422796186982,0.034034546020380946,0.0695420174613969,-0.13000139903647015,0.028012700673610492,0.7824267782426778,1.1258293023283257,0.0,239
91,eval,pact,3.0,0,0.5015085087071692,0.20866829133702142,0.34778046460686324,0.10441232637880238,0.0,0.013964422353032867,1.221578061580658,1.1970678652679572,0.24084715339429208,57316.17670469404,-0.0254047826802208,109.56105916968949,0.07932668805091202,21777.0,0.0,21515.0,0.0,0.0,0.9963647354098044,0.9000000000000004,0.8967282420421744,0.9409524362329582,0.6454895503510186,0.08848890031759556,0.08111485201382237,-0.1359672058613406,0.021870085165731922,0.8117154811715481,1.1970678587731494,0.0,239
92,eval,pact,3.0,0,0.0,0.0,0.0,0.0,0.0,0.013659609789535341,1.1074961451307002,1.1658100283794324,0.35836836583444764,108512.42130295502,-0.041369181126356125,405.0173645019531,0.02788496393492157,22015.0,0.0,21753.0,0.0,0.0,0.9976933563603517,0.9000000000000004,0.89792400872857,nan,nan,0.02397496929337664,0.023974969043010635,-0.13446106590741147,0.04056500192884061,0.7824267782426778,1.1658100245914473,0.0,239
93,eval,pact,3.0,0,0.4967134153445068,0.21694556784483768,0.36157592409954037,0.1340814018972748,0.0,0.014162341200953124,1.3564738538973502,1.1677102025083916,0.48427541684904857,92961.94439722803,-0.03254411136682796,139.87446104233234,0.06579535184954156,22253.0,0.0,21991.0,0.0,0.0,0.993222328783578,0.9000000000000004,0.8939000809541806,0.7386366009770863,0.6999383096375749,0.004194498843779522,0.07404033438727323,-0.18172677561114164,0.5820054007537316,0.058577405857740586,1.1677101962060226,0.0,239
94,eval,pact,3.0,0,0.03145542497177721,0.013480623309740652,0.022467704661101373,0.0,0.0,0.01410482662913066,1.1260040902443011,1.2122950349392752,0.4827189400605078,88939.015625,-0.020972660452514207,271.7353440607941,0.04704376275234205,22491.0,0.0,22229.0,0.0,0.0,0.9979681736754573,0.9000000000000004,0.8981713343364923,0.5100706433500036,0.46804607537873966,0.04403179909356616,0.04216563551215198,-0.13875999927458396,0.036974390931481645,0.7949790794979079,1.212295034763109,0.0,239
95,eval,pact,3.0,0,0.10291766645305227,0.04527712620011284,0.07546187159201037,0.009128946514807985,0.0015214911065839823,0.013983408791874243,1.2417459812124403,1.24635379546357,0.10406272827353422,125408.96711558578,-0.013626133697722389,206.03097388534866,0.042954759187139105,22729.0,0.0,22467.0,0.0,0.0,0.9941022007036409,0.9000000000000004,0.8946919600833909,0.8203716409820481,0.38560552369557854,0.020558650060144217,0.04024999268220496,-0.15482805672015856,0.19493160034422385,0.4686192468619247,1.2463537951764045,0.0,239
96,eval,pact,3.0,0,0.215627043554328,0.0886017915100299,0.14766964037440158,0.044313427294647344,0.0001901863883229978,0.013987337436846548,1.2589275158598832,1.20262174339474,0.4353642758901648,55077.84988722542,-0.04554309449489832,249.3781404415434,0.05466654237601361,22967.0,0.0,22705.0,0.0,0.0,0.9925715259927087,0.9000000000000004,0.8933143427431833,0.7461479779505059,0.5422768038028662,0.023676703778619412,0.05455374198860516,-0.17601383776403193,0.4037508531410428,0.36401673640167365,1.2026217470583636,0.0,239
97,eval,pact,3.0,0,0.22391452780090834,0.08837007183733686,0.14728344352314324,0.03803727722816388,0.0,0.013238026503333238,1.2578240179117754,1.1451603613139196,0.2425747214500874,140079.83561061716,-0.040168595929419675,238.436037039657,0.045470713825787275,23205.0,0.0,22943.0,0.0,0.0,0.9946606927337008,0.9000000000000004,0.8951946025612962,0.5350975169499476,0.5451214311999901,0.0075312164567765735,0.04789301187820951,-0.14009893520324843,0.15828362859432032,0.5313807531380753,1.145160365544854,0.0,239
98,eval,pact,3.0,0,0.0002749838577568819,0.00020513527194441347,0.00034189209179800767,0.0,0.0,0.014061893862535764,1.0918262084657677,1.1765287910046438,0.25231175149584417,99163.18609440376,-0.04402915760874748,46.51371765136719,0.03833495348956919,23443.0,0.0,23181.0,0.0,0.0,0.997753885001817,0.9000000000000004,0.8979784816378829,32.505968788915496,-43.23190575157864,0.027459094947504946,0.03281452739806105,-0.13442354701600745,0.010356390397341169,0.9079497907949791,1.1765287994991822,0.0,239
99,eval,pact,3.0,0,0.22391449630794566,0.08185319878053428,0.13642198908706313,0.031570939588746266,0.0,0.01315239660741925,1.1972130222799389,1.132834565938766,0.21999976787303094,129698.48429327928,-0.03575879226684196,161.72951926546617,0.06577424719446498,23681.0,0.0,23419.0,0.0,0.0,0.9917793014558289,0.9000000000000004,0.8926013548503859,0.6863469003507848,0.4040808337194042,0.02897309513378238,0.06347588283325464,-0.13078868523325862,0.00783406035787412,0.9581589958158996,1.1328345647678242,0.0,239
100,train,pact,3.0,0,0.031455413804247795,0.015413420859274453,0.025689034024497036,0.0001901863883229978,0.0,0.018893885710685822,1.808166038042332,1.8174812270008869,-0.2145029302514996,13732.93222084205,-0.0012313089842852555,37.337663379174394,0.026263735357430377,23919.0,0.0,23657.0,0.0,0.0,0.9882297757779205,0.9000000000000004,0.8894067743333314,1.036638497972187,-0.022592077273618782,0.012027876319943922,0.022984308807547576,-0.21689236450602792,0.24911718448618655,0.39330543933054396,1.8174812224841708,0.0,239
101,train,pact,3.0,0,0.19514420172920505,0.06757825997646018,0.11263042442816837,0.032521871530361256,0.0,0.01663542174535441,1.7873203978877685,1.669805954939152,-0.6792894164295127,4880.618866860617,0.0375913217231226,25.368351188164876,0.04399224356665358,24157.0,0.0,23895.0,0.0,0.0,0.9939797548070612,0.9000000000000004,0.8945817590757394,0.36994431556969937,0.37156127079875145,0.0024630644080676383,0.04623398185759626,-0.21290173330799453,0.35274043740170336,0.27615062761506276,1.6698059586449399,0.0,239
102,train,pact,3.0,0,0.001747928173575944,0.0011714550328711787,0.0019524250802156324,0.0,0.0,0.01910857718133964,1.778198268373641,1.849522877437799,0.11606913349867864,4521.755663245292,0.11121384799480438,3.565671682357788,0.03903883902032598,24395.0,0.0,24133.0,0.0,0.0,0.9943238204991968,0.9000000000000004,0.8948914264036522,10.159149362166572,-9.40746503870642,0.026093980347187344,0.03480670974730167,-0.21085712155653055,0.14884714679960825,0.5146443514644351,1.8495228719807004,0.0,239
103,train,pact,3.0,0,0.14082450920353773,0.05483219096050223,0.09138697805199733,0.022632179399913323,0.0,0.01771207272258264,1.807274094435959,1.7791244255448984,0.12607322034726082,4439.680164544652,0.13653445546028192,14.105630255643295,0.06004094518818522,24633.0,0.0,24371.0,0.0,0.0,0.993293645242268,0.9000000000000004,0.8939642631857964,0.6238063999516383,0.21878541949740415,0.025090368355301266,0.05780695560563621,-0.20410193984149555,0.1510727321285498,0.49372384937238495,1.779124422548968,0.0,239
104,train,pact,3.0,0,0.0,0.0,0.0,0.0,0.0,0.01832600362661244,1.7855713552012105,1.7896917285280747,-0.21606437225469852,5273.368762666711,0.14784270524978638,17.464853286743164,0.003253554423616334,24871.0,0.0,24609.0,0.0,0.0,0.9937633270997881,0.9000000000000004,0.8943869745880989,nan,nan,0.002924867775074448,0.0029248672862153377,-0.20595283496765507,0.14380248672067422,0.46443514644351463,1.7896917251078015,0.0,239
105,train,pact,3.0,0,0.25732146626996916,0.09028415742924538,0.1504735831437212,0.07322175769626346,0.0,0.017578787217111518,1.8259428071177655,1.7062748837670523,-1.3251422285560175,5055.006124967312,0.20559299272722778,11.352231309004907,0.0555115539337524,25109.0,0.0,24847.0,0.0,0.0,0.9930399621380922,0.9000000000000004,0.8937359494644229,0.37402817188319804,0.39826348129171973,0.0021587471606928097,0.05901234503482297,-0.197612251094267,0.14970770646013234,0.497907949790795,1.7062748870152114,0.0,239
106,train,pact,3.0,0,3.5839762234725213e-06,2.0571527152641765e-06,3.428587584783592e-06,0.0,0.0,0.01903179207247795,1.766496951111191,1.8474348623882277,0.12865584973386143,5263.016299195868,0.3213098347187042,1.990733027458191,0.04767715801274459,25347.0,0.0,25085.0,0.0,0.0,0.994732413082442,0.9000000000000004,0.8952591469098334,15.283472032619102,-15.016236267274554,0.04199588843542721,0.04167389878555041,-0.21143520199211155,0.15620641562064155,0.45188284518828453,1.8474348577479374,0.0,239
107,train,pact,3.0,0,0.04666315660102996,0.019552991287987976,0.03258831680587456,0.0030429822131679647,0.0,0.01826398462548104,1.7707698993603056,1.7660171207523745,0.013314124839487544,5400.076286283996,0.08478806448406755,8.416171913366437,0.026269129253378348,25585.0,0.0,25323.0,0.0,0.0,0.9932581378326256,0.9000000000000004,0.8939323038735649,0.5225577433752379,0.16319192733335552,0.011876293944517493,0.025165916016231832,-0.20421023862011486,0.15991572450221073,0.497907949790795,1.7660171286549717,0.0,239
108,train,pact,3.0,0,0.3959428790102983,0.13521102930765713,0.2253516982397197,0.11582350774539564,0.0,0.018104525941529285,1.8009552262318185,1.7448048875920443,0.2955195059893637,4524.675720980976,0.1944312521102585,13.439134699530182,0.10791541289569319,25823.0,0.0,25561.0,0.0,0.0,0.9938183948085897,0.9000000000000004,0.8944365407133701,0.7020709110731252,0.3523057030900697,0.053195087432225306,0.10536450790202394,-0.21108958397310668,0.2897712098281848,0.35564853556485354,1.7448048841988675,0.0,239
109,train,pact,3.0,0,0.497250765612289,0.17230142934047032,0.28716902525336985,0.11639406603749328,0.0001901863883229978,0.016564555312253565,1.7187410622959856,1.6268730510228848,0.3413206510339322,4579.031075321979,0.2688428618045033,11.37462494512981,0.10631859982503133,26061.0,0.0,25799.0,0.0,0.0,0.993128897754717,0.9000000000000004,0.8938159840376307,0.7538327505353534,0.44372316949000457,0.08316188002074207,0.10622404857487983,-0.22665071123124983,0.551411021098549,0.14644351464435146,1.6268730432433187,0.0,239
110,train,pact,3.0,0,0.13356819286291968,0.04894279998074559,0.08157132743356338,0.019969570212783175,0.0,0.01770679351082656,1.7367229466657759,1.7386969938936592,0.2909822290038464,4333.000623120423,0.16953846026664,18.969923760601667,0.05149704009921886,26299.0,0.0,26037.0,0.0,0.0,0.9934487367773654,0.9000000000000004,0.8941038505302812,0.7809805423137844,0.29124515726813405,0.024194114186782266,0.04934964734850506,-0.21824504805717193,0.33312561203596547,0.3179916317991632,1.7386969785357553,0.0,239
111,train,pact,3.0,0,0.06036288374898542,0.020458856928423787,0.034098092983535874,0.003233168414447098,0.0,0.016759523710773706,1.7745829092408822,1.7512399731320816,0.2305671852159949,4024.0113111679525,0.1856915758119966,19.23937962095109,0.01851834449880546,26537.0,0.0,26275.0,0.0,0.0,0.9921266359265379,0.9000000000000004,0.8929139555248755,0.22298776852850571,0.21079949893033723,0.0029443498958922343,0.01868959908445744,-0.20357837504424528,0.17193388527849487,0.497907949790795,1.7512399914012424,0.0,239
112,train,pact,3.0,0,0.0003611348120901913,0.0001785233591865382,0.0002975388919344273,0.0,0.0,0.01712283584441226,1.7156422337727566,1.7395503121938665,-0.0398533379999535,3023.0617859652853,0.2660681903362274,1.84708833694458,0.016567266479945084,26775.0,0.0,26513.0,0.0,0.0,0.9916779239307387,0.9000000000000004,0.892510116599095,17.060556103489883,-17.04430529368839,0.01253900208317454,0.014832428099770707,-0.2024414174636095,0.17383305142585834,0.4769874476987448,1.7395503090247295,0.0,239
113,train,pact,3.0,0,0.19514420172920505,0.055545011705343386,0.09257501181392594,0.02947888969128102,0.0,0.016333872051013314,1.7160207247634314,1.6714471603537204,-0.5214185641267995,2659.3714757943253,0.27106128869944535,1.7758797631602905,0.03719315899738964,27013.0,0.0,26751.0,0.0,0.0,0.9918534561181168,0.9000000000000004,0.892668104321388,0.32837478157445915,0.3507005327965801,0.0018230132337911137,0.03911447870982119,-0.20115418863733148,0.23698032582569212,0.401673640167364,1.6714471598860257,0.0,239
114,train,pact,3.0,0,0.08452667201199193,0.030633870976195934,0.0510564485601162,0.007417268957553049,0.0,0.017388605736741586,1.7121082579241638,1.744629070349817,0.3972760109721866,2878.429435187304,0.49285659106705476,7.791373396019557,0.038577068996494907,27251.0,0.0,26989.0,0.0,0.0,0.992579538702466,0.9000000000000004,0.8933215635092189,1.272629669702566,0.3201721311831901,0.02319461777919858,0.03501742796643119,-0.2070919659049259,0.22060001780468264,0.4560669456066946,1.7446290675700524,0.0,239
115,train,pact,3.0,0,0.4836600335450891,0.1376031789501311,0.2293386132467687,0.08063902696555629,0.0,0.016062297848555958,1.663317940723946,1.6251694233347682,0.49996613040878185,2475.2817893566944,0.47490822609950434,7.740201576234905,0.09161711701827131,27489.0,0.0,27227.0,0.0,0.0,0.9920920467775736,0.9000000000000004,0.8928828167117291,0.7048702256679333,0.4131234838067065,0.05413504997484906,0.09061936163986452,-0.20562225151373004,0.35704323570432356,0.2594142259414226,1.625169426412106,0.0,239
116,train,pact,3.0,0,0.5019918540521879,0.14595072372746423,0.24325118695321396,0.0842525678449096,0.0,0.01589757635230861,1.6686382912192883,1.6356683779959897,0.531293638206426,2699.8054985780595,0.46155284688063747,5.662586216397864,0.07849554351831019,27727.0,0.0,27465.0,0.0,0.0,0.9914026203015858,0.9000000000000004,0.8922623418365063,0.7301802605325372,0.46878266163167737,0.029521341435611248,0.0795483287632325,-0.20509379074213885,0.3524436926911777,0.28870292887029286,1.6356683720232048,0.0,239
117,train,pact,3.0,0,0.2947040708871606,0.09084244355042786,0.1514040601094425,0.07189045316504634,0.0,0.01681157954964615,1.6794159616885325,1.6968349856811586,0.5229066870950755,2822.296154836232,0.49611546442099697,9.27863013694476,0.06894362621130148,27965.0,0.0,27703.0,0.0,0.0,0.9921793790541932,0.9000000000000004,0.8929614277564332,0.8380145939533017,0.4127017827547039,0.030646168223129364,0.06766020186502626,-0.21547410645637483,0.3798035550016321,0.28870292887029286,1.6968349913210383,0.0,239
118,train,pact,3.0,0,0.47389736845189456,0.1294799689647669,0.215799935017218,0.06808672527389048,0.0,0.01626054082400941,1.663390904789689,1.6431653878678836,0.5082278509768482,2230.9717772415993,0.4987426644900354,5.6419404121622385,0.08805141153757043,28203.0,0.0,27941.0,0.0,0.0,0.9916802008780475,0.9000000000000004,0.8925121578711346,0.7187516483456632,0.4036175534205416,0.04634250442497432,0.08692135663788812,-0.20674815751255754,0.3404552063859463,0.3263598326359833,1.6431653899829506,0.0,239
119,train,pact,3.0,0,0.0010625928217568533,0.0003515193930831465,0.0005858656155115001,0.0,0.0,0.01669613126213331,1.6680786574734803,1.6738182909817876,0.39149919002624733,1877.482886150791,0.35369062423706055,14.108373641967773,0.008180226780431323,28441.0,0.0,28179.0,0.0,0.0,0.9916064412524012,0.9000000000000004,0.8924457770012413,0.37373139259569393,-0.15025884478804574,0.007467724383921433,0.007365396239372968,-0.20277679549910418,0.25484435739932937,0.39748953974895396,1.6738182885545292,0.0,239
120,eval,pact,3.0,0,0.0010625928217568533,0.0005892591446251599,0.0009820984913055466,0.0,0.0,0.014403746605589674,1.3502352349927735,1.3535872927270673,-0.41052013410598226,12200.626696726269,0.35369062423706055,14.108373641967773,0.0025402817494726924,28679.0,0.0,28417.0,0.0,0.0,0.9967981941031612,0.9000000000000004,0.8971183579337147,0.2235371825692546,-0.09604968351820231,0.0018267562929901082,0.0023422721400394235,-0.19041768454846741,0.5369298792249028,0.16317991631799164,1.3535872974962322,0.0,239
121,eval,pact,3.0,0,0.41462239765982967,0.14847496628140125,0.24745825416257847,0.1211487281147905,0.0,0.013016375181144376,1.2241123248842471,1.2078482473744507,-1.0670256864291199,53664.123504510986,0.11904053406782106,19.933983248148003,0.06978782593936535,28917.0,0.0,28655.0,0.0,0.0,0.9927814226270221,0.9000000000000004,0.8935032516842607,0.5005558183887417,0.5359446233922353,0.0024969109236783545,0.07759609308922331,-0.16742407089051908,0.4264518234962461,0.200836820083682,1.2078482519649443,0.0,239
122,eval,pact,3.0,0,0.3991743668428696,0.09907066256049095,0.16511775878314888,0.05268162887964289,0.0,0.012146451302013013,1.1186708870293207,1.1609687335072203,0.379109361306394,52067.45964631276,-0.0423233411687662,23.76394588677953,0.09134670430170878,29155.0,0.0,28893.0,0.0,0.0,0.9933994918687573,0.9000000000000004,0.8940595183911184,0.5465886416132979,0.5004829077129327,0.10236297254623086,0.08869896556940475,-0.1767328810912487,0.5620344817353632,0.13807531380753138,1.160968736316715,0.0,239
123,eval,pact,3.0,0,0.0488099870398625,0.013299226125983681,0.022165375685351086,0.0,0.0,0.014670136661335015,1.290600612821938,1.3528112297776353,0.207960409661716,99438.80120619769,-0.02132235254866371,29.545405623304294,0.05295905850391258,29393.0,0.0,29131.0,0.0,0.0,0.993767887478593,0.9000000000000004,0.8943910793280502,0.3012230338931251,0.20278411987356204,0.048427578765543156,0.04689209058366435,-0.19015744653214883,0.5302531232380784,0.13389121338912133,1.3528112315825078,0.0,239
124,eval,pact,3.0,0,0.5015085098678519,0.167556787585024,0.27926128878586104,0.1118295942764402,0.0,0.01191068710622896,1.1425991367595465,1.1438801922059958,0.5024730816608194,54468.57918736924,-0.011599682378641108,29.10100109307836,0.08760931960084947,29631.0,0.0,29369.0,0.0,0.0,0.9915220039160182,0.9000000000000004,0.8923697870645563,0.6936096686486826,0.4914919070739979,0.03559017596909633,0.08922769285146162,-0.15474568978855238,0.35262173951749304,0.3179916317991632,1.1438801824590241,0.0,239
125,eval,pact,3.0,0,0.1335682206150051,0.05374545360993359,0.08957575138620048,0.020540129876535806,0.0,0.014515044342991447,1.277489829262929,1.3080657433765204,0.461714918518665,82805.39256995294,0.11377447814301678,75.54196912374456,0.06003959883134968,29869.0,0.0,29607.0,0.0,0.0,0.9940614226472927,0.9000000000000004,0.8946552625759875,0.34021867837134456,0.3384491152449448,0.03517462998072323,0.05919855819804649,-0.17999015919953235,0.47609721356716816,0.1589958158995816,1.308065742105939,0.0,239
126,eval,pact,3.0,0,1.0033076722564557e-05,3.178042267589483e-06,5.296737132944697e-06,0.0,0.0,0.014848986058008846,1.3216478166221075,1.3498898871772957,0.2023953052557163,90559.79646639644,-0.12734454870224,35.92616271972656,0.03250371769390158,30107.0,0.0,29845.0,0.0,0.0,0.9947993820182449,0.9000000000000004,0.8953194231667778,8.145008442501453,-7.851232516316426,0.029295457975437738,0.02895300196596737,-0.18791984845247395,0.5005786521855248,0.11297071129707113,1.3498898865554574,0.0,239
127,eval,pact,3.0,0,0.0065658995871934805,0.0031145232799998776,0.005190871905515489,0.0,0.0,0.014468183238293087,1.3535647107966275,1.3540899466769964,-0.3271263610962759,242569.02902719667,-0.1246207080485307,36.145238676829315,0.004669864967033836,30345.0,0.0,30083.0,0.0,0.0,0.994691203079463,0.9000000000000004,0.8952220548645722,0.20516089190733078,0.11757048174350404,0.0018743157250869075,0.004406457468424047,-0.19154746831994318,0.5206682690881035,0.1799163179916318,1.3540899440553271,0.0,239
128,eval,pact,3.0,0,0.0034414877965033177,0.0017787061712841471,0.002964510237144781,0.0,0.0,0.014493651824485058,1.3543395619512104,1.3565508067358487,-2.41282728214643,336114.91063023015,-0.017713231965899467,45.33136749267578,0.005824650361014639,30583.0,0.0,30321.0,0.0,0.0,0.9943537811853895,0.9000000000000004,0.8949183814196408,0.1812685827443928,0.054864990062216235,0.004043325467094736,0.005321870768875289,-0.19040159161733036,0.5374343452327962,0.16317991631799164,1.3565508060683757,0.0,239
129,eval,pact,3.0,0,0.501946137909228,0.12791761893976433,0.21319601644495664,0.05914796602027685,0.0,0.009924677187950978,1.0329510449864376,1.0287069716962312,0.09241243679014086,127289.22147947176,0.010997789209277395,39.68765226068856,0.07267936466214983,30821.0,0.0,30559.0,0.0,0.0,0.9906475060155701,0.9000000000000004,0.8915827319213038,0.7192515261462589,0.43408395874734973,0.007284708699444309,0.07344213160116296,-0.16411482938534905,0.5675836078221905,0.13389121338912133,1.028706969138119,0.0,239
130,train,pact,3.0,0,0.27401919350725557,0.07339060571282811,0.12231766941792051,0.03271205847981585,0.0,0.01709841598004539,1.7123023575818688,1.6919658351144033,0.41971603335197,4046.474903569561,0.14382321500924716,98.05926904269342,0.06138567067000812,31059.0,0.0,30797.0,0.0,0.0,0.9896149937079043,0.9000000000000004,0.8906534693231144,0.395601474413997,0.42050763795038315,0.03458111031234199,0.062202510153134376,-0.2054411471961679,0.2634796284756224,0.3807531380753138,1.691965833042518,0.0,239
131,train,pact,3.0,0,0.0002036993206716357,6.45989619206908e-05,0.00010766492420493306,0.0,0.0,0.016624688956044832,1.6822510059907347,1.7087168608749261,0.24925185272384387,1916.5006103515625,0.5669472813606262,1.1957377195358276,0.03378613813070066,31297.0,0.0,31035.0,0.0,0.0,0.9918749833705535,0.9000000000000004,0.8926874588722963,1.5009858789046435,-0.5209598680055969,0.030721431385988936,0.029656465587383486,-0.2056807358582791,0.2392355856256862,0.4351464435146444,1.7087168639122274,0.0,239
132,train,pact,3.0,0,0.06536319171795504,0.01950825375739236,0.03251375511531459,0.0015214911065839823,0.0,0.01642712969897962,1.6871047765640035,1.6804805891783168,0.07000540311849641,1680.9154236605975,0.5057381918833096,1.2819974008464414,0.01563462209364786,31535.0,0.0,31273.0,0.0,0.0,0.9914415074691613,0.9000000000000004,0.8922973449758905,0.2601575480589373,0.2651280062533151,0.0016309503245995277,0.016020564668879807,-0.20103540361175612,0.2321137125730734,0.41422594142259417,1.680480590119406,0.0,239
133,train,pact,3.0,0,0.10614912902745642,0.034251982603605964,0.057086635259149116,0.013693419647516067,0.0,0.016896659966215304,1.6757107748646118,1.6873986975418473,0.4221377670764923,1598.3653023053412,0.5919298096306653,5.113545451204148,0.03719142793383543,31773.0,0.0,31511.0,0.0,0.0,0.9914717569510807,0.9000000000000004,0.8923245638484236,0.9274488580276983,0.27660749054496936,0.01691356465475527,0.03531050538959831,-0.21169518504015294,0.3380812487017419,0.37656903765690375,1.6873986913491665,0.0,239
134,train,pact,3.0,0,0.5015085098678519,0.1216629377152203,0.20277154599912195,0.05420311917570345,0.0,0.01458275096031163,1.5494569385400876,1.5263012590268665,0.5526607910708903,1374.7689663555832,0.5866400660190997,2.9733600885798244,0.0628244586064379,32011.0,0.0,31749.0,0.0,0.0,0.9909517722648556,0.9000000000000004,0.8918565728674374,0.6943361122405901,0.4851571231634957,0.0030791616837422433,0.06442763801434206,-0.20753604201561668,0.4852369506513545,0.16317991631799164,1.5263012550947348,0.0,239
135,train,pact,3.0,0,0.34633041948240073,0.09581140592103925,0.15968566755422003,0.06333206525407575,0.0,0.017018709645439018,1.6884096342150636,1.6969172336067615,0.6186846068214672,1886.5136734072632,0.5998767772728429,6.897853413386325,0.06431199814617697,32249.0,0.0,31987.0,0.0,0.0,0.991564471601941,0.9000000000000004,0.8924079991284773,0.8748898847818686,0.4736013188659678,0.030943888528175496,0.06226199601921078,-0.2064062418216227,0.282115196296626,0.37656903765690375,1.6969172376573733,0.0,239
136,train,pact,3.0,0,0.49821823029872664,0.1316962942475896,0.21949381126167236,0.06656523460374218,0.0,0.015642426216343583,1.5632399435322655,1.5641970621990857,0.5958968978297261,1758.7671812687959,0.5146788209053264,5.151864277767836,0.07756515616496487,32487.0,0.0,32225.0,0.0,0.0,0.9913947976283948,0.9000000000000004,0.8922553002584929,0.7147588195397405,0.45674864282992367,0.051470566727221015,0.07776182077856243,-0.20920316605320285,0.4507552152882875,0.26778242677824265,1.56419706474305,0.0,239
137,train,pact,3.0,0,0.10614915428562363,0.03005037628661351,0.05008395753984625,0.006276150689963018,0.0,0.016712762960953694,1.6998167698852187,1.6974004115519663,0.45000103552471143,2084.8093598816686,0.4338002595816696,12.709788422205458,0.032640903391271334,32725.0,0.0,32463.0,0.0,0.0,0.9910302511318957,0.9000000000000004,0.8919272103568999,0.2975447523562749,0.3079180950156952,0.01612713815834207,0.03231944244941424,-0.20156666610700197,0.20359654589156947,0.4811715481171548,1.697400413777019,0.0,239
138,train,pact,3.0,0,0.33866766505446294,0.09449926618670886,0.1574987629208705,0.05306200115750524,0.0,0.017908086811258578,1.6846402145329877,1.7019162691786698,0.5784648658092052,2236.593017578125,0.5545152844744248,6.3291982689163175,0.06717738483849305,32963.0,0.0,32701.0,0.0,0.0,0.9925806963792905,0.9000000000000004,0.8933226072139819,0.8450437901444574,0.4537989734701411,0.03401089490068202,0.06529737615209681,-0.2046205514886197,0.2310157571441289,0.4225941422594142,1.7019162610775056,0.0,239
139,train,pact,3.0,0,0.010237411712357194,0.003105579402814846,0.005175965297856382,0.0,0.0,0.017081051797968448,1.6927472517580169,1.6971658256263413,0.3857345392763864,2621.852390943711,0.3350941942825477,3.7798933334430393,0.006809090786731887,33201.0,0.0,32939.0,0.0,0.0,0.9915784744538024,0.9000000000000004,0.8924206013958823,0.730729973663469,0.19345143934811515,0.004521799463819822,0.006324070004578758,-0.20742512143500585,0.2802160301492626,0.3598326359832636,1.6971658132234837,0.0,239
140,train,pact,3.0,0,0.40549756067851994,0.1073367102054899,0.17889450291443773,0.06770635255959244,0.0,0.017733073093885533,1.6922369916069957,1.6886008095042975,0.4575495936568811,2166.9441883294653,0.5234064527199833,7.203319984499879,0.08174390052191945,33439.0,0.0,33177.0,0.0,0.0,0.9921116085730836,0.9000000000000004,0.8929004202826751,0.6808286806752767,0.35821127168692213,0.0348623230982619,0.08052702426177812,-0.21266368714185457,0.35366034600433244,0.28451882845188287,1.6886008062750948,0.0,239
141,train,pact,3.0,0,0.28232660558694295,0.08216025996230067,0.13693375662705304,0.05572461034463539,0.0,0.016766066750644015,1.7015649958135692,1.6761496351353793,0.42139355108827725,2134.4098978082507,0.4914606594203905,8.331367691690453,0.04608222728918568,33677.0,0.0,33415.0,0.0,0.0,0.9908766671703451,0.9000000000000004,0.8917889866868821,0.4478044900002496,0.4833986642174616,0.006951341759953981,0.049605711384688084,-0.19780256834412202,0.1956734621205377,0.502092050209205,1.6761496353591436,0.0,239
142,train,pact,3.0,0,0.04055127557113798,0.010636931129696655,0.017728217985430124,0.0,0.0,0.017415921938328936,1.6738706183732803,1.70535951378954,0.31740032591580347,2361.8905565589043,0.5985087168765367,1.0370943162231765,0.04675850417332482,33915.0,0.0,33653.0,0.0,0.0,0.9920763076598674,0.9000000000000004,0.8928686567430217,0.26823780053159063,0.22700504092456553,0.04446682673597524,0.042308425644284046,-0.20020994850831964,0.18869996142318762,0.5104602510460251,1.7053595143835012,0.0,239
143,train,pact,3.0,0,0.21976545920194163,0.058077377828952774,0.09679562278081191,0.027196652906709137,0.0,0.016559816663110606,1.6172878348178943,1.6170769747829836,0.26035255346462816,2275.160057674392,0.49692606539407036,1.3049660187884853,0.04054603251681184,34153.0,0.0,33891.0,0.0,0.0,0.9909972802864457,0.9000000000000004,0.8918975302365035,0.40800754892132046,0.43658998946712835,0.013188114077197461,0.04226974240249942,-0.2000442143679482,0.27567583607822194,0.3891213389121339,1.6170769655202162,0.0,239
144,train,pact,3.0,0,0.07057711293792525,0.021148342069156348,0.03524723478511831,0.0,0.0,0.0180686890015137,1.685520768664372,1.7134625028865607,0.4357716320199448,2375.478267909094,0.5743394037669672,8.288321090792014,0.03391997288487789,34391.0,0.0,34129.0,0.0,0.0,0.9922080167167855,0.9000000000000004,0.8929871941710117,1.5845433498123616,0.08621905993603873,0.01849276379657325,0.029720262154765333,-0.2033524474151796,0.20905664856523934,0.45188284518828453,1.7134625023753478,0.0,239
145,train,pact,3.0,0,0.20738796240876128,0.060259355264815705,0.10043225065555626,0.03328261720834916,0.0,0.017603236992909693,1.7006648898623478,1.6668251865079713,0.28881593818569784,2620.225265183708,0.4878278844775515,6.679795723330526,0.03754635215649249,34629.0,0.0,34367.0,0.0,0.0,0.9908034197954952,0.9000000000000004,0.8917230587125323,0.3775352588498843,0.40000971159741383,0.0022967632132349534,0.0398304502602236,-0.19475327585248683,0.1549007388943292,0.5230125523012552,1.6668251921207398,0.0,239
146,train,pact,3.0,0,0.36126752409238416,0.10143903905755833,0.16906505086662338,0.07189045341443816,0.0,0.018516293746345214,1.7431569797723363,1.729302827284426,0.3252317512010431,2721.781955862644,0.49198353458897337,1.4840693014934971,0.07817691188328997,34867.0,0.0,34605.0,0.0,0.0,0.9925436050822046,0.9000000000000004,0.8932892223781123,0.4872625811285894,0.5005801663369633,0.06370323184756158,0.07982303568056812,-0.19822116057755784,0.14739309771803316,0.5104602510460251,1.729302822610846,0.0,239
147,train,pact,3.0,0,0.19514417073502602,0.06354400576640892,0.1059066676608994,0.029098516540547296,0.0,0.01855848551918772,1.6669686858125312,1.7380941642378165,0.5301701204547323,4196.554710994705,0.4130222308585833,12.105740398043867,0.05778695970372332,35105.0,0.0,34843.0,0.0,0.0,0.9942447376051707,0.9000000000000004,0.8948202412497548,1.1952065619100953,0.4020791527294699,0.031901238328616195,0.052644562977658405,-0.2146702898451,0.3116116205228642,0.38493723849372385,1.7380941732363733,0.0,239
148,train,pact,3.0,0,0.006565895839070679,0.0031557547206898847,0.005259591058492329,0.0,0.0,0.019438027959535187,1.7570274818891263,1.7631272740942663,0.36373981590300924,5496.846095384414,0.28213321564087807,2.663503423395516,0.007323708873540241,35343.0,0.0,35081.0,0.0,0.0,0.9935737643780569,0.9000000000000004,0.8942163703830671,0.7000210730997866,0.19916637539977944,0.004919835585214055,0.006794830301735612,-0.20145196579853333,0.12098281848126058,0.5606694560669456,1.763127268449066,0.0,239
149,train,pact,3.0,0,0.18707420168323716,0.055379384214647415,0.09229896682673562,0.029098516665243206,0.0,0.018283062920395176,1.754276983907532,1.6991063241679298,-0.08555374398781766,4369.076279133434,0.30251597491517723,2.548336854539656,0.03720277730338022,35581.0,0.0,35319.0,0.0,0.0,0.9917073980534925,0.9000000000000004,0.8925366294433881,0.33318030696183243,0.34928922556128295,0.0018587122848084956,0.039054186692243156,-0.19275898421335783,0.10038873557078845,0.5690376569037657,1.6991063212655906,0.0,239
150,eval,pact,3.0,0,0.003041941807975517,0.0014538410144736777,0.002423068285904139,0.0,0.0,0.019802241554974762,1.3860076930233625,1.4884770998894918,0.17865172069067736,25983.224615504052,0.4527972340583801,1.7230147123336792,0.02960529748377659,35819.0,0.0,35557.0,0.0,0.0,0.999398152449141,0.9000000000000004,0.8994583198216171,0.3790938833195886,0.12118739093173159,0.02806989433183507,0.02665465392336,-0.16294456040710958,0.0033532152289385444,0.9874476987447699,1.4884771025108277,0.0,239
151,eval,pact,3.0,0,0.3575846668143823,0.11134254676021955,0.1855708976448163,0.07208063911693366,0.0,0.015127967022141153,1.3081071242128954,1.2267043054353244,0.1478749161145833,117883.64010198745,0.26036824918036433,22.596405425829868,0.04776440582736921,36057.0,0.0,35795.0,0.0,0.0,0.9900378401558768,0.9000000000000004,0.8910340381217302,0.65127489558591,0.5961542691943269,0.005336417914217999,0.051261256659348886,-0.1602815141573975,0.25849431733879336,0.5648535564853556,1.2267043039360481,0.0,239
152,eval,pact,3.0,0,0.16730015471176524,0.06704380827681668,0.11173967290930274,0.013122860233155254,0.0,0.018153080442008487,1.3590984184871657,1.4226208640940519,0.6510786469012624,193447.2343423117,0.14763981228593004,147.81513194559008,0.0328542888924386,36295.0,0.0,36033.0,0.0,0.0,0.9981076500405827,0.9000000000000004,0.8982968604714302,1.0181410249626368,0.6871503392897698,0.018240206708599414,0.029029748778572017,-0.16487603883858365,0.13929196712068606,0.7447698744769874,1.4226208665281594,0.0,239
153,eval,pact,3.0,0,0.3069478625608959,0.10241883555060047,0.17069804350123155,0.07017877529605163,0.0,0.016589054214343365,1.3432744626719582,1.2601244534408698,0.5271544876707149,214608.65419063807,0.11635913324024076,130.33937542009554,0.04934580301258043,36533.0,0.0,36271.0,0.0,0.0,0.9901255244490492,0.9000000000000004,0.8911129508681875,0.6323844251739104,0.5831488610237211,0.012198819589959282,0.05214385913244632,-0.1460551654735997,0.05587702899195821,0.8451882845188284,1.2601244432037082,0.0,239
154,eval,pact,3.0,0,0.5013695556751894,0.19264919828591506,0.3210819795023027,0.09585393647269724,0.0,0.017304744924102992,1.3755615261309317,1.3220879420575737,0.4750954412765583,82691.10757714436,0.13910469973935244,88.73975175993213,0.06019994201115235,36771.0,0.0,36509.0,0.0,0.0,0.9960531861712244,0.9000000000000004,0.8964478495729519,0.8583426684711469,0.7050322708131748,0.05181686766445637,0.06491689796649137,-0.1442778284501151,0.007448292234190925,0.9707112970711297,1.3220879511687889,0.0,239
155,eval,pact,3.0,0,0.0020282095075691135,0.0010853073185004846,0.00180884540134848,0.0,0.0,0.01935394107905766,1.382252197385333,1.453304361598761,0.6142709739038635,150696.6495162134,0.10037031769752502,291.1661071777344,0.027549896426265087,37009.0,0.0,36747.0,0.0,0.0,0.9973573547526883,0.9000000000000004,0.8976215947123252,7.25106841167582,-7.154600816866287,0.018356625220342856,0.024377742476340492,-0.16028059638251993,0.021306270215733406,0.9205020920502092,1.453304360935387,0.0,239
156,eval,pact,3.0,0,0.02819465429997744,0.01101129703264134,0.0183521606198928,0.0,0.0,0.01768988997882006,1.3063134017349787,1.319791107247564,0.11464294286617215,216157.25287656905,0.08717394158805264,84.69855148921951,0.013816502197571566,37247.0,0.0,36985.0,0.0,0.0,0.9921478968285118,0.9000000000000004,0.8929330929802053,1.0161426675220286,0.11960664955255362,0.0046881594948923935,0.011696082018666499,-0.1576626355767012,0.14071634173120867,0.7740585774058577,1.3197911113968193,0.0,239
157,eval,pact,3.0,0,7.168495677855786e-07,1.3104262998011976e-07,2.184043528568623e-07,0.0,0.0,0.018896797640740124,1.3526118744367337,1.3615900387823832,-2.956460968034038,1141419.8450575315,0.08412333577871323,88.0865478515625,0.003700936728480533,37485.0,0.0,37223.0,0.0,0.0,0.9958268859770507,0.9000000000000004,0.8962441778207922,884.9764620622276,-6212.740620955881,0.0026047357481301706,0.0027098144379261273,-0.1514663902576755,0.0,1.0,1.361590045769094,0.0,239
158,eval,pact,3.0,0,0.08452667201199193,0.029604362845922542,0.04934060200994053,0.005135032422372986,0.0,0.017769805903869944,1.3867585783723009,1.362166279280036,-0.013994561349261926,444611.4092573222,0.08163229003548622,209.57175401164898,0.026928887846704306,37723.0,0.0,37461.0,0.0,0.0,0.9945379536770378,0.9000000000000004,0.8950841362007492,0.5038342803564788,0.28441451235174264,0.007531358117930501,0.026319331840210628,-0.1513769128705238,0.03958574438410636,0.9288702928870293,1.3621662779136847,0.0,239
159,eval,pact,3.0,0,0.000463527011177035,0.000230213552115487,0.0003836892252236558,0.0,0.0,0.018876338611399777,1.353329039019022,1.3651010436492983,-1.5940700899575795,1472452.9811715481,0.0798032283782959,244.1708984375,0.005610249032535313,37961.0,0.0,37699.0,0.0,0.0,0.9959902894297404,0.9000000000000004,0.8963912492267258,4.62509472820061,-7.225877262792471,0.0035201826959536595,0.004404972637633337,-0.15129871148355503,0.0,1.0,1.3651010447805134,0.0,239
160,train,pact,3.0,0,0.2573214347770065,0.07681942241155008,0.12803235800621607,0.048307341698822115,0.0007607455532919912,0.01954055917118072,1.7634268689853876,1.7400426006716165,0.04832405858443247,25760.684178053085,0.1964076710670064,19.974435596785288,0.07975226633687149,38199.0,0.0,37937.0,0.0,0.0,0.9876543087689946,0.9000000000000004,0.8888888586639859,0.6479776507293225,0.14976787913968193,0.026224369723823363,0.07604958101323801,-0.2000066830708256,0.1327042345470192,0.5732217573221757,1.7400425898786445,0.0,239
161,train,pact,3.0,0,0.015004510717528821,0.00607943888907087,0.010132397180393915,0.0,0.0,0.01956264615627824,1.7766582696507665,1.7712475375650318,-0.013748809763680458,5130.194389055962,0.2354059879001713,22.177945602887846,0.008258013969002814,38437.0,0.0,38175.0,0.0,0.0,0.9936800928295407,0.9000000000000004,0.8943120620240727,0.19213892060335894,0.1473987360930249,0.003315734473436172,0.008017707391540719,-0.19873721982804934,0.07902311641294994,0.5899581589958159,1.771247542957062,0.0,239
162,train,pact,3.0,0,0.215627043554328,0.0666722822550727,0.11112046032457744,0.0393685811982494,0.0013313047182609845,0.019924244827836377,1.7120117517694768,1.7407879250817717,0.3000889153124289,5007.26157165272,0.25703207263138506,10.091178800770429,0.06476084743217257,38675.0,0.0,38413.0,0.0,0.0,0.9941753375979148,0.9000000000000004,0.8947577873034457,0.7148498062642142,0.2665173862205177,0.026548428384558065,0.06214460666840857,-0.22090706600616297,0.3605151488174724,0.30962343096234307,1.7407879270259012,0.0,239
163,train,pact,3.0,0,0.44882433315462367,0.14074275509742182,0.2345712357224428,0.11430201601533212,0.0,0.01854291907998745,1.7754612238337306,1.678407962601554,0.3565081201462566,5317.135445949922,0.3249691460733633,6.493054927143592,0.06410174286645685,38913.0,0.0,38651.0,0.0,0.0,0.9923163632468699,0.9000000000000004,0.8930847113601333,0.5158502460682708,0.5548826514109481,0.004951041930961231,0.07108553222119496,-0.1987640074455372,0.22015490073889432,0.41841004184100417,1.6784079648656258,0.0,239
164,train,pact,3.0,0,0.42045798061068984,0.14324155353879406,0.238735901044424,0.11240015238149395,0.0,0.021086591136131327,1.7847423319038487,1.8491555322663056,0.5999032331311054,4986.62687038278,0.48324244628391505,11.956222185529924,0.07904208244202526,39151.0,0.0,38889.0,0.0,0.0,0.9947521656626936,0.9000000000000004,0.895276925055053,0.9792408960622858,0.5935992861215125,0.06036800727550242,0.07561797271463162,-0.2143245594559851,0.18318050980741268,0.40585774058577406,1.8491555338673424,0.0,239
165,train,pact,3.0,0,0.22807283978866633,0.06892546689635017,0.11487577011594188,0.047546595896138306,0.0001901863883229978,0.020863527724340122,1.7967466370331193,1.821507639964754,0.3412296366741468,6010.491703304786,0.3987956407429284,10.98635402733312,0.06629081725076652,39389.0,0.0,39127.0,0.0,0.0,0.9938424960339918,0.9000000000000004,0.8944582278259628,0.6752490734917905,0.28148164186294167,0.028755442444235085,0.06412208618432533,-0.21205259100692433,0.18460488441793524,0.4560669456066946,1.8215076489381195,0.0,239
166,train,pact,3.0,0,0.10614915428562363,0.03595652841663859,0.05992754271421869,0.015595283281354226,0.0,0.020661283095433497,1.7573801249140975,1.7445405666798228,0.27557031978623137,4667.698662027654,0.40460672220176236,11.763059032013226,0.0275367750760916,39627.0,0.0,39365.0,0.0,0.0,0.9930219508115218,0.9000000000000004,0.8937197365022603,0.31042486269500685,0.30686637721131527,0.0035722563447353616,0.028353603709212437,-0.20336281372386072,0.1692928573548176,0.4686192468619247,1.7445405651855337,0.0,239
167,train,pact,3.0,0,0.37911919344205136,0.12189383933241611,0.2031563795391479,0.09414225985066163,0.0,0.020968499287542065,1.724771674706846,1.7852331754053985,0.5655130444710225,4122.843613117809,0.4895051968396957,7.6785354300024125,0.08301049266711938,39865.0,0.0,39603.0,0.0,0.0,0.9951103586532082,0.9000000000000004,0.8955992991455429,0.8420026744930923,0.4738140698891321,0.04653586814415523,0.08064377215928613,-0.21453006508104555,0.25063058250986675,0.41422594142259417,1.7852331673182549,0.0,239
168,train,pact,3.0,0,0.020964593625584595,0.007162454385921957,0.011937423174740273,0.0,0.0,0.021271020263651675,1.777817964553833,1.7760293708186767,0.3940741230877872,4644.503825550798,0.45311663795465207,12.62731698766413,0.011364057216604306,40103.0,0.0,39841.0,0.0,0.0,0.9940586015270345,0.9000000000000004,0.8946527225203095,0.2174573357673628,0.17173068379680367,0.006004686110902616,0.01090393535486933,-0.20064616904910557,0.11216950057865217,0.5523012552301255,1.7760293773267215,0.0,239
169,train,pact,3.0,0,0.06536319171795504,0.022018781203567636,0.03669796659439831,0.0009509319416149889,0.0,0.020293488128258843,1.7484697178317912,1.7374574170451782,-0.03886303650731587,4378.789721373235,0.2268354546699564,2.362889272897313,0.0233617545851744,40341.0,0.0,40079.0,0.0,0.0,0.9931559290846023,0.9000000000000004,0.8938403174468165,0.24108924411394858,0.23447269201830012,0.008144520084940071,0.023183514303177066,-0.1971028045201063,0.10400902103919996,0.5857740585774058,1.7374574185305995,0.0,239
170,train,pact,3.0,0,0.22391452780090834,0.06765097825164847,0.11275162363139217,0.03974895441133108,0.0,0.019598285755275058,1.6875008888324434,1.6878254505879708,0.12130673851115945,3630.2211403308056,0.3604793258665995,1.82177334200887,0.05605939796455516,40579.0,0.0,40317.0,0.0,0.0,0.9926912961644607,0.9000000000000004,0.8934221374938678,0.382959730810189,0.395774923873616,0.025819487082550212,0.057134860328196015,-0.20165447145979157,0.2223804860678358,0.4435146443514644,1.6878254524475258,0.0,239
171,train,pact,3.0,0,0.000463527011177035,0.0002871117928814509,0.0004785196385253805,0.0,0.0,0.021420420942415003,1.7491230525731043,1.7951674421462056,0.2453714613510475,3306.3003603883367,0.420026034116745,1.9758166074752808,0.03549939320835764,40817.0,0.0,40555.0,0.0,0.0,0.9942386362343154,0.9000000000000004,0.8948147429083182,30.31864843884817,-31.964419420143756,0.024550488182766124,0.03174548546460196,-0.20407713117034124,0.1257010593786166,0.5271966527196653,1.7951674466627696,0.0,239
172,train,pact,3.0,0,0.4367288618482977,0.12384671856228859,0.2064111797784691,0.09033853258298531,0.0,0.019164207073855972,1.6959755939419798,1.677017402948196,0.36560791447197544,2537.3431942991633,0.40735070959949343,1.8406129918337866,0.05615563379726314,41055.0,0.0,40793.0,0.0,0.0,0.9911755370794479,0.9000000000000004,0.8920579612504488,0.5175561729854489,0.5524993486836607,0.0023157394205233738,0.06283529502949502,-0.19920147766066745,0.22436867562835688,0.3723849372384937,1.6770174040001051,0.0,239
173,train,pact,3.0,0,0.20738793141458225,0.05562917554642539,0.09271528669914268,0.022822365912932234,0.0,0.02047711157602371,1.6487312426626932,1.6911424944590325,0.6272135683682174,1732.3875982691554,0.595744914090783,11.94001223252907,0.04941505851091575,41293.0,0.0,41031.0,0.0,0.0,0.9922844967083951,0.9000000000000004,0.893056018581949,1.1946686285643238,0.4057452018314067,0.02691783096211461,0.04517122905576703,-0.2050512342244184,0.24196563696252116,0.37656903765690375,1.6911424855113468,0.0,239
174,train,pact,3.0,0,0.3959428790102983,0.09741650992208287,0.16236083888891178,0.05667554241094629,0.0003803727766459956,0.016042382797327625,1.425814688205719,1.4668514750991406,0.5720776976651227,1393.3231957088456,0.4767749984125182,5.884424804144824,0.07039363903994965,41531.0,0.0,41269.0,0.0,0.0,0.9915024019684253,0.9000000000000004,0.89235213685734,0.7182905702391055,0.38316299984547453,0.026859944723205777,0.07004349704668175,-0.21398004749521363,0.5345559215406986,0.20502092050209206,1.4668514793635214,0.0,239
175,train,pact,3.0,0,0.0023364927420596237,0.0004367340813766216,0.0007278901272253416,0.0,0.0,0.01854134197872927,1.6325054852034757,1.6340017538190388,0.40073876313584617,1044.886264944675,0.544848620891571,9.761944770812988,0.003616209583338467,41769.0,0.0,41507.0,0.0,0.0,0.9904838982486326,0.9000000000000004,0.8914354934851993,1.614623844474303,-0.46251123685846207,0.002922400347757636,0.0032361051171582588,-0.1942343743060521,0.19472387904685595,0.4602510460251046,1.6340017560360822,0.0,239
176,train,pact,3.0,0,0.0014944071429085072,0.00036604828766871546,0.0006100804168462098,0.0,0.0,0.01745213400455636,1.6127283872420817,1.6136112350300267,-0.03816930116855668,940.9994884794228,0.544848620891571,9.761944770812988,0.0016414422521794606,42007.0,0.0,41745.0,0.0,0.0,0.9896486072360721,0.9000000000000004,0.8906837222965193,0.40869656816316957,-0.07236423651318913,0.0012131260505301154,0.0015073571745712977,-0.2032478007144267,0.32908988397281813,0.3138075313807531,1.6136112295114036,0.0,239
177,train,pact,3.0,0,0.5015085087071692,0.11730318001485951,0.1955052887647394,0.04773678265854903,0.0,0.01760241253862633,1.5762231751465898,1.5858299106234786,0.5636173466232188,926.936957834156,0.6537812342204808,2.525302070952858,0.06710793226216939,42245.0,0.0,41983.0,0.0,0.0,0.9908574273396735,0.9000000000000004,0.8917716574469371,0.7131681826491642,0.45308261178548725,0.0485343080587112,0.06897280924996385,-0.20080092677311578,0.3193269829965281,0.37656903765690375,1.5858299062613503,0.0,239
178,train,pact,3.0,0,0.09973252267304225,0.023434846607126025,0.03905807519135824,0.0045644732574039925,0.0,0.017952437380087175,1.5989512499406249,1.6076690946163992,0.516400275619459,769.3582431681485,0.5931761066534529,5.705675871801176,0.027000906782723558,42483.0,0.0,42221.0,0.0,0.0,0.9903823471468363,0.9000000000000004,0.8913440958725358,0.8826564352386205,0.2826682041198221,0.013698552713184705,0.025626019525018258,-0.2109757056766941,0.4223567464909938,0.24267782426778242,1.6076690869424564,0.0,239
179,train,pact,3.0,0,0.06283616020874398,0.016068392662921087,0.026780652463971686,0.0020920502715529757,0.0,0.017353430133172656,1.5761606446369922,1.5812949346199194,0.27501696092563693,634.2402933671385,0.4980015454182565,4.349237029023749,0.0200386771982902,42721.0,0.0,42459.0,0.0,0.0,0.9896991090794488,0.9000000000000004,0.8907291791927865,0.6487845104278285,0.17694007444919468,0.008460765189780896,0.01905586972329025,-0.20984059048283557,0.4505771684619722,0.2803347280334728,1.581294933117763,0.0,239
180,eval,pact,3.0,0,0.18307093769721308,0.040850840469528936,0.06808473027520594,0.03423354914996415,0.0,0.016820776276290417,0.7521888072520619,0.8010576973400355,0.559810065356508,1980.4369958853622,0.08702630430039128,15.67838821101887,0.03168828245330306,42959.0,0.0,42697.0,0.0,0.0,0.9956247250405316,0.9000000000000004,0.8960622294677352,0.6311349117954851,0.34175684587262756,0.0075690391035202675,0.03166709072638506,-0.13140648408172445,0.47004362147244727,0.05439330543933055,0.801057697407234,0.0,239
181,eval,pact,3.0,0,0.4934485925616751,0.02711719938007153,0.04519533014565058,0.0,0.0,0.005629641348281758,0.47323502843350046,0.4800548127006786,0.5784821689877051,7045.465105256276,0.16410804461983955,14.76990627743709,0.012581558383720689,43197.0,0.0,42935.0,0.0,0.0,0.977699951646717,0.9000000000000004,0.8799299400720636,0.7705090856866079,0.5871892753100425,0.007698096567764878,0.012658447675527732,-0.08302900706280686,0.3019377429597318,0.4811715481171548,0.4800548129193581,0.0,239
182,eval,pact,3.0,0,0.04055126141090673,0.0028679236416320393,0.004779872448856029,0.0,0.0,0.013150891338798478,0.664867680940668,0.6717693969046221,0.4202674212066698,43356.98110208551,0.2723300482563394,27.838355359672004,0.00689060059590382,43435.0,0.0,43173.0,0.0,0.0,0.9866512365420992,0.9000000000000004,0.8879860916397063,1.8993502495242869,-0.30580283096903327,0.003655317844567145,0.0057348785064646884,-0.09701469645234571,0.14881747232855574,0.45188284518828453,0.6717693972216616,0.0,239
183,eval,pact,3.0,0,0.2698529906927464,0.011730009275266014,0.019550014175688964,0.0,0.0,0.010939875540662572,0.6126248860209557,0.6160629476463445,-0.17121432163454514,144676.32616370294,0.14768132084793564,24.04905266941342,0.005662455021844062,43673.0,0.0,43411.0,0.0,0.0,0.9782011356812641,0.9000000000000004,0.8803810038327173,0.6650907636640448,0.5833043717833335,0.0012411192570732016,0.006051356497485674,-0.09117945828954957,0.15083533636012936,0.6527196652719666,0.6160629472755247,0.0,239
184,eval,pact,3.0,0,0.0005835245887526782,5.538440351020087e-05,9.23073375168954e-05,0.0,0.0,0.016463469252161776,0.7589101305067789,0.762874009469563,-0.0969267118647675,133196.62805635462,0.03875190019607544,21.80457878112793,0.005008882031947468,43911.0,0.0,43649.0,0.0,0.0,0.9906588982338685,0.9000000000000004,0.8915929826732459,4.457407482217203,-4.681211367635278,0.004088496829514944,0.004148703279406238,-0.1109335848702835,0.1677497848600849,0.4811715481171548,0.7628740091229722,0.0,239
185,eval,pact,3.0,0,0.023700630373153914,0.001073561965446464,0.001789269857056535,0.0,0.0,0.014349436392290634,0.6993315953091098,0.7019414465297715,-3.497017931239874,93103.00683185147,0.018753846974801817,20.309066303604318,0.002013970430936493,44149.0,0.0,43887.0,0.0,0.0,0.9831189645384146,0.9000000000000004,0.8848070483576802,0.6532232486103008,0.4448769142053949,0.0013994608104136812,0.0017724603287404147,-0.09802256494236739,0.10228790171815187,0.5899581589958159,0.7019414450487967,0.0,239
186,eval,pact,3.0,0,0.026644077069207902,0.001874730411130498,0.0031245505257882764,0.0,0.0,0.015518672861719979,0.7285922005086763,0.730912136732285,-12.977664248215104,55220.215178804916,-0.24051615795331022,8.308793099854281,0.0021808375665337376,44387.0,0.0,44125.0,0.0,0.0,0.9875607895801257,0.9000000000000004,0.8888046889250248,0.6871741891061375,0.5751704417840502,0.001243989774650943,0.001867486274787556,-0.10278558376781537,0.0999732929760527,0.6527196652719666,0.7309121310746326,0.0,239
187,eval,pact,3.0,0,0.005953148992843712,0.0005646443718600586,0.0009410738939360085,0.0,0.0,0.015536263540278044,0.7280981600533968,0.7328919698503725,-5.995583181101907,142455.9212212343,0.053427424313009536,13.94937841662802,0.002639622057819248,44625.0,0.0,44363.0,0.0,0.0,0.9888924598444456,0.9000000000000004,0.8900031915020244,1.9959962170286125,-1.1360057734289715,0.0014646334462754783,0.0022521158602384845,-0.10714236853310015,0.16718596991008636,0.42677824267782427,0.732891973420796,0.0,239
188,eval,pact,3.0,0,0.004340025042008344,0.0002613653100582052,0.00043560883397472465,0.0,0.0,0.0155848594787667,0.7331898731167845,0.7366638507803115,-64.8210664413963,210220.10146443514,0.055437585424678595,13.82822327633782,0.001312945144997216,44863.0,0.0,44601.0,0.0,0.0,0.9859568317066176,0.9000000000000004,0.8873611336971426,0.715391856168812,0.32001858505385516,0.0010554948053759974,0.0011291667235972336,-0.10337831897232037,0.13979643312857945,0.502092050209205,0.7366638505712131,0.0,239
189,eval,pact,3.0,0,0.5010294404741651,0.025077052887735055,0.041795085268079,0.0,0.0,0.0034720559402809294,0.39937405493967704,0.41484564143743474,-2.3784256581963277,51901.03177301255,0.10645315079914726,41.64886394404966,0.011814106323475711,45101.0,0.0,44839.0,0.0,0.0,0.9760995085768122,0.9000000000000004,0.8784895357227724,0.8257946406760617,0.5448494796186496,0.005221531275310554,0.011895851534596453,-0.10870633032694747,0.5874061544852963,0.21338912133891214,0.41484564092049975,0.0,239
190,train,pact,3.0,0,0.10942612930107716,0.026374175658861247,0.04395695513170471,0.014834538039802008,0.0003803727766459956,0.018575410982087318,1.6175874439243492,1.6378160640285604,0.4569904538627449,1645.7359782582048,0.5274662151620977,8.261827654419584,0.029625031190133308,45339.0,0.0,45077.0,0.0,0.0,0.9838328830367851,0.9000000000000004,0.8854495735846802,1.187882242883545,0.250877283607149,0.013501749262780858,0.026232002133982857,-0.21628826114320995,0.4527434048488085,0.19665271966527198,1.637816069263706,0.0,239
191,train,pact,3.0,0,0.1870741706890581,0.04462963268998316,0.07438271453666938,0.030620007834175143,0.0001901863883229978,0.017232314574388032,1.575842063047896,1.5979294193339648,0.4616311865870424,860.6638525799228,0.5697383287686184,4.280295462289116,0.04334380785899556,45577.0,0.0,45315.0,0.0,0.0,0.990261117035375,0.9000000000000004,0.8912349779735549,0.7525152030812842,0.2808701084327233,0.017799903002257148,0.04183823159490575,-0.21291196358874662,0.45734294786195434,0.22594142259414227,1.5979294285087489,0.0,239
192,train,pact,3.0,0,0.05101152724064263,0.012852001301725369,0.02142000052210362,0.0007607455532919912,0.0,0.01740219477353672,1.6276850520816308,1.629228094631658,0.2930776213128198,744.5349920424458,0.5762700999007564,4.609033703804016,0.011186361853722541,45815.0,0.0,45553.0,0.0,0.0,0.9898830447735647,0.9000000000000004,0.8908947207438895,0.2450183452429944,0.2509363809739944,0.0018863765177373527,0.011351711549057,-0.2000804951211923,0.26600195851508945,0.3598326359832636,1.6292280966488233,0.0,239
193,train,pact,3.0,0,0.06794360041903054,0.015810972661041523,0.026351619714108262,0.0,0.0,0.017634317613982257,1.5978528617814993,1.6063912897429207,0.3938788683095238,707.9416772052334,0.5165331528276579,4.758445410548893,0.02070046876309728,46053.0,0.0,45791.0,0.0,0.0,0.9901712751288793,0.9000000000000004,0.891154127140923,0.9096508680634073,0.3070295907705861,0.0122460301465574,0.01943417693338275,-0.2029124139191055,0.32983174574913204,0.301255230125523,1.606391288129506,0.0,239
194,train,pact,3.0,0,0.0,0.0,0.0,0.0,0.0,0.017811584416932764,1.6160467713447795,1.616429054587456,-0.23274726789224517,833.6080324819397,0.5254836082458496,5.3346357345581055,0.001313202360266952,46291.0,0.0,46029.0,0.0,0.0,0.9903297643781207,0.9000000000000004,0.8912967682882333,nan,nan,0.001180037365568496,0.0011800374315696512,-0.20058693074172462,0.28846553310187245,0.3514644351464435,1.6164290529283953,0.0,239
195,train,pact,3.0,0,0.228072871281629,0.054355187670572,0.09059197437141148,0.025294789148175068,0.0001901863883229978,0.01675358462774791,1.5043791789390053,1.519776384700791,-1.9030472030687813,962.7416734256504,0.4966854646677253,3.8054473375176783,0.03229108968806937,46529.0,0.0,46267.0,0.0,0.0,0.9904641416781118,0.9000000000000004,0.891417713843629,0.39268122681687595,0.416211780219107,0.0009621926335457828,0.03453226258401225,-0.19902259887259333,0.3440754918543576,0.3389121338912134,1.5197763806032354,0.0,239
196,train,pact,3.0,0,0.40549756067851994,0.09613682581387606,0.16022803459812596,0.03404336288633706,0.0,0.018380854140468347,1.6250373000380385,1.655045219545085,0.6711586964429672,1201.0372608136931,0.6893101424352893,6.7601354576054975,0.05838957350997247,46767.0,0.0,46505.0,0.0,0.0,0.9915779128234257,0.9000000000000004,0.8924201023628522,0.9722759637701088,0.5300772919163041,0.03582519368869783,0.05583084620648379,-0.20762881694268842,0.31291729724917655,0.3514644351464435,1.655045226544116,0.0,239
197,train,pact,3.0,0,0.0002036993206716357,6.333477894369333e-05,0.00010555795865512363,0.0,0.0,0.017092114651505542,1.6304026473017417,1.6331421057050697,0.47132276565958764,1079.2480693481957,0.5853986144065857,13.48166561126709,0.004662681454510104,47005.0,0.0,46743.0,0.0,0.0,0.9904026152199781,0.9000000000000004,0.8913623386347144,0.7517134237927576,-0.55809021327571,0.004247807517284578,0.004182677528272709,-0.19695290741761293,0.2189679218967922,0.4560669456066946,1.6331421082056008,0.0,239
198,train,pact,3.0,0,0.1161134909462402,0.04007358831738533,0.06678931008607673,0.021871434220709064,0.0,0.01721366414621036,1.6427281748300815,1.6512805951689078,0.18650233179572423,1075.1649739413083,0.5276336584816916,10.396953103931379,0.024105532961246005,47243.0,0.0,46981.0,0.0,0.0,0.9910988361266866,0.9000000000000004,0.8919889303430852,0.39519944110865046,0.41994278126366114,0.0012013079080984484,0.025685273913779123,-0.199773034477319,0.2216979732336271,0.47280334728033474,1.651280588176444,0.0,239
199,train,pact,3.0,0,0.00014589538669387058,4.215333680488329e-05,7.025555414162289e-05,0.0,0.0,0.018513322564301757,1.6588443722186228,1.6807418996818895,0.3286689569137086,1316.2444572927564,0.4539891481399536,1.2763800621032715,0.029812149866678943,47481.0,0.0,47219.0,0.0,0.0,0.9915185241519656,0.9000000000000004,0.8923666474709451,94.7407663737911,-103.57285142381265,0.0235007330130189,0.026665867402249455,-0.1983144780269157,0.17869966467847712,0.48535564853556484,1.6807418991308316,0.0,239
200,train,pact,3.0,0,0.29880202014860646,0.08122116462263913,0.13536859825721706,0.05173069643924426,0.0,0.01813206094936721,1.6419600205940184,1.6536303830944843,0.4706982198993531,1189.228139709728,0.4770210287202477,7.859757753096864,0.06609200058840059,47719.0,0.0,47457.0,0.0,0.0,0.9915664375576514,0.9000000000000004,0.8924097820305924,0.7256401727418961,0.3372883972595082,0.02427965979936912,0.06446966865181798,-0.21011966710618712,0.360337101991157,0.28451882845188287,1.653630379935544,0.0,239
201,train,pact,3.0,0,0.003041941807975517,0.0009576792572831996,0.001596132081518803,0.0,0.0,0.01773772693227462,1.6184961144894237,1.6185464686928435,0.3210990011816743,1085.961281493119,0.5189132690429688,12.012907981872559,0.004107816344714981,47957.0,0.0,47695.0,0.0,0.0,0.990908023203766,0.9000000000000004,0.891817207116961,0.22991091541999675,0.030521773955911824,0.0031512456915623733,0.0037752465942507284,-0.19194520333150725,0.17650375382058817,0.4769874476987448,1.6185464770805735,0.0,239
202,train,pact,3.0,0,0.5017308984838317,0.12523576862052524,0.20872626709891823,0.054393306187506,0.0,0.01688615500412601,1.5945843832263389,1.6008173741057328,0.5152435592028886,1118.5543738967704,0.5578389620431796,4.126173566574831,0.06688183276119124,48195.0,0.0,47933.0,0.0,0.0,0.9911193690539404,0.9000000000000004,0.8920074117732347,0.7108234914790591,0.4679421950296042,0.0048529750836843796,0.06778223215988116,-0.19270968800211905,0.22472476928098759,0.38493723849372385,1.6008173789110198,0.0,239
203,train,pact,3.0,0,0.0012663877662295617,0.00032493033815710125,0.0005415505264745928,0.0,0.0,0.01803273907921055,1.6364867308149778,1.6530399167886838,0.47393478322228627,1370.7243243740193,0.5218498706817627,15.892816543579102,0.020566321746494903,48433.0,0.0,48171.0,0.0,0.0,0.9917671618102485,0.9000000000000004,0.8925904337332339,14.157396790304096,-13.84535480135445,0.015180957439378626,0.018393185375225204,-0.1992338146127019,0.2290869165257129,0.4309623430962343,1.653039922993519,0.0,239
204,train,pact,3.0,0,0.06283617998029117,0.018124107715114076,0.030206844614942656,0.0003803727766459956,0.0,0.01762808943518036,1.668026445301008,1.6559064004211745,0.26180715682023986,1440.639710238788,0.498583727114869,13.281180201714008,0.014884922480092298,48671.0,0.0,48409.0,0.0,0.0,0.9911117710827784,0.9000000000000004,0.8920005709556356,0.24250053633149263,0.24145983024839257,0.0014206449495124912,0.01521315211891713,-0.19169017532249563,0.14027122466542036,0.5606694560669456,1.6559063939303151,0.0,239
205,train,pact,3.0,0,0.3720951933817057,0.08674597898346265,0.14457662043688482,0.04355268186605126,0.0,0.017268275849864075,1.5394732757592302,1.5506524446120322,0.28473316851582486,1339.488543777785,0.47335866991446107,1.3148794263975392,0.0536059429479381,48909.0,0.0,48647.0,0.0,0.0,0.9905766064153056,0.9000000000000004,0.8915189227798493,0.4800347335391166,0.5111765846387365,0.02694959877310007,0.05704891066179926,-0.20087663212777757,0.36107896376747084,0.24267782426778242,1.5506524439168943,0.0,239
206,train,pact,3.0,0,0.00864344554228482,0.0025406476831970597,0.004234412697761974,0.0,0.0,0.0178068478778784,1.6685863703364607,1.7024919248525068,0.2609990147491878,1454.2607621069233,0.7988490473525793,0.6688225418952718,0.03698895884742064,49147.0,0.0,48885.0,0.0,0.0,0.9921990253935299,0.9000000000000004,0.8929790969174277,0.26163969828877864,0.09868795403710084,0.03424390659495754,0.03181565431907196,-0.19477118435590363,0.11356420071812219,0.606694560669456,1.7024919290072176,0.0,239
207,train,pact,3.0,0,0.034930997800481874,0.00916371009977209,0.015272849278619988,0.0,0.0,0.017363689417042867,1.6409280345030908,1.6430364577840062,0.0924079918343268,1431.4733845858395,0.45748725708059684,3.283029568744005,0.013581966986406251,49385.0,0.0,49123.0,0.0,0.0,0.9914984004766871,0.9000000000000004,0.8923485373852144,0.5670858476748569,0.14393522571392658,0.006646035608640444,0.012951653128149861,-0.1937697094953075,0.17988664352057926,0.497907949790795,1.6430364568994908,0.0,239
208,train,pact,3.0,0,0.46716103549544,0.11012333333671591,0.1835388770038917,0.05515405142905822,0.0,0.01606035859725403,1.535307242531158,1.5330724534130495,0.2302427079965006,1410.708388324562,0.5109932008959259,1.970491013267549,0.0505423842024893,49623.0,0.0,49361.0,0.0,0.0,0.9904524252504484,0.9000000000000004,0.8914071688093401,0.5358398523992065,0.5445268021654979,0.0015284404453942207,0.055073653776310655,-0.19246604852569138,0.30621086679129944,0.301255230125523,1.5330724535228744,0.0,239
209,train,pact,3.0,0,0.0010625911311165598,0.00046263762008314505,0.0007710626605673105,0.0,0.0,0.01836711313637854,1.672693854595328,1.7024009257679704,0.3934544303676573,1328.301960582015,0.8207809925079346,1.2491704225540161,0.033707022864203975,49861.0,0.0,49599.0,0.0,0.0,0.9919209462828217,0.9000000000000004,0.8927288342220514,22.74700382747639,-25.616058550192754,0.020527739878618598,0.02921769875549871,-0.20079772725615663,0.1959405323600107,0.497907949790795,1.702400935669858,0.0,239
210,eval,pact,3.0,0,0.4967134153445068,0.09833106732351031,0.16388510338376713,0.011220996599317096,0.0,0.009044514338692425,0.6801201075190779,0.6627659383678037,0.4883367782107956,3138.9122513647358,0.30975241823001104,10.252873607260414,0.041281586021933096,50099.0,0.0,49837.0,0.0,0.0,0.993639584365749,0.9000000000000004,0.8942756031846402,0.7066678979991042,0.5831157925138302,0.002217836511720504,0.041618597962616875,-0.08933428930828757,0.1497373809311849,0.6610878661087866,0.6627659399657609,0.0,239
211,eval,pact,3.0,0,0.0349310103396663,0.010830209143251564,0.018050347255655148,0.0,0.0,0.015103653279838453,0.915916290742084,0.9321754425140605,0.5029506258136558,27689.17324586493,0.20632405643776122,61.79617662310101,0.01791355604496804,50337.0,0.0,50075.0,0.0,0.0,0.9953172226830007,0.9000000000000004,0.8957854766227211,0.45924912174949845,0.36950780261628857,0.012161738795505183,0.01639605194104204,-0.10352362128919414,0.0016024214368378883,0.9832635983263598,0.9321754485271958,0.0,239
212,eval,pact,3.0,0,0.49487416027990566,0.12887661077505197,0.21479434091016936,0.02510460300924389,0.0,0.012653658052547893,0.878490923588246,0.8445737257163395,0.0819896104819605,63542.56066945607,0.0669424552665283,44.82528206893091,0.04740177615931468,50575.0,0.0,50313.0,0.0,0.0,0.9884504722002659,0.9000000000000004,0.8896054070614372,0.772665368176266,0.6726350986842968,0.02710703724334317,0.04845528611348295,-0.1000029256962863,0.013412860915754176,0.9497907949790795,0.8445737233523097,0.0,239
213,eval,pact,3.0,0,0.497250765612289,0.07541027051539081,0.1256837784751354,0.0019018638832299778,0.0,0.006509300988658514,0.5343013950720991,0.5564778467726009,0.4508016907520374,41338.355444233785,0.08538222284091317,61.712928831826694,0.02887684148911652,50813.0,0.0,50551.0,0.0,0.0,0.9908412098884583,0.9000000000000004,0.8917570715170027,0.9843652386621956,0.6343792343176455,0.010365838961054882,0.027345115930683693,-0.1067085895311627,0.4580551351672157,0.24686192468619247,0.5564778476425191,0.0,239
214,eval,pact,3.0,0,0.08163405268523204,0.012642453737407397,0.02107075505192069,0.0,0.0,0.011949833630580284,0.7659385878920056,0.7587612980828624,0.5847730574248725,176667.88910499477,0.05543184763202483,132.04443239666927,0.008000782570143125,51051.0,0.0,50789.0,0.0,0.0,0.9911083377056042,0.9000000000000004,0.8919974857294409,0.8117113299215098,0.7507161761491181,0.005727992832632453,0.00781552737752155,-0.09718872411705466,0.13196237277070538,0.7238493723849372,0.7587613004458812,0.0,239
215,eval,pact,3.0,0,0.010237416458047271,0.0034250363592588377,0.005708393864787845,0.0,0.0,0.014565676731295166,0.8756163449466977,0.8620214918667303,-0.2858763254212535,166719.30183544717,0.025379379615031776,24.235150069871207,0.006635656695282983,51289.0,0.0,51027.0,0.0,0.0,0.9952248068035398,0.9000000000000004,0.895702304076949,0.4347683980118248,0.3894024842427336,0.003569153331530591,0.005259199728935988,-0.0970656750617406,0.0,1.0,0.862021493341951,0.0,239
216,eval,pact,3.0,0,0.38597856810663256,0.053659457697961224,0.0894324256360317,0.0001901863883229978,0.0,0.00832215152587352,0.6454318498717192,0.6142510771751404,-2.5793137661645105,138849.91872058055,0.03888821411316739,48.59604844089333,0.024247832394645365,51527.0,0.0,51265.0,0.0,0.0,0.984414043660942,0.9000000000000004,0.885972613133646,0.6179071627337841,0.6298708783150011,0.008046931628247394,0.0258348514676624,-0.10117719822096762,0.33030653728597287,0.4769874476987448,0.6142510780849157,0.0,239
217,eval,pact,3.0,0,0.09659444735923473,0.029982943722803367,0.049971570269529565,0.0,0.0,0.015455327678674434,0.9094735184473971,0.9514104005681919,0.4323213361047801,184237.1720711297,0.1557461884355944,101.94084260054711,0.0279848237451805,51765.0,0.0,51503.0,0.0,0.0,0.9962000338103482,0.9000000000000004,0.8965800130217644,1.1097134059465035,0.46178813969146093,0.015900282183429225,0.02513079110057596,-0.11386258625520299,0.001780468263153209,0.9832635983263598,0.9514103963966855,0.0,239
218,eval,pact,3.0,0,0.5019918540521879,0.08072065552225323,0.1345344210269987,0.0011411183299379866,0.0,0.006320208536605175,0.5501152389219116,0.5456150750236033,0.580357303429847,82797.82327078976,0.13757203004973703,62.76280327322094,0.026269070689165067,52003.0,0.0,51741.0,0.0,0.0,0.9858733217337141,0.9000000000000004,0.887285972115385,0.8829582949745104,0.6829751276592924,0.013697013558287705,0.026315704368008105,-0.09686551682857593,0.41594706074364224,0.301255230125523,0.545615076383889,0.0,239
219,eval,pact,3.0,0,0.03674998030288848,0.008111014977646344,0.013518357828087036,0.0,0.0,0.012861966122347067,0.8087326773290355,0.819820245938321,0.25536497468791247,110558.63461852772,0.20868869540456947,65.12488809689319,0.013573319427123504,52241.0,0.0,51979.0,0.0,0.0,0.9943732586864648,0.9000000000000004,0.8949359125422633,1.5355207616441913,-0.12715197479221452,0.005166539187168541,0.010754068020173976,-0.09831450236087956,0.05685628653669248,0.8702928870292888,0.8198202453255623,0.0,239
220,train,pact,3.0,0,0.501817049438165,0.10857276856162472,0.18095460750669665,0.03157093996283399,0.0,0.013636675203476242,1.3427509131790705,1.3475181178567799,0.4646979210046841,4825.177728756701,0.4484088481657176,12.202688006676391,0.06478817353344613,52479.0,0.0,52217.0,0.0,0.0,0.978982532498228,0.9000000000000004,0.881084261267255,0.6768629365287899,0.41423485394271875,0.016622335510328413,0.06535577922221662,-0.22149685214867335,0.6998130508323689,0.07531380753138076,1.3475181154067377,0.0,239
221,train,pact,3.0,0,0.48813355436147227,0.11445724599177985,0.19076206437042947,0.043552681741355355,0.0,0.015766182074627242,1.5244343240889546,1.5378876582847978,0.5804543358012723,1351.2156681076751,0.5781227073410066,3.0741072142473325,0.06285021562230575,52717.0,0.0,52455.0,0.0,0.0,0.9909821362176201,0.9000000000000004,0.8918839029687219,0.6080786485969052,0.5389531230455188,0.05530535174199404,0.06515365456343944,-0.19526189036199476,0.34354135137541164,0.27615062761506276,1.5378876614985493,0.0,239
222,train,pact,3.0,0,0.10614912902745642,0.025123316827116906,0.04187219228217876,0.006276150627615063,0.0,0.0163482593637443,1.5918708106962707,1.6211123284435671,0.5988125170125124,1182.9295230370685,0.6832547868644842,5.559366528459174,0.03234091086340406,52955.0,0.0,52693.0,0.0,0.0,0.9913902943603164,0.9000000000000004,0.8922512451475135,1.4393009325646793,0.21811020700637063,0.017310495421610724,0.029004958847432424,-0.19686089862493023,0.24885011424671355,0.40585774058577406,1.6211123287709324,0.0,239
223,train,pact,3.0,0,0.4738973789959445,0.1154699259570719,0.19244986334932523,0.054012933410860005,0.0,0.016045616738981406,1.5822436183566329,1.5610756100969834,0.5941192086271662,996.6787221740979,0.6033107393955087,2.8061704702955907,0.049356642095167505,53193.0,0.0,52931.0,0.0,0.0,0.9904747804837247,0.9000000000000004,0.8914272797656358,0.5718959506035909,0.5777002972791161,0.0025427778181619943,0.054241731976963595,-0.1844375773395356,0.16249740348378292,0.5397489539748954,1.5610756135018624,0.0,239
224,train,pact,3.0,0,0.2988020511427855,0.06775161378592129,0.11291935003709529,0.02700646676777796,0.0,0.015588687984155936,1.499638889873377,1.5318863830805822,0.5029199140839996,1035.0170298301027,0.6890964617789042,1.39365248550431,0.06517248467744861,53431.0,0.0,53169.0,0.0,0.0,0.9907422928630557,0.9000000000000004,0.8916680456205393,0.4608829995507565,0.4848668159899048,0.0593743747557272,0.06506807342557447,-0.19787779402398212,0.3391495296596338,0.3389121338912134,1.531886373614257,0.0,239
225,train,pact,3.0,0,0.00864344554228482,0.001961536562714675,0.003269227298508032,0.0,0.0,0.017101357182464465,1.6278056390115905,1.6520186034206565,0.29499175670755456,1168.2020192166253,0.6474858007421055,0.9636163581864106,0.032856901685286426,53669.0,0.0,53407.0,0.0,0.0,0.9909033600755316,0.9000000000000004,0.8918130016227147,0.28248973386869114,0.1365294977404834,0.031369319789165864,0.028746462454844,-0.19400589065653912,0.17392207483901598,0.497907949790795,1.6520186060044935,0.0,239
226,train,pact,3.0,0,0.24477056702595276,0.062453116810821906,0.10408852186028297,0.038607836393132866,0.0005705591649689933,0.016072214341422378,1.5147158807790428,1.5381238627633291,0.47903041946838093,1047.7503422054785,0.492973329405842,6.527624497353782,0.05425172901681184,53907.0,0.0,53645.0,0.0,0.0,0.991005732923372,0.9000000000000004,0.8919051454157011,0.722905184274421,0.33313393572249916,0.022242817958462828,0.05302251999706778,-0.20536874788100118,0.4184397163120568,0.27615062761506276,1.5381238670602038,0.0,239
227,train,pact,3.0,0,0.5008256455296923,0.11789652375230933,0.19649419489325287,0.043552681990747175,0.0,0.01576136807018743,1.5447240145136623,1.559778363136068,0.6115414718454353,836.335740348784,0.5967875123023987,2.9271520196643332,0.0583048257489677,54145.0,0.0,53883.0,0.0,0.0,0.9902983163191185,0.9000000000000004,0.8912684630649359,0.7023453047146934,0.5084885122789572,0.004487558945958667,0.060733152437510915,-0.1944994195869265,0.28155138134662755,0.3472803347280335,1.559778373191067,0.0,239
228,train,pact,3.0,0,0.017240600663365867,0.003572372882867453,0.005953954416951267,0.0,0.0,0.016235908355065096,1.624000957820206,1.6320731400445914,0.49781942180509847,1024.8988861977805,0.5559367293094492,7.48460113752836,0.022133298542167383,54383.0,0.0,54121.0,0.0,0.0,0.9910193020828598,0.9000000000000004,0.8919173516488973,0.2081683479665586,0.16110726342581416,0.020785516870165537,0.020176530840746262,-0.19437100620905423,0.21054037211786697,0.4895397489539749,1.632073134953329,0.0,239
229,train,pact,3.0,0,0.4595582126649525,0.10458794869992138,0.17431323685394465,0.04393305507913294,0.0,0.01496819281272559,1.508221712072524,1.5129372445110496,0.5550829775662601,830.5551900823745,0.49427369821458184,1.188133508341083,0.042475300460126424,54621.0,0.0,54359.0,0.0,0.0,0.9899192809061026,0.9000000000000004,0.8909273282254591,0.5952451004340883,0.6140540294042445,0.007780419514064902,0.047018886041129984,-0.1914623901343717,0.3104543161518146,0.35564853556485354,1.5129372431030614,0.0,239
230,train,pact,3.0,0,0.3069478625608959,0.07801182103367907,0.1300196919455858,0.04621529136492119,0.0,0.017597459262494137,1.6329483427263205,1.6620018621867672,0.4859857607835506,1112.7426047863821,0.7205397168712138,1.1346119126016625,0.06737942826470446,54859.0,0.0,54597.0,0.0,0.0,0.9909878106296811,0.9000000000000004,0.8918890072710843,0.48282752160228215,0.5052192556685755,0.05551041093795508,0.0670242399818977,-0.2008155563158818,0.23027389536781506,0.41841004184100417,1.6620018640862906,0.0,239
231,train,pact,3.0,0,0.41462239765982967,0.10047927111062178,0.167465439941963,0.05591479692000226,0.0,0.017489867775884134,1.6114474819295077,1.647054448536749,0.47321228514655367,1339.0954835005884,0.6730785598066561,0.9063704647279683,0.0730730153651417,55097.0,0.0,54835.0,0.0,0.0,0.991636823909552,0.9000000000000004,0.8924731290490059,0.5518093538442007,0.5513060870575999,0.07540569189739854,0.07433655341720856,-0.19887296490971582,0.22671295884150866,0.41841004184100417,1.6470544490639831,0.0,239
232,train,pact,3.0,0,0.5015085087071692,0.11118328792749194,0.18530546897240144,0.03442373578767896,0.0,0.01657274412770588,1.6507545425303312,1.6625003473030473,0.715948224067688,933.669268620064,0.5890085689692318,4.06562131593417,0.06422577798561384,55335.0,0.0,55073.0,0.0,0.0,0.9907205281896072,0.9000000000000004,0.8916484596340227,0.975070633774146,0.4534909737976286,0.05699211487976404,0.06251101031369495,-0.21536655052715606,0.4147304074304876,0.2594142259414226,1.6625003418218343,0.0,239
233,train,pact,3.0,0,0.01843199975083282,0.0037080869708356603,0.006180144804579773,0.0,0.0,0.015647320283350835,1.5910957877107246,1.597675412020424,0.5319832428728686,801.4140699059394,0.5284618478128102,11.522421570502564,0.014720893851978214,55573.0,0.0,55311.0,0.0,0.0,0.9899900824953821,0.9000000000000004,0.8909910583097067,0.20047894665822932,0.1727546377354875,0.012708710115735553,0.013548090517185784,-0.19101975085990996,0.20252826493367754,0.497907949790795,1.5976754054572904,0.0,239
234,train,pact,3.0,0,0.16342436824145895,0.04123989004081857,0.06873314500031126,0.013883606222882929,0.0,0.015307890255175625,1.5365792497930169,1.5384601736168482,0.4140760169119017,686.7572113420175,0.45550075884144675,1.1723886803104289,0.026848222892809363,55811.0,0.0,55549.0,0.0,0.0,0.9896606603426913,0.9000000000000004,0.8906945661022074,0.39232954243579865,0.42158709387718785,0.004537903179467412,0.028317972518665382,-0.18692722098358205,0.22312234784414964,0.41841004184100417,1.5384601763420291,0.0,239
235,train,pact,3.0,0,0.43151489933949033,0.08936582644897521,0.14894303245083967,0.03252187159270921,0.0,0.015362353683702616,1.5212418045458933,1.5331996442383802,0.7393939188334733,877.5256378301517,0.7297206100809025,3.361872529135588,0.0504867669884661,56049.0,0.0,55787.0,0.0,0.0,0.9901168483570529,0.9000000000000004,0.8911051341180523,0.900420472164204,0.5451748241436214,0.030043176847643085,0.0506447461466831,-0.19167815041060168,0.29484554437817145,0.29707112970711297,1.533199646525514,0.0,239
236,train,pact,3.0,0,0.5019461374421663,0.1189236537171367,0.1982060753656712,0.04887790098848702,0.0,0.015463030772384988,1.5703178285056079,1.5740957362382482,0.7034205225721064,861.097703239409,0.5875131339458242,2.954267649969795,0.06388063234506977,56287.0,0.0,56025.0,0.0,0.0,0.9907400119254779,0.9000000000000004,0.8916659863922886,0.7763570079125403,0.4843722580595078,0.0685397747438401,0.06527857675127467,-0.19292407282747814,0.24831597376776757,0.4476987447698745,1.574095745248027,0.0,239
237,train,pact,3.0,0,0.24895398218523726,0.05713241646603572,0.09522068888820522,0.018448079168547148,0.0,0.015477951649171163,1.5701119942146364,1.5772360490954571,0.5764459867856493,803.6075084478786,0.5104431048596754,6.414077383953158,0.040601775722961024,56525.0,0.0,56263.0,0.0,0.0,0.9899662466228757,0.9000000000000004,0.8909696056254239,0.4530906930378881,0.4849692641780925,0.019896259003629287,0.04218494315474844,-0.19246686803220678,0.2391762366835811,0.36401673640167365,1.5772360519255122,0.0,239
238,train,pact,3.0,0,0.472293708546508,0.1084219315107932,0.18070320814222518,0.049638646354735146,0.0,0.015173125495767869,1.5119777468956663,1.5247011708415203,0.5915713396281876,1009.1561721099471,0.6299662161072926,1.1329870702831317,0.058187758224669484,56763.0,0.0,56501.0,0.0,0.0,0.9905122343965155,0.9000000000000004,0.8914609908060049,0.6781412847173772,0.6336934834965697,0.07660880557024012,0.06098652215066627,-0.18630050233568587,0.22843407816255673,0.401673640167364,1.5247011733987725,0.0,239
239,train,pact,3.0,0,0.4824189044268233,0.1163090893541605,0.19384847037166247,0.05515405161610208,0.0,0.016352628764918532,1.6182317409555285,1.6219798860190802,0.6711129211980429,990.5252121163213,0.6922756796352035,1.271552344745173,0.06707631563572954,57001.0,0.0,56739.0,0.0,0.0,0.9904750348633802,0.9000000000000004,0.8914275047170567,0.7004552609110978,0.5850582478000455,0.08984572990712794,0.06860746012681074,-0.2047841215504105,0.33401584616754204,0.3723849372384937,1.6219798915404247,0.0,239
240,eval,pact,3.0,0,0.4934485877536371,0.01208976675195905,0.02014961021386359,0.0,0.0,0.0035282505635234477,0.44216067833381717,0.441818033925659,0.813585727284643,1027.695638105959,0.7957558512188899,3.279558341872243,0.008341827929588853,57239.0,0.0,56977.0,0.0,0.0,0.9899071083408021,0.9000000000000004,0.8909163754355458,1.1378762559723945,0.43410775882391894,0.009651835161176596,0.00780175790525817,-0.057019539992494914,0.0,1.0,0.4418180339285981,0.0,239
241,eval,pact,3.0,0,0.31501786260686376,0.030048350827984835,0.05008058216639309,0.0,0.0,0.008365275838049947,0.7354429523815171,0.7437019575091086,0.6979264524691274,7048.250722206786,0.4984213989812522,14.471140973238766,0.013731209701024557,57477.0,0.0,57215.0,0.0,0.0,0.9844116670816014,0.9000000000000004,0.885970485384993,0.6444956701279263,0.5843440824978265,0.002148410157622913,0.014374855141521715,-0.10113836039643696,0.07077361346034006,0.8075313807531381,0.7437019565927516,0.0,239
242,eval,pact,3.0,0,0.4260901446999406,0.03511527541428473,0.0585254564800825,0.0,0.0,0.005856561257745525,0.4908374803584989,0.49162340650498615,0.6475171532840409,18169.74174416514,0.22298530367627803,73.58046141428927,0.01604731570711071,57715.0,0.0,57453.0,0.0,0.0,0.9822972694949625,0.9000000000000004,0.8840675296643787,0.9402393916748389,0.6258932223180395,0.008553246514768235,0.014393221468091884,-0.09264450408142767,0.33220570343333633,0.3723849372384937,0.49162340675275457,0.0,239
243,eval,pact,3.0,0,0.006565895839070679,0.00024365936192472843,0.0004060989252778135,0.0,0.0,0.008680005914874563,0.7237470153734774,0.7210952659531118,0.30376281897892016,90171.56560538703,0.16141058289481008,61.00930821247181,0.0038468301258240845,57953.0,0.0,57691.0,0.0,0.0,0.989420657003275,0.9000000000000004,0.890478575952881,6.017816218895795,-7.443029062991771,0.00183529261935226,0.002920061271203191,-0.10225792514520968,0.08095195703136593,0.694560669456067,0.7210952660349611,0.0,239
244,eval,pact,3.0,0,0.02230692015294469,0.0005777722172108849,0.0009629536468450907,0.0,0.0,0.008393007171316906,0.6982550723283361,0.6952792068156238,-0.8743478817280497,191391.30305308578,0.16655124125370918,55.25665883140085,0.0013974368729079182,58191.0,0.0,57929.0,0.0,0.0,0.9841406654613287,0.9000000000000004,0.8857265779413439,0.5563583623177685,0.11749669900293447,0.0009429366213216451,0.0012732732382984872,-0.08574504950522659,0.00014837235526276744,0.99581589958159,0.6952792083143284,0.0,239
245,eval,pact,3.0,0,0.4392558533156307,0.035282315723797066,0.058803856705624595,0.0,0.0,0.005808212854275987,0.4944665520510414,0.48870528567286214,0.6564618819627023,70576.96160760983,0.12384005194085662,107.13018952054459,0.012584402067606264,58429.0,0.0,58167.0,0.0,0.0,0.9804237787943006,0.9000000000000004,0.8823813809759946,0.8422297886047598,0.7046638286652964,0.006802371628373972,0.013136842202835532,-0.10297991833039907,0.4632481676014125,0.19665271966527198,0.48870528903713983,0.0,239
246,eval,pact,3.0,0,0.0065658995871934805,0.001031496967150351,0.001719161580710294,0.0,0.0,0.009845166995139426,0.7884074858541767,0.7854737003478046,-0.2974647875859648,101692.67359113494,0.0669923859286009,226.45816303396825,0.003306821354949325,58667.0,0.0,58405.0,0.0,0.0,0.9919357019238891,0.9000000000000004,0.8927421057324031,0.3275283070603837,0.21320497313310793,0.001981430377590617,0.0025637047923029745,-0.10225265147203455,0.03534229502359121,0.8619246861924686,0.7854737018639314,0.0,239
247,eval,pact,3.0,0,0.4722936973789786,0.02389762608201872,0.039829375284018746,0.0,0.0,0.005576567402378379,0.5574938972874166,0.5641989813938301,0.33504823761481684,24642.982425961036,0.26108868741216024,41.98091887230654,0.017252849983869736,58905.0,0.0,58643.0,0.0,0.0,0.9794088180593866,0.9000000000000004,0.8814679086208344,0.7901983216417243,0.35515645025234444,0.007733853337555832,0.016573471735157542,-0.08478997768339668,0.10350455503130652,0.7615062761506276,0.5641989795219126,0.0,239
248,eval,pact,3.0,0,0.3269574497412977,0.037150493218996036,0.06191748465467015,0.00475465964572699,0.0,0.009447327953330767,0.7809236047158181,0.7988656088398092,0.5860308351377064,43894.4034469796,0.12719961112388506,117.37863351111632,0.024179796795419196,59143.0,0.0,58881.0,0.0,0.0,0.9897757647675949,0.9000000000000004,0.890798165957798,0.6762747185792236,0.48640491750981796,0.010830922026906421,0.02465915656745995,-0.12500675533056282,0.3103949672097095,0.2803347280334728,0.7988656114888191,0.0,239
249,eval,pact,3.0,0,0.27401919350725557,0.019997553391883867,0.03332925401679771,0.0,0.0,0.006886853443392431,0.5860466242584723,0.5759020330516863,0.4409102849880522,86817.6300666841,0.14600730472279394,119.24423754863659,0.009844422805080168,59381.0,0.0,59119.0,0.0,0.0,0.9786166633522161,0.9000000000000004,0.8807549803326818,0.684165853614798,0.6649627464321632,0.00540763119913703,0.010442724314062353,-0.08998131951916985,0.2446660138283034,0.6150627615062761,0.5759020356780444,0.0,239
250,train,pact,3.0,0,0.2364117139628913,0.060945465215105236,0.10157576944604983,0.028718144449728804,0.0,0.015459001761818282,1.5774184869423071,1.584934723427106,-0.26951259831901814,1333.784468519139,0.3050403715925735,11.324177544236681,0.04274835191359237,59619.0,0.0,59357.0,0.0,0.0,0.9814061647179735,0.9000000000000004,0.8832655304645395,0.4473741661521949,0.4813391555654304,0.016911658681777676,0.043319399163680286,-0.1886750436725289,0.19279503842844,0.4811715481171548,1.584934726341856,0.0,239
251,train,pact,3.0,0,0.06036288374898542,0.014880395782874908,0.024800658349110816,0.0,0.0,0.016903995251805214,1.6328950861009095,1.646675223087167,0.32296971633843297,901.6068273568253,0.692085994524437,0.8334011812090375,0.040869915793614785,59857.0,0.0,59595.0,0.0,0.0,0.9906154566728919,0.9000000000000004,0.8915538910043789,0.30661213923360053,0.3021863808826377,0.036625119549292276,0.03733887090630222,-0.19782508410753855,0.22116383275468116,0.45188284518828453,1.6466752273068006,0.0,239
252,train,pact,3.0,0,0.026644067398029395,0.006938169090968419,0.011563614443715108,0.0,0.0,0.01589696212363854,1.6020532053384822,1.607738272914328,0.2790013374020365,937.7682449149287,0.6589548809757791,3.671008316044029,0.014482547748233796,60095.0,0.0,59833.0,0.0,0.0,0.9898618297596856,0.9000000000000004,0.8908756255604732,1.421636930102556,0.13327990141051993,0.00952964449672053,0.012978321965199323,-0.19924654669850686,0.28137333452031216,0.3891213389121339,1.6077382749469924,0.0,239
253,train,pact,3.0,0,0.051011509713621825,0.01627662851561395,0.027127712867197153,0.005705591524994024,0.0,0.015613047842513068,1.6195495101198492,1.6316579607740107,0.2636048916929935,1131.7677688917854,0.375892613254581,6.35851337071742,0.022799702919191568,60333.0,0.0,60071.0,0.0,0.0,0.9909351248621442,0.9000000000000004,0.8918415916514696,0.732835739485053,0.18110331685208447,0.011438848568181807,0.021531598571352818,-0.20135105933369207,0.2711356420071812,0.42677824267782427,1.6316579586733524,0.0,239
254,train,pact,3.0,0,0.45752091049933935,0.1079526273108713,0.1799210323443126,0.06542411583736851,0.0,0.014646729049136449,1.445329756168142,1.4831421901491397,0.6168573423284865,1164.2897223947436,0.5575346447659898,3.7415190371509377,0.07179527297210743,60571.0,0.0,60309.0,0.0,0.0,0.9904327512286198,0.9000000000000004,0.8913894535108591,0.7090667236614365,0.43251429867706637,0.038136681305023575,0.07150554355569028,-0.19740050990567765,0.3941066500489629,0.2928870292887029,1.4831421888452672,0.0,239
255,train,pact,3.0,0,0.08163402942219938,0.01756169893573216,0.029269497116192762,0.0,0.0,0.015125025420305494,1.5501907871856848,1.5522407108769756,0.472379519226162,951.8332128804099,0.44644758242443516,5.607707116394362,0.02124234087615192,60809.0,0.0,60547.0,0.0,0.0,0.9901002924811391,0.9000000000000004,0.891090245925233,0.7119120973838556,0.24871089559771353,0.01041103544518013,0.02018007102946529,-0.19465435712080004,0.30819905635182054,0.3514644351464435,1.5522407149588988,0.0,239
256,train,pact,3.0,0,0.3269574497412977,0.07753475279054457,0.12922457968253567,0.0427919360010195,0.0001901863883229978,0.015869364191127246,1.5976768168445412,1.6162101147563885,0.49078084971116676,980.6562096503988,0.5550382495448617,5.038915611211226,0.06400530324726673,61047.0,0.0,60785.0,0.0,0.0,0.99138531151177,0.9000000000000004,0.8922467570923363,0.7411375698632443,0.3202841308881371,0.02392257267775217,0.06268361334252526,-0.20008546723441137,0.28158105581768006,0.3389121338912134,1.616210118981596,0.0,239
257,train,pact,3.0,0,0.08163402942219938,0.022834105683268033,0.03805684137724829,0.005515405074323071,0.0,0.016475038470458784,1.6021629482133617,1.60539992932994,0.32612067086926066,993.606329626618,0.45680270022926966,6.239803110206476,0.028170997220399365,61285.0,0.0,61023.0,0.0,0.0,0.9904903604894503,0.9000000000000004,0.8914412968328308,0.6880874456845378,0.15963839521030188,0.011627357536362428,0.026745946032080845,-0.2048576530118856,0.3543131843674886,0.3054393305439331,1.6053999256449718,0.0,239
258,train,pact,3.0,0,0.5005976241194593,0.11960728968146951,0.19934547481826792,0.043172309588188906,0.0,0.01581052695615334,1.5690222382545471,1.5891156470925238,0.6071111634685404,949.672269302432,0.5589466177893483,3.0962788978879923,0.06989521104803458,61523.0,0.0,61261.0,0.0,0.0,0.9907663838633932,0.9000000000000004,0.8916897197647573,0.7500713484319563,0.4519176589092123,0.05158581698520316,0.07041504178644317,-0.1950917246739208,0.262975162467729,0.42677824267782427,1.5891156418459753,0.0,239
259,train,pact,3.0,0,0.40235948536471244,0.0817869872332712,0.136311637828969,0.027196653031405046,0.0,0.01531776732075414,1.4786521500623375,1.500288887502758,0.6034173731025791,1050.2589721679688,0.5913114254070625,4.5677321510833675,0.059376960349460155,61761.0,0.0,61499.0,0.0,0.0,0.990411391068702,0.9000000000000004,0.8913702373724104,0.7884265828364478,0.3879452100435691,0.024903440749039874,0.05853545982546512,-0.19686465744074916,0.38116858067004955,0.28451882845188287,1.5002888921019646,0.0,239
260,train,pact,3.0,0,0.1751345835546242,0.04107241228140772,0.06845401513318884,0.019969570462174995,0.0,0.015653634180848693,1.5703999716866466,1.5695110384889228,0.4416211364658308,1042.2034832942436,0.5067695695984813,6.0482830941427705,0.0278432437335141,61999.0,0.0,61737.0,0.0,0.0,0.9900500345429616,0.9000000000000004,0.8910450194670066,0.37446929103006504,0.3938281996503922,0.0045571487149783825,0.0291698255240586,-0.18560297790370622,0.16151814593904865,0.5690376569037657,1.5695110378960377,0.0,239
261,train,pact,3.0,0,0.44882433315462367,0.09815610131328228,0.16359349297853742,0.039178395371057995,0.0,0.015206047491595211,1.4555364944446036,1.4897577538151123,0.4919523923466894,1121.2237676516736,0.4897913588016103,1.324059981681313,0.061412624667971455,62237.0,0.0,61975.0,0.0,0.0,0.9912155150868404,0.9000000000000004,0.8920939382648867,0.5984276286941999,0.57514282805933,0.06663820341170307,0.06353506710084163,-0.1953216398071004,0.3717320988753376,0.3054393305439331,1.4897577536320266,0.0,239
262,train,pact,3.0,0,0.4367288618482977,0.10012875573553007,0.16688124894933318,0.037276531300784156,0.0,0.015346793136384073,1.5664326029841371,1.5733511243405203,0.5996971607956427,910.743600757551,0.642494994913185,1.1275753890121332,0.06385014170515799,62475.0,0.0,62213.0,0.0,0.0,0.9904357631336196,0.9000000000000004,0.8913921673926349,0.6020525027909658,0.6072759948126181,0.07645842972595025,0.06655173486870203,-0.1910277474122957,0.22184634558888988,0.42677824267782427,1.5733511260166915,0.0,239
263,train,pact,3.0,0,0.007217873016016257,0.001471396389720079,0.0024523271611116234,0.0,0.0,0.01654936028761345,1.6064381317613514,1.6309485330741276,0.4553070986121269,953.1892940249902,0.71998271657832,10.186192846946636,0.0339309218062953,62713.0,0.0,62451.0,0.0,0.0,0.990867945439646,0.9000000000000004,0.8917811273530936,10.995463162168662,-10.626206137581724,0.01729397316236058,0.029766128628386113,-0.19177065380351457,0.1655538740021959,0.5313807531380753,1.6309485419078462,0.0,239
264,train,pact,3.0,0,0.3069478625608959,0.07112697793466598,0.11854495554766362,0.03385317680975383,0.0,0.014932155934509249,1.5786803362259805,1.5805650306047256,0.42865212143215675,850.6773086611696,0.594209785179613,6.172560642703307,0.037831977326292635,62951.0,0.0,62689.0,0.0,0.0,0.98972559149794,0.9000000000000004,0.8907530143171175,0.4424810618473154,0.4776705457107253,0.0013757141748770526,0.04126529270126343,-0.1877848205347567,0.18362562687320097,0.5062761506276151,1.580565025306523,0.0,239
265,train,pact,3.0,0,0.5017308984838317,0.12210958011070094,0.2035159576159637,0.0435526823648349,0.0,0.016984020891720155,1.5974543259233611,1.6354047169745218,0.5856623937644719,1092.9734530269352,0.6369087984122991,2.387890748897856,0.0766436034525164,63189.0,0.0,62927.0,0.0,0.0,0.9914699511049183,0.9000000000000004,0.8923229360680202,0.8303694650448727,0.46672044750162145,0.20493462918834252,0.0752210409388289,-0.19812929309110544,0.2408380070625241,0.40585774058577406,1.6354047061268526,0.0,239
266,train,pact,3.0,0,0.00010017924373394666,1.6073676131355914e-05,2.6789458848976346e-05,0.0,0.0,0.01640582821920327,1.6133044180012148,1.63015357520291,0.47330892746917375,1269.0729725091528,0.6178051233291626,9.423852920532227,0.0199227500602186,63427.0,0.0,63165.0,0.0,0.0,0.9910791476401325,0.9000000000000004,0.8919712128000779,151.01769623670324,-167.0267149019758,0.015895926796756926,0.017842239614285795,-0.18940929232587042,0.1382533606338467,0.5104602510460251,1.63015358058178,0.0,239
267,train,pact,3.0,0,0.4465136047263696,0.10205153539560897,0.1700858800591868,0.04735640919607553,0.0,0.015334514842590777,1.591488697040031,1.5830031388973091,0.5323229009386885,966.7737896651903,0.55165279980858,4.191086960886313,0.0438221083118855,63665.0,0.0,63403.0,0.0,0.0,0.989640488036008,0.9000000000000004,0.8906764230967565,0.5400930542301926,0.5742145855950979,0.0012400121556765953,0.048612933972690675,-0.18801491823491062,0.17436719190480432,0.5188284518828452,1.5830031403243816,0.0,239
268,train,pact,3.0,0,0.26150266818706364,0.045788873056899396,0.07631478382084816,0.007797641921242909,0.0,0.014579105960540318,1.4676191028690737,1.4724793409203885,0.7202649246199859,817.7991029108917,0.6784405284346896,5.0506899060065775,0.037598743110263885,63903.0,0.0,63641.0,0.0,0.0,0.9896557091669058,0.9000000000000004,0.8906901281747858,1.1527599353736322,0.437885381937524,0.02163851850777546,0.03508110061116423,-0.1962875564752366,0.41232677527523076,0.25523012552301255,1.4724793371511262,0.0,239
269,train,pact,3.0,0,0.23223904260317552,0.055737290176366666,0.09289547716936308,0.03936858113590145,0.0003803727766459956,0.015597343074633237,1.5283973536232027,1.544721215589276,0.49185240954534776,1021.2771552816096,0.4512554460368801,7.421036853949894,0.051407603944445254,64141.0,0.0,63879.0,0.0,0.0,0.9907683780003791,0.9000000000000004,0.8916915161340306,0.6845389800932719,0.2863030858266169,0.020013921817148766,0.05000393738420719,-0.19261910905876092,0.2916110270334431,0.38493723849372385,1.5447212124753276,0.0,239
270,eval,pact,3.0,0,0.19109902345770474,0.027538831111776126,0.04589804804178038,0.021681248081777883,0.0,0.007015143436375834,0.578496063478821,0.6239354336112114,0.4286456459735727,2228.83129193294,0.2690009273993919,13.843620786607016,0.026057487019049353,64379.0,0.0,64117.0,0.0,0.0,0.9946007309598404,0.9000000000000004,0.8951406438979145,0.6852287311798533,0.23573103057327494,0.007999279565845074,0.024711601079585786,-0.0837376395170495,0.026499302649930268,0.9414225941422594,0.6239354315861723,0.0,239
271,eval,pact,3.0,0,0.2698529906927464,0.015155520782465988,0.0252592001608003,0.0,0.0,0.006711181980912344,0.6112770756168844,0.5991815962053243,0.4005799044126247,16075.63384422398,0.2430517903244645,15.258356411586746,0.006786093712008897,64617.0,0.0,64355.0,0.0,0.0,0.9827700486741804,0.9000000000000004,0.8844930190421547,0.6648624764900464,0.6285084328773267,0.0020965033686598357,0.007379551155582288,-0.08247593290468617,0.17223062998902033,0.7112970711297071,0.5991815964956726,0.0,239
272,eval,pact,3.0,0,0.502091316396975,0.03162941060090588,0.052715681277865266,0.0,0.0,0.004748029021593006,0.4771526626712608,0.46939793204163904,0.6154472590989148,29798.234325967573,0.21968437843492342,38.61248304454851,0.013588846094173742,64855.0,0.0,64593.0,0.0,0.0,0.9818432720136443,0.9000000000000004,0.8836589281030279,0.8215278135446401,0.5712732406292969,0.006014773156493902,0.014167682276493149,-0.08535803137186904,0.29588415086501085,0.5104602510460251,0.4693979299370658,0.0,239
273,eval,pact,3.0,0,0.0023364927420596237,0.0002725103797853065,0.00045418395720121243,0.0,0.0,0.009458489890919538,0.7715447724613684,0.7724293139938531,-1.1630909395517166,136698.75383270136,0.22893208265304565,167.2676239013672,0.006170613454483356,65093.0,0.0,64831.0,0.0,0.0,0.9924011997972073,0.9000000000000004,0.8931610535004149,4.322934548081266,-10.359337918691399,0.0030262275778372353,0.003938057425307211,-0.10156086286220414,0.018071752871005074,0.8117154811715481,0.7724293162940077,0.0,239
274,eval,pact,3.0,0,0.0,0.0,0.0,0.0,0.0,0.009507647169964334,0.7848889922497163,0.7810338580957517,-3.2062536493006113,117939.07809231171,0.22893208265304565,167.2676239013672,0.001655107894990297,65331.0,0.0,65069.0,0.0,0.0,0.9939137561924787,0.9000000000000004,0.8945223536326795,nan,nan,0.001329977803514826,0.0013299775838357042,-0.09643652592581023,0.0,1.0,0.7810338555424271,0.0,239
275,eval,pact,3.0,0,0.4918546168378746,0.047643671281959434,0.07940611466927362,0.0,0.0,0.006665383941965435,0.6394546940985085,0.6431110340431644,0.2353661388361429,77152.14896051255,0.20953666747676278,36.33667569778953,0.026340440811908894,65569.0,0.0,65307.0,0.0,0.0,0.9800786761309811,0.9000000000000004,0.8820707822943332,0.9155497012934699,0.48752085271820844,0.01180069414632661,0.024015704120185895,-0.0933609661626101,0.01002997121576308,0.9748953974895398,0.6431110361149711,0.0,239
276,eval,pact,3.0,0,0.31501783161268476,0.03224083151981633,0.05373471590053927,0.01160136962535491,0.0,0.007894579181350206,0.638616809286333,0.6708858661571806,0.443682636387615,33996.126307531384,0.26735225282453595,77.62536214485328,0.027348559017577618,65807.0,0.0,65545.0,0.0,0.0,0.9888560431522305,0.9000000000000004,0.8899704093214857,0.7556124508095519,0.28600026113372135,0.008934585677567296,0.025922206720477556,-0.09063935373569663,0.019466453010475088,0.9288702928870293,0.6708858665288504,0.0,239
277,eval,pact,3.0,0,0.023700630373153914,0.0035192764457461336,0.005865460553014832,0.0,0.0,0.00911596201060176,0.7607243244368661,0.7565264044695819,0.22158070147099854,124026.27516997908,0.2646467408874544,113.11546119785707,0.004203607779771682,66045.0,0.0,65783.0,0.0,0.0,0.9930303570615696,0.9000000000000004,0.8937272928249886,0.6262402251439723,0.5839606651881565,0.0028715017973202825,0.003846651576381473,-0.09414427328506894,0.00035609365263064184,0.9916317991631799,0.7565264039925487,0.0,239
278,eval,pact,3.0,0,0.16342433874363083,0.0207582151920768,0.0345970232147429,0.004564473319751947,0.0,0.007679831282874749,0.6203169952376617,0.6421893862500849,0.487431093239884,65300.88680047071,0.20419342186161663,92.44470336347445,0.01790386140950523,66283.0,0.0,66021.0,0.0,0.0,0.9869359449861439,0.9000000000000004,0.888242330261853,0.9785089745813021,0.3623504223589372,0.0070883201415392946,0.0161665317088085,-0.09884765557488268,0.16804652957061042,0.7196652719665272,0.6421893809975519,0.0,239
279,eval,pact,3.0,0,0.08452667201199193,0.010403974326524106,0.01733995654859393,0.0,0.0,0.009184455687071052,0.782192558798331,0.7811937863357895,0.02861252458981398,196038.3455641998,0.20182338494137242,67.66294235564675,0.013111445794630187,66521.0,0.0,66259.0,0.0,0.0,0.9914783991280959,0.9000000000000004,0.8923305331663107,0.5019790382975537,0.08551361611483943,0.004708461527337842,0.012119027382643527,-0.10586881801412514,0.008071456126294549,0.8828451882845189,0.7811937891679567,0.0,239
280,train,pact,3.0,0,0.3109929788440381,0.0784415444593597,0.13073589606636796,0.054203119300399366,0.0005705591649689933,0.015649038384508762,1.5430425709760338,1.5800632752135209,0.48576026469094985,4702.680658444201,0.4827127851093788,10.533084169092538,0.06332544833187902,66759.0,0.0,66497.0,0.0,0.0,0.9823867694852741,0.9000000000000004,0.8841480715628948,0.9131082759650369,0.3756874898250375,0.02920014965126202,0.05865933797536535,-0.19375535531904126,0.24965132496513245,0.41422594142259417,1.5800632772118444,0.0,239
281,train,pact,3.0,0,0.023700630373153914,0.005432684432958298,0.009054473896551571,0.0,0.0,0.015581746975341851,1.6097979256298751,1.6113271329193435,0.3164962008283727,1233.38575597787,0.5354061912604955,12.573866305490917,0.0073466339960443945,66997.0,0.0,66735.0,0.0,0.0,0.9906871041992219,0.9000000000000004,0.8916183782421894,0.17739913419930067,0.15484876181142315,0.003066983178617496,0.007135477608396617,-0.18838837512121864,0.14869877444434554,0.5732217573221757,1.6113271410973462,0.0,239
282,train,pact,3.0,0,0.3926658787366775,0.09225449957683009,0.1537574881658352,0.04830734163647416,0.0,0.01639489969238639,1.5713573634375089,1.597182123730871,0.5614751225111375,1242.9623630156577,0.5649502898359897,4.579808298513979,0.06824325727275475,67235.0,0.0,66973.0,0.0,0.0,0.9913412030770689,0.9000000000000004,0.8922070648879685,0.7598410236953668,0.37819295765696337,0.028036282818584918,0.06713527608584909,-0.19225233840046974,0.21220214249680996,0.4476987447698745,1.5971821288397465,0.0,239
283,train,pact,3.0,0,0.4811274396703373,0.1094841933796739,0.18247364071266245,0.04469380044538107,0.0,0.01539393797883117,1.5275294601169092,1.5517301529521224,0.6071193350408866,1253.1892631243463,0.6331654287656481,2.8476449610299146,0.07269030662495098,67473.0,0.0,67211.0,0.0,0.0,0.990486669241135,0.9000000000000004,0.8914379804204199,0.7214875622810701,0.39812961250656687,0.032236961937612954,0.07280770357635855,-0.19412581457792744,0.309564082020238,0.3263598326359833,1.5517301579705463,0.0,239
284,train,pact,3.0,0,0.004841264746033501,0.0008057191243169198,0.0013428651897000952,0.0,0.0,0.015413416000122056,1.596826482268058,1.5962575691514433,0.46017207585618086,989.8639082010819,0.47036363065990944,3.0854296604459757,0.006398259188393404,67711.0,0.0,67449.0,0.0,0.0,0.9898502447615108,0.9000000000000004,0.890865195495813,2.3778074600194015,-1.162059568537844,0.004691943959118842,0.005711413122005819,-0.19837095056731965,0.28457817739398794,0.3598326359832636,1.5962575661731009,0.0,239
285,train,pact,3.0,0,0.5019918537838604,0.12000091276299693,0.2000015128546864,0.04545454624806488,0.0,0.015229050393477394,1.5060637942417896,1.5237503585456305,0.6389113887832754,839.302361779632,0.6400100022679094,2.466529085296966,0.06644733687331822,67949.0,0.0,67687.0,0.0,0.0,0.9903076026728961,0.9000000000000004,0.8912768174414855,0.7325569050621721,0.4577575265007866,0.04206020092325551,0.06826980530150882,-0.18293926260402768,0.19077717439686637,0.41841004184100417,1.5237503640710064,0.0,239
286,train,pact,3.0,0,0.002674004892043177,0.0007287744198213175,0.001214623967399694,0.0,0.0,0.01564552424530105,1.6263082304260221,1.6291592056282396,0.5229913921535764,941.3005289373039,0.6546029448509216,9.079656600952148,0.014147077891176809,68187.0,0.0,67925.0,0.0,0.0,0.9910324869295544,0.9000000000000004,0.8919292244452313,0.2523743814265524,0.026693041539393114,0.013225791618294482,0.012716388513497759,-0.19690013687503596,0.24285587109409776,0.46443514644351463,1.629159201160793,0.0,239
287,train,pact,3.0,0,0.4085878510234286,0.10028984249482042,0.16714972649468596,0.05534423787972917,0.0,0.015800406788105622,1.582771613258697,1.6015452565508408,0.5122153068187346,1179.1423092127843,0.586224605294264,5.135484593433317,0.07554833845441936,68425.0,0.0,68163.0,0.0,0.0,0.9913587096345974,0.9000000000000004,0.8922228217124939,0.702896740719905,0.3557988376793111,0.03001464835893458,0.07416493627515516,-0.19947696153640998,0.29187809727291614,0.41841004184100417,1.6015452521480993,0.0,239
288,train,pact,3.0,0,0.4634686815016611,0.10907935866377698,0.18179892126155897,0.03936858163468508,0.0,0.014653806191787248,1.5088123260182815,1.5143066165836285,0.5431461062391433,952.4910758429492,0.6124531136646431,3.9365380139530455,0.04660316801042526,68663.0,0.0,68401.0,0.0,0.0,0.9900650843416796,0.9000000000000004,0.8910585629391371,0.5937876234185471,0.5950928042276388,0.009296175285791313,0.05043546700700104,-0.18343612664102943,0.22460607139677738,0.4435146443514644,1.5143066238602427,0.0,239
289,train,pact,3.0,0,0.5020913164463541,0.1077424069708362,0.17957066908451583,0.031190567123840045,0.0,0.01595693732568971,1.6094750644771625,1.628652649693908,0.621355396434353,1026.7588970870652,0.591996311393243,3.7494834000595443,0.07280942353431649,68901.0,0.0,68639.0,0.0,0.0,0.9909533137556898,0.9000000000000004,0.8918579622292618,0.9390407895708915,0.3266957339199995,0.0565764419734478,0.06984940873630438,-0.20013487875054123,0.2651117243835129,0.4351464435146444,1.6286526521561444,0.0,239
290,train,pact,3.0,0,0.4909922425595826,0.10845682828288446,0.1807613712722079,0.0304298215082001,0.0,0.015698861519739843,1.5752167739129965,1.5951095086261318,0.6614158782001319,1023.8077964623104,0.64996549699097,3.032144554489327,0.06306493865661167,69139.0,0.0,68877.0,0.0,0.0,0.9908392050276241,0.9000000000000004,0.8917552586878693,0.7972050566898673,0.47934136704427777,0.03914657700806856,0.06339149036012184,-0.18962633120508623,0.18727558681266504,0.4602510460251046,1.5951095158858744,0.0,239
291,train,pact,3.0,0,0.08452669602320004,0.020156450737479008,0.03359408305451519,0.0020920502092050207,0.0,0.016260811139412506,1.607790263377473,1.599827942987865,0.4914688969256988,1072.5659761947568,0.6093892822330467,5.611978993755005,0.02195334710240672,69377.0,0.0,69115.0,0.0,0.0,0.9898826834048188,0.9000000000000004,0.8908943950381738,0.27402271873699563,0.28589819104418956,0.009837380330548224,0.021734314861806756,-0.18811170277105774,0.1567702305706401,0.5313807531380753,1.599827953417657,0.0,239
292,train,pact,3.0,0,3.583932445953487e-06,4.0174684015776823e-07,6.695780517079451e-07,0.0,0.0,0.015732357251188996,1.605877307418999,1.6130507725552037,0.2026658073130013,979.9270277462246,0.3851405382156372,1.4116750955581665,0.014765137916374328,69615.0,0.0,69353.0,0.0,0.0,0.9900516259121596,0.9000000000000004,0.8910464454894286,729.1578110147626,-816.9513472618286,0.013020286149515295,0.013203901012241061,-0.19440019739530567,0.22843407816255673,0.4560669456066946,1.613050762607002,0.0,239
293,train,pact,3.0,0,0.4341484118583851,0.10006806148578039,0.16678008910529263,0.05001901913138114,0.0,0.015821574415590723,1.5839181155839226,1.6084465197439473,0.602541023467874,1003.7438012286709,0.6667492419605974,3.2386207236405697,0.06890977308481433,69853.0,0.0,69591.0,0.0,0.0,0.9909395592980804,0.9000000000000004,0.8918455836663186,0.7287598905451227,0.41155189003526216,0.031085977148588583,0.06843045870598141,-0.202253721335313,0.31549897623074874,0.3598326359832636,1.6084465268053452,0.0,239
294,train,pact,3.0,0,0.48485144005920816,0.11189208294875636,0.1864867950594032,0.05116013733662322,0.0,0.016146104625001486,1.5830241080108547,1.600834095079031,0.5952997102897037,895.5171307041056,0.6620403174700598,2.3984115298323054,0.04889823076759453,70091.0,0.0,69829.0,0.0,0.0,0.9899899176473896,0.9000000000000004,0.8909909109191416,0.60796117098739,0.5814068306594143,0.010458193813628029,0.05302489503816737,-0.1896412215377414,0.17059853408113002,0.4435146443514644,1.6008340967565016,0.0,239
295,train,pact,3.0,0,0.4997555405538623,0.11501003739588109,0.1916833828411856,0.04640547769089623,0.0,0.015406814210942974,1.4988785907314413,1.5400255112967232,0.645769336233578,999.3151863130066,0.675965917783801,1.9845210064405179,0.069630229198783,70329.0,0.0,70067.0,0.0,0.0,0.9910387888114323,0.9000000000000004,0.8919348986079004,0.8011764709298363,0.5119060986789155,0.12825500468413034,0.06803921993167206,-0.18845765838690648,0.24552657348882756,0.40585774058577406,1.5400255094374422,0.0,239
296,train,pact,3.0,0,0.35386675944174084,0.0800374317648325,0.13339571075840434,0.038988208982735,0.0,0.015828930751408867,1.54224312380268,1.5649446762755326,0.6782157431087733,1161.2023884920895,0.6667541037294157,4.482534868447851,0.05636757650416516,70567.0,0.0,70305.0,0.0,0.0,0.9917517783252764,0.9000000000000004,0.8925765837585576,0.8881305257076887,0.449208742937919,0.027930598235391874,0.05501721726699292,-0.19385834183059447,0.2722335974361257,0.3389121338912134,1.564944668730034,0.0,239
297,train,pact,3.0,0,0.5019918537838604,0.11626924870042367,0.1937820678820526,0.05363256082125788,0.0,0.01537249592292633,1.5045836001759294,1.5214388744601646,0.6766854629356991,1011.3188867289651,0.6092686077042104,3.296731959077604,0.06452267373830205,70805.0,0.0,70543.0,0.0,0.0,0.9901413732991557,0.9000000000000004,0.8911272110300583,0.7593261895620891,0.46671710211059725,0.07702479032533509,0.06597192407386947,-0.18370219265508345,0.21395293628891066,0.3891213389121339,1.5214388685356621,0.0,239
298,train,pact,3.0,0,0.21562707504729067,0.05291231316744769,0.08818718338933569,0.020920502403789985,0.0,0.015300198290574999,1.5540943045995226,1.5641846626872298,0.5340387195224043,1064.405319150023,0.517228574433586,7.840850121555967,0.04148183960592273,71043.0,0.0,70781.0,0.0,0.0,0.9907248361838912,0.9000000000000004,0.8916523399213367,0.4172671670500468,0.44010501373930544,0.019794823813754192,0.04256945037844135,-0.18442303843428404,0.17297249176533427,0.5397489539748954,1.564184665334498,0.0,239
299,train,pact,3.0,0,0.017240600663365867,0.004553502988022515,0.007589171339064119,0.0,0.0,0.01549520499411986,1.5690817406486766,1.577678721569572,0.3118034646102075,1131.8321696644548,0.5419822675663059,1.078271418435803,0.03285017575012621,71281.0,0.0,71019.0,0.0,0.0,0.9906159978531395,0.9000000000000004,0.8915543808099117,0.2811283145247711,0.19238206959403836,0.03151523956182758,0.02972898342613536,-0.18950796255053093,0.20781032078103207,0.5062761506276151,1.5776787207583718,0.0,239
300,eval,pact,3.0,0,0.48485143263255603,0.05994510093332183,0.09990849751759555,0.007417269019901004,0.0,0.005601801853977673,0.5827543600832568,0.5855070979774747,0.5001048451936395,1543.9826966608916,0.22081361651794681,15.602661362751757,0.029214526478894772,71519.0,0.0,71257.0,0.0,0.0,0.9922510435391669,0.9000000000000004,0.8930259194832966,0.7986071928546539,0.5517046596732598,0.01186327260386731,0.029335854078202692,-0.10437570207506627,0.3669545090358764,0.26359832635983266,0.5855070967545175,0.0,239
301,eval,pact,3.0,0,0.023700621450150866,0.0018813767157218352,0.003135627724073689,0.0,0.0,0.006997863692913407,0.6409972342487159,0.6430632646612543,0.512948067492521,17680.853805733524,0.2006402998913282,61.67573749270898,0.0059599157030183715,71757.0,0.0,71495.0,0.0,0.0,0.9942905688385585,0.9000000000000004,0.8948614956444776,1.366741877361193,-0.780768387073741,0.0029166120239096927,0.0053189900205918746,-0.08966127545467935,0.0022255853289415116,0.9456066945606695,0.6430632616862215,0.0,239
302,eval,pact,3.0,0,0.4824189044268233,0.01948996961847918,0.03248328106213547,0.0,0.0,0.0038157825769318822,0.4937202107457436,0.48279316816868645,0.3638737828287619,47054.572167560145,0.0826427268242331,33.086760257577296,0.012386004956318338,71995.0,0.0,71733.0,0.0,0.0,0.9795599950157947,0.9000000000000004,0.8816039737423095,0.7644175557089495,0.39044247623245953,0.001437479767694392,0.011461275542265965,-0.06605355811215778,0.0006825128342087303,0.99581589958159,0.4827931637959668,0.0,239
303,eval,pact,3.0,0,0.496713411596384,0.05688511269280939,0.09480851568359981,0.0,0.0,0.004649197365153409,0.556535034623605,0.5415689849205096,0.27009217224033183,41641.70699856171,0.17482618884686146,93.43937259737916,0.018236844782877293,72233.0,0.0,71971.0,0.0,0.0,0.9800295634623851,0.9000000000000004,0.8820265850137966,0.8969025779072177,0.7167028251898326,0.015373872726091318,0.018212487299587563,-0.10113981740789253,0.4394492418172647,0.2175732217573222,0.5415689810641673,0.0,239
304,eval,pact,3.0,0,0.4288286743681341,0.023006981609187772,0.038344967237938676,0.0,0.0,0.005583389841456543,0.571650935266806,0.5831231181841017,0.47641770903286074,47669.761538964434,0.16211134569415486,42.849994689350844,0.013802131522002641,72471.0,0.0,72209.0,0.0,0.0,0.9857936349373981,0.9000000000000004,0.8872142535123865,0.9017818905045213,0.48393696524937413,0.005831106946292058,0.01207962076600532,-0.09580389147398283,0.14490044214961864,0.49372384937238495,0.5831231201863066,0.0,239
305,eval,pact,3.0,0,0.2947040708871606,0.029053632395573698,0.048422717559378915,0.0,0.0,0.005326834070850865,0.5522926715377984,0.5644913071369028,0.5084817212807583,59002.190409257324,0.2373073493192853,102.95360119672002,0.020446091258087853,72709.0,0.0,72447.0,0.0,0.0,0.983780364237071,0.9000000000000004,0.8854023066025898,0.9830682727872423,0.40690077996673446,0.006293130310149778,0.018669861732206645,-0.07958803394742495,0.022166829876257454,0.9581589958158996,0.5644913067781933,0.0,239
306,eval,pact,3.0,0,7.168495677855786e-07,1.354421793130542e-07,2.25736965521757e-07,0.0,0.0,0.007222622190699543,0.665209072154935,0.6621835174420887,-0.06559130025135693,131122.3452536611,0.23796631395816803,154.4712677001953,0.0025715554719030953,72947.0,0.0,72685.0,0.0,0.0,0.9935704967217466,0.9000000000000004,0.8942134322980457,1155.4584369382505,-4588.874030131541,0.0017522647218708293,0.001901303664937023,-0.08962151614515092,0.0497047390130271,0.7615062761506276,0.6621835181697939,0.0,239
307,eval,pact,3.0,0,0.372095166128404,0.022156153436535,0.036926920290037336,0.0,0.0,0.006424074418741477,0.6180126551055509,0.6305825837486458,0.1770579060422701,80553.5379592704,0.23454048776040518,59.15304454500206,0.020098154101848103,73185.0,0.0,72923.0,0.0,0.0,0.9823157400142198,0.9000000000000004,0.8840841475141598,0.6044316701208918,0.18974503080637117,0.005176904626985949,0.019597488584067034,-0.09840407765614062,0.1202112822338942,0.5188284518828452,0.630582585795213,0.0,239
308,eval,pact,3.0,0,0.16342436824145895,0.006656503603899258,0.011094172137053186,0.0,0.0,0.005129919603182525,0.5517903510247314,0.5507287220974847,-0.3726760152635792,76478.65550634153,0.22653529497650626,68.66073522807166,0.005884433942106572,73423.0,0.0,73161.0,0.0,0.0,0.9822743414086776,0.9000000000000004,0.8840468941123915,0.7299867436352767,0.5198457028767393,0.0035518233314262215,0.005396481770944146,-0.07188388147178665,0.0,1.0,0.5507287233996875,0.0,239
309,eval,pact,3.0,0,0.017240600663365867,0.0006838691279809156,0.001139781841645105,0.0,0.0,0.006160860729236234,0.5977596701687848,0.5950381796978508,-3.5269032819001747,125629.36287264644,0.2518045992968471,8.220324538242867,0.0037096996775099612,73661.0,0.0,73399.0,0.0,0.0,0.9872137889203666,0.9000000000000004,0.8884923978081308,0.9292641743569982,0.18052448817717104,0.0023915220352201745,0.002472752222019758,-0.0746782894435917,0.0,1.0,0.5950381781447684,0.0,239
310,train,pact,3.0,0,0.005378621699537879,0.0014168788682384207,0.0023614646160845286,0.0,0.0,0.015612536150899766,1.6093361170720855,1.608565218777836,-12.38331186921028,2059.114857182842,0.08397302282857222,10.115513365637808,0.00293532908835914,73899.0,0.0,73637.0,0.0,0.0,0.9809819029714273,0.9000000000000004,0.8828836930720876,0.17151288075486393,0.07723480924470161,0.001435705374399977,0.0025805112310693986,-0.1930569485836361,0.20389329060209505,0.502092050209205,1.6085652187473891,0.0,239
311,train,pact,3.0,0,0.4797851214425007,0.11005208205361863,0.1834201255086589,0.0458349187129711,0.0,0.015469990466101773,1.5718084631105846,1.570276684342069,-0.13895891933263793,1007.458559171924,0.5082660303704409,1.237598614962031,0.04955441139713436,74137.0,0.0,73875.0,0.0,0.0,0.9904726671374493,0.9000000000000004,0.8914253811457167,0.5822892502549831,0.5586161155682633,0.004557682640354514,0.0533818303710668,-0.19200689272412416,0.25549719576248553,0.4351464435146444,1.5702766799696544,0.0,239
312,train,pact,3.0,0,0.15576158431569304,0.03514844635377295,0.05858074112273616,0.0022822366598759733,0.0,0.016390437186231923,1.59563292244987,1.6269488037879496,0.6192174920477129,1290.8538488922757,0.6824081998988675,5.343399423435642,0.03730090098722475,74375.0,0.0,74113.0,0.0,0.0,0.9910230639090598,0.9000000000000004,0.8919207356464913,1.3356602705370992,0.2976764744509086,0.018885129092300272,0.03271083843311739,-0.19720048567965942,0.23834535149410963,0.41841004184100417,1.6269487881285145,0.0,239
313,train,pact,3.0,0,0.5000638219418426,0.10868888790869906,0.18114813854883177,0.0340433628239891,0.0,0.013803731689081531,1.3820196834069416,1.4102207731502325,0.6552619527573366,1173.7420243139545,0.5811306781848604,3.0539552237698224,0.06627233633888441,74613.0,0.0,74351.0,0.0,0.0,0.9902036830969935,0.9000000000000004,0.8911832992501837,0.7289334757993947,0.43854632590930565,0.056106368685141204,0.06696712424994201,-0.20716733052370778,0.5523902786432833,0.16736401673640167,1.4102207711661927,0.0,239
314,train,pact,3.0,0,0.06283617998029117,0.014779510505322224,0.02463251653746407,0.0005705591649689933,0.0,0.01523756803788837,1.5687882224386207,1.569816449945442,0.4987200634499474,1114.5111681567075,0.5971694445884378,7.447485838475088,0.020383661456998423,74851.0,0.0,74589.0,0.0,0.0,0.9903666234914229,0.9000000000000004,0.8913299316641676,0.30724182528688576,0.27807272391148763,0.012044703924275806,0.019738525908662465,-0.18729097269838338,0.20157868185999583,0.47280334728033474,1.5698164448114071,0.0,239
315,train,pact,3.0,0,0.15197702979228886,0.03866783478302164,0.06444638719149681,0.011411183237031913,0.0,0.01620610585342703,1.5819542704765768,1.5987179877867759,0.4734518330965082,1236.6691261195738,0.5422439449252444,5.052778411609857,0.03801205705570751,75089.0,0.0,74827.0,0.0,0.0,0.9916874741410611,0.9000000000000004,0.8925187078978726,0.9411691989560096,0.2905755544111309,0.015702527243572857,0.035768382862564875,-0.19242730686692439,0.2084038102020831,0.4769874476987448,1.598717986659001,0.0,239
316,train,pact,3.0,0,0.24895395069227458,0.05902103917575294,0.09836839035201458,0.037086344663069336,0.0,0.015257489021914275,1.5252145448987953,1.540302627006834,0.46029045442158206,1206.9360701429296,0.5545129953614713,5.947285810275058,0.05417929910450675,75327.0,0.0,75065.0,0.0,0.0,0.9904988654986585,0.9000000000000004,0.8914489583989068,0.773624060845279,0.27160355390293056,0.019893458303219327,0.05209252611192325,-0.19687344836391932,0.3330959375649129,0.3305439330543933,1.540302635311319,0.0,239
317,train,pact,3.0,0,0.08746965989669216,0.022568027639018627,0.03761337691846534,0.004754659708074945,0.0,0.01605844302648468,1.606141283921118,1.6030032664662126,0.31613289910879094,1038.9094871616762,0.5802060851990927,6.678721029638745,0.018133117672858204,75565.0,0.0,75303.0,0.0,0.0,0.9903366398611827,0.9000000000000004,0.8913029549510908,0.26580735982144,0.2847777639137057,0.002610958364336506,0.018578795722985805,-0.1949295200141917,0.22976942935992167,0.41841004184100417,1.6030032702504444,0.0,239
318,train,pact,3.0,0,0.48813355436147227,0.11323256786446684,0.18872093443951218,0.04526435917391438,0.0,0.015592640447021154,1.572435834417782,1.5817904153129545,0.5064995960959829,998.5227592180962,0.5058934838203206,1.411980987842113,0.05626985548009558,75803.0,0.0,75541.0,0.0,0.0,0.9903621691041412,0.9000000000000004,0.8913259284266867,0.6598216426528074,0.5803016826835056,0.04801572493922252,0.05795197066496356,-0.19414478095893223,0.24932490578355443,0.4476987447698745,1.5817904106146785,0.0,239
319,train,pact,3.0,0,0.0014944071429085072,0.000562812122526076,0.0009380201697381209,0.0,0.0,0.016304272951784243,1.6217422121239506,1.6465118814213007,0.47128298941017693,1455.7293307890952,0.63101726770401,3.2720940113067627,0.030898818495356046,76041.0,0.0,75779.0,0.0,0.0,0.9913272710524842,0.9000000000000004,0.8921945274624365,18.36265831873958,-18.883986449981904,0.01908135371692521,0.02742082815204268,-0.19922256729794688,0.24128312412831238,0.4225941422594142,1.6465118825550396,0.0,239
320,train,pact,3.0,0,0.1161134909462402,0.02684126389094786,0.044735436706348795,0.0015214911065839823,0.0,0.015905026330858094,1.5787950709275123,1.5821548625515096,0.34510627563528434,1130.6636025656217,0.5731028716185103,2.8077916640118077,0.01938165639075728,76279.0,0.0,76017.0,0.0,0.0,0.9897833404181892,0.9000000000000004,0.8908049858264844,0.3052397612528887,0.3136573125878246,0.0013364015231944633,0.020135886054734455,-0.18640217320571564,0.167542063562717,0.4895397489539749,1.5821548592523489,0.0,239
321,train,pact,3.0,0,0.01609831423724945,0.0032401215376697237,0.0054002023296782385,0.0,0.0,0.015600247883382079,1.5786154893651667,1.5788219239422467,0.28866041803958525,978.9166732213487,0.45567256810774864,13.363003327257962,0.017250168041538477,76517.0,0.0,76255.0,0.0,0.0,0.9903551908716497,0.9000000000000004,0.8913196529803415,2.919840764453915,-1.3334946239673844,0.010451191727594105,0.015125120304637904,-0.19368468211122428,0.2569512448440607,0.41841004184100417,1.5788219176488782,0.0,239
322,train,pact,3.0,0,0.004340025042008344,0.001208336764431357,0.0020138944318239425,0.0,0.0,0.015559348193967567,1.5887236280920116,1.5872761405162732,-0.3373418683829137,955.9706293209827,0.4524548116712889,13.679268607534624,0.002245356526332235,76755.0,0.0,76493.0,0.0,0.0,0.9904596566156363,0.9000000000000004,0.8914136612265678,0.1775011976720784,0.058536353919208306,0.00111656500186928,0.0021348286932894463,-0.18986725759295642,0.19602955577316836,0.4686192468619247,1.587276144126335,0.0,239
323,train,pact,3.0,0,0.0012663877662295617,0.0003447193300633893,0.000574532191395257,0.0,0.0,0.01595945382553102,1.602065690641124,1.6022419041669518,-3.357095637331448,959.376318257224,0.2391209751367569,1.8065799474716187,0.002108471147964098,76993.0,0.0,76731.0,0.0,0.0,0.9900579287916048,0.9000000000000004,0.8910521156618286,1.021680282122076,0.10040132392211976,0.0017364543584974584,0.001915007122893619,-0.19424392887613404,0.23175761892044278,0.4686192468619247,1.6022419028835215,0.0,239
324,train,pact,3.0,0,0.36491424218167223,0.08138702767387086,0.135645034835198,0.05268162881729493,0.0,0.014879163487124642,1.5084995891758588,1.5246648970508176,0.5082918995266554,892.2504811306877,0.5503440343435838,5.424941803122166,0.06361946077709511,77231.0,0.0,76969.0,0.0,0.0,0.9901642138489121,0.9000000000000004,0.8911477726373712,0.7497747233199492,0.3484518560513328,0.02485093509696506,0.06255208897388785,-0.19712327006889033,0.3774295973174278,0.24267782426778242,1.5246648864860382,0.0,239
325,train,pact,3.0,0,0.41462239765982967,0.0928527740940949,0.15475461406239444,0.03727653092669642,0.0,0.015451940538353874,1.586585130152842,1.5975131030860805,0.5239238965960227,776.9332183454825,0.566691185452948,4.357358038674837,0.044405357167417,77469.0,0.0,77207.0,0.0,0.0,0.9904928658796653,0.9000000000000004,0.8914435600635896,0.5034483742999025,0.5463669695041632,0.006412195067815973,0.049220738508232,-0.18790072757602178,0.16317991631799164,0.48535564853556484,1.597513102123379,0.0,239
326,train,pact,3.0,0,0.0034414877965033177,0.0006060817168800442,0.0010101361448235301,0.0,0.0,0.015448903347361662,1.5813219078415108,1.604589745838772,0.37089381133163324,1041.792515966184,0.8147093057632446,0.6350775361061096,0.03545426985075518,77707.0,0.0,77445.0,0.0,0.0,0.990853602916127,0.9000000000000004,0.8917682180843592,0.4367954528701761,0.061908356194848246,0.03405094446484433,0.031195809980406265,-0.18831504722244283,0.153387340870649,0.5146443514644351,1.6045897411787506,0.0,239
327,train,pact,3.0,0,0.49487416027990566,0.10142572676969588,0.16904286537629334,0.030049448793902058,0.0,0.014436458942780435,1.4541869697211676,1.4706178394820402,0.5582255206098118,807.0517593447634,0.6609968747514997,1.129974475465559,0.046490656343731,77945.0,0.0,77683.0,0.0,0.0,0.9892582332239989,0.9000000000000004,0.8903323888279903,0.6499015214484926,0.5461355715430578,0.003155142846216838,0.04903905377267844,-0.1815880386573559,0.2579898513309,0.3179916317991632,1.470617838164929,0.0,239
328,train,pact,3.0,0,0.18707420168323716,0.04876560623492441,0.08127600367148854,0.02795739846000113,0.0,0.015664834901300807,1.5466915147075095,1.5723682332737177,0.5294021037582574,1013.5423665705086,0.6019212805576404,4.172026794824641,0.04959512022849967,78183.0,0.0,77921.0,0.0,0.0,0.990738059187534,0.9000000000000004,0.8916642356617182,0.4319084318483539,0.4501288875365619,0.03604655556242775,0.04944476397283313,-0.18586915336563464,0.17264607258375622,0.5355648535564853,1.5723682267358308,0.0,239
329,train,pact,3.0,0,0.013958485612926312,0.003590582739284153,0.005984304337513878,0.0,0.0,0.016413583174721965,1.6050435593936234,1.6320841965815014,0.26036076677892994,1496.1856418753268,0.5360711731920681,1.1634223181832286,0.033680110358804555,78421.0,0.0,78159.0,0.0,0.0,0.991632345081872,0.9000000000000004,0.8924690886521439,0.2666646950589625,0.16646851804734442,0.03208677505957894,0.029888611131982885,-0.1927312606517939,0.17107332561797087,0.502092050209205,1.63208419700141,0.0,239
330,eval,pact,3.0,0,0.42045798061068984,0.037744238256286484,0.06290706088387131,0.0,0.0,0.005957649000257908,0.5943837753150254,0.6313611762792994,0.38043248004993135,2234.284817109048,0.2073417987409496,14.139742783422749,0.029695288054099517,78659.0,0.0,78397.0,0.0,0.0,0.9945239205240705,0.9000000000000004,0.8950715072484196,0.4882582790999937,0.27036113579101606,0.006254964857362211,0.029653241030314633,-0.0862964499036898,0.016350633549956972,0.9539748953974896,0.6313611777721831,0.0,239
331,eval,pact,3.0,0,0.500344105122346,0.039624148628634386,0.06604024449051733,0.0,0.0,0.004548959502712609,0.5536280453953284,0.549912644230671,0.40510296285401826,10731.201676500392,0.19670282469898712,26.02284518844413,0.0228740607474046,78897.0,0.0,78635.0,0.0,0.0,0.9844736429437932,0.9000000000000004,0.8860262575009876,0.7268245044939343,0.4322948446775531,0.0036352165656066255,0.02248517734438929,-0.07762140013416063,0.008071456126294549,0.9748953974895398,0.5499126447360587,0.0,239
332,eval,pact,3.0,0,0.0760018663305159,0.0050840522610285524,0.008473420087958025,0.0,0.0,0.0068502877147237,0.6401165256190998,0.6492559637983474,-0.17638885857981618,69090.228744443,0.1519597255036422,44.200555091123704,0.009910619560001752,79135.0,0.0,78873.0,0.0,0.0,0.9908244953993474,0.9000000000000004,0.8917420204089775,1.116401805383561,-0.13305912498641326,0.005332107657795315,0.008119045526849175,-0.08310272597655938,0.00323451734472833,0.9832635983263598,0.6492559642908207,0.0,239
333,eval,pact,3.0,0,0.3685238404330022,0.01356280129731664,0.022604667866080376,0.0,0.0,0.004517190552425715,0.5449008198462769,0.5429860970714601,-0.18677700002907646,187749.00183054394,0.08466820184445344,31.113349491582255,0.00867913044900458,79373.0,0.0,79111.0,0.0,0.0,0.9785343103079617,0.9000000000000004,0.8806808584654181,0.6707833234548047,0.4027362665736346,0.0010884477200710939,0.008439723337965405,-0.06817726971964218,0.0,1.0,0.5429860960657621,0.0,239
334,eval,pact,3.0,0,0.46892580401234446,0.03537258617172301,0.05895430762629452,0.0,0.0,0.005443503139599004,0.5886631171573655,0.5895322719627843,0.15502509827020278,50069.43066814853,0.08838325186932623,62.97325581786024,0.02247200214409242,79611.0,0.0,79349.0,0.0,0.0,0.985783592178233,0.9000000000000004,0.8872052150540771,0.7883351498298954,0.4391941656288091,0.010672987834111138,0.021397996890635297,-0.08655135265893169,0.024540787560461734,0.8702928870292888,0.5895322724105976,0.0,239
335,eval,pact,3.0,0,0.20738796240876128,0.014657781812412056,0.02442963548400025,0.0,0.0,0.005692585712400066,0.603627372486322,0.6022754237990998,0.19671663080798032,152738.61609244248,-0.008326612324156763,107.7903949266697,0.008420357486977394,79849.0,0.0,79587.0,0.0,0.0,0.982978294334651,0.9000000000000004,0.8846804434784287,0.6589609155732846,0.6331442400381726,0.00475195158058061,0.008653159477849292,-0.07042721037394234,0.0010386064868393723,0.9874476987447699,0.6022754228621656,0.0,239
336,eval,pact,3.0,0,0.5020884493196984,0.04052945187373613,0.06754908250731506,0.0,0.0,0.004611124300152437,0.5483821515757669,0.5382092494096716,-0.05377716067243196,55009.89649254707,0.1289285527518853,47.73976678728558,0.022469636378712392,80087.0,0.0,79825.0,0.0,0.0,0.9882842834773922,0.9000000000000004,0.8894558395551339,0.7125775338775644,0.4491398281882152,0.015408553648740053,0.02153430064306224,-0.08111676814170156,0.012196207602599485,0.9665271966527197,0.5382092482780958,0.0,239
337,eval,pact,3.0,0,0.4881335476829956,0.030006310361801358,0.05001051443485639,0.0,0.0,0.004447146629618488,0.5540117549098187,0.5666501110567708,0.18865055717122606,41173.281813872905,0.1924931043486216,46.69839409305461,0.019384966418926435,80325.0,0.0,80063.0,0.0,0.0,0.9830804459719479,0.9000000000000004,0.8847723740414096,0.8592596018126089,0.4133625744615176,0.009797141887247562,0.01838797343423333,-0.07659138489376931,0.0014837235526276745,0.99581589958159,0.5666501078144676,0.0,239
338,eval,pact,3.0,0,0.0349310103396663,0.006530599033010799,0.010884330977441473,0.0,0.0,0.0069517248941421755,0.6509837799990027,0.638154324128538,-0.15665406137442428,329562.33989278245,0.0971703270302158,108.79659753264743,0.006060355721883258,80563.0,0.0,80301.0,0.0,0.0,0.9938346950578889,0.9000000000000004,0.8944512061992949,0.487662552945048,0.5008279505639681,0.0026576117857837595,0.005611100143004816,-0.07691380925462253,0.0,1.0,0.6381543263801239,0.0,239
339,eval,pact,3.0,0,0.2905912866229464,0.025212207959891687,0.04202034484113325,0.0,0.0,0.005242283407318168,0.6046312266812663,0.5965944246766957,-0.40034326009070464,163486.50248430963,-0.086201058522161,39.079888786730905,0.010824827119322283,80801.0,0.0,80539.0,0.0,0.0,0.9822276930429945,0.9000000000000004,0.8840049053834572,0.6913804231590324,0.7089729397753548,0.005523897318000143,0.011561382214380935,-0.07136875991839942,0.004391821715777916,0.8786610878661087,0.5965944249820178,0.0,239
340,train,pact,3.0,0,0.026644077069207902,0.007636249244390772,0.012727081659158632,0.0,0.0,0.01573640242935973,1.6115623797332892,1.6065787710405295,-0.3805282870716723,1691.2045188488821,0.23840341112229615,16.52754504062142,0.022047546760872724,81039.0,0.0,80777.0,0.0,0.0,0.9799127214623296,0.9000000000000004,0.881921426895772,0.2424582400757341,0.21701175653574012,0.016080705038467914,0.01892191421281484,-0.19286712282134075,0.20597050357577376,0.502092050209205,1.6065787653038113,0.0,239
341,train,pact,3.0,0,0.48708752257839305,0.09930329015358089,0.16550547542832814,0.021300875242783932,0.0,0.013473848106970847,1.4158967892993943,1.431357271002925,0.6387277869001093,765.3646278540958,0.6655423698564953,2.776727647960934,0.06068962093084178,81277.0,0.0,81015.0,0.0,0.0,0.9901461835685634,0.9000000000000004,0.8911315449610914,0.8096218820900231,0.45772571307246024,0.036562423268333075,0.060090493346529404,-0.20067550827648126,0.49375352384343746,0.19246861924686193,1.4313572757114748,0.0,239
342,train,pact,3.0,0,6.514794980351147e-05,1.4206625359346232e-05,2.3677706217712812e-05,0.0,0.0,0.015098793882190807,1.5724236109765504,1.5714463564142522,0.4676845864272018,950.0617770270823,0.7199974656105042,6.417556285858154,0.006705342847868512,81515.0,0.0,81253.0,0.0,0.0,0.9906538208658227,0.9000000000000004,0.8915884143139029,1.7213820805167706,-1.1700927651292479,0.006110174171893874,0.005985766441257335,-0.19624213314626768,0.31226445888602034,0.36401673640167365,1.571446362072371,0.0,239
343,train,pact,3.0,0,0.3859785423496817,0.094137399969589,0.1568956538137465,0.05344237405884715,0.0003803727766459956,0.015611653262944152,1.5284709985286122,1.5561297732915838,0.5694659091064621,1032.7339068935505,0.5551248227322092,4.554546869948319,0.06962880587485856,81753.0,0.0,81491.0,0.0,0.0,0.9915926062412341,0.9000000000000004,0.8924333335964251,0.7209443752742102,0.3783393213766236,0.027938627374961094,0.06925376532911069,-0.19680305398333134,0.3206029852517879,0.3389121338912134,1.5561297687886542,0.0,239
344,train,pact,3.0,0,0.4175653372727219,0.10462709245584695,0.17437847483227692,0.06789653876087157,0.0001901863883229978,0.014758713981799126,1.4302342616364547,1.4729435361578873,0.5967597078578741,1324.960340428053,0.5693071893412448,4.230909931859212,0.07225514913102511,81991.0,0.0,81729.0,0.0,0.0,0.9908755873037681,0.9000000000000004,0.8917880073252084,0.7818624893831082,0.4169844057421024,0.03205275789524118,0.0714294392319404,-0.199813436034758,0.44387073800409504,0.20502092050209206,1.4729435390143266,0.0,239
345,train,pact,3.0,0,0.009418925725383427,0.0021018460644261715,0.003503076623536833,0.0,0.0,0.015061565353359762,1.5602742131783873,1.5586740653883961,0.47159929667057854,1023.9172317313349,0.7067374224193924,6.618208816859513,0.006902602131266116,82229.0,0.0,81967.0,0.0,0.0,0.9904016480785035,0.9000000000000004,0.8913614680078737,0.19425917027147765,0.12218542498302731,0.005266655072365411,0.006382749366007013,-0.19194918749263143,0.25380575091248997,0.42677824267782427,1.558674058178931,0.0,239
346,train,pact,3.0,0,0.0003611348120901913,9.484070920795553e-05,0.0001580678395976636,0.0,0.0,0.01538152465690317,1.5653719505505581,1.565575259001185,0.17134587274412294,1036.2247774132127,0.4175628423690796,1.3157280683517456,0.0025370433729553056,82467.0,0.0,82205.0,0.0,0.0,0.9901044992223444,0.9000000000000004,0.8910940294485212,4.093333478067572,-2.5949863933503883,0.0020613861659257325,0.002263108261713074,-0.19138153746488554,0.24751476304934864,0.4435146443514644,1.565575259464128,0.0,239
347,train,pact,3.0,0,0.4023595106228796,0.09239594739716328,0.1539932365928534,0.04260175017382809,0.0,0.015040899145662411,1.5414044642548181,1.5464919623470705,-0.17447287473188533,950.4709996179557,0.4437179367786671,1.2910082452466798,0.043298337610508976,82705.0,0.0,82443.0,0.0,0.0,0.9902574457384054,0.9000000000000004,0.8912316797667468,0.4975148598399608,0.5349350432877993,0.0008821848053685244,0.04805707468883335,-0.18878859243829096,0.22902756758360784,0.4435146443514644,1.5464919649684603,0.0,239
348,train,pact,3.0,0,0.018431992074788867,0.004077250276335781,0.006795416650854033,0.0,0.0,0.015320459526873907,1.570245656508282,1.5838738101296843,0.4866377288576948,997.0162866823842,0.6030684587346958,7.929296810008492,0.03444596121007787,82943.0,0.0,82681.0,0.0,0.0,0.9907807371107604,0.9000000000000004,0.891702635517679,4.729008517357518,-3.350888714803684,0.018193141323257694,0.03020767721437136,-0.19235375365466,0.23991809845989495,0.47280334728033474,1.583873812062333,0.0,239
349,train,pact,3.0,0,0.4982182329869342,0.11602551068098665,0.19337583795756652,0.04279193656215109,0.0,0.016030735166735605,1.5664905279750105,1.5771650602129215,0.5920641190337337,968.5947638475745,0.5802639383651222,2.854880219224108,0.05681352027853616,83181.0,0.0,82919.0,0.0,0.0,0.9904661597567124,0.9000000000000004,0.8914195199391832,0.6585957383757971,0.512912811690609,0.0025561228301376106,0.05900716816857418,-0.19872273218696684,0.29448945072554084,0.3723849372384937,1.5771650523528151,0.0,239
350,train,pact,3.0,0,0.00027498420791614755,6.216382669313191e-05,0.00010360637154548514,0.0,0.0,0.015961453714115725,1.5935427194858696,1.6092847451006518,0.49052714328885577,1085.0040224466363,0.7188076376914978,5.928387641906738,0.023348896691154798,83419.0,0.0,83157.0,0.0,0.0,0.9906384481046988,0.9000000000000004,0.8915745720703732,1.5353713654325931,-0.6241291794228303,0.02170567499884449,0.02089054755102765,-0.187054375463978,0.13157660464702217,0.5606694560669456,1.6092847428395542,0.0,239
351,train,pact,3.0,0,0.40235948536471244,0.08566170940516009,0.14276950789629395,0.02814758503536799,0.0,0.01609527488204039,1.5623988067754642,1.5837234026717342,0.5084367042804862,1016.7518765118332,0.6425089742286934,3.6006472310261746,0.06619305445356723,83657.0,0.0,83395.0,0.0,0.0,0.99127740291372,0.9000000000000004,0.8921496479082307,0.7155803843416793,0.33419094480471667,0.024485060130245984,0.06519593730389635,-0.18973570415371685,0.19736490697053324,0.41841004184100417,1.5837234018642894,0.0,239
352,train,pact,3.0,0,0.3649142709313249,0.08502628884450274,0.14171047414696902,0.03917839505931822,0.0,0.01497449864590517,1.5483546708418237,1.5589821807510185,0.4735628992443803,891.6073697780465,0.6423407952032328,3.4653524931005855,0.04136673561599355,83895.0,0.0,83633.0,0.0,0.0,0.9898929236823046,0.9000000000000004,0.8909036025841366,0.4985183228470016,0.5412306085775135,0.005524040001526393,0.045821112168516386,-0.18342595463653077,0.16697824861271846,0.5313807531380753,1.5589821797088974,0.0,239
353,train,pact,3.0,0,0.007910073110366154,0.0016896292971860286,0.002816048706857347,0.0,0.0,0.01574973293451522,1.574923984425836,1.5993441540327031,0.32324413213270975,1206.517222895283,0.7587353301596941,0.7726848367367828,0.03695874783516351,84133.0,0.0,83871.0,0.0,0.0,0.9910718185133515,0.9000000000000004,0.8919646148901106,0.3221418861091173,0.1395912562833147,0.0349533287420248,0.03173698583339189,-0.19474986080573276,0.24003679634410519,0.4686192468619247,1.599344145505145,0.0,239
354,train,pact,3.0,0,0.13356819286291968,0.039034582393146,0.0650576328961997,0.01654621528531717,0.0,0.015773879547279997,1.6012221948871055,1.6126953468163143,0.37640459342980487,1137.4835976317338,0.5210535153123126,4.608388533652078,0.040027434144667876,84371.0,0.0,84109.0,0.0,0.0,0.9909607413922393,0.9000000000000004,0.8918646489227168,0.7862181276702104,0.2586582454606644,0.01589238309635837,0.038202215483895345,-0.2032303519157849,0.3435116769043592,0.34309623430962344,1.6126953516132525,0.0,239
355,train,pact,3.0,0,0.00020369909520827966,7.742287769010602e-05,0.00012903813361365613,0.0,0.0,0.015304748668378242,1.5879480175393397,1.58741952285607,0.19016716055762972,968.8076537064428,0.5607033967971802,5.54753303527832,0.0016770016779929738,84609.0,0.0,84347.0,0.0,0.0,0.9898598101847341,0.9000000000000004,0.8908738109855971,2.5791950229813665,-1.0270189848388727,0.0014165537495500757,0.001499443680761459,-0.19450511491070865,0.24172824119410072,0.42677824267782427,1.5874195219383787,0.0,239
356,train,pact,3.0,0,0.03316622928357742,0.007117107291161579,0.011861844739854037,0.0,0.0,0.015202227964311464,1.5827057236906874,1.5813984646458008,-0.829146545072511,911.5085428788573,0.5207197680527726,5.056793050287159,0.0067715130640581605,84847.0,0.0,84585.0,0.0,0.0,0.9899768889199739,0.9000000000000004,0.890979174041349,0.17586606199778912,0.1549464344219097,0.0008755864031363378,0.006803810317540402,-0.1845308608637455,0.13857977981542477,0.5774058577405857,1.5813984603853517,0.0,239
357,train,pact,3.0,0,0.5016285062847449,0.11783889595189748,0.19639814895124183,0.0433624952906844,0.0,0.01623372008018663,1.5903880493910243,1.6091756513926774,0.5345656242782726,999.9829088793639,0.5990293003525196,2.3184941642952763,0.06265710434529571,85085.0,0.0,84823.0,0.0,0.0,0.990862513685825,0.9000000000000004,0.8917762340362102,0.7592504620339727,0.47789411286732064,0.02019777548654626,0.063579278106696,-0.20337865890320855,0.32873379032018757,0.3305439330543933,1.6091756509624644,0.0,239
358,train,pact,3.0,0,0.502088449363476,0.12552684514830084,0.20921139536425715,0.04621529117787732,0.0,0.01563838257154286,1.5795628406013904,1.601003674283686,0.667251605618449,1182.5417735845972,0.5760866702849895,3.681195476813296,0.07003467584761429,85323.0,0.0,85061.0,0.0,0.0,0.9915484150084491,0.9000000000000004,0.8923935518603944,0.8264555175854821,0.44446924244033736,0.03165019955486059,0.07056573604985635,-0.20029874193364164,0.2907801418439716,0.41422594142259417,1.601003666501756,0.0,239
359,train,pact,3.0,0,0.43151489933949033,0.09414736604060228,0.1569122687660676,0.040509699839927166,0.0,0.01504305931525188,1.5274728401934252,1.5375042507838006,0.6480722432356001,1075.3001918393697,0.6398814008824496,3.2137427210309015,0.0628438510982686,85561.0,0.0,85299.0,0.0,0.0,0.9905035383531738,0.9000000000000004,0.8914531688809894,0.7797972977909488,0.430191282821776,0.028049304762056897,0.062087892044226496,-0.18875989133032495,0.240452238938841,0.40585774058577406,1.5375042274820254,0.0,239
360,eval,pact,3.0,0,0.09973252267304225,0.009905770367406004,0.01650961623379764,0.0,0.0,0.0057750832879814515,0.5545540576699388,0.5529173214814653,0.5292646321292701,1891.0606666469175,0.16126432154467915,4.990287673523237,0.008705728627433493,85799.0,0.0,85537.0,0.0,0.0,0.995051451557351,0.9000000000000004,0.8955462881710738,0.979435052849296,0.38623900783976084,0.0035384496100651064,0.008274491563649794,-0.07971954960687923,0.0064987091605092145,0.9414225941422594,0.5529173232286032,0.0,239
361,eval,pact,3.0,0,0.12999683991421615,0.010165381521436144,0.016942301685444496,0.0,0.0,0.006755368580464975,0.5880417734010449,0.5925707991651911,0.3074385648491991,19304.006905400103,0.2534518911499359,58.50336684442464,0.011214935451173165,86037.0,0.0,85775.0,0.0,0.0,0.9905063321650278,0.9000000000000004,0.8914556798825204,0.5211211860816832,0.1739593322551889,0.004030481564501922,0.010942774982616367,-0.08581300923810894,0.0,1.0,0.5925707975205373,0.0,239
362,eval,pact,3.0,0,0.4689258159280493,0.021991266076598914,0.036652108401806695,0.0,0.0,0.0043755654074158126,0.5587532530269862,0.5651793957504767,0.21051139986555573,71190.039291318,0.09144694980615789,33.838074987403516,0.010152424059254915,86275.0,0.0,86013.0,0.0,0.0,0.9797304443485069,0.9000000000000004,0.881757392419432,0.7906139211718927,0.575258963908632,0.0022350786899585488,0.009760969165258624,-0.06793509234712372,0.0,1.0,0.5651793907733933,0.0,239
363,eval,pact,3.0,0,0.2615026996800263,0.026002601467522733,0.043337666263693515,0.0,0.0,0.005128442321487052,0.5712375043575734,0.5567325290027523,-0.36080524325760466,87703.77887192731,0.07354309031531354,30.015952441482863,0.011353570930406483,86513.0,0.0,86251.0,0.0,0.0,0.9840793294138489,0.9000000000000004,0.8856713743140009,0.6923985711248501,0.6828518010351481,0.003601987371579386,0.011752517810130344,-0.07300072015561969,0.016113237781536546,0.8075313807531381,0.5567325284595352,0.0,239
364,eval,pact,3.0,0,0.02979833591694332,0.0023051451810803185,0.00384190853371696,0.0,0.0,0.005982566896677952,0.5606675868752611,0.5567788747314629,0.17324453825618152,79735.43062728818,0.12216409116352141,21.51806779486365,0.007513327164103951,86751.0,0.0,86489.0,0.0,0.0,0.9891230202120218,0.9000000000000004,0.8902106978404472,1.0797817158503387,0.19526600529230775,0.005777719172406348,0.006379355016947728,-0.06924440784022158,0.00017804682631532092,0.9916317991631799,0.5567788715811854,0.0,239
365,eval,pact,3.0,0,0.48366004122113304,0.04463096916087007,0.07438494424207584,0.0,0.0,0.004133917781949105,0.5585669481105884,0.5505210554001222,0.36394781548681837,81424.53193645398,0.005886661504294478,19.983405244899096,0.01432098485587874,86989.0,0.0,86727.0,0.0,0.0,0.9813550164510016,0.9000000000000004,0.8832194910513307,0.8048888332752521,0.7002890563671442,0.003390576019016809,0.014651051513990971,-0.07131669053459956,0.022374551173625332,0.895397489539749,0.5505210578707003,0.0,239
366,eval,pact,3.0,0,0.5019918537838604,0.029023375637411256,0.04837229008850068,0.0,0.0,0.004344158089392386,0.5347114513359309,0.5418959399646296,0.6497656875075656,33794.87746796548,0.059716687237680206,31.268243386655673,0.0190281119406083,87227.0,0.0,86965.0,0.0,0.0,0.9824892945868201,0.9000000000000004,0.8842403404882263,0.7884996617239399,0.3597042941105456,0.013585051920797144,0.018455375121345267,-0.07227872313297262,0.0,1.0,0.5418959387050223,0.0,239
367,eval,pact,3.0,0,0.09973252267304225,0.0068414726267318916,0.011402453827649803,0.0,0.0,0.005461530266992093,0.5633366905994495,0.5565437649583218,-0.012085737577477804,70591.80816063023,0.034400991970530974,42.15345767352372,0.00817291835901643,87465.0,0.0,87203.0,0.0,0.0,0.9875511139257184,0.9000000000000004,0.8887959753619078,1.1672772704722092,0.139860278462821,0.0030763715881936297,0.006808557619718702,-0.07636584238716804,0.0015430724947327814,0.9874476987447699,0.5565437665380906,0.0,239
368,eval,pact,3.0,0,0.1299968671675179,0.017831487745055993,0.029719144693224116,0.0,0.0,0.006121771116877388,0.5594222395988688,0.5343033984365823,-0.6214777177675125,273110.247581067,-0.008081133707297896,47.709539828440136,0.013052547002741171,87703.0,0.0,87441.0,0.0,0.0,0.9875379825735691,0.9000000000000004,0.8887841652252684,0.42575428922329617,0.32506730092695235,0.0010358059608067075,0.012967022733517365,-0.07342211195485947,0.05009050713671029,0.891213389121339,0.5343034013167888,0.0,239
369,eval,pact,3.0,0,3.5839762234725213e-06,7.124921976964702e-07,1.187486970791336e-06,0.0,0.0,0.007203592351836515,0.5831559509911797,0.6004117156172397,-0.34481438261819186,194168.56372581067,0.012791499495506287,21.641069412231445,0.008832454139261535,87941.0,0.0,87679.0,0.0,0.0,0.9949738168816188,0.9000000000000004,0.8954764156910167,20.577095861393406,-21.100359899733718,0.00756106131370199,0.007511894726174958,-0.07724426203602945,0.0,1.0,0.6004117162444692,0.0,239
370,train,pact,3.0,0,0.0034414877965033177,0.0008517662045583869,0.001419610268617571,0.0,0.0,0.015521255276988116,1.5785133015660562,1.5787194648048368,-1.845411960924021,5238.231940488935,0.012791499495506287,21.641069412231445,0.002504708723661443,88179.0,0.0,87917.0,0.0,0.0,0.9775891814022384,0.9000000000000004,0.8798302475004516,0.20125497114576482,0.009823600585887271,0.0013626637737615965,0.002066966743224542,-0.19409165990498592,0.24793020564408438,0.45188284518828453,1.578719454150347,0.0,239
371,train,pact,3.0,0,0.5010294404741651,0.10505776297646038,0.17509626168624334,0.02662609386643605,0.0,0.014152666629841512,1.3996069523579904,1.4120939758033433,0.5135904982799049,1014.2305617073091,0.5394961238530889,3.1113789388325426,0.06274732416710002,88417.0,0.0,88155.0,0.0,0.0,0.990133606739124,0.9000000000000004,0.891120227061555,0.7383916447371833,0.44038515805394873,0.052782969083637,0.06278261617430053,-0.19768573834735295,0.48339713344609636,0.16317991631799164,1.4120939803245651,0.0,239
372,train,pact,3.0,0,0.006565895839070679,0.0013057501134376805,0.0021762500644353887,0.0,0.0,0.01571378273943977,1.5914370509869882,1.5902380559234939,0.5080667398714122,983.6690980280792,0.09909802787473511,10.673624453684276,0.010872940303685697,88655.0,0.0,88393.0,0.0,0.0,0.9904620485325738,0.9000000000000004,0.8914158269451253,2.6860165369499347,-1.4155785791719473,0.007882062383202177,0.009662976694511539,-0.19930010635497983,0.30356983886762223,0.3891213389121339,1.5902380634990931,0.0,239
373,train,pact,3.0,0,0.14450739523119227,0.03124879009971577,0.052081313398919665,0.003613541378136958,0.0,0.015026678303919077,1.5461749167621883,1.5480647274141033,0.37275659377106063,742.1939602776052,0.19725718115413537,7.9953361285780264,0.019626196948250647,88893.0,0.0,88631.0,0.0,0.0,0.9895361222981409,0.9000000000000004,0.8905824914138187,0.371134375359845,0.39139752070199785,0.0008943823696638789,0.02080380209803152,-0.19029760214416405,0.2505712335677617,0.3682008368200837,1.548064727979807,0.0,239
374,train,pact,3.0,0,0.00014589585375555142,2.5502029080849888e-05,4.2503379061516126e-05,0.0,0.0,0.015838076693695583,1.5726797271473139,1.5731881500288034,0.23386791682018895,916.7795762576817,0.5026648044586182,1.119775652885437,0.020979966352611904,89131.0,0.0,88869.0,0.0,0.0,0.9910827146913217,0.9000000000000004,0.8919744202282638,1.8764021086968605,-1.314261805189501,0.019343446327365323,0.018749922046595677,-0.19309399831371812,0.2500964420309208,0.4769874476987448,1.5731881415193074,0.0,239
375,train,pact,3.0,0,0.39266590399484474,0.08728234294462385,0.1454705622310338,0.04031951351395212,0.0,0.015992988171796296,1.5733709509901421,1.5678542642912605,0.273350368829144,843.9910538805079,0.4926532890382671,1.1701247667168972,0.0392216491425521,89369.0,0.0,89107.0,0.0,0.0,0.989349435562868,0.9000000000000004,0.8904144724043842,0.5048592652677728,0.5558829981180349,0.0011813887645678416,0.044268272696396584,-0.19074248917884898,0.23641651087569368,0.4351464435146444,1.5678542661351642,0.0,239
376,train,pact,3.0,0,0.48485143263255603,0.09606123259597922,0.1601020422818068,0.023583111777964,0.0,0.013660979392903245,1.3696061926406797,1.3825997690276621,0.7884442240124467,932.4050668373268,0.7031050785814867,2.968339135706674,0.047994688418245716,89607.0,0.0,89345.0,0.0,0.0,0.9898235845266525,0.9000000000000004,0.8908412059979459,1.0358625798779002,0.5798991485731653,0.03886129780273352,0.045651090359627014,-0.2024283989645458,0.5480281313985579,0.13807531380753138,1.3825997618885082,0.0,239
377,train,pact,3.0,0,0.48708752257839305,0.11717895392591866,0.19529824560197398,0.05572461009524357,0.0,0.014711553312713382,1.482169652583709,1.5059240093789839,0.699031906147881,1068.8894482217572,0.6218179714978989,3.463012729229787,0.06682232377279129,89845.0,0.0,89583.0,0.0,0.0,0.9914049880275168,0.9000000000000004,0.8922644703956828,0.7617587467831484,0.4930441453959926,0.03968098177574575,0.06781160440412837,-0.1900489440570926,0.30098815988605,0.29707112970711297,1.5059240114742913,0.0,239
378,train,pact,3.0,0,0.4811274396703373,0.10656795751284072,0.1776132520007724,0.034613922238349915,0.0,0.016123398727343797,1.5529624318477997,1.570385286498768,0.6581301352468993,1009.0261432216756,0.6282957345870748,3.255050912312384,0.06653910553643955,90083.0,0.0,89821.0,0.0,0.0,0.991033622161115,0.9000000000000004,0.8919302462035144,0.7667289502177617,0.4552555969961245,0.04034780519497064,0.06658909339107043,-0.18934697556095384,0.22359713938099052,0.41841004184100417,1.5703852779536853,0.0,239
379,train,pact,3.0,0,0.4811274396703373,0.1054547184041485,0.1757578533687741,0.04336249591416395,0.0,0.01555993332757486,1.5315308281567306,1.559749326695957,0.6368362372390396,1003.22115463193,0.5380253428320506,4.381738391880211,0.0683111986301247,90321.0,0.0,90059.0,0.0,0.0,0.99028716675906,0.9000000000000004,0.8912584280369172,0.7655253270552053,0.43029706430058146,0.039110533913804424,0.06805837558481109,-0.18847395731119998,0.22689100566782397,0.41841004184100417,1.5597493203414248,0.0,239
380,train,pact,3.0,0,0.27401919350725557,0.06479355094763005,0.10798924512468049,0.027196653031405046,0.0,0.015466965166033561,1.5614935104817027,1.5663407796596382,0.5306809593194698,868.2822638475745,0.5374399862217105,5.822329985297374,0.03903489191353976,90559.0,0.0,90297.0,0.0,0.0,0.9904459046519452,0.9000000000000004,0.8914013013680111,0.4547374978028725,0.49140123190334806,0.011377806932534696,0.04169197162909426,-0.1847949537831437,0.16042019051010417,0.5188284518828452,1.5663407878541116,0.0,239
381,train,pact,3.0,0,0.41162967206828666,0.08191132659770702,0.13651886955130405,0.02225180724674688,0.0,0.015676729893506696,1.5492430536318025,1.5647777256606512,0.7509017013106885,917.8805570083682,0.6775410725232448,5.531261662683726,0.045946214891674005,90797.0,0.0,90535.0,0.0,0.0,0.990302051211002,0.9000000000000004,0.8912718323484126,1.015310711288726,0.5819322409761122,0.032474236284660826,0.04464984959318735,-0.19333212257275453,0.27686281492032405,0.3807531380753138,1.5647777201690922,0.0,239
382,train,pact,3.0,0,0.4769458410955545,0.09881392406066758,0.16468986565852756,0.03670597207346721,0.0,0.014853851863857218,1.5348799959386243,1.542744049716694,0.638367384547469,857.7143207374477,0.5400367435925176,4.152767274669025,0.04407765673450097,91035.0,0.0,90773.0,0.0,0.0,0.9899578550869451,0.9000000000000004,0.8909620522953975,0.5967597620977785,0.5748662832733173,0.009202517707308289,0.047705881289307764,-0.1844516900116449,0.19276536395738744,0.4309623430962343,1.5427440466743525,0.0,239
383,train,pact,3.0,0,0.20738796240876128,0.0458417151425405,0.0764028550746459,0.01597565643208795,0.0,0.016116108850548705,1.5522374368611738,1.5810400953352701,0.4680079235442014,1043.3046811155693,0.6513599105584571,1.5174157005972444,0.053196752380587506,91273.0,0.0,91011.0,0.0,0.0,0.9908973320258712,0.9000000000000004,0.8918075788469992,0.41993448935493094,0.41981930268175727,0.04291202796873851,0.051887207751251975,-0.18640115294079004,0.1704204872548147,0.4811715481171548,1.5810400850266342,0.0,239
384,train,pact,3.0,0,0.0038738003089876893,0.0005732805715501759,0.0009554675628933335,0.0,0.0,0.01612856523542973,1.5845852372037816,1.5922825498560982,0.3476802270282761,1004.3953390081557,0.6480208039283752,0.9041027426719666,0.026443182145903923,91511.0,0.0,91249.0,0.0,0.0,0.9905612481189073,0.9000000000000004,0.8915051037297588,12.949594124566092,-12.529183722838122,0.01867141532461446,0.023579481980377598,-0.19209102830810307,0.20789934419418973,0.47280334728033474,1.5922825387128092,0.0,239
385,train,pact,3.0,0,0.4392558730871779,0.08841688429079665,0.14736146250902019,0.030620007771827187,0.0,0.014885186276176484,1.5139763153247754,1.51495645385407,0.4523821075965171,915.4645327005426,0.5320337068398627,1.1023614152206038,0.03885451960389572,91749.0,0.0,91487.0,0.0,0.0,0.989964601135653,0.9000000000000004,0.8909681185020064,0.5469263905682341,0.56610436818874,0.0015695921689230226,0.04312070607849217,-0.18513763950536882,0.23668358111516663,0.401673640167364,1.5149564509009688,0.0,239
386,train,pact,3.0,0,0.228072871281629,0.05250458554405383,0.08750763677820653,0.024914416246833163,0.0,0.01488477802371692,1.5107762826037707,1.5313615803938032,0.45063845370603905,1059.653749090857,0.6762699236680274,0.9223075224764676,0.05549125719784319,91987.0,0.0,91725.0,0.0,0.0,0.9908943662583578,0.9000000000000004,0.8918049016258208,0.4773823832404702,0.4759508006640921,0.047101193526759746,0.054562295462632214,-0.19466430819518998,0.3025905813228879,0.4100418410041841,1.5313615699708714,0.0,239
387,train,pact,3.0,0,0.05794356438666426,0.015016232518418403,0.025027053489706092,0.0022822366598759733,0.0,0.01582142059928952,1.6013524133291204,1.6131041688400332,0.30716940187011305,1301.708822721218,0.4716434779276908,1.4014221913644958,0.04039559553174699,92225.0,0.0,91963.0,0.0,0.0,0.991095199245788,0.9000000000000004,0.8919856563272835,0.2888114373178489,0.27550982560061776,0.03560150112293061,0.03719737409871212,-0.1905201340034355,0.17006439360218406,0.5648535564853556,1.6131041747478858,0.0,239
388,train,pact,3.0,0,0.3756273159996906,0.0839335771134037,0.13988928636587755,0.03651578605923194,0.0,0.015097565346915727,1.4929054900692098,1.498329857902048,0.40142456439000296,998.221252186029,0.30380916664041735,1.3794996800781794,0.0480381358428527,92463.0,0.0,92201.0,0.0,0.0,0.9905928869626512,0.9000000000000004,0.8915335738010486,0.5325542468296083,0.5584662018169129,0.02665374160807749,0.0514744111886209,-0.1879365877501297,0.2880500905071367,0.3723849372384937,1.4983298540474979,0.0,239
389,train,pact,3.0,0,0.4554288766948919,0.10662923295583283,0.17771537873264895,0.04203119094651114,0.0,0.016165550400709508,1.5505921952894044,1.5604656458399784,0.5572293692552893,1073.8732968893012,0.6711557392794717,1.0214885014370396,0.06834342962941428,92701.0,0.0,92439.0,0.0,0.0,0.9905640924326047,0.9000000000000004,0.8915076580007705,0.6364929236048161,0.5802980165298799,0.08101458091599247,0.06942639876718176,-0.1919486888989748,0.23597139380990537,0.401673640167364,1.5604656385082154,0.0,239
