episode,phase,arm,sigma,direct,A,load,load_frac,sat,clipped,x_std,q_cmd_abs,q_exec_abs,resid_after,reward,v_out,cr,q_loss,destroy,steps
0,train,blind,3.0,0,0.14822527385418105,0.065557399300731,0.10926231776634972,0.09319132759730686,0.013122860794286848,0.016143365509839237,1.5240856082369594,1.6104370358099998,0.06499252799842005,-0.21013199565005697,0.3869847769963501,0.2719665271966527,1.6104370260122982,0.0,239
1,eval,blind,3.0,0,0.034930997800481874,0.005050788478279573,0.008417980146096779,0.0,0.0,0.004660186930618026,0.4287579159357558,0.4240086165307456,0.005050788473910954,-0.07611862165531084,0.187542657052138,0.41841004184100417,0.4240086192003304,0.0,239
2,eval,blind,3.0,0,0.22391452780090834,0.07212590974077064,0.12020982754862515,0.132179537764653,0.0,0.006697015055537099,0.42429974170160095,0.6323772078403369,0.07212590924216966,-0.0970341444140775,0.1808659010653135,0.702928870292887,0.6323772080876003,0.0,239
3,eval,blind,3.0,0,0.36491424218167223,0.17284185840976515,0.2880697116856499,0.3246481574479506,0.0,0.011085580878552034,0.4651841891609974,1.0224430555454358,0.1728418575621161,-0.1608350850057324,0.40419597020683107,0.24686192468619247,1.0224430686261938,0.0,239
4,eval,blind,3.0,0,0.1445073664815396,0.0718056934152879,0.11967613582680342,0.10289083340177975,0.0,0.007169151269035827,0.43904897034417634,0.6413948739173522,0.07180569258620928,-0.10089564364755008,0.16691889967061338,0.6192468619246861,0.6413948742737705,0.0,239
5,eval,blind,3.0,0,0.3308880599050015,0.11745063576051343,0.1957510195078532,0.23069608379856812,0.0,0.008409679665670546,0.43616395222342663,0.7915514205664271,0.11745063589837608,-0.11492271770169796,0.16979732336271106,0.799163179916318,0.7915514249790402,0.0,239
6,eval,blind,3.0,0,0.4532820635336884,0.17568573225364323,0.29280950039964065,0.33701027200311795,0.0,0.010504017877256085,0.43342188387236336,0.983924739218656,0.1756857313953466,-0.13969260960072485,0.22318169678625482,0.7364016736401674,0.9839247434560282,0.0,239
7,eval,blind,3.0,0,0.009418925725383427,0.0014035618878171217,0.002339269630568931,0.0,0.0,0.004504800787065022,0.4189806786603509,0.4138664962669297,0.0014035618918813073,-0.06447367910178015,0.07946823347873824,0.7824267782426778,0.4138664936655033,0.0,239
8,eval,blind,3.0,0,0.2364117139628913,0.07332883523990687,0.12221470193314367,0.1356028925674231,0.0,0.006815575922461359,0.4201911941607128,0.63521486801333,0.07332883558021011,-0.09507684809995212,0.14104276091278672,0.7866108786610879,0.6352148679896759,0.0,239
9,eval,blind,3.0,0,0.5020820002946379,0.20595389556642296,0.343256432272873,0.3767592266638409,0.0,0.011804366837427114,0.45537988062184226,1.096279162929148,0.20595389496333286,-0.17984997919844853,0.550402089082762,0.17154811715481172,1.096279159200779,0.0,239
10,eval,blind,3.0,0,0.000463527011177035,8.0516741740265e-05,0.00013419456889735492,0.0,0.0,0.004612061505841099,0.41240789220672275,0.412285352725863,8.051673132864365e-05,-0.06958049882361991,0.13501884328911837,0.5313807531380753,0.4122853532252221,0.0,239
11,train,blind,3.0,0,0.6879501485824585,0.368054366260767,0.6134238466620445,0.6418181836605072,0.02909090995788574,0.024541421085596083,1.5534063816070556,2.0618297481536865,0.3674793437123299,-8.303292495420315,0.6740425531914893,0.04,2.0618297613100736,0.04,25
12,train,blind,3.0,0,0.4671610229562556,0.21823647763295378,0.363727406786052,0.3624952453574376,0.024343857705343717,0.019938821325694293,1.554991119077515,1.8137141134449628,0.21771793449462093,-0.25501969945673814,0.6012938069378913,0.12133891213389121,1.8137141155733094,0.0,239
13,train,blind,3.0,0,0.40235948536471244,0.17407131216491337,0.2901188100451432,0.29136553805742305,0.014263979124224835,0.01910100467931713,1.5867758782338897,1.7721418553815227,0.1738126909217632,-0.24297287860577002,0.4911718448618654,0.20502092050209206,1.7721418560989441,0.0,239
14,train,blind,3.0,0,0.5008256440260959,0.19964311809897511,0.3327384848574081,0.27767211791112334,0.05192088363809067,0.01701079067388339,1.4542942982338463,1.5904683385932794,0.1962839676436876,-0.23332398449912653,0.5258909759933529,0.17154811715481172,1.590468333570673,0.0,239
15,train,blind,3.0,0,0.48708752257839305,0.21911175718806708,0.3651862126106794,0.32483834196583494,0.06941803080267488,0.018203341365094338,1.458887936430496,1.667684761799529,0.21397423658150522,-0.2564527280577671,0.5982966853615834,0.13807531380753138,1.6676847496708374,0.0,239
16,train,blind,3.0,0,0.30694783156671684,0.12105439220974087,0.20175729164595593,0.17459109980441537,0.009319133027826892,0.0186932985787767,1.7390811323620785,1.7709617300512401,0.12087843113336953,-0.2173236239563467,0.2847562242203033,0.4351464435146444,1.7709617377173068,0.0,239
17,train,blind,3.0,0,0.4634686815016611,0.18113238834838088,0.3018872695433723,0.25408900781655414,0.011791556076025863,0.018614537196592368,1.7797377109527588,1.7506714051737446,0.18084788972657528,-0.21867035784418773,0.31941600640968565,0.38493723849372385,1.7506714055473835,0.0,239
18,train,blind,3.0,0,0.36852381268091683,0.13649472179333705,0.22749117565204663,0.17687333609020361,0.006276150814658927,0.01881819246161464,1.827517709971472,1.7686097257805669,0.13636613483077367,-0.21277035759544435,0.2510756995756551,0.46443514644351463,1.7686097282264626,0.0,239
19,train,blind,3.0,0,0.3538667886901772,0.12419019428979401,0.20698362674939672,0.16831494874036462,0.00475465964572699,0.018030990658437045,1.8691620721976627,1.7557791995204144,0.12409036663053051,-0.21415892455101065,0.2996824831597377,0.3389121338912134,1.7557792016389544,0.0,239
20,train,blind,3.0,0,0.3825699220520223,0.13295701463321014,0.22159499676636796,0.16717383034807867,0.0032331686014909623,0.01866678364485284,1.890262637677053,1.753574919501109,0.13287591759252332,-0.2080171591142304,0.2285231015757144,0.4351464435146444,1.7535749142671293,0.0,239
21,train,blind,3.0,0,0.38597856810663256,0.1436506986226419,0.23941779805820534,0.19589197398728406,0.013693419896907887,0.018898638043256484,1.8596509291038354,1.7746372587012447,0.14312453799387614,-0.23135731999009126,0.4102792367726045,0.24267782426778242,1.7746372692972447,0.0,239
22,train,blind,3.0,0,0.012006890569388804,0.005853159627431485,0.009755265552740033,0.0,0.0,0.019284786181095755,1.8740267728661892,1.860859653939762,0.005853159499569468,-0.21264872297812454,0.15249710673907238,0.39330543933054396,1.8608596481148652,0.0,239
23,train,blind,3.0,0,0.49975553764743685,0.17407341350171843,0.29012232178858205,0.18562190995306152,0.003993914154782953,0.017155877708079425,1.9340134674535137,1.6547387150042228,0.17396335076353422,-0.20056986176134634,0.23582302145464254,0.4100418410041841,1.6547387070770712,0.0,239
24,train,blind,3.0,0,0.4288286743681341,0.15125616095565228,0.25209356914085645,0.19589197367554428,0.014644351838522874,0.016975626826800688,1.8086717437999518,1.6362798622961323,0.15040040066372334,-0.2350098882626456,0.5313214041959703,0.20920502092050208,1.6362798518018844,0.0,239
25,train,blind,3.0,0,0.06536319171795504,0.022465492616765344,0.03744248580936465,0.0003803727766459956,0.0,0.017666256861862527,1.8322736758068516,1.78469057262692,0.022465492494352684,-0.20188084188685354,0.12050802694441971,0.4895397489539749,1.7846905772053239,0.0,239
26,train,blind,3.0,0,0.475447956226714,0.15849702781668834,0.26416168392808315,0.17173830335609086,0.007607455532919911,0.01701343401674197,1.8549433053786784,1.6623105288300055,0.15825707846189407,-0.2087804729554099,0.3100091990860263,0.3598326359832636,1.662310536426216,0.0,239
27,train,blind,3.0,0,0.32300136876191454,0.10114556926979185,0.16857593154193,0.11734499804145622,0.0034233549898139604,0.017105645420240182,1.84278549758959,1.69394334988614,0.10106504023054158,-0.19862195582239286,0.1762070091100626,0.46443514644351463,1.6939433453115667,0.0,239
28,train,blind,3.0,0,0.020964593625584595,0.0074041659137193665,0.012340275604907662,0.0,0.0,0.016912800113760153,1.7712052866005998,1.7580962929266766,0.007404165957375112,-0.19622413161830518,0.06887444731297665,0.6192468619246861,1.7580962914196558,0.0,239
29,train,blind,3.0,0,0.21976545920194163,0.06467998708715461,0.10779996876744043,0.05135032360025031,0.0019018638832299778,0.01634702545680324,1.7859596288353827,1.7056434595934018,0.06464614440637013,-0.19364283123810572,0.11018131101813111,0.5648535564853556,1.7056434574583388,0.0,239
30,eval,blind,3.0,0,0.24058936510885828,0.06667880009286005,0.11113132407937358,0.03613541315789003,0.0,0.011252223134087594,1.5261255567542678,1.3922247015033307,0.0666787997474195,-0.15100683782090124,0.027092792070981336,0.9539748953974896,1.392224708837653,0.0,239
31,eval,blind,3.0,0,0.0034414877965033177,0.0015035332814085484,0.0025058886157197755,0.0,0.0,0.012312968518725249,1.4406187284940457,1.4369607854587763,0.0015035333129478458,-0.15909761670940095,0.024244042849936198,0.8661087866108786,1.4369607869057557,0.0,239
32,eval,blind,3.0,0,0.42045798061068984,0.1416181377718816,0.23603019628344515,0.18352985924507284,0.0,0.012045187633055959,1.5285231977327098,1.3137803022831553,0.14161813720046015,-0.19821085220946008,0.4712009258434969,0.3682008368200837,1.3137803009335192,0.0,239
33,eval,blind,3.0,0,0.4023595106228796,0.1196973495606772,0.1994955573096666,0.11962723376611287,0.0,0.011164993139287791,1.5954811343588091,1.3360026881535183,0.11969734873505389,-0.1755464570140594,0.32962402445176425,0.4351464435146444,1.3360026895467458,0.0,239
34,eval,blind,3.0,0,0.501817049438165,0.15679628724697126,0.26132711642796846,0.14853556404303309,0.0,0.011017287925478056,1.663938463482398,1.323917294521212,0.15679628627461106,-0.1992126437499668,0.5938751891747532,0.02092050209205021,1.3239172892306397,0.0,239
35,eval,blind,3.0,0,0.4891325118103957,0.13635690988620006,0.22726149145836108,0.11373145946897723,0.0,0.01027164174532167,1.5830953729701343,1.303463789334357,0.13635690890391533,-0.15306572570324736,0.08074423573399804,0.7698744769874477,1.303463789015461,0.0,239
36,eval,blind,3.0,0,0.0012663892698259907,0.0005184924796530022,0.000864154119877472,0.0,0.0,0.012312067789512698,1.4406410375898353,1.4398623904423733,0.0005184924890904368,-0.15667194795465386,0.0,1.0,1.4398623868543816,0.0,239
37,eval,blind,3.0,0,0.1371777911142497,0.0391230495580473,0.06520508042883487,0.0,0.0,0.011503383930320521,1.4924928623263307,1.4230132058075782,0.03912304952331146,-0.15250014006279689,0.0,1.0,1.4230132051186521,0.0,239
38,eval,blind,3.0,0,0.2615026996800263,0.07954193523494506,0.13256987762505557,0.060289082666820065,0.0,0.011501412002845164,1.5502435437804984,1.3878858552068847,0.07954193485519487,-0.16792884680880346,0.20804771654945245,0.6192468619246861,1.3878858489964376,0.0,239
39,eval,blind,3.0,0,0.167300184708377,0.04937438626172582,0.08229063807793788,0.0001901863883229978,0.0,0.011366716239242873,1.530429971766771,1.4129813774859057,0.04937438599945647,-0.1535678047398381,0.007210896465770498,0.8535564853556485,1.4129813883194917,0.0,239
40,train,blind,3.0,0,0.3893441522848197,0.12083239490465565,0.2013873005927818,0.13883605998430293,0.005325218873043938,0.01668869296310929,1.7566137715363603,1.6730920021504039,0.1207222010244744,-0.20760425577007058,0.31953470429389597,0.3179916317991632,1.6730920048020619,0.0,239
41,train,blind,3.0,0,0.5016285056306393,0.15128792134134555,0.2521465139959892,0.12419170870691164,0.006656523591304923,0.01717332441546802,1.7720897452103044,1.6705314422252289,0.1511477194361147,-0.20260731563783665,0.25546752129143296,0.3472803347280335,1.6705314359730254,0.0,239
42,train,blind,3.0,0,0.046663172881091675,0.013177544795272682,0.02196257374192835,0.0009509319416149889,0.0001901863883229978,0.016205752911396854,1.7607784555546908,1.7497762810735025,0.01317031232927654,-0.20263905021807654,0.16457461645746163,0.5564853556485355,1.7497762811188227,0.0,239
43,train,blind,3.0,0,0.002674004892043177,0.0009698972888099698,0.001616495425745194,0.0,0.0,0.01581029256875919,1.7039851102370098,1.7025736956915596,0.0009698971946335059,-0.19989260555702842,0.191133268049497,0.48535564853556484,1.7025736891692709,0.0,239
44,train,blind,3.0,0,0.11274788101110218,0.027626163292997753,0.04604360294449701,0.0013313046559130298,0.0003803727766459956,0.015360886930530913,1.7529102893055233,1.7244358698693278,0.027593867741564446,-0.21033410811300954,0.2722039229650731,0.42677824267782427,1.7244358790039755,0.0,239
45,train,blind,3.0,0,0.31099300983821715,0.11091934969858792,0.1848655590599253,0.13921643201277345,0.029859262904362697,0.016082050415168997,1.673946950724933,1.6787178658541277,0.10883492989505916,-0.22285269664686363,0.3693284667200807,0.301255230125523,1.678717860671685,0.0,239
46,train,blind,3.0,0,0.001494409176462552,0.0003432784442072364,0.0005721307153717097,0.0,0.0,0.016336446729289935,1.7607809045823548,1.7606083798109238,0.00034327848124155624,-0.21155087976940934,0.24994806967565802,0.39748953974895396,1.7606083811306565,0.0,239
47,train,blind,3.0,0,0.0034414877965033177,0.001025787266793882,0.0017096453861900408,0.0,0.0,0.016047659550236234,1.7551779447739095,1.7548790860874384,0.0010257872559408321,-0.21200753567845154,0.26128371761773345,0.4225941422594142,1.7548790761754982,0.0,239
48,train,blind,3.0,0,0.4085878510234286,0.1255885110641205,0.20931416423038446,0.12723468986016437,0.007797641921242909,0.016966706362969892,1.765370940563569,1.746431343725037,0.12542994286215395,-0.22711903076696516,0.4271640108015075,0.26359832635983266,1.7464313393036044,0.0,239
49,train,blind,3.0,0,0.003041941807975517,0.0010731376588946622,0.0017885627546766578,0.0,0.0,0.015824116129334626,1.7269755601882935,1.7263949745369755,0.0010731376129784987,-0.2207261374177182,0.38469984272530344,0.3305439330543933,1.72639496839437,0.0,239
50,train,blind,3.0,0,0.11611346518928935,0.026305935382700544,0.04384322320292538,0.005135032484720941,0.0032331686014909623,0.015484451300710066,1.7114599678805682,1.6978030858179516,0.026074613849723163,-0.22254979433273614,0.4469272085225081,0.24686192468619247,1.697803080314311,0.0,239
51,train,blind,3.0,0,0.16342433874363083,0.04713747019544156,0.07856244556730024,0.026816280005367232,0.0017116774949069802,0.01725077001518223,1.7555197332693444,1.7488306406651581,0.04711585419948937,-0.2336271869500068,0.4500727024540787,0.2594142259414226,1.7488306381584857,0.0,239
52,train,blind,3.0,0,0.0,0.0,0.0,0.0,0.0,0.01693016620524321,1.7711792909949395,1.7711792909949395,0.0,-0.22300518817491763,0.3533042523517018,0.3305439330543933,1.771179292330884,0.0,239
53,train,blind,3.0,0,6.514794980351147e-05,1.1981508243297106e-05,1.9969179710372307e-05,0.0,0.0,0.016940859818605075,1.784358263015747,1.784351824716544,1.1981538382201031e-05,-0.22709125020347454,0.3721475414700733,0.3179916317991632,1.7843518194233419,0.0,239
54,train,blind,3.0,0,0.34251425579287914,0.09370706535660381,0.1561784294122639,0.07436287571446168,0.008368201086211903,0.016294328145152855,1.758507000851332,1.7214437371517326,0.09345047895446011,-0.21314689169305218,0.3041633282886733,0.3389121338912134,1.7214437355833574,0.0,239
55,train,blind,3.0,0,0.4811274396703373,0.131801679110589,0.21966944502607655,0.0952833780559037,0.023963484928697723,0.0152164624524634,1.6786617881084587,1.59363047547919,0.13039113517222164,-0.22684692979717389,0.569690495266922,0.11715481171548117,1.593630477164031,0.0,239
56,train,blind,3.0,0,0.029798324749413897,0.008470760981059913,0.014117934262236556,0.0,0.0,0.016698148555539267,1.837512340006968,1.829615091180203,0.00847076100461925,-0.22266313248009964,0.2975755957150063,0.3514644351464435,1.8296150812284162,0.0,239
57,train,blind,3.0,0,0.15576161381352116,0.04100259025083128,0.06833764689619944,0.013313047057913936,0.0032331686014909623,0.01594610635978345,1.811021599809495,1.7489105193684789,0.04085017785889923,-0.21662251507607252,0.32318466423336,0.28870292887029286,1.7489105131694411,0.0,239
58,train,blind,3.0,0,0.4836600335450891,0.13083481967807994,0.21805801392403135,0.10441232488245146,0.00950931941614989,0.015267175859011804,1.8608157874151254,1.6940621017910946,0.1306182920977552,-0.20214711366827398,0.21929434107837026,0.4393305439330544,1.6940620992299331,0.0,239
59,train,blind,3.0,0,2.1493512025067902e-05,9.163598600379483e-06,1.5272665135640354e-05,0.0,0.0,0.016937394061410278,1.8669080163145664,1.8668901169649228,9.163560150444477e-06,-0.21882458056117993,0.19499094928632899,0.4309623430962343,1.866890117437015,0.0,239
60,eval,blind,3.0,0,0.053267700141298224,0.018225349152884953,0.030375580277311454,0.0026626093118260596,0.0,0.016322204030691706,1.7446838774441675,1.7039059191069343,0.018225349069165776,-0.20890022901114877,0.2955874061544853,0.29707112970711297,1.703905922603913,0.0,239
61,eval,blind,3.0,0,0.05794354536329254,0.018483704153219895,0.030806172009685103,0.003993914154782953,0.0,0.016053448036648175,1.76838546542443,1.73835055872985,0.018483704288327428,-0.20768752313023542,0.22502151399151313,0.4393305439330544,1.7383505596162407,0.0,239
62,eval,blind,3.0,0,0.4754479658978925,0.14589605725659682,0.24316006636239246,0.13065804484997834,0.0013313047182609845,0.01315863398157029,1.732942496882323,1.407902861115324,0.14585052009701882,-0.2251395423312965,0.6474079349535596,0.08368200836820083,1.4079028618062477,0.0,239
63,eval,blind,3.0,0,0.06794360041903054,0.0221694296937488,0.03694904753906656,0.0030429820884720553,0.0,0.016201820761300466,1.7544213510956226,1.7063845772623516,0.022169429553070136,-0.20796546512181258,0.2634202795335173,0.3263598326359833,1.7063845663831778,0.0,239
64,eval,blind,3.0,0,0.4023595106228796,0.11303340039899679,0.1883889776227117,0.09699505742124932,0.0009509319416149889,0.013845106062701432,1.7905053613574933,1.49327225490594,0.11300882067453473,-0.21149780918128494,0.5236653906644114,0.12133891213389121,1.4932722540711467,0.0,239
65,eval,blind,3.0,0,0.5015085087071692,0.14232562608663388,0.2372093536807872,0.09585393921600725,0.002852795824844967,0.011608782000294166,1.8070810389818008,1.4196854106551933,0.1422145784692863,-0.20352211828515188,0.5835781477195169,0.058577405857740586,1.4196854126342695,0.0,239
66,eval,blind,3.0,0,0.0020282095075691135,0.000924306224371481,0.0015405103169320975,0.0,0.0,0.017117886328641092,1.7446408700743479,1.7429174918011143,0.0009243062165018783,-0.21193318348472673,0.2672482862992967,0.36401673640167365,1.7429174773872842,0.0,239
67,eval,blind,3.0,0,0.14082453795319042,0.04133744300399721,0.06889573560639677,0.0,0.0,0.01593519585542225,1.775245737331183,1.716413134810316,0.04133744388173951,-0.20646249977069017,0.25217365500459954,0.26359832635983266,1.7164131332330972,0.0,239
68,eval,blind,3.0,0,0.4891325045084395,0.13972505784662811,0.23287507092782223,0.10973754543889018,0.0011411183299379866,0.011157101320266474,1.8239229049642713,1.4493530580937612,0.13969921207993835,-0.2091437506241173,0.538116858067005,0.15481171548117154,1.4493530614262935,0.0,239
69,eval,blind,3.0,0,0.3347918485875449,0.09041411458625688,0.15069017194210388,0.09205021057667592,0.0,0.013506265361033474,1.7934882528612304,1.533584160784797,0.09041411374845623,-0.20308544863752417,0.4199827888067896,0.1589958158995816,1.5335841648283008,0.0,239
70,train,blind,3.0,0,0.31902109559870884,0.08998047269819626,0.14996743794492973,0.07892734940830134,0.009699505804472887,0.01601271390930504,1.8893207481216685,1.7092251384856811,0.0895376321077987,-0.21707103493624338,0.36787441763850554,0.20920502092050208,1.7092251509175413,0.0,239
71,train,blind,3.0,0,0.25732146626996916,0.0728882372489934,0.12148038431635286,0.05344237393415124,0.0034233549898139604,0.016467482882267386,1.9753088252813746,1.839183479173413,0.07281423304437598,-0.20838931828467486,0.12101249295231312,0.4811715481171548,1.8391834608976996,0.0,239
72,train,blind,3.0,0,0.01200688445204372,0.0047942625729378826,0.007990437049370466,0.0,0.0,0.017075642666713214,1.9153564285533697,1.9053892136617685,0.004794262493343777,-0.21902767266359954,0.1688180658179768,0.47280334728033474,1.9053892151706087,0.0,239
73,train,blind,3.0,0,0.49099224892631954,0.14021249031562188,0.23368746213008265,0.10574362885253699,0.008748573862857899,0.01572496438434028,2.012042281019139,1.7435257554553043,0.1400049046129105,-0.20103232984872807,0.13967773524436924,0.5188284518828452,1.7435257482345514,0.0,239
74,train,blind,3.0,0,0.2573214347770065,0.0734662104863917,0.12244367589520157,0.037656903890386284,0.002662609436521969,0.01666092919088339,1.981534217690823,1.8412295036236113,0.07339646544506692,-0.21248172749183858,0.15383245793643727,0.5732217573221757,1.8412295028265095,0.0,239
75,train,blind,3.0,0,0.4769458410955545,0.14108797303454454,0.23514659804498186,0.12114872580791618,0.014073792735901836,0.015440523625394352,2.0232131850270547,1.698415636018729,0.14062007644371918,-0.20951170936908506,0.29582480192290567,0.301255230125523,1.698415631522489,0.0,239
76,train,blind,3.0,0,7.168495677855786e-07,8.688515526384786e-08,1.4480857434779967e-07,0.0,0.0,0.017927295084123083,1.9640032167714012,1.964003032221455,8.686753618238673e-08,-0.21892805880778282,0.09528472654974925,0.5439330543933054,1.9640030351144573,0.0,239
77,train,blind,3.0,0,0.21976545920194163,0.07008503077692492,0.11680837289621872,0.05876759199667177,0.008938760188832941,0.016653131706266037,1.9949457620477078,1.8332385550483001,0.06952037469488295,-0.23099071978092584,0.3683492091753465,0.1799163179916318,1.8332385467727181,0.0,239
78,train,blind,3.0,0,0.26150266818706364,0.07908512219895875,0.13180852461414835,0.06238113349950463,0.005325218873043938,0.016334242554708816,2.0371519332151533,1.859007298198205,0.07899463802082152,-0.21429660677635856,0.18594023561530015,0.39748953974895396,1.8590073077370042,0.0,239
79,train,blind,3.0,0,0.2698529906927464,0.08281224892218013,0.13802040173274185,0.06732597915946689,0.003613541378136958,0.016621999391919648,2.025302602157433,1.853227833823679,0.08273344271711344,-0.21147189666980787,0.13460340069438262,0.4769874476987448,1.8532278338838748,0.0,239
80,train,blind,3.0,0,0.4955261337087284,0.15394537415933016,0.256575594065934,0.1551920883201655,0.01635602939577781,0.014960661078472017,2.0201070054305648,1.6598379008440791,0.1532882138633483,-0.22072509656772457,0.4820617822487314,0.09205020920502092,1.6598379060251225,0.0,239
81,train,blind,3.0,0,0.37911919344205136,0.11445573998649121,0.19075954265893236,0.13997717744136953,0.0260555352002507,0.01559861368503593,1.928601392143441,1.6773501887730475,0.11264027906778423,-0.23514629323616482,0.49734413484079654,0.24267782426778242,1.6773501794180676,0.0,239
82,train,blind,3.0,0,0.4769458410955545,0.14576476941573327,0.24294125634838246,0.12742487656022713,0.016165843007454814,0.01633922857228495,2.0358652604673697,1.7537209324258143,0.14527215502114293,-0.21033341334001787,0.25487403187038193,0.3472803347280335,1.7537209282071935,0.0,239
83,train,blind,3.0,0,0.47839141184577105,0.1408564782932254,0.23476077556752825,0.12038798006758031,0.019589197997268774,0.01539142736892321,1.9420929279287489,1.6824288520354107,0.14002701712949553,-0.20815916406793603,0.2991780171518442,0.3138075313807531,1.6824288575502784,0.0,239
84,train,blind,3.0,0,0.4997555405538623,0.14601700981009375,0.2433616616231025,0.10631418807985393,0.008748573862857899,0.015439077741252142,1.9422362638816675,1.726229452937218,0.14580008103346614,-0.20503618565672396,0.22027359862310456,0.4225941422594142,1.7262294401711233,0.0,239
85,train,blind,3.0,0,0.5019918537838604,0.15045152062514994,0.2507525096677519,0.12324077564303346,0.019208825220622776,0.015096025476154237,1.895202957935413,1.6594595607354552,0.1495295743809959,-0.20996180564488562,0.346716519778035,0.2803347280334728,1.6594595629490867,0.0,239
86,train,blind,3.0,0,0.010237411712357194,0.003343463403367446,0.0055724386169854504,0.0,0.0,0.016864624458937966,1.8596641613349756,1.8550362492206207,0.0033434632407848028,-0.2163700184784909,0.18264636932846673,0.497907949790795,1.8550362567290932,0.0,239
87,train,blind,3.0,0,0.1712039733909204,0.04626133533555841,0.07710222157626072,0.02034994286473326,0.003993914154782953,0.015722089253217917,1.8445543998454903,1.7751832162984744,0.046114972949409895,-0.21627326910377442,0.29591382533606336,0.3138075313807531,1.7751832163067964,0.0,239
88,train,blind,3.0,0,0.5017308984838317,0.1403059499359671,0.23384322937493088,0.08387219519295952,0.008368201086211903,0.015400702603332792,1.8805716192373172,1.6797341607105782,0.1401012580313953,-0.1951355353695761,0.14914389151013385,0.5271966527196653,1.6797341622833029,0.0,239
89,train,blind,3.0,0,0.43414843287689137,0.1330287209868752,0.22171451449426496,0.12913655361869844,0.019589197997268774,0.01606227579296695,1.8402694219325875,1.6818227064659406,0.13219419970551202,-0.21054155841284591,0.30710110092287596,0.2803347280334728,1.6818227071739489,0.0,239
90,eval,blind,3.0,0,0.017240600663365867,0.006161631409900319,0.010269385398836577,0.0,0.0,0.012436058789211087,1.4199250417773195,1.4083682149025187,0.006161631589485566,-0.1589736689511682,0.06742039823140152,0.7782426778242678,1.4083682116731522,0.0,239
91,eval,blind,3.0,0,0.09973254793120946,0.02946518043517773,0.04910863167868107,0.0,0.0,0.011903437370800697,1.4577038427775875,1.3823792794758305,0.029465180666821085,-0.1610739368003592,0.1349891688180658,0.6234309623430963,1.3823792815005407,0.0,239
92,eval,blind,3.0,0,0.44882433315462367,0.12070936761791846,0.201182254131313,0.10764549510498925,0.002662609436521969,0.011079617982504258,1.5920223182215352,1.289404188988099,0.1207000175051678,-0.15739028428596302,0.1941303896258049,0.5732217573221757,1.289404185309533,0.0,239
93,eval,blind,3.0,0,0.34633044898022886,0.0992065390313975,0.16534421299611,0.08577405776688245,0.008748573862857899,0.011537067305733095,1.5181133866808902,1.3238708519037798,0.09908076793633798,-0.16933602144941526,0.2816404047597852,0.5271966527196653,1.3238708539669095,0.0,239
94,eval,blind,3.0,0,0.12297281284996057,0.03352893339649036,0.05588155175618526,0.0038037277664599556,0.0,0.012117753547682547,1.4437346258921604,1.3961153155091417,0.033528933199430636,-0.15894516200692274,0.03299801181043948,0.7112970711297071,1.3961153158586783,0.0,239
95,eval,blind,3.0,0,0.03145542497177721,0.009767344891226161,0.016278907006947913,0.0,0.0,0.012389387471687096,1.4191931825302635,1.4110857348063002,0.009767344661013644,-0.15304355915696982,0.007477966705243479,0.9414225941422594,1.4110857398190626,0.0,239
96,eval,blind,3.0,0,1.0033001283974734e-05,2.9442611220585005e-06,4.907101809210826e-06,0.0,0.0,0.012588124278013178,1.4170487675207928,1.4170399609968751,2.9442436475828914e-06,-0.1578237911890621,0.00851657319208285,0.891213389121339,1.4170399562092442,0.0,239
97,eval,blind,3.0,0,0.0023364927420596237,0.0009435658086438091,0.0015726096103226993,0.0,0.0,0.012563606564376394,1.4079817393833622,1.4061064071735079,0.0009435657915042101,-0.1600509323705051,0.09190183684975814,0.6443514644351465,1.4061064083953128,0.0,239
98,eval,blind,3.0,0,0.15576161381352116,0.04227937407617844,0.07046562021566681,0.0,0.0,0.01171100280290493,1.4789790917639951,1.3841300404720227,0.04227937408467213,-0.15378900179433166,0.03056470518413009,0.7447698744769874,1.3841300463431776,0.0,239
99,eval,blind,3.0,0,0.21150077816593815,0.05689529734319047,0.09482548925984226,0.010840623885019055,0.0024724230481989714,0.011473994427380079,1.5041083606217196,1.3547687932038408,0.05684793988922484,-0.1668967898292438,0.21778094305469003,0.6317991631799164,1.3547687990326895,0.0,239
100,train,blind,3.0,0,0.007217877699358381,0.002815414913715678,0.004692357995698475,0.0,0.0,0.016309252180252615,1.7801007950156305,1.7761363544224695,0.0028154148655390966,-0.20417852073780757,0.14068666726015608,0.46443514644351463,1.7761363658542653,0.0,239
101,train,blind,3.0,0,0.0038738003089876893,0.001188799500383257,0.001981332373235932,0.0,0.0,0.015985431964022096,1.786121098067471,1.784735746962256,0.0011887994575799246,-0.2072233466690166,0.17733463901005966,0.48535564853556484,1.78473574610787,0.0,239
102,train,blind,3.0,0,0.051011509713621825,0.013466631096060033,0.022444383939149718,0.0,0.0,0.015913766323662825,1.736921475522189,1.7169415432040163,0.013466631211866488,-0.20794481064849832,0.25641710436511467,0.4309623430962343,1.7169415534547883,0.0,239
103,train,blind,3.0,0,3.939117242876347e-05,1.4318131860472246e-05,2.3863551649654666e-05,0.0,0.0,0.016217834857841916,1.772596571235976,1.7725769311314348,1.4318115755946816e-05,-0.20686440729076366,0.17252737469954596,0.4769874476987448,1.772576926912294,0.0,239
104,train,blind,3.0,0,0.02819466484402731,0.007065149614029461,0.011775248873970695,0.0,0.0,0.016508113166169267,1.7290467053776506,1.721432767153784,0.007065149606806779,-0.20209830904478274,0.18205287990741564,0.4686192468619247,1.721432778427985,0.0,239
105,train,blind,3.0,0,0.3308880299083897,0.09390955589303634,0.1565159107551275,0.07816660316918185,0.004944846096397943,0.015674434847755662,1.733331896271167,1.6784332634016061,0.09376580115628054,-0.205409675581337,0.2656458648624588,0.37656903765690375,1.6784332603731205,0.0,239
106,train,blind,3.0,0,1.0033001283974734e-05,2.5894618808695167e-06,4.315769360020803e-06,0.0,0.0,0.015880455664323962,1.7290253768904937,1.7290266298349932,2.5894548180152637e-06,-0.20465193591930048,0.2019941244547316,0.5062761506276151,1.7290266348061762,0.0,239
107,train,blind,3.0,0,0.004340025042008344,0.0014190505487505453,0.0023650841234880452,0.0,0.0,0.016022460502046296,1.7298706660210836,1.7288764036848954,0.0014190504999650974,-0.19995349768968965,0.15234873438380964,0.49372384937238495,1.7288763987398306,0.0,239
108,train,blind,3.0,0,0.08452669602320004,0.024172929988441966,0.04028821437066532,0.004564473319751947,0.0005705591649689933,0.015666882406187608,1.7208632869201723,1.7086140316400569,0.024160318718013628,-0.19606618642216622,0.12911362354966022,0.5857740585774058,1.7086140292085503,0.0,239
109,train,blind,3.0,0,0.017240593236713734,0.00514946353205727,0.008582438672507336,0.0,0.0,0.01597955252460855,1.7183718773610421,1.7129874546158763,0.005149463436168369,-0.20774656547188639,0.24703997151250778,0.46443514644351463,1.7129874455279603,0.0,239
110,train,blind,3.0,0,1.0033001283974734e-05,3.828322455222683e-06,6.380536745469939e-06,0.0,0.0,0.016685710978308482,1.716657405119062,1.7166590251683191,3.8283244035962705e-06,-0.20163241286791908,0.18329920769162292,0.502092050209205,1.7166590298171738,0.0,239
111,train,blind,3.0,0,0.00014589538669387058,5.8055441395747846e-05,9.675906610586992e-05,0.0,0.0,0.01665050348765743,1.7253803638234797,1.7252848976326787,5.805546231032057e-05,-0.19651637929738283,0.10110092287604973,0.5899581589958159,1.7252849080063515,0.0,239
112,train,blind,3.0,0,0.4260901446999406,0.13335815087340663,0.2222635603757226,0.13902624606088615,0.013122860794286848,0.016914556008494737,1.7246073831075406,1.6609147812033298,0.13303627095365872,-0.20745866933179502,0.31066203744918247,0.3807531380753138,1.6609147800010895,0.0,239
113,train,blind,3.0,0,0.40235948536471244,0.14770965285695553,0.24618272562367574,0.1871434001867741,0.012742488017640852,0.017457951049254156,1.6701161564643412,1.6732008434738574,0.14734142388317126,-0.20954377292521686,0.29772396807026913,0.4225941422594142,1.6732008421717897,0.0,239
114,train,blind,3.0,0,0.478391402922768,0.14989925491468684,0.24983206784023904,0.1422594145376812,0.006466337202981925,0.016718737812221798,1.7422743035659631,1.6516097956122713,0.1497710306794414,-0.20619420563355012,0.3273390901807175,0.34309623430962344,1.651609786357886,0.0,239
115,train,blind,3.0,0,0.019673128869098604,0.005860661579653154,0.009767768728969596,0.0,0.0,0.016407383321375278,1.7299224971228564,1.7221951340032922,0.005860661549011935,-0.2010051684353454,0.15119143001276,0.5313807531380753,1.7221951287209445,0.0,239
116,train,blind,3.0,0,0.3720951933817057,0.12007290989751869,0.20012149389410172,0.1323697220954935,0.006656523591304923,0.01673015925222735,1.7507065285199856,1.6611687508587059,0.1199387739275248,-0.1976281711667743,0.19825514110210984,0.4686192468619247,1.6611687445844008,0.0,239
117,train,blind,3.0,0,3.583932445953487e-06,9.09164635109945e-07,1.5152743106676757e-06,0.0,0.0,0.017724429580644085,1.7422495352174447,1.7422491930518689,9.091628998397191e-07,-0.19529320236832737,0.07727232262084928,0.606694560669456,1.742249192233808,0.0,239
118,train,blind,3.0,0,0.426090166965406,0.13938898598950256,0.23231494650811568,0.17097755786514682,0.005135032484720941,0.016684685345684572,1.7856460251069968,1.6882494401233465,0.13927061248019168,-0.2024491687097912,0.23338971482833318,0.4895397489539749,1.6882494366047132,0.0,239
119,train,blind,3.0,0,0.1712039733909204,0.06914610777503984,0.1152435018608291,0.06827691172456143,0.010460251233068969,0.017668423667612437,1.7129113898616455,1.703666783276961,0.06839216443533823,-0.22575854944214702,0.3798925784147898,0.29707112970711297,1.7036667831203876,0.0,239
120,eval,blind,3.0,0,0.5018883339752502,0.1555584056649533,0.25926397909168214,0.15481171423421244,0.0,0.012487136446149965,1.5944503037001798,1.142208138395054,0.15555840550046793,-0.1362659518655557,0.09199086026291581,0.6569037656903766,1.1422081429816389,0.0,239
121,eval,blind,3.0,0,0.010237411712357194,0.005294869661460987,0.00882478219103341,0.0,0.0,0.017341031564329458,1.4846442907923934,1.4661655056925498,0.0052948694285999,-0.1676000925436003,0.03919997626042315,0.5774058577405857,1.466165499397939,0.0,239
122,eval,blind,3.0,0,0.31501783161268476,0.09381473900451448,0.1563578760986914,0.1217192841000138,0.0,0.014644262175344586,1.548989153307352,1.29335193853498,0.09381473937610585,-0.14930647332650968,0.07445324787085669,0.7447698744769874,1.2933519423363964,0.0,239
123,eval,blind,3.0,0,0.12999683991421615,0.04606300882303943,0.07677167668851204,0.029288703552349842,0.0,0.015841365013481993,1.5138406913150804,1.3629291119934626,0.04606300866494718,-0.15324694730098942,0.02477818332888216,0.803347280334728,1.3629291123538754,0.0,239
124,eval,blind,3.0,0,0.08163402942219938,0.03175570354612459,0.05292616877430869,0.006846709730236101,0.0,0.01628160537863501,1.491808156089304,1.3808942470839831,0.031755703211065224,-0.16749447799248685,0.20677171429419272,0.4769874476987448,1.380894249835152,0.0,239
125,eval,blind,3.0,0,0.2698529906927464,0.08266675607196569,0.137777913077995,0.06751616479961443,0.0,0.01479850553568437,1.541316719234738,1.290169661513931,0.08266675600888711,-0.1574638686437831,0.10151636547078549,0.35564853556485354,1.2901696594618495,0.0,239
126,eval,blind,3.0,0,0.04055126141090673,0.01834467677267392,0.030574459324225055,0.0007607455532919912,0.0,0.016848913352998856,1.4951644118360894,1.4335625974703035,0.018344676899439978,-0.16146049244175892,0.024422089676251525,0.7196652719665272,1.4335625888999104,0.0,239
127,eval,blind,3.0,0,0.03862336533101252,0.017775821029420488,0.029626367043408614,0.0,0.0,0.016818396248328635,1.4871414311261357,1.4241929647812783,0.017775820982263758,-0.16615356730439323,0.046143802486720675,0.4393305439330544,1.4241929694034006,0.0,239
128,eval,blind,3.0,0,0.019673128869098604,0.009399739796254115,0.015666232301810246,0.0,0.0,0.01708422764107024,1.479606559087043,1.4441785261222009,0.009399739784563875,-0.1742128867855773,0.1449894655627763,0.41422594142259417,1.4441785283494568,0.0,239
129,eval,blind,3.0,0,0.05794354536329254,0.022518299172839897,0.03753049612011435,0.0009509319416149889,0.0,0.01639827708012296,1.4722719516714247,1.3897077639482012,0.022518299221275247,-0.1747702142519463,0.22801863556782104,0.4393305439330544,1.3897077685357333,0.0,239
130,train,blind,3.0,0,0.21562707504729067,0.08506796988467423,0.14177993380878157,0.09718524175208981,0.005705591649689934,0.018088644185341177,1.7562548622925411,1.7215432756615483,0.0848383071380458,-0.2110318142254014,0.27288643579928185,0.32217573221757323,1.7215432780778652,0.0,239
131,train,blind,3.0,0,0.08163405268523204,0.028269573642989054,0.04711595343356581,0.007607455532919911,0.0007607455532919912,0.017265276732040126,1.7396075221783944,1.7118945141716482,0.028230608650248776,-0.20112543780898848,0.18748330811003294,0.4393305439330544,1.7118945094223055,0.0,239
132,train,blind,3.0,0,0.42329977726598883,0.15668546144027395,0.2611424016617565,0.2012171924862403,0.019969570773914768,0.017166678261822364,1.644024266109307,1.6179888186095648,0.1557055086445167,-0.21835967447453059,0.3945814415858039,0.28451882845188287,1.6179888152859934,0.0,239
133,train,blind,3.0,0,0.00864344554228482,0.003573470374507923,0.005955783793423617,0.0,0.0,0.018157956248858485,1.772338176372161,1.7647133342391776,0.0035734703241241997,-0.19896472505739396,0.08789578325766344,0.5690376569037657,1.764713334034604,0.0,239
134,train,blind,3.0,0,0.32695747973790945,0.10795092960638403,0.17991819477655435,0.12076835303127018,0.004564473319751947,0.017671498277119387,1.7564281998319107,1.6999934465316549,0.10784931854883995,-0.2037486906308844,0.24543755007566992,0.41841004184100417,1.6999934451011103,0.0,239
135,train,blind,3.0,0,0.03862335179426082,0.010730091011077147,0.017883484589352922,0.0,0.0,0.017086171806170353,1.7024394907213156,1.6872004667086582,0.010730091066788454,-0.2016272102902694,0.21057004658891956,0.4769874476987448,1.687200470188056,0.0,239
136,train,blind,3.0,0,0.02819465429997744,0.009173501013111075,0.015289167851703067,0.0,0.0,0.016725732601992005,1.7160422557567452,1.7012309828562717,0.009173501316996468,-0.19907298511236912,0.17677082406006112,0.5230125523012552,1.7012309720339212,0.0,239
137,train,blind,3.0,0,0.04055126141090673,0.010068583219972387,0.016780971484089507,0.0,0.0,0.016070836964043864,1.658178080574738,1.6485092290774548,0.010068583187215355,-0.19748171609847667,0.22238048606783586,0.4686192468619247,1.6485092324601012,0.0,239
138,train,blind,3.0,0,0.5017308984838317,0.1824231441959261,0.3040385389711248,0.2293647780203919,0.010840624134410875,0.01860760723310815,1.6971878696186273,1.7135894551686164,0.18220624599908283,-0.2195824040430188,0.362533012849046,0.37656903765690375,1.713589454393944,0.0,239
139,train,blind,3.0,0,0.10614915428562363,0.04384612323794583,0.07307686560159397,0.03651578574749216,0.0030429822131679647,0.016990798348210222,1.657772156982741,1.6749810229784274,0.043724106874403514,-0.19685305061084782,0.1762366835811152,0.5397489539748954,1.6749810277528887,0.0,239
140,train,blind,3.0,0,0.011099784369602368,0.0027759087325994873,0.004626514288734656,0.0,0.0,0.015784379365663025,1.6457642261952037,1.6431169230568858,0.002775908750104406,-0.19534426545753866,0.20392296507314756,0.46443514644351463,1.6431169138943198,0.0,239
141,train,blind,3.0,0,0.0065658995871934805,0.001785429053890926,0.002975715029469368,0.0,0.0,0.01669918294123152,1.6626193179246271,1.6604255637364407,0.0017854292446488776,-0.1956192917068633,0.15736371999169113,0.5439330543933054,1.6604255698039971,0.0,239
142,train,blind,3.0,0,0.38934417804177057,0.14185303617921888,0.23642169803288846,0.1894256370960419,0.008178014697888905,0.017294540223918825,1.631340768546739,1.6713317188757733,0.14170158754859205,-0.2071752844860194,0.2905427460755512,0.4476987447698745,1.6713317234051093,0.0,239
143,train,blind,3.0,0,0.5020526421234931,0.2046677524848058,0.34111287890489955,0.266641308011869,0.021871434657144747,0.018213448256924437,1.5892651941486982,1.677395934839129,0.20377516199862927,-0.21798113882403958,0.3882014303095047,0.30962343096234307,1.677395938015229,0.0,239
144,train,blind,3.0,0,0.49865054549941856,0.1765711976246874,0.2942852956848621,0.19760365204332264,0.0085583874745349,0.017769755049370946,1.6239542544636267,1.6510864912715417,0.17639396660699702,-0.21651798390416607,0.4470459064067183,0.2803347280334728,1.6510865009562476,0.0,239
145,train,blind,3.0,0,0.0010625928217568533,0.00037867646829018597,0.0006311273969289512,0.0,0.0,0.0158156703292513,1.6213993894006418,1.62076339437373,0.0003786764787474723,-0.1938174670700097,0.20220184575209946,0.4895397489539749,1.620763393801794,0.0,239
146,train,blind,3.0,0,0.5015085087071692,0.16413506268006006,0.27355840949371,0.17249904971990626,0.004754659708074945,0.017699612352303443,1.6286308451177685,1.6431292484993716,0.16403805755618278,-0.21351168351842784,0.40309801477788654,0.23430962343096234,1.6431292492952057,0.0,239
147,train,blind,3.0,0,0.10942612930107716,0.037357716252863535,0.06226285514854665,0.027767211635242445,0.0011411183299379866,0.016388442299122216,1.621392642104975,1.6294084383354028,0.037325265855048265,-0.19772278229789972,0.22276625419151902,0.46443514644351463,1.629408444442173,0.0,239
148,train,blind,3.0,0,0.00020369909520827966,3.831982264946951e-05,6.38663710317103e-05,0.0,0.0,0.015606695825085979,1.6269166105461919,1.626894791255935,3.831982560247323e-05,-0.19802622301098188,0.2550520786966972,0.4351464435146444,1.6268947901034643,0.0,239
149,train,blind,3.0,0,0.07326333691171423,0.016954142004597925,0.02825690206212522,0.0001901863883229978,0.0,0.015129646648765857,1.5630168376108593,1.5631582572370393,0.016954142112728852,-0.19968823799000077,0.34446125997804095,0.28870292887029286,1.5631582519287226,0.0,239
150,eval,blind,3.0,0,0.2531380511106846,0.08002565979835381,0.13337608234355666,0.08672499064371676,0.0,0.012744287547176103,0.9768500273197764,1.0283202875608182,0.08002565976217191,-0.14474583591887713,0.226623935428351,0.24686192468619247,1.0283202953407513,0.0,239
151,eval,blind,3.0,0,0.3720951933817057,0.09937736685756764,0.16562892420230912,0.12095853873376566,0.0,0.011597608931159999,0.840440918835636,0.9860297689627404,0.0993773668111111,-0.1280015004475098,0.17166681503902192,0.7573221757322176,0.986029763635748,0.0,239
152,eval,blind,3.0,0,0.501946137909228,0.12270868428460448,0.20451444760366794,0.12742487643553124,0.0,0.010387203180733834,0.7945302671219016,0.936459700931565,0.12270868436331572,-0.11957530951774561,0.12142793554704889,0.7824267782426778,0.9364596998976967,0.0,239
153,eval,blind,3.0,0,0.0349310103396663,0.004698673700191062,0.007831122322980008,0.0,0.0,0.012546416718871274,0.9742169462487289,0.9736468754552897,0.00469867365537847,-0.1152444556651673,0.01789370604468975,0.8451882845188284,0.9736468734682503,0.0,239
154,eval,blind,3.0,0,7.168495677855786e-07,1.0607832470162534e-07,1.7679718500353925e-07,0.0,0.0,0.013064641408061134,1.014023689545348,1.0140236094905741,1.0607886507086237e-07,-0.12559514220933435,0.08762871301819046,0.6401673640167364,1.0140236067334552,0.0,239
155,eval,blind,3.0,0,0.00484126768363289,0.0008551417820732339,0.0014252362476426049,0.0,0.0,0.012760646417191462,0.9896664205455381,0.9896762872340789,0.0008551417466828543,-0.12333662505001564,0.0858185702839847,0.7280334728033473,0.9896762887702318,0.0,239
156,eval,blind,3.0,0,0.04253383616285562,0.005900271145109853,0.009833784543048316,0.0,0.0,0.012559112968024599,0.9926876974405106,0.9944985099916179,0.005900270957944215,-0.1243132773033011,0.08522508086293361,0.6652719665271967,0.9944985122656617,0.0,239
157,eval,blind,3.0,0,0.08746965989669216,0.010412832116732515,0.01735471936407517,0.0,0.0,0.012147480883015998,0.9783199928295663,0.9814122778102444,0.010412832113383747,-0.1163706956456015,0.0035906109973589716,0.9581589958158996,0.9814122713961615,0.0,239
158,eval,blind,3.0,0,0.5015085098678519,0.10848322583089201,0.18080536010509826,0.09946747828726989,0.0,0.011177092408722415,0.8871721034269453,0.9809499467765935,0.10848322514063499,-0.12978605065037124,0.16389210362325296,0.6234309623430963,0.9809499453205346,0.0,239
159,eval,blind,3.0,0,0.007217873016016257,0.001107441949719348,0.0018457364885115296,0.0,0.0,0.013198541894274525,1.0178062017991454,1.0176397721637742,0.0011074419429000402,-0.13785684023056213,0.3093563607228701,0.4351464435146444,1.0176397728413613,0.0,239
160,train,blind,3.0,0,0.023700630373153914,0.00535357909020566,0.008922631492884294,0.0,0.0,0.01612051058498262,1.621474770821288,1.6203558679405117,0.005353579228707622,-0.1885494567638225,0.136769637081219,0.5439330543933054,1.6203558546197174,0.0,239
161,train,blind,3.0,0,0.09350418227249328,0.026382882467606353,0.04397146734355454,0.015024724054037278,0.0007607455532919912,0.015960472591112225,1.6258735043234407,1.6276360695332164,0.026371219030361735,-0.19301979290781124,0.1905694530994985,0.5146443514644351,1.627636066633472,0.0,239
162,train,blind,3.0,0,0.1229728398538705,0.036878826852105355,0.06146470674470814,0.01863826549452219,0.0005705591649689933,0.016120798406522394,1.6095514965855426,1.5962072790417212,0.03685091161728965,-0.19213307794559942,0.20920502092050208,0.4811715481171548,1.5962072731816788,0.0,239
163,train,blind,3.0,0,0.4926731121291847,0.17936157558847204,0.29893592710338973,0.2217573221757322,0.010650437746087876,0.017926020224317597,1.6026439404886637,1.629087122913185,0.17899182439955497,-0.20774844954870558,0.33754710822279593,0.3598326359832636,1.6290871113188552,0.0,239
164,train,blind,3.0,0,0.20738793141458225,0.06165791871265291,0.10276318832591824,0.03385317612392633,0.0017116774949069802,0.016441047606623446,1.636631281804839,1.614792662185605,0.06162343762955982,-0.19948145873165343,0.28306477937030766,0.4393305439330544,1.6147926529840575,0.0,239
165,train,blind,3.0,0,0.03674999346555246,0.009077685449761192,0.015129475032915089,0.0,0.0,0.016675098084115957,1.6566272400413098,1.6503371908076139,0.009077685209380602,-0.191800717125269,0.1615181459390486,0.47280334728033474,1.6503371812513192,0.0,239
166,train,blind,3.0,0,0.0012663892698259907,0.0003821054816402633,0.0006368424332185325,0.0,0.0,0.017476882417316094,1.6562281433009702,1.6558705952377,0.00038210547488945327,-0.19257616474801995,0.14460369743909315,0.5271966527196653,1.655870591782326,0.0,239
167,train,blind,3.0,0,0.03674999346555246,0.01160037775353965,0.01933396176046779,0.0,0.0,0.017294703408000236,1.682317835017727,1.6721984906176643,0.011600377826984202,-0.19037904958819446,0.09940947802605418,0.5941422594142259,1.67219848516636,0.0,239
168,train,blind,3.0,0,0.19920827428452043,0.06647824044367366,0.11079705774991225,0.04697603673116931,0.0020920502715529757,0.018064453843279614,1.7048566042129965,1.6812238236850277,0.06642847308291977,-0.2040568560119774,0.23718804712306002,0.45188284518828453,1.6812238233456271,0.0,239
169,train,blind,3.0,0,0.4982182329869342,0.16552078403007298,0.2758679421197306,0.17344998147447738,0.003613541378136958,0.017812019554999458,1.6970297133074645,1.6373947167995087,0.165459560009995,-0.20746204150182754,0.32956467550965907,0.39748953974895396,1.6373947135965836,0.0,239
170,train,blind,3.0,0,0.08163402942219938,0.024066827081316286,0.04011137562100805,0.007797641547155181,0.0001901863883229978,0.017453050297377124,1.6918575798617248,1.6810182919063328,0.02406186670077469,-0.20246211189554073,0.2360010682809579,0.45188284518828453,1.6810182903694737,0.0,239
171,train,blind,3.0,0,0.372095166128404,0.12292481623025878,0.20487467096470663,0.15233929193418894,0.005895778038012931,0.017425518695296228,1.6783074863784981,1.6661597590067396,0.12276668592455574,-0.20404727639734105,0.27164010801507465,0.39748953974895396,1.666159755791575,0.0,239
172,train,blind,3.0,0,0.5010294421648054,0.15917910354826395,0.265298478120153,0.15405097061370707,0.005705591649689934,0.017252670982891547,1.710647687253593,1.6288917186868739,0.15909118513282847,-0.20931068745500675,0.3577850974806374,0.3598326359832636,1.6288917244950996,0.0,239
173,train,blind,3.0,0,0.500344105122346,0.16311686309461826,0.2718614103241444,0.16413084813491072,0.007417269144596914,0.01760244937652574,1.6579535104739616,1.640336776877048,0.16293062271383346,-0.20201643392482943,0.2671295884150865,0.41422594142259417,1.6403367755221503,0.0,239
174,train,blind,3.0,0,0.44651358694995696,0.15152293324801622,0.25253819588855336,0.17516165847060072,0.006846709979627921,0.017810236465840533,1.6824328615076871,1.6585494132720278,0.15139241680838772,-0.20504930052717515,0.2990889937386866,0.39330543933054396,1.6585494121929207,0.0,239
175,train,blind,3.0,0,0.1712039733909204,0.06928152944851242,0.11546920447926443,0.06219094711118164,0.004374286931428949,0.017122718454903638,1.6165151763161856,1.627474844455719,0.06910970073473269,-0.20864576659371267,0.32846672008071454,0.36401673640167365,1.6274748373710697,0.0,239
176,train,blind,3.0,0,0.007910073110366154,0.0019674804620438686,0.0032791339724848757,0.0,0.0,0.01735480479646677,1.6917027803644475,1.6911695821514687,0.0019674804326964912,-0.19835197682683814,0.17024244042849934,0.5188284518828452,1.6911695882878668,0.0,239
177,train,blind,3.0,0,0.33866769455229107,0.11032555390091026,0.18387590242866023,0.11715481221426481,0.008748573862857899,0.01760257302421032,1.6644041625525663,1.6461580550321475,0.11003749182149264,-0.2002736172777471,0.2297397548888691,0.46443514644351463,1.6461580616642377,0.0,239
178,train,blind,3.0,0,0.0,0.0,0.0,0.0,0.0,0.018876600987180508,1.7235132445850132,1.7235132445850132,0.0,-0.19753570263787798,0.12534496572598594,0.5564853556485355,1.7235132471297556,0.0,239
179,train,blind,3.0,0,0.4634686679649094,0.16778887174060328,0.2796480864266391,0.19665272053814334,0.017877520502361792,0.01649813523913527,1.5128779376401063,1.531706271810013,0.1667924213521991,-0.2200328608612767,0.5028339119855189,0.20502092050209206,1.5317062725496675,0.0,239
180,eval,blind,3.0,0,0.4532820462560594,0.1321359665168556,0.22022658686063964,0.1255230126146492,0.0,0.017023775426507244,1.3653341691364305,1.2549715486031696,0.1321359667424407,-0.162369987372918,0.23882014303095053,0.13807531380753138,1.2549715506520107,0.0,239
181,eval,blind,3.0,0,0.00014589585375555142,5.2704159574676697e-05,8.784025807297012e-05,0.0,0.0,0.020540216770101042,1.3902135643500164,1.3900962414601856,5.270413229744648e-05,-0.15529102881349038,0.0027300513368349205,0.8702928870292888,1.3900962389270228,0.0,239
182,eval,blind,3.0,0,0.33866766505446294,0.10171378189285658,0.16952295140422335,0.09927729164955507,0.0,0.017568381912382827,1.342018626723828,1.2566053318678085,0.10171378175178217,-0.1563420454302335,0.1401822012522627,0.33472803347280333,1.256605334306208,0.0,239
183,eval,blind,3.0,0,0.32300139925731,0.07732468676813255,0.12887446413140682,0.05895777938256204,0.0,0.017236902590872228,1.3188215915628059,1.2949249649646393,0.0773246863744393,-0.15087956358285354,0.08041781655241996,0.8870292887029289,1.2949249665251918,0.0,239
184,eval,blind,3.0,0,0.0038738029971952595,0.0013031903948419567,0.002171983800584423,0.0,0.0,0.020617365046057493,1.3918203514490168,1.3889037520316854,0.0013031904312826314,-0.1573165137346608,0.03468945666043503,0.7698744769874477,1.3889037473640897,0.0,239
185,eval,blind,3.0,0,0.19920827428452043,0.048197407899009184,0.08032900748455242,0.026055534389727287,0.0,0.01766260318013851,1.2931090555929239,1.2859001825544125,0.048197407442694004,-0.15469475941434307,0.07305854773138669,0.5648535564853556,1.2859001818170075,0.0,239
186,eval,blind,3.0,0,7.168989468786756e-07,2.610715577148961e-07,4.351191918237065e-07,0.0,0.0,0.020523231036212904,1.374353282870608,1.3743526958022656,2.6109332470106403e-07,-0.15076861315263254,0.0,1.0,1.3743526933651173,0.0,239
187,eval,blind,3.0,0,0.0038738029971952595,0.0013115744651833483,0.0021859573450711046,0.0,0.0,0.020325913935681516,1.3693948585119207,1.3664824812980876,0.001311574412272828,-0.1529973799108356,0.008575922134187957,0.8368200836820083,1.3664824879750954,0.0,239
188,eval,blind,3.0,0,0.010237416458047271,0.003094149889319962,0.005156916165102135,0.0,0.0,0.019898779522705527,1.3338549645874789,1.328381720945925,0.003094149822679496,-0.15336250190870165,0.0661740704471943,0.6569037656903766,1.3283817234652169,0.0,239
189,eval,blind,3.0,0,0.0005835234280700004,0.0002014232928734117,0.000335705469003937,0.0,0.0,0.02055539061786864,1.3743587288397625,1.3738648811643592,0.0002014232967397155,-0.15950093272644744,0.07985400160242143,0.5983263598326359,1.3738648864207692,0.0,239
190,train,blind,3.0,0,0.0038738029971952595,0.0012755868255641023,0.0021259779292967357,0.0,0.0,0.017176577692781282,1.6707726332931838,1.6690743887274835,0.0012755868798902377,-0.18976014158942842,0.09297011780765008,0.5815899581589958,1.669074389044203,0.0,239
191,train,blind,3.0,0,0.004340025042008344,0.0012696453805463184,0.0021160755839971356,0.0,0.0,0.01758760166701288,1.6801248197775007,1.6788094300605263,0.0012696455264460125,-0.19663604699197346,0.17071723196534022,0.4895397489539749,1.6788094216263934,0.0,239
192,train,blind,3.0,0,0.5016285056306393,0.164733259561647,0.27455540249615157,0.16375047554530858,0.003613541378136958,0.017806086241107855,1.6819986551376567,1.6509111216876298,0.16465531644300205,-0.21102037498227053,0.3599513338674738,0.3054393305439331,1.650911115651612,0.0,239
193,train,blind,3.0,0,0.32300139925731,0.10760312249053393,0.17933851601060935,0.11449220240365511,0.003613541378136958,0.017807756842866104,1.677168813210651,1.6504308651181943,0.10753099342361097,-0.20034756117233102,0.24573429478619546,0.4895397489539749,1.6504308687418376,0.0,239
194,train,blind,3.0,0,0.017240600663365867,0.00334489075862145,0.005574817864090851,0.0,0.0,0.017015214126837677,1.670553716156772,1.6709043857442785,0.0033448909977538644,-0.1957291590126394,0.16424819727588358,0.4769874476987448,1.6709043885301547,0.0,239
195,train,blind,3.0,0,0.48112744734638124,0.15165417520710203,0.25275693138301225,0.14777481967435221,0.004564473319751947,0.017611874699023665,1.6862777688513242,1.6459939003489505,0.15158261642401352,-0.20158172399541482,0.2656161903914063,0.46443514644351463,1.645993904591879,0.0,239
196,train,blind,3.0,0,0.026644077069207902,0.00666141628573626,0.011102359844931225,0.0,0.0,0.01715689867532278,1.6614537570765826,1.6541977759185695,0.006661416085076613,-0.19347819815204986,0.15498976230748687,0.5648535564853556,1.6541977735341997,0.0,239
197,train,blind,3.0,0,0.0010625928217568533,0.00035722452368919456,0.0005953741473524255,0.0,0.0,0.017249642125093164,1.649201057196661,1.6487983128515746,0.0003572245993408877,-0.19524977712174346,0.1846939078310929,0.502092050209205,1.6487983102374555,0.0,239
198,train,blind,3.0,0,0.3575846380647296,0.12750620849181046,0.21251032216838273,0.14625332813133254,0.017687334114038795,0.01721374755998037,1.592773721557282,1.6054088625449017,0.1267502022322991,-0.21401921014338326,0.41695599275942913,0.26778242677824265,1.605408869292421,0.0,239
199,train,blind,3.0,0,0.10614915428562363,0.03518780045729826,0.05864633039270443,0.012362114929255083,0.0005705591649689933,0.017488312291830902,1.7081792608963395,1.6855602291837397,0.035167866214224776,-0.19592115776139504,0.16086530757589243,0.5230125523012552,1.6855602396280853,0.0,239
200,train,blind,3.0,0,0.426090166965406,0.15034205709309703,0.25057006776365737,0.17478128619273836,0.002662609436521969,0.01803339170642727,1.6600013238116786,1.6604060238874108,0.15029299254652778,-0.20690960424794622,0.2884061841597674,0.38493723849372385,1.6604060229514634,0.0,239
201,train,blind,3.0,0,0.46892580401234446,0.14977053759312908,0.2496175350538141,0.16298973005436454,0.003993914154782953,0.018246771917760248,1.6833965947937266,1.6630596406290221,0.1497066211990059,-0.21453397952395276,0.38182141903320577,0.25523012552301255,1.6630596379348455,0.0,239
202,train,blind,3.0,0,0.2531380511106846,0.08389672345530401,0.13982785504222917,0.08881704122700951,0.007607455532919911,0.017447904019254147,1.6362844279121653,1.6438973481186265,0.08364122994814607,-0.20164744314641372,0.2535090062019645,0.4602510460251046,1.6438973478070773,0.0,239
203,train,blind,3.0,0,0.0034414851706437025,0.0009469412983905146,0.0015782354911831919,0.0,0.0,0.017734906135446482,1.660834477536349,1.6600101807127439,0.0009469412876364057,-0.19318130377409717,0.1532983174574913,0.5271966527196653,1.6600101929874203,0.0,239
204,train,blind,3.0,0,0.3575846668143823,0.127631260900747,0.21271874267111945,0.16241917113878737,0.007987828309565907,0.017390765448463262,1.657029558425169,1.665659879042015,0.12739195127396213,-0.20450212355990274,0.27300513368349205,0.41422594142259417,1.6656598874675563,0.0,239
205,train,blind,3.0,0,0.49725076854988837,0.1721778887128939,0.2869631190063743,0.17801445504362115,0.007797641921242909,0.017755807604383538,1.6639214437377003,1.6463744777515843,0.17198559127384488,-0.20703559399458332,0.32668625181756134,0.28870292887029286,1.6463744834450362,0.0,239
206,train,blind,3.0,0,0.4909922425595826,0.17076574503749786,0.2846095419799552,0.18771396041165836,0.017687334114038795,0.01682116591398873,1.5604629272197579,1.5822770348652637,0.17000959277519614,-0.2093037630375117,0.3834535149410962,0.35564853556485354,1.582277041157911,0.0,239
207,train,blind,3.0,0,0.4918546215835647,0.1514668753949066,0.25244476431757273,0.1626093567789349,0.01635602939577781,0.01573885744242738,1.5236704150004368,1.5566720915139969,0.15059118802203417,-0.20512382963980316,0.3781121101516366,0.3054393305439331,1.556672094151804,0.0,239
208,train,blind,3.0,0,0.24477056702595276,0.0932264032206636,0.15537731675205851,0.12400152157041318,0.018257893279007786,0.016590750686606103,1.4891935557002303,1.549836560522662,0.09200155622232438,-0.2145543972485483,0.44841093207513577,0.23430962343096234,1.5498365453742557,0.0,239
209,train,blind,3.0,0,0.16342433874363083,0.051417499445241634,0.08569582439698074,0.0399391403632184,0.0017116774949069802,0.01680469918590834,1.6294648031310557,1.6269136285682104,0.051363979350121956,-0.1982720986616378,0.2546959850440666,0.3891213389121339,1.6269136288386625,0.0,239
210,eval,blind,3.0,0,0.382569948058365,0.10521622972248916,0.17536036076769915,0.1220996576871832,0.0,0.015078562229996446,1.0374452803424212,1.1538147661975238,0.10521622891939393,-0.16422238835964814,0.3609602658832608,0.4393305439330544,1.153814772718999,0.0,239
211,eval,blind,3.0,0,0.5020913164463541,0.10746783278984184,0.17911304119762733,0.05439330512759077,0.0,0.013779899004114223,1.1042638263941809,1.2157854111124782,0.10746783246813188,-0.14761095760271822,0.11264429211549301,0.7196652719665272,1.215785417447978,0.0,239
212,eval,blind,3.0,0,0.3791192204459613,0.08273308516450073,0.13788846773612357,0.04108025819437274,0.0,0.01621290799775882,1.1139104373784245,1.175961658296226,0.08273308559655257,-0.13755832859776043,0.0626428083919404,0.8451882845188284,1.175961660460084,0.0,239
213,eval,blind,3.0,0,0.501817049438165,0.10539718867327934,0.17566196848944615,0.06713579370636322,0.0,0.01328040506285479,1.1084340177320535,1.2428059991932314,0.10539718849323744,-0.15217067209990978,0.1591738627258969,0.7071129707112971,1.2428060022582144,0.0,239
214,eval,blind,3.0,0,0.42329977726598883,0.07995079007684036,0.13325130997076348,0.03214149919015094,0.0,0.015937405985207237,1.1157670270448947,1.2058799775574496,0.07995078984425327,-0.1415844422236252,0.03718211222884952,0.8493723849372385,1.2058799807831027,0.0,239
215,eval,blind,3.0,0,0.01843199975083282,0.0038236990877525555,0.006372831627916765,0.0,0.0,0.019412230084568386,1.0962051564679485,1.0900502970527903,0.00382369908661093,-0.12807374196154134,0.02373957684204279,0.8451882845188284,1.0900502980549165,0.0,239
216,eval,blind,3.0,0,0.1712039733909204,0.028060531143645102,0.04676754973793113,0.005515405199018981,0.0,0.01754281563084245,1.1328947763562702,1.1892241992711023,0.028060531021826086,-0.14409608905496418,0.11451378379180391,0.5397489539748954,1.1892241957759737,0.0,239
217,eval,blind,3.0,0,2.149352706407653e-05,5.642765602993167e-06,9.404608242361803e-06,0.0,0.0,0.019913339239221735,1.1157935748040426,1.1157859374289731,5.642758403143896e-06,-0.13390374795719936,0.07427520104454138,0.6778242677824268,1.1157859434359887,0.0,239
218,eval,blind,3.0,0,0.06536319171795504,0.010196204848025407,0.016993674025394725,0.0,0.0,0.018620186649013513,1.099163263412699,1.088796837559305,0.010196204919612916,-0.12694243704102529,0.010059645686815633,0.8870292887029289,1.0887968394672323,0.0,239
219,eval,blind,3.0,0,0.28232657409398026,0.07739152510938571,0.12898585928946676,0.06998858990529591,0.0,0.016015847100560636,1.0883297910251377,1.1526094540392504,0.07739152501243891,-0.15326346634966487,0.2887919522834505,0.301255230125523,1.1526094546517978,0.0,239
220,train,blind,3.0,0,0.5005976241194593,0.1433009416479961,0.23883487771697018,0.12057816676764309,0.004374286931428949,0.017463151622703885,1.6624003032760142,1.65779308544542,0.1432312331202274,-0.20924971459134514,0.33318496097807054,0.30962343096234307,1.6577930761709054,0.0,239
221,train,blind,3.0,0,3.939130826693449e-05,1.4965633225941907e-05,2.494272058703021e-05,0.0,0.0,0.017831215966165565,1.6704193433458336,1.6703858694770846,1.4965591899111524e-05,-0.1975165881104833,0.19602955577316836,0.4811715481171548,1.6703858613785125,0.0,239
222,train,blind,3.0,0,0.4634686679649094,0.16377495519647794,0.2729582275940203,0.19437048344183167,0.007797641921242909,0.01764872663744012,1.6387623229286161,1.6449916923894043,0.1635468303236955,-0.21268857342319625,0.3809905338437342,0.29707112970711297,1.6449916990934887,0.0,239
223,train,blind,3.0,0,0.49725076854988837,0.17761608072483248,0.29602676566186553,0.20502092100087568,0.02510460325863571,0.015951896793594794,1.4521130637643727,1.5016699111611274,0.17615029930829257,-0.22639363653070552,0.5857443841063534,0.12552301255230125,1.5016699141158036,0.0,239
224,train,blind,3.0,0,0.4934485925616751,0.14819677799004768,0.24699460996023115,0.12133891232093508,0.0030429822131679647,0.016566154693163714,1.6738301418316415,1.6270379294411408,0.14814401747343212,-0.20272457749567696,0.3019674174307843,0.401673640167364,1.6270379265621961,0.0,239
225,train,blind,3.0,0,0.2864649897415939,0.10007835543496885,0.16679723991904488,0.12057816633120741,0.00988969213044793,0.016531075627609276,1.5917307579866513,1.6134243308250875,0.09958002334053284,-0.20193352902871375,0.2759132318466424,0.3682008368200837,1.6134243274847109,0.0,239
226,train,blind,3.0,0,0.32695747973790945,0.12061252934365264,0.2010208564088887,0.15348041094995443,0.0171167749490698,0.01637742493426326,1.5393886184592627,1.580701099529426,0.11968093647917603,-0.2095760138714473,0.3616131042464168,0.301255230125523,1.5807010959144518,0.0,239
227,train,blind,3.0,0,0.5018170490880057,0.1687616172541357,0.28126932761610474,0.19627234688862596,0.028147585471803672,0.015687284531328966,1.4309737365614918,1.4869450118751206,0.16697738234436668,-0.22726230005456916,0.6057449775957744,0.12133891213389121,1.486945019806626,0.0,239
228,train,blind,3.0,0,0.2615026996800263,0.07401467188825625,0.12335777371857502,0.060859642642312466,0.0013313047182609845,0.016375946734396733,1.6358564289045134,1.6308566578761303,0.07399116637789577,-0.19202113083331757,0.1773049645390071,0.5313807531380753,1.6308566651997012,0.0,239
229,train,blind,3.0,0,0.02096458594954064,0.0055347839365651194,0.009224639443475334,0.0,0.0,0.016680828928869514,1.654122495751002,1.6484816184103739,0.005534784059769305,-0.20038083507765064,0.24368675628356923,0.45188284518828453,1.6484816110525375,0.0,239
230,train,blind,3.0,0,0.4918546215835647,0.15260274959463568,0.25433788752593023,0.15252947913303536,0.008938760251180896,0.016771569135930062,1.6075906391921901,1.6316497577782954,0.15238853952360693,-0.20327574338745033,0.31253152912549337,0.3305439330543933,1.6316497734777293,0.0,239
231,train,blind,3.0,0,0.1229728398538705,0.03202728683999754,0.05337880852357747,0.010840623885019055,0.0011411183299379866,0.01679972415618505,1.6373229014324842,1.637429065784151,0.03200939236045072,-0.19033152446708035,0.13994480548384225,0.4895397489539749,1.6374290696453553,0.0,239
232,train,blind,3.0,0,0.16342433874363083,0.049427642993231755,0.08237939843233084,0.03271205804338016,0.0015214911065839823,0.01647660797695672,1.6576963166811476,1.6528243679381813,0.04938573896018866,-0.20625699911048126,0.31128520134128607,0.3807531380753138,1.652824365220699,0.0,239
233,train,blind,3.0,0,1.0033076722564557e-05,1.6717840633067696e-06,2.786306627572097e-06,0.0,0.0,0.016563140508566814,1.6480660234036306,1.6480685233072256,1.6717704323024944e-06,-0.19932159318828604,0.2325291551678091,0.46443514644351463,1.6480685253381147,0.0,239
234,train,blind,3.0,0,0.00791006892580767,0.0017517978516913889,0.0029196628627185146,0.0,0.0,0.016502389826550768,1.6491941986722427,1.64969900063391,0.0017517979031710723,-0.19945917478526695,0.2440131754651473,0.4476987447698745,1.6496989948611303,0.0,239
235,train,blind,3.0,0,0.31501786260686376,0.0924271956642602,0.15404530920113377,0.09186002238026224,0.007417269144596914,0.01576921215600424,1.595176174052091,1.5949254108273334,0.09212314776287031,-0.20183320352066586,0.29840648090447786,0.4100418410041841,1.59492542019524,0.0,239
236,train,blind,3.0,0,0.20328998215313637,0.05931300809838279,0.09885500513328187,0.04545454549988942,0.0020920502715529757,0.016775814968328844,1.6537961416164702,1.657923967020282,0.059264369603761795,-0.2049060894400186,0.2917297249176533,0.4476987447698745,1.6579239649642525,0.0,239
237,train,blind,3.0,0,0.04457110651652085,0.012262099708704642,0.020436831941860037,0.0,0.0,0.016391771726668752,1.648892280945718,1.6440832609910845,0.012262099606552024,-0.2010364839818988,0.2593252025282649,0.4435146443514644,1.6440832719470355,0.0,239
238,train,blind,3.0,0,0.18307093769721308,0.05577823528440919,0.09296371856484918,0.03651578593453603,0.0019018638832299778,0.015830902191790827,1.636453926563263,1.6355015605563399,0.055742868703483626,-0.20338889229337273,0.30315439627288643,0.36401673640167365,1.6355015591069875,0.0,239
239,train,blind,3.0,0,0.24058936510885828,0.06602567348049716,0.11004278333337683,0.04108025912959207,0.0017116774949069802,0.01627655653867512,1.6621772282791936,1.6459512084597823,0.06599077996784465,-0.19810243791412807,0.2131220510994391,0.4769874476987448,1.6459512138664585,0.0,239
240,eval,blind,3.0,0,0.2405893336158956,0.044612007789141116,0.07435334078949549,0.009699505679776978,0.0,0.013570551398097222,1.2197814124897435,1.309387511788053,0.04461200767905801,-0.15748271564694616,0.09047746223923558,0.7656903765690377,1.3093875120641079,0.0,239
241,eval,blind,3.0,0,0.4900851427265331,0.09214428760893786,0.1535738028936192,0.036135413220237986,0.0,0.013694702328093132,1.2826071920255238,1.5265358389670878,0.09214428649267202,-0.18715124004049677,0.10151636547078549,0.5481171548117155,1.5265358247934186,0.0,239
242,eval,blind,3.0,0,0.11274785525415133,0.015130640625631341,0.02521773230206944,0.0020920502715529757,0.0,0.012960963937060354,1.231274567887374,1.2610252649215474,0.01513064065471995,-0.14198824406946434,0.0025520045105195998,0.9790794979079498,1.2610252627685519,0.0,239
243,eval,blind,3.0,0,0.42329975400295616,0.07975526054631617,0.13292542460439866,0.03936858157233713,0.0,0.012677716356254023,1.2397227766124774,1.4015154519340483,0.07975526066292937,-0.1732144531363586,0.18285409062583458,0.5188284518828452,1.4015154594469117,0.0,239
244,eval,blind,3.0,0,0.5003441035252276,0.10486092034700058,0.17476818665826038,0.08976797266984085,0.0,0.010760003211810623,1.1818315591273447,1.359421637766531,0.10486092063393664,-0.18120458623205285,0.36339357250957005,0.4100418410041841,1.3594216307165645,0.0,239
245,eval,blind,3.0,0,0.4754479658978925,0.08992779640837428,0.1498796499698865,0.03366299023438697,0.0,0.013985343370976308,1.2674190471860654,1.5000000611009956,0.08992779618871038,-0.17466397123050978,0.10472120834446126,0.7280334728033473,1.500000052515466,0.0,239
246,eval,blind,3.0,0,0.0012663877662295617,0.00030252957904663145,0.0005042159418849699,0.0,0.0,0.014713338548979998,1.2362522330743,1.2361396286776873,0.00030252960656740834,-0.14322306027413856,0.000919908602629158,0.9790794979079498,1.2361396317586926,0.0,239
247,eval,blind,3.0,0,0.47839141184577105,0.0889756333485497,0.14829271404340788,0.034233549274660054,0.0,0.013891919165319727,1.261901708078185,1.4706471253139703,0.08897563316104919,-0.16882385301368424,0.06756877058666429,0.7907949790794979,1.4706471261800473,0.0,239
248,eval,blind,3.0,0,0.03674999346555246,0.007408276091231239,0.012347126381131274,0.0,0.0,0.01466953224857108,1.240639446170759,1.239538367323297,0.007408276147444861,-0.14107699821974118,0.014184397163120569,0.9288702928870293,1.2395383729841636,0.0,239
249,eval,blind,3.0,0,0.4797851131429772,0.08911985787513556,0.14853308674836507,0.03214149919015094,0.0,0.013531516477559152,1.2863072882636322,1.5318278932172384,0.08911985794861817,-0.16811052361058193,0.04418528739725214,0.9037656903765691,1.5318278910760135,0.0,239
250,train,blind,3.0,0,0.21150077816593815,0.06206632146547148,0.10344386154958184,0.041650818107517196,0.0013313047182609845,0.017059660693981283,1.678920549328856,1.6795511462698423,0.06204414231868054,-0.20216864550230199,0.23419092554675217,0.4435146443514644,1.6795511401974543,0.0,239
251,train,blind,3.0,0,0.4977520082539135,0.14126943727503383,0.23544903840689074,0.1373145686283271,0.01597565655678386,0.01503530029347751,1.4699062325964414,1.5167957327355899,0.1403901884448593,-0.2114786843730372,0.4795691266803169,0.19665271966527198,1.5167957279380955,0.0,239
252,train,blind,3.0,0,0.0,0.0,0.0,0.0,0.0,0.016773015034685076,1.6813744565931823,1.6813744565931823,0.0,-0.19843578895377892,0.19098489569423424,0.5104602510460251,1.6813744614030093,0.0,239
253,train,blind,3.0,0,0.5017308978531066,0.15877121842710937,0.2646186696513278,0.16622289834411574,0.014834538289193828,0.01657337529163917,1.5610314682437785,1.592198290585474,0.15811105278901866,-0.20422674786861544,0.32736876465177006,0.3514644351464435,1.5921982938548926,0.0,239
254,train,blind,3.0,0,0.475447956226714,0.133590766039591,0.2226512572034233,0.10155952874586673,0.003613541378136958,0.016676664993431903,1.6611557717602623,1.6296917232509438,0.13352552636930934,-0.19615986041275812,0.22923528888097572,0.42677824267782427,1.6296917199240635,0.0,239
255,train,blind,3.0,0,2.1493512025067902e-05,3.411383506896512e-06,5.685638924466376e-06,0.0,0.0,0.015737448409823194,1.6544606461185791,1.6544572508983533,3.411399246101895e-06,-0.19471279556921844,0.18460488441793524,0.5564853556485355,1.6544572454336857,0.0,239
256,train,blind,3.0,0,0.41462239765982967,0.13808071058475857,0.2301344902871545,0.163370103579186,0.014073792735901836,0.016232417947047675,1.5622520055232187,1.5888962177053156,0.13755577114845674,-0.2045282347627023,0.3424137214754147,0.33472803347280333,1.5888962225880747,0.0,239
257,train,blind,3.0,0,0.36852381268091683,0.12058018190725904,0.20096694888343336,0.12704450378358115,0.007227082756273916,0.016869626822394308,1.6612445026262035,1.679628875215682,0.12035186342865745,-0.21286691014313164,0.35407578859906824,0.28870292887029286,1.679628883409555,0.0,239
258,train,blind,3.0,0,0.4341484118583851,0.12645291687591018,0.21075484317889773,0.10726512064494848,0.005895778038012931,0.016842510381705717,1.651555330184713,1.665085069804012,0.12631239600912933,-0.20504657663885595,0.29576545298080065,0.3389121338912134,1.665085055993547,0.0,239
259,train,blind,3.0,0,0.3538667886901772,0.1128916517270558,0.18815273537788108,0.11696462514011431,0.004374286931428949,0.016774133754753853,1.6666388646329298,1.6564169922633152,0.1128114823819396,-0.19878668473276642,0.2333897148283332,0.4602510460251046,1.656417000406538,0.0,239
260,train,blind,3.0,0,0.013958478934449634,0.0028976991371378043,0.0048294983396954955,0.0,0.0,0.016203224655069317,1.6729830628159654,1.6734834530363523,0.0028976990882914697,-0.2009181382671116,0.2234190925546752,0.4476987447698745,1.673483440147235,0.0,239
261,train,blind,3.0,0,0.5017308978531066,0.16340894412527152,0.2723482114940974,0.1669836436480159,0.020920502715529758,0.015458997872864602,1.5263062341442666,1.5667812694565522,0.16238832205055137,-0.20875825612673488,0.38855752396213544,0.28451882845188287,1.5667812734771636,0.0,239
262,train,blind,3.0,0,0.47839141184577105,0.14548056784802596,0.24246758774986488,0.142639787563719,0.005705591649689934,0.016651767756104094,1.6661796365322927,1.6715862389388942,0.14539008620112284,-0.2043484911025139,0.2695035460992908,0.41841004184100417,1.6715862398194425,0.0,239
263,train,blind,3.0,0,0.43151492035799666,0.14698180690065327,0.2449696521900904,0.17402053970422704,0.021871434657144747,0.016256286846434844,1.5319227511413926,1.5482943000653797,0.14575533690754222,-0.2113189584592837,0.41915190361731813,0.3179916317991632,1.5482942876260204,0.0,239
264,train,blind,3.0,0,0.04253383616285562,0.010546294918537596,0.017577157821704145,0.0,0.0,0.015527470202952873,1.6562038186204981,1.6566110624927857,0.010546294861121462,-0.19108208088053225,0.12673966586545596,0.5732217573221757,1.6566110638817886,0.0,239
265,train,blind,3.0,0,0.48485143263255603,0.15767023206378125,0.262783693567064,0.14929631115502393,0.007607455532919911,0.01643184976356112,1.5876206698278004,1.613616216631614,0.15741989576717702,-0.2023673869915297,0.33395649722543697,0.28870292887029286,1.6136162098623164,0.0,239
266,train,blind,3.0,0,0.4671610229562556,0.13387479186105536,0.22312463722461479,0.12095854041716045,0.007036896367950918,0.016619875536117094,1.6755026224766816,1.6765152779583152,0.1337575027518214,-0.21504226480422217,0.3826226297516247,0.29707112970711297,1.6765152769475717,0.0,239
267,train,blind,3.0,0,0.48813355436147227,0.15700389015960564,0.26167312125669534,0.17192849092902499,0.011981742464348862,0.016846759250644733,1.597883443453322,1.6200788701927313,0.15662654283166744,-0.2000843110249802,0.26739665865455947,0.39748953974895396,1.6200788714293946,0.0,239
268,train,blind,3.0,0,0.5008256455296923,0.1642095913240958,0.27368262504769597,0.1787752003475213,0.0173069613373928,0.016784668958523784,1.594124537132774,1.624926839912287,0.16359617134560314,-0.2031046646646261,0.2782871895308466,0.4309623430962343,1.6249268374111832,0.0,239
269,train,blind,3.0,0,0.0002036993206716357,5.2114562776254366e-05,8.685759658497567e-05,0.0,0.0,0.016827845864122632,1.694441114260063,1.694443548324218,5.2114612596775854e-05,-0.19900749528600445,0.17804682631532093,0.5313807531380753,1.6944435541254512,0.0,239
270,eval,blind,3.0,0,0.41162969583010295,0.09891169988447956,0.16485282063985168,0.09946747834961783,0.0,0.012064316152170238,1.260519835739455,1.3677160293487325,0.09891169875798475,-0.17740844879474293,0.2939849847176475,0.5271966527196653,1.3677160383718803,0.0,239
271,eval,blind,3.0,0,0.49725076854988837,0.09960789013751778,0.16601314102901682,0.037656903890386284,0.0,0.012262263148243706,1.373768116140964,1.5404876131392922,0.09960788977292837,-0.17425970399799287,0.07697557791032375,0.8828451882845189,1.540487624856311,0.0,239
272,eval,blind,3.0,0,0.09659444735923473,0.017414411882797808,0.029024017349215055,0.0,0.0,0.01410196865733448,1.4493010368307264,1.4670324046242686,0.017414411533551843,-0.16862033465112397,0.02264162141309831,0.8284518828451883,1.467032403578017,0.0,239
273,eval,blind,3.0,0,0.24477056702595276,0.05052868312871788,0.08421446440537328,0.032521871280969436,0.0,0.012292134606719764,1.3027612544502674,1.3663440688384627,0.05052868170100147,-0.16390071668009787,0.15122110448381257,0.6401673640167364,1.3663440682599295,0.0,239
274,eval,blind,3.0,0,0.4994180284038787,0.10686530669620548,0.17810883370315667,0.04450361430644989,0.0,0.012026620943052499,1.3770098087677896,1.4948252047953745,0.10686530692757484,-0.17162080122229878,0.0788450695866346,0.799163179916318,1.494825200765478,0.0,239
275,eval,blind,3.0,0,0.004340025042008344,0.0012994338845357758,0.002165723117309521,0.0,0.0,0.014145802328495551,1.4630808069616181,1.4618389180015818,0.0012994339234119177,-0.15834849986746388,0.0033828896999910972,0.9832635983263598,1.4618389115375185,0.0,239
276,eval,blind,3.0,0,0.34251428529070727,0.08156787108704346,0.13594644064960829,0.05249144205488421,0.0,0.012821957581992179,1.4094130718558404,1.4742169564737935,0.08156787029028043,-0.16462430114264134,0.06356271699456957,0.8451882845188284,1.4742169632936042,0.0,239
277,eval,blind,3.0,0,0.11952211124389958,0.01924246256318256,0.03207076982452308,0.0,0.0,0.012939651769480696,1.4541642099743608,1.4768319521489004,0.019242462949325852,-0.15820267371050398,0.0033235407578859908,0.9497907949790795,1.476831964877655,0.0,239
278,eval,blind,3.0,0,0.2947040708871606,0.0484558073888415,0.08075967519728551,0.013122860669590938,0.0,0.013387567911172387,1.3605619432038343,1.482294913365751,0.04845580740628553,-0.16403864612938684,0.01080150746312947,0.9456066945606695,1.4822949174176356,0.0,239
279,eval,blind,3.0,0,0.09659444735923473,0.006086443736315091,0.010144072620030814,0.0,0.0,0.012018085876284907,1.3452559233210575,1.3672181904066556,0.006086443892139313,-0.15959685347656735,0.11997388646547376,0.7322175732217573,1.3672182075743524,0.0,239
280,train,blind,3.0,0,0.3720951933817057,0.11563120986070183,0.1927186603219578,0.13883606035839066,0.010270064969441882,0.01603944614046413,1.6074520172434372,1.6302564031908202,0.11520171592026174,-0.1990458833681381,0.24706964598356038,0.47280334728033474,1.6302564085828148,0.0,239
281,train,blind,3.0,0,0.41462237339922975,0.13124806501256753,0.21874675246667474,0.1422594150988128,0.006276150814658927,0.01702307155511681,1.6903931007225643,1.6906598756502862,0.13112636919987727,-0.21240406231856981,0.3182883765096887,0.3723849372384937,1.6906598736273246,0.0,239
282,train,blind,3.0,0,0.48813355436147227,0.14600733410647476,0.24334553212813803,0.13236972309306078,0.009319133027826892,0.01641133080419761,1.637218061600769,1.6828634347376963,0.14576567441670926,-0.20153125243836265,0.22653491201519332,0.4393305439330544,1.6828634400087925,0.0,239
283,train,blind,3.0,0,0.5012103088587818,0.14846059128737643,0.24743429933270103,0.11087866171134565,0.003613541378136958,0.01642823568837538,1.6679308449374084,1.6690581844940344,0.14840332499974557,-0.21307252435818932,0.35891272738063446,0.38493723849372385,1.6690581753526201,0.0,239
284,train,blind,3.0,0,0.2615026996800263,0.06577835324137919,0.10963058126981956,0.036325599296821214,0.0019018638832299778,0.015900130187858786,1.667507399574982,1.6575483295708022,0.0657403507466522,-0.19553980723188236,0.1943084364521202,0.5104602510460251,1.6575483172297882,0.0,239
285,train,blind,3.0,0,0.4986505481252782,0.1555211184185126,0.2592018409618599,0.15519208875660118,0.01882845244397678,0.016149078632186648,1.5693528584855372,1.5862077711516345,0.15447886131512242,-0.20007410102143375,0.30048369387815665,0.3807531380753138,1.5862077631507083,0.0,239
286,train,blind,3.0,0,0.5020526421234931,0.163723881803235,0.27287310626592876,0.1711677446899055,0.017877520502361792,0.015703889480928372,1.5535867318947445,1.5753338603793827,0.16266524504530308,-0.2019025781241673,0.3143713463307517,0.39330543933054396,1.575333859835983,0.0,239
287,train,blind,3.0,0,0.07326333691171423,0.0209309593253645,0.0348849308836967,0.0045644732574039925,0.0,0.01593601948164684,1.6617340610117095,1.6567221760251034,0.020930959463303263,-0.20122891009629867,0.24490340959672394,0.4393305439330544,1.6567221796638485,0.0,239
288,train,blind,3.0,0,0.49613888111608695,0.15869942145090513,0.2644990107546771,0.13940661921161987,0.006656523591304923,0.015985912208885702,1.6506478816395525,1.6429221697432226,0.15850458560355843,-0.2068423591938652,0.33208700554912607,0.3389121338912134,1.6429221617324794,0.0,239
289,train,blind,3.0,0,0.12646474479892483,0.0280462030760383,0.04674366980055094,0.006085964426335929,0.0009509319416149889,0.01573179378349599,1.6507987434893971,1.6697471101912496,0.02802662883306964,-0.19139186083820303,0.11430606249443608,0.6150627615062761,1.6697471053921822,0.0,239
290,train,blind,3.0,0,0.02979833591694332,0.00605388892609542,0.01008981429951601,0.0,0.0,0.015959782444065335,1.6948645723414721,1.6937435022457874,0.00605388905006069,-0.19630030292190387,0.1344847028101724,0.6317991631799164,1.6937435010960342,0.0,239
291,train,blind,3.0,0,0.13356819286291968,0.032834089717752056,0.0547234793834775,0.0038037277664599556,0.0005705591649689933,0.01576330409108595,1.6618335439071497,1.6502478122711182,0.032826721071987815,-0.20647207748054222,0.31849609780705657,0.36401673640167365,1.650247821274584,0.0,239
292,train,blind,3.0,0,0.3756273159996906,0.10136569108300483,0.16894280029836214,0.09794598780416544,0.0038037277664599556,0.016057725173565383,1.6840778015647473,1.6898355917950554,0.10130221673664218,-0.1974314209244507,0.16481201222588207,0.5481171548117155,1.6898355972928534,0.0,239
293,train,blind,3.0,0,0.29059125512998374,0.0847165454772237,0.14119422840845253,0.06979840233236177,0.005705591649689934,0.015694900600933256,1.6806220170344268,1.6763398230824011,0.08451679510305961,-0.20366668414443395,0.2569809193151132,0.4309623430962343,1.6763398279437147,0.0,239
294,train,blind,3.0,0,0.005378617951415077,0.0013284518699262537,0.0022140863877219423,0.0,0.0,0.016112422683591872,1.6824114267796153,1.6818152137381261,0.0013284518580837954,-0.19785200036703324,0.17018309148639424,0.5397489539748954,1.681815214151543,0.0,239
295,train,blind,3.0,0,0.01609831423724945,0.003948632436366394,0.006581053563163988,0.0,0.0,0.01570293096880035,1.6755015071964663,1.6739158775018348,0.003948632324411021,-0.2014101502912441,0.23285557434938725,0.47280334728033474,1.6739158717566986,0.0,239
296,train,blind,3.0,0,0.0001001795120615216,3.7089468567645774e-05,6.181577708992023e-05,0.0,0.0,0.015197497782800112,1.6600601723004584,1.6600017727169532,3.708951191895809e-05,-0.19534252347995346,0.17166681503902192,0.5439330543933054,1.660001762509871,0.0,239
297,train,blind,3.0,0,0.502091316396975,0.15389282517615843,0.25648801566829693,0.14035755102853895,0.004754659708074945,0.016642213101541646,1.6433311902828296,1.6585049307495978,0.15380550289035713,-0.21344465218970166,0.38499658743582893,0.28451882845188287,1.658504928951007,0.0,239
298,train,blind,3.0,0,0.4769458410955545,0.14128697474669055,0.23547826973687533,0.12818562311108642,0.006466337202981925,0.01648135863295191,1.65999596637662,1.668865261716324,0.14113109973617283,-0.20352963547336775,0.2580788747440577,0.4560669456066946,1.6688652678379021,0.0,239
299,train,blind,3.0,0,0.43151492035799666,0.13835698011451572,0.23059494013307597,0.16013693522708686,0.0171167749490698,0.016160054718802788,1.605054904476868,1.620642868544766,0.137521894132961,-0.20262752173175888,0.28754562449924326,0.4602510460251046,1.620642872480042,0.0,239
300,eval,blind,3.0,0,0.4859937123801958,0.08388939893898378,0.13981565566831264,0.035564853930573084,0.0,0.011170539983536534,1.1554051956871065,1.3270165790573822,0.08388939782704088,-0.16503324307514577,0.22499183952046056,0.49372384937238495,1.3270165889045042,0.0,239
301,eval,blind,3.0,0,0.27401919350725557,0.0580033164787207,0.09667218766485368,0.020349942802385307,0.0,0.011339206813550145,1.454651022306546,1.4485227099023603,0.05800331614159119,-0.1661512927372144,0.08003204842873676,0.7656903765690377,1.4485227144653832,0.0,239
302,eval,blind,3.0,0,0.04253382063096937,0.003804227533052718,0.006340378955527546,0.0,0.0,0.012395863395932454,1.4236101246279154,1.440809681325777,0.0038042275247721306,-0.15549901323129553,0.0,1.0,1.4408096813122548,0.0,239
303,eval,blind,3.0,0,0.0001001795120615216,3.798422805485647e-05,6.330704634203517e-05,0.0,0.0,0.013031669023396081,1.4725891234485675,1.4725583634615942,3.798424903031587e-05,-0.1604332464257576,0.0,1.0,1.4725583563618088,0.0,239
304,eval,blind,3.0,0,0.0020282095075691135,0.0002503853546570944,0.00041730888537983664,0.0,0.0,0.012680467471449195,1.4524916864339277,1.4527278410340951,0.00025038528077111474,-0.1561814971405116,0.0,1.0,1.4527278450349133,0.0,239
305,eval,blind,3.0,0,0.0005835245887526782,0.00021880405375253697,0.00036467339754129945,0.0,0.0,0.013306079588238165,1.4655670865310286,1.4653886641418585,0.00021880403682604144,-0.1584963542146319,0.00014837235526276744,0.99581589958159,1.4653886689707025,0.0,239
306,eval,blind,3.0,0,0.5008256455296923,0.08719388438238558,0.145323130985097,0.012552301504621945,0.0,0.011209154879541825,1.3508815984845661,1.496440950796694,0.08719388453758573,-0.1698352529919794,0.014510816344698656,0.9079497907949791,1.4964409446687879,0.0,239
307,eval,blind,3.0,0,0.0760018663305159,0.010430040585903562,0.017383400191803546,0.0,0.0,0.012226318522594152,1.4141920403456587,1.430127832181284,0.010430040587471393,-0.15567917456387523,0.007181221994717944,0.9414225941422594,1.4301278278188234,0.0,239
308,eval,blind,3.0,0,0.007910073110366154,0.0025939751618832083,0.004323291799801726,0.0,0.0,0.012897150041574464,1.4688938172791293,1.4669931902546265,0.002593975077342061,-0.15867029115164089,0.004362147244725363,0.9916317991631799,1.466993186916472,0.0,239
309,eval,blind,3.0,0,0.4990500914879464,0.077978156638637,0.12996358608817374,0.028718144449728804,0.0,0.01095018936048367,1.160110592842102,1.3671365016175114,0.07797815568796768,-0.1636033791512859,0.15065728953381405,0.39330543933054396,1.367136504719278,0.0,239
310,train,blind,3.0,0,0.03862336533101252,0.008733967501699592,0.014556611639769113,0.0,0.0,0.015546060175046512,1.6686842848067502,1.6718672050093009,0.008733967479932605,-0.19525146391986783,0.1549007388943292,0.5104602510460251,1.67186720870162,0.0,239
311,train,blind,3.0,0,0.5015085087071692,0.17199108846765906,0.2866517780156561,0.20730315728666393,0.02947889006536875,0.015104020791806312,1.397305142430581,1.4595487609069218,0.17011982006401752,-0.21073847557451889,0.4814386183566278,0.1589958158995816,1.4595487596704446,0.0,239
312,train,blind,3.0,0,0.3991743668428696,0.12182413924424071,0.2030402118718606,0.11715481227661277,0.004564473319751947,0.015947857799561826,1.6418125813974995,1.6400607996405916,0.12174163167109019,-0.20351621306812598,0.29015697795186807,0.45188284518828453,1.6400608113038164,0.0,239
313,train,blind,3.0,0,0.15957777750304272,0.03729636915851649,0.06216061145370309,0.007987828122522043,0.0003803727766459956,0.015140417051427534,1.6444594979784977,1.6477385913976565,0.0372882980129331,-0.1911397727333305,0.14062731831805098,0.5690376569037657,1.647738588716646,0.0,239
314,train,blind,3.0,0,0.4722936973789786,0.15092150233124596,0.2515358122728841,0.14777481992374406,0.016546215784100808,0.016267623680265752,1.5290791267630446,1.5344526727828023,0.15002748905748048,-0.20273643925236956,0.391376598712128,0.2928870292887029,1.5344526821840905,0.0,239
315,train,blind,3.0,0,0.24895398218523726,0.07859711840285256,0.13099518344966463,0.07949790826153057,0.005135032484720941,0.01554301445212636,1.5913429619378126,1.6030702134555355,0.07839349753480575,-0.19365273527852844,0.21528828748627557,0.45188284518828453,1.6030702142748117,0.0,239
316,train,blind,3.0,0,0.502091316396975,0.16466126383890836,0.27443541046363196,0.17592240452267635,0.020540129938883763,0.015367519542980145,1.491325180650256,1.5471269373614418,0.1632688375603382,-0.20835307003062767,0.40208908276209976,0.301255230125523,1.5471269552734852,0.0,239
317,train,blind,3.0,0,0.11952208523755692,0.027436178508057563,0.04572696180810332,0.0034233549274660055,0.0003803727766459956,0.01498653138033017,1.6118515228626618,1.610797520960724,0.02742998306065331,-0.2115813020785545,0.4301611323778154,0.2217573221757322,1.6107975156198333,0.0,239
318,train,blind,3.0,0,2.1493512025067902e-05,5.539297794464831e-06,9.232162262671568e-06,0.0,0.0,0.015461615440688995,1.6605944109761066,1.6605990481675919,5.5392945979144155e-06,-0.2000970343057637,0.23122347844149677,0.4351464435146444,1.6605990616131996,0.0,239
319,train,blind,3.0,0,0.497250765612289,0.13784702188227832,0.2297450172534421,0.10041841085236441,0.004374286931428949,0.015979751206108343,1.6468284661301011,1.662637099810724,0.13776388668967424,-0.21214383840075965,0.36496631947535535,0.2928870292887029,1.6626371019587085,0.0,239
320,train,blind,3.0,0,0.005953148992843712,0.0013957009190159156,0.002326168104807484,0.0,0.0,0.01567209220713464,1.6559300208191492,1.6555240159254194,0.0013957010025828765,-0.19748441101958283,0.20338882459420163,0.49372384937238495,1.6555240152856265,0.0,239
321,train,blind,3.0,0,0.37562728849699706,0.12973415341621453,0.21622356307546942,0.15500190292940977,0.005325218873043938,0.017197008548639557,1.6273718770577819,1.6410991601864164,0.12961926998257117,-0.209217634154445,0.35093029466749753,0.2594142259414226,1.641099164111537,0.0,239
322,train,blind,3.0,0,0.09046236122763525,0.019687515490636447,0.032812524018767185,0.0005705591649689933,0.0001901863883229978,0.015110831458324168,1.6342344553400783,1.6270590676423395,0.019685892387334133,-0.19374355087678244,0.18754265705213805,0.502092050209205,1.6270590726552936,0.0,239
323,train,blind,3.0,0,0.4824189044268233,0.15143590161623324,0.2523931442253293,0.1344617727411342,0.0032331686014909623,0.016571996716010895,1.637995353054302,1.6308158446555356,0.15137663522427333,-0.21169103987478277,0.3873408706489807,0.3389121338912134,1.6308158399253783,0.0,239
324,train,blind,3.0,0,0.005378621699537879,0.001436424269075162,0.002394040379836784,0.0,0.0,0.01530234686344488,1.6341013459480955,1.633246629806742,0.0014364243070760579,-0.19383803729894633,0.19074749992581383,0.5355648535564853,1.6332466226635278,0.0,239
325,train,blind,3.0,0,0.27401919350725557,0.08451661048093229,0.1408610034462578,0.0827310771747613,0.003993914154782953,0.015801096401298145,1.6255587778330847,1.645376001192436,0.08438087115093185,-0.19527519610657787,0.19074749992581386,0.49372384937238495,1.6453759952991187,0.0,239
326,train,blind,3.0,0,0.21976542770897894,0.0618781153402988,0.1031301850316633,0.04260174986208832,0.0003803727766459956,0.015931836635295193,1.6409851649316285,1.6365153954118865,0.06186768426622883,-0.1980450197884439,0.24567494584409036,0.41422594142259417,1.6365153982657161,0.0,239
327,train,blind,3.0,0,0.10942615455924436,0.02684338621298464,0.044738974375242345,0.005135032484720941,0.0003803727766459956,0.015186889334796113,1.633924409435384,1.6347622833990152,0.026832193658204283,-0.19032103689066399,0.15086501083118192,0.5313807531380753,1.6347622845059375,0.0,239
328,train,blind,3.0,0,0.06536319171795504,0.012882446026101568,0.02147074166501343,0.0,0.0,0.015214382039546717,1.6383966347163692,1.6400288899573323,0.012882446084255953,-0.19112801530947995,0.15303124721801833,0.5355648535564853,1.6400288892740302,0.0,239
329,train,blind,3.0,0,0.048809969762233514,0.008190121697419625,0.013650202205456758,0.0,0.0,0.01548050912720576,1.6089702014144993,1.612274400110524,0.00819012159356218,-0.19244713521330584,0.19953114335736966,0.45188284518828453,1.6122744009010501,0.0,239
330,eval,blind,3.0,0,0.4488243158769947,0.06898647926481846,0.11497745793197713,0.016546215597056945,0.0,0.01094307401607195,1.0743309655947666,1.244723918797082,0.0689864782379647,-0.15300705002068407,0.13988545654173715,0.6108786610878661,1.244723922529303,0.0,239
331,eval,blind,3.0,0,0.4926731121291847,0.0752015345408619,0.1253358845366226,0.017306961150348934,0.0,0.009389024132387284,0.989603343244377,1.1178490681628304,0.07520153393099052,-0.1426981242319229,0.23297427223359746,0.47280334728033474,1.1178490627172788,0.0,239
332,eval,blind,3.0,0,0.35386675944174084,0.06273987503321615,0.10456645223251802,0.011981742464348862,0.0,0.009935133696911723,1.0328580662296407,1.125911936600338,0.06273987519947483,-0.13988782744849548,0.1455829549838274,0.5690376569037657,1.1259119388607302,0.0,239
333,eval,blind,3.0,0,0.426090166965406,0.0657387246713343,0.10956453413373272,0.016356029333429854,0.0,0.010694622358299448,1.0827344972718211,1.2633577565268992,0.06573872427082175,-0.1471521750462581,0.10249562301551973,0.5606694560669456,1.2633577712385258,0.0,239
334,eval,blind,3.0,0,0.39917434158470244,0.06446610614810228,0.10744350446043141,0.014644351651479011,0.0,0.010756931906745273,1.0721274611840188,1.2226707416598268,0.06446610599454608,-0.14928605569260744,0.15240808332591468,0.6527196652719666,1.2226707351643162,0.0,239
335,eval,blind,3.0,0,0.5010294421648054,0.0667463185151924,0.1112438581376904,0.007987828309565907,0.0,0.009942342334321728,1.1110662743137472,1.2890624376520452,0.06674631844179352,-0.1411495704529005,0.005519451615774948,0.9246861924686193,1.2890624398890027,0.0,239
336,eval,blind,3.0,0,0.0043400218550171355,0.001203091675561763,0.0020051526891361826,0.0,0.0,0.011899103796319982,1.3256534435260245,1.3247984470682663,0.001203091821750669,-0.1465326136998163,0.0,1.0,1.3247984499371117,0.0,239
337,eval,blind,3.0,0,0.4689258159280493,0.06722973243726849,0.11204954873973594,0.007417269144596914,0.0,0.010573102065817956,1.1771126933177645,1.3493572431129393,0.06722973263874249,-0.15306956241516492,0.00400605359209472,0.9330543933054394,1.3493572581885145,0.0,239
338,eval,blind,3.0,0,0.5020820002946379,0.07494355454913618,0.12490591762707862,0.0043742868690809945,0.0,0.008701063667240876,1.248172214839249,1.2652321113702143,0.07494355452695821,-0.15143313035299272,0.022018457520994687,0.8535564853556485,1.2652321128833124,0.0,239
339,eval,blind,3.0,0,0.35386675944174084,0.05250301299970659,0.0875050156864669,0.01293267428126794,0.0,0.010326002880338594,1.0431812734783443,1.1837473738642417,0.05250301298975162,-0.1417126427193848,0.10596753612866852,0.6569037656903766,1.183747385330409,0.0,239
340,train,blind,3.0,0,0.1712039733909204,0.040011097627901254,0.06668515934621176,0.011981742214957042,0.0007607455532919912,0.016002652769183515,1.6579188821704816,1.6611065211156422,0.03999047899726453,-0.20600016897280157,0.29588415086501085,0.3723849372384937,1.6611065233923463,0.0,239
341,train,blind,3.0,0,0.47694583179846367,0.13798157643625672,0.229969272336793,0.13579307677356767,0.006085964426335929,0.015971455906194372,1.53011460159613,1.5739439833114337,0.1377845527983242,-0.198059285157603,0.30852547553339865,0.3389121338912134,1.573943981206224,0.0,239
342,train,blind,3.0,0,0.4955261337087284,0.1439731633270708,0.23995524884746705,0.12495245413550772,0.0038037277664599556,0.016255914134257882,1.6302723874606846,1.6260615482489933,0.1438936117664217,-0.2071718503016504,0.3437490726727796,0.3472803347280335,1.6260615394051048,0.0,239
343,train,blind,3.0,0,0.4797851214425007,0.13309307123754519,0.22182176827514907,0.09357170049864877,0.003993914154782953,0.01570123811271899,1.6110034587493003,1.61104298810081,0.1330062999149959,-0.19387644644014,0.2211341582836286,0.46443514644351463,1.6110429930749701,0.0,239
344,train,blind,3.0,0,0.32300139925731,0.08772458692298211,0.1462076344003618,0.06618486176474822,0.0020920502715529757,0.01650835056964573,1.6378489839980792,1.6441872441619012,0.08768595111643784,-0.19681266153122054,0.2053770141547227,0.45188284518828453,1.6441872507195725,0.0,239
345,train,blind,3.0,0,0.4595582126649525,0.12634732964470002,0.21057886717803037,0.09699505561315863,0.002852795824844967,0.016026952672188625,1.6312359247247545,1.629524246419324,0.12628310239644527,-0.19889993320907162,0.2529155167809134,0.4435146443514644,1.6295242470638023,0.0,239
346,train,blind,3.0,0,0.004841264746033501,0.0007767814632152523,0.001294635721103865,0.0,0.0,0.015152453497504215,1.6181585165247259,1.6185605954924387,0.0007767814006237508,-0.19534363438496538,0.22825603133624142,0.497907949790795,1.6185605898186481,0.0,239
347,train,blind,3.0,0,0.025146201497458203,0.004287959455658775,0.007146598804671713,0.0,0.0,0.015537358101488532,1.6500743610090791,1.6493512100255638,0.004287959447994665,-0.19358084591340924,0.16588029318377398,0.4895397489539749,1.649351213271095,0.0,239
348,train,blind,3.0,0,0.4288286743681341,0.12744661558035392,0.2124110046957357,0.1253328267874578,0.0024724230481989714,0.016356651476393435,1.6144986309765772,1.6461923344364724,0.12739124535079732,-0.20621316033045006,0.31861479569126683,0.3723849372384937,1.6461923316403426,0.0,239
349,train,blind,3.0,0,0.502088449363476,0.14335383279371836,0.23892303344191876,0.12133891269502281,0.005135032484720941,0.01627677503318592,1.5991870997839892,1.594519638366779,0.14324770668096853,-0.19233328310966055,0.23282589987833463,0.4309623430962343,1.5945196370152117,0.0,239
350,train,blind,3.0,0,0.37911919344205136,0.1187330520581146,0.19788839701934163,0.12133891269502281,0.010270064969441882,0.015833931373019222,1.534140488093867,1.5316376723504965,0.11821675518462843,-0.19980152033494095,0.3701000029674471,0.3263598326359833,1.5316376634362658,0.0,239
351,train,blind,3.0,0,0.2864649582486312,0.08148421498308418,0.13580701519574356,0.06865728443885948,0.004374286931428949,0.01584079554187578,1.6038473435525615,1.6027494983194264,0.08137827442006257,-0.19589865517781804,0.2511350485177602,0.4309623430962343,1.6027494926644232,0.0,239
352,train,blind,3.0,0,3.939117242876347e-05,4.481508185410927e-06,7.469179695077576e-06,0.0,0.0,0.015617034123298639,1.5951953238523155,1.5951910946658465,4.481514913388469e-06,-0.19119646350858993,0.20745422712840147,0.5188284518828452,1.5951910963252924,0.0,239
353,train,blind,3.0,0,0.00010017924373394666,3.702323098942661e-05,6.170538059853711e-05,0.0,0.0,0.0160788327619184,1.6268771762129652,1.6268422059933012,3.702322850829462e-05,-0.1995323398523155,0.262441021988783,0.401673640167364,1.6268421974474174,0.0,239
354,train,blind,3.0,0,0.2364116824699286,0.06348581452742312,0.10580968099442178,0.05344237356006351,0.0024724230481989714,0.01527980680160505,1.5921561144385876,1.6069090523480372,0.06340990381359463,-0.2030784907406698,0.33546989524911724,0.33472803347280333,1.6069090513371955,0.0,239
355,train,blind,3.0,0,0.22391449630794566,0.06413465844202791,0.10689109094927056,0.03290224443170316,0.0007607455532919912,0.015814637739959496,1.628046446265536,1.6175482073588352,0.06411745454789682,-0.20286039118213925,0.31437134633075164,0.3682008368200837,1.6175482183680026,0.0,239
356,train,blind,3.0,0,0.00484126768363289,0.0012253092114314842,0.002042181868175294,0.0,0.0,0.015590629756653283,1.6258370611956927,1.6253549204710638,0.0012253091158850701,-0.19436622294112008,0.21012492952313125,0.4769874476987448,1.6253549227157562,0.0,239
357,train,blind,3.0,0,0.00027498420791614755,5.131212260284769e-05,8.552019386557146e-05,0.0,0.0,0.015347817275579628,1.600311959138974,1.600277028822001,5.131215191978151e-05,-0.19228825536685057,0.2142496809994362,0.46443514644351463,1.6002770286207972,0.0,239
358,train,blind,3.0,0,0.4811274396703373,0.14786149097347498,0.24643579612380548,0.14986687019529701,0.007036896367950918,0.015960060900747464,1.5665223775548416,1.5718982935450565,0.14771633463025718,-0.20124225655534594,0.3612570105937861,0.30962343096234307,1.571898291557971,0.0,239
359,train,blind,3.0,0,0.10614912902745642,0.0298842882396278,0.04980714383685051,0.01084062394736701,0.0007607455532919912,0.014840385779177295,1.553396278594827,1.5567733493310139,0.029845840964165798,-0.1918177224563346,0.25312323807828124,0.4100418410041841,1.5567733527652543,0.0,239
360,eval,blind,3.0,0,0.5008256455296923,0.0540343167192979,0.09005719097401185,0.007227082756273916,0.0,0.009532321675068789,0.9600287428959643,1.1391999384848144,0.05403431687017508,-0.13169526080726057,0.012463277842072466,0.9246861924686193,1.1391999298189952,0.0,239
361,eval,blind,3.0,0,0.5010294421648054,0.07755459355681812,0.12925765002886747,0.011601369687702865,0.0,0.00966671723521716,1.0109264316917963,1.1504379745307827,0.07755459324650919,-0.14745313132652282,0.13896554793910798,0.698744769874477,1.1504379685095962,0.0,239
362,eval,blind,3.0,0,0.026644077069207902,0.006435449205824344,0.010725748102303895,0.0,0.0,0.011086605302210133,1.1485632433552124,1.1424703054348295,0.006435449244456938,-0.12519548449687623,0.002195910857888958,0.9874476987447699,1.1424702992393663,0.0,239
363,eval,blind,3.0,0,0.04055127557113798,0.008676950050974323,0.014461582547661831,0.0,0.0,0.010730946843734471,1.1409650459947944,1.1337268217836962,0.008676949941591412,-0.12454848620779493,0.001572746965785335,0.9916317991631799,1.1337268231979936,0.0,239
364,eval,blind,3.0,0,0.4881335476829956,0.04338788782439665,0.07231314260933074,0.004564473319751947,0.0,0.010455144265331484,0.9621503492778315,1.1897886649834062,0.04338788767476765,-0.139857730014801,0.0007715362473663907,0.9623430962343096,1.1897886629039898,0.0,239
365,eval,blind,3.0,0,0.4615407718850152,0.0391663395685747,0.06527722852820166,0.005895778038012931,0.0,0.009430029254141712,0.8958696845186306,1.0620943031051668,0.03916633938268769,-0.13489246367566562,0.24217335825988903,0.49372384937238495,1.0620943025565122,0.0,239
366,eval,blind,3.0,0,0.023700630373153914,0.005915373880925168,0.009858955981825561,0.0,0.0,0.010795775068354906,1.142015935985613,1.1366122861287584,0.005915373788133876,-0.12519720204433787,0.004747915368408558,0.9874476987447699,1.136612285016548,0.0,239
367,eval,blind,3.0,0,0.29880202014860646,0.03540604952435403,0.05901007904927709,0.005325218873043938,0.0,0.01144853324695611,1.0787665679365022,1.2018654321526883,0.03540604927420112,-0.1473808479048187,0.047093385560402386,0.7656903765690377,1.2018654314977608,0.0,239
368,eval,blind,3.0,0,0.1751345835546242,0.013798613676988368,0.022997688178704158,0.0,0.0,0.010121737106091433,1.0456963124135548,1.1093714277115825,0.013798613683168365,-0.12043542939043288,0.003115819460518116,0.9874476987447699,1.1093714192152424,0.0,239
369,eval,blind,3.0,0,0.022306911853421187,0.001675066159660677,0.0027917768546933197,0.0,0.0,0.010871527558699188,1.098596642705686,1.103076693652564,0.0016750662015430984,-0.12418157571196248,0.00014837235526276744,0.99581589958159,1.1030766955536961,0.0,239
370,train,blind,3.0,0,0.4595581971330663,0.13762733583676875,0.22937887065572835,0.13522251885555778,0.005135032484720941,0.016427454285354793,1.5932071361082867,1.6059018573002835,0.13749519021118306,-0.20196913224287974,0.32146354491231194,0.28870292887029286,1.6059018586696427,0.0,239
371,train,blind,3.0,0,0.47694583179846367,0.14893916681750213,0.24823192018018775,0.1456827695898431,0.006656523591304923,0.01612643849408589,1.5356209507547163,1.5437954459729055,0.14875286887779632,-0.1957289316382359,0.32633015816493066,0.3263598326359833,1.5437954466786215,0.0,239
372,train,blind,3.0,0,0.48813355436147227,0.14658935393721756,0.24431556563550852,0.11867630332084879,0.0017116774949069802,0.016336850426452054,1.6184547476189906,1.612141826412169,0.1465634731653477,-0.20440635373505192,0.3343125908780676,0.3305439330543933,1.6121418307543265,0.0,239
373,train,blind,3.0,0,0.34633044898022886,0.09818544556445843,0.1636423936293133,0.10422213874352028,0.002852795824844967,0.015409925099166118,1.5972959870573866,1.6004651542986785,0.09814090182619689,-0.19281807860728017,0.19074749992581386,0.5230125523012552,1.6004651540402095,0.0,239
374,train,blind,3.0,0,0.4417291495469365,0.1357531806731523,0.22625528505667714,0.11220996624256278,0.005515405261366936,0.015381077507113313,1.5460074598819142,1.5436819766854641,0.13556533717925642,-0.2004328347264774,0.35739932935695423,0.30962343096234307,1.5436819825709656,0.0,239
375,train,blind,3.0,0,0.24895395069227458,0.061846873792586785,0.10307811349261382,0.04887790055205134,0.0011411183299379866,0.015952173474334398,1.6192436415281255,1.615166628709897,0.061821037926100754,-0.20175324387206384,0.3078726371702425,0.3389121338912134,1.6151666291621722,0.0,239
376,train,blind,3.0,0,0.4934485877536371,0.13925058863758172,0.23208428998568478,0.11163940695289787,0.0032331686014909623,0.017034145467622386,1.5754744794578233,1.602723545359767,0.13918020723273863,-0.20046326362968972,0.3057954241965637,0.32217573221757323,1.602723547213764,0.0,239
377,train,blind,3.0,0,0.015004510717528821,0.003971232470598902,0.006618720383930583,0.0,0.0,0.015404891099967842,1.6391603123692788,1.637026696025577,0.0039712322144334405,-0.19383269214059123,0.1988783049942135,0.5146443514644351,1.6370266956555863,0.0,239
378,train,blind,3.0,0,0.36491424218167223,0.11875156899734225,0.19791925907560973,0.13351084154769466,0.005325218873043938,0.01626360756208707,1.5696372694051415,1.5824742012941688,0.11861136698828441,-0.20063446700365667,0.32947565209650137,0.35564853556485354,1.5824742043638134,0.0,239
379,train,blind,3.0,0,0.16342436824145895,0.04481439246424145,0.07469064910039082,0.023963484616957947,0.0003803727766459956,0.01513988157406948,1.5910529738689567,1.588997666556466,0.04480368822085773,-0.1884561979939744,0.18407074393898928,0.45188284518828453,1.588997666206216,0.0,239
380,train,blind,3.0,0,0.2531380511106846,0.0796575384403056,0.13276255225872807,0.07987828066408884,0.0020920502715529757,0.016366480506769532,1.6334662053375564,1.630964835817345,0.07962874301204362,-0.21570186968875468,0.4407845930146296,0.23430962343096234,1.630964840534383,0.0,239
381,train,blind,3.0,0,0.4948741555965635,0.14668086823980178,0.24446809402355002,0.13503233178140728,0.0030429822131679647,0.016267880805179664,1.6189061737459574,1.5974960307197092,0.14662806226464697,-0.2085486315903432,0.3715837265200749,0.3263598326359833,1.5974960326643064,0.0,239
382,train,blind,3.0,0,0.4900851427265331,0.1475126932026983,0.24585446652248927,0.13236972315540874,0.006656523591304923,0.01586855549334108,1.5693511204739494,1.5538387784898031,0.14730458170131167,-0.19705300876190782,0.33217602896228376,0.3514644351464435,1.5538387684247985,0.0,239
383,train,blind,3.0,0,0.3501149740058049,0.10402482097886749,0.17337468700400574,0.09908710600940752,0.0019018638832299778,0.01623371882543404,1.610689198621646,1.6062640158701142,0.10397974249774287,-0.20745206191877164,0.36128668506483874,0.30962343096234307,1.606264029788754,0.0,239
384,train,blind,3.0,0,0.5018883339752502,0.14760584279646838,0.2460097141993326,0.13046785852400328,0.002852795824844967,0.015498490033819336,1.5746480765203053,1.56571767045863,0.14753231248192666,-0.19335858813484744,0.2708982462387608,0.3723849372384937,1.5657176710789678,0.0,239
385,train,blind,3.0,0,0.026644077069207902,0.005620551865180932,0.009367585728389078,0.0,0.0,0.01543683728795483,1.6032046920086052,1.5998887442145886,0.005620551850773622,-0.1910731687797558,0.21371554052049022,0.5146443514644351,1.599888749395363,0.0,239
386,train,blind,3.0,0,0.1751345835546242,0.04624751976200562,0.07707919448300676,0.02947888969128102,0.002662609436521969,0.015070871950738973,1.5820142601823208,1.584037228857623,0.04616738754849093,-0.187458597556605,0.17617733463901006,0.4895397489539749,1.5840372300912655,0.0,239
387,train,blind,3.0,0,0.36491424218167223,0.11902609181144201,0.19837679606609077,0.12818562304873846,0.012742487955292897,0.01668601652420278,1.5233569516796448,1.5386191080304867,0.1184494106353356,-0.19942076630918176,0.3404552063859462,0.3389121338912134,1.5386191041051416,0.0,239
388,train,blind,3.0,0,0.11611346518928935,0.026645999481356226,0.04440999566852126,0.0060859643016400195,0.0007607455532919912,0.015248466680551173,1.5499010081071734,1.5457967537217558,0.026616353854212422,-0.19001124097655708,0.2529155167809134,0.40585774058577406,1.545796739864478,0.0,239
389,train,blind,3.0,0,0.19514417073502602,0.059267661695416814,0.09877942898414228,0.04222137702309437,0.0024724230481989714,0.015700228438248944,1.5413808386196153,1.5469925620565854,0.05917451363920271,-0.19272732437227955,0.2668328437045609,0.41841004184100417,1.5469925603409107,0.0,239
390,eval,blind,3.0,0,0.30694783156671684,0.03890010827974997,0.06483351042932319,0.004754659708074945,0.0,0.013072522477905371,1.0410011585287469,1.1444416554901888,0.03890010816007721,-0.13783839563128727,0.01566812071574824,0.8786610878661087,1.1444416619011848,0.0,239
391,eval,blind,3.0,0,0.4595582126649525,0.03393050336338522,0.05655083578034213,0.005135032484720941,0.0,0.0118432135874538,0.7690448395627313,0.9890239287370418,0.03393050381137415,-0.11460920726772138,0.0009792575447342652,0.9623430962343096,0.9890239294702328,0.0,239
392,eval,blind,3.0,0,0.019673128869098604,0.0034106543095415616,0.005684423584003434,0.0,0.0,0.01355835816639799,1.0540611212722426,1.0525042806210378,0.0034106543703369065,-0.11806373604582769,0.00020772129736787442,0.99581589958159,1.0525042768393649,0.0,239
393,eval,blind,3.0,0,0.5017308978531066,0.052971686043823574,0.08828613911068581,0.0013313047182609845,0.0,0.01060051523016524,0.874185533204338,1.045583833959811,0.05297168632128415,-0.13044649768980932,0.01700347191311315,0.7949790794979079,1.0455838276906673,0.0,239
394,eval,blind,3.0,0,6.514758795400435e-05,4.379983963254863e-06,7.299972970195009e-06,0.0,0.0,0.01467797892542252,1.0193455219268799,1.0193513943560453,4.379980530768582e-06,-0.11967492332294123,0.0766194842576931,0.7531380753138075,1.0193513966803662,0.0,239
395,eval,blind,3.0,0,0.05557842856955229,0.0062613152187174165,0.010435524888106019,0.0,0.0,0.013646415750414257,0.9558044784238647,0.954003108096422,0.006261315031125572,-0.1119432561117723,0.045134870470933855,0.8158995815899581,0.9540031067639312,0.0,239
396,eval,blind,3.0,0,0.007217873016016257,0.0008479999515090248,0.0014133332161961399,0.0,0.0,0.01373486522055196,0.9953042897220435,0.9953386803551199,0.0008480000285991657,-0.1161995637911344,0.04691533873408707,0.8242677824267782,0.9953386835350844,0.0,239
397,eval,blind,3.0,0,0.215627043554328,0.016918641987556757,0.028197735028656076,0.0007607455532919912,0.0,0.012836424495526064,0.9678608114250534,1.063411557524773,0.01691864204651028,-0.12014912878366812,0.016528680376272295,0.8870292887029289,1.0634115515160376,0.0,239
398,eval,blind,3.0,0,0.5018883339752502,0.04395947158530259,0.07326578250360406,0.0030429822131679647,0.0,0.009733180575867702,0.8176991153960448,0.9364136431257096,0.04395947149519031,-0.11325124435352434,0.02655865159203537,0.7322175732217573,0.9364136465892116,0.0,239
399,eval,blind,3.0,0,0.36491424218167223,0.052004034146463776,0.0866733858915361,0.008748573800509944,0.0,0.01134008126115138,0.9308821067650448,1.0254557746224822,0.052004034577100004,-0.13218365947207317,0.21849313035995135,0.5355648535564853,1.0254557809682754,0.0,239
400,train,blind,3.0,0,0.0005835234280700004,0.00014189470109527845,0.00023649116602622044,0.0,0.0,0.01575741884941586,1.619537532828343,1.6194251548795022,0.0001418947173824639,-0.19147254442505643,0.18864061248108252,0.5230125523012552,1.619425152248046,0.0,239
401,train,blind,3.0,0,0.048809969762233514,0.011895335131077567,0.019825557451429127,0.0,0.0,0.01658470994913678,1.6441254306537836,1.6336541180830122,0.011895335266200319,-0.19629883682354926,0.2203032730941571,0.4225941422594142,1.6336541350298062,0.0,239
402,train,blind,3.0,0,0.48485144005920816,0.14693620454567904,0.24489365143092082,0.13902624574914638,0.0034233549898139604,0.016631770730953836,1.6407024511233532,1.6272433779229678,0.14687296974881983,-0.20472916071935168,0.30285765156236094,0.4393305439330544,1.6272433714684342,0.0,239
403,train,blind,3.0,0,0.5020705397688578,0.12871033399724527,0.2145172056652311,0.08254089091113422,0.0030429822131679647,0.015852302135548956,1.5583664832254833,1.533539549326797,0.12864470284536564,-0.1855306309024388,0.22804831003887352,0.401673640167364,1.533539536759899,0.0,239
404,train,blind,3.0,0,0.12999683991421615,0.03943189668832503,0.06571982498431399,0.017306960900957114,0.0,0.01629034294961137,1.6051749993567686,1.6014254382464677,0.039431897022653754,-0.20195923333775723,0.3219976853912579,0.35564853556485354,1.601425439252747,0.0,239
405,train,blind,3.0,0,0.06036286422683006,0.012913851299051952,0.021523084335377883,0.0005705591649689933,0.0001901863883229978,0.015884281299758905,1.597450224924287,1.6038560263781367,0.01291086128335965,-0.19492202708353046,0.24520015430724948,0.4811715481171548,1.6038560268004456,0.0,239
406,train,blind,3.0,0,0.3649142709313249,0.1152815517001514,0.1921359017558864,0.1087866111280529,0.012552301629317855,0.015772851065159715,1.5397569666846527,1.5500379267098017,0.11460364409646431,-0.1943752996798825,0.27531974242559126,0.4100418410041841,1.5500379208366764,0.0,239
407,train,blind,3.0,0,0.5019918540521879,0.16040774416532064,0.2673462143801653,0.16755420324942058,0.01635602939577781,0.015501203461624214,1.5054250289705509,1.5093246222041141,0.15953850150043036,-0.19438077871802856,0.3165375827175881,0.41841004184100417,1.5093246233254825,0.0,239
408,train,blind,3.0,0,0.4465136047263696,0.13760356627320347,0.22933925144117215,0.13446177305287396,0.004564473319751947,0.016763561859212534,1.5897995293389804,1.5814162205951483,0.13750588277323753,-0.1987201210493098,0.30784296269918987,0.3514644351464435,1.5814162137364347,0.0,239
409,train,blind,3.0,0,0.49099224892631954,0.15512435181861514,0.2585405626184286,0.14054773716747013,0.0034233549898139604,0.01677473316117186,1.6210052727655386,1.6146468036344361,0.1550538106041519,-0.20211605934641677,0.296269918988694,0.401673640167364,1.6146467988052209,0.0,239
410,train,blind,3.0,0,0.01609831423724945,0.003939966758449852,0.006566610916958007,0.0,0.0,0.016227426116498942,1.6212916040021506,1.621845463329778,0.003939966731933705,-0.19667100226497605,0.24988872073355295,0.42677824267782427,1.6218454734106535,0.0,239
411,train,blind,3.0,0,0.005378621699537879,0.001616687271045186,0.0026944785536234957,0.0,0.0,0.015743682188250778,1.5859800085861813,1.5841076755623438,0.0016166871463036115,-0.18799037372928148,0.18128134366004928,0.5271966527196653,1.5841076656701605,0.0,239
412,train,blind,3.0,0,0.15197702979228886,0.04125096615122655,0.06875160680425005,0.02130087530513189,0.0001901863883229978,0.015068356382220236,1.5753178362068272,1.5786547536131728,0.04125022161151034,-0.20256880000056923,0.35980296151221103,0.29707112970711297,1.5786547498605812,0.0,239
413,train,blind,3.0,0,0.35386675944174084,0.11521813118181028,0.19203019429624268,0.1259033859524268,0.002662609436521969,0.016205007681880285,1.6165069366598728,1.5939588387142165,0.11516528279353072,-0.2109412069662373,0.430784296269919,0.2928870292887029,1.5939588411946808,0.0,239
414,train,blind,3.0,0,0.38597856810663256,0.11523404076148863,0.19205671711002864,0.10041841035358078,0.008748573862857899,0.015960179547931237,1.5291487110708548,1.5244303849451712,0.11483650974655403,-0.19254973981116846,0.29116590996765485,0.3891213389121339,1.5244303925584657,0.0,239
415,train,blind,3.0,0,0.14822527385418105,0.04476681566620945,0.07461135460382222,0.02567516198716902,0.0005705591649689933,0.015962979349085603,1.588246977728281,1.5958373167524778,0.04476202583109663,-0.18878754439250314,0.1757025431021692,0.49372384937238495,1.5958373257422462,0.0,239
416,train,blind,3.0,0,0.14082453795319042,0.03739212248901784,0.062320199193126424,0.015785470106112906,0.0009509319416149889,0.015568826254067561,1.5954234360650992,1.5992762940199305,0.037377631973015704,-0.18571774000090302,0.13982610759963204,0.5439330543933054,1.5992762831425213,0.0,239
417,train,blind,3.0,0,0.26150266818706364,0.07221467567367684,0.12035778203474871,0.05933815184746826,0.0015214911065839823,0.01624078669285238,1.5963048017174628,1.5983402916078289,0.07218180623688618,-0.1940024269418187,0.23205436363096826,0.4225941422594142,1.5983402929470714,0.0,239
418,train,blind,3.0,0,0.000463527011177035,0.00011033606555977267,0.00018389343255331982,0.0,0.0,0.015273071246837348,1.612402543363212,1.6124528092819277,0.00011033601724619638,-0.19518135822228194,0.23828600255200447,0.4476987447698745,1.6124528028496234,0.0,239
419,train,blind,3.0,0,0.31501783161268476,0.09617585925488316,0.16029308456819463,0.08729555005807757,0.0038037277664599556,0.01608846025058228,1.583998317499041,1.588677645228398,0.09606739409568317,-0.19678019901833108,0.28181845158610047,0.40585774058577406,1.5886776395096796,0.0,239
420,eval,blind,3.0,0,0.49267310757053845,0.030619779327307355,0.05103296294523012,0.0003803727766459956,0.0,0.009343200406083003,0.7931666409121397,0.8995647707244842,0.03061977925657987,-0.10953691019699806,0.09759933529184842,0.7447698744769874,0.8995647774927208,0.0,239
421,eval,blind,3.0,0,0.1751345835546242,0.015347618497574456,0.025579362778101706,0.0,0.0,0.012816024383054618,1.0639893734305474,1.0791905135789177,0.015347618328644378,-0.1358014780612776,0.13424730704175197,0.7071129707112971,1.0791905167107403,0.0,239
422,eval,blind,3.0,0,0.07326333691171423,0.006061076820077531,0.010101794234432415,0.0,0.0,0.013757771212280296,1.102804204659482,1.1178240698750548,0.006061076858968895,-0.12733044012122055,0.010920205347339685,0.9707112970711297,1.1178240646693225,0.0,239
423,eval,blind,3.0,0,0.4510805060552793,0.031381453871701416,0.05230242020981951,0.0,0.0,0.011569796046281085,0.9570010521421871,1.038669374697378,0.031381453934719125,-0.11794695264767344,0.0,1.0,1.0386693722776912,0.0,239
424,eval,blind,3.0,0,0.09350418227249328,0.00812506742859951,0.013541778406529165,0.0,0.0,0.01386031184820887,1.1098146610678987,1.10543248618497,0.008125067345763189,-0.13114634189429744,0.01626161013679931,0.8870292887029289,1.1054324913787024,0.0,239
425,eval,blind,3.0,0,0.3720951933817057,0.0289305718026877,0.04821761697847357,0.0009509319416149889,0.0,0.012280036217950005,1.0009188095894817,1.0641633289628447,0.0289305718335268,-0.12148172520881105,0.003323540757885992,0.899581589958159,1.0641633203661394,0.0,239
426,eval,blind,3.0,0,0.426090166965406,0.028575200204746982,0.04762533153555839,0.0,0.0,0.011533990714730205,0.9349981244637876,0.947300894489847,0.02857520023561653,-0.11011511750410735,0.0,1.0,0.947300895883945,0.0,239
427,eval,blind,3.0,0,0.07879225602993307,0.016891570230380917,0.028152615821698222,0.0,0.0,0.015416884950701162,1.2612485835741754,1.2175002182876715,0.01689157011436136,-0.13750239788987142,0.0028190747499925815,0.9916317991631799,1.217500223440448,0.0,239
428,eval,blind,3.0,0,0.4175653372727219,0.04628461006676041,0.07714101195831737,0.005325218748348029,0.0,0.012377159831710316,1.009634101989379,1.1429168332570767,0.04628461005525283,-0.1331041264065478,0.12584943173387933,0.7615062761506276,1.1429168329470067,0.0,239
429,eval,blind,3.0,0,2.1493512025067902e-05,4.941244636078766e-06,8.235407488325136e-06,0.0,0.0,0.015704305717822897,1.2503963419583053,1.2503829526103192,4.941251896814712e-06,-0.14085885996292977,0.0,1.0,1.2503829448965078,0.0,239
430,train,blind,3.0,0,0.48366004122113304,0.13461130619711276,0.22435215522239724,0.12133891213389121,0.003993914154782953,0.01620928616609783,1.5473828944202248,1.5707339951184005,0.1344910359728289,-0.191830508799857,0.24514080536514435,0.4100418410041841,1.5707339947384755,0.0,239
431,train,blind,3.0,0,0.02096458594954064,0.00415548702139516,0.006925811298661836,0.0,0.0,0.015613571105517103,1.577251388936861,1.5765986547310482,0.004155486970554787,-0.1943987584334296,0.2700376865782368,0.4476987447698745,1.576598652767438,0.0,239
432,train,blind,3.0,0,0.2864649897415939,0.087807320063407,0.14634551894545378,0.09357170012456104,0.005515405261366936,0.01512162897844943,1.5432486863315853,1.5497526481560584,0.08759196827160705,-0.1877562097058258,0.20246891599157246,0.497907949790795,1.5497526484414765,0.0,239
433,train,blind,3.0,0,0.5000638237883528,0.15879793351410307,0.2646631977740562,0.13446177323991784,0.002852795824844967,0.015986610410509,1.5946257979800014,1.6144970236463028,0.15874328322863382,-0.19914115066252577,0.2792664470755809,0.3682008368200837,1.6144970298725763,0.0,239
434,train,blind,3.0,0,0.21150077816593815,0.053918883241677124,0.08986479989019179,0.032902244743442936,0.0001901863883229978,0.015683688874118747,1.5631304545382576,1.5609820497584643,0.05391804835036744,-0.19029146775867506,0.2229739754888869,0.4225941422594142,1.560982043165384,0.0,239
435,train,blind,3.0,0,0.03674999346555246,0.00799796106739488,0.013329934710767032,0.0,0.0,0.015569841658704326,1.6170324710622492,1.6164474582073578,0.00799796104232479,-0.19056403457321322,0.16525712929167036,0.5188284518828452,1.6164474455673992,0.0,239
436,train,blind,3.0,0,0.0010625911311165598,0.00029402142746186966,0.0004900356890559664,0.0,0.0,0.016031032584015295,1.6434172688667745,1.643286292273629,0.0002940213578227356,-0.198080803311413,0.24718834386777055,0.4895397489539749,1.6432863011356933,0.0,239
437,train,blind,3.0,0,0.4967134153445068,0.1433842905721291,0.2389737941489805,0.12343096284187988,0.007607455532919911,0.016084085937558234,1.5086582018740506,1.4927578767972012,0.14303078428204888,-0.1919764959719596,0.3223537790438886,0.3472803347280335,1.4927578746468795,0.0,239
438,train,blind,3.0,0,0.5019918537838604,0.1485801541942439,0.24763357050218945,0.10270064657702106,0.0032331686014909623,0.016367233648631237,1.6358510634889163,1.6073024018539046,0.14852738940492116,-0.20243422207973652,0.31956437876494853,0.3305439330543933,1.6073024037955495,0.0,239
439,train,blind,3.0,0,0.20328998215313637,0.055648946044468524,0.09274823750818838,0.0334728035343242,0.0015214911065839823,0.01639421421559099,1.622908368769051,1.6232305475857467,0.055607241288031586,-0.20021261411369962,0.2810172408676815,0.41841004184100417,1.623230551878415,0.0,239
440,train,blind,3.0,0,0.14082453795319042,0.040145463942596764,0.06690910143253981,0.022441993136286236,0.0005705591649689933,0.01584729839069574,1.6096261629998434,1.6150333796584955,0.040135147661629726,-0.19326370707648807,0.19602955577316836,0.4811715481171548,1.615033378824986,0.0,239
441,train,blind,3.0,0,0.0023364956484850357,0.0004253486715250227,0.0007089143961124418,0.0,0.0,0.0163338663792978,1.5998776163516184,1.5997243585945673,0.00042534875589112116,-0.18563684436145064,0.13074571945755065,0.5732217573221757,1.599724353985048,0.0,239
442,train,blind,3.0,0,0.500344105122346,0.14833604252887186,0.24722671476537392,0.11449220315183056,0.007227082756273916,0.01610618074147896,1.548108331578546,1.5484087033251839,0.14807270251928217,-0.19580521180625757,0.3013442535386806,0.3305439330543933,1.5484086998059896,0.0,239
443,train,blind,3.0,0,0.3959428790102983,0.11395686616164327,0.18992809027362278,0.10460251102138264,0.0011411183299379866,0.015558060061841206,1.5836617445347199,1.570536565581126,0.11393756858052413,-0.20576832670052753,0.3883201281937149,0.3514644351464435,1.570536559704175,0.0,239
444,train,blind,3.0,0,0.3190210646045298,0.10065070566512176,0.16775115661722,0.11220996568143118,0.011411183299379868,0.0159592400831034,1.5252880533868798,1.5309105844677242,0.10000737928063268,-0.19944564600994294,0.36009970622273657,0.29707112970711297,1.5309105894488788,0.0,239
445,train,blind,3.0,0,0.39917434158470244,0.12371556783071196,0.2061925927394985,0.1125903392686006,0.01122099691105687,0.016004011229802873,1.5072450712634928,1.5078080865129766,0.12321366602707134,-0.2010866850002091,0.3932164159173862,0.3179916317991632,1.5078080932253357,0.0,239
446,train,blind,3.0,0,0.0038738003089876893,0.000815104989114044,0.0013585082738378736,0.0,0.0,0.016312324736173806,1.6286707338428896,1.6293030757784344,0.000815104968260358,-0.19188339823421663,0.17139974479954895,0.5439330543933054,1.6293030791298628,0.0,239
447,train,blind,3.0,0,0.31501783161268476,0.09950903902781609,0.16584838190653983,0.097375429262676,0.003993914154782953,0.016381001674714322,1.6062457374449055,1.6060878903795985,0.09941542305836014,-0.20002798186535342,0.30092881094394486,0.4100418410041841,1.6060878909215828,0.0,239
448,train,blind,3.0,0,0.16342433874363083,0.0470311214982708,0.07838519622655668,0.023012552675342957,0.0,0.01623175616637184,1.599014724148866,1.598549596934139,0.04703112094869246,-0.1984766732759752,0.27603192973085255,0.35564853556485354,1.5985495941863506,0.0,239
449,train,blind,3.0,0,0.0010625928217568533,0.0003061493222642384,0.000510248860759416,0.0,0.0,0.016560518525727874,1.615456182088812,1.615141680549877,0.00030614931402931565,-0.1947673102080774,0.22157927534941688,0.4309623430962343,1.6151416762379696,0.0,239
450,eval,blind,3.0,0,0.4909922425595826,0.05964631618109067,0.09941052181945059,0.0,0.0,0.011081693395894317,0.9156461996513431,0.9598966582549666,0.05964631605995663,-0.12216804736008786,0.00952550520786967,0.899581589958159,0.9598966608445849,0.0,239
451,eval,blind,3.0,0,0.3959428790102983,0.03819432984045721,0.0636572141425463,0.0038037277664599556,0.0,0.012225071024773135,0.9806331039472604,1.0758764589182004,0.03819433009210184,-0.12934515629979004,0.09115997507344431,0.6736401673640168,1.0758764568872174,0.0,239
452,eval,blind,3.0,0,0.1335682206150051,0.014062921399877516,0.02343820152329583,0.0,0.0,0.011999162149744178,0.9799965630016566,0.964387532183316,0.014062921266687916,-0.11145851731993384,0.03911095284726549,0.9288702928870293,0.9643875338123369,0.0,239
453,eval,blind,3.0,0,0.30694783156671684,0.03691519304588666,0.06152531948793245,0.0001901863883229978,0.0,0.012379968131670268,0.942428550959631,0.9723416354865708,0.036915193140519775,-0.10917920605330998,0.0012760022552597999,0.9832635983263598,0.972341633648939,0.0,239
454,eval,blind,3.0,0,0.025146201497458203,0.0073670615226497475,0.0122784354811545,0.0,0.0,0.01368851933207472,1.0859628137684267,1.0603549976727953,0.007367061477076072,-0.1187257285495287,0.001097955428944479,0.99581589958159,1.060354998905206,0.0,239
455,eval,blind,3.0,0,0.0034414851706437025,0.0002782779228707939,0.0004637965082784454,0.0,0.0,0.014239365735703058,1.0322370815975397,1.032139892857444,0.00027827790815144034,-0.11469647650478988,0.0,1.0,1.0321398911465114,0.0,239
456,eval,blind,3.0,0,0.43151489933949033,0.052235749208802605,0.08705957564946643,0.009699505555081069,0.0,0.01136769902226067,0.960507702877332,1.0456802014526463,0.052235749285276266,-0.14121088281549155,0.3069824030386659,0.5146443514644351,1.0456801969811254,0.0,239
457,eval,blind,3.0,0,0.44651358694995696,0.04666186173382515,0.0777697652160306,0.00475465964572699,0.0,0.010556812852106709,0.8882115654117393,0.979971035255049,0.046661861858916825,-0.1319432200755014,0.31493516128075016,0.4811715481171548,0.9799710344520437,0.0,239
458,eval,blind,3.0,0,0.1335682206150051,0.00988529008387848,0.016475482680548662,0.0,0.0,0.011884642042079356,0.9256656875670206,0.9226984788184386,0.009885290041349139,-0.1057241106081668,0.0,1.0,0.9226984777021913,0.0,239
459,eval,blind,3.0,0,0.382569948058365,0.033294587462938834,0.0554909748690121,0.0017116774949069802,0.0,0.011068911009144708,0.91841744428898,0.9944936225354422,0.03329458771272641,-0.1201453275959545,0.10914270453129173,0.7196652719665272,0.9944936287430725,0.0,239
460,train,blind,3.0,0,0.013958478934449634,0.0036492031505080545,0.006082005059256688,0.0,0.0,0.0157365705954324,1.6247543076591013,1.6246967819445304,0.0036492032085634987,-0.19553836908890554,0.21884922401258194,0.46443514644351463,1.624696777763508,0.0,239
461,train,blind,3.0,0,0.10614915428562363,0.02506930234333416,0.04178216789908041,0.007607455470571957,0.0001901863883229978,0.015169693118109364,1.5760569011317138,1.568121543239849,0.025062862001337543,-0.1893294750347008,0.22202439241520522,0.4811715481171548,1.5681215487552003,0.0,239
462,train,blind,3.0,0,0.5020705397838968,0.13466553984051713,0.22444254799581462,0.10631418801750599,0.005515405261366936,0.015313645254890727,1.5407958993353106,1.537728715890621,0.1345098977213623,-0.1889243365688992,0.24597169055461587,0.4435146443514644,1.5377287089406722,0.0,239
463,train,blind,3.0,0,0.4204580038737225,0.13693060540782392,0.22821765260485175,0.1494864977303908,0.007987828309565907,0.016876864083360678,1.5715591478547293,1.5748742574428414,0.13662467204016762,-0.19731690089146436,0.3013442535386807,0.3472803347280335,1.5748742649395304,0.0,239
464,train,blind,3.0,0,0.41462239765982967,0.11789973263064848,0.19649953859206484,0.0909090909374309,0.003613541378136958,0.01582087120275056,1.5664662282337205,1.5538076414223994,0.117823048595615,-0.18882389325898805,0.21772159411258493,0.4686192468619247,1.5538076428565033,0.0,239
465,train,blind,3.0,0,0.020964593625584595,0.004671817161899038,0.007786361389411331,0.0,0.0,0.015446634214979335,1.5669907620761185,1.5658409171523409,0.004671817119910065,-0.18656916743370838,0.19864090922579308,0.497907949790795,1.5658409156978763,0.0,239
466,train,blind,3.0,0,0.009418921166737213,0.002087007833826921,0.0034783462230342627,0.0,0.0,0.01575369799361568,1.6048888748659749,1.6039707483606858,0.002087007811770723,-0.19516743421168842,0.24890946318881862,0.40585774058577406,1.6039707534373124,0.0,239
467,train,blind,3.0,0,0.10291766645305227,0.03382868393131975,0.05638113577427183,0.011030810522733872,0.0007607455532919912,0.015403099523693573,1.5935676656507547,1.5928431639611471,0.033810830976332786,-0.19186038268634276,0.21018427846523635,0.502092050209205,1.592843168965388,0.0,239
468,train,blind,3.0,0,0.4615407577247839,0.135786422960698,0.22631068311827857,0.12381133593026564,0.0020920502715529757,0.01637267824223413,1.6059378081285804,1.581419151198415,0.13575478259897322,-0.20636698790431793,0.37280037983322944,0.27615062761506276,1.5814191579101178,0.0,239
469,train,blind,3.0,0,0.5012103088587818,0.15500878716473335,0.25834795142112105,0.15424115706437802,0.008748573862857899,0.016147713917288073,1.5366675950992057,1.5462402818592023,0.15472042394473978,-0.19285613462301643,0.285171666815039,0.401673640167364,1.5462402807977382,0.0,239
470,train,blind,3.0,0,0.27817753698797626,0.08383307088222856,0.1397217723111132,0.07664511218729378,0.004374286931428949,0.01582735638761558,1.54859885211769,1.5502791743896995,0.08366542940171583,-0.1917430370024169,0.25012611650197336,0.41841004184100417,1.5502791779957166,0.0,239
471,train,blind,3.0,0,0.5020705397688578,0.1689548210168628,0.2815913377082142,0.17858501283693512,0.007417269144596914,0.016769024712972685,1.5670643114644613,1.6013784263922082,0.16873754895948948,-0.2020416775955235,0.33472803347280333,0.3598326359832636,1.6013784368096067,0.0,239
472,train,blind,3.0,0,0.023700630373153914,0.005287964460305725,0.008813273878483746,0.0,0.0,0.01644347616077779,1.622292352520771,1.6200850017399968,0.005287964698722721,-0.18796895933949084,0.1344847028101724,0.5857740585774058,1.6200850018121968,0.0,239
473,train,blind,3.0,0,0.001494409176462552,0.0003424845772581545,0.0005708076124662576,0.0,0.0,0.015983780877173694,1.6111172123434154,1.6109177727080788,0.0003424846470342836,-0.19331513550021628,0.22427965221519922,0.4476987447698745,1.6109177662689758,0.0,239
474,train,blind,3.0,0,0.36852381268091683,0.13228560489699107,0.22047598539874985,0.16603271289101207,0.023963484866349766,0.015631018831905086,1.4669225821933987,1.4921489961476506,0.1309627569662248,-0.20642451924161126,0.43161518145939054,0.26778242677824265,1.492148995725192,0.0,239
475,train,blind,3.0,0,0.4754479658978925,0.14141654233470674,0.23569421960302983,0.10536325657467463,0.006656523591304923,0.016531806939893312,1.5669586409085965,1.5555382535547393,0.14119484626335407,-0.1930897690064564,0.2720852250808629,0.41422594142259417,1.5555382515782241,0.0,239
476,train,blind,3.0,0,0.28350903570664104,0.10206338654466157,0.1701056257866598,0.12396694261790354,0.0029515939486491217,0.01644012321681752,1.616121317401077,1.6193467822425809,0.1020122236008146,-1.0679270683989583,0.2787141936078107,0.38961038961038963,1.6193467823342074,0.004329004329004329,231
477,train,blind,3.0,0,0.42329977726598883,0.1494446426253162,0.24907437725708417,0.17040699951070123,0.02149106188049875,0.015360701640202784,1.475716582152634,1.467666563129824,0.14823524785394462,-0.1991931161643317,0.36920976883587064,0.35564853556485354,1.4676665564302334,0.0,239
478,train,blind,3.0,0,0.5020268857079679,0.155281793299844,0.2588029594429157,0.15823507078272528,0.003613541378136958,0.016769839310434072,1.6070321000270764,1.6015231347483072,0.1552283539490018,-0.2098245376102875,0.37235526276744124,0.3263598326359833,1.6015231355026336,0.0,239
479,train,blind,3.0,0,0.30694783156671684,0.10343456395417569,0.17239092410500426,0.10479269778379337,0.012742488017640852,0.01581261873003641,1.5209343473282817,1.5326322890724597,0.10280566317124645,-0.19956378799073918,0.3496839668832903,0.3598326359832636,1.5326322863801989,0.0,239
480,eval,blind,3.0,0,0.3069478625608959,0.02424407732969751,0.04040679351674348,0.0,0.0,0.01071690015931259,0.8297994199158257,0.8533829845893333,0.02424407715053847,-0.09831884744977018,0.0,1.0,0.8533829876141624,0.0,239
481,eval,blind,3.0,0,0.24477056702595276,0.049149125528072615,0.08191520441347873,0.02415367056884526,0.0,0.012091365093404279,0.9554021026798871,0.9437269595876399,0.049149125855916916,-0.12260506247641775,0.19686044096263983,0.694560669456067,0.9437269577314099,0.0,239
482,eval,blind,3.0,0,0.0012663892698259907,0.0005330176440773388,0.0008883627222789545,0.0,0.0,0.013703462122218629,1.0452593742055374,1.0431516552071192,0.0005330177031374131,-0.11454418031948783,0.0,1.0,1.0431516523835485,0.0,239
483,eval,blind,3.0,0,0.5005976261530134,0.06804666434925889,0.11341109957404008,0.0007607455532919912,0.0,0.00948388004776823,0.7855259889588695,0.7184595971925488,0.06804666405691152,-0.10111907736642328,0.05305795424196564,0.7405857740585774,0.7184596050753116,0.0,239
484,eval,blind,3.0,0,0.501210307838382,0.04750108700752196,0.07916847388023826,0.0,0.0,0.009330042427460269,0.741629734697701,0.7678352074393667,0.047501086943286516,-0.09391206758512972,0.0,1.0,0.7678352073006781,0.0,239
485,eval,blind,3.0,0,0.41756536128392996,0.05076342371354395,0.08460570157665825,0.009128946514807985,0.0,0.009814338394241976,0.8692354223219421,0.8626404634080671,0.05076342350811231,-0.11829590947350282,0.26356865188878,0.602510460251046,0.8626404645927239,0.0,239
486,eval,blind,3.0,0,0.36126752409238416,0.02357353252506324,0.039289218978262236,0.0,0.0,0.010340261039281241,0.8200286108080812,0.8576859466450982,0.023573532629818764,-0.09882761612727704,0.006112941036826018,0.8744769874476988,0.8576859438103217,0.0,239
487,eval,blind,3.0,0,0.002028211354079294,0.0007458417292194301,0.001243069476030804,0.0,0.0,0.013808712936064938,1.054970990289704,1.052053667885489,0.000745841715946135,-0.11518167665292771,0.0005044660078934093,0.99581589958159,1.0520536692667504,0.0,239
488,eval,blind,3.0,0,0.18307093769721308,0.018664385753288715,0.031107308071620068,0.0,0.0,0.012068664884997462,0.9892125483836091,0.9698649916688767,0.01866438591536904,-0.12080484254857689,0.16027181815484137,0.7573221757322176,0.9698649887911064,0.0,239
489,eval,blind,3.0,0,0.35386675944174084,0.05297530043166239,0.08829216357947924,0.0011411183299379866,0.0,0.0120668780880836,1.003902173940108,0.9686125190188196,0.0529753003436507,-0.12225644606252671,0.06210866791299444,0.8368200836820083,0.9686125210423095,0.0,239
490,train,blind,3.0,0,0.05794354536329254,0.014769440864066195,0.02461573284953637,0.0007607455532919912,0.0,0.015703512833036764,1.5926010937870296,1.5870016593813396,0.014769441073775124,-0.19792101667843023,0.2993857384492122,0.38493723849372385,1.587001669746761,0.0,239
491,train,blind,3.0,0,0.19514420172920505,0.06005902527313349,0.10009836717544657,0.053442373123627825,0.0030429822131679647,0.015297596079831218,1.5645151208135373,1.5730541622788337,0.059941049448121196,-0.18884326065224527,0.20650464405471972,0.4811715481171548,1.5730541593660219,0.0,239
492,train,blind,3.0,0,0.4859937123801958,0.14071132057261407,0.23451884697980144,0.1228604032404752,0.01122099691105687,0.015777581408386077,1.5204081592699474,1.5394550878632518,0.14027377566346796,-0.1993015257750047,0.35760705065432213,0.3263598326359833,1.5394550872655963,0.0,239
493,train,blind,3.0,0,0.49975553764743685,0.17662085044319145,0.29436804873773353,0.20749334361263896,0.018257893279007786,0.017364202534865633,1.4897946992179838,1.5116533527314413,0.17578351967540012,-0.2016574317763667,0.3741950799726995,0.2719665271966527,1.5116533485685946,0.0,239
494,train,blind,3.0,0,0.09350415801189335,0.02419429875361815,0.04032382903900436,0.0034233549898139604,0.0,0.0160650304210797,1.6036440151505889,1.6015907633254718,0.024194298916763994,-0.20082723726014162,0.30386658357814766,0.3305439330543933,1.6015907652076744,0.0,239
495,train,blind,3.0,0,0.4811274396703373,0.15447600932378286,0.25745999117680946,0.15100798765236365,0.006846709979627921,0.01619629058636195,1.5883236567345622,1.5943676113583554,0.15430073015291423,-0.20051480373601518,0.3153802783465384,0.39330543933054396,1.5943676062661438,0.0,239
496,train,blind,3.0,0,0.3791192204459613,0.11730410602456945,0.19550682725769636,0.11354127127256354,0.006276150814658927,0.015853471309725958,1.5851427815449288,1.5653983848364283,0.11710220994573928,-0.1949777638284381,0.28532003917030185,0.4100418410041841,1.5653983814577321,0.0,239
497,train,blind,3.0,0,0.048809969762233514,0.009612853557483203,0.0160214217031661,0.0,0.0,0.01515449171839087,1.6095347287265827,1.6034339075307966,0.009612853443077142,-0.19349326333029934,0.21493219383364492,0.47280334728033474,1.6034339138354134,0.0,239
498,train,blind,3.0,0,0.472293708546508,0.13551571777478097,0.22585950942305025,0.11829593017011507,0.0019018638832299778,0.016681165167492927,1.6177129738001643,1.5973133367474608,0.13548862861931396,-0.20359872208273147,0.32816997537018905,0.39330543933054396,1.597313326292069,0.0,239
499,train,blind,3.0,0,0.4510805060552793,0.13592501332348386,0.22654166967205816,0.10593381542790385,0.003613541378136958,0.016643663507858952,1.5750009544723702,1.5819086193040823,0.1358219889232288,-0.19529624487088398,0.27543844030980147,0.37656903765690375,1.5819086251678312,0.0,239
500,train,blind,3.0,0,0.14450739523119227,0.0322048839246171,0.0536748026862221,0.014644351776174921,0.0009509319416149889,0.015355677944004036,1.5446735555656785,1.5419191633308282,0.032158054578499545,-0.18436830007240768,0.19991691148105287,0.4686192468619247,1.5419191627791113,0.0,239
501,train,blind,3.0,0,0.3190210646045298,0.09579698368744864,0.15966161959724529,0.11506276163097207,0.009699505804472887,0.015690669269304895,1.5145896743032223,1.5239880293233623,0.09526068153875533,-0.19761315671100974,0.3477551262648743,0.2928870292887029,1.5239880277155093,0.0,239
502,train,blind,3.0,0,0.016098320915726126,0.004037702592989921,0.006729503728085973,0.0,0.0,0.015438264270924873,1.6075715203165508,1.605405049343987,0.004037702637163203,-0.18639929095035215,0.13350544526543812,0.5732217573221757,1.6054050429833135,0.0,239
503,train,blind,3.0,0,0.1830709686913921,0.056332829949934576,0.09388804339979596,0.0281475851600639,0.0011411183299379866,0.015714253341802494,1.557612104645334,1.535800194141755,0.056315871960962424,-0.18296902084658145,0.18312116086530758,0.5606694560669456,1.5358001817149252,0.0,239
504,train,blind,3.0,0,0.3612674953427315,0.09562059357937325,0.1593676419742296,0.07588436713278543,0.0011411183299379866,0.0161960868118136,1.6109441109780986,1.5904145128557372,0.09559671732461703,-0.2066779988613629,0.3858274726253004,0.2928870292887029,1.5904145163797114,0.0,239
505,train,blind,3.0,0,0.167300184708377,0.048384447064103116,0.08064073962454146,0.031761126164113127,0.0022822366598759733,0.01552142546936932,1.5388763038184354,1.546366645451869,0.04829817316961122,-0.18511438021501703,0.1848422801863557,0.5146443514644351,1.5463666460510332,0.0,239
506,train,blind,3.0,0,0.4982182329869342,0.14452096345561297,0.24086825255950645,0.10517306993695981,0.006276150814658927,0.01570439073705274,1.5289922558612903,1.5127709343343598,0.1442333163412129,-0.1909416135421929,0.30953440754918543,0.3682008368200837,1.5127709416029185,0.0,239
507,train,blind,3.0,0,0.4288286743681341,0.12897233645451317,0.21495387240308397,0.1262837594149003,0.012171928852671859,0.01543717971071601,1.4931325772816166,1.482076753632294,0.12833227954363424,-0.19535767927730346,0.37300810113059735,0.33472803347280333,1.4820767511041837,0.0,239
508,train,blind,3.0,0,0.01843199975083282,0.0044219538101810275,0.007369922535065571,0.0,0.0,0.015193349935083209,1.5718248077516277,1.572153609916256,0.0044219538809009,-0.18883222854059187,0.20570343333630078,0.48535564853556484,1.5721536085893493,0.0,239
509,train,blind,3.0,0,0.41462237339922975,0.11972377121054549,0.1995396026967032,0.10098896995498545,0.006656523591304923,0.016393394737453763,1.5514608531816234,1.5539555040862272,0.11949159625287983,-0.19629276983201402,0.3120567375886525,0.3389121338912134,1.553955501807195,0.0,239
510,eval,blind,3.0,0,0.12297281284996057,0.018564793711573727,0.030941320934053315,0.0,0.0,0.012467017541464153,1.0338808260702188,0.9976426098636004,0.018564793853622336,-0.11659514093721388,0.006290987863141339,0.9832635983263598,0.9976426088124459,0.0,239
511,eval,blind,3.0,0,0.21150077816593815,0.017704808181433045,0.02950801202069255,0.0,0.0,0.010770588532620145,0.8657841842044847,0.8305649951910873,0.01770480825117873,-0.09499659231701678,0.0,1.0,0.8305649889335809,0.0,239
512,eval,blind,3.0,0,6.514794980351147e-05,2.8424566963816133e-05,4.737427470100864e-05,0.0,0.0,0.013386263176954691,1.0564098480356288,1.0562970124528,2.8424547754070296e-05,-0.11590219693637163,0.0,1.0,1.0562970205178333,0.0,239
513,eval,blind,3.0,0,0.03674999346555246,0.003170397743815556,0.005283996096131963,0.0,0.0,0.012075769420806709,0.9428722971902233,0.9373745040414723,0.0031703977974567167,-0.1040634018516478,0.0,1.0,0.9373745112605876,0.0,239
514,eval,blind,3.0,0,0.5012103088587818,0.04198693262321692,0.06997821720227625,0.0003803727766459956,0.0,0.008433913531475486,0.7068270795265501,0.7735392138299583,0.04198693288831751,-0.10013592073133086,0.14890649574171344,0.6485355648535565,0.7735392167491609,0.0,239
515,eval,blind,3.0,0,0.5020913164463541,0.03948758647188944,0.06581264052591634,0.0,0.0,0.007880109013545338,0.6817902220592339,0.7450310958229847,0.039487586887479054,-0.09802698135430402,0.09412742217869967,0.602510460251046,0.7450310936350175,0.0,239
516,eval,blind,3.0,0,0.12646471729623124,0.017396742865739383,0.02899456997023297,0.0,0.0,0.01214382757537971,0.9821041090468482,0.9613729361210906,0.017396743073850036,-0.10850303741077964,0.003649959939464079,0.9874476987447699,0.9613729407520183,0.0,239
517,eval,blind,3.0,0,0.36126752409238416,0.02392200936532139,0.039870013992398805,0.0,0.0,0.010101032226100938,0.7663749544939735,0.8559503798454875,0.02392200951890803,-0.09833145035636184,0.004925962194723878,0.8493723849372385,0.8559503770571601,0.0,239
518,eval,blind,3.0,0,0.4934485925616751,0.04767401544868563,0.07945668884796805,0.0,0.0,0.009121307581039653,0.7379901606168707,0.7671361813734765,0.04767401594628198,-0.09640831226938748,0.0,1.0,0.7671361834772842,0.0,239
519,eval,blind,3.0,0,0.5020920332959219,0.09022367063296154,0.1503727735833225,0.03822746336709505,0.0,0.008192628834427776,0.7923480463077832,0.7401686494071115,0.09022367077970603,-0.13797378076606662,0.5359506216801686,0.2928870292887029,0.740168647589164,0.0,239
520,train,blind,3.0,0,0.0008817254575398053,0.00016124359258717496,0.0002687393140248593,0.0,0.0,0.015431082904899968,1.5560837472831854,1.5560958996477485,0.00016124362112019284,-0.1862117648202938,0.19674174307842962,0.502092050209205,1.5560958934262388,0.0,239
521,train,blind,3.0,0,0.2988020511427855,0.08780174239409956,0.14633622796139675,0.06960821644282242,0.006656523591304923,0.015610528383092277,1.5311787235686969,1.5438726559343696,0.08748843558124124,-0.19391971285870122,0.2894744651176593,0.39330543933054396,1.5438726492305033,0.0,239
522,train,blind,3.0,0,0.051011509713621825,0.011996778700453601,0.019994629990437583,0.0001901863883229978,0.0,0.016105890270151104,1.6037836618503267,1.6048923601166474,0.011996778561921193,-0.20138611555420913,0.3091189649544497,0.36401673640167365,1.604892364276124,0.0,239
523,train,blind,3.0,0,0.1299968671675179,0.03540712949571689,0.059011879735887486,0.011411182987640094,0.0003803727766459956,0.015573607159536878,1.5795343333707195,1.5763268932139025,0.03540573437313777,-0.18878233022934832,0.19727588355737558,0.4811715481171548,1.5763268931077028,0.0,239
524,train,blind,3.0,0,0.10942612930107716,0.02622135165237976,0.04370224957153015,0.008938760188832941,0.0,0.01620292150372616,1.6030837362281447,1.5981456752102745,0.02622135164660314,-0.19451560211989188,0.23484376390990827,0.41422594142259417,1.598145676195204,0.0,239
525,train,blind,3.0,0,0.0,0.0,0.0,0.0,0.0,0.015933242764822733,1.6080649455222127,1.6080649455222127,0.0,-0.18876876973006906,0.15154752366539065,0.5606694560669456,1.6080649427649367,0.0,239
526,train,blind,3.0,0,0.04457110651652085,0.011093010436015294,0.01848835013911545,0.0,0.0,0.015680103558875527,1.5874054274798437,1.5802357977404256,0.01109301062719945,-0.19397591016864763,0.24932490578355437,0.4602510460251046,1.580235788876967,0.0,239
527,train,blind,3.0,0,0.0005835245887526782,0.00015384257009017153,0.0002564042803885466,0.0,0.0,0.015347547065388708,1.5736772208533027,1.573706637615938,0.00015384267065973628,-0.18980570186319437,0.21356716816522744,0.49372384937238495,1.5737066345543895,0.0,239
528,train,blind,3.0,0,0.033166217367872536,0.008240229632628368,0.01373371509163544,0.0,0.0,0.015688763644982708,1.5950152849053738,1.5941589162938266,0.008240229758861666,-0.1942335619543391,0.24748508857829607,0.4435146443514644,1.594158914141191,0.0,239
529,train,blind,3.0,0,0.5020268853461184,0.13997768442102398,0.23329612213079393,0.10213008859666321,0.004754659708074945,0.015831306208486214,1.5517618184807909,1.5535590588797086,0.1398332017582194,-0.19272458385696017,0.2741921125255943,0.3514644351464435,1.5535590544456195,0.0,239
530,train,blind,3.0,0,0.372095166128404,0.10101414352228473,0.16835689067746323,0.08900722680480909,0.004184100543105951,0.015438253755552625,1.547962154304632,1.5405814809779244,0.1008992471894036,-0.194337768974706,0.29989020445710557,0.3472803347280335,1.5405814784083187,0.0,239
531,train,blind,3.0,0,0.35386675944174084,0.11116202418013159,0.1852700241755404,0.11125903398920801,0.004754659708074945,0.01597218012055343,1.5545464504712796,1.5454960255942085,0.11100511098667089,-0.19737320760609028,0.3374284103385857,0.3179916317991632,1.5454960283677084,0.0,239
532,train,blind,3.0,0,0.02230692015294469,0.0039133265560076895,0.006522210517896497,0.0,0.0,0.015950084135918315,1.6019084159300416,1.60401733998973,0.003913326518623271,-0.18647094190236999,0.137570847799638,0.5481171548117155,1.6040173369578499,0.0,239
533,train,blind,3.0,0,0.3859785423496817,0.12454732861308657,0.2075788629311825,0.12818562186412732,0.015975656619131813,0.015123935135775032,1.4221746081088875,1.4190810617043883,0.12355641434272356,-0.20184157158758373,0.4459479509777738,0.26359832635983266,1.4190810571356138,0.0,239
534,train,blind,3.0,0,0.49941803140382607,0.14495581527779178,0.2415930032750195,0.1234309632159676,0.005705591649689934,0.01538318899658871,1.5039624262554376,1.5115299556544635,0.14477683729179475,-0.19199365637469032,0.3192973085254755,0.36401673640167365,1.5115299385922463,0.0,239
535,train,blind,3.0,0,0.2531380826036473,0.07183559530991664,0.11972598133635001,0.0446938001336413,0.0013313047182609845,0.015414534635436584,1.5974133892538158,1.592523223934812,0.07179887767091273,-0.19025559075617093,0.18822516988634677,0.48535564853556484,1.5925232327116785,0.0,239
536,train,blind,3.0,0,0.36491424218167223,0.1081726594628848,0.1802877486486399,0.09699505561315863,0.0030429822131679647,0.017074732622326543,1.6109121663799844,1.5833323099124381,0.10812597503314145,-0.2041295213053554,0.3609009169411556,0.3179916317991632,1.5833323063900837,0.0,239
537,train,blind,3.0,0,0.14822524460574474,0.03503632297345815,0.058393867392277796,0.012742487892944942,0.0005705591649689933,0.015799033572453085,1.603977291155061,1.596302479505539,0.035021786724173276,-0.19273874409377695,0.20914567197839698,0.46443514644351463,1.5963024807329824,0.0,239
538,train,blind,3.0,0,0.4532820635336884,0.14483966194675912,0.24139941355216446,0.143020160340365,0.004374286931428949,0.016461590899224686,1.6023634714561525,1.582167749624372,0.14474451457231624,-0.20334824972564466,0.3371019911570077,0.35564853556485354,1.5821677482639012,0.0,239
539,train,blind,3.0,0,0.4754479658978925,0.1534023982260931,0.2556706400372905,0.14986687025764497,0.0034233549898139604,0.016652442234330597,1.5790634861052286,1.570021917630439,0.15332146990480944,-0.1996410438936053,0.32627080922282564,0.36401673640167365,1.5700219161697475,0.0,239
540,eval,blind,3.0,0,0.01843199975083282,0.0035497021142485412,0.005916169985155107,0.0,0.0,0.012602507927801819,1.0008385740064676,0.9875563853205996,0.0035497022033561896,-0.10907251017348951,0.0,1.0,0.9875563863254343,0.0,239
541,eval,blind,3.0,0,7.168989468786756e-07,3.0472325443613604e-07,5.078721008746725e-07,0.0,0.0,0.013187637194118241,1.069835014672459,1.069833735043035,3.047181095121327e-07,-0.1181648408666469,0.0,1.0,1.0698337402438,0.0,239
542,eval,blind,3.0,0,0.010237411712357194,0.0037684961831039813,0.006280826802219841,0.0,0.0,0.01363733197878033,1.1154433613541734,1.0999737798419458,0.0037684962704763593,-0.1221416606303837,0.001335351197364907,0.99581589958159,1.099973780172077,0.0,239
543,eval,blind,3.0,0,0.10942612930107716,0.018031368368892457,0.030052278482437498,0.0017116774949069802,0.0,0.01252214193624682,1.0100103041866335,0.9685928129501422,0.018031368478518914,-0.1099641179560214,0.004569868542093237,0.9832635983263598,0.9685928130501188,0.0,239
544,eval,blind,3.0,0,0.2864649897415939,0.024855332698348605,0.04142555221178516,0.0,0.0,0.009618122900239967,0.8339957849251176,0.7859463745330667,0.024855332512887796,-0.09308276487263946,0.0022255853289415116,0.9790794979079498,0.7859463791690313,0.0,239
545,eval,blind,3.0,0,0.38934417804177057,0.026783589602235675,0.04463931332286555,0.0,0.0,0.009302455988404765,0.7954031201586065,0.8099302330276458,0.026783589702302924,-0.09987084475576395,0.05454167779459331,0.7907949790794979,0.8099302320388435,0.0,239
546,eval,blind,3.0,0,0.4769458410955545,0.032838667692372064,0.05473110999644244,0.0,0.0,0.008265698484484121,0.7225580698027272,0.750763752969239,0.03283866782157358,-0.10034699589223776,0.13638386895753582,0.6317991631799164,0.7507637516163658,0.0,239
547,eval,blind,3.0,0,0.4918546168378746,0.03064696029304511,0.05107826454606088,0.0,0.0,0.007721198513269986,0.6484147237933331,0.6488387447520779,0.030646960209539036,-0.07587053132454794,0.0,1.0,0.6488387466041531,0.0,239
548,eval,blind,3.0,0,2.149352706407653e-05,9.510253442092857e-06,1.5850421409005743e-05,0.0,0.0,0.013112747558552351,1.0588081808269771,1.0587676960554082,9.510268694204843e-06,-0.11764516033926833,0.0002670702394729814,0.99581589958159,1.0587677018158035,0.0,239
549,eval,blind,3.0,0,0.3926658787366775,0.07170706508312448,0.11951176727047043,0.030429821570548053,0.0,0.010339199396816694,0.9149638928130082,0.8828290844312772,0.07170706543358818,-0.13420283697406696,0.3761832695332206,0.502092050209205,0.8828290822674307,0.0,239
550,train,blind,3.0,0,0.3575846380647296,0.10547858777851261,0.1757976282725132,0.08938760051667441,0.0022822366598759733,0.01598655017264281,1.5568908438024163,1.550678731756729,0.10539074927935294,-0.19432078714900958,0.3015816493071011,0.3891213389121339,1.5506787329321488,0.0,239
551,train,blind,3.0,0,0.1751345835546242,0.054631721121531654,0.09105286120313516,0.04564473201290833,0.0009509319416149889,0.015441687787380304,1.5967016978243904,1.5957646542014436,0.05461757380190537,-0.1956408101602346,0.2595625982966854,0.41841004184100417,1.595764665887535,0.0,239
552,train,blind,3.0,0,0.0005835245887526782,0.0001421604143790745,0.00023693401584690086,0.0,0.0,0.014755729593679497,1.5510531431960262,1.5509300992578643,0.0001421604887521475,-0.18018679881755964,0.14326834624172827,0.5983263598326359,1.5509300972717333,0.0,239
553,train,blind,3.0,0,0.49099224892631954,0.14112798100965038,0.2352132802338491,0.1179155576428609,0.005705591649689934,0.01637314817825309,1.5803325792236806,1.5945234336114829,0.14096354494825364,-0.19516464629421582,0.25864268969405624,0.39330543933054396,1.5945234318300183,0.0,239
554,train,blind,3.0,0,0.4634686815016611,0.12678845447649356,0.21131407238659206,0.10821605196308391,0.005135032484720941,0.016025645800605105,1.569076232580959,1.5735978007815372,0.12663620970718256,-0.19126222171942037,0.24042256446778834,0.4393305439330544,1.5735977995934294,0.0,239
555,train,blind,3.0,0,0.46892580401234446,0.13455697736385427,0.2242616105640344,0.10155952868351877,0.002852795824844967,0.015504909527320494,1.5920365173447582,1.5723167725187963,0.1344529701576119,-0.19849084345448434,0.31846642333600406,0.3682008368200837,1.5723167807265503,0.0,239
556,train,blind,3.0,0,0.2531380826036473,0.06057064637225343,0.10095106977702724,0.032902244992834756,0.0015214911065839823,0.015267347811748542,1.5652100311662362,1.5737674296151645,0.06052225741484896,-0.18550142159714395,0.16979732336271106,0.5271966527196653,1.5737674281013778,0.0,239
557,train,blind,3.0,0,0.1299968671675179,0.031992489388373305,0.05332081393074126,0.006276150689963018,0.0001901863883229978,0.015097866814864106,1.5771045864376563,1.562417963309268,0.031988382142874465,-0.18284744518762508,0.13878750111279267,0.5983263598326359,1.5624179607791076,0.0,239
558,train,blind,3.0,0,0.2864649582486312,0.08043701264896717,0.13406167453894755,0.07797641703025068,0.003993914154782953,0.015234800949926531,1.517663845956076,1.5033949641004267,0.08024082361763824,-0.19843916332671205,0.38315677023057065,0.28870292887029286,1.5033949659308523,0.0,239
559,train,blind,3.0,0,0.3685238404330022,0.10294954226992559,0.17158255450264112,0.07987828097582861,0.0032331686014909623,0.01566045969202491,1.5630886437503864,1.549055782820889,0.10285216386585957,-0.18700385310182044,0.2037152437757797,0.4476987447698745,1.5490557658734643,0.0,239
560,train,blind,3.0,0,0.4986505481252782,0.1540685765600326,0.2567809356102417,0.13655382319973103,0.013503233508584888,0.0150699509818216,1.4641643892272247,1.452574843891495,0.15317126823730068,-0.19759399084708962,0.4178759013620582,0.28451882845188287,1.452574856786372,0.0,239
561,train,blind,3.0,0,0.14082453795319042,0.03222361366615169,0.05370601945717502,0.009699505679776978,0.0005705591649689933,0.0153437554407631,1.5707083272135907,1.568601105253068,0.03221919435709881,-0.1851534138070977,0.17062820855218258,0.48535564853556484,1.5686011049715147,0.0,239
562,train,blind,3.0,0,0.002674001892095833,0.0006641709105488912,0.0011069514165146794,0.0,0.0,0.015032919977156438,1.5977181712453834,1.5975120124956554,0.0006641708489315766,-0.19486282025896567,0.2493842547256595,0.42677824267782427,1.5975120111623167,0.0,239
563,train,blind,3.0,0,0.30694783156671684,0.08725149918872105,0.14541915130524952,0.07455306185339285,0.0007607455532919912,0.016530518772696227,1.6062221916150847,1.5986932565976386,0.08723739714728768,-0.20876006474934938,0.3984984717647408,0.28451882845188287,1.5986932598055146,0.0,239
564,train,blind,3.0,0,0.32300136876191454,0.0824816594948548,0.13746942270405407,0.05116013746131913,0.0011411183299379866,0.0164231947997281,1.6001036660940577,1.5791945676923298,0.08245347455531411,-0.19468359370792737,0.2475147630493486,0.4309623430962343,1.579194573483063,0.0,239
565,train,blind,3.0,0,0.21150074667297547,0.0635930726459272,0.1059884469929202,0.04127044551791506,0.0007607455532919912,0.016100664847144647,1.586082728338042,1.586071129872709,0.06357875044892984,-0.20405941624159835,0.3699813050832369,0.3054393305439331,1.586071143401742,0.0,239
566,train,blind,3.0,0,0.0010625928217568533,0.000230358697317037,0.0003839311678625963,0.0,0.0,0.01504467918525867,1.5617558183031601,1.561709602756979,0.00023035871739441794,-0.187846749826711,0.20318110329683373,0.47280334728033474,1.5617096033906381,0.0,239
567,train,blind,3.0,0,0.31501786260686376,0.09918590947307919,0.16530983070813088,0.10764549335924652,0.0022822366598759733,0.016025187291797235,1.6262382894879106,1.598375683549059,0.09913523397108863,-0.1987469795706002,0.271016944122971,0.4686192468619247,1.5983756831513105,0.0,239
568,train,blind,3.0,0,0.4595581971330663,0.15718395458637258,0.26197322753487473,0.16508178119878889,0.002662609436521969,0.01724727642547074,1.5851337929649831,1.6011162250610576,0.15715076306930226,-0.20073593967222714,0.29778331701237426,0.3891213389121339,1.6011162284473677,0.0,239
569,train,blind,3.0,0,0.2531380511106846,0.07056037415629465,0.11760061259980172,0.05667554228625038,0.0019018638832299778,0.015372650444538774,1.5750225318525626,1.5690140287746446,0.07052743456086957,-0.1940372176662042,0.2683462417282412,0.4602510460251046,1.5690140285214245,0.0,239
570,eval,blind,3.0,0,0.49008514884387816,0.0338150563865646,0.05635842402338023,0.0,0.0,0.0074150969496456645,0.6272795211570532,0.6430705956584739,0.033815056353305256,-0.08911044332199147,0.16157749488115375,0.5313807531380753,0.6430705961206024,0.0,239
571,eval,blind,3.0,0,0.24058936510885828,0.01960820373331969,0.032680338977119555,0.0,0.0,0.008903543141409443,0.7645459079094012,0.7736981142016135,0.01960820409389058,-0.09456836860014817,0.10721386391287575,0.7782426778242678,0.7736981121616999,0.0,239
572,eval,blind,3.0,0,0.1445073664815396,0.01912997102102598,0.031883283745605596,0.0,0.0,0.010922933205821899,0.9310843328551768,0.8952609109828662,0.01912997086077225,-0.10297774763981253,0.0024036321552568327,0.99581589958159,0.8952609123944684,0.0,239
573,eval,blind,3.0,0,0.27401919350725557,0.028574776922290022,0.0476246253551626,0.0,0.0,0.00862488559755072,0.7778977746744036,0.7316399190465775,0.028574776959370007,-0.08978316737433419,0.003679634410516632,0.9539748953974896,0.7316399136456669,0.0,239
574,eval,blind,3.0,0,0.01843199975083282,0.0025750875959994085,0.004291812415366503,0.0,0.0,0.010595566943817808,0.8738516193802885,0.8669951964621764,0.0025750875780682827,-0.09420238622274305,0.0011869788421021395,0.99581589958159,0.8669951949355446,0.0,239
575,eval,blind,3.0,0,0.0023364956484850357,0.00071552418820559,0.001192540246162809,0.0,0.0,0.012081769828891156,0.9733755433908566,0.9708571274410231,0.000715524172496828,-0.10653917581581045,0.0,1.0,0.9708571181449918,0.0,239
576,eval,blind,3.0,0,0.3612674953427315,0.04387725016885989,0.07312874619231452,0.0015214911065839823,0.0,0.009325388760528056,0.7545222452993672,0.7798249826271664,0.04387725025942882,-0.09422056721542602,0.036558948336745896,0.8284518828451883,0.7798249843205385,0.0,239
577,eval,blind,3.0,0,0.1229728398538705,0.008962115156251175,0.014936857888562494,0.0,0.0,0.010188640486916613,0.8168943236313105,0.8061175836429436,0.008962115153633049,-0.08851633260946346,0.0,1.0,0.8061175804360388,0.0,239
578,eval,blind,3.0,0,0.00046352766528258015,0.00017876736813655442,0.0002979455909009333,0.0,0.0,0.011559725353283862,0.9597685095156586,0.9590573999173472,0.0001787673733423651,-0.10545329754432765,0.001335351197364907,0.99581589958159,0.9590574031340124,0.0,239
579,eval,blind,3.0,0,0.17120400338753217,0.011642846801893241,0.01940474403553514,0.0,0.0,0.009976844013002252,0.797088956733129,0.7871625538151633,0.011642846870329864,-0.08614662609498734,0.0,1.0,0.7871625541576501,0.0,239
580,train,blind,3.0,0,0.5010294404741651,0.13792825826253097,0.2298804062394772,0.11411182956466116,0.008178014697888905,0.015409665597236432,1.5059449672698975,1.5077617774448635,0.13756226410488168,-0.19173626590577109,0.3210481023175762,0.3263598326359833,1.5077617665390308,0.0,239
581,train,blind,3.0,0,0.43151489933949033,0.14266758230541918,0.23777927963496512,0.15633320658775554,0.0034233549898139604,0.016813138575842566,1.589552119686015,1.5953746239759932,0.14258162997454546,-0.21446514721611856,0.46467254221193505,0.20502092050209206,1.595374622016918,0.0,239
582,train,blind,3.0,0,0.4392558730871779,0.11410396027453142,0.19017325143217037,0.0888170411023136,0.0011411183299379866,0.01533092966568208,1.5551388510600292,1.5544546106869206,0.11407395985302497,-0.18567495174819923,0.18712721445740232,0.4435146443514644,1.5544546082611237,0.0,239
583,train,blind,3.0,0,3.5839762234725213e-06,1.5631131840008602e-06,2.605188163055816e-06,0.0,0.0,0.015512433684349184,1.5608536179594414,1.5608488725319067,1.5631190900082962e-06,-0.1902092376468731,0.22190569453099498,0.4476987447698745,1.5608488657895643,0.0,239
584,train,blind,3.0,0,0.4982182329869342,0.14959100889897234,0.24931832473876017,0.14492202428594295,0.0038037277664599556,0.016168279088176318,1.5558877689569066,1.5564647666081226,0.14950821675445078,-0.19217668192925894,0.26244102198878305,0.3891213389121339,1.5564647671864693,0.0,239
585,train,blind,3.0,0,0.3959428790102983,0.12309508695757339,0.20515846093509163,0.11335108457250076,0.002852795824844967,0.016088058727805086,1.5863927794799646,1.561702782389509,0.12303710785025823,-0.2043024341238321,0.39547167571738034,0.28451882845188287,1.5617027783336128,0.0,239
586,train,blind,3.0,0,0.09350415801189335,0.023362959871816528,0.03893826473060441,0.002282236597528019,0.0,0.01515836536759612,1.5571179858810233,1.5583443601759908,0.02336296005082335,-0.19264771939529682,0.262975162467729,0.3807531380753138,1.5583443577526301,0.0,239
587,train,blind,3.0,0,0.09659447261740192,0.023185719038592956,0.03864286395486237,0.0022822366598759733,0.0,0.014824489371219813,1.5925386590438906,1.5906286873079245,0.02318571912555435,-0.18738579523477025,0.16611768895219442,0.5188284518828452,1.5906286877756635,0.0,239
588,train,blind,3.0,0,0.2405893336158956,0.0626648031224569,0.10444132996767563,0.04564473226230015,0.0032331686014909623,0.015193537951185988,1.5371261039538364,1.5381592616875301,0.06255212465920251,-0.1899044168047176,0.25217365500459954,0.40585774058577406,1.5381592603271792,0.0,239
589,train,blind,3.0,0,0.48599371905867245,0.1510886995704644,0.2518144760881312,0.14416127891969482,0.0030429822131679647,0.016999890336135567,1.5934184941786602,1.5858771566566563,0.15105206447393457,-0.20117347417326095,0.32324401317546514,0.35564853556485354,1.5858771516991452,0.0,239
590,train,blind,3.0,0,0.1445073664815396,0.042754460004905764,0.07125742931568775,0.020540129627143987,0.0005705591649689933,0.016427194804857215,1.6064412711055707,1.5956488683133943,0.04274227669140228,-0.20651851471418212,0.3777856909700585,0.24267782426778242,1.5956488781121427,0.0,239
591,train,blind,3.0,0,0.06536319171795504,0.015074010029988223,0.025123349825312346,0.0,0.0,0.014813805413997449,1.561840596308768,1.552291892811843,0.01507401030449199,-0.18602285331726914,0.19226089794949403,0.4811715481171548,1.5522918967788952,0.0,239
592,train,blind,3.0,0,0.4392558730871779,0.13627490210750556,0.2271248134388028,0.13921643238686118,0.0015214911065839823,0.01667372295516056,1.6093678738781598,1.5917966724938428,0.13624891340051862,-0.2027593957467253,0.3165375827175881,0.3598326359832636,1.5917966821434595,0.0,239
593,train,blind,3.0,0,0.21976545920194163,0.057047389130834805,0.0950789745630919,0.03594522658252317,0.003613541378136958,0.015600855197274286,1.5679458080475301,1.5775556227652099,0.056869442505375595,-0.19117702715471652,0.22095611145731325,0.4686192468619247,1.5775556307681602,0.0,239
594,train,blind,3.0,0,0.3825699220520223,0.11027115416778299,0.18378524002396243,0.09832636033141962,0.0017116774949069802,0.015737552306844725,1.61414544153413,1.5968285200486123,0.11024909900508312,-0.21059168869416958,0.40680732365945577,0.2928870292887029,1.5968285208047803,0.0,239
595,train,blind,3.0,0,0.07879227929296571,0.022707205553096056,0.037845341235118374,0.0039939139053911344,0.0,0.01543207709174837,1.567041151194393,1.5734664860130854,0.022707205943432916,-0.18563122410394073,0.1771565921837443,0.5146443514644351,1.5734664854223757,0.0,239
596,train,blind,3.0,0,0.49941803140382607,0.13963152110486152,0.23271918307627437,0.10593381511616408,0.0034233549898139604,0.015689049257066833,1.5553338437898387,1.5226748301394315,0.13953109660887167,-0.18683364176133213,0.24579364372830056,0.4435146443514644,1.5226748246923152,0.0,239
597,train,blind,3.0,0,0.29880202014860646,0.09946604484460421,0.16577672450283856,0.11487257524264906,0.0020920502715529757,0.01661243580796105,1.5736816557880227,1.5771251934342803,0.0994295448818703,-0.2108617330874747,0.44099231431199737,0.2301255230125523,1.5771252005687568,0.0,239
598,train,blind,3.0,0,0.3347918485875449,0.09822073426334724,0.1637012097707457,0.09033853214654962,0.0030429822131679647,0.016172371261117972,1.590989825615823,1.584890226190559,0.09814897850139391,-0.2007366024918465,0.32843704560966197,0.3305439330543933,1.5848902175123707,0.0,239
599,train,blind,3.0,0,0.2364117139628913,0.07439626834472379,0.12399376964855782,0.05496386522777909,0.0020920502715529757,0.01578088261179283,1.5924382421760879,1.5865723178975253,0.07436658158443013,-0.19046408826027572,0.2097688358705006,0.5188284518828452,1.586572322899956,0.0,239
600,eval,blind,3.0,0,0.06036286422683006,0.008223423702554888,0.0137057054867514,0.0,0.0,0.012800360445291677,1.06717380195482,1.047700557499251,0.00822342376697299,-0.11469999231201028,0.0,1.0,1.0477005576740055,0.0,239
601,eval,blind,3.0,0,0.06536317144762423,0.005479823915148056,0.009133039419546579,0.0,0.0,0.012613555975648024,1.0451001736908279,1.0409789993174405,0.005479823883913193,-0.11439204030407775,0.001335351197364907,0.99581589958159,1.0409790043899994,0.0,239
602,eval,blind,3.0,0,0.0002749838577568819,8.152441530674501e-05,0.00013587401994011097,0.0,0.0,0.013639878614115914,1.122802870792325,1.1225645115684764,8.152438973434168e-05,-0.12311752668890466,0.0,1.0,1.1225645133423,0.0,239
603,eval,blind,3.0,0,0.5015085098678519,0.028376285011241276,0.04729380642918643,0.0,0.0,0.007445952626116668,0.6616115365567068,0.6759548314445687,0.028376284961679522,-0.07811426045997069,0.0,1.0,0.6759548338533754,0.0,239
604,eval,blind,3.0,0,0.45108052358230005,0.051211382082092846,0.08535229927799558,0.0,0.0,0.009369361115946866,0.8492723025038651,0.7824490324722673,0.0512113821942461,-0.09843035570963937,0.0008605596605240513,0.9748953974895398,0.7824490397490502,0.0,239
605,eval,blind,3.0,0,0.3575846380647296,0.026370780180704247,0.04395129864072309,0.0,0.0,0.010215228332876847,0.7893913958112565,0.8810326369736484,0.026370780220021817,-0.10824749177691291,0.09872696519184546,0.6903765690376569,0.8810326343253632,0.0,239
606,eval,blind,3.0,0,0.49613888111608695,0.04650450176369574,0.07750749927179633,0.0,0.0,0.007357327512048466,0.7239495972210394,0.6776413570886876,0.04650450179652888,-0.13245091758329922,0.5645271373037776,0.2384937238493724,0.6776413539613446,0.0,239
607,eval,blind,3.0,0,0.15197705929011698,0.009768254779499398,0.0162804236103538,0.0,0.0,0.011086958865771483,0.9181161697439569,0.9232056486307327,0.009768254784735652,-0.10834542035019673,0.011484020297338198,0.9163179916317992,0.923205645005056,0.0,239
608,eval,blind,3.0,0,0.4367288415779668,0.06846443021102033,0.11410737865254728,0.007987828247217952,0.0,0.009846179355442462,0.8758971576411355,0.8610280225965269,0.0684644302282817,-0.12105488026059864,0.282649336775572,0.497907949790795,0.8610280233896981,0.0,239
609,eval,blind,3.0,0,0.4881335476829956,0.0553713973389844,0.092285656590541,0.0032331686014909623,0.0,0.008387383308347362,0.7474114497086992,0.7456904729539879,0.05537139775931556,-0.11308276220042322,0.351167690435918,0.3682008368200837,0.7456904717412721,0.0,239
