episode,phase,arm,sigma,direct,A,load,load_frac,sat,clipped,x_std,q_cmd_abs,q_exec_abs,resid_after,reward,v_out,cr,q_loss,destroy,steps
0,train,blind,3.0,0,0.23879932624592637,0.07698484736278367,0.1283080703981207,0.04211229940547662,0.0040106953066938065,0.016170181292930946,1.5326857584364273,1.5934080744490904,0.07691383713935306,-3.142837918893295,0.3114309553608678,0.3088235294117647,1.5934080906831678,0.014705882352941176,68
1,eval,blind,3.0,0,0.15197705929011698,0.030918322849418277,0.051530529977525434,0.04374286869080994,0.0,0.004214534300250862,0.3602536177286044,0.4164652416646231,0.03091832288758661,-0.10186534686623405,0.5746758064037509,0.029288702928870293,0.4164652406492059,0.0,239
2,eval,blind,3.0,0,0.05101152724064263,0.002969776247208524,0.004949626802402514,0.0,0.0,0.0038569400371461482,0.3574239435804439,0.3514181501446409,0.0029697763145339643,-0.08332277766354149,0.44939018961987004,0.12552301255230125,0.35141815207843213,0.0,239
3,eval,blind,3.0,0,0.10614912902745642,0.04789717063088205,0.07982860706117254,0.05838721990585327,0.0,0.005729213329694511,0.34941603997761234,0.5057217421392017,0.04789717065603585,-0.1214412860696084,0.7281521706875573,0.016736401673640166,0.5057217421984063,0.0,239
4,eval,blind,3.0,0,0.3893441522848197,0.18378748445199514,0.3063124149308374,0.36154431191947173,0.0,0.010799330348445095,0.34159669117947505,1.0049649630380975,0.1837874839065723,-0.19460084025719762,0.8373542241609544,0.012552301255230125,1.004964961834947,0.0,239
5,eval,blind,3.0,0,0.053267700141298224,0.0024880757751915357,0.004146792852023503,0.0,0.0,0.004489618406151753,0.3714463444559145,0.36709967941419847,0.002488075812758614,-0.09554237052137586,0.6206712365352088,0.1087866108786611,0.36709968000937643,0.0,239
6,eval,blind,3.0,0,0.33866769455229107,0.11667304770087099,0.19445504287701837,0.24096614533887248,0.0,0.008288916111017761,0.3409470563528428,0.7612508747991658,0.1166730475830781,-0.1326453763116847,0.40179233805157427,0.2175732217573222,0.7612508779724215,0.0,239
7,eval,blind,3.0,0,0.49418196437011425,0.19243241527640076,0.32072063179296806,0.36059338116246786,0.0,0.01055574118866971,0.3584418140320598,0.9884319296691209,0.19243241490831037,-0.1876703733444049,0.575803436303748,0.13389121338912133,0.9884319316675086,0.0,239
8,eval,blind,3.0,0,0.0012663892698259907,0.00014244717776933178,0.0002374119429526876,0.0,0.0,0.0037434051918045124,0.3459986404020916,0.3454912271833819,0.00014244716826339971,-0.09293844478747942,0.5692453782011335,0.0,0.34549122640138885,0.0,239
9,eval,blind,3.0,0,0.4392558533156307,0.21073029717732714,0.35121709739759654,0.41175351731447996,0.0,0.012060405896922036,0.3342374414829031,1.1038508941438907,0.21073029674994073,-0.20602684346269817,0.8175020030267961,0.02092050209205021,1.1038508939502143,0.0,239
10,eval,blind,3.0,0,0.0010625928217568533,0.00010220578779698063,0.00017034296910287022,0.0,0.0,0.0036352872604964045,0.34601673234456753,0.34583032991596846,0.00010220578949419669,-0.09003814061681314,0.5503724146117095,0.08368200836820083,0.345830327679599,0.0,239
11,train,blind,3.0,0,0.259479925773173,0.08101666373549961,0.13502776270116945,0.03181818276643753,0.0012987013374056134,0.015515617094933987,1.5302394943577902,1.5803318968841007,0.08097044588399253,-3.0676819267339743,0.44032421479229983,0.21428571428571427,1.5803319243589207,0.014285714285714285,70
12,train,blind,3.0,0,0.43151492035799666,0.20218437945484036,0.33697390849442377,0.36782046310821837,0.05686572992153247,0.018996914277811805,1.4329898040663747,1.722568926452094,0.19885501509380754,-0.23976959326120584,0.4628920739487819,0.22594142259414227,1.722568935620604,0.0,239
13,train,blind,3.0,0,0.24477059851891544,0.10814694478893475,0.18024488155808063,0.1721186763197807,0.03727653161252393,0.01686849158304007,1.4590932041032543,1.5951311588287354,0.10561506589000902,-0.21228080283320291,0.34392711949909494,0.32217573221757323,1.5951311590567536,0.0,239
14,train,blind,3.0,0,0.4634686815016611,0.21470742256489422,0.35784564925336754,0.34537847109419534,0.029288703739393705,0.019620283218451374,1.5289630146704958,1.7556412010512092,0.21381033588124151,-0.23217825781492096,0.4355322116383276,0.3138075313807531,1.7556412039974227,0.0,239
15,train,blind,3.0,0,0.9205129572323391,0.3351819435400622,0.5586364891912255,0.4902597431625639,0.003246753343514034,0.01837008842267096,1.6551123687199183,1.721585465329034,0.3350933923252991,-14.522207128427876,0.553191489361702,0.14285714285714285,1.7215854072150591,0.07142857142857142,14
16,train,blind,3.0,0,0.4554288604148302,0.21946472706792927,0.36577448650203825,0.3855077970352133,0.0654241169596317,0.01930557390885373,1.4319302856173974,1.7418633507385413,0.21536685944339756,-0.25066020211047557,0.4846434612303037,0.23430962343096234,1.7418633487579245,0.0,239
17,train,blind,3.0,0,0.24895395069227458,0.10322592552016796,0.17204318530281576,0.13864587303484832,0.00950931941614989,0.017942433019468726,1.6358102507671053,1.6763267160459543,0.10294961109971593,-0.20901961928923915,0.2860915754176682,0.3723849372384937,1.6763267196088676,0.0,239
18,train,blind,3.0,0,0.2573214347770065,0.10035426924098917,0.16725709234788347,0.1352225182944262,0.006846709979627921,0.018125685557302196,1.6904337944844776,1.7069969724661136,0.10016916443218252,-0.21029767895512538,0.27760467669663785,0.42677824267782427,1.7069969652055856,0.0,239
19,train,blind,3.0,0,0.2988020511427855,0.11397456426234823,0.1899575825973519,0.14644351439495965,0.013313047182609845,0.018057593803026687,1.695795739794376,1.6814334736708318,0.1134224698606235,-0.20406439376787702,0.19680109202053472,0.4811715481171548,1.6814334755520404,0.0,239
20,train,blind,3.0,0,0.2740191620142929,0.10042020450546793,0.16736698488461435,0.12362114929255083,0.0030429822131679647,0.018068346272857867,1.7497489856376807,1.6957187747356781,0.100344403916386,-0.20712838698725466,0.2707201994124455,0.4225941422594142,1.695718777138496,0.0,239
21,train,blind,3.0,0,0.4990500914879464,0.1777818510988357,0.2963030493939266,0.1951312289327757,0.006085964426335929,0.01757325365784808,1.8254393299254414,1.6460837498618968,0.17766026078043753,-0.20294978503339736,0.2958544763939583,0.401673640167364,1.6460837382287716,0.0,239
22,train,blind,3.0,0,0.48485144005920816,0.1678236577920197,0.27970606557898,0.1882845185167121,0.004184100543105951,0.017804425740692468,1.8711062796943856,1.626145879843245,0.16768213056794332,-0.2066251440907256,0.3277248583044007,0.29707112970711297,1.6261458748121016,0.0,239
23,train,blind,3.0,0,0.011099790736339269,0.00613641143593451,0.010227351742051347,0.0,0.0,0.020141337787787036,1.9233713075206869,1.905751466252315,0.006136411376630889,-0.2203610113603068,0.20938306774681742,0.3263598326359833,1.905751460170924,0.0,239
24,train,blind,3.0,0,0.4754479658978925,0.16559024778789955,0.2759837153923959,0.19132750048048824,0.0015214911065839823,0.01738455313039655,1.9743582893116205,1.6303365561004464,0.16557150782373584,-0.19889988027259034,0.2736876465177008,0.34309623430962344,1.630336568423953,0.0,239
25,train,blind,3.0,0,0.49099224892631954,0.171282793148204,0.285471291140452,0.1863826557557453,0.006466337202981925,0.01681537788544458,1.9675063518300715,1.5622754368821947,0.17102365329592278,-0.22889901986905006,0.6269622243983503,0.04184100418410042,1.5622754361394038,0.0,239
26,train,blind,3.0,0,0.27817753698797626,0.09822920087276067,0.16371531759248217,0.09851654609626308,0.0,0.018640016915791018,2.084659467182399,1.7587616609479593,0.0982291997746695,-0.21108092816031607,0.28374729220451644,0.28870292887029286,1.7587616641155974,0.0,239
27,train,blind,3.0,0,0.013958478934449634,0.008728947405882129,0.014548244497521534,0.0,0.0,0.021732129604715433,2.072529451617636,2.04369628180021,0.008728947180784093,-0.24504164901263836,0.34297753642541323,0.12133891213389121,2.0436962978170836,0.0,239
28,train,blind,3.0,0,0.00484126768363289,0.003732578501664979,0.006220963983026929,0.0,0.0,0.022629885154943834,2.1078578847222746,2.0944455642580486,0.0037325785432505776,-0.24601362495821422,0.3182883765096887,0.16736401673640167,2.0944455581704826,0.0,239
29,train,blind,3.0,0,0.1830709686913921,0.0747403886157505,0.12456729872774228,0.06466337090755607,0.0005705591649689933,0.020567072816504845,2.160425811631909,1.917999104974659,0.07471835884963607,-0.24198666484092543,0.47117125137244437,0.07531380753138076,1.9179991042517543,0.0,239
30,eval,blind,3.0,0,0.4891325045084395,0.21353792500873114,0.355896501580037,0.17592240832590159,0.0,0.01609549227961686,2.5028860968027153,1.5406169836491221,0.21353792521525874,-0.17731845944590505,0.12409863794177867,0.4811715481171548,1.5406169856640246,0.0,239
31,eval,blind,3.0,0,0.09046236122763525,0.05380663137615534,0.08967771246202708,0.0,0.0,0.023253725818260945,2.443260767469845,2.2043869744783664,0.05380663127002986,-0.2797357177543616,0.6652422920561443,0.0,2.204386959321966,0.0,239
32,eval,blind,3.0,0,0.1371777911142497,0.07496956582871611,0.1249492674822204,0.0030429822131679647,0.0,0.02240171414803885,2.4599118242702724,2.1268309449550995,0.07496956590470268,-0.26318821669409054,0.5128342087302294,0.20502092050209206,2.126830933041383,0.0,239
33,eval,blind,3.0,0,0.4392558533156307,0.1804110599360497,0.3006850571601036,0.20406999367300935,0.0,0.0175295114715946,2.4890330905196056,1.6742326187040018,0.18041105784599282,-0.195117071738583,0.20282500964420305,0.3389121338912134,1.6742326184528409,0.0,239
34,eval,blind,3.0,0,0.4595581971330663,0.1878126923099699,0.31302111048607456,0.21548117641125764,0.0,0.017014629862205005,2.4768738776570083,1.625609435920436,0.18781269218253407,-0.20845801704913783,0.4101605388883943,0.09623430962343096,1.6256094376152952,0.0,239
35,eval,blind,3.0,0,0.5020920332959219,0.22375505245432867,0.37292504517981834,0.17820464523516938,0.0,0.015498486830693159,2.495406433628194,1.4876147209351034,0.22375505386679298,-0.19404495647590334,0.432980207127808,0.24686192468619247,1.487614730363297,0.0,239
36,eval,blind,3.0,0,0.3756273159996906,0.1584827335448239,0.26413786042677473,0.1234309659592776,0.0,0.018665754713632448,2.4849422955612757,1.771636441661723,0.15848273438913943,-0.21527314645026843,0.33193863319386335,0.4100418410041841,1.7716364236058053,0.0,239
37,eval,blind,3.0,0,0.10614915428562363,0.061680450134255015,0.10280074601762569,0.0,0.0,0.022977256071929155,2.455304989754904,2.1813319178305908,0.061680450408671254,-0.26755432872433854,0.5070476868749814,0.17154811715481172,2.181331908552757,0.0,239
38,eval,blind,3.0,0,0.4955261374568512,0.20322946199312394,0.3387157321790921,0.18105743600983001,0.0,0.015649688019997842,2.410279496444319,1.4937937915574557,0.20322946026035005,-0.23023375200594967,0.7830796166058344,0.0,1.4937937956780762,0.0,239
39,eval,blind,3.0,0,0.31501783161268476,0.13045892654102254,0.21743151734370708,0.13674401201962427,0.0,0.01985274958443754,2.4651254041424355,1.8814027224624505,0.1304589255537451,-0.23238588151515258,0.4206356271699456,0.1087866108786611,1.88140272454457,0.0,239
40,train,blind,3.0,0,0.10942615455924436,0.05087548942872855,0.0847924754375964,0.033853176186274286,0.0,0.02144912079904057,2.1943608233120653,2.0064585061751647,0.0508754891703255,-0.25396563123038257,0.5354461556722752,0.02510460251046025,2.006458497833521,0.0,239
41,train,blind,3.0,0,0.0023364956484850357,0.0020659887080887434,0.00344331438736464,0.0,0.0,0.023347888566615942,2.197041551937119,2.1887713845304866,0.00206598893757062,-0.26231117627026224,0.4215258613015223,0.08368200836820083,2.1887714046577034,0.0,239
42,train,blind,3.0,0,0.02819466484402731,0.018712026180692648,0.03118670836276624,0.0,0.0,0.022700758526203024,2.1905668664676874,2.1210205160923086,0.018712026400249996,-0.25295117520220367,0.37811211015163654,0.12552301255230125,2.1210205062928242,0.0,239
43,train,blind,3.0,0,0.016098320915726126,0.012126753252902201,0.020211254553036438,0.0,0.0,0.023138331003861198,2.2056434832856247,2.1580191486550175,0.012126753231470092,-0.25668574078575634,0.37742959731742787,0.12133891213389121,2.1580191378427505,0.0,239
44,train,blind,3.0,0,0.34633044898022886,0.12185744992428105,0.20309572218392224,0.12932674056815302,0.0001901863883229978,0.018384557835968155,2.2192320245080412,1.7511986017725956,0.1218482313795667,-0.23491365581384724,0.5975251491142171,0.04602510460251046,1.7511986105321147,0.0,239
45,train,blind,3.0,0,0.43151492035799666,0.15529162113780787,0.25881933963609904,0.14359071969237786,0.0003803727766459956,0.01740642293418707,2.227817604232533,1.6391898497128587,0.1552771321388505,-0.22490331580549378,0.5969316596931661,0.03765690376569038,1.6391898434358567,0.0,239
46,train,blind,3.0,0,0.009418921166737213,0.0064960299163256,0.010826715558076133,0.0,0.0,0.022341631111303134,2.1188378304118394,2.096897254429103,0.006496029803319932,-0.2495364209907238,0.3523546692780201,0.14644351464435146,2.096897236478241,0.0,239
47,train,blind,3.0,0,0.4671610229562556,0.1549678933014582,0.2582797876938644,0.20178775227468881,0.0019018638208820231,0.01665294236819178,2.0328985492554668,1.5399188334473008,0.1548402804002009,-0.2304736592662174,0.624321196474673,0.0794979079497908,1.5399188248371343,0.0,239
48,train,blind,3.0,0,0.4085878752840285,0.13373363815139877,0.22288937112825502,0.13008748612144502,0.0019018638832299778,0.017288662462054936,2.0482528573798335,1.6462669619456494,0.13365545099314738,-0.20653685665053714,0.33463901005964575,0.26778242677824265,1.6462669690698866,0.0,239
49,train,blind,3.0,0,0.4859937123801958,0.16364245785130666,0.2727374028328394,0.1591860021632087,0.0019018638832299778,0.01636521183792112,1.9860327188938731,1.5320637766038026,0.1636053478004553,-0.190253553624872,0.27024540787560464,0.38493723849372385,1.532063773892591,0.0,239
50,train,blind,3.0,0,0.015004510717528821,0.0069415104851515376,0.011569183322486066,0.0,0.0,0.01872724704989953,1.8041759479993558,1.7865034451544535,0.006941510305840281,-0.20312615797240063,0.11946942045758034,0.45188284518828453,1.7865034379870086,0.0,239
51,train,blind,3.0,0,0.1870741706890581,0.06289273819169025,0.10482121848232268,0.04602510447781455,0.0001901863883229978,0.017281350743991935,1.814115425034048,1.67952630060986,0.06288844609339493,-0.19706038234387505,0.175583845217959,0.497907949790795,1.6795263054188523,0.0,239
52,train,blind,3.0,0,6.514794980351147e-05,1.679930680579502e-05,2.7998843529625993e-05,0.0,0.0,0.01738822049067734,1.7284128202055289,1.728404758864367,1.679932762903773e-05,-0.19618975660711746,0.10831181934182024,0.5523012552301255,1.7284047692596582,0.0,239
53,train,blind,3.0,0,0.001494409176462552,0.0005687363140069659,0.0009478937915663204,0.0,0.0,0.01699269038262664,1.7200685265672755,1.7191504783710176,0.0005687364499745211,-0.1992124206848636,0.1482833318496098,0.49372384937238495,1.719150472456362,0.0,239
54,train,blind,3.0,0,0.382569948058365,0.12039675295176243,0.20066123109098494,0.1363636363126244,0.005705591649689934,0.01715145732089098,1.6934009311588238,1.6118882158810124,0.12021649480827123,-0.19648498673852316,0.24650583103356177,0.4309623430962343,1.6118882195811712,0.0,239
55,train,blind,3.0,0,0.4532820635336884,0.13912962323888392,0.2318826812476332,0.13921643238686118,0.0032331686014909623,0.01710651963988171,1.683722928976913,1.620841415606782,0.13906190174194122,-0.20166144613541725,0.3088222202439241,0.3054393305439331,1.620841414540066,0.0,239
56,train,blind,3.0,0,0.02819466484402731,0.00858286658565467,0.014304777087227764,0.0,0.0,0.01623175002314992,1.6664747563366111,1.657729723962281,0.008582866943455213,-0.20307099105926252,0.26279711564141367,0.3891213389121339,1.657729718862414,0.0,239
57,train,blind,3.0,0,0.00484126768363289,0.0014124291142043033,0.002354048319571558,0.0,0.0,0.016414207160846957,1.6865003632701092,1.6859897554668921,0.0014124288986045886,-0.2117487908734795,0.31772456155969014,0.39330543933054396,1.6859897545697984,0.0,239
58,train,blind,3.0,0,0.03674998030288848,0.010002582420326906,0.016670970113021415,0.0,0.0,0.01617905278358936,1.6719661177950425,1.6661993334981686,0.010002582411034078,-0.21553899016480207,0.3876969643016113,0.30962343096234307,1.6661993285164605,0.0,239
59,train,blind,3.0,0,0.09973252267304225,0.02942547851950724,0.0490424609663906,0.00817801463554095,0.0001901863883229978,0.01608071581822933,1.6643218363179322,1.646904300196899,0.02942188988469208,-0.21898811847264255,0.3982314015252678,0.3682008368200837,1.6469043011125486,0.0,239
60,eval,blind,3.0,0,0.4465136047263696,0.14909842024078357,0.24849734627528489,0.12723469098242757,0.0,0.012838228986594655,1.3286975088478632,1.2289789464932606,0.14909841931707185,-0.17656097009130317,0.442149618683047,0.25523012552301255,1.2289789526201167,0.0,239
61,eval,blind,3.0,0,0.0003611348120901913,0.00012102996234910632,0.00020171660322512825,0.0,0.0,0.0142851411852066,1.4160628670429085,1.4159564325999017,0.00012103005124365123,-0.21308834584598943,0.5105195999881302,0.20920502092050208,1.4159564345763884,0.0,239
62,eval,blind,3.0,0,0.00010017924373394666,2.8979295896849437e-05,4.829882588588231e-05,0.0,0.0,0.014218427685077719,1.4148520909592697,1.414829467629788,2.8979320373292624e-05,-0.20662365097387506,0.5163357963144307,0.2217573221757322,1.4148294645936828,0.0,239
63,eval,blind,3.0,0,0.0014944071429085072,0.0006985952361646619,0.0011643253720234436,0.0,0.0,0.014158349128627066,1.4169275316733196,1.4170938216492721,0.0006985951901952225,-0.21353869068398207,0.5140508620433841,0.24267782426778242,1.4170938106043311,0.0,239
64,eval,blind,3.0,0,0.5013695556751894,0.11717006906410195,0.19528343493133982,0.038417649568374186,0.0,0.01168801569551323,1.3134252965200894,1.2798228919755466,0.11717006755587812,-0.17087214632633788,0.35650909522537766,0.27615062761506276,1.2798228863613037,0.0,239
65,eval,blind,3.0,0,0.3575846668143823,0.11244723472900583,0.18741203666246734,0.09699505548846273,0.0,0.013448825631111425,1.299451048404103,1.3383181309600256,0.11244723409140057,-0.2029106219560531,0.5912638357221283,0.14225941422594143,1.3383181343452089,0.0,239
66,eval,blind,3.0,0,0.4554288766948919,0.15167704455648373,0.25279505004860103,0.13788512866616748,0.0,0.01267931980244566,1.3328251449632844,1.217354189277194,0.15167704460035258,-0.181470514999721,0.4991839520460548,0.24686192468619247,1.2173541822128477,0.0,239
67,eval,blind,3.0,0,0.03674999346555246,0.017081623871437315,0.028469372045384037,0.0,0.0,0.014161338827038909,1.4117984477446168,1.400813910751662,0.017081623545975207,-0.20494066267309288,0.5248820439775661,0.21338912133891214,1.400813917164762,0.0,239
68,eval,blind,3.0,0,0.21976542770897894,0.07012874559705363,0.11688123403163822,0.03081019434719405,0.0,0.013658913265461703,1.3725252473204705,1.3266761325393261,0.070128744909156,-0.19885533904410557,0.4847324846434612,0.23430962343096234,1.3266761398640246,0.0,239
69,eval,blind,3.0,0,0.006565895839070679,0.0030900049224256237,0.005150007960049506,0.0,0.0,0.014131389301129964,1.4153203385644377,1.4137344702018355,0.003090004990496926,-0.21288341177242512,0.5121813703670732,0.23430962343096234,1.4137344634081386,0.0,239
70,train,blind,3.0,0,0.4634686815016611,0.15220784972746107,0.2536797203373525,0.16641308498183055,0.010079878581118883,0.017448496120245387,1.6476346209458228,1.6426897617563543,0.1518836444690187,-0.21207864148990407,0.3796255081753168,0.33472803347280333,1.642689766086284,0.0,239
71,train,blind,3.0,0,0.32300139925731,0.10891579570121226,0.18152630513834853,0.126854317582302,0.013883606347578839,0.017109176689548474,1.642927170797372,1.6515614150957083,0.10825389416889086,-0.2161836036609207,0.3964806077331672,0.2928870292887029,1.6515614221752075,0.0,239
72,train,blind,3.0,0,0.44651358694995696,0.14260429176427497,0.23767379425115598,0.15252947894599148,0.013313047182609845,0.017496556616446713,1.655883849914104,1.6470600289280943,0.14211692267509005,-0.21692890504365517,0.42265349120151935,0.2719665271966527,1.647060031386326,0.0,239
73,train,blind,3.0,0,0.3825699220520223,0.13132551740014134,0.21887583781970069,0.15462152927989242,0.01597565655678386,0.01711540981721928,1.6519507329334275,1.6480907463628378,0.13057216094526955,-0.2218731215060125,0.44959791091723794,0.27615062761506276,1.6480907416237345,0.0,239
74,train,blind,3.0,0,0.43414843287689137,0.14206846949761776,0.23678075733969536,0.13522251816973027,0.011030810522733872,0.017542010503450885,1.6720061269764122,1.6481672687510567,0.14163251796239382,-0.21515156671418212,0.406124810825247,0.2594142259414226,1.648167265165407,0.0,239
75,train,blind,3.0,0,0.05794354536329254,0.015288935938484603,0.025481559218339295,0.0001901863883229978,0.0,0.016670488621883688,1.703969034190956,1.7007397642694257,0.015288935908376143,-0.2284361333901705,0.456037271135642,0.2384937238493724,1.700739767299758,0.0,239
76,train,blind,3.0,0,0.21150077816593815,0.0670335162402385,0.11172251746610828,0.05096995094830022,0.0032331686014909623,0.017125843614963308,1.7612352121824002,1.726235265262955,0.06694930776867604,-0.22248211683677452,0.39728181845158606,0.2928870292887029,1.7262352556037321,0.0,239
77,train,blind,3.0,0,0.21150077816593815,0.061770668279970936,0.10295110872965432,0.04241156347376532,0.006276150814658927,0.01637685310122826,1.6478560818787897,1.6161983604211687,0.06128136308161705,-0.2257419288028103,0.4920917534644946,0.19246861924686193,1.6161983604018089,0.0,239
78,train,blind,3.0,0,0.0001001795120615216,5.154333663679353e-05,8.590556002878604e-05,0.0,0.0,0.01747457471103349,1.7875044979310935,1.7875358065800686,5.1543351097378754e-05,-0.23262440251817113,0.4034244339594647,0.3054393305439331,1.7875358093966451,0.0,239
79,train,blind,3.0,0,0.501817049438165,0.15497556102657134,0.258292580409673,0.12780524946156904,0.007036896305602964,0.01701094690714203,1.7754146962983837,1.66367579778368,0.1548082957879883,-0.2123187522735554,0.3579928187780053,0.2928870292887029,1.6636757871867134,0.0,239
80,train,blind,3.0,0,0.4859937123801958,0.14098352781297477,0.23497252591010562,0.10536325682406646,0.010460251295416924,0.016685757771422737,1.712900703671587,1.6024107005306867,0.14049571879302097,-0.22022230201302162,0.4961868304697469,0.14225941422594143,1.6024106901501978,0.0,239
81,train,blind,3.0,0,0.0012663892698259907,0.0005799802641160118,0.0009666336986792048,0.0,0.0,0.017640948915176063,1.7942947024580824,1.7935771887272471,0.0005799802988214164,-0.22775803157825383,0.38532300661740704,0.2594142259414226,1.793577178649307,0.0,239
82,train,blind,3.0,0,0.10614912902745642,0.03480599111819905,0.05800998046573848,0.011411183049988049,0.0005705591649689933,0.018461925875800797,1.7960029855432869,1.7641729670089659,0.034795327783719576,-0.2227118411464829,0.35241401822012525,0.29707112970711297,1.7641729643795472,0.0,239
83,train,blind,3.0,0,0.3720951933817057,0.11824087233789325,0.19706810159087776,0.11772537088045017,0.011220996848708914,0.01602428064829666,1.7006184012321248,1.5629408600814172,0.11759078761115918,-0.23890452762743836,0.6240244517641474,0.1297071129707113,1.562940848101879,0.0,239
84,train,blind,3.0,0,0.11952208523755692,0.03781024958665527,0.06301707801961064,0.0100798781446832,0.0001901863883229978,0.017424175529409527,1.8222632941840582,1.7639766996375685,0.03780921909866916,-0.22199331255989582,0.37464019703848783,0.26778242677824265,1.7639766998277095,0.0,239
85,train,blind,3.0,0,0.2573214347770065,0.07449560252487222,0.12415932586325759,0.06466337028407651,0.0007607455532919912,0.01701768093146228,1.8390915149425362,1.7123281461923192,0.074479423372319,-0.20881596788988965,0.30075076411762963,0.3305439330543933,1.7123281625324376,0.0,239
86,train,blind,3.0,0,0.36126752409238416,0.10069162492734174,0.16781936085401764,0.08273107692536949,0.0009509319416149889,0.016533120673648607,1.8460383884078788,1.6466445022547096,0.10067170301740455,-0.20016249894637067,0.25573459153090594,0.39748953974895396,1.646644515757728,0.0,239
87,train,blind,3.0,0,0.36491424218167223,0.10466250566505132,0.17443749077743426,0.10384176540574269,0.0011411183299379866,0.015720103243385367,1.7841305308760957,1.5342575839747943,0.10460821056221142,-0.23304659120535137,0.6189501172141608,0.12133891213389121,1.5342575781106889,0.0,239
88,train,blind,3.0,0,0.4941819601855557,0.14671654999533168,0.24452755928326206,0.10878661075396517,0.0030429822131679647,0.015198212106727749,1.8582006099333823,1.4828233832345348,0.14658011274743984,-0.2104228589672047,0.5393631858512122,0.12133891213389121,1.4828233934323853,0.0,239
89,train,blind,3.0,0,0.22391452780090834,0.0690094838999616,0.11501579754559663,0.04678585040519427,0.0001901863883229978,0.017310952338113382,1.8871664621839963,1.6966417107621996,0.069003660525546,-0.21656578472358307,0.3796848571174219,0.2510460251046025,1.6966417009077783,0.0,239
90,eval,blind,3.0,0,0.06036286422683006,0.024421658346399755,0.04070276140697068,0.007987828122522043,0.0,0.014493618525806268,1.5651315358393363,1.4880812706807667,0.024421658430438586,-0.19181599047277764,0.37434345232796223,0.26778242677824265,1.4880812726395678,0.0,239
91,eval,blind,3.0,0,0.01200688445204372,0.006028868013722081,0.010048112848570968,0.0,0.0,0.015182682538062146,1.5542703941776164,1.5362166071536651,0.006028868017953706,-0.19894394163155055,0.41704501617258666,0.23430962343096234,1.5362166032301905,0.0,239
92,eval,blind,3.0,0,0.001494409176462552,0.0008290767977159247,0.0013817945352407703,0.0,0.0,0.015021772344039449,1.5443381038669761,1.542595578038044,0.0008290768312074011,-0.19829498545392876,0.39363185851212196,0.2510460251046025,1.5425955727841452,0.0,239
93,eval,blind,3.0,0,0.1445073664815396,0.04929075603348446,0.0821512519624665,0.0365157862462758,0.0,0.013816643602733021,1.5899247808935253,1.4202775089810582,0.04929075536985015,-0.18136289381601006,0.3233033621175702,0.3138075313807531,1.4202775222471529,0.0,239
94,eval,blind,3.0,0,0.005378621699537879,0.002768681748169774,0.004614469579757809,0.0,0.0,0.014925175748773263,1.5479271820898335,1.54147256268617,0.002768681727453083,-0.1972757358746957,0.39369120745422714,0.2719665271966527,1.5414725600833619,0.0,239
95,eval,blind,3.0,0,0.14822524460574474,0.05131817216090868,0.08553028065737076,0.019969570088087266,0.0,0.013826813501068177,1.6015841886089437,1.4735573661127848,0.05131817199663643,-0.18735999561154504,0.3451734472833021,0.21338912133891214,1.4735573534462163,0.0,239
96,eval,blind,3.0,0,0.3991743668428696,0.11984979183722758,0.1997496336956996,0.09756561515221536,0.0,0.012119219036359792,1.6853903731541653,1.28395542876491,0.11984979153766515,-0.1615472584146729,0.23027389536781506,0.4100418410041841,1.2839554317637722,0.0,239
97,eval,blind,3.0,0,0.2905912866229464,0.09380117177492116,0.15633527523136934,0.05077976374945381,0.0,0.012992908999861595,1.6614642996169533,1.3713555837276092,0.09380117167164213,-0.17651379495423705,0.33018783940176266,0.2928870292887029,1.371355583896161,0.0,239
98,eval,blind,3.0,0,0.44414846890925763,0.13769223511057493,0.22948703244615884,0.12171928746680336,0.0,0.011957124594567834,1.7068693799952583,1.2055175911681921,0.13769223470622652,-0.19392480849919058,0.6743820291403306,0.07112970711297072,1.2055175857321134,0.0,239
99,eval,blind,3.0,0,0.3028837280172224,0.09340259823974326,0.15567097929823864,0.0859642468361675,0.0,0.013005100103936872,1.6430231686915313,1.3184271636867124,0.09340259865395531,-0.19510537199250627,0.569749844209027,0.12552301255230125,1.3184271581138174,0.0,239
100,train,blind,3.0,0,0.4769458410955545,0.14319576630497907,0.23865959004743295,0.10783567899939406,0.0007607455532919912,0.015904103489553702,1.935039933755308,1.5505261675583268,0.14317501145486855,-0.20598849324825988,0.45529540935932816,0.16317991631799164,1.5505261511106503,0.0,239
101,train,blind,3.0,0,0.15197705929011698,0.05265741025617762,0.08776234120555407,0.029859262218535194,0.0001901863883229978,0.017010244045983298,1.8611033962860266,1.7112939608396347,0.05264810175429367,-0.20789402586807415,0.2818778005282055,0.35564853556485354,1.7112939613393117,0.0,239
102,train,blind,3.0,0,0.32300136876191454,0.0947582629572227,0.15793042467578527,0.08881704072822587,0.0017116774949069802,0.017391175011204064,1.9530665784700145,1.7069735462196702,0.09472770184969187,-0.2039485143843306,0.21074809341523487,0.41422594142259417,1.7069735432291098,0.0,239
103,train,blind,3.0,0,0.00010017924373394666,5.381586312396241e-05,8.969310427300834e-05,0.0,0.0,0.018765528170025622,1.8504078852082895,1.8502829354178456,5.381582488713077e-05,-0.21426289752738598,0.19611857918632597,0.4393305439330544,1.8502829386691788,0.0,239
104,train,blind,3.0,0,0.02230692015294469,0.01030749018439462,0.017179149652163453,0.0,0.0,0.018028321410977443,1.8363896972464717,1.8093287331289827,0.010307490262999316,-0.21157981239586873,0.2048725481468293,0.401673640167364,1.8093287338203359,0.0,239
105,train,blind,3.0,0,0.006565895839070679,0.003206466128572307,0.005344109976747965,0.0,0.0,0.01866890274759803,1.8665421108820448,1.8587659966496743,0.0032064660235427934,-0.21650652470243922,0.20926436986260719,0.4351464435146444,1.858766001956654,0.0,239
106,train,blind,3.0,0,0.0023364927420596237,0.0010934070290139852,0.0018223449903214935,0.0,0.0,0.018709118622179808,1.8266681397809144,1.8249408939393494,0.001093407046762451,-0.21240281466859318,0.19279503842844,0.41422594142259417,1.8249408936508522,0.0,239
107,train,blind,3.0,0,0.46892580401234446,0.1438217340200403,0.23970286986643496,0.12362114916785491,0.0007607455532919912,0.01502582772194591,1.8894565285000342,1.483780005736331,0.14380059559812727,-0.21025078145407142,0.5321819638564943,0.1589958158995816,1.4837800203112375,0.0,239
108,train,blind,3.0,0,0.0023364956484850357,0.0013202490188016032,0.0022004148986487196,0.0,0.0,0.0185711162601243,1.8271578520411726,1.8242539691126995,0.001320249012423724,-0.20954632128337716,0.16320959078904418,0.4560669456066946,1.8242539772881716,0.0,239
109,train,blind,3.0,0,0.023700621450150866,0.010201015318526518,0.017001690961379802,0.0,0.0,0.018629435919396673,1.8324714260620054,1.8082495254452757,0.010201015473559215,-0.21050227495726778,0.1872162378705599,0.4351464435146444,1.8082495184911087,0.0,239
110,train,blind,3.0,0,0.0005835234280700004,0.0002754779282337976,0.00045912988205897237,0.0,0.0,0.018155089538606766,1.8089834795836126,1.8083693108299288,0.00027547791844626467,-0.20981304680882903,0.1780765007863735,0.47280334728033474,1.8083693048793168,0.0,239
111,train,blind,3.0,0,0.4465136047263696,0.12943567483828142,0.2157261061658581,0.10840623803966713,0.0007607455532919912,0.01622141655885213,1.8745169829125186,1.6046808080194386,0.12942200729926165,-0.191865685375876,0.19665271966527198,0.46443514644351463,1.6046808094748453,0.0,239
112,train,blind,3.0,0,0.4554288766948919,0.13538562809467236,0.22564269302029252,0.11487257511795315,0.0013313047182609845,0.016944198858452705,1.8570805089743068,1.6202732232325248,0.13535398353913433,-0.19023129047699724,0.16421852280483099,0.49372384937238495,1.6202732166343112,0.0,239
113,train,blind,3.0,0,0.5020913164463541,0.1544866318831109,0.25747769306070795,0.1449220237871593,0.006085964426335929,0.015087627817946779,1.7640439760734845,1.44675070521223,0.15411536235836415,-0.2232212121526675,0.6662808985429836,0.058577405857740586,1.4467507118619176,0.0,239
114,train,blind,3.0,0,0.4941819601855557,0.14808242752873235,0.24680402212036837,0.11791555714407725,0.0024724230481989714,0.015278035619931303,1.818554631835746,1.4952033749434739,0.14799430912178985,-0.19368538363863685,0.3490311285201341,0.29707112970711297,1.4952033708551733,0.0,239
115,train,blind,3.0,0,0.4634686815016611,0.13827655053036053,0.23046089241329373,0.1262837587290728,0.0022822366598759733,0.01642967794172341,1.8020625792786666,1.5450094696368133,0.1381929833558875,-0.18996587036948667,0.25208463159144195,0.39330543933054396,1.5450094742812832,0.0,239
116,train,blind,3.0,0,0.137177762364597,0.042310795693528726,0.07051798733580608,0.02073031620251085,0.0,0.01659399263607533,1.7793579166404372,1.6769194689006486,0.042310794833321785,-0.19864287146940268,0.20235021810736223,0.4393305439330544,1.676919465007147,0.0,239
117,train,blind,3.0,0,0.5010294421648054,0.15517185885447252,0.25861973630267565,0.14340053261822736,0.0019018638832299778,0.016060181229012906,1.7970819742609767,1.5619712206359688,0.15510871005378504,-0.18997967051850304,0.2525297486572302,0.4225941422594142,1.561971219201572,0.0,239
118,train,blind,3.0,0,0.015004504288443965,0.0051246859216901855,0.008541142652807348,0.0,0.0,0.017393865990822658,1.720624904253493,1.712040538568377,0.00512468593478082,-0.2001139598814897,0.17534644944953853,0.4560669456066946,1.7120405257804292,0.0,239
119,train,blind,3.0,0,0.003041941807975517,0.0011843498191315483,0.001973916266674164,0.0,0.0,0.0172703496870199,1.7284938648156043,1.7264558363659113,0.0011843498470785318,-0.20096910130114914,0.1664441081337725,0.497907949790795,1.7264558481796022,0.0,239
120,eval,blind,3.0,0,0.497250765612289,0.13891468459136164,0.23152445533403457,0.07835679074211599,0.0,0.00860407328083098,1.442673061183307,0.9186450360210371,0.13891468440407423,-0.11469657748409862,0.090714858007656,0.6276150627615062,0.918645043350032,0.0,239
121,eval,blind,3.0,0,0.5000638237883528,0.13765451627126266,0.2294241747999477,0.08139977264354419,0.0,0.008942978096167288,1.4454115960887286,0.9315637444851289,0.13765451554798985,-0.11493430049688909,0.0953144010208018,0.7489539748953975,0.9315637467440021,0.0,239
122,eval,blind,3.0,0,0.48366004122113304,0.13395819127311914,0.22326362885405807,0.09014834725457754,0.0,0.009355772052848689,1.4481341003374075,0.9435505590179475,0.13395819088714328,-0.13022054955968984,0.25739636190984894,0.4351464435146444,0.9435505657709758,0.0,239
123,eval,blind,3.0,0,0.14082453795319042,0.043164946231345654,0.07194157294518286,0.0,0.0,0.011002875576146477,1.2120529832201523,1.0650737712074025,0.043164946152832284,-0.11924100351273167,0.001335351197364907,0.9832635983263598,1.0650737622593494,0.0,239
124,eval,blind,3.0,0,0.022306911853421187,0.008633276889356152,0.014388793648832388,0.0,0.0,0.011618574642845153,1.1310036623827084,1.1003221525307978,0.008633276697197807,-0.1270405192931774,0.015875842013116117,0.9121338912133892,1.1003221584916656,0.0,239
125,eval,blind,3.0,0,0.4997555405538623,0.14132440545237315,0.23554064728550772,0.11734499997424282,0.0,0.009300802525027683,1.4376270005393728,0.9302240706450271,0.14132440472531016,-0.151557512635935,0.5099261105670791,0.16736401673640167,0.9302240762871457,0.0,239
126,eval,blind,3.0,0,0.472293708546508,0.1279314768749622,0.2132191039695442,0.09794598905112455,0.0,0.00939214023202268,1.430793100570535,0.9366000521631919,0.12793147693741672,-0.1265670449686083,0.2240422564467788,0.5564853556485355,0.9366000448036075,0.0,239
127,eval,blind,3.0,0,1.0033076722564557e-05,3.3825460556411346e-06,5.637576901470798e-06,0.0,0.0,0.011867676503083447,1.1170578738635555,1.11704611329354,3.3825512310084752e-06,-0.12818472555816854,0.017804682631532093,0.895397489539749,1.1170461119002237,0.0,239
128,eval,blind,3.0,0,0.5010294421648054,0.13723559197874752,0.22872597117914145,0.0648535572335311,0.0,0.009059914216792765,1.442570600798938,0.9384404304885465,0.1372355916070039,-0.11173705954244101,0.01267099913944034,0.899581589958159,0.9384404260200742,0.0,239
129,eval,blind,3.0,0,0.15197702979228886,0.04622081826823602,0.07703469087850501,0.02034994298942917,0.0,0.010674267161684306,1.2042236747103257,1.040329477964086,0.04622081826452193,-0.12851271343475684,0.1265912935101932,0.7907949790794979,1.0403294743256144,0.0,239
130,train,blind,3.0,0,0.3612674953427315,0.1085774542695758,0.18096240551755755,0.10973754282027608,0.003613541378136958,0.015927318190360855,1.6758605930096933,1.536475018602036,0.10841837937488327,-0.20380788098669864,0.3876376153595062,0.28451882845188287,1.536475039209522,0.0,239
131,train,blind,3.0,0,0.0005835234280700004,0.00024139797968924373,0.00040232990909792545,0.0,0.0,0.017306733284161182,1.717690243880619,1.7171744751630966,0.00024139795355363866,-0.19826759914668982,0.14709635300750762,0.5313807531380753,1.7171744843216086,0.0,239
132,train,blind,3.0,0,0.4918546168378746,0.17271315011343916,0.28785521826624266,0.19475085553265017,0.022632180148088783,0.01577497231111585,1.5622320524319446,1.4637677968795328,0.17127081308136138,-0.24065837436154217,0.719872993263895,0.05439330543933055,1.4637677994824463,0.0,239
133,train,blind,3.0,0,0.4288286963842077,0.13291838852614146,0.22153062298612633,0.1407379245533604,0.004944846096397943,0.017036523997284878,1.7383464604740861,1.584614291226016,0.13276885085838805,-0.19677943302529136,0.27083889729665567,0.42677824267782427,1.5846142853291154,0.0,239
134,train,blind,3.0,0,0.2364116824699286,0.07198081384354493,0.11996801118315276,0.060859642205876786,0.0024724230481989714,0.016911063098765628,1.7244452140820077,1.6095883136763234,0.07184035695953368,-0.2038885147224341,0.31401525267812097,0.34309623430962344,1.6095883082431224,0.0,239
135,train,blind,3.0,0,0.0034414877965033177,0.0013395556056840106,0.0022325926178055093,0.0,0.0,0.01718834820729544,1.7201799737858472,1.7181893337720608,0.0013395555297431056,-0.19579101524434275,0.11077480043918217,0.606694560669456,1.7181893368943297,0.0,239
136,train,blind,3.0,0,0.31099300983821715,0.10408607488392149,0.1734767710317801,0.11430201620237598,0.008368201086211903,0.01655955151576845,1.6915737764605918,1.596347016894169,0.10371540631585882,-0.21013498430203836,0.3823555595121517,0.3138075313807531,1.5963470257156278,0.0,239
137,train,blind,3.0,0,0.5017308978531066,0.17502906974377042,0.2917150849216836,0.183339672669706,0.019969570649218858,0.016486674610517577,1.6538130967686864,1.5243622325204904,0.17371696959007102,-0.22596916250011984,0.5850618712721446,0.08368200836820083,1.5243622345517098,0.0,239
138,train,blind,3.0,0,0.4918546168378746,0.16188319718822491,0.26980530232822847,0.15005705596014046,0.009699505804472887,0.016461954236802134,1.6770407238265959,1.506022217009357,0.16139125867593823,-0.21830003077057356,0.5420635627169946,0.1589958158995816,1.50602220740902,0.0,239
139,train,blind,3.0,0,0.008643440734246789,0.0033977938072281503,0.005662989495211295,0.0,0.0,0.017247166615135374,1.708655755639575,1.7016876888574417,0.003397793913551506,-0.19452635567802434,0.12124988872073356,0.5857740585774058,1.701687692005056,0.0,239
140,train,blind,3.0,0,0.0023364956484850357,0.000818765742916645,0.0013646094985043232,0.0,0.0,0.01733850445754234,1.6981060719390295,1.696379536864149,0.0008187658260269558,-0.19260800707182796,0.09433514347606754,0.6443514644351465,1.696379537157919,0.0,239
141,train,blind,3.0,0,0.002028211354079294,0.00079852930183311,0.001330882059344457,0.0,0.0,0.01763786211664395,1.6889409789480425,1.6874900073685906,0.0007985293554742703,-0.19336651727899828,0.12065639929968248,0.5690376569037657,1.6874900092596228,0.0,239
142,train,blind,3.0,0,0.0,0.0,0.0,0.0,0.0,0.01776736990303175,1.7275663763908162,1.7275663763908162,0.0,-0.1983235123254838,0.13540461141280155,0.5690376569037657,1.727566387978036,0.0,239
143,train,blind,3.0,0,0.001747928173575944,0.0007569634272007245,0.0012616056394648824,0.0,0.0,0.017299230563138694,1.7145791662288012,1.7139938501134577,0.0007569633737422242,-0.19758836938539656,0.1424671355233093,0.5899581589958159,1.7139938600331708,0.0,239
144,train,blind,3.0,0,0.49418196437011425,0.16041852407176052,0.2673641774866357,0.1683149484909728,0.006085964426335929,0.016774207648770516,1.7333186134134875,1.6055038321965909,0.1602742840930728,-0.1956561771371487,0.23650553428885132,0.4309623430962343,1.605503837219254,0.0,239
145,train,blind,3.0,0,0.0007224776207325224,0.0002695640756717686,0.000449273436057243,0.0,0.0,0.017390506486233057,1.687871618001531,1.6872943437747876,0.00026956408993447216,-0.19068265983409743,0.08065521232084036,0.6150627615062761,1.6872943355172108,0.0,239
146,train,blind,3.0,0,0.0034414851706437025,0.0013839143025944551,0.0023065236060749584,0.0,0.0,0.017405297985167933,1.6864256315151518,1.6837019690908648,0.0013839142877685499,-0.19415485911138003,0.13653224131279856,0.5397489539748954,1.6837019631308623,0.0,239
147,train,blind,3.0,0,0.4532820635336884,0.17524879996400086,0.2920812969341987,0.2221376949523782,0.02947889006536875,0.017001175819448034,1.5410340238814573,1.543882182701861,0.17355815363684635,-0.23728063354204554,0.5856256862221432,0.14644351464435146,1.543882184343974,0.0,239
148,train,blind,3.0,0,0.0007224766159197316,0.0002606585738736217,0.0004344309325072774,0.0,0.0,0.017934103336606066,1.7172253101939436,1.7166749328748951,0.0002606586412903921,-0.1986678911752377,0.15347636428380662,0.5606694560669456,1.7166749223836684,0.0,239
149,train,blind,3.0,0,0.167300184708377,0.06581688452481947,0.1096947950982098,0.06789653851147975,0.0034233549898139604,0.017819665095702625,1.7227819968466977,1.6867214708148686,0.06572563764584097,-0.1985041088720159,0.1531796195732811,0.5188284518828452,1.686721478590163,0.0,239
150,eval,blind,3.0,0,0.4653420529930334,0.138118500294166,0.2301974752624412,0.14282997264273495,0.0,0.01178274568263831,1.490653206613772,1.0585572755735788,0.13811850062983425,-0.13010934066416613,0.13389121338912133,0.7907949790794979,1.058557275079597,0.0,239
151,eval,blind,3.0,0,0.08452667201199193,0.030790579179734153,0.05131762943426137,0.010460250921329194,0.0,0.013557478185415767,1.2946754444593167,1.1841756958342995,0.030790578966539462,-0.14741474890863934,0.21217246802575745,0.6736401673640168,1.1841756944379083,0.0,239
152,eval,blind,3.0,0,0.5010294404741651,0.1530522629440247,0.2550870769831452,0.13883605830090814,0.0,0.011170078540478042,1.5151290349880522,1.027331324302003,0.15305226289976007,-0.1301480061861132,0.13582005400753736,0.7656903765690377,1.02733132248662,0.0,239
153,eval,blind,3.0,0,0.010237411712357194,0.004602481256195034,0.00767080166397098,0.0,0.0,0.014505519519976992,1.2345181888117451,1.216443749152467,0.004602481318756092,-0.13942184912417682,0.0,1.0,1.2164437571245719,0.0,239
154,eval,blind,3.0,0,0.2531380511106846,0.08744943238439591,0.1457490338576143,0.10003803738989092,0.0,0.013175196041621923,1.3182367490425269,1.165097307959361,0.08744943218176505,-0.17078620222450197,0.41164426244102204,0.46443514644351463,1.1650973063951027,0.0,239
155,eval,blind,3.0,0,6.514794980351147e-05,3.183633591380617e-05,5.306055601033534e-05,0.0,0.0,0.014642895924153437,1.2334895937013826,1.2333532701476349,3.183634066296679e-05,-0.13825674810191313,0.0,1.0,1.2333532687987296,0.0,239
156,eval,blind,3.0,0,0.41162967206828666,0.13061402201086036,0.21769000392452967,0.17554203000028762,0.0,0.0125437156612903,1.4108409457625704,1.119504545523033,0.13061402185337698,-0.16176846621034124,0.39704442268316575,0.3682008368200837,1.1195045457373825,0.0,239
157,eval,blind,3.0,0,0.41162969583010295,0.13219324528582094,0.22032204356700158,0.15405096955379183,0.0,0.012611076384821758,1.3926779286133195,1.1246544450646165,0.13219324502449534,-0.1706355371839145,0.4206949761120509,0.4351464435146444,1.1246544533918306,0.0,239
158,eval,blind,3.0,0,0.04055126141090673,0.01572732063075849,0.02621219957240801,0.0,0.0,0.01390219706979631,1.2664481206917864,1.2009048227485752,0.015727320546247786,-0.14122935290817226,0.1354936348259592,0.7740585774058577,1.2009048199483927,0.0,239
159,eval,blind,3.0,0,0.41162969583010295,0.14131764746205316,0.23552938333807988,0.14454165063642557,0.0003803727766459956,0.01282959038812558,1.3222486888015619,1.1655658695488296,0.14131556332542924,-0.19592992075055693,0.5248820439775662,0.35564853556485354,1.1655658707580683,0.0,239
160,train,blind,3.0,0,0.05794356438666426,0.019695507178789835,0.032825843253510005,0.002852795824844967,0.0,0.017159837847536576,1.6998056407752895,1.6667978908227576,0.019695507172944715,-0.19114843230536924,0.1155523902786433,0.5857740585774058,1.6667978979112714,0.0,239
161,train,blind,3.0,0,0.47389736845189456,0.17435453084683378,0.29059084821502174,0.22422974497453937,0.0330924313188098,0.01704732689686961,1.5531595920419095,1.5431409455742298,0.17206075197884205,-0.23039584639375343,0.5668417460458769,0.17154811715481172,1.5431409489980377,0.0,239
162,train,blind,3.0,0,0.14082450920353773,0.04287143983249784,0.07145239292000635,0.02510460238576434,0.0007607455532919912,0.016819392665090607,1.682055775091738,1.6356817683415432,0.04285276039685809,-0.19131314626392937,0.1797976201074216,0.502092050209205,1.635681773992183,0.0,239
163,train,blind,3.0,0,0.39594290426846546,0.1373724365367254,0.2289540349479295,0.1732597940885871,0.008368201086211903,0.01768534828589208,1.6918206658822224,1.6465135974864082,0.13715203652325453,-0.20080699871374333,0.2373364194783228,0.497907949790795,1.6465136074168232,0.0,239
164,train,blind,3.0,0,0.025146201497458203,0.008503026819377422,0.014171710733995748,0.0,0.0,0.017674029122835423,1.6844769666384454,1.6742775036201318,0.008503026557199402,-0.19023563843177022,0.09525505207869668,0.5941422594142259,1.6742775143526596,0.0,239
165,train,blind,3.0,0,0.4836600335450891,0.16408491918964385,0.27347483177252335,0.1844807908126001,0.007227082756273916,0.017458207162962175,1.6760005240161049,1.6022102945020509,0.16391638640751993,-0.1997703785198843,0.2855574349387222,0.39330543933054396,1.6022102871146469,0.0,239
166,train,blind,3.0,0,0.5019461374421663,0.1685770983172253,0.2809618007290832,0.17344998166152123,0.007036896367950918,0.017030312850190694,1.7080221979189119,1.6276838946541983,0.16844979030800034,-0.20517916680493323,0.3325914715570195,0.3723849372384937,1.6276838890368095,0.0,239
167,train,blind,3.0,0,0.025146201497458203,0.006982818201958021,0.011638029713573804,0.0,0.0,0.016556466904285687,1.6764226296456788,1.6683587840910237,0.006982818202353784,-0.1910324575243143,0.11650197335232498,0.5815899581589958,1.6683587825444555,0.0,239
168,train,blind,3.0,0,0.09350418227249328,0.02536230608876931,0.04227050840624493,0.0017116774949069802,0.0,0.016185800270196907,1.6613296023472583,1.6343098138166772,0.025362306184726707,-0.19095478708461902,0.15353571322591172,0.5439330543933054,1.6343098085909462,0.0,239
169,train,blind,3.0,0,0.31902109559870884,0.11521272762497364,0.19202118817604105,0.14625332869246416,0.005135032484720941,0.01721702151538251,1.636944767072111,1.6376136501463887,0.11506694053383079,-0.20115572927087197,0.25671384907564027,0.4435146443514644,1.6376136542597073,0.0,239
170,train,blind,3.0,0,0.08163405268523204,0.026821539663245988,0.04470256250857027,0.008558387349838992,0.0005705591649689933,0.016811426312011903,1.6402050755512765,1.6237407162099702,0.02680649855238664,-0.19096081546039134,0.1494703106917119,0.5355648535564853,1.6237407068596919,0.0,239
171,train,blind,3.0,0,0.49267310757053845,0.17054919350529907,0.2842486215589488,0.18048687827886398,0.005325218873043938,0.0176893550996127,1.6465905176545785,1.6208959556024942,0.17045966713553126,-0.2108149526111005,0.3855307279147749,0.3305439330543933,1.6208959508527339,0.0,239
172,train,blind,3.0,0,0.33866766505446294,0.1279877630990025,0.21331291195655996,0.16755420300002877,0.00950931941614989,0.0175431222795162,1.6122424891803055,1.6443237609943087,0.12774852683881868,-0.21109356058019538,0.3567168165227455,0.33472803347280333,1.6443237587732833,0.0,239
173,train,blind,3.0,0,0.09659447261740192,0.02898780976777831,0.0483130120168631,0.018257892717876194,0.0007607455532919912,0.015901386437773952,1.6361682507283517,1.6168620875689774,0.0289618465004313,-0.19122964034644935,0.17059853408113002,0.5397489539748954,1.6168620921955634,0.0,239
174,train,blind,3.0,0,0.3756273159996906,0.13779848086603608,0.22966410683205685,0.17953594590081332,0.01806770689068479,0.017817520953434283,1.6234614956329059,1.657321791519181,0.13694777211770937,-0.21000547537042172,0.27745630434137514,0.42677824267782427,1.6573217887393914,0.0,239
175,train,blind,3.0,0,0.17120400338753217,0.06150366531942972,0.10250609746968416,0.05572461040698335,0.009889692192795885,0.01649428130552235,1.57291744443662,1.5887628506915838,0.0609366037043633,-0.2025778101798834,0.290691118430814,0.401673640167364,1.5887628536911553,0.0,239
176,train,blind,3.0,0,0.04253383616285562,0.01141214254144779,0.019020236367887036,0.0,0.0,0.01567452164974734,1.6088061639454574,1.5909933078737937,0.011412142435383202,-0.18492534634284577,0.15003412564171045,0.5732217573221757,1.5909933088232948,0.0,239
177,train,blind,3.0,0,0.31501783161268476,0.11045227177633157,0.18408709892202568,0.13008748605909706,0.006466337202981925,0.016892417878590554,1.6323566459212842,1.6103006580135313,0.11020878860010316,-0.2008960644470899,0.27107629306507613,0.4309623430962343,1.6103006657467467,0.0,239
178,train,blind,3.0,0,0.04666315660102996,0.014874526961343938,0.02479087673315182,0.0009509319416149889,0.0001901863883229978,0.016440495601212256,1.6427662537187713,1.6322931789454058,0.014869498112549466,-0.19320227958878133,0.1916970829994955,0.5188284518828452,1.6322931842231678,0.0,239
179,train,blind,3.0,0,0.47063660832414467,0.17152830139221428,0.28588047057774896,0.20901483509331067,0.007987828309565907,0.01791294565361975,1.6504600023126004,1.6750642028812583,0.17134256980368023,-0.21652593169409554,0.3880827324252945,0.26359832635983266,1.6750641973484965,0.0,239
180,eval,blind,3.0,0,0.03316622928357742,0.009971020791929743,0.016618366983877964,0.0,0.0,0.010923617599321584,0.9718898831551045,0.9406390157703576,0.009971020620381538,-0.10391267377195929,0.0,1.0,0.9406390165028768,0.0,239
181,eval,blind,3.0,0,0.003041941807975517,0.0010902873036380035,0.0018171454009222,0.0,0.0,0.011184061331884881,0.9524899324612638,0.9487933628728699,0.00109028720080041,-0.10589224662949272,0.0,1.0,0.9487933595061729,0.0,239
182,eval,blind,3.0,0,0.4918546215835647,0.16455136451338176,0.2742522416086724,0.15595283362406567,0.0001901863883229978,0.010601995233251522,1.0091602724965147,0.9915971096340084,0.1645431236416797,-0.16117578306056202,0.4790053117303186,0.29707112970711297,0.9915971094098281,0.0,239
183,eval,blind,3.0,0,0.5013695556751894,0.14981077533937645,0.24968459837956483,0.12875617996918107,0.0,0.009907177423427045,1.1056763599607236,0.9273030119460995,0.1498107759758553,-0.12029997589886013,0.14501914003382893,0.6861924686192469,0.9273030165685717,0.0,239
184,eval,blind,3.0,0,1.0033001283974734e-05,2.34242700012089e-06,3.904044746507006e-06,0.0,0.0,0.011093829251888157,0.9555291780368055,0.955523216075977,2.3424579305515846e-06,-0.10682897787319949,0.0041841004184100415,0.9874476987447699,0.9555232203800809,0.0,239
185,eval,blind,3.0,0,0.12646474479892483,0.029799960513430437,0.049666597988777,0.0,0.0,0.01024343453885434,0.9941733499451162,0.9074489539138443,0.029799960392905268,-0.10246354757168773,0.0,1.0,0.9074489572234018,0.0,239
186,eval,blind,3.0,0,0.4797851214425007,0.14705609309986437,0.2450934630087964,0.14054773579581512,0.0,0.010112168282956259,1.0895763924929887,0.9345032520373995,0.14705609289839036,-0.12199242703818844,0.14136918009436483,0.7740585774058577,0.9345032535408399,0.0,239
187,eval,blind,3.0,0,0.4554288604148302,0.12968409870905,0.21614014041901952,0.11525294683468391,0.0,0.010228476830013876,1.0949920927131525,0.928048225750983,0.129684098553241,-0.12880022652984377,0.14938128727855424,0.6485355648535565,0.9280482257328923,0.0,239
188,eval,blind,3.0,0,0.5008256455296923,0.16182311870712152,0.2697051696335445,0.14568276840523198,0.0,0.01019578753916009,1.0556173384438998,0.9707623304931688,0.16182311884557782,-0.14149831759848616,0.2985548532597406,0.46443514644351463,0.9707623341488548,0.0,239
189,eval,blind,3.0,0,0.4653420398303694,0.14255114103449829,0.2375852055047594,0.1285659939549458,0.0001901863883229978,0.010020083902699865,1.0429497214041994,0.9460626405402707,0.14254849062141817,-0.13718503297627213,0.33630078043858874,0.4100418410041841,0.9460626416692899,0.0,239
190,train,blind,3.0,0,0.27401919350725557,0.09651072696460193,0.16085119324215838,0.10574362866549313,0.014834538289193828,0.016139630039288783,1.5888978701755092,1.6023680278446883,0.09570992750809923,-0.20346713046320522,0.2785542597703196,0.46443514644351463,1.6023680220008834,0.0,239
191,train,blind,3.0,0,0.5019918537838604,0.2038723796600097,0.3397872562816237,0.2584632936880678,0.037276531986611655,0.017014912390013744,1.5156376815740034,1.5841708390283784,0.2017519479319071,-0.22734740506412612,0.5243775779696727,0.15481171548117154,1.5841708354824968,0.0,239
192,train,blind,3.0,0,0.3612674953427315,0.14213113102135036,0.2368851883101453,0.20102700665904888,0.015785470168460863,0.01758374271049285,1.6152925800578863,1.667285667054324,0.14144095786960484,-0.2146253487957721,0.32650820499124605,0.40585774058577406,1.667285666038487,0.0,239
193,train,blind,3.0,0,0.5020268853461184,0.19451574261757404,0.3241928648034955,0.2419170780910109,0.027006466954821822,0.01728083743620274,1.5457560434999824,1.6022343952286693,0.1931461282995058,-0.22214062555708064,0.43342532419359625,0.2510460251046025,1.6022344023187665,0.0,239
194,train,blind,3.0,0,0.0014944071429085072,0.0006311558472779511,0.0010519263720411172,0.0,0.0,0.016355853009516974,1.676207723976678,1.6750525465570234,0.0006311559097781226,-0.19470982788896196,0.15157719813644324,0.5941422594142259,1.6750525285729378,0.0,239
195,train,blind,3.0,0,0.012959528787482421,0.004114052067680292,0.0068567531067920875,0.0,0.0,0.01670895399385479,1.6791310789196063,1.674563470245904,0.004114052015348196,-0.1906875136448776,0.10038873557078845,0.6108786610878661,1.6745634670263032,0.0,239
196,train,blind,3.0,0,0.06283617998029117,0.01778488419026053,0.0296414727237644,0.002282236597528019,0.0,0.01659793974870668,1.693520899846464,1.6733062506719614,0.017784884363817997,-0.1911932417526984,0.1094691237128698,0.5983263598326359,1.6733062437546116,0.0,239
197,train,blind,3.0,0,0.11952211124389958,0.04139196529847662,0.06898660292318866,0.026626093367652415,0.0011411183299379866,0.01688087714843795,1.6801730967964588,1.6688759366837504,0.04137558884962589,-0.1920762030597731,0.13528591352859137,0.5732217573221757,1.6688759363772139,0.0,239
198,train,blind,3.0,0,0.002028211354079294,0.0006236654022115743,0.001039442289720492,0.0,0.0,0.015651543722117797,1.6310432590700095,1.630114152341707,0.0006236653014669603,-0.18735028779980434,0.11982551411021099,0.5983263598326359,1.6301141654693247,0.0,239
199,train,blind,3.0,0,0.33866766505446294,0.13221484461489838,0.2203580473191833,0.19303917785069932,0.016736402110075852,0.017099157268002194,1.6038330105059317,1.6642839367419606,0.13161062737282356,-0.21641620167478068,0.3611086382385234,0.3723849372384937,1.6642839390179869,0.0,239
200,train,blind,3.0,0,0.33866766505446294,0.13025893960255255,0.21709820225206009,0.18904526569105093,0.017687334051690838,0.01677677568796414,1.5894610365564354,1.6492992023543833,0.1294442076341587,-0.21256495202348713,0.331167096946497,0.3472803347280335,1.6492991993278623,0.0,239
201,train,blind,3.0,0,0.0023364956484850357,0.0005938166156879389,0.00098969429627953,0.0,0.0,0.016042629178909577,1.6582215356028729,1.6579794130564733,0.0005938165580206473,-0.19258840903456,0.14015252678121012,0.5732217573221757,1.6579794139018496,0.0,239
202,train,blind,3.0,0,0.0760018663305159,0.028098020485737365,0.04683003055911609,0.01597565643208795,0.0013313047182609845,0.016591212946033128,1.6609351290818537,1.66342596229649,0.028066182714892078,-0.2031218325492223,0.2515504911124959,0.4100418410041841,1.6634259585889295,0.0,239
203,train,blind,3.0,0,0.04055127557113798,0.011014445960971285,0.01835740866376015,0.0,0.0,0.016182416855166647,1.6757346416617038,1.6612806315202593,0.011014445634101172,-0.190854561501572,0.12350514852072762,0.5690376569037657,1.661280618265578,0.0,239
204,train,blind,3.0,0,0.09973252267304225,0.04173550013513107,0.06955915960249692,0.032902243932919524,0.0013313047182609845,0.016465744613494458,1.678062313271367,1.6837114065760848,0.04172002745449904,-0.2085464324117202,0.2947861954360663,0.3598326359832636,1.6837114081272475,0.0,239
205,train,blind,3.0,0,0.24477059851891544,0.0800903707937574,0.13348393552916918,0.08710536323331888,0.0038037277664599556,0.01657733602340189,1.6612469957962195,1.6752911616568784,0.07998914701910427,-0.19724978327014067,0.16484168669693464,0.5230125523012552,1.6752911698876796,0.0,239
206,train,blind,3.0,0,0.013958485612926312,0.0038076746931129573,0.0063461240318106495,0.0,0.0,0.016046889773160843,1.6830340843320393,1.6792895928586378,0.0038076747603318457,-0.1936394844464509,0.13484079646280306,0.602510460251046,1.679289589820792,0.0,239
207,train,blind,3.0,0,0.46892580401234446,0.17200576836838988,0.2866762494696068,0.2052111077632864,0.009319133027826892,0.01756380492174476,1.627024583736723,1.6525622932980748,0.17175822384565606,-0.2135590539867301,0.3998634974331583,0.2719665271966527,1.6525622990922886,0.0,239
208,train,blind,3.0,0,0.09046236122763525,0.020431929874115417,0.03405321477384479,0.0015214911065839823,0.0,0.015894945282255258,1.682531680023321,1.6633246264198336,0.02043192969481938,-0.1913363912315927,0.10938010029971217,0.602510460251046,1.6633246287195964,0.0,239
209,train,blind,3.0,0,0.2531380511106846,0.08115139115863834,0.13525230315482004,0.08273107698771744,0.0024724230481989714,0.0159582165225748,1.6751189660826487,1.6593534776855214,0.08108813857650747,-0.20101544180578637,0.2268019822546663,0.4351464435146444,1.6593534759735589,0.0,239
210,eval,blind,3.0,0,0.3069478625608959,0.0848220560231361,0.1413700775014469,0.07930772018981279,0.0,0.011068345729464267,1.1652909188091007,1.1581966138783857,0.08482205518612698,-0.13421571200735985,0.060506246476156565,0.9037656903765691,1.1581966110055912,0.0,239
211,eval,blind,3.0,0,0.24895398218523726,0.06475421435476225,0.10792368056407738,0.04431342648412393,0.0,0.010649621971808841,1.1593252445364597,1.0974031357585636,0.064754214248789,-0.12323624923553474,0.042404819134098944,0.899581589958159,1.0974031351429365,0.0,239
212,eval,blind,3.0,0,0.046663172881091675,0.012945875464861863,0.021576457952189886,0.0,0.0,0.010883408516770127,1.1333142504033684,1.104327642767998,0.012945875352678165,-0.12071953348524461,0.0,1.0,1.1043276364308743,0.0,239
213,eval,blind,3.0,0,0.4392558730871779,0.12606813151376697,0.21011352569807226,0.1316089759810699,0.0,0.010761636878250783,1.194958212734765,1.1325899547114033,0.12606813121965388,-0.1364728814206057,0.13935131606279116,0.7196652719665272,1.1325899587787083,0.0,239
214,eval,blind,3.0,0,0.017240593236713734,0.005681193512945999,0.009468655470775968,0.0,0.0,0.011084213628819423,1.1286270765579893,1.115261850746107,0.0056811933896200395,-0.12491656255173927,0.015104305765749722,0.8577405857740585,1.115261846502269,0.0,239
215,eval,blind,3.0,0,0.18307093769721308,0.0618191963424514,0.10303198310460605,0.05096995038716863,0.0,0.010909256199959307,1.1008570151847776,1.0842430797331504,0.06181919633307485,-0.14039280775397653,0.18015371376005224,0.6610878661087866,1.0842430774640475,0.0,239
216,eval,blind,3.0,0,0.4615407718850152,0.14328481526729367,0.23880799813631404,0.13313046633947842,0.0001901863883229978,0.010777635260185063,1.0841864419781513,1.059282632926518,0.143283271545998,-0.1592089118735774,0.4183210184278467,0.3138075313807531,1.0592826346064634,0.0,239
217,eval,blind,3.0,0,0.40549756067851994,0.1233424605813818,0.2055707374390017,0.14035754959453597,0.0,0.010454586705107195,1.1876332056572247,1.0650344580786,0.12334246065143192,-0.13740052682766488,0.16789815721534765,0.5104602510460251,1.0650344535764626,0.0,239
218,eval,blind,3.0,0,0.007217877699358381,0.0025139951228605444,0.004189991582709629,0.0,0.0,0.011128847335297693,1.1196048880720737,1.1117883025352926,0.0025139951462410273,-0.1239750810955834,0.0064987091605092145,0.9414225941422594,1.1117883051722044,0.0,239
219,eval,blind,3.0,0,0.21150077816593815,0.04764547021535326,0.07940911196798639,0.019018638208820233,0.0,0.01099274642609652,1.1709039557927823,1.1815576623174435,0.04764546968539564,-0.13028088169714644,0.02154366598415383,0.9581589958158996,1.1815576649623165,0.0,239
220,train,blind,3.0,0,0.5019918537838604,0.16158322417785517,0.2693053419820119,0.17306960794965592,0.007797641921242909,0.017164083760792866,1.6746755025376834,1.6608690195502596,0.16140303211967985,-0.2099229873861818,0.32312531529125493,0.37656903765690375,1.6608690260816088,0.0,239
221,train,blind,3.0,0,0.09350415801189335,0.035203842646821984,0.05867306622109392,0.022441993323330103,0.0013313047182609845,0.016444505580065764,1.7075486088397613,1.7075737921762666,0.03518297001421739,-0.20896347462935977,0.28591352859135283,0.39748953974895396,1.7075738023607208,0.0,239
222,train,blind,3.0,0,0.5016285056306393,0.1938231883927774,0.32303860676988755,0.24876378800829085,0.02643590766515692,0.01785557622199091,1.5812536759855358,1.648298503215343,0.19272425194972567,-0.22291564474862827,0.4370159351909553,0.2217573221757322,1.648298506847996,0.0,239
223,train,blind,3.0,0,0.031455413804247795,0.00867843512730577,0.01446405804048002,0.0,0.0,0.01616616449689017,1.6747402860529752,1.6644724831920288,0.008678435274004602,-0.19615771462967496,0.19027270838897298,0.4560669456066946,1.6644724911783384,0.0,239
224,train,blind,3.0,0,0.10614912902745642,0.038855421385321345,0.06475903211890856,0.024724229983206076,0.0011411183299379866,0.016346110857119123,1.6898253734640496,1.6870525544158583,0.03883885122600248,-0.20043221418089133,0.19505029822843406,0.5188284518828452,1.6870525531639016,0.0,239
225,train,blind,3.0,0,0.0349310103396663,0.009719992473608377,0.01619998653861414,0.0,0.0,0.016249547244895204,1.6998651521475245,1.689072590991543,0.009719992490390267,-0.19126114296086472,0.0945428647734354,0.606694560669456,1.6890725955090973,0.0,239
226,train,blind,3.0,0,0.5020526421234931,0.19345008593439894,0.32241676859565543,0.254279194391921,0.02415367131702072,0.016963320549491748,1.5516926977923724,1.6087839575990972,0.1922752367689206,-0.21828296946635456,0.4555921540698537,0.20502092050209206,1.6087839679006997,0.0,239
227,train,blind,3.0,0,0.4769458410955545,0.17058141904186666,0.28430233348864103,0.20844427599068965,0.01635602939577781,0.017085498269008292,1.6473207825397347,1.6410218811434183,0.1699860570622138,-0.20860287982628417,0.2999495533992107,0.4560669456066946,1.6410218914649288,0.0,239
228,train,blind,3.0,0,0.22391449630794566,0.07405572323259396,0.12342619104792636,0.06827691166221347,0.0034233549898139604,0.016495436233191683,1.6592210316757776,1.6465415592971706,0.07397818535200827,-0.20066748055321354,0.2620849283361524,0.41841004184100417,1.6465415565273336,0.0,239
229,train,blind,3.0,0,0.3109929788440381,0.09910488510908652,0.16517479230312335,0.10574362879018903,0.003993914154782953,0.015882024354453367,1.6816280788457543,1.6614882656719894,0.09900776208741868,-0.19976378390962396,0.22819668239413635,0.46443514644351463,1.661488259825649,0.0,239
230,train,blind,3.0,0,0.005953148992843712,0.0016484221217461675,0.0027473701327789778,0.0,0.0,0.016070687699143358,1.6903308550184242,1.6896562162303526,0.0016484220324254157,-0.2005511443036206,0.20475385026261908,0.5230125523012552,1.689656218322524,0.0,239
231,train,blind,3.0,0,0.2531380826036473,0.07029258047929399,0.11715429013556748,0.054012932413292726,0.002852795824844967,0.015777006127704014,1.6733486023906883,1.652794113967209,0.07023966995837015,-0.19626408459262057,0.1952580195258019,0.5230125523012552,1.652794109557136,0.0,239
232,train,blind,3.0,0,0.3991743668428696,0.11978264866817755,0.19963772771570118,0.12190947136120817,0.003993914154782953,0.01716211604375283,1.6747915797153776,1.685127120885889,0.11970273790943813,-0.20529780012940047,0.2638950710703582,0.39330543933054396,1.6851271131499963,0.0,239
233,train,blind,3.0,0,0.06794362143753681,0.01979345100355744,0.03298908373945326,0.0011411183299379866,0.0,0.01678117789974958,1.7075432982903644,1.6969612791947242,0.01979345132291566,-0.19414870744929683,0.12495919760230272,0.5690376569037657,1.6969612818745867,0.0,239
234,train,blind,3.0,0,0.43151489933949033,0.13371842313562368,0.22286401742262968,0.13807531343344365,0.007036896367950918,0.016562684088415432,1.7028087806502146,1.7002790096414637,0.13352628006320008,-0.21053596038811603,0.29816908513605744,0.3514644351464435,1.7002790036699367,0.0,239
235,train,blind,3.0,0,0.44414848793262934,0.1513871965137365,0.2523119655806984,0.17344998053925806,0.016165843007454814,0.016575216681980937,1.6475561722551928,1.6278764989585557,0.15069068194152427,-0.2021907643450359,0.24466601382830352,0.4895397489539749,1.6278764998794562,0.0,239
236,train,blind,3.0,0,0.5016285056306393,0.16005527046714274,0.2667587561071699,0.15252947956947102,0.015214910941143914,0.01611613581701334,1.5593489488298424,1.5584552270597993,0.1593905107031913,-0.2021578985186749,0.34710228790171815,0.33472803347280333,1.5584552270473622,0.0,239
237,train,blind,3.0,0,0.21562707504729067,0.05815191865419734,0.09691985546450264,0.03651578574749216,0.003993914154782953,0.015708562664718807,1.648425832702525,1.6387019945487817,0.05805203550918126,-0.19374463690284438,0.18134069260215435,0.5230125523012552,1.6387019902650597,0.0,239
238,train,blind,3.0,0,0.36126752409238416,0.1232590372800507,0.20543170368066788,0.15576264779687427,0.005705591649689934,0.01654520197518201,1.6581301242736592,1.6465478215257494,0.12307172649982105,-0.1981417966881485,0.23490311285201335,0.4769874476987448,1.6465478185701008,0.0,239
239,train,blind,3.0,0,0.228072871281629,0.07989407850080504,0.1331567850575084,0.07550399441848739,0.004564473319751947,0.01622105062117013,1.645427605846437,1.6599671912991352,0.07980190476282359,-0.20149769958373417,0.25229235288880975,0.4435146443514644,1.6599671935870495,0.0,239
240,eval,blind,3.0,0,0.3959428790102983,0.047617683023935604,0.07936280103278333,0.01122099691105687,0.0,0.011067326784632694,1.1053679144033328,1.310618802468647,0.04761768296143543,-0.16353870190603775,0.18383334817056887,0.28870292887029286,1.3106188077918557,0.0,239
241,eval,blind,3.0,0,0.2947040708871606,0.07690086410568796,0.12816809673104865,0.05306200090811342,0.0,0.010117033570537257,1.1932474910963529,1.2088488283017689,0.0769008646414907,-0.13547455389987617,0.039496720970948695,0.8200836820083682,1.20884882622301,0.0,239
242,eval,blind,3.0,0,0.5020884493196984,0.06420112017429605,0.10700186184965095,0.013313047182609845,0.0,0.011647763689317464,1.1358079089779236,1.3968142924448437,0.0642011201625906,-0.16687905668019873,0.20359654589156947,0.5104602510460251,1.396814289790595,0.0,239
243,eval,blind,3.0,0,0.010237416458047271,0.002377640123900526,0.00396273339555816,0.0,0.0,0.009811301154540424,1.1782762954424615,1.1769485787866505,0.0023776400871858613,-0.13004187098740197,0.013887652452595033,0.9079497907949791,1.1769485736720804,0.0,239
244,eval,blind,3.0,0,0.502052641987655,0.09754904880880139,0.16258173818328242,0.04203119119590296,0.0,0.011313068959082644,1.2469385478287063,1.395197341382254,0.09754904894168656,-0.16316531479333957,0.04736045579987535,0.8117154811715481,1.3951973392854131,0.0,239
245,eval,blind,3.0,0,2.1493512025067902e-05,6.212699582613225e-06,1.0354499639232085e-05,0.0,0.0,0.010011388413670422,1.1932614428228914,1.1932408632593674,6.212707102117538e-06,-0.1365697895076786,0.014392118460488441,0.8284518828451883,1.193240859861147,0.0,239
246,eval,blind,3.0,0,0.215627043554328,0.04519048056196069,0.07531746472145584,0.017116774574982074,0.0001901863883229978,0.010112012670254607,1.1499184806476577,1.2002625946719276,0.04518920985859927,-0.1435198580403719,0.052761209531440104,0.7949790794979079,1.2002625949278616,0.0,239
247,eval,blind,3.0,0,0.36126752409238416,0.10079621965330211,0.16799367579110805,0.15024724116385232,0.0,0.010658789081226208,1.005580675153054,1.1939343298828253,0.1007962193790381,-0.16289319710071612,0.3211074512596814,0.5397489539748954,1.1939343369874955,0.0,239
248,eval,blind,3.0,0,0.33866769455229107,0.060636368376633595,0.10106060714604602,0.030049448731554105,0.0,0.010972312710025819,1.2291227619019511,1.3474319734333948,0.060636368110695824,-0.14381713959695774,0.03258256921570373,0.9372384937238494,1.3474319745203622,0.0,239
249,eval,blind,3.0,0,0.2947040708871606,0.07305447879533473,0.12175745404238114,0.050779764871716995,0.0,0.009500895494353572,1.0289592408734884,1.0874595696956044,0.07305447865366667,-0.14637942744575858,0.24110507730199707,0.602510460251046,1.087459572283094,0.0,239
250,train,blind,3.0,0,0.2947040708871606,0.08872380701317502,0.1478729946376391,0.09186002400130906,0.004564473319751947,0.016295920157314094,1.6470237376799644,1.6695763037294524,0.08857897725686305,-0.21078777719883332,0.34618237929908896,0.33472803347280333,1.6695763206063303,0.0,239
251,train,blind,3.0,0,0.09046233746581896,0.023982456074770033,0.03997075812963946,0.0022822366598759733,0.0001901863883229978,0.015985312066956667,1.676537363599035,1.6706079376791312,0.023972247274888184,-0.20045329038358345,0.2279296121546633,0.4225941422594142,1.6706079352792866,0.0,239
252,train,blind,3.0,0,0.0005835245887526782,0.0001530516064917244,0.00025508598689107754,0.0,0.0,0.01603292039046103,1.6763411922434883,1.6762150443747452,0.00015305160586763598,-0.19695202312713123,0.1874239591679278,0.48535564853556484,1.6762150585580844,0.0,239
253,train,blind,3.0,0,0.3269574497412977,0.1030393833663621,0.17173228428126316,0.10935716979423826,0.010650437746087876,0.016525548265148033,1.5931696552611794,1.6205970577615076,0.10248402951140606,-0.2119641264863967,0.3840470043621473,0.3179916317991632,1.620597052976722,0.0,239
254,train,blind,3.0,0,0.2905912866229464,0.07876016545422043,0.131266931051724,0.058387219968201225,0.0019018638832299778,0.016097667817977182,1.6904708004895612,1.6554853871277686,0.07872196671516546,-0.1972727281685746,0.20620789934419417,0.5188284518828452,1.6554853884305816,0.0,239
255,train,blind,3.0,0,0.30694783156671684,0.08477168241558986,0.1412861262899363,0.06162038788386469,0.0038037277664599556,0.016220374325111073,1.7033681068959097,1.6879168125376043,0.08470294250290554,-0.21192342839683562,0.3536306715332799,0.3138075313807531,1.6879168095843644,0.0,239
256,train,blind,3.0,0,0.0003611348120901913,9.727256188267027e-05,0.00016212092703875644,0.0,0.0,0.015754076529481298,1.6741449798001404,1.6739964934073732,9.727257526251702e-05,-0.19688471620666168,0.17543547286269623,0.5271966527196653,1.6739964973691663,0.0,239
257,train,blind,3.0,0,0.012959528787482421,0.0033468756906837507,0.005578125949168337,0.0,0.0,0.015457349987194004,1.6463373136320871,1.6443736313775992,0.0033468756263151196,-0.19103896139788976,0.1549007388943292,0.5104602510460251,1.6443736276514669,0.0,239
258,train,blind,3.0,0,0.06283617998029117,0.01963347719418943,0.03272246038849893,0.0034233549898139604,0.0,0.016142669716405694,1.6730996884062699,1.6621806249957702,0.019633477727800244,-0.19554489998881153,0.17507937921006558,0.4811715481171548,1.6621806190955304,0.0,239
259,train,blind,3.0,0,0.3028837280172224,0.08760925223039856,0.1460154071068413,0.0741726895755305,0.0022822366598759733,0.016402559315933842,1.6648450458897706,1.6346504723177795,0.0875682065865986,-0.20160691797454616,0.29410368260185765,0.3598326359832636,1.6346504685392689,0.0,239
260,train,blind,3.0,0,0.00046352766528258015,0.00012776910172844556,0.00021294848486843468,0.0,0.0,0.01610453279151203,1.683481153085142,1.683499781157681,0.00012776906915407465,-0.20032819686672407,0.20466482684946138,0.4811715481171548,1.683499774422762,0.0,239
261,train,blind,3.0,0,0.4706366194916741,0.1547352886578231,0.25789212012673923,0.1700266266717073,0.0173069613373928,0.016078641836893857,1.5126901533314374,1.525097466911731,0.153775753058638,-0.20523739817019365,0.39754888869105914,0.301255230125523,1.525097471574939,0.0,239
262,train,blind,3.0,0,0.4260901446999406,0.1360180767214652,0.22669676770169359,0.14739444689770623,0.004374286931428949,0.016932458550548455,1.6506953832993447,1.6509138320779202,0.13593105556914659,-0.2165178480172024,0.397756609988427,0.28451882845188287,1.6509138340308094,0.0,239
263,train,blind,3.0,0,0.4811274396703373,0.15513747499351277,0.25856243060877043,0.16508178057530934,0.010270064969441882,0.016640106362201056,1.5723352995876487,1.6104588533545139,0.15469806465236205,-0.20733432265794424,0.3606338467016826,0.2719665271966527,1.610458846558141,0.0,239
264,train,blind,3.0,0,0.07326333691171423,0.017438137921017643,0.029063561832692174,0.0026626093118260596,0.0001901863883229978,0.015365894959857648,1.6630825228272124,1.6512691231452272,0.017433833022722216,-0.20273743209979675,0.28345054749399096,0.40585774058577406,1.6512691109363553,0.0,239
265,train,blind,3.0,0,0.1830709686913921,0.051663812016843745,0.08610634600496786,0.029098516166459566,0.004184100543105951,0.01635366970493953,1.5859477332945149,1.5858220098906481,0.051452527265887914,-0.18915143278561805,0.1748716579126977,0.5104602510460251,1.58582201840164,0.0,239
266,train,blind,3.0,0,0.10291769171121948,0.026116694440103425,0.043527820884607146,0.006656523528956968,0.0003803727766459956,0.015120153005573914,1.6339820553568118,1.631224698102624,0.02607788418752831,-0.19256759515416627,0.17507937921006558,0.5564853556485355,1.6312247004349911,0.0,239
267,train,blind,3.0,0,0.40549758593668717,0.13105472882124708,0.21842452293204895,0.15405096967848775,0.007607455532919911,0.016491184472866263,1.601827785559778,1.6159370461767188,0.13078973481907616,-0.19900113132829741,0.24525950324935458,0.48535564853556484,1.6159370477743469,0.0,239
268,train,blind,3.0,0,0.26150266818706364,0.08967772502159331,0.1494628574690822,0.10232027380037508,0.013883606347578839,0.01597117371155752,1.556444790572801,1.5835202962284807,0.08887877613881728,-0.20583636395295504,0.3254992729754592,0.36401673640167365,1.5835202967448105,0.0,239
269,train,blind,3.0,0,0.4595582126649525,0.1820872352007001,0.3034786853642655,0.25675161700368426,0.035184481777406636,0.016129936882641523,1.4326763197966699,1.5303647383486376,0.18001589057107348,-0.22176715246517828,0.4829520163803081,0.2594142259414226,1.5303647473866417,0.0,239
270,eval,blind,3.0,0,0.023700621450150866,0.007042804171665373,0.011738006527532938,0.0,0.0,0.011434514796415881,1.081351195419184,1.0696498706749793,0.007042804306498914,-0.12235821224390528,0.001335351197364907,0.99581589958159,1.0696498653340782,0.0,239
271,eval,blind,3.0,0,0.002674004892043177,0.0009877370470668632,0.001646228286300817,0.0,0.0,0.011663125496685006,1.0619894233707603,1.0595558285713196,0.000987736906053325,-0.11670501005517117,0.0,1.0,1.0595558288372022,0.0,239
272,eval,blind,3.0,0,0.0007224766159197316,0.00025009977803945496,0.0004168329302260017,0.0,0.0,0.01160660892662643,1.055977296879102,1.05540650733844,0.00025009983435962896,-0.11612922545765915,0.002344283213151726,0.9916317991631799,1.0554065047050514,0.0,239
273,eval,blind,3.0,0,0.32300136876191454,0.08456102606654606,0.1409350355789231,0.04792696792460884,0.0001901863883229978,0.010993767212141134,1.0458973779588563,1.0935093969979546,0.08455939485389977,-0.1299242999055201,0.0774503694471646,0.8786610878661087,1.0935093925613149,0.0,239
274,eval,blind,3.0,0,0.21976545920194163,0.032919654520293044,0.05486608779945101,0.0034233549898139604,0.0,0.011319999805180099,1.0600060062428398,1.1493917985441295,0.03291965457311224,-0.13283215374519322,0.11982551411021101,0.7489539748953975,1.1493918056358208,0.0,239
275,eval,blind,3.0,0,0.0008817244371400257,0.00033193800685937986,0.0005532300145882591,0.0,0.0,0.011582761854868553,1.068820099451552,1.0677567865060462,0.0003319380175754346,-0.12277507027662607,0.0,1.0,1.0677567878030065,0.0,239
276,eval,blind,3.0,0,0.04457112279658256,0.009410334784223623,0.01568389043729352,0.0,0.0,0.011000635979159358,1.0583019767845026,1.0519919567527132,0.009410334586189712,-0.11920648432248998,0.04124751476304935,0.895397489539749,1.0519919573004186,0.0,239
277,eval,blind,3.0,0,0.4955261374568512,0.093391507249317,0.15565250128985939,0.02947888931719329,0.0001901863883229978,0.011339418367954228,1.048878925614776,1.2479856216259082,0.09338373925683487,-0.15164414140563157,0.15979702661800058,0.5271966527196653,1.2479856219005148,0.0,239
278,eval,blind,3.0,0,0.0001001795120615216,3.94795894394843e-05,6.579931468725259e-05,0.0,0.0,0.011555090234868197,1.0600188374519348,1.0599038972515442,3.947956456727773e-05,-0.11924892832998761,0.0,1.0,1.059903902244385,0.0,239
279,eval,blind,3.0,0,0.07326335892778778,0.01657538270682148,0.027625637209228247,0.0,0.0,0.01123164252818379,1.0704520865963094,1.0626611537514372,0.016575382819431387,-0.11733882341062045,0.0,1.0,1.0626611495268958,0.0,239
280,train,blind,3.0,0,0.2947040708871606,0.08542962887396666,0.142382698174595,0.08710536366975458,0.0032331686014909623,0.016020024528485336,1.6288112963093873,1.6084631988194198,0.08535674737411598,-0.20352872014397108,0.3259740645123001,0.3263598326359833,1.608463196779847,0.0,239
281,train,blind,3.0,0,0.4653420529930334,0.15990526662683666,0.2665087523325904,0.1656523394908865,0.005895778038012931,0.016675971707555165,1.6054551741069332,1.6017469494412633,0.15976741321014837,-0.19702982920854975,0.27739695539927,0.4435146443514644,1.6017469511944442,0.0,239
282,train,blind,3.0,0,0.03674998030288848,0.00880322652576914,0.014672043624950941,0.0,0.0,0.015722050501041456,1.6406665147597819,1.6368530450006908,0.008803226643189093,-0.2022700298529189,0.2959138253360634,0.39748953974895396,1.636853040140411,0.0,239
283,train,blind,3.0,0,0.07326335892778778,0.022541732151705723,0.037569551538486304,0.003993914154782953,0.0001901863883229978,0.01612790116541493,1.6746708044945944,1.6639382240662515,0.022536169386352656,-0.19412177225216784,0.15365441111012199,0.5606694560669456,1.6639382240264646,0.0,239
284,train,blind,3.0,0,0.4653420398303694,0.1627934945731852,0.27132245629304236,0.19303917897296252,0.018448079667330787,0.01638714082453353,1.4951392292477597,1.5508173265217737,0.16182287181877977,-0.20997462277242684,0.4308436452120241,0.24267782426778242,1.5508173237578236,0.0,239
285,train,blind,3.0,0,0.0012663877662295617,0.0003654670404274188,0.0006091117012988149,0.0,0.0,0.015747191984533764,1.6354952886014802,1.6353507680374209,0.00036546705905874126,-0.19191028841928018,0.1520816641443366,0.5313807531380753,1.6353507647451422,0.0,239
286,train,blind,3.0,0,0.48599371905867245,0.1541634805276566,0.2569391084346622,0.1540509704266632,0.008748573862857899,0.01677111613030339,1.613488790380406,1.615043807977413,0.1539408981944807,-0.19985097005260094,0.27520104454138106,0.42677824267782427,1.6150438097203716,0.0,239
287,train,blind,3.0,0,0.1751345835546242,0.05348932092537968,0.08914886033677576,0.0386078355202615,0.0005705591649689933,0.01593137443821612,1.6389516936186468,1.628896328445259,0.0534788227530679,-0.18926749018455255,0.15614706667853642,0.5313807531380753,1.6288963232288873,0.0,239
288,train,blind,3.0,0,0.41162967206828666,0.1503024208849558,0.25050400435636777,0.20406998980743615,0.01464435190087083,0.016241394205478696,1.5497474273877163,1.5883595803791508,0.14962659419478802,-0.20835029214158923,0.34404581738330514,0.3179916317991632,1.5883595724601354,0.0,239
289,train,blind,3.0,0,0.35386675944174084,0.10729784770542,0.17882972868240027,0.10498288367333272,0.004564473319751947,0.016151852696300113,1.6624266283282676,1.6324488218858153,0.10721451178672636,-0.19822726515310976,0.24843467165197777,0.4602510460251046,1.632448820174773,0.0,239
290,train,blind,3.0,0,0.23223904260317552,0.0957283867638013,0.15954728896808984,0.12799543460293294,0.0211106890415048,0.015831957775787702,1.5133576226034922,1.5848888979297302,0.094253243299657,-0.2111701382851043,0.3613163595358913,0.3305439330543933,1.5848888925425906,0.0,239
291,train,blind,3.0,0,0.5000638219418426,0.17561492537593743,0.2926915082913701,0.20083681970959427,0.013313047182609845,0.01684969779353386,1.6024989413417035,1.641412033944948,0.1752385228490418,-0.20695906504384975,0.3334520312175435,0.37656903765690375,1.6414120330466255,0.0,239
292,train,blind,3.0,0,0.09973254793120946,0.02413194676869752,0.04021990997360597,0.0022822366598759733,0.0001901863883229978,0.015768214526379706,1.668577326890315,1.6657751489383905,0.024128430155466337,-0.191486992474282,0.12929167037597553,0.5606694560669456,1.6657751422038438,0.0,239
293,train,blind,3.0,0,0.33866769455229107,0.11054718408228673,0.1842452850344606,0.12324077657825279,0.004374286931428949,0.016959174664761233,1.6575416822812548,1.6421196962001434,0.11046158107249741,-0.19840266568739695,0.23611976616516808,0.4811715481171548,1.6421196919928156,0.0,239
294,train,blind,3.0,0,0.09046236122763525,0.02179942850652041,0.036332378827857274,0.0019018638832299778,0.0001901863883229978,0.016252943224986726,1.6737640407793692,1.6644280211197282,0.021795467309781377,-0.19244752403464763,0.14092406302857652,0.5774058577405857,1.6644280149454795,0.0,239
295,train,blind,3.0,0,0.1595777480052146,0.045919673147048846,0.07653278395998035,0.023392925389641,0.0017116774949069802,0.015513352418482054,1.658137916022265,1.6493497214057955,0.04588474735534862,-0.2100697055184134,0.3624143149648358,0.27615062761506276,1.6493497254621208,0.0,239
296,train,blind,3.0,0,0.023700621450150866,0.005609140376816936,0.009348566619386833,0.0,0.0,0.016361260248901454,1.661757178386385,1.6609517807242262,0.005609140291035222,-0.1936901019150017,0.15754176681800647,0.5188284518828452,1.6609517881768632,0.0,239
297,train,blind,3.0,0,0.4367288618482977,0.12828487767898525,0.21380810916122286,0.11810574390648798,0.007036896367950918,0.016594804544781166,1.6091143401596835,1.6200305654912812,0.1280821421998066,-0.19804621235423736,0.26110567079141817,0.37656903765690375,1.620030563451756,0.0,239
298,train,blind,3.0,0,0.4948741555965635,0.16129256936076228,0.2688209226816904,0.1565233932878183,0.006846709979627921,0.016624647371907365,1.5824253683808458,1.58893577374175,0.16113265890395634,-0.19858244247659007,0.3019377429597318,0.35564853556485354,1.5889357662895571,0.0,239
299,train,blind,3.0,0,0.20328998215313637,0.05709548923986096,0.09515914233917372,0.041080258755504334,0.003993914154782953,0.015523732606726836,1.5879854397793693,1.6095198467685587,0.056954875144751074,-0.2016401915996503,0.3106620374491825,0.3807531380753138,1.6095198517394294,0.0,239
300,eval,blind,3.0,0,0.4859937123801958,0.10495974000601016,0.17493288239758734,0.12894636797855089,0.0,0.009269195998469407,0.9098634832074951,1.0531070541637213,0.10495974017930886,-0.15151234564635602,0.34176088311225855,0.4100418410041841,1.0531070555726656,0.0,239
301,eval,blind,3.0,0,0.48112744734638124,0.10177376384833593,0.1696229286953818,0.04583491771540382,0.0,0.011643872473575954,1.1054286572723708,1.2428162372261908,0.1017737641324027,-0.1449165977645736,0.07602599483664203,0.8661087866108786,1.242816242792251,0.0,239
302,eval,blind,3.0,0,0.13356819286291968,0.013066612516808598,0.021777686482625642,0.0015214911065839823,0.0,0.010438533394624748,0.9979871300723263,1.036823803660261,0.013066612649343666,-0.12205891285254188,0.039378023086738476,0.7698744769874477,1.0368238070625193,0.0,239
303,eval,blind,3.0,0,0.0012663892698259907,0.0003934316572131176,0.0006557193810447064,0.0,0.0,0.012307961732460864,1.0450272467844657,1.0442358751676073,0.0003934316428590841,-0.11520375795353777,0.0,1.0,1.0442358739264443,0.0,239
304,eval,blind,3.0,0,0.03674998030288848,0.006653338291619712,0.01108889648476255,0.0,0.0,0.011932831758313722,1.0376355645546853,1.0375778994300875,0.006653338196819159,-0.11717983116843886,0.0,1.0,1.037577904552195,0.0,239
305,eval,blind,3.0,0,0.4994180284038787,0.10359907053361324,0.17266510939797888,0.03366299023438697,0.0,0.010936911708858472,1.0592148645652388,1.1973128787643241,0.103599070918965,-0.14363678249042008,0.06851835366034599,0.8744769874476988,1.1973128753404394,0.0,239
306,eval,blind,3.0,0,0.1161134909462402,0.018944155403462073,0.03157359039932504,0.0,0.0,0.011548660835835724,1.0491411017573529,1.0703419409536417,0.018944155326836194,-0.12002624464199535,0.016617703789429956,0.9079497907949791,1.0703419384099209,0.0,239
307,eval,blind,3.0,0,0.32300136876191454,0.08074545235474517,0.13457574547981677,0.05096994963899317,0.0,0.011928901875150005,1.0707048232585317,1.130668922448258,0.08074545241319638,-0.141733529101855,0.09608593726816818,0.8870292887029289,1.1306689261100986,0.0,239
308,eval,blind,3.0,0,0.372095166128404,0.08222647856312518,0.13704412190183812,0.06960821594403878,0.0,0.010179403949154845,0.9743311694476395,1.056877541492175,0.08222647808543876,-0.1397381891643563,0.1981957921600047,0.602510460251046,1.0568775461978877,0.0,239
309,eval,blind,3.0,0,0.29059125512998374,0.06341887352688318,0.10569811703770705,0.02719665284436118,0.0,0.011747710159336797,1.0786647205572248,1.1514811293849387,0.06341887356758592,-0.13875741084274723,0.026172883468352177,0.8744769874476988,1.151481133088602,0.0,239
310,train,blind,3.0,0,0.2364117139628913,0.06372364237422783,0.10620606338529968,0.043552681741355355,0.0009509319416149889,0.015887786404358294,1.6351452247867027,1.6231231594684234,0.06369817325894588,-0.1924296601576008,0.17335825988901746,0.5271966527196653,1.6231231620982878,0.0,239
311,train,blind,3.0,0,0.002028211354079294,0.0005385260064255692,0.0008975432712120047,0.0,0.0,0.015580674473617117,1.6349862507197648,1.6347339150795877,0.0005385260555382831,-0.19186246489449296,0.16380308021009524,0.5188284518828452,1.6347339091929531,0.0,239
312,train,blind,3.0,0,0.2656803508259933,0.0820435135340414,0.1367391802324396,0.06827691147516961,0.0030429822131679647,0.016275982031497372,1.640810092622765,1.6522502682199038,0.08197396422296319,-0.19592831096459254,0.1854060951363542,0.5690376569037657,1.6522502551475402,0.0,239
313,train,blind,3.0,0,0.04457112279658256,0.010062003903494085,0.016770005860346077,0.0,0.0,0.015716318709378337,1.6408328072296525,1.6372831261806409,0.010062003701106778,-0.1935119545325655,0.17757203477848005,0.47280334728033474,1.6372831303249693,0.0,239
314,train,blind,3.0,0,0.5016285056306393,0.14647151868560906,0.24411917387514676,0.12286040380160679,0.003613541378136958,0.016330934494001224,1.6296682714418387,1.654221096048794,0.14640756776435757,-0.20517348269501368,0.28721920531766526,0.3723849372384937,1.6542211008088334,0.0,239
315,train,blind,3.0,0,0.0005835245887526782,0.00013650295692805306,0.00022750491438707274,0.0,0.0,0.01564789077298225,1.6242112806651383,1.6241348969387708,0.00013650293715130007,-0.19695407896648215,0.24149084542568028,0.4393305439330544,1.6241348968143983,0.0,239
316,train,blind,3.0,0,0.478391402922768,0.1513147476654625,0.25219122114260445,0.14872575248883857,0.006276150814658927,0.017351120601264005,1.6668740812704652,1.705796562976917,0.15118457028216334,-0.21881516230591844,0.38686607911213977,0.28451882845188287,1.7057965547951246,0.0,239
317,train,blind,3.0,0,0.30288375901140147,0.09405639774843594,0.1567606423291581,0.11049828930878738,0.006466337202981925,0.016219216751550407,1.5584916542264706,1.6038599094087609,0.09381203647201469,-0.1973605285194198,0.2350514852072762,0.4476987447698745,1.603859908994417,0.0,239
318,train,blind,3.0,0,0.39055816244217567,0.12330497038189198,0.20550826713641637,0.11108934192051148,0.004114420185315198,0.01605847088724439,1.6218665450297554,1.6327041128072246,0.1232149576324383,-1.0624029474271828,0.26659941305942775,0.4525862068965517,1.632704115341507,0.004310344827586207,232
319,train,blind,3.0,0,0.5010294404741651,0.16382562205873308,0.27304267649766895,0.17364016829923606,0.019399011608945773,0.015432753972319505,1.4372751690353809,1.492016596774177,0.16272220323384828,-0.2144005687619805,0.4983827413276358,0.18410041841004185,1.4920165908341259,0.0,239
320,train,blind,3.0,0,0.4554288604148302,0.14059095675146177,0.23431824092352233,0.127805249523917,0.004754659708074945,0.016188379587551042,1.565464754234298,1.5749852313157404,0.14046541108814287,-0.20191993716944853,0.3559749547464317,0.29707112970711297,1.5749852273916807,0.0,239
321,train,blind,3.0,0,0.4797851131429772,0.14708973698787867,0.24514953807844284,0.13122860413964324,0.004944846096397943,0.017004502286440907,1.6548672206232238,1.6505692783259946,0.14699499753194337,-0.2202930989475328,0.4611116056856287,0.2510460251046025,1.6505692838639154,0.0,239
322,train,blind,3.0,0,0.04253382063096937,0.009542523823538089,0.015904205720046062,0.0,0.0,0.015737479983217173,1.652874962056531,1.6515497782240354,0.009542523814785629,-0.19645422353580783,0.19154871064423273,0.4811715481171548,1.6515497729265907,0.0,239
323,train,blind,3.0,0,0.30288375901140147,0.0989103096284658,0.1648504991113502,0.09604412348449978,0.004564473319751947,0.016248155332649727,1.6056028671843237,1.619446157910335,0.09875726474673223,-0.19560208565916726,0.22680198225466627,0.4602510460251046,1.6194461601133339,0.0,239
324,train,blind,3.0,0,0.11952211124389958,0.02721774029163818,0.045362899138659284,0.0003803727766459956,0.0003803727766459956,0.015504515005049596,1.5930987162570076,1.5968130106207716,0.027209034407700772,-0.19025354676788772,0.19226089794949405,0.4895397489539749,1.596813008402193,0.0,239
325,train,blind,3.0,0,0.3859785423496817,0.1194614265948673,0.19910235587252006,0.13046785939687466,0.007417269144596914,0.016768746171536307,1.6013331508037933,1.6219205579498324,0.11922608245798656,-0.20483789384273876,0.3132140419597021,0.3389121338912134,1.6219205517559865,0.0,239
326,train,blind,3.0,0,0.5020884493196984,0.1450229623023687,0.24170491427932544,0.12019779455212869,0.004944846096397943,0.016518227969370313,1.6205461149933946,1.6438994547313228,0.14491127356855202,-0.19883584106317614,0.24350870945725397,0.4225941422594142,1.643899462693739,0.0,239
327,train,blind,3.0,0,0.007910073110366154,0.001878419360281095,0.00313069880355508,0.0,0.0,0.01597999380005204,1.6482350195302125,1.6476778572573323,0.001878419341954206,-0.19947632951855898,0.23792990889937388,0.4351464435146444,1.6476778395760998,0.0,239
328,train,blind,3.0,0,0.0488099870398625,0.011875659883577352,0.01979276538236929,0.0,0.0,0.01497284659656022,1.6231946012465026,1.6217593568139494,0.011875659657174057,-0.1896346697694071,0.15608771773643132,0.5732217573221757,1.6217593628702767,0.0,239
329,train,blind,3.0,0,0.17513455355801244,0.052630781322580304,0.08771796227149603,0.04012932693858526,0.0030429822131679647,0.01573174671858362,1.5759816152281343,1.5809338711295666,0.05249245036732695,-0.19737734266005882,0.2905724205466038,0.34309623430962344,1.5809338706847067,0.0,239
330,eval,blind,3.0,0,0.4653420398303694,0.08716995300215846,0.1452832479739467,0.03233168501734235,0.0,0.012210296954039999,1.169776186035268,1.2937851992112324,0.08716995245898844,-0.1665831306298759,0.18487195465740824,0.5606694560669456,1.2937851967457639,0.0,239
331,eval,blind,3.0,0,0.14450739523119227,0.006182816545455254,0.010304693700802935,0.0,0.0,0.010535497413207796,1.0299176658546576,1.065589229681502,0.006182816657547622,-0.13199244406281543,0.17599928781269464,0.6443514644351465,1.0655892346435638,0.0,239
332,eval,blind,3.0,0,0.2988020511427855,0.0539742677463277,0.08995710495505267,0.06219094698648572,0.0,0.010696079389086953,1.0353635377464934,1.1200833195921767,0.05397426795466668,-0.14046310543440962,0.20674203982314016,0.6192468619246861,1.1200833296596655,0.0,239
333,eval,blind,3.0,0,0.21150074667297547,0.031007786110437096,0.051679640361730145,0.015405097142423047,0.0,0.011050761928664965,1.060959439397357,1.1251138942511012,0.03100778656647829,-0.13180502028873006,0.09899403543131843,0.7154811715481172,1.125113888750208,0.0,239
334,eval,blind,3.0,0,0.44414848793262934,0.09837943253498992,0.1639657004544997,0.13484214776230657,0.0,0.009449338853148798,0.8895842091308976,1.0316010197336205,0.09837943302176366,-0.16522007173907188,0.48265527166978267,0.3389121338912134,1.0316010278639163,0.0,239
335,eval,blind,3.0,0,0.49613888111608695,0.10088869695694534,0.16814781816620974,0.04545454468936601,0.0,0.011508291100140147,1.180298007432387,1.2753626105675637,0.10088869587982961,-0.1559392190678825,0.12495919760230274,0.6861924686192469,1.2753626035481245,0.0,239
336,eval,blind,3.0,0,0.500344105122346,0.08351663145216943,0.13919437454891498,0.07740585761588986,0.0,0.009383872519617425,1.0047123624191125,1.147495239100197,0.08351663153537107,-0.160639606150581,0.3902489688121309,0.3138075313807531,1.1474952374363367,0.0,239
337,eval,blind,3.0,0,0.4341484118583851,0.07623787873259465,0.1270631226450015,0.022822365788236324,0.0,0.012399887210186806,1.1644855742673994,1.3078006590759406,0.07623787859462544,-0.1552285035356553,0.038843882607792514,0.9246861924686193,1.3078006615529665,0.0,239
338,eval,blind,3.0,0,0.5019918540521879,0.07281032314540616,0.12135053242916713,0.031570939838138086,0.0,0.009372949904166006,1.0265494734672322,1.1762984681827753,0.07281032289263513,-0.14831655411565392,0.2273064482625597,0.41422594142259417,1.1762984638120506,0.0,239
339,eval,blind,3.0,0,0.3028837280172224,0.08241768520669797,0.13736279141013563,0.11297071241933432,0.0,0.010636531104914314,0.9819233457413677,1.063107837692963,0.08241768517476292,-0.14604820604938076,0.25101635063354993,0.5481171548117155,1.0631078397306977,0.0,239
340,train,blind,3.0,0,0.4488243158769947,0.1385846093752011,0.23097432813504015,0.13313046796052525,0.006276150814658927,0.016761445886529513,1.582892754087887,1.6037079390122801,0.13842584582875073,-0.20025573788450624,0.29060209501765627,0.38493723849372385,1.6037079441923265,0.0,239
341,train,blind,3.0,0,0.496713411596384,0.16145655946819104,0.2690942387990583,0.16298973017906046,0.005325218873043938,0.017035169739307344,1.6122025914770788,1.6319200698301881,0.16134100363943696,-0.210574017007371,0.3790616932253183,0.2928870292887029,1.631920074682618,0.0,239
342,train,blind,3.0,0,0.009418921166737213,0.0020369986862735236,0.003394997598996452,0.0,0.0,0.01617143120593294,1.6544825691558327,1.6542111804794566,0.002036998654703783,-0.20736724315763266,0.30644826255971985,0.41422594142259417,1.6542111705511309,0.0,239
343,train,blind,3.0,0,0.3791192204459613,0.13983292159674082,0.23305483504627317,0.19874476968743313,0.02510460325863571,0.015668004714186345,1.4560266807987101,1.5366464177434913,0.13818149507296842,-0.20888289333197838,0.37291907771743976,0.3389121338912134,1.5366464145243568,0.0,239
344,train,blind,3.0,0,0.2531380826036473,0.07932387276384083,0.13220644364862655,0.07017877573248732,0.0024724230481989714,0.015815456803093146,1.630710645200817,1.6338023510936912,0.07927336160991746,-0.20159051440714715,0.2604825068993145,0.4309623430962343,1.633802348718073,0.0,239
345,train,blind,3.0,0,0.228072871281629,0.07644451801085729,0.12740751686230156,0.07854697607052376,0.0019018638832299778,0.015770935330726987,1.6052188132597314,1.6160011655615962,0.0764148798693572,-0.20084051791697163,0.26502270097035524,0.45188284518828453,1.6160011725988215,0.0,239
346,train,blind,3.0,0,0.4288286743681341,0.153465691994722,0.2557761273101468,0.17002662729518683,0.004944846096397943,0.01686646965445335,1.6133794969095845,1.6431539188369049,0.15336101922566056,-0.21472629322257478,0.4166889225199561,0.21338912133891214,1.6431539049554948,0.0,239
347,train,blind,3.0,0,0.4990500914879464,0.14643328202302244,0.244055447740298,0.12514264021209096,0.003993914154782953,0.016147918182826567,1.628285692825477,1.6528012114089903,0.1463440324051327,-0.21842860194914535,0.42217869966467847,0.26359832635983266,1.6528012009152817,0.0,239
348,train,blind,3.0,0,0.0012663877662295617,0.00037066814523515636,0.0006177801987478728,0.0,0.0,0.016404258827659376,1.6554901694652924,1.6552219675175814,0.00037066812970905437,-0.19389045431165533,0.15481171548117154,0.5439330543933054,1.6552219660479355,0.0,239
349,train,blind,3.0,0,0.215627043554328,0.07070677486015514,0.11784461142869454,0.05933815172277235,0.0024724230481989714,0.01627297595992809,1.6530329909284742,1.6635435251012507,0.07067199566953296,-0.20893929191511004,0.32140419597020686,0.36401673640167365,1.6635435158773861,0.0,239
350,train,blind,3.0,0,0.09659444735923473,0.023326312989810805,0.03887718538910776,0.002852795762497012,0.0001901863883229978,0.015462337334535113,1.6275891868639192,1.6258188942486271,0.02332518235021651,-0.19417289803354892,0.20003560936526305,0.4811715481171548,1.6258188967302767,0.0,239
351,train,blind,3.0,0,0.5018883342007137,0.1469833427827287,0.24497221546654568,0.10232027492263826,0.006276150814658927,0.016293979156372686,1.6078561369844062,1.619941447070453,0.14680033939188905,-0.1968376280513266,0.24419122229146267,0.4393305439330544,1.6199414416392088,0.0,239
352,train,blind,3.0,0,0.0065658995871934805,0.0017609494822852364,0.0029349157727463757,0.0,0.0,0.015640773031096827,1.6266676165069995,1.6262837386530313,0.001760949568759536,-0.19254825206591197,0.18665242292056144,0.5439330543933054,1.626283735434704,0.0,239
353,train,blind,3.0,0,0.01843199975083282,0.0038198668098554044,0.0063664441926806195,0.0,0.0,0.015638394630026992,1.643387122633068,1.6414513288681478,0.0038198667458939524,-0.19038104314892335,0.14733374877592806,0.5397489539748954,1.6414513214769708,0.0,239
354,train,blind,3.0,0,0.4465136047263696,0.12538572521598365,0.20897619142813856,0.09813617419248845,0.0034233549898139604,0.016269483135927423,1.6342120873878192,1.6272895695275342,0.12531822481484356,-0.19760826223246367,0.23701000029674474,0.4895397489539749,1.6272895734332808,0.0,239
355,train,blind,3.0,0,0.2698529591997837,0.08555528500878933,0.14259212913748343,0.0722708261287362,0.004184100543105951,0.01565007367619473,1.6175604776857289,1.615203584337833,0.08541865016213782,-0.1997108702735731,0.28181845158610047,0.3891213389121339,1.6152035857494815,0.0,239
356,train,blind,3.0,0,0.29059125512998374,0.08949602709138745,0.14916003194631994,0.07835678980689667,0.007607455532919911,0.015513956020722579,1.5702431391472598,1.5768886630006416,0.08906614800364128,-0.20266403334489572,0.35748835277011193,0.3179916317991632,1.5768886635234207,0.0,239
357,train,blind,3.0,0,0.02819465429997744,0.00609415782573287,0.010156929427497264,0.0,0.0,0.015067542614765995,1.624807652818608,1.6262158499601995,0.0060941578487784765,-0.19080221925560906,0.1604498649811567,0.5439330543933054,1.6262158452145632,0.0,239
358,train,blind,3.0,0,2.149352706407653e-05,6.201931911205998e-06,1.033655250036824e-05,0.0,0.0,0.015580294675205417,1.6238797334447566,1.6238757072632284,6.201958214249423e-06,-0.19538420972278484,0.21994717944152647,0.5062761506276151,1.6238757206283503,0.0,239
359,train,blind,3.0,0,0.3825699220520223,0.12446868718329082,0.20744779239679373,0.1181057448417073,0.007607455532919911,0.01646085876667537,1.6385859899441069,1.6210881224736011,0.12422357935628722,-0.20667349829036105,0.356687142051693,0.29707112970711297,1.6210881103521728,0.0,239
360,eval,blind,3.0,0,0.0488099870398625,0.010390173029754882,0.017316954104731757,0.0,0.0,0.012684461341149887,1.1068573671404787,1.0929450270521093,0.010390172937207136,-0.12091326085058977,0.0,1.0,1.0929450349020768,0.0,239
361,eval,blind,3.0,0,0.4891325045084395,0.08983589393372533,0.14972647751643636,0.06371243915298494,0.0,0.009415070426934808,0.9937763361252502,1.110180224833628,0.08983589413379894,-0.1544916277648981,0.33463901005964575,0.4351464435146444,1.1101802140351738,0.0,239
362,eval,blind,3.0,0,7.168495677855786e-07,9.879641541500018e-08,1.6466068982138887e-07,0.0,0.0,0.013607568481633105,1.1313235622569606,1.1313237056572567,9.87983485669186e-08,-0.12665379365818133,0.0007715362473663907,0.99581589958159,1.1313237073206177,0.0,239
363,eval,blind,3.0,0,0.3791192204459613,0.06694403548277919,0.11157338584160235,0.036135412970846166,0.0,0.01081204845737588,1.0541283533164147,1.1533145892071424,0.06694403488901235,-0.1405811767777279,0.15436659841538322,0.6317991631799164,1.153314582015032,0.0,239
364,eval,blind,3.0,0,0.00027498420791614755,9.847529495288871e-05,0.00016412547832500056,0.0,0.0,0.01328848276645818,1.106911369198037,1.1067061267138525,9.84753238436158e-05,-0.1213062612678709,0.0,1.0,1.106706122287867,0.0,239
365,eval,blind,3.0,0,0.11274788101110218,0.015350111570263088,0.02558351745249345,0.0,0.0,0.01225820769629905,1.1035266142011189,1.119729041554439,0.015350111647528279,-0.12227077765242486,0.0014243746105225673,0.9707112970711297,1.119729048578235,0.0,239
366,eval,blind,3.0,0,0.5012103088587818,0.07428220264251596,0.12380366462658385,0.013883606222882929,0.0,0.01085996164874053,1.1386724977313725,1.304905157957117,0.07428220216659527,-0.14370582062572806,0.013887652452595035,0.9246861924686193,1.3049051541693113,0.0,239
367,eval,blind,3.0,0,0.29880202014860646,0.06768327266549798,0.1128054468596499,0.04659566426626309,0.0,0.010084274655527525,1.0225880457766385,1.0771299770187632,0.06768327277440903,-0.14112079613719516,0.22407193091783137,0.6359832635983264,1.077129969207883,0.0,239
368,eval,blind,3.0,0,0.00484126768363289,0.001777780223693835,0.002962966835428035,0.0,0.0,0.013388975429890296,1.1216584558766258,1.115945563655518,0.0017777802209539347,-0.12292224773432305,0.0,1.0,1.1159455585388673,0.0,239
369,eval,blind,3.0,0,0.0034414877965033177,0.0012696387962156626,0.002116064562991497,0.0,0.0,0.013388534816893822,1.1076825787332767,1.103582687457735,0.0012696388228535828,-0.12125082982078332,0.0012463277842072464,0.99581589958159,1.1035826907072597,0.0,239
370,train,blind,3.0,0,0.26150266818706364,0.08341966525385866,0.13903276013576285,0.07569418012098289,0.0022822366598759733,0.01615617982458682,1.6393539828236632,1.6345473984295353,0.0833767527273948,-0.21072171243186447,0.38894329208581857,0.2803347280334728,1.63454740435414,0.0,239
371,train,blind,3.0,0,0.006565895839070679,0.0014342764776172534,0.0023904606407322187,0.0,0.0,0.016536888079990528,1.6535945559645298,1.653288477883678,0.001434276455682829,-0.20123118311280472,0.24718834386777055,0.47280334728033474,1.6532884719142278,0.0,239
372,train,blind,3.0,0,0.3685238404330022,0.11657869469822665,0.19429780468777288,0.1274248773084026,0.0034233549898139604,0.01622400230973585,1.6213444279327551,1.6386987696631683,0.11651042427447046,-0.20007606145077458,0.25982966853615835,0.4309623430962343,1.6386987729294602,0.0,239
373,train,blind,3.0,0,0.17909063403861195,0.04557238591044107,0.0759539697829195,0.02567516186247311,0.0009509319416149889,0.01537744479378584,1.5646719503602224,1.5632153687117987,0.04554391426049676,-0.1969940366388106,0.30051336834920916,0.3514644351464435,1.5632153709981398,0.0,239
374,train,blind,3.0,0,0.17909066453400735,0.05793519395004041,0.096558645989184,0.044503613682970344,0.004374286931428949,0.016560970700373212,1.588173002628103,1.5963886043516662,0.057787677774537,-0.19204681458424375,0.2079290186652423,0.4895397489539749,1.5963885948283894,0.0,239
375,train,blind,3.0,0,0.49267310757053845,0.1628234703963229,0.2713724237152012,0.16793457583902272,0.003993914154782953,0.016950354726291476,1.648996085801384,1.6700344128089968,0.16275349239312845,-0.22523004730606583,0.48146829282768044,0.23430962343096234,1.6700344138401833,0.0,239
376,train,blind,3.0,0,0.1751345835546242,0.056835845602184853,0.09472640032302986,0.04583491865062315,0.0015214911065839823,0.016016694839856738,1.575364497665581,1.5896071676928627,0.05679319794849468,-0.19400413493562063,0.23959167927831687,0.4100418410041841,1.58960717091122,0.0,239
377,train,blind,3.0,0,0.4085878510234286,0.12351613520113308,0.205860204207292,0.12000760666745477,0.0038037277664599556,0.016860150093033474,1.6141194504175227,1.6184574420482045,0.12343805625963013,-0.20361869713872893,0.3191192616991602,0.3305439330543933,1.6184574437170607,0.0,239
378,train,blind,3.0,0,0.12999683991421615,0.02550314086225801,0.042505232098595885,0.0015214911065839823,0.0003803727766459956,0.015581017644553753,1.5890992418492689,1.5894911132098242,0.02549098678230404,-0.192683717720736,0.22620849283361527,0.48535564853556484,1.58949111605556,0.0,239
379,train,blind,3.0,0,0.46892580401234446,0.1552399018580815,0.25873314573490835,0.15157854750316013,0.00950931941614989,0.016725235860249238,1.5589197577292948,1.5603369733778503,0.15476474473657484,-0.20027320567440865,0.3557375589780112,0.32217573221757323,1.5603369742078128,0.0,239
380,train,blind,3.0,0,0.4417291495469365,0.14728031282510562,0.24546716260258838,0.17078737128977994,0.004944846096397943,0.01630457973684414,1.5951133692114923,1.5995776496172949,0.14717308935758097,-0.2061761458137555,0.38294904893320275,0.24686192468619247,1.5995776428799118,0.0,239
381,train,blind,3.0,0,0.5018883339752502,0.15947050891140652,0.26578415420266094,0.15176873376678723,0.007227082756273916,0.016468278192778636,1.5592134096133659,1.5830409656508697,0.15926593036064518,-0.1957998535428996,0.2760616042019051,0.36401673640167365,1.5830409628999746,0.0,239
382,train,blind,3.0,0,0.5010294404741651,0.16209449727805245,0.2701574684133257,0.15233929255766848,0.004944846096397943,0.016771468653433243,1.6247641631250103,1.6381791498371747,0.16198939005209398,-0.2129087458360181,0.3877266387726639,0.28451882845188287,1.6381791442736349,0.0,239
383,train,blind,3.0,0,0.04457112279658256,0.010454510347235137,0.017424182870728985,0.0,0.0,0.015838349275057163,1.6199331974384674,1.6180182164184218,0.010454510283547675,-0.19315721306209155,0.20368556930472717,0.4769874476987448,1.6180182092023634,0.0,239
384,train,blind,3.0,0,0.00484126768363289,0.0013775998847590756,0.002295999698427108,0.0,0.0,0.015534188789335006,1.6245519548779253,1.6241761368687682,0.001377599947076587,-0.19677256611913213,0.24555624795988013,0.4476987447698745,1.6241761379214559,0.0,239
385,train,blind,3.0,0,0.501946137909228,0.15594588442407592,0.2599097797723227,0.15842525717104827,0.004184100543105951,0.016931182375590798,1.6230797563137869,1.6256038142547449,0.15584585674270982,-0.21562709954530712,0.4197750675094216,0.2719665271966527,1.625603812045152,0.0,239
386,train,blind,3.0,0,0.4488243158769947,0.14455603635502165,0.2409267048761234,0.12457208142120968,0.007607455532919911,0.016829408894226766,1.562553071826073,1.5860218829689665,0.14434714266071635,-0.20068461180831476,0.34048488085699874,0.2928870292887029,1.5860218891391265,0.0,239
387,train,blind,3.0,0,0.4634686815016611,0.14192673412483345,0.2365445325324126,0.13427158666455097,0.009128946639503893,0.015451694561059442,1.4897095478728226,1.4930980584611453,0.141549082392276,-0.19839083940421057,0.37357191608059587,0.29707112970711297,1.4930980536803542,0.0,239
388,train,blind,3.0,0,0.14082450920353773,0.040905689983305994,0.06817614483290496,0.020920502341442028,0.0019018638832299778,0.015960557444730315,1.5927536223224017,1.6058875192658173,0.040833967716056095,-0.1962957791562729,0.24861271847829314,0.4476987447698745,1.6058875229170138,0.0,239
389,train,blind,3.0,0,0.023700630373153914,0.006257068323024191,0.01042844679656684,0.0,0.0,0.015869073450923837,1.6330788744044604,1.6310086828894197,0.006257068226518812,-0.191267438354551,0.1637734057390427,0.5732217573221757,1.6310086927116294,0.0,239
390,eval,blind,3.0,0,0.21150074667297547,0.01999805458464804,0.03333008927636523,0.0062761507523109725,0.0,0.011401195897405118,1.0671428052950105,1.1331485926356775,0.019998054908321603,-0.12513337491758975,0.017418914507848896,0.891213389121339,1.1331485949786229,0.0,239
391,eval,blind,3.0,0,0.1445073664815396,0.023323561153519523,0.03887260015149139,0.0007607455532919912,0.0,0.012437838893461676,1.1122980349732243,1.1160468833217063,0.0233235609219675,-0.1299086293205731,0.007952758242084336,0.9790794979079498,1.1160468829914163,0.0,239
392,eval,blind,3.0,0,0.011099790736339269,0.003274418777223846,0.005457364495547253,0.0,0.0,0.013033824867596187,1.1076273576485063,1.0981970910746681,0.0032744188031006826,-0.12023747853061943,0.0,1.0,1.098197084701143,0.0,239
393,eval,blind,3.0,0,0.2740191620142929,0.049162324884282384,0.08193720202240252,0.02320273868957823,0.0,0.010402158664531662,0.9940088968646077,1.006928292777249,0.049162324663689964,-0.13496604759806646,0.251817561351969,0.6276150627615062,1.006928292037606,0.0,239
394,eval,blind,3.0,0,0.30694783156671684,0.032552794211278144,0.0542546533554791,0.006466337078286016,0.0,0.010423295918820916,1.0148980970412618,1.0920139369106692,0.03255279417485269,-0.12767829166704905,0.06065461883141934,0.8242677824267782,1.0920139325951883,0.0,239
395,eval,blind,3.0,0,0.43151489933949033,0.043846339932585646,0.07307722927441346,0.0038037277664599556,0.0,0.011972179158033499,1.0595030668639738,1.228452235834369,0.0438463398276779,-0.14243880697090455,0.0031751684026232233,0.9456066945606695,1.2284522405304976,0.0,239
396,eval,blind,3.0,0,0.45108052358230005,0.07292598428487901,0.12154329996665031,0.03233168501734235,0.0,0.010263267114454546,0.9956543345830431,1.095333692668372,0.07292598364158084,-0.1458146772343041,0.3010178343571028,0.4811715481171548,1.0953336969777767,0.0,239
397,eval,blind,3.0,0,0.04457110651652085,0.008255793054665587,0.013759654443229428,0.0,0.0,0.011655216430660696,1.055629740449674,1.0553283442014432,0.008255793027403579,-0.1143456833291223,0.0005638149499985163,0.99581589958159,1.055328345292299,0.0,239
398,eval,blind,3.0,0,3.939130826693449e-05,1.4732262136942656e-05,2.4553770421045563e-05,0.0,0.0,0.013349872565668497,1.1146523426267392,1.1145991483492832,1.4732249411627667e-05,-0.12132700163637353,0.0,1.0,1.1145991497557268,0.0,239
399,eval,blind,3.0,0,0.3926658787366775,0.04267975176343836,0.07113291608085895,0.004564473319751947,0.0,0.011299249267977152,1.0244228141577174,1.1832571077047531,0.04267975166291447,-0.13100010385919275,0.003293866286833437,0.8828451882845189,1.1832571099232019,0.0,239
400,train,blind,3.0,0,0.007217873016016257,0.0015095647586539785,0.0025159410231852188,0.0,0.0,0.015695232418697,1.604663607715064,1.6050221486071663,0.0015095647993567205,-0.19040213725905045,0.1800943648179471,0.5732217573221757,1.605022141414014,0.0,239
401,train,blind,3.0,0,0.4769458410955545,0.13993219827600464,0.2332203124678698,0.11468238916606584,0.0034233549898139604,0.01630951377278716,1.600564689067617,1.5944170490468397,0.1398648612702684,-0.20223545155831937,0.3255289474465118,0.33472803347280333,1.5944170574038883,0.0,239
402,train,blind,3.0,0,0.11274785525415133,0.02782898802764991,0.04638164391098863,0.005515405199018981,0.0005705591649689933,0.0159307381870794,1.6082186915884458,1.6163502238285592,0.027822415357294628,-0.19735469194197144,0.24742573963619097,0.4351464435146444,1.6163502303165804,0.0,239
403,train,blind,3.0,0,0.10942612930107716,0.03238679308104788,0.0539779852450193,0.010650437559044011,0.0,0.01669654856089144,1.621517423306549,1.6225317412340492,0.03238679282891616,-0.1976392136237058,0.24009614528621026,0.41422594142259417,1.6225317386322902,0.0,239
404,train,blind,3.0,0,0.00027498420791614755,6.670261222151182e-05,0.00011117100702485685,0.0,0.0,0.016018001265262708,1.6256688124963927,1.6256700799056176,6.670268397645783e-05,-0.1948530406277619,0.21478382147838215,0.4602510460251046,1.6256700816725733,0.0,239
405,train,blind,3.0,0,0.0012663877662295617,0.00044477079995220066,0.0007412846508376479,0.0,0.0,0.01610230111271517,1.617984836071605,1.6171220321535564,0.0004447707665254163,-0.1941421763239783,0.2159708003204843,0.5062761506276151,1.6171220406635933,0.0,239
406,train,blind,3.0,0,0.0020282095075691135,0.0004061754025543492,0.0006769589570650021,0.0,0.0,0.015896223522488918,1.6511632605576616,1.6508941253857632,0.0004061753437834866,-0.1923251529564539,0.14225941422594143,0.5899581589958159,1.6508941292220651,0.0,239
407,train,blind,3.0,0,0.2698529906927464,0.07277416500991608,0.1212902624511611,0.06047926992801443,0.0032331686014909623,0.01610629609493718,1.6131146622502155,1.6209014115473217,0.07267790532789765,-0.19126379564199786,0.18463455888898783,0.4769874476987448,1.620901417296094,0.0,239
408,train,blind,3.0,0,0.04457110651652085,0.011798850354881861,0.019664749641713754,0.0,0.0,0.01581827282250925,1.6182740856912845,1.6186296939849854,0.011798850338807778,-0.19837623541419044,0.2640731178966735,0.46443514644351463,1.6186296998955532,0.0,239
409,train,blind,3.0,0,0.053267700141298224,0.013830833226295235,0.023051387666569726,0.0,0.0,0.015494530096993038,1.6358810568454376,1.6378976565524623,0.013830833485154933,-0.2015694354801903,0.2823525920650464,0.3891213389121339,1.6378976589507281,0.0,239
410,train,blind,3.0,0,0.07057711293792525,0.01638756424477704,0.02731260590310789,0.0007607455532919912,0.0001901863883229978,0.01562600408848297,1.6075626005687473,1.612535097858397,0.016377295135487153,-0.1939168529511132,0.21899759636784472,0.4686192468619247,1.6125350906787959,0.0,239
411,train,blind,3.0,0,0.010237416458047271,0.002572700414142574,0.0042878338837802265,0.0,0.0,0.01595828522417585,1.6385601225258417,1.6387853427910906,0.0025727003904196036,-0.19145024118326762,0.14804593608118932,0.5899581589958159,1.63878535564951,0.0,239
412,train,blind,3.0,0,0.49775201144090475,0.1726235035949993,0.287705806645124,0.18429060473601688,0.021110689103852755,0.0156247383451175,1.4243262357791597,1.4534652021140733,0.17152316554601077,-0.20016810431320903,0.4065402534199828,0.3054393305439331,1.4534651917959087,0.0,239
413,train,blind,3.0,0,0.500344105122346,0.1393649932580355,0.2322749694329896,0.09908710569766775,0.005895778038012931,0.015679051090328015,1.519158606000525,1.5225912140503088,0.13915881244288528,-0.1907661523789396,0.2978129914834269,0.3723849372384937,1.5225912145087799,0.0,239
414,train,blind,3.0,0,0.005953148992843712,0.00096269063613812,0.0016044843242947933,0.0,0.0,0.01561399329664131,1.621009777280576,1.6218157268468305,0.0009626904816990698,-0.19252706623852342,0.19347755126264873,0.5230125523012552,1.621815732898617,0.0,239
415,train,blind,3.0,0,0.15576161381352116,0.03847255058774189,0.0641209129492659,0.009889692068099976,0.0001901863883229978,0.016293586527920918,1.6234033057879205,1.6376626237166976,0.038465992994616845,-0.19197041382627342,0.1642778717469361,0.5188284518828452,1.6376626210694312,0.0,239
416,train,blind,3.0,0,0.31902109559870884,0.10603619450506752,0.1767269682293232,0.12799543541345637,0.006656523591304923,0.0161269173224819,1.5567807625028378,1.5793024835227423,0.1058514100272283,-0.19289070438563005,0.22267723077836143,0.4895397489539749,1.5793024985530124,0.0,239
417,train,blind,3.0,0,0.49008514884387816,0.1390830113382911,0.23180499666149554,0.11411183056222844,0.0022822366598759733,0.015941863104108736,1.6310026057095708,1.621380893381071,0.1390433720234073,-0.2088229150888172,0.36728092821745445,0.3389121338912134,1.6213808958621951,0.0,239
418,train,blind,3.0,0,0.03316622928357742,0.009656636489974566,0.01609439336984963,0.0,0.0,0.015925609163752907,1.6043589329619787,1.5991393656910213,0.00965663650862111,-0.19211424231879948,0.20273598623104547,0.4895397489539749,1.5991393747300138,0.0,239
419,train,blind,3.0,0,0.11274785525415133,0.034561332816851836,0.05760221907111673,0.01122099691105687,0.0015214911065839823,0.015249240350476992,1.5962088157941108,1.5931431671066763,0.03451925367720315,-0.18892617931010672,0.18537642066530163,0.497907949790795,1.5931431786374257,0.0,239
420,eval,blind,3.0,0,0.19109902345770474,0.03101667161219179,0.051694449454999854,0.006085964426335929,0.0,0.009764989129770313,0.968443737618594,0.9442297928502869,0.031016672059320696,-0.11591528693891283,0.15908483931273926,0.7280334728033473,0.9442297940572761,0.0,239
421,eval,blind,3.0,0,0.4997555405538623,0.05156139460276977,0.08593565357490866,0.006276150814658927,0.0,0.008234936506273108,0.8508656830468437,0.9740591822308975,0.05156139482859844,-0.11232017934887537,0.02154366598415383,0.9539748953974896,0.9740591834767547,0.0,239
422,eval,blind,3.0,0,0.502088449363476,0.061940529702323714,0.10323421021321984,0.010460251170721014,0.0,0.007407118887815889,0.8873350527994802,1.0112476443645844,0.061940529582955386,-0.1306633140380407,0.22941333570729103,0.5062761506276151,1.01124764699286,0.0,239
423,eval,blind,3.0,0,0.4532820462560594,0.05001140887517566,0.08335234381780408,0.007036896367950918,0.0,0.010286847579538448,0.9858849582312995,1.1424767923654373,0.05001140887344039,-0.1336043159377012,0.08460191697082999,0.7447698744769874,1.1424767928569481,0.0,239
424,eval,blind,3.0,0,0.04253382063096937,0.0036500036251530536,0.006083338702863246,0.0,0.0,0.011449537695888195,0.9992129346316828,1.0031107958390624,0.003650003600463507,-0.11166733321911848,0.0,1.0,1.0031108020613118,0.0,239
425,eval,blind,3.0,0,0.5010294404741651,0.10519996279846477,0.1753332557055732,0.06085964326579202,0.0,0.007762699226252579,0.9096322102027957,0.8632981664964844,0.10519996240763321,-0.14374185180128748,0.4798361969197899,0.28870292887029286,0.8632981641252239,0.0,239
426,eval,blind,3.0,0,0.04055126141090673,0.007505630289114794,0.012509383569412112,0.0,0.0,0.012063767203757205,1.0179838837440043,1.0021973943111786,0.00750563052361982,-0.11126058818473455,0.0,1.0,1.0021973900368137,0.0,239
427,eval,blind,3.0,0,0.44882433315462367,0.07325001971544205,0.12208336041314176,0.015595283406050136,0.0,0.009848512081764483,0.896856547150153,0.9337124639973979,0.07325002042921655,-0.11762808645143646,0.10065580581026143,0.7531380753138075,0.933712466417388,0.0,239
428,eval,blind,3.0,0,0.45752092677940104,0.07207580785752991,0.12012634140681173,0.022441993011590326,0.0,0.008590668240156819,0.9595968586131619,0.9191682433483491,0.07207580762670854,-0.1284914817799687,0.33321463544912333,0.4895397489539749,0.9191682376837457,0.0,239
429,eval,blind,3.0,0,0.11274785525415133,0.009303946950270503,0.015506577338216239,0.0,0.0,0.01087751240999473,1.0048606428142373,1.0194104306368648,0.009303947002237281,-0.11722266790761528,0.05549126086827502,0.8786610878661087,1.0194104236853705,0.0,239
430,train,blind,3.0,0,0.49418196437011425,0.15494144632131002,0.25823572066857126,0.1483453792757569,0.008748573862857899,0.01614378743208789,1.542901244871786,1.5801656944482396,0.15463717042567246,-0.19840653354162,0.2998902044571055,0.3682008368200837,1.5801657002709253,0.0,239
431,train,blind,3.0,0,0.001747928173575944,0.0004466198475543842,0.0007443663991854242,0.0,0.0,0.01596275402747375,1.6460234485410745,1.645507751648396,0.000446619791934407,-0.19374192693325476,0.18175613519689013,0.5355648535564853,1.645507743860952,0.0,239
432,train,blind,3.0,0,0.4634686815016611,0.13410568078279347,0.22350944538325412,0.12818562198882322,0.004564473319751947,0.016033440916000175,1.5928152208547712,1.6102924668639276,0.13398025743293424,-0.19638125887529084,0.2387311196177928,0.4602510460251046,1.6102924665580314,0.0,239
433,train,blind,3.0,0,0.4465136047263696,0.16115903645418087,0.2685983639235228,0.19741346496917214,0.014263979124224835,0.016406342759338756,1.4969435341687383,1.5547050352375877,0.16048680596635312,-0.20202360283669532,0.3149351612807502,0.42677824267782427,1.5547050312056858,0.0,239
434,train,blind,3.0,0,0.2656803193330306,0.07208983636636612,0.12014971727559029,0.05971852449941835,0.0022822366598759733,0.01683848646613594,1.5983316254915054,1.6179766068897488,0.07202956471568138,-0.20473476064787066,0.34802219650434735,0.3389121338912134,1.6179766056032823,0.0,239
435,train,blind,3.0,0,0.05794356438666426,0.01670994118913962,0.027849900338981545,0.0041841002937141325,0.0001901863883229978,0.016659467609669375,1.6502160587071375,1.650600279225465,0.01670514332173872,-0.19627241243746862,0.19668239413632452,0.47280334728033474,1.6506002917858005,0.0,239
436,train,blind,3.0,0,0.475447956226714,0.14235412518403232,0.23725685330728427,0.13370102718784221,0.004374286931428949,0.016799392761218373,1.6229880080562256,1.6127663721100556,0.1422488002255598,-0.20919031004978125,0.37808243568058403,0.2719665271966527,1.6127663738183162,0.0,239
437,train,blind,3.0,0,0.4982182329869342,0.15764678650931316,0.26274461808186733,0.15861544343467537,0.013503233570932843,0.016040672035693,1.5221999566924123,1.5563288099097408,0.1569968222378231,-0.19917239412784757,0.31959405323600104,0.36401673640167365,1.5563288124762484,0.0,239
438,train,blind,3.0,0,0.49008514884387816,0.15183695919404652,0.253061568443334,0.15024724290959507,0.011981742464348862,0.014887732991395385,1.4800303553437588,1.4864179945889875,0.1512284032430357,-0.19402915379872146,0.3408113000385768,0.37656903765690375,1.4864179880727115,0.0,239
439,train,blind,3.0,0,0.07057711293792525,0.02069357424198989,0.03448928736520334,0.0,0.0,0.016085980103495354,1.6452228668843354,1.6359640324963685,0.02069357389151097,-0.20365090629682456,0.322917593993887,0.3305439330543933,1.6359640449069888,0.0,239
440,train,blind,3.0,0,0.2864649582486312,0.09161682898059907,0.15269470038592048,0.09205020989084842,0.0019018638832299778,0.016114492462285517,1.595389774653702,1.5893971952434365,0.09157780249043758,-0.19466705923808575,0.25012611650197336,0.38493723849372385,1.5893971962101359,0.0,239
441,train,blind,3.0,0,0.42329975400295616,0.13638177066869697,0.22730292616641343,0.13807531424396707,0.012362115240994856,0.015573572756130263,1.514832916369498,1.506931994001237,0.13581833051616607,-0.20588449351231686,0.4367488649514823,0.28870292887029286,1.5069319941690658,0.0,239
442,train,blind,3.0,0,0.5020820002191994,0.16586523912975512,0.2764420343219438,0.1806770643554472,0.004754659708074945,0.016714571375072502,1.6406385484599668,1.6255044627887933,0.16579110023906435,-0.21436328756643985,0.41253449657259866,0.28451882845188287,1.6255044666594567,0.0,239
443,train,blind,3.0,0,0.1595777480052146,0.05005793047650711,0.08342987523832121,0.03385317606157837,0.0022822366598759733,0.015653647651903673,1.6111158494171238,1.6163469051716217,0.049971794939821436,-0.19748241471438727,0.25997804089142107,0.4811715481171548,1.6163469019610341,0.0,239
444,train,blind,3.0,0,3.583932445953487e-06,1.1476980312581263e-06,1.912829788254621e-06,0.0,0.0,0.01597908432653883,1.6166850313481926,1.6166858792803775,1.1477007407151459e-06,-0.18983072814484275,0.17418914507848896,0.5648535564853556,1.6166858891348816,0.0,239
445,train,blind,3.0,0,0.10942615455924436,0.032482499291405044,0.05413749572301233,0.01920882484653505,0.0001901863883229978,0.0165423392181803,1.6129905698688458,1.6261707359776836,0.03248165050574099,-0.18962712052663744,0.14608742099172078,0.5230125523012552,1.6261707280183753,0.0,239
446,train,blind,3.0,0,0.30694783156671684,0.09444516619938843,0.1574085949427301,0.09109927819862525,0.0032331686014909623,0.01643760965466811,1.6027218332849287,1.6001732815758454,0.09434839891584952,-0.1994296147253266,0.30066174070447194,0.3472803347280335,1.6001732808700837,0.0,239
447,train,blind,3.0,0,0.5018883339752502,0.1423414556528651,0.2372357323469541,0.13027767263446394,0.004374286931428949,0.016369966546533374,1.5832540607352636,1.6020456657250057,0.14224020050206038,-0.20199233858441426,0.3220867088044156,0.3807531380753138,1.6020456570157369,0.0,239
448,train,blind,3.0,0,0.05794356438666426,0.013250640014855463,0.022084398822508587,0.0,0.0,0.016163552618316653,1.6328568259043674,1.6383035053269135,0.013250639877068919,-0.19361909588152693,0.1718745363363898,0.4895397489539749,1.6383035068090053,0.0,239
449,train,blind,3.0,0,0.007217873016016257,0.0016000046774759112,0.0026666744415858707,0.0,0.0,0.015234296036704939,1.596642119365756,1.596521641669413,0.0016000046718134505,-0.19523045268508296,0.2481676014125048,0.42677824267782427,1.5965216340918218,0.0,239
450,eval,blind,3.0,0,0.051011509713621825,0.005309121927913039,0.008848536103713242,0.0,0.0,0.010774282863262308,0.949111984614049,0.9433727586119743,0.005309122098121738,-0.10576437860205268,0.007982432713136887,0.9623430962343096,0.9433727628629051,0.0,239
451,eval,blind,3.0,0,0.3501149740058049,0.040521092015635425,0.06753515175422682,0.0,0.0,0.009985520681717031,0.8816193354678453,0.9085448753384866,0.040521092173149253,-0.11342444006682594,0.011721416065758626,0.9456066945606695,0.9085448704842907,0.0,239
452,eval,blind,3.0,0,0.31501783161268476,0.039499517310280195,0.06583252390461197,0.007227082693925961,0.0,0.009305901058743002,0.8405141615967372,0.9014720244637094,0.039499517161381836,-0.1033775371550121,0.01816077628416274,0.9539748953974896,0.901472018935207,0.0,239
453,eval,blind,3.0,0,0.502052641987655,0.042694347667188534,0.07115724128276445,0.0034233549898139604,0.0,0.007956936321256363,0.8296489705600499,0.9927078647593574,0.04269434792206016,-0.1094687156368086,0.006854802813139855,0.9414225941422594,0.9927078587755578,0.0,239
454,eval,blind,3.0,0,0.0030419384339404444,0.00023012490474003285,0.00038354149871631466,0.0,0.0,0.01153085284153288,0.9440754968750926,0.9440574779420717,0.0002301249448339081,-0.10379338409199762,0.0,1.0,0.9440574751401245,0.0,239
455,eval,blind,3.0,0,0.4836600335450891,0.05775559137619441,0.09625931425614977,0.0011411183299379866,0.0,0.007666805433693915,0.9160605922154302,0.9252906482838188,0.05775559123613032,-0.13029344957748978,0.36535208759903853,0.35564853556485354,0.9252906431764455,0.0,239
456,eval,blind,3.0,0,0.07057711293792525,0.012435594323890286,0.020725989482895505,0.0,0.0,0.011521237943259119,0.9660901273893013,0.9371187314079397,0.012435594224097025,-0.10964337398041261,0.003917030178937061,0.9916317991631799,0.9371187347875097,0.0,239
457,eval,blind,3.0,0,0.07057713395643153,0.010237949887786459,0.017063249019796573,0.0,0.0,0.010144333349283644,0.8634823835045723,0.8414781078633903,0.01023794971976968,-0.0929274166687353,0.0,1.0,0.8414781082282848,0.0,239
458,eval,blind,3.0,0,0.37562728849699706,0.05672559785910163,0.09454265753642381,0.012932674343615894,0.0,0.009677573272794735,0.8571416889025077,0.9062648996648429,0.05672559784025721,-0.11396004392159355,0.07970562924715867,0.8828451882845189,0.9062648932043225,0.0,239
459,eval,blind,3.0,0,0.5010294421648054,0.05605912614089781,0.09343187146962359,0.0030429822131679647,0.0,0.007919635368456527,0.781489675638566,0.8391770919995328,0.0560591262110697,-0.10285420697855076,0.01344253538680673,0.9079497907949791,0.8391770931683876,0.0,239
460,train,blind,3.0,0,0.3109929788440381,0.11157891314721066,0.18596483439230946,0.12286040361456292,0.013122860794286848,0.015987861174778333,1.515981195860827,1.5314508035591956,0.11091879485902001,-0.20237462182682472,0.35535179085432805,0.38493723849372385,1.5314507984493781,0.0,239
461,train,blind,3.0,0,0.08452667201199193,0.023937145606525753,0.03989524100970469,0.0013313047182609845,0.0,0.015950357171250935,1.646708345812235,1.6450657684932692,0.023937145381458164,-0.19903669323621448,0.2417282411941007,0.46443514644351463,1.6450657622339684,0.0,239
462,train,blind,3.0,0,0.28232660558694295,0.07958520914487423,0.13264200507546775,0.0625713201995674,0.0019018638832299778,0.016370734755168027,1.618785790319722,1.6012447533747143,0.07954759280935939,-0.19110323599201773,0.19145968723107512,0.5146443514644351,1.6012447546601423,0.0,239
463,train,blind,3.0,0,0.0488099870398625,0.013945903589899207,0.02324317168144467,0.0,0.0,0.015887565852364983,1.628342422730753,1.6243140779778549,0.013945903614497423,-0.18909345534970903,0.14267485682067715,0.5774058577405857,1.6243140718127655,0.0,239
464,train,blind,3.0,0,0.49865054549941856,0.15221319467866246,0.2536886283645548,0.14511220980139458,0.004374286931428949,0.015898718825973976,1.5972392753577132,1.5855355320116467,0.15210045800450114,-0.203617692668606,0.3684975815306093,0.27615062761506276,1.5855355274074678,0.0,239
465,train,blind,3.0,0,0.502091316396975,0.15197530360761813,0.25329215241734376,0.12248003177313625,0.004944846096397943,0.016335745047871414,1.560226095022018,1.590906270877088,0.15181729228120522,-0.19810106797277935,0.294281729428173,0.3598326359832636,1.5909062730867642,0.0,239
466,train,blind,3.0,0,0.5008256440260959,0.14420356219195876,0.24033924915712612,0.11392164398686158,0.002852795824844967,0.015857356177666322,1.6004921669241774,1.5836873608154234,0.14414409094092948,-0.20525817160027646,0.3712573073384967,0.29707112970711297,1.583687359378388,0.0,239
467,train,blind,3.0,0,0.10942612930107716,0.02916807777510486,0.04861346065082068,0.005895777850969067,0.0,0.015698576716230754,1.60664843216102,1.6025289504099092,0.029168077947650084,-0.2026851055855739,0.33493575477017123,0.3472803347280335,1.6025289522097164,0.0,239
468,train,blind,3.0,0,0.005378621699537879,0.0009620788649455683,0.0016034646770745422,0.0,0.0,0.015381255111107642,1.6108740620533293,1.610922265252309,0.000962078934325934,-0.19144954153178043,0.1889076827205555,0.5188284518828452,1.610922267733202,0.0,239
469,train,blind,3.0,0,0.38597856810663256,0.1126426695974492,0.1877377668499633,0.1044123246954076,0.0024724230481989714,0.016556697391035918,1.6266495847303,1.623071268762006,0.11260751297975342,-0.2038148200845345,0.2923232143387044,0.39748953974895396,1.6230712689222093,0.0,239
470,train,blind,3.0,0,0.2322390740961382,0.06929125526060119,0.11548541345478062,0.0602890837267353,0.0020920502715529757,0.016448491817987115,1.6122983474611736,1.5906408286992475,0.06924683495062291,-0.19146141303044167,0.20792901866524227,0.47280334728033474,1.590640822888759,0.0,239
471,train,blind,3.0,0,0.0014944071429085072,0.0003866690475124453,0.0006444483745071617,0.0,0.0,0.016012390533844047,1.6294766280441604,1.629635763467605,0.00038666906078574034,-0.19699293472028517,0.24353838392830646,0.4225941422594142,1.629635756679161,0.0,239
472,train,blind,3.0,0,0.32300139925731,0.09335944980613863,0.15559906759366923,0.07930772206025144,0.006846709979627921,0.015707293139560204,1.557441034825776,1.550666551460282,0.09298424120654744,-0.189783277317899,0.22608979494940498,0.46443514644351463,1.5506665566102478,0.0,239
473,train,blind,3.0,0,0.500344105122346,0.1561221577849895,0.2602035709540847,0.1525294790706874,0.012362115240994856,0.015148452044733524,1.499587077226599,1.4986282649399347,0.15566473510461262,-0.1945079471940331,0.3306626309386036,0.3472803347280335,1.4986282624993204,0.0,239
474,train,blind,3.0,0,0.24477056702595276,0.0737825599280692,0.12297092272992775,0.050399391222199635,0.007036896367950918,0.015687437342269402,1.5397570843975914,1.5322317136880244,0.07335951402469676,-0.19844868836435536,0.3578444464227425,0.33472803347280333,1.5322317163374706,0.0,239
475,train,blind,3.0,0,0.31501783161268476,0.0834018322948776,0.13900303864049657,0.06998858946886023,0.007227082756273916,0.015943700605496828,1.5700006879024426,1.5678023885483523,0.08305367767330973,-0.19796731714431826,0.3286744413780824,0.3389121338912134,1.5678023914148778,0.0,239
476,train,blind,3.0,0,0.3926658787366775,0.12171393690660734,0.20285653834525494,0.12894636829029069,0.0032331686014909623,0.016395015770639586,1.615025260957215,1.629490405445817,0.12165165348768553,-0.2115208901402962,0.37526336093059137,0.35564853556485354,1.629490404521256,0.0,239
477,train,blind,3.0,0,0.3612674953427315,0.11432731820293068,0.19054551275515083,0.10954735705543263,0.005135032484720941,0.01678478261494861,1.5849276484305888,1.5863990289895604,0.1141557725435381,-0.19993291594617615,0.31481646339653996,0.3179916317991632,1.5863990351944586,0.0,239
478,train,blind,3.0,0,0.0,0.0,0.0,0.0,0.0,0.015542830190539484,1.626500143665649,1.626500143665649,0.0,-0.1899218251908387,0.15368408558117452,0.5523012552301255,1.6265001521496665,0.0,239
479,train,blind,3.0,0,0.33866769455229107,0.10029953189521651,0.16716587199566124,0.09642449619879782,0.004184100543105951,0.01624866205980713,1.6044857721448444,1.6055859681452667,0.10017005407140482,-0.1945857784415009,0.24321196474672838,0.4309623430962343,1.60558595871913,0.0,239
480,eval,blind,3.0,0,0.497250765612289,0.030860575835180818,0.05143429013267481,0.0001901863883229978,0.0,0.008762602021169526,0.7905864037230423,0.9602194276314899,0.03086057577873887,-0.1111698454110479,0.00038576812368319534,0.9665271966527197,0.9602194306872843,0.0,239
481,eval,blind,3.0,0,0.31902109559870884,0.039423302356218874,0.06570549906281024,0.0011411183299379866,0.0,0.008610035372687558,0.7663013309115645,0.7416557864165206,0.039423302079519384,-0.09359198041393718,0.06172289978931125,0.8410041841004184,0.7416557865232278,0.0,239
482,eval,blind,3.0,0,0.2656803508259933,0.029057741606239425,0.048429567369487024,0.0,0.0,0.00917988278704333,0.8764572621140021,0.8834370566711266,0.02905774173072223,-0.10161608018615242,0.07454227128401436,0.8075313807531381,0.8834370595038742,0.0,239
483,eval,blind,3.0,0,0.19920827428452043,0.031418689470784446,0.052364480692829216,0.005705591400298114,0.0,0.010331104346843258,0.8757554998457682,0.8480050702224715,0.03141868960610508,-0.10655633267285915,0.017062820855218253,0.9623430962343096,0.8480050689470217,0.0,239
484,eval,blind,3.0,0,0.0034414851706437025,0.0011201852388976134,0.0018669753011499209,0.0,0.0,0.01126621252853252,0.9154545739604838,0.9115480471355646,0.0011201852371927866,-0.10489655616185002,0.0,1.0,0.9115480427304522,0.0,239
485,eval,blind,3.0,0,3.5839762234725213e-06,1.1865760756960473e-06,1.9776265898711638e-06,0.0,0.0,0.010988749567590748,0.8968960156500589,0.8968911203380409,1.186580824856666e-06,-0.10144325721565522,0.0,1.0,0.896891115154829,0.0,239
486,eval,blind,3.0,0,0.10291766645305227,0.01772810625419628,0.029546842885423887,0.0,0.0,0.010353932361738078,0.9179786792858874,0.879636789714941,0.01772810666642951,-0.11120159308767541,0.12392059111546336,0.8117154811715481,0.8796367915777685,0.0,239
487,eval,blind,3.0,0,0.0034414877965033177,0.00027225433201755585,0.00045375721382389284,0.0,0.0,0.01062649902478484,0.8382252195390199,0.8380224283270258,0.0002722543023505236,-0.09173352196502468,0.0,1.0,0.8380224268848269,0.0,239
488,eval,blind,3.0,0,3.583932445953487e-06,7.275214492319985e-07,1.2125357182766602e-06,0.0,0.0,0.011222749317228544,0.9204152790073571,0.9204134993473356,7.275226060788159e-07,-0.10555707818331267,0.0,1.0,0.9204135051623753,0.0,239
489,eval,blind,3.0,0,0.04253382063096937,0.004681460639464554,0.007802433964376733,0.0,0.0,0.010918436597284538,0.8875131755443797,0.8822090181845501,0.004681460713106987,-0.10099986451849587,0.0,1.0,0.8822090108574536,0.0,239
490,train,blind,3.0,0,0.4634686815016611,0.14060824414275477,0.2343470538573806,0.10821605177604005,0.0013313047182609845,0.016690387663326253,1.6243104625446527,1.6206251914032335,0.14058321335774035,-0.2046788890350825,0.32505415590967096,0.3682008368200837,1.6206251901203115,0.0,239
491,train,blind,3.0,0,0.4797851131429772,0.14093076729724208,0.2348845894098361,0.13389121382555702,0.008178014697888905,0.016281051637222953,1.5229001646261335,1.5588265278349362,0.14065838829517655,-0.2016441248231722,0.3598623104543162,0.3305439330543933,1.5588265276103686,0.0,239
492,train,blind,3.0,0,0.501946137909228,0.14780219954207566,0.24633697332694024,0.1289463686643784,0.002852795824844967,0.01639696437997985,1.5887661371769766,1.5808053408207754,0.1477440552535657,-0.20010616772484768,0.32710169441229714,0.33472803347280333,1.580805336589086,0.0,239
493,train,blind,3.0,0,0.017240593236713734,0.003526859005638418,0.005878097894797579,0.0,0.0,0.016333131357310456,1.649452861881655,1.6473091691108928,0.0035268590339507214,-0.19850195245092284,0.21748419834416452,0.4686192468619247,1.6473091751420155,0.0,239
494,train,blind,3.0,0,0.0008817244371400257,0.00020960584729570148,0.00034934305171891426,0.0,0.0,0.015767155805501355,1.6116929326097338,1.6115168973990563,0.0002096057274098392,-0.19092636234253188,0.18252767144425647,0.5062761506276151,1.6115168959773463,0.0,239
495,train,blind,3.0,0,0.01609831423724945,0.0035504860661984285,0.005917476402402263,0.0,0.0,0.016577533510548675,1.625543327760497,1.6235122219289198,0.0035504859165389822,-0.19255774331877126,0.18056915635478796,0.5104602510460251,1.6235122319468478,0.0,239
496,train,blind,3.0,0,0.00020369909520827966,3.579845303103569e-05,5.9664084813041244e-05,0.0,0.0,0.01593702145224772,1.6386298360186142,1.6386010636844395,3.579843099005949e-05,-0.19992312627841125,0.26448856049140923,0.41841004184100417,1.6386010609252935,0.0,239
497,train,blind,3.0,0,0.06283617998029117,0.016407963011546425,0.027346603047221054,0.0,0.0,0.01571529409088288,1.6159178931344005,1.609287973228359,0.0164079625966494,-0.18993322175180458,0.16783880827324255,0.5648535564853556,1.6092879800807045,0.0,239
498,train,blind,3.0,0,0.3959428790102983,0.12392899258627942,0.20654829708753017,0.13522251841912208,0.0030429822131679647,0.017083218827781316,1.614036460301866,1.622826718386247,0.12387894235118027,-0.20473107473129565,0.32407489836493664,0.35564853556485354,1.6228267105050331,0.0,239
499,train,blind,3.0,0,0.4392558730871779,0.1184940276987496,0.19749003144451874,0.09090909181030225,0.003993914154782953,0.01573017419308081,1.562427047905064,1.54528008519855,0.11836316338124116,-0.18901813746229537,0.24882043977566093,0.3891213389121339,1.545280076615043,0.0,239
500,train,blind,3.0,0,0.3347918485875449,0.09464761893773109,0.15774601676380048,0.08235070421107145,0.004564473319751947,0.0168372557740113,1.6000301673322541,1.5953537629738013,0.0945197241957712,-0.19681657079515336,0.2664174011098252,0.3682008368200837,1.5953537621706215,0.0,239
501,train,blind,3.0,0,0.4653420398303694,0.12557072960114044,0.20928452930580138,0.09851654671974262,0.0038037277664599556,0.01584821969473337,1.5685599493681137,1.5700670056762056,0.12545798672978117,-0.19607481020245549,0.3039556069913054,0.38493723849372385,1.570067008959557,0.0,239
502,train,blind,3.0,0,0.031455413804247795,0.0067537428112852795,0.011256237344169223,0.0,0.0,0.015385405347530563,1.6328141030906134,1.629913576976026,0.006753742869949591,-0.19482038896755563,0.20502092050209206,0.4393305439330544,1.6299135875903932,0.0,239
503,train,blind,3.0,0,0.14082453795319042,0.03900177735520925,0.06500295850590906,0.022632179524609233,0.0005705591649689933,0.01631051374435674,1.629311842399661,1.6171766729035637,0.03899523115043438,-0.19621103995824918,0.23356776165464851,0.45188284518828453,1.6171766664570586,0.0,239
504,train,blind,3.0,0,0.4488243158769947,0.1279211889897745,0.21320196325294882,0.10213008803553163,0.005325218873043938,0.016524564118268723,1.5978596567110037,1.5982971266223795,0.12775661618999726,-0.2011243347910955,0.31217543547286264,0.33472803347280333,1.5982971284788605,0.0,239
505,train,blind,3.0,0,0.137177762364597,0.028586914717950655,0.047644853479461256,0.003803727704112001,0.0001901863883229978,0.015405871691065354,1.578458092701485,1.5750005609320796,0.028583338737669724,-0.19405355651815565,0.2599780408914211,0.4309623430962343,1.5750005582091462,0.0,239
506,train,blind,3.0,0,0.026644077069207902,0.005284755594060181,0.008807925281262709,0.0,0.0,0.015620662988588276,1.6129945608861276,1.6116153670155353,0.005284755542291285,-0.18890406971812887,0.15160687260749575,0.5104602510460251,1.61161536224483,0.0,239
507,train,blind,3.0,0,0.32300136876191454,0.07879254807353753,0.1313209025539744,0.05686572879926929,0.0019018638832299778,0.016116803792542992,1.6244219666245592,1.6155948711239643,0.07874573025835149,-0.19534072975573116,0.2350218107362236,0.4435146443514644,1.6155948645091631,0.0,239
508,train,blind,3.0,0,0.010237411712357194,0.0020481313660532436,0.003413551971579977,0.0,0.0,0.01551504022632745,1.5977668348216612,1.5979923034811618,0.0020481312596157255,-0.19079534269932466,0.19214220006528385,0.4895397489539749,1.597992302257879,0.0,239
509,train,blind,3.0,0,0.4994180284038787,0.121082825799638,0.20180469705869597,0.05724610163826324,0.004754659708074945,0.015045910321612488,1.5454091502034015,1.5282269466871,0.12086592388541971,-0.19271357635015962,0.2937179144781744,0.3682008368200837,1.5282269417838432,0.0,239
510,eval,blind,3.0,0,0.07057711293792525,0.007267225385251676,0.012112041912035515,0.0,0.0,0.011498148480983584,0.939211387888657,0.9346604658968778,0.00726722547003637,-0.10287432125570256,0.0,1.0,0.9346604722974201,0.0,239
511,eval,blind,3.0,0,0.5020268853461184,0.05438226659280038,0.09063710658948637,0.0,0.0,0.008429968160690124,0.9059361186985192,0.9269950025750004,0.054382266782645024,-0.10786762895471873,0.0,1.0,0.926995001656466,0.0,239
512,eval,blind,3.0,0,0.00027498420791614755,0.00010817047468168373,0.0001802841165440574,0.0,0.0,0.012004258995680878,0.9971023486249118,0.9966710753520662,0.00010817044244218952,-0.10850086606608232,0.0,1.0,0.9966710709746909,0.0,239
513,eval,blind,3.0,0,0.0034414877965033177,0.0012406127032469256,0.0020676877109843373,0.0,0.0,0.012097035632098569,1.0011779521299706,0.9965620836453458,0.0012406126743561986,-0.1083530507047056,0.0,1.0,0.9965620810690403,0.0,239
514,eval,blind,3.0,0,0.009418925725383427,0.0013032530966092088,0.0021720883518637152,0.0,0.0,0.01170678354145094,0.966647897305349,0.9634757477119876,0.0013032530987402424,-0.10490984227231542,0.0,1.0,0.9634757495996058,0.0,239
515,eval,blind,3.0,0,0.32300139925731,0.03911906074236681,0.0651984313427043,0.0,0.0,0.008922703530070485,0.9236896935865969,0.9031435375931871,0.03911906082821702,-0.10946314036996621,0.11175405798391642,0.7364016736401674,0.9031435430041485,0.0,239
516,eval,blind,3.0,0,0.17909066453400735,0.014767647833239713,0.024612744800027005,0.0,0.0,0.00978367495258966,0.884526298385285,0.9239473741922418,0.01476764764363861,-0.10436290676480743,0.04130686370515446,0.9330543933054394,0.923947371117195,0.0,239
517,eval,blind,3.0,0,0.5005976261530134,0.06360005909597348,0.10600009356508111,0.0,0.0,0.008006189836804838,0.8079591530636264,0.7152223858873216,0.06360005908203044,-0.10086353564864312,0.03246387133149352,0.9372384937238494,0.7152223866014321,0.0,239
518,eval,blind,3.0,0,0.023700621450150866,0.006614452681921142,0.011024087286862607,0.0,0.0,0.012278775830663523,1.0350157336709889,1.0114189476148854,0.006614452719457777,-0.11447719176715705,0.0,1.0,1.0114189496651675,0.0,239
519,eval,blind,3.0,0,0.1299968671675179,0.022241171973383114,0.0370686186811688,0.0,0.0,0.010598584861498497,0.9372224236631992,0.8712994585974945,0.022241172084044646,-0.10189379743151185,0.042286121249888724,0.9037656903765691,0.8712994643321949,0.0,239
520,train,blind,3.0,0,0.3825699220520223,0.12253061237817564,0.20421766734196575,0.10935717041771781,0.0038037277664599556,0.016285608086158292,1.5941519333228906,1.5759637468030763,0.12243504363113857,-0.20056527560363488,0.33944627437015934,0.33472803347280333,1.5759637468207766,0.0,239
521,train,blind,3.0,0,0.48485143263255603,0.15460802318049754,0.2576800136001446,0.15462152952928424,0.0032331686014909623,0.01708106042926344,1.617089860608887,1.6337614717842646,0.15455212733691212,-0.21424528075591642,0.4065105789489302,0.29707112970711297,1.6337614699068743,0.0,239
522,train,blind,3.0,0,0.4836600335450891,0.15156508838100843,0.25260846055673,0.13750475482960625,0.009319133027826892,0.014826325635390675,1.5033364767310011,1.5024053431953845,0.15110519203150627,-0.19599056914957916,0.34769577732276924,0.35564853556485354,1.5024053463453142,0.0,239
523,train,blind,3.0,0,0.4367288618482977,0.1297851623606993,0.21630858201942105,0.12780524933687315,0.006276150814658927,0.015857551593691982,1.562176423342158,1.5470362978999086,0.12951624687869995,-0.19106548543150337,0.25428054244933085,0.4435146443514644,1.5470362921516214,0.0,239
524,train,blind,3.0,0,0.5013695566800022,0.13428825856710136,0.22381374783125083,0.09014834582057459,0.006276150814658927,0.015451528921053125,1.530307661788733,1.5000183036137824,0.13402405573440196,-0.1924095560099664,0.3283776966675569,0.3682008368200837,1.500018314679879,0.0,239
525,train,blind,3.0,0,0.001494409176462552,0.0003466679079632984,0.0005777797839023703,0.0,0.0,0.015698788449885207,1.6109708831898837,1.6106430262202498,0.0003466679160307828,-0.19367096171578793,0.2201252262678418,0.48535564853556484,1.6106430201856308,0.0,239
526,train,blind,3.0,0,0.22391449630794566,0.06225965034815341,0.10376607416390729,0.05096995057421249,0.0034233549898139604,0.015902680120816665,1.5871834557924311,1.5717277783729042,0.06211526377285519,-0.19421194781180737,0.2735689486334906,0.38493723849372385,1.5717277789999289,0.0,239
527,train,blind,3.0,0,0.19109902345770474,0.051489398450319634,0.08581565744584223,0.022441993260982146,0.0019018638832299778,0.01493838008602294,1.550800508535058,1.543473912332846,0.05140771790765521,-0.1939471573338167,0.2925012611650198,0.4435146443514644,1.5434739019684118,0.0,239
528,train,blind,3.0,0,0.03862336533101252,0.009452524216034378,0.01575420641736505,0.0,0.0,0.015791559874403553,1.648482995551999,1.6393591474788458,0.00945252446691031,-0.19202057632858902,0.16323926526009674,0.5397489539748954,1.6393591459976133,0.0,239
529,train,blind,3.0,0,0.4085878752840285,0.11656995756491893,0.19428324827132964,0.10289083377586748,0.0032331686014909623,0.016507068449226073,1.6226764094380655,1.619019801147812,0.11651454851674328,-0.1948151000968462,0.20249859046262497,0.46443514644351463,1.6190198055755758,0.0,239
530,train,blind,3.0,0,0.3893441522848197,0.11740457505409296,0.19567426843015223,0.1163940665362769,0.010460251357764879,0.016082799128377536,1.567020647445982,1.5591576757790155,0.11691967186581458,-0.20038876136873116,0.33576663995964273,0.3682008368200837,1.559157670044256,0.0,239
531,train,blind,3.0,0,0.4554288766948919,0.14174211086738145,0.23623682805903867,0.13370102781132176,0.0032331686014909623,0.016561758028397874,1.6073955664076067,1.5768024672025418,0.14167357635278868,-0.1964561768846358,0.27947416837294875,0.3807531380753138,1.5768024706805992,0.0,239
532,train,blind,3.0,0,0.4918546168378746,0.1500694864107382,0.2501157869401102,0.1519589202174582,0.004754659708074945,0.017301335361899192,1.5687840917619202,1.615285826527424,0.14999208450013557,-0.20061248362532266,0.28300543042820264,0.4309623430962343,1.615285836537735,0.0,239
533,train,blind,3.0,0,0.19514420172920505,0.05183085653045062,0.08638475299702496,0.03195131205365249,0.0015214911065839823,0.015534263708196175,1.5855786022282046,1.5786642709037748,0.05177973876322756,-0.18664080501419308,0.16819490192587316,0.5481171548117155,1.578664263862967,0.0,239
534,train,blind,3.0,0,0.05794356438666426,0.014505338309969359,0.024175563252691247,0.0017116774949069802,0.0,0.0160952408751278,1.625941915242742,1.6241763234138489,0.01450533805637636,-0.18996837678143247,0.15234873438380958,0.5439330543933054,1.624176320413564,0.0,239
535,train,blind,3.0,0,0.0038738003089876893,0.0010805828404874896,0.0018009713271396064,0.0,0.0,0.016198302245071492,1.6520806027256794,1.6511794493288177,0.0010805827870289894,-0.19714866101506778,0.2225882073652037,0.45188284518828453,1.6511794329436378,0.0,239
536,train,blind,3.0,0,0.4465136047263696,0.13644237377999946,0.2274039368606902,0.12951692676943216,0.011411183299379868,0.01531672565204142,1.5237229778178067,1.524572524565533,0.13588390911101067,-0.19602156648771982,0.3197721000623164,0.38493723849372385,1.5245725255003328,0.0,239
537,train,blind,3.0,0,0.4288286963842077,0.12949720135246132,0.21582864704825594,0.11829593073124665,0.008938760251180896,0.015620913251330413,1.5150120460338672,1.5136354425961003,0.1290404282342812,-0.19709366276694132,0.343660049259622,0.3305439330543933,1.513635443431857,0.0,239
538,train,blind,3.0,0,0.0010625928217568533,0.00023123705225972806,0.0003853950712943808,0.0,0.0,0.016118548691631235,1.6122148403562762,1.6122667717135601,0.00023123703486136078,-0.19422162785747196,0.2231816967862548,0.4602510460251046,1.6122667654656875,0.0,239
539,train,blind,3.0,0,0.4260901446999406,0.14250839965131326,0.23751397564658694,0.15310003811096048,0.002852795824844967,0.016610591878888498,1.6106398265232102,1.607676543950037,0.14243601075187642,-0.2057502528438249,0.3641651087569364,0.30962343096234307,1.60767654670554,0.0,239
540,eval,blind,3.0,0,0.005378617951415077,0.0010225952214587707,0.0017043253728120382,0.0,0.0,0.012013734797615885,1.0099552398446214,1.0072977865839603,0.0010225952008790745,-0.11223105614502034,0.0,1.0,1.0072977857215921,0.0,239
541,eval,blind,3.0,0,0.4891325045084395,0.03947932217757838,0.06579886747009163,0.0034233549898139604,0.0,0.00979952636139787,0.82556929797807,1.0473710249906802,0.03947932194821828,-0.11541250951080975,0.0027003768657823677,0.8786610878661087,1.047371025628873,0.0,239
542,eval,blind,3.0,0,0.42329977726598883,0.0485105389647341,0.08085089352237725,0.006466337078286016,0.0,0.008431026461693969,0.7757776120217774,0.8208141151083065,0.04851053884381316,-0.09338467188195683,0.01071248404997181,0.9748953974895398,0.8208141165905611,0.0,239
543,eval,blind,3.0,0,0.1445073664815396,0.026507689366568898,0.0441794786847632,0.0022822366598759733,0.0,0.010416128498279961,0.9410270804141855,0.9244969615627033,0.026507689368730377,-0.1054503563777237,0.04786492180776878,0.899581589958159,0.9244969575985824,0.0,239
544,eval,blind,3.0,0,0.31902109559870884,0.023239562596728665,0.0387326017717824,0.004754659708074945,0.0,0.009879582561552525,0.8520795428603264,0.9849424045455006,0.023239562779175587,-0.11440330906122671,0.03243419686044096,0.8284518828451883,0.9849424081928134,0.0,239
545,eval,blind,3.0,0,0.09973252267304225,0.014898242600203471,0.024830403014694566,0.0,0.0,0.011278115980576521,0.975782147261887,0.9510440826416016,0.014898242850143269,-0.11025638394036717,0.002789400278940028,0.99581589958159,0.9510440837445661,0.0,239
546,eval,blind,3.0,0,0.07879225602993307,0.012354091431642468,0.020590151203159393,0.0,0.0,0.011354458849549793,0.9865850252586429,0.9734930017004452,0.01235409134783196,-0.11244277383590551,0.03166266061307457,0.9163179916317992,0.9734929935220238,0.0,239
547,eval,blind,3.0,0,0.501946137909228,0.05011511929506128,0.08352519502239443,0.0022822366598759733,0.0,0.008274428411990904,0.8400660463955612,0.9007007394874446,0.05011511888474598,-0.10810907984267615,0.04584705777619513,0.7615062761506276,0.9007007399343052,0.0,239
548,eval,blind,3.0,0,0.5005976261530134,0.05837056093555646,0.09728426350942238,0.005515405199018981,0.0,0.008305242162384872,0.7985625411676064,0.8587257631403632,0.05837056142922562,-0.10133890523025721,0.01056411169470904,0.9748953974895398,0.8587257693884177,0.0,239
549,eval,blind,3.0,0,0.0007224766159197316,0.00011549413580290105,0.00019249020610857077,0.0,0.0,0.011394279123435895,0.9519503228833984,0.9518693207946283,0.00011549412240783262,-0.10365304678952277,0.0,1.0,0.9518693251282065,0.0,239
550,train,blind,3.0,0,0.28232657409398026,0.0930498798637486,0.15508311596009455,0.09718524168974187,0.011791556076025863,0.015481685814311315,1.5099098625043446,1.517053449253657,0.09226623614534497,-0.20199979657699635,0.35736965488590167,0.32217573221757323,1.517053459212568,0.0,239
551,train,blind,3.0,0,0.20328998215313637,0.05560415725826011,0.09267358534928474,0.0403195132645603,0.0022822366598759733,0.015817595712030032,1.5855142985427728,1.5917626282660033,0.055543912012132095,-0.19899959809049184,0.3040149559334105,0.38493723849372385,1.5917626309912385,0.0,239
552,train,blind,3.0,0,0.38597856810663256,0.11855616456878086,0.19759358733614005,0.11544313490640169,0.003993914154782953,0.016383578465027915,1.5905856694636484,1.5902213381922894,0.11845379035908823,-0.19026408137315928,0.19929374758894924,0.48535564853556484,1.5902213435675476,0.0,239
553,train,blind,3.0,0,0.4175653372727219,0.11635696782660378,0.19392826429433793,0.08862685477633855,0.0017116774949069802,0.01620681240967627,1.605119781514092,1.6025361299015988,0.11632230520313197,-0.20139467739353942,0.30167067272025877,0.35564853556485354,1.6025361351992755,0.0,239
554,train,blind,3.0,0,3.939117242876347e-05,5.52726718501522e-06,9.212111184767069e-06,0.0,0.0,0.016361529023141044,1.6517728055870184,1.6517762940797847,5.527278258779162e-06,-0.1951459373859379,0.19181578088370577,0.5271966527196653,1.6517762931788191,0.0,239
555,train,blind,3.0,0,0.6576381633813316,0.20159459640146107,0.33599095338502444,0.19717444700969233,0.004914005060453672,0.016758980047008074,1.640414381349409,1.632886160064388,0.2015336560890884,-2.9126134888509334,0.35643089898409047,0.3108108108108108,1.6328861603952625,0.013513513513513514,74
556,train,blind,3.0,0,0.48366004122113304,0.14908216482803574,0.24847024997849593,0.1414986689843892,0.009699505804472887,0.01571350173623336,1.5139429462005902,1.5171197538096535,0.14864805602744002,-0.19523879680297287,0.33389714828333183,0.3514644351464435,1.5171197497778264,0.0,239
557,train,blind,3.0,0,0.13356819286291968,0.03605212971824319,0.06008687939415208,0.01635602902169008,0.0001901863883229978,0.016080346794323568,1.6102011248656396,1.6058560138466966,0.03604580127604517,-0.19596364358469975,0.2443989435888305,0.4476987447698745,1.6058560232503696,0.0,239
558,train,blind,3.0,0,0.3538667886901772,0.11658663094667303,0.1943110311259569,0.12228984444959393,0.002852795824844967,0.016572272140049537,1.6126195356935638,1.6054299256791629,0.11654978679917084,-0.19876133602616536,0.2615507878572065,0.4309623430962343,1.6054299136233041,0.0,239
559,train,blind,3.0,0,0.4986505481252782,0.16807043413065234,0.2801173564335179,0.18410041841004185,0.0038037277664599556,0.016908643508103977,1.581006826715988,1.5892132303704776,0.16800601842860335,-0.2114562348763895,0.4055906703463011,0.27615062761506276,1.5892132323968948,0.0,239
560,train,blind,3.0,0,0.10942612930107716,0.029976544214866053,0.04996090539227309,0.010460251233068969,0.0009509319416149889,0.01667268500199627,1.6369301177966544,1.6315921313094295,0.029962033822675378,-0.20644476622374208,0.35570788450695867,0.3598326359832636,1.6315921323827682,0.0,239
561,train,blind,3.0,0,0.08452669602320004,0.018811476863915818,0.031352460131506533,0.0024724229858510164,0.0001901863883229978,0.01602898275666718,1.5706279771597316,1.564900786308065,0.018802079741507438,-0.1887091806277673,0.20062909878631413,0.5062761506276151,1.5649007798701415,0.0,239
562,train,blind,3.0,0,0.3859785423496817,0.10917656124718891,0.18196091604367665,0.10251045993930626,0.0024724230481989714,0.016390769691771542,1.590462503572887,1.589951166298599,0.10911968677017239,-0.20258962171773437,0.33368942698596393,0.3514644351464435,1.5899511713955743,0.0,239
563,train,blind,3.0,0,0.0005835245887526782,0.00015669508163026187,0.0002611584591953996,0.0,0.0,0.016042585839287506,1.6085550430928315,1.6084532448437423,0.00015669509231587325,-0.19562594085213178,0.23896851538621322,0.45188284518828453,1.608453250941425,0.0,239
564,train,blind,3.0,0,0.478391402922768,0.13425292301434483,0.22375485295337033,0.1063141881422019,0.008178014697888905,0.01599019363514736,1.512735730933345,1.5035801243083746,0.13387144197751932,-0.1943270883137224,0.33128579483070714,0.3138075313807531,1.5035801162423246,0.0,239
565,train,blind,3.0,0,0.05794356438666426,0.014946220867474252,0.024910366991705922,0.0,0.0,0.016127543814215325,1.6008652294031247,1.5968947121288986,0.014946220868220115,-0.190585373063607,0.19534704293895963,0.4895397489539749,1.5968947122275243,0.0,239
566,train,blind,3.0,0,3.5839762234725213e-06,3.8841668455267256e-07,6.473610749605567e-07,0.0,0.0,0.01644676419707584,1.6310737980958308,1.6310741966239577,3.8840008151759376e-07,-0.19500348203702916,0.20279533517315051,0.4393305439330544,1.6310741985889756,0.0,239
567,train,blind,3.0,0,0.04253383616285562,0.013016562646641345,0.021694269829601872,0.0,0.0,0.016021260791010062,1.6006581122406358,1.5971379073095122,0.013016562439421158,-0.19221042266322746,0.2208077391020505,0.4686192468619247,1.5971379001232655,0.0,239
568,train,blind,3.0,0,0.020964593625584595,0.004615224978475438,0.007692041093041287,0.0,0.0,0.016113441242645476,1.6100735649404168,1.6105666240388878,0.004615224755074618,-0.1884929713549062,0.15810558176800496,0.5690376569037657,1.610566620035074,0.0,239
569,train,blind,3.0,0,0.026644077069207902,0.005710794026831289,0.00951798966789626,0.0,0.0,0.016234716842784918,1.5923906449992287,1.5938074324420306,0.005710794084445305,-0.18713359653021333,0.14997477669960535,0.5439330543933054,1.5938074350119416,0.0,239
570,eval,blind,3.0,0,0.08163405268523204,0.010469025741403126,0.017448375507335325,0.0,0.0,0.010845972760872737,0.90235541866913,0.8976349843097032,0.01046902588549144,-0.10147422643515162,0.01973352324994807,0.9163179916317992,0.8976349850350186,0.0,239
571,eval,blind,3.0,0,0.05557844634596492,0.003816068227709491,0.006360113444125814,0.0,0.0,0.010977278300853268,0.8948687179068641,0.8936453668642244,0.0038160681918624614,-0.09734019997875157,0.0,1.0,0.8936453666228075,0.0,239
572,eval,blind,3.0,0,0.48708752257839305,0.038132959145963215,0.06355492957058133,0.0003803727766459956,0.0,0.010740327806636753,0.8073293806119943,0.973119592816261,0.03813295944418615,-0.10886392565114685,0.0054304282026172886,0.8702928870292888,0.9731195903763942,0.0,239
573,eval,blind,3.0,0,0.37562728849699706,0.08722631267809443,0.1453771818162,0.028908330401616115,0.0,0.010269094576131723,0.9368148161776395,0.8720693427399112,0.08722631300240731,-0.10687194373363001,0.11062642808391941,0.7949790794979079,0.8720693440273438,0.0,239
574,eval,blind,3.0,0,0.14082450920353773,0.017502300218328548,0.02917049941929519,0.0001901863883229978,0.0,0.011647362924457593,0.9423934637752038,0.9262317915341844,0.017502300429787968,-0.10474874386743162,0.005341404789459628,0.9916317991631799,0.9262317927851128,0.0,239
575,eval,blind,3.0,0,0.5020705397688578,0.06556829943236982,0.10928049387548983,0.0,0.0,0.00791961896120255,0.849230765922299,0.8375576705862787,0.06556829993293439,-0.1147123705105418,0.2541321700940681,0.46443514644351463,0.8375576735522239,0.0,239
576,eval,blind,3.0,0,0.4288286743681341,0.09458452778990516,0.15764086920130296,0.03841764944367828,0.0,0.01074520732611262,0.9781997153948541,0.8962131420688151,0.09458452816195319,-0.11079001947320889,0.12629454879966764,0.7698744769874477,0.8962131435721247,0.0,239
577,eval,blind,3.0,0,0.012959521485526197,0.0015746009225321926,0.0026243346893432195,0.0,0.0,0.012127093405747264,0.9722466664583613,0.970373517050404,0.0015746009220450991,-0.10653525064522813,0.0006825128342087303,0.99581589958159,0.9703735140684484,0.0,239
578,eval,blind,3.0,0,0.4288286743681341,0.05014903791786184,0.08358172556013015,0.0,0.0,0.009960122192161603,0.943585350673069,0.8425506824728834,0.050149037951197295,-0.11294061008501736,0.008664945547345619,0.9790794979079498,0.8425506831601736,0.0,239
579,eval,blind,3.0,0,0.5008256455296923,0.03814812566422337,0.06358020611119039,0.0,0.0,0.010033718635674925,0.7494675147982321,0.9525896304571478,0.03814812556869218,-0.1051456728783614,0.0010682809578919255,0.9330543933054394,0.9525896363020471,0.0,239
580,train,blind,3.0,0,0.31501783161268476,0.11173428563091434,0.18622378611974427,0.14206922777527048,0.002662609436521969,0.01667162151344775,1.6275873618145866,1.6392595880201173,0.1116748034555446,-0.21498721377263524,0.4021781061752574,0.2301255230125523,1.6392595930863323,0.0,239
581,train,blind,3.0,0,0.497250765612289,0.14229025828126968,0.23715041363446968,0.10213008828492344,0.005705591649689934,0.016062857501333478,1.5459792224931916,1.4986409480102891,0.14205152174202884,-0.18816405566133465,0.28793139262292644,0.38493723849372385,1.4986409589466545,0.0,239
582,train,blind,3.0,0,0.1595777480052146,0.04525810197242113,0.07543016788610303,0.019399011297206,0.0007607455532919912,0.01652719380887358,1.629132490277789,1.6215449259869723,0.04524187898557205,-0.19767219804373648,0.23822665360989942,0.41841004184100417,1.621544928778741,0.0,239
583,train,blind,3.0,0,0.026644077069207902,0.005593106951104247,0.0093218446958851,0.0,0.0,0.01599755816582481,1.623527363753219,1.6212672409153384,0.005593106710997646,-0.19281002122678081,0.19620760259948367,0.5188284518828452,1.6212672279642162,0.0,239
584,train,blind,3.0,0,0.2698529591997837,0.07654496262118632,0.12757492669617293,0.06732597990764234,0.0013313047182609845,0.01663805576914212,1.623852715083246,1.6187470854575663,0.07651771360720719,-0.20095579087727738,0.28490459657556605,0.36401673640167365,1.6187470842680851,0.0,239
585,train,blind,3.0,0,0.2740191620142929,0.08602952854204608,0.14338253415396698,0.08349182272805329,0.002852795824844967,0.016413669777979537,1.583883150102703,1.5980577129699196,0.08596046932023257,-0.19774432388152496,0.2718478293124425,0.39330543933054396,1.5980577122989197,0.0,239
586,train,blind,3.0,0,0.15660389784227186,0.042811071246699986,0.07135178053357379,0.010615133596751505,0.0,0.015466747755285152,1.6097157726030864,1.611500665099321,0.0428110716463984,-1.3871427562502348,0.17140187709687005,0.5808383233532934,1.6115006561236949,0.005988023952095809,167
587,train,blind,3.0,0,0.05794356438666426,0.011908792164131342,0.019847985666700534,0.0,0.0,0.015584138165535912,1.589653020373947,1.5895288027978842,0.01190879207480298,-0.1866565552428094,0.14932193833644913,0.5606694560669456,1.5895287962998368,0.0,239
588,train,blind,3.0,0,0.4941819601855557,0.13373458589483553,0.22289095791420854,0.10060859649251196,0.004944846096397943,0.01599710325761133,1.5611741645066808,1.533496386585874,0.1335702795299938,-0.19431548079310637,0.315677023057064,0.3682008368200837,1.533496392241266,0.0,239
589,train,blind,3.0,0,0.21150074667297547,0.05769633792508833,0.09616055398006233,0.04602510485190228,0.0009509319416149889,0.01577030804600551,1.5839787148032727,1.5939970844460332,0.05767322702001012,-0.19151693128359043,0.2198284815573162,0.47280334728033474,1.5939970807685138,0.0,239
590,train,blind,3.0,0,0.5017308978531066,0.15274794232710942,0.2545798803817492,0.1278052500850486,0.007227082756273916,0.016771840461564862,1.5690285548505425,1.5519429233283677,0.1525251503022659,-0.1961414433431725,0.3133920887860174,0.3682008368200837,1.5519429276636825,0.0,239
591,train,blind,3.0,0,0.4955261337087284,0.14299430140923033,0.2383238133272289,0.10935716954484645,0.01122099691105687,0.01498311802951393,1.5090603441872856,1.4998086039990062,0.14246192911846703,-0.19642392870944575,0.36814148787797857,0.3472803347280335,1.4998086116575617,0.0,239
592,train,blind,3.0,0,0.018431992074788867,0.004761032501024815,0.007935053944032664,0.0,0.0,0.015981693561169394,1.6146785863772595,1.6100109675938115,0.00476103259393788,-0.19681251240845227,0.24457699041514583,0.41422594142259417,1.6100109647533178,0.0,239
593,train,blind,3.0,0,0.4367288618482977,0.13152403562404388,0.21920670702335074,0.12209965787422707,0.0032331686014909623,0.0164849763116546,1.5726914722550365,1.5739928050021248,0.13146969897178712,-0.19370189673950516,0.2645182349624618,0.3891213389121339,1.5739928035820294,0.0,239
594,train,blind,3.0,0,0.051011509713621825,0.011093878556539684,0.018489796825530928,0.0,0.0,0.01576145064810517,1.5876043052354119,1.5830559925055403,0.011093878701465191,-0.18930934542592245,0.20012463277842074,0.47280334728033474,1.5830560015216482,0.0,239
595,train,blind,3.0,0,0.4488243158769947,0.13615291193541662,0.22692150097604838,0.12190947136120817,0.0030429822131679647,0.01632344297417849,1.5837244388947427,1.5579610489402356,0.13607571570435417,-0.1990426346315604,0.3274577880649277,0.36401673640167365,1.5579610460389617,0.0,239
596,train,blind,3.0,0,0.47839141184577105,0.14963076807727405,0.2493845923164604,0.126664131193979,0.0015214911065839823,0.01656139875415354,1.5869549168702448,1.585986674829507,0.1496048936059383,-0.2016948378340034,0.32276922163862426,0.39748953974895396,1.5859866788228965,0.0,239
597,train,blind,3.0,0,0.4934485925616751,0.15332546789616128,0.255542421978161,0.14815519294978186,0.01901863883229978,0.015068586411102671,1.4332114627670542,1.4166635606578204,0.1523721569717804,-0.19763132782203974,0.4182616694857414,0.24267782426778242,1.4166635537179664,0.0,239
598,train,blind,3.0,0,0.07057711293792525,0.012644881819781338,0.02107480221548411,0.0,0.0,0.015023789068520319,1.5810822330758163,1.5817146201512804,0.01264488201892643,-0.18739757388636358,0.17006439360218403,0.5313807531380753,1.5817146267911635,0.0,239
599,train,blind,3.0,0,0.053267700141298224,0.01409712297826137,0.02349520382672552,0.0,0.0,0.015986535620240487,1.6196867120315839,1.6128932898513442,0.014097122917222477,-0.1927106087161281,0.2085818570283985,0.5062761506276151,1.6128932907998874,0.0,239
600,eval,blind,3.0,0,0.12297281284996057,0.01759358843086542,0.029322645692202255,0.0,0.0,0.012265142024140103,1.0068340448654844,0.9927921696686844,0.01759358825812612,-0.11277115530080041,0.04525356835514407,0.8744769874476988,0.9927921660873017,0.0,239
601,eval,blind,3.0,0,0.1229728398538705,0.02124030755161942,0.03540051095630919,0.0,0.0,0.011215944447122109,0.9930080762717515,0.919201891292588,0.021240308141580854,-0.10577865404761634,0.0,1.0,0.9192018901340855,0.0,239
602,eval,blind,3.0,0,0.053267700141298224,0.007371110618360453,0.012285183499485378,0.0,0.0,0.012518663536055817,1.0283300250643965,1.0101975897116642,0.00737111074412188,-0.10949508705222172,0.0,1.0,1.0101975936053993,0.0,239
603,eval,blind,3.0,0,0.2032900131473154,0.03127743711637355,0.05212905863254301,0.0,0.0,0.010345061371983594,0.94803681196528,0.8360660143477149,0.03127743690016496,-0.09952406515893435,0.0,1.0,0.8360660126857348,0.0,239
604,eval,blind,3.0,0,0.4797851131429772,0.11682792361823878,0.19471318656903794,0.08197033293077637,0.0,0.010270809948592443,1.001472969683643,0.825201025443097,0.11682792346979706,-0.11150101723258304,0.11902430339179206,0.8368200836820083,0.8252010236418935,0.0,239
605,eval,blind,3.0,0,0.015004504288443965,0.001323667958207822,0.002206113085555737,0.0,0.0,0.011707580254791171,0.9636022106872941,0.9627488435062903,0.0013236679057691736,-0.10507599997842783,0.00020772129736787442,0.99581589958159,0.9627488421693878,0.0,239
606,eval,blind,3.0,0,0.4510805060552793,0.0844756571816532,0.1407927558036771,0.02472422979616221,0.0,0.009917107251936483,0.9797447278908605,0.8786969552728422,0.08447565709396117,-0.1367595005936236,0.4234843763909909,0.40585774058577406,0.878696952609287,0.0,239
607,eval,blind,3.0,0,0.4977520082539135,0.12366536765141489,0.20610892785679955,0.08082921397735883,0.0,0.010219493358703837,1.0398056242755267,0.8122409938768362,0.12366536754602006,-0.11528361413836424,0.18415976735214695,0.702928870292887,0.8122409918058355,0.0,239
608,eval,blind,3.0,0,0.06794362143753681,0.012705059527685216,0.021175097759768502,0.0,0.0,0.011569949426146605,0.9743107416390375,0.9271408475343154,0.012705059444087813,-0.10316128193178287,0.0,1.0,0.9271408503327025,0.0,239
609,eval,blind,3.0,0,0.03862335179426082,0.010576946424788193,0.017628242517797137,0.0,0.0,0.012848576895160032,1.092538497437992,1.0535030350026726,0.010576946322620353,-0.1170782214928789,0.0,1.0,1.0535030322543548,0.0,239
