episode,phase,arm,sigma,direct,A,load,load_frac,sat,clipped,x_std,q_cmd_abs,q_exec_abs,resid_after,reward,v_out,cr,q_loss,destroy,steps
0,train,blind,3.0,0,0.49418196437011425,0.19848772756614155,0.3308128367887959,0.28984404726257884,0.014263979124224835,0.017792258491529208,1.5092240055734643,1.6462040109614449,0.19814487063292394,-0.22004459776983318,0.4760081901540105,0.26778242677824265,1.6462040135562628,0.0,239
1,eval,blind,3.0,0,0.05326771741892722,0.00809181952095497,0.013486365129302083,0.0,0.0,0.00578059360217381,0.5811383300246554,0.5559422307682835,0.008091819370701879,-0.07858188843124486,0.07136710288139114,0.7740585774058577,0.5559422335907325,0.0,239
2,eval,blind,3.0,0,0.4955261337087284,0.17317948563302166,0.2886324289909254,0.27481932489193633,0.0,0.00906836575824596,0.540727743980276,0.8844330835167833,0.17317948581029322,-0.1408531479842731,0.38422505118846256,0.41841004184100417,0.8844330837614761,0.0,239
3,eval,blind,3.0,0,0.4595582126649525,0.16563847812046245,0.27606408992785825,0.25218714449445573,0.0,0.00917885845203623,0.5724139815843255,0.8902414290226653,0.16563847756001585,-0.128347010016668,0.25626873200985195,0.6443514644351465,0.8902414216335327,0.0,239
4,eval,blind,3.0,0,0.5008256455296923,0.15716292941600324,0.261938181436943,0.20806390296465183,0.0,0.008224160481092353,0.6212342410780894,0.8110966572078202,0.1571629298191948,-0.11752955155850635,0.22754384403098013,0.6903765690376569,0.8110966591468194,0.0,239
5,eval,blind,3.0,0,0.14822527385418105,0.020206507059190693,0.03367751006217039,0.0,0.0,0.005472277066081949,0.6107822844922293,0.5590343537689751,0.020206507183292956,-0.07316962722361982,0.0,1.0,0.5590343536367175,0.0,239
6,eval,blind,3.0,0,0.009418925725383427,0.0017430004349285756,0.0029050006266656794,0.0,0.0,0.00588691776626155,0.5840816822012099,0.5803633165159984,0.0017430004313362618,-0.07673463988761056,0.014866909997329298,0.8702928870292888,0.5803633169146092,0.0,239
7,eval,blind,3.0,0,0.5020268853461184,0.169134779098903,0.28189126323638475,0.23202738702047818,0.0,0.00868588719111731,0.6142514797558845,0.8433890556565887,0.16913477955518774,-0.11730508146504039,0.24982937179144785,0.6359832635983264,0.8433890491192341,0.0,239
8,eval,blind,3.0,0,0.16730015471176524,0.06279681684164,0.10466134907936173,0.07055914807269763,0.0,0.0069466293774833555,0.5599355701996193,0.6622576037086703,0.06279681658341961,-0.10384930401731061,0.20030267960473605,0.48535564853556484,0.662257603859272,0.0,239
9,eval,blind,3.0,0,0.5019918537838604,0.16563121476998222,0.27605198749222526,0.23221757453106437,0.0,0.008636382607661312,0.6126961776028118,0.8529525873676005,0.16563121453747123,-0.1263774361726036,0.2339832042493843,0.5941422594142259,0.8529525764210647,0.0,239
10,eval,blind,3.0,0,0.4417291495469365,0.16850983722451549,0.28084969109729924,0.2514263978812485,0.0,0.009289414939474485,0.5918823936369628,0.889775233538081,0.16850983755888987,-0.13419896980355991,0.3276655093622956,0.3598326359832636,0.8897752325117274,0.0,239
11,train,blind,3.0,0,0.46716103549544,0.20200507698917206,0.33667508103930055,0.29650057110327555,0.03290224505518271,0.017788059331445515,1.4964815325816805,1.6207198989441205,0.20042467015805396,-0.21787338029631617,0.3685569304727145,0.37656903765690375,1.6207199038848843,0.0,239
12,train,blind,3.0,0,0.48813355436147227,0.18660863253816953,0.31101434829794156,0.23069608267630493,0.012362115240994856,0.017600139881636185,1.6222625791278344,1.6151727329487582,0.1862126621491983,-0.21136502077119665,0.3485563369832933,0.33472803347280333,1.6151727386319061,0.0,239
13,train,blind,3.0,0,0.3308880299083897,0.11652310634899284,0.194205153480386,0.14092811006881203,0.006276150814658927,0.017525308217978004,1.6946872689733945,1.6527093739938536,0.11638589831991301,-0.20022682087031352,0.23083771031781358,0.4769874476987448,1.652709362508253,0.0,239
14,train,blind,3.0,0,0.0010625928217568533,0.0005336609809008177,0.0008894349063579071,0.0,0.0,0.01789842427914736,1.764492151128697,1.7629992862126818,0.0005336609135297123,-0.1991754382632569,0.09199086026291581,0.5732217573221757,1.762999283117514,0.0,239
15,train,blind,3.0,0,0.3069478625608959,0.09663377908727244,0.16105627956748775,0.10308101922897116,0.0003803727766459956,0.017225113284294824,1.8653668379683874,1.67748711548091,0.09662408667106803,-0.19780459319050994,0.18852191459687234,0.4476987447698745,1.6774871206477227,0.0,239
16,train,blind,3.0,0,0.0002036993206716357,0.00014237972507574772,0.00023729952439961946,0.0,0.0,0.019691767763330845,1.8833928821475934,1.8829097014590785,0.00014237973000756835,-0.21620686569957426,0.17540579839164366,0.4476987447698745,1.8829097150048786,0.0,239
17,train,blind,3.0,0,0.1299968671675179,0.05370266313286387,0.08950442839759717,0.04222137721013823,0.0003803727766459956,0.01901371848952633,1.9446446865672347,1.7931798712728413,0.05369683944089382,-0.21220717703184902,0.2160894982046945,0.35564853556485354,1.7931798675033486,0.0,239
18,train,blind,3.0,0,0.4769458410955545,0.16457108874775073,0.27428511708808495,0.16279954416482517,0.0005705591649689933,0.016709896292592005,2.091546519530867,1.6021119094293985,0.16456672151809973,-0.19063485635467173,0.2144870767678566,0.47280334728033474,1.602111918099758,0.0,239
19,train,blind,3.0,0,0.1371777911142497,0.05663435111978193,0.09439057666971787,0.02871814351450948,0.0001901863883229978,0.01930323051810888,2.032706362931798,1.8470065700957965,0.056620751683421,-0.23963345247965454,0.4651176592777234,0.13389121338912133,1.8470065789444936,0.0,239
20,train,blind,3.0,0,0.1335682206150051,0.05590679320859529,0.0931779840756763,0.022441993323330103,0.0,0.01954288536947704,2.057937123286674,1.8623346237457945,0.05590679401108166,-0.2197767597067085,0.2547553339861717,0.3263598326359833,1.862334612560072,0.0,239
21,train,blind,3.0,0,0.11274788101110218,0.05108504035593172,0.08514172759269477,0.01502472449047296,0.0001901863883229978,0.02013692550875527,2.088592778688694,1.9105404999465623,0.051084674330512024,-0.22546287892918365,0.278524585299267,0.28870292887029286,1.910540482806031,0.0,239
22,train,blind,3.0,0,0.03674999346555246,0.020982180312534047,0.03497029816591528,0.0,0.0,0.021152012241092435,2.0893884124117417,2.0119683343496284,0.02098217997942305,-0.23264744443829205,0.22614914389151017,0.36401673640167365,2.0119683137056694,0.0,239
23,train,blind,3.0,0,0.502052641987655,0.1811690009376872,0.30194830387284216,0.17249904909642672,0.0005705591649689933,0.01602692685234185,2.142476509804506,1.516804523423127,0.18116206252715106,-0.19542149232595674,0.32971304786492184,0.3598326359832636,1.5168045246041473,0.0,239
24,train,blind,3.0,0,0.0008817254575398053,0.0006409473683725006,0.0010682455534125176,0.0,0.0,0.021795213534243435,2.0556098995847183,2.0535623129441647,0.0006409472678486008,-0.24005853481258072,0.2667734947624558,0.2803347280334728,2.0535623277776343,0.0,239
25,train,blind,3.0,0,0.001747928173575944,0.001026717718399839,0.0017111961106101449,0.0,0.0,0.021415480237189196,2.0344842737189897,2.0311761964813937,0.0010267178320143738,-0.23293965200891997,0.1984628623994777,0.41422594142259417,2.0311761842111626,0.0,239
26,train,blind,3.0,0,3.939117242876347e-05,1.5447130726326926e-05,2.574521907464948e-05,0.0,0.0,0.021052783729204574,2.0026229679833896,2.0025717030010464,1.5447106858750486e-05,-0.227845365778272,0.1673343422653491,0.41422594142259417,2.0025716919970487,0.0,239
27,train,blind,3.0,0,0.22807283978866633,0.07954402827493609,0.13257336682218923,0.06485355661005156,0.0,0.01804940692620609,1.9684289938236381,1.7351490706828847,0.07954402794383435,-0.194434856896798,0.09222825603133623,0.6610878661087866,1.735149074848727,0.0,239
28,train,blind,3.0,0,0.00046352766528258015,0.0002752109872463167,0.0004586849466261403,0.0,0.0,0.01952216818258478,1.8547991758609916,1.854001489144489,0.00027521102727930526,-0.20888700620674064,0.11647229888127245,0.5397489539748954,1.8540014929484585,0.0,239
29,train,blind,3.0,0,0.47063660832414467,0.16976471560076,0.28294115527993297,0.2038798025462418,0.019969570586870905,0.015422934836271574,1.6118891498533752,1.4411496442419216,0.16833948396924064,-0.2391804150059102,0.6702572776640257,0.12133891213389121,1.4411496423518775,0.0,239
30,eval,blind,3.0,0,0.49905009486198143,0.15595791744217194,0.25992983301840167,0.1538607827913811,0.0,0.010641230408844604,1.6606263695401626,1.0330281460571988,0.1559579182184466,-0.17809791203488384,0.6709991394403397,0.1087866108786611,1.03302814327835,0.0,239
31,eval,blind,3.0,0,0.011099784369602368,0.006026460162407054,0.010044099494221106,0.0,0.0,0.014093816132288597,1.3247383189500626,1.299489024792755,0.006026460197112459,-0.14779997923464205,0.07495771387875011,0.8702928870292888,1.2994890270417965,0.0,239
32,eval,blind,3.0,0,0.4488243158769947,0.13214529261252259,0.22024212178136574,0.17763408133175582,0.0,0.011300635370659685,1.5974204954243105,1.0777817488527197,0.1321452924420399,-0.16641272245338704,0.4936941749013325,0.33472803347280333,1.0777817467398112,0.0,239
33,eval,blind,3.0,0,0.4955261374568512,0.15267098238828072,0.25445160734296485,0.14853556585112376,0.0,0.01042788347086156,1.6969926776247544,1.016459038379801,0.1526709825753246,-0.16252135693356093,0.5320335915012316,0.14225941422594143,1.016459043543646,0.0,239
34,eval,blind,3.0,0,0.502088449363476,0.15891274081724044,0.26485454071066916,0.12228984694351212,0.0,0.01036950051063617,1.687081347449554,0.9831333448447942,0.15891274054032783,-0.11450636808393182,0.013739280097332267,0.9121338912133892,0.9831333328278434,0.0,239
35,eval,blind,3.0,0,0.49821823029872664,0.15743127752082187,0.2623854340322605,0.12076835589927609,0.0,0.010419692526080462,1.6853572369619394,0.9809252108490117,0.15743127612560373,-0.11408349634191046,0.08475028932609277,0.8577405857740585,0.9809252149363785,0.0,239
36,eval,blind,3.0,0,3.583932445953487e-06,1.3127537233809547e-06,2.187922649050451e-06,0.0,0.0,0.01409607483892386,1.2949205726759205,1.2949217393308503,1.3127475738268204e-06,-0.1458407676778848,0.003056470518413009,0.9916317991631799,1.2949217370760409,0.0,239
37,eval,blind,3.0,0,0.43151489933949033,0.12282869658833778,0.20471446378728633,0.17858501358511059,0.0,0.011366959716043352,1.5952903984979605,1.0796125641240735,0.12282869608124312,-0.16105221643902712,0.47137897266981216,0.38493723849372385,1.0796125668673227,0.0,239
38,eval,blind,3.0,0,0.5019461374421663,0.15929159714074886,0.26548596703915983,0.12704450665158706,0.0,0.010332698976644412,1.688705182973311,0.9787839282007895,0.1592915960944418,-0.1108229510277082,0.0017211193210481023,0.9707112970711297,0.9787839285229852,0.0,239
39,eval,blind,3.0,0,0.4955261374568512,0.15367399350367755,0.2561232900344031,0.1517687328315679,0.0,0.010600338388472078,1.6526335981600455,1.0283038406691292,0.1536739919149311,-0.17798120102316295,0.6174960681325856,0.18828451882845187,1.028303844003415,0.0,239
40,train,blind,3.0,0,0.2988020511427855,0.08806902028607579,0.1467816867069468,0.0768352988250086,0.0011411183299379866,0.016504743335199655,1.7679132836633147,1.5989891699667256,0.08804142235411247,-0.18612301786859545,0.1483723552627674,0.5313807531380753,1.5989891698662126,0.0,239
41,train,blind,3.0,0,0.27401919350725557,0.08222947844083003,0.13704911850313178,0.0724610119559276,0.0017116774949069802,0.016676366293148205,1.7396524979978425,1.6445025093385863,0.08216998625672607,-0.1956677926098828,0.1995014688863171,0.47280334728033474,1.6445025063379588,0.0,239
42,train,blind,3.0,0,0.0488099870398625,0.013642592282347049,0.022737652712513032,0.0,0.0,0.016277995287873256,1.690335434849791,1.6751196214843496,0.013642592184913148,-0.19493260416524133,0.16033116709694648,0.497907949790795,1.675119631790301,0.0,239
43,train,blind,3.0,0,0.48708752257839305,0.1532882648338973,0.2554804133851348,0.14340053268057532,0.010270064969441882,0.016659884333657296,1.6495527091385431,1.5909448693736328,0.1528926572352084,-0.2123132475302894,0.4080833259147156,0.28451882845188287,1.5909448765673402,0.0,239
44,train,blind,3.0,0,0.17513455355801244,0.05472342056064807,0.09120569406070872,0.04108025869315638,0.0032331686014909623,0.016488420533476142,1.673083554750706,1.6526011405629593,0.054577689759677306,-0.21583679414441956,0.4034541084305172,0.26778242677824265,1.6526011473841666,0.0,239
45,train,blind,3.0,0,0.137177762364597,0.044779781019969656,0.07463296188371757,0.025865348063752243,0.0020920502715529757,0.01685712299461644,1.6737173466502873,1.6608800957891232,0.044728175614794634,-0.21325601186903573,0.35683551440695566,0.301255230125523,1.6608800870482898,0.0,239
46,train,blind,3.0,0,0.07879227929296571,0.030175299952107444,0.050292163875044586,0.008558387349838992,0.0,0.017078361051180498,1.677059241917343,1.6622976877699338,0.03017529986178206,-0.21571277847646483,0.3710199115700763,0.32217573221757323,1.6622976940478473,0.0,239
47,train,blind,3.0,0,0.0,0.0,0.0,0.0,0.0,0.017069115697028247,1.7086058226589378,1.7086058226589378,0.0,-0.23025329845256037,0.4716460429092851,0.28451882845188287,1.7086058212521618,0.0,239
48,train,blind,3.0,0,0.003041941807975517,0.001120694937964046,0.0018678247526402012,0.0,0.0,0.017407572721072694,1.7329948551984014,1.7328832483690653,0.0011206948306512821,-0.23521260894806237,0.4662749636487729,0.28451882845188287,1.7328832539606291,0.0,239
49,train,blind,3.0,0,7.168989468786756e-07,2.913990581143164e-07,4.856651171527523e-07,0.0,0.0,0.017619445314046352,1.7636955008845947,1.763696452064993,2.9139717062740395e-07,-0.2355647346411493,0.46235793346983584,0.2594142259414226,1.7636964545613822,0.0,239
50,train,blind,3.0,0,0.34251425579287914,0.10117848635285608,0.1686307958704853,0.0882464818126487,0.006846709979627921,0.016964182752539175,1.678716808931598,1.6598349704902042,0.10090319660208236,-0.2167179618589394,0.38027834653847303,0.29707112970711297,1.6598349712173919,0.0,239
51,train,blind,3.0,0,0.3685238404330022,0.11246433238353104,0.18744053726854626,0.10384176478226315,0.004944846096397943,0.017435615661137088,1.7110296971628356,1.7006073923290523,0.11231162103357438,-0.2202415698459949,0.3905160390516039,0.2803347280334728,1.700607391801847,0.0,239
52,train,blind,3.0,0,0.475447956226714,0.15308582094275378,0.2551430126344461,0.1247622674977929,0.008748573862857899,0.01684081602342832,1.7130191575533176,1.6658888302088781,0.15280257930250807,-0.22247831946020022,0.4414967803198908,0.24686192468619247,1.6658888086667731,0.0,239
53,train,blind,3.0,0,3.5839762234725213e-06,1.118221406914512e-06,1.8637022636752872e-06,0.0,0.0,0.01794141301861867,1.7838375688097965,1.7838379912795381,1.118224573021591e-06,-0.2389658990888471,0.47158669396718,0.24686192468619247,1.7838379895964391,0.0,239
54,train,blind,3.0,0,0.15197705929011698,0.05342306532441562,0.08903843487959226,0.028718144013293118,0.004184100480757996,0.017815695654709966,1.7663618116698006,1.7557072734234223,0.053215952296908134,-0.23280485676964005,0.44200124632778415,0.2594142259414226,1.755707266573122,0.0,239
55,train,blind,3.0,0,0.5005976241194593,0.152388408250049,0.2539806577282677,0.12533282703684961,0.017306961275044844,0.01592775230066048,1.5886137754847316,1.5481099458917913,0.15142185076791628,-0.21888735938893444,0.5404314668091041,0.14644351464435146,1.548109939219812,0.0,239
56,train,blind,3.0,0,0.2322390740961382,0.06480999321346907,0.10801664704045819,0.04279193681154291,0.002662609436521969,0.016871785148822364,1.7666728202269166,1.735365943679251,0.06474791545815796,-0.221331724164319,0.36280008308851897,0.32217573221757323,1.7353659443383687,0.0,239
57,train,blind,3.0,0,0.009418921166737213,0.0023268703834101226,0.0038781171115793564,0.0,0.0,0.01754105953834795,1.8077098699793157,1.807073555232092,0.0023268703156204213,-0.232888687052441,0.40110982521736555,0.2803347280334728,1.8070735649938978,0.0,239
58,train,blind,3.0,0,0.010237416458047271,0.0027360809993651055,0.004560134827728514,0.0,0.0,0.018003002146188808,1.8064084895983898,1.8042685377049146,0.0027360810799942847,-0.22813339367074084,0.37377963737796377,0.3054393305439331,1.804268530468427,0.0,239
59,train,blind,3.0,0,0.34633041948240073,0.09512459359316819,0.15854097504122353,0.06694560725569226,0.004184100543105951,0.017241795523926056,1.7541188036547546,1.6713044967611463,0.09497139742885627,-0.21139955240506675,0.3601293806937892,0.3179916317991632,1.6713044786131743,0.0,239
60,eval,blind,3.0,0,0.10291766645305227,0.03791758299247624,0.06319596680659895,0.015024724303429098,0.0001901863883229978,0.015172986099379582,1.5674211904094808,1.5093330265837235,0.03791213642468381,-0.2101906083698316,0.5096887147986587,0.2594142259414226,1.5093330428033285,0.0,239
61,eval,blind,3.0,0,0.5017308978531066,0.18827049082938935,0.3137841205177541,0.1666032722430249,0.014073792735901836,0.013912630885075699,1.46783023648681,1.3267428788929305,0.18783789116667124,-0.18626422584305796,0.47256595151191433,0.32217573221757323,1.326742879830047,0.0,239
62,eval,blind,3.0,0,0.07879225602993307,0.02529485462844483,0.04215808817739287,0.007036896305602964,0.0,0.015327742121622714,1.5685216334325,1.5237610786529765,0.02529485419048698,-0.21412047206315382,0.5069883379328763,0.22594142259414227,1.523761071539448,0.0,239
63,eval,blind,3.0,0,0.5003441035252276,0.1888196329616286,0.31469935388700054,0.18961582410784447,0.016165843007454814,0.014375961703252218,1.4876557301776678,1.3712512093857243,0.18835640131715936,-0.19388521660861419,0.504555031306567,0.301255230125523,1.371251214953146,0.0,239
64,eval,blind,3.0,0,3.939130826693449e-05,2.1122656610078824e-05,3.5204427092356575e-05,0.0,0.0,0.016047532569858632,1.6077974969871873,1.607767182414003,2.1122654144168505e-05,-0.22373086838204062,0.5464850589038251,0.2384937238493724,1.6077671855319897,0.0,239
65,eval,blind,3.0,0,0.49613888111608695,0.11334174156933487,0.18890289287850023,0.019399011608945773,0.0,0.011661193859627057,1.366140653648137,1.2380215889739192,0.11334174201429469,-0.2059026278844921,0.7274993323244014,0.1087866108786611,1.2380215967188812,0.0,239
66,eval,blind,3.0,0,0.4934485877536371,0.11264553841754597,0.18774255716644236,0.0173069613373928,0.0,0.012021775199606953,1.377860391239741,1.2821469389245101,0.11264553723512676,-0.20327867393632096,0.6796047360455799,0.09623430962343096,1.2821469422510414,0.0,239
67,eval,blind,3.0,0,0.007217873016016257,0.0035205568745969766,0.005867594268683697,0.0,0.0,0.01587981025583138,1.6012829846418053,1.5959319529673046,0.003520556611810089,-0.22081386543548862,0.5344372236564885,0.25523012552301255,1.5959319525051838,0.0,239
68,eval,blind,3.0,0,0.4982182329869342,0.18400884582359703,0.30668137658884986,0.1768733370877709,0.013693419959255842,0.014043177526724763,1.48382848027361,1.346114364378622,0.18365599151433015,-0.18891781486394452,0.49194338110923175,0.34309623430962344,1.346114370051998,0.0,239
69,eval,blind,3.0,0,0.49865054549941856,0.12506300588535382,0.2084383324044854,0.024153671129976854,0.0,0.013101584846972172,1.467976586090471,1.3286864324843035,0.12506300565599374,-0.16746980956602586,0.24353838392830646,0.5815899581589958,1.3286864289760913,0.0,239
70,train,blind,3.0,0,0.15576161381352116,0.04739224024676663,0.07898706113660238,0.02320273875192618,0.0022822366598759733,0.016893086095718535,1.7748870241093335,1.7158444471439058,0.04730211999214977,-0.21180978474038578,0.32273954716757175,0.27615062761506276,1.7158444521918441,0.0,239
71,train,blind,3.0,0,0.4738973789959445,0.1314614753808269,0.21910244121441397,0.0964244965105376,0.003613541378136958,0.0167524569695153,1.8361638405333005,1.6401419538583715,0.13135389082345533,-0.19895741622785262,0.24982937179144776,0.4351464435146444,1.6401419556103372,0.0,239
72,train,blind,3.0,0,0.012006890569388804,0.004282151103698235,0.007136918341404385,0.0,0.0,0.017417109193412827,1.8154625493612249,1.8092273114615405,0.004282151048017372,-0.21247063144792264,0.20944241668892252,0.41841004184100417,1.8092273074868714,0.0,239
73,train,blind,3.0,0,0.27817753698797626,0.08097587016046537,0.13495977032429413,0.05990871051365362,0.0013313047182609845,0.0164595509618209,1.8118717485890727,1.6552698034871074,0.08094816632155051,-0.20998407379804643,0.36615329831745747,0.25523012552301255,1.6552698134913064,0.0,239
74,train,blind,3.0,0,0.48485143263255603,0.1437836243537189,0.23963935220474403,0.10136934235754372,0.0024724230481989714,0.016387418730800123,1.9165226485439923,1.6197960947846768,0.14370345429850806,-0.1941927718045783,0.2021128223389418,0.5062761506276151,1.6197960981386463,0.0,239
75,train,blind,3.0,0,0.07326335892778778,0.0288075587243888,0.048012596041048884,0.004944845971702033,0.0,0.01706474961393423,1.874085728842843,1.8083577375531696,0.02880755937654597,-0.2085170364252563,0.1685509955785038,0.5230125523012552,1.8083577323680808,0.0,239
76,train,blind,3.0,0,0.034930997800481874,0.013980619649571575,0.023301031097065158,0.0005705591649689933,0.0,0.018617997877299786,1.8993578568163276,1.8676281636230117,0.013980619256060997,-0.21356064768785393,0.16157749488115375,0.497907949790795,1.8676281563067683,0.0,239
77,train,blind,3.0,0,0.1299968671675179,0.04897596681851355,0.081626604435651,0.03290224461874702,0.0,0.017131626613781044,1.9068417988062902,1.7546977267355102,0.04897596672098832,-0.2127462317915337,0.2892964182913439,0.3682008368200837,1.7546977302610678,0.0,239
78,train,blind,3.0,0,0.1229728398538705,0.04796463433880467,0.07994105146471343,0.024343857331255988,0.0,0.017766463502103688,1.9028018877596038,1.786044500362923,0.04796463388255037,-0.20389539012418822,0.13151725570491707,0.5732217573221757,1.786044494665907,0.0,239
79,train,blind,3.0,0,0.31501786260686376,0.09723551336553622,0.1620591704545043,0.08862685483868651,0.0011411183299379866,0.016223737842376074,1.902398152331428,1.6086353952665209,0.09721428792998944,-0.22148337712832866,0.4861865337250365,0.20920502092050208,1.6086353887206468,0.0,239
80,train,blind,3.0,0,0.0,0.0,0.0,0.0,0.0,0.018680067892696817,1.949698685602164,1.949698685602164,0.0,-0.22178641852452932,0.1591738627258969,0.48535564853556484,1.9496986933874212,0.0,239
81,train,blind,3.0,0,0.478391402922768,0.15818394140142994,0.2636398771891851,0.12742487668492306,0.0,0.015174253973291571,2.0587807310176194,1.5377779352365677,0.15818394015154827,-0.19763636710760638,0.3728894032463872,0.2510460251046025,1.5377779438332904,0.0,239
82,train,blind,3.0,0,0.4994180284038787,0.16493312964810067,0.2748885229085626,0.1226702176626756,0.0,0.01489701972413169,2.0578322580169934,1.5213392663700311,0.16493312820415798,-0.19854167819740828,0.3748479183358557,0.30962343096234307,1.5213392554616805,0.0,239
83,train,blind,3.0,0,0.22391452780090834,0.07748944430919992,0.12914906136977006,0.05971852443707039,0.0011411183299379866,0.01706803096146576,1.9853037994775813,1.79149943839556,0.07744566489056227,-0.20558853089544185,0.15059794059170895,0.5397489539748954,1.7914994405639555,0.0,239
84,train,blind,3.0,0,0.5000638219418426,0.16335845475564137,0.27226406575632855,0.10536325607589099,0.0003803727766459956,0.015082202669599377,2.046741763916973,1.5641047570495925,0.1633495767643455,-0.18837574344221197,0.22472476928098759,0.40585774058577406,1.5641047566193715,0.0,239
85,train,blind,3.0,0,0.32300139925731,0.09598585211848278,0.1599764028458396,0.08235070346289598,0.0007607455532919912,0.01670563261114279,1.9715666706093187,1.7774507685186474,0.09598146102509121,-0.20525549754389635,0.1611027033443129,0.5188284518828452,1.777450762032749,0.0,239
86,train,blind,3.0,0,0.5020705397688578,0.1569117690390816,0.2615195937110021,0.1116394072022897,0.0024724230481989714,0.01616339139040232,1.966757410739755,1.6131050003123584,0.15684202616329795,-0.2068042299706663,0.37434345232796234,0.301255230125523,1.613105005498633,0.0,239
87,train,blind,3.0,0,0.5013695556751894,0.14829548788596994,0.24715912353335567,0.10783568005930928,0.0022822366598759733,0.015993721921495688,1.957979357891003,1.6631685051459149,0.14821871809433854,-0.1973207101693994,0.21733582598890175,0.45188284518828453,1.6631685014676933,0.0,239
88,train,blind,3.0,0,0.39266590399484474,0.10553361929486677,0.17588934854529534,0.08710536348271071,0.0038037277664599556,0.01517521709234894,1.8055919568408982,1.610469217205646,0.10525317718906134,-0.22072808300672253,0.48390159945398986,0.26359832635983266,1.6104692077140386,0.0,239
89,train,blind,3.0,0,0.04666315660102996,0.01649530540024019,0.027492173659841353,0.0,0.0,0.016920711938681464,1.8685695242183478,1.842818374913108,0.016495305509760097,-0.21938902149633654,0.24965132496513248,0.4560669456066946,1.8428183677439192,0.0,239
90,eval,blind,3.0,0,0.4288286963842077,0.107079832645308,0.17846638014882016,0.02320273937540573,0.0,0.013306202213026615,1.6831865881776211,1.5874435734549326,0.10707983270077577,-0.20080619915762055,0.4006647081515772,0.2217573221757322,1.5874435731067231,0.0,239
91,eval,blind,3.0,0,0.3069478625608959,0.07590512631179393,0.1265085364414148,0.014263979124224835,0.0,0.013429821147408072,1.6706253509641193,1.6208858415172689,0.07590512573212616,-0.1978690609616146,0.2938366123623847,0.401673640167364,1.6208858417833907,0.0,239
92,eval,blind,3.0,0,0.49008514884387816,0.12161867115015358,0.20269776766991113,0.049638646604126965,0.0,0.012173553674470119,1.5739959463414788,1.4294048485396795,0.12161867010230153,-0.21679648250779548,0.6748568206771717,0.11715481171548117,1.4294048424879315,0.0,239
93,eval,blind,3.0,0,0.004340025042008344,0.001656747553227216,0.0027612457521918334,0.0,0.0,0.013942118163247861,1.5837554163513823,1.5813613461650067,0.0016567473813441337,-0.19916931200849372,0.36202854684115254,0.35564853556485354,1.5813613452317343,0.0,239
94,eval,blind,3.0,0,0.00864344554228482,0.003285641895558435,0.005476069799092386,0.0,0.0,0.013836227067079878,1.5782730472137738,1.5730005697226424,0.0032856421663366984,-0.19895464382758749,0.3542538354253835,0.39330543933054396,1.5730005726092722,0.0,239
95,eval,blind,3.0,0,0.4881335476829956,0.12336382685311927,0.20560636817049366,0.021110689103852755,0.0,0.012074193660029557,1.7031729989470796,1.6045403495493293,0.12336382676328099,-0.19663882106455763,0.310365292738657,0.39330543933054396,1.6045403480287765,0.0,239
96,eval,blind,3.0,0,0.5020920332959219,0.12826218396108272,0.21377029018602642,0.06314187955158027,0.0,0.01183863399281443,1.586605810221269,1.426827617768962,0.12826218439759451,-0.206922363776776,0.6192468619246861,0.11715481171548117,1.4268276189808884,0.0,239
97,eval,blind,3.0,0,6.514758795400435e-05,3.0022564239504798e-05,5.0037607446383045e-05,0.0,0.0,0.013850033234524302,1.577285335652499,1.577223258038445,3.0022554238868496e-05,-0.19805637040555157,0.34449093444909334,0.3598326359832636,1.5772232587700472,0.0,239
98,eval,blind,3.0,0,0.20738793141458225,0.05413257083949335,0.09022094465519528,0.011981742277304997,0.0,0.011253614828115228,1.6646363430940956,1.6182697649780178,0.054132570854730236,-0.1922978651408201,0.10964717053918513,0.4476987447698745,1.618269765393209,0.0,239
99,eval,blind,3.0,0,0.06036286422683006,0.018366341279855775,0.030610567132098976,0.0011411183299379866,0.0,0.010464811081916218,1.5772947260026653,1.5461906960319773,0.018366341581610133,-0.1829422350280847,0.14917356598118642,0.7740585774058577,1.5461906840631148,0.0,239
100,train,blind,3.0,0,0.005378621699537879,0.0017434248143198673,0.002905707888606698,0.0,0.0,0.01722320741642594,1.8748601600216024,1.8726351031698443,0.0017434248899715606,-0.2226266268707604,0.2669812160598237,0.3472803347280335,1.8726351085456103,0.0,239
101,train,blind,3.0,0,0.372095166128404,0.09981066455877842,0.1663510938214812,0.07930772206025144,0.002662609436521969,0.01637707045594051,1.8156050712992458,1.7166107522643261,0.09971953545573342,-0.21918213724477392,0.38573844921214284,0.2928870292887029,1.7166107520129257,0.0,239
102,train,blind,3.0,0,0.46716103549544,0.13858564116444197,0.23097604411880307,0.12628375854202892,0.007036896367950918,0.016357355364345044,1.8080404109037072,1.6854653440758773,0.1382699956067813,-0.21404585601137968,0.3598623104543161,0.32217573221757323,1.6854653427321464,0.0,239
103,train,blind,3.0,0,0.5019918537838604,0.14415090488388868,0.24025148275669003,0.11373145709975493,0.011411183299379868,0.01558938357982956,1.6978896138059545,1.5439457712562512,0.14367829012152467,-0.22281748167377405,0.5915605804326537,0.10460251046025104,1.5439457802820076,0.0,239
104,train,blind,3.0,0,0.49941803140382607,0.1356118790398906,0.22601977818859006,0.09014834563353072,0.005325218873043938,0.01657995086350326,1.8608843966009228,1.7503597227599332,0.13547355539352693,-0.20799394724398826,0.2259710970651948,0.42677824267782427,1.7503597187115503,0.0,239
105,train,blind,3.0,0,0.4797851131429772,0.1296732132520359,0.2161220052705069,0.09509319204166844,0.010650437746087876,0.01574248671200454,1.7699565463485079,1.6988067659374062,0.12907915817189836,-0.21402357123229077,0.35202825009644206,0.28870292887029286,1.6988067641069082,0.0,239
106,train,blind,3.0,0,0.002674001892095833,0.0006965370298968238,0.0011608950390308028,0.0,0.0,0.016511354437604483,1.8354131731528118,1.835319491111085,0.0006965371011646765,-0.22712516033237626,0.3328288673254399,0.3263598326359833,1.835319486063876,0.0,239
107,train,blind,3.0,0,0.025146201497458203,0.007399021565643087,0.012331701630124165,0.0,0.0,0.016457020872073815,1.84452337151292,1.8422554122852979,0.007399021340240617,-0.23011752018224002,0.36935814119113325,0.3138075313807531,1.8422554161568816,0.0,239
108,train,blind,3.0,0,0.0030419384339404444,0.0008466455443210853,0.0014110758423169093,0.0,0.0,0.016601296328787523,1.84996428399904,1.8498624867475182,0.0008466455510186195,-0.23325256895335153,0.3873111961779281,0.30962343096234307,1.8498624884578847,0.0,239
109,train,blind,3.0,0,0.09046236122763525,0.024038169534627795,0.04006361319211255,0.0011411183299379866,0.0009509319416149889,0.016116690034802737,1.8535624672678226,1.8417401323757412,0.024024993952875908,-0.22607892620592904,0.3232736876465177,0.3389121338912134,1.8417401255756805,0.0,239
110,train,blind,3.0,0,0.19514420172920505,0.05015751753318651,0.08359585740558693,0.019208825033578913,0.0015214911065839823,0.016796638162331227,1.8569354467312162,1.854011749622712,0.05012527215496075,-0.2258651643337148,0.31540995281759104,0.32217573221757323,1.8540117530346176,0.0,239
111,train,blind,3.0,0,0.031455413804247795,0.008156470202201373,0.013594116179352172,0.0,0.0,0.016176479007409705,1.823886313697783,1.8233816873079562,0.008156470221867768,-0.2280130833644193,0.3788836463990029,0.3179916317991632,1.8233816841968646,0.0,239
112,train,blind,3.0,0,0.16342436824145895,0.05117915001360283,0.08529857625347265,0.03309243094472207,0.005325218748348029,0.016162570513332863,1.7811140984172102,1.7652378740669794,0.05086732364880583,-0.21565904089843088,0.27434048488085705,0.3891213389121339,1.7652378825395323,0.0,239
113,train,blind,3.0,0,0.3791192204459613,0.11606174104413927,0.19343621584674597,0.11715481221426481,0.015405097267118957,0.01642268448366655,1.8286135825153176,1.8023769758236459,0.1155762298908618,-0.21922422966149696,0.29662601264132465,0.35564853556485354,1.8023769650454748,0.0,239
114,train,blind,3.0,0,0.22391449630794566,0.06644909122191181,0.11074847611540828,0.055724610718723123,0.005895777975664976,0.01608164188409201,1.8237548906932814,1.8159310730431368,0.0662802891731121,-0.22671286577409114,0.35455058013590907,0.28451882845188287,1.815931060930055,0.0,239
115,train,blind,3.0,0,0.475447956226714,0.14994980836658306,0.24991632385276394,0.1485355653523401,0.023963484679305903,0.016689545812989315,1.7071461034120377,1.6841576682972608,0.14864862692593306,-0.21645613226696564,0.36870530282797714,0.3138075313807531,1.6841576648505687,0.0,239
116,train,blind,3.0,0,0.09659444735923473,0.02645053547326581,0.04408422281991673,0.005325218873043938,0.0003803727766459956,0.015455492742936356,1.8320294294397204,1.817020204775503,0.02644239645020534,-0.2236207418587401,0.324846434612303,0.32217573221757323,1.817020210236779,0.0,239
117,train,blind,3.0,0,0.07057711293792525,0.01691640751626867,0.02819401183514247,0.0011411183299379866,0.0009509319416149889,0.015134618845553952,1.7556942888383587,1.7471320417136826,0.01690987898411747,-0.21764839733769165,0.3284073711386094,0.34309623430962344,1.7471320485473412,0.0,239
118,train,blind,3.0,0,7.168495677855786e-07,1.9748201708223624e-07,3.2913664947205444e-07,0.0,0.0,0.01575629196858431,1.856230329768927,1.8562302499635448,1.974689721122041e-07,-0.2196503328180357,0.2376925131309534,0.38493723849372385,1.8562302557235546,0.0,239
119,train,blind,3.0,0,0.10291769171121948,0.029915957544388937,0.04985992517436465,0.01046025098367715,0.0005705591649689933,0.015451578216853251,1.830965957382234,1.8120234007615923,0.029902593377677682,-0.2099438105711764,0.17484198344164517,0.5230125523012552,1.8120233898426283,0.0,239
120,eval,blind,3.0,0,0.2905912866229464,0.06446711069419427,0.1074451749769331,0.04887790080144316,0.0007607455532919912,0.009936972924558812,1.4451906855635064,1.5079148314487985,0.06443420689230993,-0.18541473600077762,0.27107629306507613,0.5439330543933054,1.5079148299079281,0.0,239
121,eval,blind,3.0,0,0.49487416027990566,0.11837517811079151,0.19729194198240962,0.0878661104076577,0.0007607455532919912,0.010372108413553387,1.501018237119938,1.537105814432998,0.11835265317476948,-0.18210969870270544,0.12878720436808214,0.6610878661087866,1.5371058104477306,0.0,239
122,eval,blind,3.0,0,0.35386675944174084,0.11007169906052584,0.18345280896417945,0.11962723488837605,0.0,0.00999988848538329,1.3023662552175164,1.3343093542374327,0.11007169851826913,-0.18900237006686457,0.4555921540698537,0.11715481171548117,1.3343093615082682,0.0,239
123,eval,blind,3.0,0,0.28232657409398026,0.07974607062337724,0.13291010485450158,0.07341194477041396,0.0,0.009197322404300443,1.5219242226129794,1.5098018247213323,0.0797460707442373,-0.18820061127053905,0.24339001157304374,0.35564853556485354,1.5098018341276267,0.0,239
124,eval,blind,3.0,0,0.21976545920194163,0.0363279019188686,0.0605464994614636,0.006085964426335929,0.0,0.008840836629380617,1.5799868236525787,1.6175074687063944,0.036327902213910204,-0.17667320925391516,0.0021068874447312974,0.9916317991631799,1.6175074709487687,0.0,239
125,eval,blind,3.0,0,0.01843199975083282,0.003494277069651742,0.005823794681456857,0.0,0.0,0.00801200943387203,1.5363085693894072,1.5364858071674363,0.003494277073776814,-0.17449635317217418,0.061099735897207644,0.7698744769874477,1.53648581462145,0.0,239
126,eval,blind,3.0,0,0.22807283978866633,0.06282059765190641,0.10470098658411513,0.05001901906903319,0.0007607455532919912,0.008950789638300071,1.5472545875665034,1.5387347243320992,0.06279265238705216,-0.1922220852347857,0.22522923528888097,0.3054393305439331,1.538734728212107,0.0,239
127,eval,blind,3.0,0,0.4510805060552793,0.11367006267172651,0.18945008794575927,0.09262076992868878,0.0,0.010335208248019718,1.4918446655552757,1.51549090251763,0.11367006199140926,-0.17771816080743108,0.14243746105225674,0.6443514644351465,1.5154909030009993,0.0,239
128,eval,blind,3.0,0,0.44882433315462367,0.10768137115426642,0.1794689354097028,0.08216051838388004,0.0,0.009977863842395435,1.5344756649627844,1.5613900789655901,0.10768136968744554,-0.17636738586056988,0.0753434820024333,0.8786610878661087,1.5613900858060097,0.0,239
129,eval,blind,3.0,0,0.24477059851891544,0.050795962849638485,0.08465993079118113,0.031380753574511,0.0,0.00941544123749915,1.5142225677996999,1.5627365468934988,0.050795962946539625,-0.1755848950172738,0.08460191697083,0.7698744769874477,1.5627365500214754,0.0,239
130,train,blind,3.0,0,0.4909922425595826,0.1590309820748794,0.2650516069293475,0.17953594477855012,0.020159757099889812,0.016875054968801564,1.8554912795581577,1.8165115374900307,0.15848670331765655,-0.2270434683727568,0.35066322442802467,0.29707112970711297,1.8165115523082718,0.0,239
131,train,blind,3.0,0,0.006565895839070679,0.0018857724133979836,0.0031429537759862926,0.0,0.0,0.01571206497924722,1.85478748437251,1.851715338778795,0.0018857724835660706,-0.21142823667278288,0.13107213863912875,0.5523012552301255,1.851715340365336,0.0,239
132,train,blind,3.0,0,0.00036113544281525344,0.00012595382141934272,0.0002099230238158552,0.0,0.0,0.01579097857129873,1.8572445205065995,1.8571693024375948,0.00012595381657885208,-0.2135763056021355,0.165613222944301,0.5397489539748954,1.8571693010232486,0.0,239
133,train,blind,3.0,0,6.514758795400435e-05,1.9669719241319857e-05,3.278286527027863e-05,0.0,0.0,0.016378764887281915,1.8343619397494584,1.8343357531096647,1.966982688896054e-05,-0.2114301494062424,0.153387340870649,0.47280334728033474,1.8343357556150215,0.0,239
134,train,blind,3.0,0,0.029798324749413897,0.008000425117277997,0.013334041479249216,0.0,0.0,0.015352177513552884,1.8505548198851582,1.842784015204617,0.00800042522148554,-0.21295347614564486,0.1629425205495712,0.5397489539748954,1.8427840181023067,0.0,239
135,train,blind,3.0,0,0.4367288618482977,0.15188535377392823,0.253142227031725,0.18257892730345787,0.021300875242783932,0.01708952605209964,1.815101499836814,1.7683910754934016,0.15101982227024868,-0.21472437574217465,0.24517047983619694,0.48535564853556484,1.7683910821616506,0.0,239
136,train,blind,3.0,0,0.4615407718850152,0.17792414443425955,0.2965402065712175,0.22232788215122462,0.04374286894020176,0.017024080820428403,1.6679226110171075,1.6602907134648646,0.17456682371589352,-0.23215675304180836,0.43627407341464153,0.26778242677824265,1.6602907017344883,0.0,239
137,train,blind,3.0,0,0.21562707504729067,0.06689293072259377,0.11148820747724865,0.052871814395094516,0.005895777975664976,0.01601998328336487,1.8361022402551883,1.7889780402183533,0.0666560762105573,-0.20476650479241024,0.14160657586278524,0.5690376569037657,1.7889780382205105,0.0,239
138,train,blind,3.0,0,0.4260901446999406,0.14089465645368032,0.2348244018561916,0.1664130856053101,0.013693419896907887,0.01789918561392,1.8532127436234862,1.8048245143690866,0.14049439261253766,-0.22850200023072437,0.3936615329831746,0.2301255230125523,1.804824511473173,0.0,239
139,train,blind,3.0,0,0.11274788101110218,0.04167763975148857,0.06946272854826575,0.031951312677132034,0.0024724230481989714,0.016513385054963216,1.8972736242924775,1.8656802132538672,0.041604601572780134,-0.21233589456758226,0.14267485682067715,0.5355648535564853,1.8656802158407013,0.0,239
140,train,blind,3.0,0,2.149352706407653e-05,6.345778917523576e-06,1.0576298804739373e-05,0.0,0.0,0.016119270708224887,1.829012677759306,1.8290122622725355,6.3457878830864106e-06,-0.20791877930580038,0.12124988872073356,0.5690376569037657,1.8290122566407643,0.0,239
141,train,blind,3.0,0,0.39266590399484474,0.145940590606979,0.24323428538627923,0.19341955125082486,0.0443134280428228,0.017090514013894432,1.676231534161827,1.7011375999600318,0.14237944970066196,-0.22516162581082622,0.37558978011216937,0.2928870292887029,1.7011375917725844,0.0,239
142,train,blind,3.0,0,0.1712039733909204,0.05290671653097455,0.08817785452576048,0.037847090278709285,0.004754659708074945,0.016227338666673048,1.7632488042240861,1.726259204882458,0.05269969417537011,-0.21460301607948257,0.3046084453544616,0.35564853556485354,1.726259201567335,0.0,239
143,train,blind,3.0,0,0.07600188859598127,0.020356358397008254,0.033927262711380586,0.002662609436521969,0.0,0.01514035658365326,1.8120933496802423,1.7934773766346057,0.020356358601435264,-0.2064744304806047,0.1531796195732811,0.5439330543933054,1.7934773871552259,0.0,239
144,train,blind,3.0,0,0.00484126768363289,0.0013657060865713206,0.0022761766425498067,0.0,0.0,0.016126040700495742,1.802146306097757,1.8013959674156859,0.0013657060865408773,-0.20727915481206585,0.15092435977328703,0.5146443514644351,1.8013959576047869,0.0,239
145,train,blind,3.0,0,0.5013695566800022,0.20035477290017586,0.33392458094198574,0.2584632941868515,0.06276150689963017,0.01737681558944098,1.5577938387084707,1.597600619164471,0.19509942113406575,-0.22808512927679933,0.4914389151013384,0.18410041841004185,1.5976006251449453,0.0,239
146,train,blind,3.0,0,0.36126752409238416,0.13608848165317813,0.22681410329114518,0.19589197373789224,0.050399391970375094,0.01729303221198804,1.6275685481945341,1.6988538590933988,0.13200325776468688,-0.2223991462216328,0.3390605062464761,0.3138075313807531,1.698853861034309,0.0,239
147,train,blind,3.0,0,0.2905912866229464,0.10609814722769724,0.1768302232026049,0.13408139965274843,0.015785469981416996,0.017119394519822244,1.8101057148378763,1.8254964693320845,0.10555124662177641,-0.21993060644535178,0.274874625359803,0.41422594142259417,1.8254964705044145,0.0,239
148,train,blind,3.0,0,0.501946137909228,0.18815423653044086,0.31359035615827774,0.232597945063184,0.037276531799567796,0.01806956564688034,1.6805294956622263,1.7432530165716196,0.18603677692556794,-0.21944010597045147,0.3107213863912876,0.41841004184100417,1.7432530085170794,0.0,239
149,train,blind,3.0,0,0.002674004892043177,0.0006508979118681439,0.0010848297891368998,0.0,0.0,0.0157460187577397,1.7991847418342175,1.7989382549309831,0.0006508978714698353,-0.20995547487845245,0.18211222884952075,0.5230125523012552,1.7989382434595516,0.0,239
150,eval,blind,3.0,0,0.38597856810663256,0.12092336838258573,0.20153892342628088,0.13179916218234905,0.0,0.011535413524284024,1.3576296363415579,1.4915068408934142,0.12092336778440459,-0.1817457370084183,0.20846315914418828,0.6736401673640168,1.4915068399486076,0.0,239
151,eval,blind,3.0,0,0.019673136295750737,0.003964736286495232,0.006607893343631784,0.0,0.0,0.008945280442474153,1.5335114989819387,1.5328874119156075,0.003964736334032503,-0.16992629546158838,0.03937802308673848,0.7824267782426778,1.5328874081965789,0.0,239
152,eval,blind,3.0,0,0.03145542497177721,0.006178249463971259,0.01029708172387914,0.0,0.0,0.008755125812640624,1.5486717495958178,1.5480998003831967,0.00617824946689382,-0.17267316993571097,0.03371019911570076,0.8619246861924686,1.5480998003311164,0.0,239
153,eval,blind,3.0,0,0.5012103088587818,0.1488152400823797,0.2480253704662082,0.15329022368876005,0.0,0.01304840470496643,1.1560188095439927,1.2996683075837012,0.14881523909336702,-0.18542616739280077,0.47173506632244294,0.26778242677824265,1.2996682967286783,0.0,239
154,eval,blind,3.0,0,0.2905912866229464,0.08586546650274986,0.14310909538505093,0.10365157876802787,0.013693419959255842,0.011222812101619014,1.3310113105315045,1.4636695669285922,0.08524751418515118,-0.1830128197942396,0.2500074186177632,0.5606694560669456,1.4636695562121345,0.0,239
155,eval,blind,3.0,0,0.33479187858415665,0.0993758126368368,0.1656263335322692,0.10422213618725414,0.0,0.010235163665700034,1.5165741194242215,1.546250221868938,0.09937581262910418,-0.18212234929061905,0.18626665479687832,0.5188284518828452,1.5462502229320236,0.0,239
156,eval,blind,3.0,0,0.1229728398538705,0.025073201825613813,0.04178866694132636,0.007607455158832183,0.0,0.009010447676305242,1.5526644230886484,1.5665079816614733,0.02507320276084836,-0.17422025493290624,0.02005994243152616,0.9121338912133892,1.5665079775082584,0.0,239
157,eval,blind,3.0,0,0.39917434158470244,0.13325130611767205,0.22208548231756292,0.1456827682181881,0.0,0.010595474530510199,1.461064195034394,1.4687012773178612,0.13325130556054376,-0.17311159022497977,0.13300097925754473,0.799163179916318,1.4687012820607566,0.0,239
158,eval,blind,3.0,0,0.1751345835546242,0.03344765904449145,0.05574609351667228,0.018828451820497232,0.0032331686014909623,0.01003596820248969,1.383443541357208,1.4368220123785809,0.03336752659854188,-0.17745941563127948,0.23246980622570404,0.6234309623430963,1.4368220152080584,0.0,239
159,eval,blind,3.0,0,0.17513455355801244,0.05337784558500343,0.08896306511667405,0.04374286850376608,0.0,0.00941354981097529,1.5164020996712242,1.5135984021749456,0.05337784579585399,-0.1857263199671399,0.20867088044155613,0.3263598326359833,1.5135983965562858,0.0,239
160,train,blind,3.0,0,0.00595315217983492,0.0018378524021511614,0.003063087205126858,0.0,0.0,0.01623119427101632,1.7751099414905245,1.7744088357462544,0.00183785246882207,-0.2058176831792984,0.16457461645746163,0.5313807531380753,1.7744088427949682,0.0,239
161,train,blind,3.0,0,0.4934485925616751,0.17254051482083607,0.28756748934372267,0.2139596809403168,0.029478889878324883,0.018060733036188777,1.7267715990792758,1.7390218479363988,0.17146700047502145,-0.21439068708243586,0.3005727172913143,0.3723849372384937,1.7390218464148108,0.0,239
162,train,blind,3.0,0,0.26150266818706364,0.10792875583825723,0.1798812398218269,0.14397109122206475,0.0443134280428228,0.01688244591260555,1.6452392210022675,1.7061502137942295,0.10426838902372636,-0.23077695209032367,0.42651117243835135,0.2175732217573222,1.7061502206465025,0.0,239
163,train,blind,3.0,0,0.5020268857079679,0.17862420896284423,0.297706977810232,0.22289843994453862,0.029669076204299927,0.0174906895745343,1.7681475792968622,1.785076597495059,0.17777215937571952,-0.23228008865328836,0.41921125255942315,0.27615062761506276,1.7850765925008514,0.0,239
164,train,blind,3.0,0,0.4367288618482977,0.15512018637119776,0.25853361381602885,0.19817421033542026,0.0264359074157651,0.0172904779312345,1.6853914555146605,1.7096055588961645,0.15362002596262284,-0.21280302326611347,0.31110715451497073,0.3807531380753138,1.7096055580228187,0.0,239
165,train,blind,3.0,0,0.41462237339922975,0.16933293103066416,0.2822215100894324,0.251426397195421,0.05116013796010277,0.01825847595766436,1.6551254808154565,1.7399718714059647,0.16636860166393158,-0.2275535221455394,0.37558978011216954,0.3472803347280335,1.7399718679437104,0.0,239
166,train,blind,3.0,0,0.0043400218550171355,0.0008771987221236379,0.0014619978319692316,0.0,0.0,0.015860971267954698,1.7554948798782157,1.7555497919665222,0.0008771986936743393,-0.2088735056681484,0.22555565447045908,0.4351464435146444,1.7555497908260047,0.0,239
167,train,blind,3.0,0,0.025146201497458203,0.0061593519358554265,0.010265586059656195,0.0,0.0,0.01569793117135202,1.7424491399501656,1.7408762097857486,0.0061593520487393215,-0.209473546796418,0.248553369536188,0.39330543933054396,1.7408762119343582,0.0,239
168,train,blind,3.0,0,0.19920827428452043,0.06338969137568977,0.1056494756327639,0.06409281093206366,0.008938760064137031,0.01625921778871861,1.7353353365694628,1.7397986735260138,0.06306180342544698,-0.22310272328761707,0.4036915041989376,0.24686192468619247,1.7397986660564022,0.0,239
169,train,blind,3.0,0,0.1229728398538705,0.045367726240070155,0.07561286674525294,0.04526435898687051,0.011030810273342052,0.01649900625175387,1.6778376182252892,1.7047944677424731,0.04459522047801866,-0.20927324035273812,0.27894002789400274,0.37656903765690375,1.704794474238332,0.0,239
170,train,blind,3.0,0,0.2698529591997837,0.0855840396868025,0.14264005005719368,0.10232027342628734,0.016546215472361035,0.016612572291530826,1.717487328720891,1.72762083159331,0.08494886379754979,-0.2253012027304937,0.44090329089883973,0.2175732217573222,1.7276208422327761,0.0,239
171,train,blind,3.0,0,0.00027498420791614755,4.653420867090294e-05,7.755701118645698e-05,0.0,0.0,0.01607966349775821,1.7727237939834595,1.772706120582804,4.6534289094589256e-05,-0.2174621680438439,0.3019674174307842,0.30962343096234307,1.772706126363415,0.0,239
172,train,blind,3.0,0,0.002674001892095833,0.0006902136112908905,0.0011503559990046121,0.0,0.0,0.01526620249930286,1.741267112009695,1.7410881304840662,0.0006902137071265163,-0.2178391227824774,0.34891243063592386,0.28451882845188287,1.741088131554788,0.0,239
173,train,blind,3.0,0,0.4653420398303694,0.16087773843269532,0.26812953449810883,0.18257892786458946,0.03423354939935597,0.017510248435793685,1.6921086894917188,1.719237005984933,0.15945397139162634,-0.2175695332276709,0.381673046677943,0.2803347280334728,1.719237024920088,0.0,239
174,train,blind,3.0,0,0.0017479297706943053,0.00038730164179549197,0.0006455027257467603,0.0,0.0,0.015253623904636963,1.7513573483941944,1.751242237111016,0.00038730164097352187,-0.2142970207240203,0.2913142823229176,0.3263598326359833,1.751242242302402,0.0,239
175,train,blind,3.0,0,0.15576158431569304,0.04093335872983585,0.068222258862155,0.01977938376211222,0.006276150814658927,0.01569582410663304,1.6699939856469381,1.6616662800561435,0.040619392040821656,-0.2147955371471826,0.3912282263568652,0.2594142259414226,1.6616662708996328,0.0,239
176,train,blind,3.0,0,0.09973252267304225,0.028706922693600367,0.04784486799746378,0.012932673907180212,0.0043742868067330395,0.016368759408297025,1.6918969024674164,1.7020410825517887,0.02845000568634239,-0.21460678245269496,0.34368972373067447,0.25523012552301255,1.702041087576331,0.0,239
177,train,blind,3.0,0,0.228072871281629,0.08501171702752865,0.1416861802301591,0.09547356388309511,0.02073031595311903,0.017229906785999383,1.69347364608214,1.717811357526101,0.08332053971363665,-0.21289900176426835,0.2753790913676964,0.38493723849372385,1.7178113590773467,0.0,239
178,train,blind,3.0,0,1.0033076722564557e-05,1.643472216269839e-06,2.7391202158438798e-06,0.0,0.0,0.015271076159045162,1.696635757031301,1.6966377007911395,1.64345215411056e-06,-0.20830619831212216,0.285171666815039,0.3682008368200837,1.6966377061802251,0.0,239
179,train,blind,3.0,0,0.16342433874363083,0.05768654402287576,0.09614423025257215,0.05477367865241222,0.007417269082248959,0.016032737471303557,1.7061202356506093,1.711445032552695,0.05745970283248452,-0.2144072097992818,0.3391198551885812,0.3179916317991632,1.7114450316030412,0.0,239
180,eval,blind,3.0,0,0.034930997800481874,0.004701041687668336,0.007835069033378763,0.0,0.0,0.010189609722892859,1.4203196217824225,1.430855834833249,0.00470104172748061,-0.17184279819086576,0.12935101931808066,0.5397489539748954,1.4308558399046922,0.0,239
181,eval,blind,3.0,0,0.4288286743681341,0.13986574394348053,0.23310954779652351,0.1249524546966393,0.0,0.01170298614769114,1.3209163376975759,1.4061660015932187,0.13986574341579094,-0.1877245846190205,0.38597584498056325,0.13807531380753138,1.4061660072882938,0.0,239
182,eval,blind,3.0,0,0.4671610229562556,0.1369188169685848,0.22819800331642331,0.176492962752426,0.03157093952639831,0.012724697683396199,1.2298793921161397,1.393377994144312,0.13445885437268698,-0.19069742706325385,0.3965102822042198,0.27615062761506276,1.3933779985118628,0.0,239
183,eval,blind,3.0,0,0.02819465429997744,0.004146334955598584,0.006910557987558227,0.0,0.0,0.010005538540826059,1.4225616692000354,1.4307139029562723,0.004146334987000887,-0.17447697934507284,0.15703730081011305,0.49372384937238495,1.4307139013343255,0.0,239
184,eval,blind,3.0,0,0.17909066453400735,0.03099499044878654,0.05165831243801861,0.021491061257019203,0.0030429822131679647,0.01062350137798295,1.3609076419136015,1.4448015629995816,0.030892794705555598,-0.1710703335643519,0.12757055105492746,0.7405857740585774,1.4448015636755325,0.0,239
185,eval,blind,3.0,0,0.5013695556751894,0.14217945592911643,0.23696573753086225,0.11924686335868916,0.0,0.011894041159926722,1.335804643491322,1.468903230323951,0.14217945497706957,-0.18477271957252603,0.2917297249176534,0.4393305439330544,1.4689032248735483,0.0,239
186,eval,blind,3.0,0,0.46716103549544,0.14195452688104962,0.23659085059957627,0.16108786561000296,0.015595283842485819,0.012311194890868465,1.2550947556435812,1.4243244077371253,0.14142836164971553,-0.17459664871738906,0.192201549007389,0.6778242677824268,1.424324400063696,0.0,239
187,eval,blind,3.0,0,0.4918546215835647,0.1380482393859851,0.23008037589756306,0.1186763041313722,0.0,0.011301502916634582,1.337713428371621,1.4579474140410642,0.13804823975762215,-0.18647519370937313,0.31778391050179544,0.3723849372384937,1.4579474066213585,0.0,239
188,eval,blind,3.0,0,0.3308880299083897,0.10442987219814397,0.1740497670650245,0.09718524281200505,0.0007607455532919912,0.010962849395217132,1.36349311757786,1.4231379398740984,0.1044003694010392,-0.19442655697602154,0.41523487343838095,0.14225941422594143,1.4231379381607343,0.0,239
189,eval,blind,3.0,0,0.04055126141090673,0.0064805554289880515,0.01080092524716747,0.0,0.0,0.010015594804168495,1.428059443519704,1.44298257912552,0.0064805554790368985,-0.1804358302910345,0.20846315914418825,0.3472803347280335,1.442982581814073,0.0,239
190,train,blind,3.0,0,0.11952208523755692,0.0373475697523489,0.06224594412942755,0.020920502029702255,0.0024724230481989714,0.015779980179701763,1.7200929165884042,1.7215119261123146,0.03725421945449982,-0.21826721694930062,0.36098994035431325,0.301255230125523,1.721511923778602,0.0,239
191,train,blind,3.0,0,0.3756273159996906,0.12959758859862297,0.21599595039413422,0.17820464112020437,0.024914416496224983,0.017324578414464595,1.7126547143050317,1.7289057102163465,0.12865477153586863,-0.21357799426441787,0.28929641829134395,0.3389121338912134,1.7289057105532983,0.0,239
192,train,blind,3.0,0,0.06794362143753681,0.018663871829699304,0.031106452448032364,0.0005705591649689933,0.0,0.016130025038752844,1.736083741966152,1.7353990671524941,0.01866387161536299,-0.20510438467200282,0.20629692275735184,0.42677824267782427,1.7353990640239314,0.0,239
193,train,blind,3.0,0,0.4595581971330663,0.18317279936354872,0.30528795442432016,0.26873335834576995,0.07265119921712197,0.0169439339137414,1.4938141262182132,1.581315619676183,0.17633676702218706,-0.22979491324380188,0.5217958989881006,0.18828451882845187,1.5813156176020176,0.0,239
194,train,blind,3.0,0,0.0007224776207325224,0.0001854886214159211,0.0003091476947515711,0.0,0.0,0.015297270830034836,1.7132822888665618,1.7132050018430256,0.00018548859654751994,-0.2072541350473267,0.25490370634143444,0.401673640167364,1.7132049955950988,0.0,239
195,train,blind,3.0,0,0.49775201144090475,0.15980868311970153,0.26634777991411396,0.16317991669207937,0.024914416683268846,0.01715523160791422,1.7114348875428842,1.727833908721493,0.1589518006320527,-0.22198410132660132,0.38642096204635157,0.26359832635983266,1.7278339125185809,0.0,239
196,train,blind,3.0,0,0.45752091049933935,0.1776730241994963,0.296121668719424,0.25580068468798156,0.06941803086502282,0.017186820228432136,1.5587160322955462,1.675996664428312,0.17162007687960543,-0.23401167038304105,0.4713789726698123,0.20502092050209206,1.6759966667244373,0.0,239
197,train,blind,3.0,0,0.21150074667297547,0.07885674950448751,0.13142790221528805,0.09414225978831367,0.027767212383417905,0.01632591816070626,1.6363928447707428,1.6712700223324188,0.07676268049298296,-0.22088332539977823,0.4216445591857325,0.21338912133891214,1.6712700107679124,0.0,239
198,train,blind,3.0,0,0.2364117139628913,0.08291474507543065,0.13819122472720424,0.10041841047827668,0.01882845213223701,0.017066710188236696,1.6985148433362092,1.749797378125051,0.08216184067257083,-0.21472103657354089,0.296536989228167,0.36401673640167365,1.74979738462379,0.0,239
199,train,blind,3.0,0,0.0760018663305159,0.021041803206735418,0.03506967090850206,0.0038037277664599556,0.0015214911065839823,0.015578643305842847,1.7156684261485622,1.7194329081220108,0.02100267300636032,-0.21094568532469699,0.2873675776729279,0.33472803347280333,1.719432915919389,0.0,239
200,train,blind,3.0,0,0.4689258159280493,0.17576859119099142,0.2929476166095639,0.2145302407911133,0.031380753574511,0.01757779011549623,1.705808666211292,1.7704487941753915,0.174606376351145,-0.22392745963890384,0.38084216148847144,0.28870292887029286,1.770448785344362,0.0,239
201,train,blind,3.0,0,0.11952211124389958,0.03522706596918226,0.05871177136029918,0.0216812476453422,0.003993914154782953,0.01626271340473863,1.7092963581803453,1.7224670942857176,0.03510924103486645,-0.20935618875343714,0.26487432861509247,0.33472803347280333,1.7224670941266331,0.0,239
202,train,blind,3.0,0,2.149352706407653e-05,3.177066786954117e-06,5.295111108634613e-06,0.0,0.0,0.016048551979377306,1.7042081645343095,1.7042108055936742,3.177083150247915e-06,-0.21228180878321365,0.32045461289652516,0.301255230125523,1.7042108119708637,0.0,239
203,train,blind,3.0,0,0.029798324749413897,0.007591366569282385,0.012652277074628264,0.0,0.0,0.015843454986093682,1.7201008048516437,1.7187594943465547,0.0075913668432876415,-0.2153659896013415,0.3516424819727588,0.28451882845188287,1.7187594933098131,0.0,239
204,train,blind,3.0,0,0.16342433874363083,0.052915858199990895,0.08819308897018421,0.042031191008859096,0.006085964426335929,0.01631446803674476,1.7246546256492328,1.7404260869804287,0.052729028356084374,-0.21847321965804983,0.36363096827799046,0.2719665271966527,1.74042609332131,0.0,239
205,train,blind,3.0,0,0.4934485877536371,0.18285445637237324,0.3047573919117959,0.2268923544734093,0.056485356583754885,0.01700037612996715,1.655615920801043,1.6909415903949339,0.17867759308052225,-0.22271601018268344,0.4045520638594618,0.2928870292887029,1.690941587156373,0.0,239
206,train,blind,3.0,0,0.22807283978866633,0.0664059775463939,0.11067661905355453,0.059718524624114255,0.00950931941614989,0.01613282985112408,1.6863077891421618,1.7108683436485514,0.06592022760754289,-0.22271536596537084,0.4248197275883558,0.23430962343096234,1.7108683423406386,0.0,239
207,train,blind,3.0,0,0.21562707504729067,0.07920059228029355,0.1320009730063484,0.08767592302176742,0.013693419834559932,0.01594338418572954,1.7155856008808983,1.7411383275706398,0.07865345290223992,-0.21391701341203637,0.30644826255971985,0.34309623430962344,1.7411383298494458,0.0,239
208,train,blind,3.0,0,0.2781775054950136,0.11317774413172892,0.1886295501912835,0.15652339278903465,0.03860783633078491,0.017099175980182124,1.7114486873898047,1.7617975119267548,0.11065010345002946,-0.22769803930113872,0.39719279503842847,0.27615062761506276,1.761797522267574,0.0,239
209,train,blind,3.0,0,0.4634686815016611,0.19266279723344734,0.32110461454695916,0.2805249147335356,0.08197033230729682,0.017270483998153126,1.5595226178109396,1.6450009630314975,0.18531335112584582,-0.22719787602277597,0.4116145879699695,0.26359832635983266,1.645000959768712,0.0,239
210,eval,blind,3.0,0,0.4341484118583851,0.14486359117366812,0.2414392941044825,0.15195892221259272,0.015405097454162821,0.012014895268408075,1.341747231313873,1.4702862920122666,0.14449011926113584,-0.2096745474190959,0.65880293183774,0.18828451882845187,1.4702862932524792,0.0,239
211,eval,blind,3.0,0,0.502052641987655,0.16233786523617752,0.270563068307733,0.25351845083376356,0.050399390723415996,0.013855298877806718,1.4504071316958471,1.6395255392066603,0.15677689463911337,-0.20969737373119357,0.2853200391703019,0.502092050209205,1.6395255491878629,0.0,239
212,eval,blind,3.0,0,0.06794360041903054,0.007447108395300731,0.01241184695350647,0.0,0.0,0.010452014744811727,1.4764837575258072,1.501574975177334,0.007447108221884066,-0.18897763470405585,0.28526069022819667,0.3138075313807531,1.5015749751436385,0.0,239
213,eval,blind,3.0,0,0.00020369909520827966,1.4273876944244118e-05,2.3789793806039498e-05,0.0,0.0,0.009718936648819922,1.3646774296980024,1.3646908786506333,1.4273917780175687e-05,-0.17079782149668823,0.16579126977061634,0.502092050209205,1.364690873203514,0.0,239
214,eval,blind,3.0,0,0.15197705929011698,0.019605275943512003,0.032675457771448126,0.003233168539143008,0.0007607455532919912,0.010329258244359967,1.3511864999348149,1.4494481460818687,0.01957467229495633,-0.17474079165307432,0.1260274785601947,0.5899581589958159,1.4494481482525452,0.0,239
215,eval,blind,3.0,0,0.26150266818706364,0.08159874313109315,0.1359978964357811,0.08672499120484835,0.010079878518770928,0.01134081041853423,1.4073562235512993,1.4859536028307352,0.08115406951601548,-0.19653506495134446,0.40381020208314783,0.09623430962343096,1.4859536033079028,0.0,239
216,eval,blind,3.0,0,0.33479187858415665,0.10289871032153497,0.17149783318726117,0.14701407518097545,0.01901863883229978,0.011766591403539833,1.3584237435372803,1.4734849887412962,0.10198274016271536,-0.1750721988957867,0.13190302382860025,0.7698744769874477,1.4734849883917842,0.0,239
217,eval,blind,3.0,0,0.05326771741892722,0.005216380277640714,0.008693966552969282,0.0,0.0,0.009756602192975613,1.3556621251744705,1.3844510493916946,0.0052163804281906275,-0.16356689230245106,0.05721238018932312,0.8158995815899581,1.384451047861632,0.0,239
218,eval,blind,3.0,0,0.05101152724064263,0.004310431363634075,0.007184051978587544,0.0,0.0,0.009903278330411124,1.386997445856677,1.4123198911235921,0.004310431497721754,-0.16890034404346332,0.07000207721297368,0.7405857740585774,1.4123198899958354,0.0,239
219,eval,blind,3.0,0,0.0030419384339404444,0.00030351390955253907,0.0005058564967162265,0.0,0.0,0.009770854132709767,1.3883988395894422,1.3890920964743803,0.00030351383771006846,-0.17070182367721398,0.1500044511706579,0.5397489539748954,1.3890920928193802,0.0,239
220,train,blind,3.0,0,0.0034414877965033177,0.0008516270355589977,0.0014193783607114707,0.0,0.0,0.01588437778906406,1.7172125273668617,1.7167306569829646,0.0008516270066758814,-0.21464395479818682,0.34520312175435475,0.28451882845188287,1.7167306476459645,0.0,239
221,train,blind,3.0,0,0.026644067398029395,0.0060084388892068415,0.010014064275462592,0.0,0.0,0.015787348501914215,1.7406693143325869,1.7419741602622316,0.006008438768651226,-0.22147167274062812,0.3761832695332205,0.2594142259414226,1.7419741595324025,0.0,239
222,train,blind,3.0,0,0.09659444735923473,0.02788054406310838,0.046467568503902684,0.017116774450286164,0.0034233549274660055,0.01568440058771287,1.723512311360826,1.7279853075119243,0.027730145172628687,-0.21695619982080508,0.35754770171221695,0.28451882845188287,1.727985322051583,0.0,239
223,train,blind,3.0,0,0.10942612930107716,0.02771683170385396,0.046194716086921064,0.009889691943404066,0.0020920502715529757,0.015581864686332113,1.6998657796173415,1.702594491228399,0.027622785433107856,-0.2095567845386393,0.2988812724413188,0.3054393305439331,1.7025944937149926,0.0,239
224,train,blind,3.0,0,0.5020705397838968,0.15969937291436767,0.26616559862350375,0.15348041113699828,0.023963484741653857,0.017393376399610954,1.755461725230995,1.7902300048572748,0.15894528794046417,-0.23108489412689978,0.4238701445146741,0.2301255230125523,1.7902299997704236,0.0,239
225,train,blind,3.0,0,0.5013695566800022,0.15598001459280209,0.2599666613286785,0.1696462547055847,0.03004944898094592,0.01714698236170673,1.742354484282777,1.7652272033392136,0.15483968719763272,-0.22410219782362611,0.38280067657794,0.24686192468619247,1.7652271956789873,0.0,239
226,train,blind,3.0,0,0.30288375901140147,0.10453800400259504,0.17422998430229047,0.13408139990214024,0.02681628037945496,0.016961078521908576,1.718300315625498,1.7341625645569678,0.10324033317662104,-0.2158307694972776,0.3221757322175733,0.3138075313807531,1.7341625695874097,0.0,239
227,train,blind,3.0,0,0.42329977726598883,0.16238249660254114,0.27063746344405043,0.21091669922593248,0.031190567373231864,0.01723487557897882,1.7247898957719363,1.7878227216429292,0.16138029511419816,-0.22978494202883548,0.4053829490489332,0.27615062761506276,1.787822734710541,0.0,239
228,train,blind,3.0,0,0.4836600335450891,0.16443731265891953,0.2740621591904349,0.1742107272771612,0.027386839606771907,0.017560861028621762,1.7244532467431104,1.7556417564467905,0.1633543851587328,-0.22771591826067444,0.42526484465414405,0.21338912133891214,1.7556417620118763,0.0,239
229,train,blind,3.0,0,0.02230692015294469,0.005202694384036069,0.00867115682240373,0.0,0.0,0.01547625505416089,1.7497464927170565,1.7464716334722032,0.005202694535278569,-0.20876966644919653,0.22585239918098457,0.38493723849372385,1.74647163705184,0.0,239
230,train,blind,3.0,0,7.168495677855786e-07,2.0021019675418206e-07,3.3368360544418504e-07,0.0,0.0,0.015350575613395688,1.702155825982034,1.7021556534028952,2.0021156670436045e-07,-0.20811023173668686,0.2774266298703225,0.34309623430962344,1.70215564360642,0.0,239
231,train,blind,3.0,0,0.12646471729623124,0.039962124243677226,0.06660353365452207,0.0294788894418892,0.0034233549898139604,0.015450541728865902,1.7392126167169675,1.752601266904855,0.03985818194231032,-0.22383857684199013,0.4029496424226239,0.19665271966527198,1.7526012698520264,0.0,239
232,train,blind,3.0,0,0.5012103088587818,0.17095563782779483,0.284926030225997,0.19341955193665236,0.029669076079604017,0.017473907932779406,1.7356922636471035,1.7853671327295662,0.17002774474936075,-0.22487530330121575,0.35733998041484916,0.3054393305439331,1.7853671321766145,0.0,239
233,train,blind,3.0,0,0.31099300983821715,0.09645330272096202,0.16075548495023043,0.10954735655664899,0.017877520128274062,0.016951352110420936,1.7316156575869317,1.751732211232684,0.09592663079314981,-0.21525049380244266,0.2781388171755838,0.35564853556485354,1.7517322112082379,0.0,239
234,train,blind,3.0,0,0.45752092677940104,0.16446422330577795,0.27410700674340377,0.20958539344775626,0.04031951376334394,0.01717422695082289,1.7129065845800744,1.754489016832168,0.16278790636690596,-0.21641515662349134,0.2985845277307932,0.38493723849372385,1.7544890214425632,0.0,239
235,train,blind,3.0,0,0.0760018663305159,0.0191504496244428,0.03191741316443627,0.004944845847006123,0.0003803727766459956,0.01570006168474712,1.7492560921353775,1.7586896943247967,0.01914700569035646,-0.21786893796189397,0.33128579483070714,0.2803347280334728,1.7586896975584465,0.0,239
236,train,blind,3.0,0,0.4870875290074779,0.15985443780889635,0.2664240396642903,0.1397869919259179,0.03366299035908288,0.0165183289116833,1.6911232680955193,1.6913450215650903,0.15798049355025912,-0.21528848606209622,0.35820054007537316,0.28870292887029286,1.6913450239565408,0.0,239
237,train,blind,3.0,0,0.08746965989669216,0.0187791282460924,0.03129854500652659,0.0003803727766459956,0.0009509319416149889,0.015253284860355584,1.7059025988917969,1.7082908452804118,0.01876543033034536,-0.20306911680488338,0.2076025994836642,0.3891213389121339,1.7082908387612052,0.0,239
238,train,blind,3.0,0,0.1476909986184676,0.04149787018022423,0.06916311241684296,0.020328917695050262,0.003197807238329595,0.016131360263998935,1.7088815111610758,1.7287866661896059,0.041387021525379944,-1.2101812220953636,0.21112655475961367,0.4271356783919598,1.7287866656674473,0.005025125628140704,199
239,train,blind,3.0,0,0.002028211354079294,0.0005367078929225024,0.0008945131175168624,0.0,0.0,0.01600016501954285,1.7239209159148787,1.7233345144463383,0.0005367079692515599,-0.2125104127116347,0.3218493130359951,0.3179916317991632,1.7233345155719062,0.0,239
240,eval,blind,3.0,0,0.18307093769721308,0.05481101525623991,0.09135168535107688,0.05039939103515577,0.011411183049988049,0.011254725097113573,1.5229562338924807,1.5724137792028643,0.05393026507117154,-0.19705005119744348,0.24816760141250482,0.34309623430962344,1.5724137906851285,0.0,239
241,eval,blind,3.0,0,0.034930997800481874,0.0026626665739435543,0.004437777395278279,0.0,0.0,0.010197661698223033,1.5075570571871482,1.5205478817847982,0.0026626664662312218,-0.18239212241327404,0.17309118964954448,0.47280334728033474,1.5205478872539022,0.0,239
242,eval,blind,3.0,0,0.44414846890925763,0.14652345319047536,0.244205728867775,0.15462152921754446,0.012742488017640852,0.012623647344785754,1.4777952637133738,1.5869214938774268,0.1463040015003183,-0.20140177228696693,0.322858245051782,0.18410041841004185,1.5869214867501997,0.0,239
243,eval,blind,3.0,0,0.0038738029971952595,0.000606102794046827,0.0010101713119012598,0.0,0.0,0.009912210752384807,1.4059031573299583,1.4071497378488964,0.0006061027840461907,-0.1706546528254357,0.15751209234695393,0.6234309623430963,1.4071497479373676,0.0,239
244,eval,blind,3.0,0,0.015004510717528821,0.002079672691746903,0.0034661209762843364,0.0,0.0,0.009785057466368046,1.4081114562984292,1.4138761571760456,0.002079672653296968,-0.1615335509161967,0.0616338763761536,0.803347280334728,1.4138761658777832,0.0,239
245,eval,blind,3.0,0,0.1445073664815396,0.03604747658286687,0.060079124891752024,0.019018638395864096,0.006466337078286016,0.010890609639303205,1.5342955891058534,1.5821060560737195,0.03560724918474133,-0.1981608566110584,0.255734591530906,0.2928870292887029,1.5821060628374,0.0,239
246,eval,blind,3.0,0,0.47839141184577105,0.14760498047149537,0.24600827586420954,0.15690376643855203,0.018448079667330787,0.012605294731355986,1.4443435067911028,1.5810615350511783,0.14679757899847798,-0.19324667566603823,0.19490192587317132,0.46443514644351463,1.5810615385088098,0.0,239
247,eval,blind,3.0,0,0.27817753698797626,0.07174800203062495,0.11957998804327453,0.10136934241989168,0.02168124727125447,0.011794483969104963,1.4953760572058385,1.6009738914138603,0.069774088280359,-0.1904682888833866,0.1639811270364106,0.7322175732217573,1.6009738964460802,0.0,239
248,eval,blind,3.0,0,0.002674001892095833,0.00035503632424171056,0.0005917271679422183,0.0,0.0,0.01018220109857276,1.4402946587885772,1.4404800506815252,0.0003550362570913193,-0.1706433436415735,0.11854951185495116,0.5941422594142259,1.4404800514525495,0.0,239
249,eval,blind,3.0,0,6.514794980351147e-05,1.08324598902023e-05,1.805409955062463e-05,0.0,0.0,0.009822380025656777,1.412765873276539,1.4127847776752136,1.0832424142113477e-05,-0.16961333715040697,0.11819341820232053,0.6359832635983264,1.4127847848373452,0.0,239
250,train,blind,3.0,0,0.3791192204459613,0.10826938688537914,0.1804489624009723,0.09071890504789153,0.012362115178646901,0.016687932324880212,1.7766655768310675,1.8079710108964513,0.10788575580004953,-0.219777250681474,0.30451942194130394,0.3723849372384937,1.8079710096491493,0.0,239
251,train,blind,3.0,0,0.5003441035252276,0.15979165462934106,0.2663193986102148,0.16717383065981845,0.04108025950367979,0.016551163992513298,1.6924981305289968,1.7114681930721554,0.1573672211578539,-0.21552925094403938,0.34502507492803935,0.30962343096234307,1.711468180668458,0.0,239
252,train,blind,3.0,0,0.4417291690690918,0.14576374949175264,0.2429395541793341,0.16983643922346905,0.03898820923212682,0.016750129436583074,1.6802822181869252,1.7118482716911507,0.14321945936619204,-0.21382808366626863,0.30748686904655925,0.39748953974895396,1.7118482813500615,0.0,239
253,train,blind,3.0,0,0.03316622928357742,0.006166578421159015,0.01027763000453572,0.0,0.0,0.01579751725850245,1.7278946194189861,1.73017722592693,0.006166578166896261,-0.2076862514574723,0.24982937179144785,0.36401673640167365,1.7301772241021263,0.0,239
254,train,blind,3.0,0,0.4859937123801958,0.16343533540253002,0.2723921967751788,0.18086725012029065,0.041080259566027746,0.016956815176553806,1.7040261314503817,1.7220350651062681,0.16091991924721502,-0.22147719367630558,0.37434345232796234,0.29707112970711297,1.7220350598388845,0.0,239
255,train,blind,3.0,0,0.00595315217983492,0.001952318897972599,0.0032538646535072856,0.0,0.0,0.015541311390464151,1.7178375940442585,1.7149474326536744,0.0019523189835412092,-0.2053239080003721,0.23442832131517252,0.39748953974895396,1.7149474332877228,0.0,239
256,train,blind,3.0,0,0.06283616020874398,0.016270590185055753,0.027117648822811695,0.0001901863883229978,0.0,0.015291328518554007,1.6947795681374842,1.7027108873782297,0.016270590238164157,-0.20121674714686483,0.19543606635211724,0.4100418410041841,1.7027108690671928,0.0,239
257,train,blind,3.0,0,0.40235948536471244,0.15428564928704447,0.25714271547844286,0.2004564485539951,0.0353746677916419,0.017016458866735883,1.6773811982765356,1.7050315857432377,0.15267696641247647,-0.22445382175827147,0.46399002937772643,0.18410041841004185,1.7050315796276123,0.0,239
258,train,blind,3.0,0,0.4909922425595826,0.16758292086220636,0.2793048394978313,0.18942563784421737,0.04792696917156794,0.01605597940550252,1.6300381102821317,1.6696395200665526,0.16439121030561027,-0.21727568876828265,0.40268257218315084,0.301255230125523,1.6696395203699963,0.0,239
259,train,blind,3.0,0,0.06283616020874398,0.014669970154127403,0.024449949152037017,0.0011411183299379866,0.0001901863883229978,0.015314719639718533,1.696569579914524,1.7037661968414755,0.014657894204448978,-0.2083845877297426,0.2671889373571916,0.37656903765690375,1.7037661979767498,0.0,239
260,train,blind,3.0,0,0.3649142709313249,0.12002717137499176,0.20004526527976485,0.14073792311935743,0.018638265868609918,0.017251055379822914,1.717100034697784,1.7422466285557927,0.11946108042616002,-0.21316272834960148,0.28128431110715457,0.3682008368200837,1.7422466261400695,0.0,239
261,train,blind,3.0,0,0.382569948058365,0.13231552463102728,0.22052584852561222,0.1570939525774832,0.027196653156100956,0.016634844077914705,1.7000442099870499,1.7058287078366619,0.1309923158944124,-0.20867536308011805,0.2634499540045699,0.3891213389121339,1.7058287198577209,0.0,239
262,train,blind,3.0,0,0.0043400218550171355,0.0009949183669168368,0.0016581971807278465,0.0,0.0,0.015509530545356509,1.6989160087816886,1.6989706849453339,0.0009949184018886205,-0.21421290263681633,0.34719131131487585,0.2719665271966527,1.6989706829344273,0.0,239
263,train,blind,3.0,0,0.0034414851706437025,0.000734755139529781,0.0012245918397756858,0.0,0.0,0.015462853254119098,1.708872856455368,1.7087092594122786,0.0007347551246810433,-0.20484353344280853,0.23178729339149529,0.3891213389121339,1.7087092579809928,0.0,239
264,train,blind,3.0,0,0.0030419384339404444,0.0006741847231347933,0.00112364113668275,0.0,0.0,0.0156790392520101,1.710726199289745,1.7106137285671474,0.000674184749795546,-0.21079722088007816,0.3076055669307694,0.3054393305439331,1.710613726164731,0.0,239
265,train,blind,3.0,0,0.0043400218550171355,0.0009745622491700259,0.0016242703517126143,0.0,0.0,0.015682134751978653,1.7121832390709402,1.7123629069228552,0.0009745622602361791,-0.2130875048914887,0.3274281135938752,0.3305439330543933,1.712362911510758,0.0,239
266,train,blind,3.0,0,0.4341484118583851,0.14180580630788758,0.23634298097987164,0.15842525779452782,0.0332826177071328,0.016519706672891415,1.6645963381523867,1.6907369053014651,0.1399631533168001,-0.21797532146108614,0.3782901569779518,0.30962343096234307,1.6907368994425176,0.0,239
267,train,blind,3.0,0,0.00010017924373394666,1.6250332241934416e-05,2.7083885527428272e-05,0.0,0.0,0.015602596941945693,1.7114183064783965,1.711428100593918,1.625038187979588e-05,-0.20524824465896468,0.23187631680465295,0.41422594142259417,1.7114280974648068,0.0,239
268,train,blind,3.0,0,0.43151489933949033,0.12409970099534616,0.2068328196468862,0.10726512045790461,0.017116774762025937,0.015917731289241354,1.6931336923623186,1.7146610582722779,0.12353782255369544,-0.21088035458499332,0.29763494465711154,0.3389121338912134,1.7146610533226936,0.0,239
269,train,blind,3.0,0,0.3991743668428696,0.13690852876692336,0.22818086024205236,0.14397109234432795,0.029859262717318834,0.016391162158508304,1.6618099422135613,1.6620289860410171,0.13534184414430803,-0.2052597745035949,0.2824712899492567,0.3807531380753138,1.6620289777562678,0.0,239
270,eval,blind,3.0,0,0.0034414877965033177,0.00071915176117556,0.001198586206856402,0.0,0.0,0.009614922084833912,1.2615241383408902,1.2622919972970397,0.0007191517200009462,-0.1430363148435029,0.04270156384462447,0.8368200836820083,1.2622920083649307,0.0,239
271,eval,blind,3.0,0,0.11952208523755692,0.010502365564591486,0.017503941680896404,0.0,0.0,0.010324998719765801,1.3703110103327858,1.4051298042720333,0.010502365901561176,-0.17612410754840044,0.22617881836256265,0.40585774058577406,1.4051298105293462,0.0,239
272,eval,blind,3.0,0,0.4023595106228796,0.1160399714579581,0.19339992891283264,0.15804488570370934,0.036135412160322754,0.011561933314529049,1.3376966385661808,1.4615845144044406,0.11265700469188057,-0.19155490234249176,0.3532152289385443,0.4393305439330544,1.4615845158873013,0.0,239
273,eval,blind,3.0,0,0.19920830527869945,0.03073522959069934,0.051225379786381565,0.01122099691105687,0.0015214911065839823,0.011065593651772542,1.3206786191613105,1.452236673821964,0.030640612607963687,-0.1591881980442265,0.022938366123623842,0.9497907949790795,1.4522366702871867,0.0,239
274,eval,blind,3.0,0,0.48366004122113304,0.12283538375030041,0.20472562532153132,0.07303157031037319,0.0005705591649689933,0.011649040754681851,1.315466358073087,1.4726599377568297,0.12282089131664962,-0.1828817909425434,0.2596516217098431,0.5439330543933054,1.472659949706371,0.0,239
275,eval,blind,3.0,0,0.44414846890925763,0.1160095308293562,0.1933492066452638,0.06656523273330353,0.0007607455532919912,0.011652401851092672,1.3327959272153207,1.4646333259019892,0.115999622408358,-0.19020941177605397,0.3559156058043266,0.1589958158995816,1.4646333307484452,0.0,239
276,eval,blind,3.0,0,0.4653420398303694,0.04130422885596642,0.06884037687072214,0.022061621045467744,0.0,0.01307387173051116,1.4535179429972023,1.7448820673770984,0.04130422836992332,-0.21679072182103754,0.3910798540016024,0.25523012552301255,1.7448820729340697,0.0,239
277,eval,blind,3.0,0,0.13356819286291968,0.016387651475776224,0.027312751447345483,0.0,0.0,0.010193968445031463,1.3304723728152,1.3925595014165135,0.016387651584839482,-0.16333396743106857,0.09056648565239324,0.5983263598326359,1.3925595023558899,0.0,239
278,eval,blind,3.0,0,0.34251425579287914,0.09732580581513507,0.16220966594199765,0.054773678777108134,0.007987828309565907,0.011226469331331333,1.3493989481586792,1.4260866392606473,0.09717781768254803,-0.1730003699789154,0.15285320039170303,0.4602510460251046,1.4260866429337329,0.0,239
279,eval,blind,3.0,0,0.27401919350725557,0.06778059312608276,0.11296764501582619,0.042411563162025545,0.0034233549898139604,0.01093970675208454,1.3202811362354328,1.4255053665348676,0.067705236970971,-0.1652803819508061,0.10391999762604232,0.7364016736401674,1.4255053623334186,0.0,239
280,train,blind,3.0,0,0.025146201497458203,0.005498013179173871,0.009163354371780789,0.0,0.0,0.015511035767216314,1.718278092320494,1.7213232277826285,0.005498013135244136,-0.20236602813614016,0.2046648268494614,0.41422594142259417,1.721323226634274,0.0,239
281,train,blind,3.0,0,0.0038738029971952595,0.0008100265295983431,0.001350044151249334,0.0,0.0,0.015839420424610624,1.7000065797542427,1.7002510800022461,0.0008100266013228457,-0.20664518118878414,0.2514021187572332,0.39748953974895396,1.7002510876253352,0.0,239
282,train,blind,3.0,0,0.5020913164463541,0.16232725858912905,0.27054540107886293,0.14263978837424243,0.01502472449047296,0.01687065923925505,1.7038516120431813,1.7033280994602826,0.16193447254099966,-0.21736025776596388,0.36342324698062256,0.30962343096234307,1.7033280993815136,0.0,239
283,train,blind,3.0,0,0.06794362143753681,0.01725527422009333,0.028758789068363145,0.0,0.0001901863883229978,0.015367384614212493,1.6858784249636918,1.68911964224971,0.017253300297879186,-0.20061594577215225,0.19487225140211875,0.497907949790795,1.689119650608189,0.0,239
284,train,blind,3.0,0,0.21150074667297547,0.0630149015151919,0.10502482664172984,0.050589578483394,0.003993914092434999,0.01637934467650046,1.711848798157281,1.7200633329826418,0.0629105962633498,-0.2242009476970496,0.4365114691830618,0.2301255230125523,1.7200633377396484,0.0,239
285,train,blind,3.0,0,0.0017479297706943053,0.0003992931682028429,0.0006654886090161111,0.0,0.0,0.015557460931118063,1.7133216004990135,1.7133586321914545,0.00039929312268244276,-0.20068213048703973,0.1816671117837325,0.49372384937238495,1.7133586309414426,0.0,239
286,train,blind,3.0,0,0.5017308978531066,0.16238934972289412,0.27064889186796304,0.14853556522764422,0.017116774886721847,0.016535760127553506,1.7080702741774556,1.6926718880441898,0.1619208238029402,-0.21893841281248644,0.3957684204279059,0.27615062761506276,1.6926718931913167,0.0,239
287,train,blind,3.0,0,0.48485144005920816,0.13985358002415624,0.23308927621722253,0.12609357240309776,0.02586534868723179,0.016668771245520735,1.6687074954539662,1.6925546329889338,0.13861050536627365,-0.20893859707614953,0.2888216267545031,0.3682008368200837,1.6925546359902182,0.0,239
288,train,blind,3.0,0,0.026644077069207902,0.004843312424934415,0.008072187047279791,0.0,0.0,0.015252720174929088,1.7119185256159954,1.7137359984250249,0.004843312566967805,-0.2034809869955495,0.22131220510994393,0.45188284518828453,1.7137360067996477,0.0,239
289,train,blind,3.0,0,0.43414843287689137,0.13395226431349788,0.22325375016913754,0.15633320714888713,0.02073031620251085,0.01583004960494124,1.6684304867329458,1.6854551935794464,0.13335581291247456,-0.2049032907785823,0.25439924033354105,0.40585774058577406,1.685455189172172,0.0,239
290,train,blind,3.0,0,0.40549756067851994,0.1446601970611524,0.24110030314294967,0.17763408139410378,0.05077976524580473,0.01600654931177841,1.5883359425237489,1.60824408316712,0.1403595089455947,-0.21429010765238213,0.3992996824831597,0.27615062761506276,1.6082440774202178,0.0,239
291,train,blind,3.0,0,0.007910073110366154,0.002214414434758708,0.003690690383599488,0.0,0.0,0.015453345742403961,1.6927323096965645,1.6914803193702856,0.0022144144457868064,-0.19931021200037694,0.18653372503635118,0.5146443514644351,1.6914803237510458,0.0,239
292,train,blind,3.0,0,0.06794360041903054,0.015054723649882362,0.025091204265119516,0.0,0.0,0.01536791348853246,1.6819910995631038,1.6895526684976523,0.015054723385177545,-0.20313895538575563,0.2350811596783287,0.4100418410041841,1.689552684604675,0.0,239
293,train,blind,3.0,0,0.01843199975083282,0.0046507063588361545,0.007751176686138614,0.0,0.0,0.015210482917305191,1.7214379091143108,1.7200215581071925,0.004650706246074033,-0.20785946946970926,0.254072821151963,0.40585774058577406,1.7200215598170778,0.0,239
294,train,blind,3.0,0,0.5015085098678519,0.15697819629923254,0.26163030126713904,0.14625332875481212,0.014454165512547832,0.01585952939941045,1.6835793748061527,1.6915400898606208,0.15658384645814988,-0.2203998967980437,0.4065996023620879,0.301255230125523,1.6915400819043536,0.0,239
295,train,blind,3.0,0,0.17909063403861195,0.05277141669246847,0.08795235491473184,0.028718143701553345,0.003613541315789003,0.015603936612450178,1.6997008363572124,1.6985482137073533,0.05268458459574035,-0.21059810974052484,0.3127392504228612,0.301255230125523,1.698548225152226,0.0,239
296,train,blind,3.0,0,0.3893441522848197,0.1150169612486036,0.19169491402534272,0.11848611662078602,0.010270064907093927,0.016081801504598127,1.6986401510039133,1.7236036304150666,0.11474490315733693,-0.2292695309898975,0.481824386480311,0.18410041841004185,1.7236036323159227,0.0,239
297,train,blind,3.0,0,0.003041941807975517,0.0006419632926542008,0.0010699387567305828,0.0,0.0,0.015251423822614563,1.6869833180096359,1.6869141673941992,0.0006419633105777157,-0.19932931790345296,0.19941244547315942,0.46443514644351463,1.6869141747126433,0.0,239
298,train,blind,3.0,0,0.36852381268091683,0.11447090420564009,0.19078481901972785,0.11563332129472469,0.01084062407206292,0.015884771785274084,1.6914553417820313,1.6935446120206281,0.11417957192883721,-0.22715861366973242,0.5106382978723404,0.18828451882845187,1.6935446155852756,0.0,239
299,train,blind,3.0,0,0.4595581971330663,0.15382973186711432,0.25638285619438705,0.1745911001785031,0.04317230946349299,0.016494910702280794,1.6014624095860883,1.6492330601524607,0.15088365124179917,-0.21622923503582184,0.41001216653313155,0.28451882845188287,1.6492330740656618,0.0,239
300,eval,blind,3.0,0,0.008643440734246789,0.0013413273408480727,0.0022355454854569036,0.0,0.0,0.009112754739259826,1.2964747475779705,1.297269515412622,0.0013413275188807092,-0.16359096451840097,0.2798896109676845,0.4686192468619247,1.2972695119128788,0.0,239
301,eval,blind,3.0,0,0.496713411596384,0.11010735920236703,0.18351224256046894,0.13541270698962352,0.03195131192895658,0.007897899509504999,1.1383783445697448,1.2061963233488873,0.10628120990740435,-0.18436439935166415,0.5024778183328883,0.24686192468619247,1.206196325885328,0.0,239
302,eval,blind,3.0,0,0.3308880299083897,0.0779357873285624,0.12989297173105827,0.05363256038482219,0.015024724677516825,0.009410843919479448,1.2620525320204732,1.3111894025962223,0.07718493355374091,-0.16430112090891497,0.16205228641799457,0.4476987447698745,1.3111894089543543,0.0,239
303,eval,blind,3.0,0,0.019673136295750737,0.0019071298654228458,0.003178549595256935,0.0,0.0,0.00904925730640544,1.2941845236463028,1.2994263775677861,0.001907129915760904,-0.15329791193752054,0.057034333363007804,0.7615062761506276,1.2994263747077202,0.0,239
304,eval,blind,3.0,0,2.149352706407653e-05,3.3610430208183866e-06,5.601738517710385e-06,0.0,0.0,0.008931452953977565,1.2931301511481217,1.2931315966231054,3.3610337508221792e-06,-0.16122024602427032,0.20374491824683227,0.5815899581589958,1.293131594332149,0.0,239
305,eval,blind,3.0,0,0.08746965989669216,0.0087424163978551,0.014570693497463942,0.0,0.0,0.00910739825111054,1.296198045110104,1.3162972455742967,0.008742416377184073,-0.1538636214217799,0.05436363096827799,0.7196652719665272,1.3162972485731705,0.0,239
306,eval,blind,3.0,0,0.29470410188133966,0.05667820663819302,0.09446367427053283,0.04031951332690826,0.009319133027826892,0.009250651250075096,1.2850608523919493,1.355562371190123,0.056039221729562584,-0.15539863272516719,0.0488738538235556,0.9205020920502092,1.355562370022069,0.0,239
307,eval,blind,3.0,0,0.43151489933949033,0.11200452438657202,0.18667419624075002,0.06143020249310897,0.01882845244397678,0.010452011352693311,1.2521698584616434,1.346683068504892,0.11098219812958564,-0.1648857903206858,0.15528650701801242,0.5397489539748954,1.3466830674481463,0.0,239
308,eval,blind,3.0,0,0.07879227929296571,0.0047359197467805305,0.007893199085229452,0.0,0.0,0.009125013533730263,1.2656772924766382,1.2946587536624286,0.004735919855219698,-0.14533646267290823,0.03753820588148015,0.891213389121339,1.2946587519183654,0.0,239
309,eval,blind,3.0,0,0.1830709686913921,0.015739715278225857,0.026232857560328178,0.0026626093118260596,0.0007607455532919912,0.008751096139626897,1.2847708199313495,1.3591869914880856,0.015663748266424173,-0.15774634890789307,0.06970533250244815,0.803347280334728,1.359186994959128,0.0,239
310,train,blind,3.0,0,0.496713411596384,0.15836792845159883,0.263946523028231,0.14758463328602922,0.018448079542634877,0.01665664035398279,1.6900665814906484,1.706448371190905,0.15777601815952416,-0.2187148879869069,0.3871924982937179,0.24267782426778242,1.706448378726601,0.0,239
311,train,blind,3.0,0,0.0014944071429085072,0.00045108148757307196,0.0007518024696049351,0.0,0.0,0.015264348693924594,1.7202573408641575,1.7196536700097087,0.00045108156448816366,-0.20349386457518387,0.2034481735363067,0.4769874476987448,1.719653674492466,0.0,239
312,train,blind,3.0,0,0.5005976241194593,0.16374933179273385,0.2729155237892841,0.1759224034627611,0.02377329847802677,0.016041529475941195,1.6775041980723457,1.7053202517860604,0.16293526594949315,-0.21782545842729595,0.380278346538473,0.30962343096234307,1.7053202643342522,0.0,239
313,train,blind,3.0,0,0.18307093769721308,0.049217355985480736,0.08202891988172824,0.03138075282633554,0.002662609436521969,0.015328009597271307,1.710380491851264,1.7104892296771126,0.04914931454277774,-0.22028348280328208,0.40867681533576655,0.2384937238493724,1.7104892319829779,0.0,239
314,train,blind,3.0,0,0.350115003503633,0.12794098652493363,0.21323494643194604,0.1721186770056082,0.03100038117195273,0.016270648197087782,1.638065265811138,1.6767809777579048,0.12606439760170227,-0.20915292609359812,0.2820855218255735,0.40585774058577406,1.6767809699527845,0.0,239
315,train,blind,3.0,0,0.007217873016016257,0.0016103811873892414,0.002683968507314211,0.0,0.0,0.015372329954619063,1.6938938954884037,1.6940116862372874,0.0016103811287477628,-0.1970251600993115,0.16386242915220034,0.49372384937238495,1.694011693652296,0.0,239
316,train,blind,3.0,0,0.4260901446999406,0.12665998738276704,0.21109995625292524,0.1340814006503157,0.01464435190087083,0.016157958114901595,1.714173901031207,1.7298484564326297,0.1262038364497145,-0.22291891895892677,0.4203092079883676,0.25523012552301255,1.7298484555371068,0.0,239
317,train,blind,3.0,0,0.4811274396703373,0.15208887042185837,0.2534814224764434,0.13864587347128401,0.013693419959255842,0.016686361694170714,1.6795794090965304,1.6924684144961784,0.15173714052197965,-0.22312016729180842,0.42289088696993976,0.2719665271966527,1.692468421763263,0.0,239
318,train,blind,3.0,0,0.01200688445204372,0.0027646076278759813,0.004607679169627723,0.0,0.0,0.015327364247229932,1.6977854772591692,1.697383569374244,0.002764607593756611,-0.206673628263482,0.2706905249413929,0.3807531380753138,1.6973835661417258,0.0,239
319,train,blind,3.0,0,0.3575846380647296,0.11572923346315574,0.19288203335240742,0.11924686223642597,0.02187143447010088,0.016236718482957473,1.6558213164118045,1.6685659259433028,0.1144571707328666,-0.20985117431802527,0.3174574913202172,0.30962343096234307,1.6685659262920858,0.0,239
320,train,blind,3.0,0,0.0014944071429085072,0.00035057943342930623,0.0005842990070366141,0.0,0.0,0.01588407214575108,1.7264710699664,1.726514389824169,0.00035057945805796613,-0.20616429653669735,0.23398320424938426,0.4225941422594142,1.726514392527107,0.0,239
321,train,blind,3.0,0,0.005378617951415077,0.0013124395065544422,0.00218739911580091,0.0,0.0,0.01515425677571025,1.7052702302713274,1.7046974770194816,0.0013124396565031,-0.19851455998487294,0.16119172675747054,0.5523012552301255,1.7046974715651733,0.0,239
322,train,blind,3.0,0,0.478391402922768,0.13706595049490913,0.22844323022901758,0.11030810242168075,0.018638266055653784,0.015508140813341075,1.638299512813281,1.6619611120623026,0.136260428853241,-0.20438706443576846,0.2927683314044927,0.3891213389121339,1.6619611127679594,0.0,239
323,train,blind,3.0,0,0.350115003503633,0.11241183490690894,0.1873530423023668,0.10631418770576621,0.019969570586870905,0.015984383438982723,1.6526645915777614,1.666297747500272,0.11139081086651431,-0.20184678418377572,0.2490578355440814,0.46443514644351463,1.6662977448874512,0.0,239
324,train,blind,3.0,0,0.3649142709313249,0.11099707320905532,0.18499510716427414,0.10650437521635239,0.011981742402000907,0.016180265842933035,1.7048783431990875,1.6879820240092578,0.11067338088153264,-0.2057910167207203,0.26502270097035524,0.39748953974895396,1.687982033561213,0.0,239
325,train,blind,3.0,0,0.20738793141458225,0.06214379325874346,0.10357297661426992,0.06371243859185334,0.013693419772211977,0.015544890400770443,1.658194951931303,1.6765728004307927,0.06126865101050955,-0.20744036823982914,0.28810943944924183,0.3723849372384937,1.6765728183019055,0.0,239
326,train,blind,3.0,0,0.010237416458047271,0.002737644487527303,0.004562740669403469,0.0,0.0,0.015226977066795447,1.702864164338451,1.7004210572362446,0.0027376445182370193,-0.1994819763392032,0.1936852725600166,0.47280334728033474,1.7004210555173842,0.0,239
327,train,blind,3.0,0,0.00036113544281525344,7.962228057112191e-05,0.00013270378793734316,0.0,0.0,0.015296517319930522,1.7208744122892243,1.7209481379975833,7.962220512872667e-05,-0.20304067280777344,0.21062939553102467,0.4560669456066946,1.7209481355275693,0.0,239
328,train,blind,3.0,0,0.29470410188133966,0.09083148205280693,0.15138578764105115,0.0893876003919785,0.016736401985379942,0.015544691432859734,1.6472855285121806,1.664844303450325,0.09002762986727621,-0.20246386098015373,0.26947387162823827,0.4225941422594142,1.6648443058785933,0.0,239
329,train,blind,3.0,0,0.4948741555965635,0.14881011558393778,0.2480168362027794,0.12438189478349486,0.017687333989342885,0.016238662381130406,1.6507769937794579,1.6757163465272433,0.14816586185758399,-0.21249468522825404,0.365055342888513,0.25523012552301255,1.675716350084745,0.0,239
330,eval,blind,3.0,0,0.0488099870398625,0.0034254718163640946,0.005709119570489888,0.0,0.0,0.008485668862947734,1.2869837645706272,1.2987180112794852,0.0034254719604295777,-0.15401788877952588,0.03531262055253865,0.8284518828451883,1.2987180066211157,0.0,239
331,eval,blind,3.0,0,0.48708752257839305,0.09982894639544847,0.16638156668167725,0.0861544332244905,0.028147584349540487,0.008382741624886895,1.2289718579048892,1.2832325180704125,0.09762147623662192,-0.16908239862327917,0.33621175702543094,0.401673640167364,1.2832325205748365,0.0,239
332,eval,blind,3.0,0,0.48241889700017115,0.08130112671262783,0.1355018677733451,0.04488398558674497,0.006085964426335929,0.009704208256731347,1.2338854590719215,1.3489852303241585,0.08113000112662958,-0.1735052938027936,0.20380426718893738,0.27615062761506276,1.3489852282951258,0.0,239
333,eval,blind,3.0,0,0.38934417804177057,0.06781761038599211,0.11302934256000527,0.03480410794084541,0.006846709979627921,0.009120543208752592,1.2466876486854075,1.3433463146995799,0.06760120993605452,-0.15889069593553745,0.058161963263004844,0.7322175732217573,1.343346315774233,0.0,239
334,eval,blind,3.0,0,0.026644077069207902,0.00290879303573998,0.004847988193044532,0.0,0.0,0.008783173708393235,1.2997437241685939,1.303885962175026,0.002908793036896827,-0.15545778652519587,0.06528383631561767,0.6778242677824268,1.3038859534473224,0.0,239
335,eval,blind,3.0,0,0.29470410188133966,0.03891441675407055,0.0648573566516815,0.015405096830683274,0.003993914154782953,0.00890805346844523,1.268108244969755,1.3664844574788624,0.03872652198634154,-0.16125308702841418,0.033146384165702245,0.7740585774058577,1.3664844619802032,0.0,239
336,eval,blind,3.0,0,0.1161134909462402,0.00896507871187332,0.014941796913605294,0.0,0.0,0.008611946171889994,1.2886467725662007,1.3195369550373763,0.008965078694299904,-0.15774433303911511,0.06641146621561471,0.6485355648535565,1.319536953679868,0.0,239
337,eval,blind,3.0,0,0.012006890569388804,0.0014251597592827916,0.0023752660490572453,0.0,0.0,0.008734313981553003,1.3012447217518315,1.303004264831543,0.0014251597178570204,-0.1557351170084807,0.0867681533576664,0.6610878661087866,1.3030042658908256,0.0,239
338,eval,blind,3.0,0,0.08746965989669216,0.005800657293338986,0.00966776171849252,0.0,0.0,0.008447307853659452,1.277746650464365,1.3088656135183996,0.005800657208546681,-0.1556938832435183,0.04534259176830173,0.8200836820083682,1.3088656045797837,0.0,239
339,eval,blind,3.0,0,0.2740191620142929,0.04725064121914908,0.07875106307625805,0.020730316015466984,0.008178014697888905,0.00957202113907644,1.2321851430577713,1.2773951523972356,0.04671548484689216,-0.16981560209452806,0.36636101961482537,0.18828451882845187,1.2773951467325608,0.0,239
340,train,blind,3.0,0,0.33479187858415665,0.10898454138551189,0.18164088245595475,0.11810574390648798,0.01882845231928087,0.016335094776238356,1.6794599017837557,1.6984835197237247,0.10812760886910533,-0.2048686077755268,0.25371672749933233,0.4100418410041841,1.6984835278454584,0.0,239
341,train,blind,3.0,0,0.2698529591997837,0.08674321992050152,0.14457202233732375,0.0770254852133316,0.01122099678636096,0.01635506803902435,1.7269597662043872,1.7341671319187435,0.08639781871993764,-0.21405403694203454,0.30997952461497374,0.3472803347280335,1.73416712764234,0.0,239
342,train,blind,3.0,0,0.008643440734246789,0.0019232873368857791,0.0032054787234643816,0.0,0.0,0.015118672683928552,1.7001048735494892,1.6998139008817315,0.0019232873086952487,-0.20182734077910836,0.20229086916525713,0.49372384937238495,1.6998139018183098,0.0,239
343,train,blind,3.0,0,0.0014944071429085072,0.00025014932021750997,0.0004169155048558617,0.0,0.0,0.015474757641382422,1.718179154096787,1.718099491865565,0.00025014926213162236,-0.2028001667034151,0.20303273094157093,0.4560669456066946,1.7180994936936573,0.0,239
344,train,blind,3.0,0,0.0020282095075691135,0.0005455888151278242,0.000909314687016384,0.0,0.0,0.014659256399628633,1.6776303811053352,1.6779016755116036,0.0005455888103938853,-0.2035642623984548,0.27543844030980147,0.3891213389121339,1.6779016663530442,0.0,239
345,train,blind,3.0,0,0.47694583179846367,0.16151104017648565,0.2691850345582379,0.18923545083241483,0.037276531737219835,0.015908165606884402,1.5789122404413742,1.6021569737829424,0.15918476713178967,-0.21061398318484623,0.3921778094305469,0.2928870292887029,1.602156970533386,0.0,239
346,train,blind,3.0,0,0.0010625928217568533,0.00026176349833100123,0.00043627247988339173,0.0,0.0,0.014849016474068912,1.6830708621436083,1.682927414463155,0.0002617636341920048,-0.20241891063550016,0.24229205614409924,0.4100418410041841,1.6829274310074047,0.0,239
347,train,blind,3.0,0,0.34251428529070727,0.10760716098689445,0.17934524218575437,0.14168885587149585,0.03822746355413892,0.015208663173393974,1.5401294268823569,1.5949966500992556,0.10395446250146492,-0.21337693181339132,0.38238523398320423,0.3138075313807531,1.5949966510183693,0.0,239
348,train,blind,3.0,0,0.3859785423496817,0.1317037834716346,0.2195062811264217,0.1454925836379558,0.03917839549575391,0.015692273045745855,1.5741994418359702,1.574006486637323,0.12876958657683468,-0.2089402409230326,0.39573874595685327,0.29707112970711297,1.574006492544033,0.0,239
349,train,blind,3.0,0,0.19514420172920505,0.05546468374033268,0.09244113240217368,0.03385317606157837,0.0038037277664599556,0.01627380130266981,1.7081843255454028,1.7091669659734272,0.05535491988719278,-0.19997434124936472,0.16068726074957712,0.4811715481171548,1.7091669721125557,0.0,239
350,train,blind,3.0,0,0.2032900131473154,0.06912998075586455,0.11521662155535516,0.06409281093206366,0.005705591649689934,0.016090251863875648,1.6916612142299507,1.7081480130989681,0.06900120988271836,-0.20520639960167505,0.23083771031781364,0.45188284518828453,1.7081480147731116,0.0,239
351,train,blind,3.0,0,0.4671610229562556,0.14538991072307808,0.24231649761161378,0.13560289156985583,0.023583111965007862,0.016711825816638798,1.6527553038617058,1.6841539855282677,0.14424981115500723,-0.2143201870542953,0.3614647318911541,0.2928870292887029,1.6841539803501633,0.0,239
352,train,blind,3.0,0,0.34251425579287914,0.10450695332768203,0.17417823689299655,0.1030810197277548,0.018828452381628828,0.016046490541670986,1.6606831218907026,1.6616897178993066,0.10363488822270837,-0.21010389019101772,0.3379032018754266,0.2719665271966527,1.6616897101581332,0.0,239
353,train,blind,3.0,0,0.497250765612289,0.14666056616864442,0.24443425456339662,0.12419170839517187,0.02966907639134379,0.01586848051408033,1.5799556020413483,1.5949291205306433,0.14463741950729928,-0.2086922359945431,0.41609543309890507,0.2510460251046025,1.5949291231622147,0.0,239
354,train,blind,3.0,0,0.30694783156671684,0.09401848085552533,0.15669745379604913,0.09813617331961708,0.01844807960498283,0.015856100805493455,1.6373821616671573,1.6564896513228635,0.09301070237563493,-0.21485889549862391,0.4139291967120686,0.2594142259414226,1.656489653081661,0.0,239
355,train,blind,3.0,0,0.4341484118583851,0.13688127415415574,0.22813543468755101,0.13560289150750787,0.012362115116298946,0.016848871020685927,1.6983759183763958,1.7114615190976834,0.13652861952515086,-0.2294865070197843,0.4760081901540105,0.21338912133891214,1.7114615163739133,0.0,239
356,train,blind,3.0,0,0.2905912866229464,0.08090148277451172,0.1348357942562916,0.06884747057779064,0.010650437746087876,0.015862714945412703,1.6527702838307146,1.6548363541459439,0.0805170560120113,-0.19444000679418905,0.16596931659693168,0.4769874476987448,1.6548363622870184,0.0,239
357,train,blind,3.0,0,0.08163402942219938,0.01942238787970576,0.032370644711906864,0.0019018638832299778,0.0001901863883229978,0.014642458087589327,1.6799648042503261,1.6859155175077367,0.019419233078977825,-0.2006708581004944,0.21003590610997358,0.4393305439330544,1.685915509472419,0.0,239
358,train,blind,3.0,0,0.2656803508259933,0.08877504612016565,0.147958398661754,0.085583872002039,0.011220996848708914,0.016977309514320294,1.722113020250488,1.711321798577967,0.08848202213908986,-0.2075006321344309,0.24822695035460993,0.40585774058577406,1.711321796571555,0.0,239
359,train,blind,3.0,0,0.48708752257839305,0.13952044654872234,0.2325340558474111,0.132369722781321,0.020159756975193902,0.015952151500577084,1.6511304568047305,1.6451515879591139,0.1386651639935522,-0.20585401757243596,0.3214338704412594,0.34309623430962344,1.6451515793693647,0.0,239
360,eval,blind,3.0,0,0.4918546215835647,0.07153621518000934,0.11922701794198272,0.024724229733814256,0.004754659708074945,0.009385284987204244,1.1520776057841888,1.2719327413387378,0.07128044038518246,-0.15060623133369527,0.0773316715629544,0.7656903765690377,1.2719327469538724,0.0,239
361,eval,blind,3.0,0,0.012006890569388804,0.0008556350767016986,0.0014260583578498847,0.0,0.0,0.008371677567254923,1.1702883278475646,1.172351244603241,0.0008556350280532456,-0.13978639260074022,0.05246446482091457,0.7866108786610879,1.172351243803901,0.0,239
362,eval,blind,3.0,0,0.137177762364597,0.010472065765950818,0.017453441994628095,0.0,0.0,0.008748606488373613,1.1423846660298782,1.2090267646262836,0.010472065693469037,-0.15118759448215258,0.12074542271284015,0.6401673640167364,1.2090267637977024,0.0,239
363,eval,blind,3.0,0,0.005378621699537879,0.0004233411197434545,0.0007055685109738699,0.0,0.0,0.00810290833498706,1.1804246139326853,1.1812107393432363,0.0004233412323838025,-0.1415850387164635,0.05670791418142971,0.7615062761506276,1.1812107366557358,0.0,239
364,eval,blind,3.0,0,0.025146192200367425,0.0025659999296427888,0.004276666337904636,0.0,0.0,0.008304440903489061,1.1855849925444215,1.1895571019360212,0.002565999901848022,-0.14931847038122223,0.11982551411021099,0.5230125523012552,1.1895570975774348,0.0,239
365,eval,blind,3.0,0,0.09659447261740192,0.005978428170507933,0.009964046630762769,0.0,0.0,0.007726409772574652,1.170785122336703,1.2006274561502943,0.005978428376053736,-0.13625235341699615,0.005667823971037717,0.9665271966527197,1.2006274646442532,0.0,239
366,eval,blind,3.0,0,0.48112744734638124,0.06319669324030774,0.10532781674161494,0.021491061319367157,0.004944846096397943,0.008749157597532956,1.1726746970639568,1.3173192283099666,0.06296324264952255,-0.1506974811101012,0.036974390931481645,0.8744769874476988,1.317319226577505,0.0,239
367,eval,blind,3.0,0,0.38934417804177057,0.06241789298490015,0.10402981511143485,0.025865348437839972,0.003993914154782953,0.008388327278789118,1.156393879876476,1.2273899142213447,0.06229044261509523,-0.14648345356964954,0.05756847384195376,0.8493723849372385,1.2273899154612846,0.0,239
368,eval,blind,3.0,0,0.005953148992843712,0.000882107267023145,0.0014701786640673247,0.0,0.0,0.008417068850093181,1.1986524956495692,1.199247847291715,0.0008821073017894362,-0.14723420704600518,0.11359387518917474,0.5732217573221757,1.1992478478568476,0.0,239
369,eval,blind,3.0,0,0.08452669602320004,0.006159820098565209,0.010266366237804326,0.0,0.0,0.007666811758114578,1.1852799813617723,1.2102900459177823,0.006159820043257275,-0.14204513454274773,0.03664797174990356,0.8451882845188284,1.2102900507471621,0.0,239
370,train,blind,3.0,0,0.1830709686913921,0.06289994117432646,0.1048332251612999,0.05344237356006351,0.006276150814658927,0.016440502907613206,1.6949915110316736,1.6909025216701141,0.06273285959675937,-0.20395484140301856,0.2324994806967566,0.41841004184100417,1.6909025186105504,0.0,239
371,train,blind,3.0,0,0.34251425579287914,0.10959786575961109,0.1826630951211399,0.11278052553222769,0.010460251295416924,0.016126943212470126,1.6898337408089739,1.690369654898863,0.10932189941398457,-0.22141357684408328,0.435235466927802,0.2175732217573222,1.6903696626264209,0.0,239
372,train,blind,3.0,0,0.5013695566800022,0.15534171940145755,0.2589028423067419,0.1618486122232102,0.015405097454162821,0.016418400621937907,1.7101615797026886,1.695712125700388,0.1549662834803708,-0.2171066486107835,0.36561915783851157,0.3179916317991632,1.695712115032544,0.0,239
373,train,blind,3.0,0,0.3575846380647296,0.12045996664970691,0.2007665867521872,0.1420692282740541,0.013883606347578839,0.0167661581624876,1.6687950658997732,1.6902126914287712,0.1200643178336695,-0.22242186210680898,0.45680880738300844,0.2301255230125523,1.69021267353394,0.0,239
374,train,blind,3.0,0,0.06536317144762423,0.011620993632197619,0.019368321949057563,0.0,0.0,0.014825665226369847,1.6542234353440577,1.654667073712688,0.01162099365820384,-0.20199313131170651,0.2535980296151221,0.34309623430962344,1.654667077190641,0.0,239
375,train,blind,3.0,0,0.5010294421648054,0.15532510060807017,0.25887514382043547,0.158235071156813,0.030810194658933823,0.015847529419093825,1.5864058972402597,1.6141323808845616,0.1532955910836916,-0.20726430578790023,0.3332443099201757,0.3054393305439331,1.6141323774082341,0.0,239
376,train,blind,3.0,0,0.3308880599050015,0.11715695990013,0.1952615789281382,0.14282997388969407,0.009699505804472887,0.01621935047037806,1.670563023958246,1.6863468970214972,0.11692579916529836,-0.2118884134260579,0.27739695539927006,0.47280334728033474,1.6863468885768857,0.0,239
377,train,blind,3.0,0,0.05794354536329254,0.013245864001759835,0.02207643961831701,0.0005705591649689933,0.0005705591649689933,0.014930030966185377,1.6561374419902657,1.6595233269815166,0.013201528536845057,-0.20381473526862143,0.2844298050387251,0.3682008368200837,1.659523323535056,0.0,239
378,train,blind,3.0,0,0.0014944071429085072,0.0005075924214815661,0.0008459873066712891,0.0,0.0,0.015011631696636956,1.6888903723601019,1.6884448677924886,0.0005075923734724231,-0.20061478843529854,0.21229116590996766,0.46443514644351463,1.6884448680940618,0.0,239
379,train,blind,3.0,0,0.21562707504729067,0.06884196729762271,0.11473660255993218,0.05838722003054918,0.005135032484720941,0.016004940360457205,1.675504046005185,1.6793438552812552,0.06872479507229443,-0.20008415185946418,0.21267693403365087,0.45188284518828453,1.6793438525377402,0.0,239
380,train,blind,3.0,0,0.19109905445188377,0.06053557817318947,0.10089261668459228,0.06219094698648572,0.012362115116298946,0.015188096656179578,1.623548326631969,1.6316328512574838,0.059665852216430455,-0.20089131775772073,0.25439924033354105,0.4560669456066946,1.6316328357855778,0.0,239
381,train,blind,3.0,0,0.015004510717528821,0.003634720209698708,0.006057866774266829,0.0,0.0,0.01570100654851817,1.6877122942872627,1.6855564277042405,0.003634720406377889,-0.201769399957029,0.21321107451259683,0.4309623430962343,1.6855564345103533,0.0,239
382,train,blind,3.0,0,0.502091316396975,0.13912371082633743,0.23187283157227537,0.10612400162918298,0.03042982175759192,0.01632462080692771,1.5954909209925758,1.6053079259445477,0.13686074493307387,-0.21053241620229216,0.4098044452357637,0.25523012552301255,1.6053079419479297,0.0,239
383,train,blind,3.0,0,0.501210307838382,0.15016972655007427,0.25028285441053927,0.1401673637673446,0.027767212632809724,0.01607629606328811,1.5770612648341447,1.5926283844844067,0.14849957270553776,-0.20286300483076386,0.33051425858334077,0.3179916317991632,1.5926283814552096,0.0,239
384,train,blind,3.0,0,0.08746963563609224,0.018583107920398616,0.03097184455591141,0.0001901863883229978,0.0003803727766459956,0.014894894515183681,1.6493210281288275,1.6543286133510797,0.01855613574611898,-0.1978867138572475,0.20769162289682183,0.47280334728033474,1.6543286082493738,0.0,239
385,train,blind,3.0,0,0.21562707504729067,0.06187805788941359,0.10313008744116176,0.04982883249366633,0.008368201023863948,0.015613574608692813,1.6586455999557943,1.6505209668909655,0.0614127829525326,-0.19753326655796688,0.2164752663283777,0.45188284518828453,1.6505209682822317,0.0,239
386,train,blind,3.0,0,0.00595315217983492,0.0010989754284698192,0.0018316256917151428,0.0,0.0,0.015215286151135815,1.6734009666921703,1.673491447041723,0.0010989753947462121,-0.19613094508810364,0.1748716579126977,0.5104602510460251,1.6734914543736348,0.0,239
387,train,blind,3.0,0,0.4955261374568512,0.16412992659003584,0.2735498474286036,0.17116774493929732,0.04108025944133184,0.014920623306668204,1.46041154287849,1.4725955849412096,0.16084234378826426,-0.2162753186159012,0.523160924656518,0.20502092050209206,1.4725955829131643,0.0,239
388,train,blind,3.0,0,0.005378617951415077,0.0013857701990798955,0.0023096167764051793,0.0,0.0,0.015227980044705474,1.6598421365147356,1.658205969563089,0.0013857702491820178,-0.19896169831306545,0.2168610344520609,0.4351464435146444,1.6582059713153543,0.0,239
389,train,blind,3.0,0,0.2405893336158956,0.07179965995822092,0.11966608689240522,0.06314187973862413,0.004754659708074945,0.015485718215048063,1.677786747780804,1.65787038119767,0.0717020626207273,-0.2102736739274668,0.3428291640701504,0.2928870292887029,1.6578703839759565,0.0,239
390,eval,blind,3.0,0,3.5839762234725213e-06,9.668539982059167e-07,1.6114231984220664e-06,0.0,0.0,0.009449084538763787,1.021078736961636,1.021078451657395,9.668533132308277e-07,-0.11317736506971415,0.0,1.0,1.0210784555468242,0.0,239
391,eval,blind,3.0,0,0.48813355436147227,0.07209688592701846,0.12016147031115366,0.020920502403789985,0.0034233549898139604,0.008946738416274472,1.0506435979360318,1.1866892915390526,0.07198679450337135,-0.13316679707719795,0.05285023294459776,0.8870292887029289,1.1866892886281994,0.0,239
392,eval,blind,3.0,0,0.21562707504729067,0.026395267595426923,0.04399211082374799,0.004944846034049988,0.0011411183299379866,0.008565711629066507,1.014199041173049,1.0617580281640695,0.026358254712873706,-0.11524863674681453,0.011157601115760113,0.9665271966527197,1.0617580295353675,0.0,239
393,eval,blind,3.0,0,0.47694583179846367,0.07271833011506398,0.12119720899597372,0.01806770664129297,0.007797641921242909,0.009098761052547888,1.086294134042253,1.1937103326350575,0.07231169176876205,-0.1491849642400125,0.17656310276269324,0.606694560669456,1.1937103295251623,0.0,239
394,eval,blind,3.0,0,0.28232660558694295,0.03526396144625171,0.05877326556332127,0.013122860420199119,0.0013313047182609845,0.008667024512966182,1.0359864125191915,1.1008142621946135,0.03522945747733414,-0.12025018088715336,0.015846167542063562,0.9539748953974896,1.1008142568006187,0.0,239
395,eval,blind,3.0,0,0.5020268857079679,0.0873051269846507,0.14550853614028905,0.023583111902659906,0.0019018638832299778,0.008435163549517738,1.0381222766313594,1.0925033673581719,0.0872534648539791,-0.13566009884424246,0.05394818837354223,0.8661087866108786,1.0925033664306525,0.0,239
396,eval,blind,3.0,0,0.382569948058365,0.06152685550992547,0.10254475369096722,0.023773298041591086,0.004944846096397943,0.008781539646433238,1.0638502990850345,1.1518020422887603,0.06128906955690502,-0.13075805526705567,0.05828066114721505,0.8242677824267782,1.1518020481066689,0.0,239
397,eval,blind,3.0,0,0.4918546168378746,0.06623099514398513,0.11038498665772471,0.01920882484653505,0.004374286931428949,0.009062587264067957,1.0794732046925373,1.2028748425479714,0.06601909127797147,-0.14593020651119507,0.1502418469390783,0.6192468619246861,1.2028748371654157,0.0,239
398,eval,blind,3.0,0,0.27401919350725557,0.04137298535940953,0.06895497068141736,0.031190567123840045,0.0085583874745349,0.008699364562725423,1.0611469012424037,1.1262555813190827,0.040956581755875895,-0.1321391038397479,0.14653253805750913,0.7698744769874477,1.126255579952964,0.0,239
399,eval,blind,3.0,0,0.4926731121291847,0.0919757923084225,0.153292974232686,0.03176112622646109,0.0005705591649689933,0.008011394308950114,1.0033093795616757,1.050440468299339,0.09197178573992296,-0.12982068446506517,0.09077420694976111,0.8410041841004184,1.050440466448998,0.0,239
400,train,blind,3.0,0,0.4891325045084395,0.16176731065311345,0.26961215458580085,0.1744009136654842,0.042601750547915825,0.014670300624765861,1.4680497055273176,1.4791449163748132,0.15839891589741653,-0.21320917403637382,0.5190064987091606,0.17573221757322174,1.4791449243322157,0.0,239
401,train,blind,3.0,0,0.11274788101110218,0.02398460715492273,0.039974343475934884,0.003233168539143008,0.0007607455532919912,0.015411893088978454,1.663022934642297,1.6611853593562935,0.023947741697137717,-0.1943782047514561,0.1694115552390279,0.49372384937238495,1.6611853586097156,0.0,239
402,train,blind,3.0,0,0.3859785423496817,0.12609752528321935,0.21016252038412347,0.13236972246958123,0.013503233508584888,0.016352539348209502,1.6363411864975008,1.6348951169636459,0.12569561920644595,-0.2057070736051864,0.3407222766254192,0.25523012552301255,1.63489512389845,0.0,239
403,train,blind,3.0,0,0.0023364956484850357,0.0005109321519667448,0.0008515535054848213,0.0,0.0,0.01543958676067107,1.6554534298106716,1.6555294469310649,0.0005109320985691312,-0.1988921104899813,0.21051069764681446,0.4435146443514644,1.655529451956903,0.0,239
404,train,blind,3.0,0,0.30288375901140147,0.09662760966849537,0.16104600014157494,0.11011791609570572,0.0251046031339398,0.015668362227100958,1.601164051927782,1.5938112344203135,0.09497684533021909,-0.20291152080485866,0.310424641680762,0.34309623430962344,1.5938112319241076,0.0,239
405,train,blind,3.0,0,0.0005835234280700004,0.00010087585563661344,0.00016812641715127234,0.0,0.0,0.015204418733108118,1.6818141553192458,1.681848936499911,0.00010087584790400577,-0.2095058425568584,0.325380575091249,0.34309623430962344,1.68184893884295,0.0,239
406,train,blind,3.0,0,0.3612674953427315,0.12203772001064209,0.20339618055834735,0.12970711346949493,0.01122099691105687,0.01608096454954983,1.6597692078626305,1.6700765101480683,0.12177566675845848,-0.21830569620063167,0.42737173209887536,0.2594142259414226,1.6700765094754433,0.0,239
407,train,blind,3.0,0,0.3893441522848197,0.13354655056437312,0.22257755795100942,0.16070749420501199,0.010079878581118883,0.016887402940331083,1.6864667776738251,1.6887925741064,0.13333756664339097,-0.22866146019074984,0.4920324045223894,0.20502092050209206,1.6887925661041587,0.0,239
408,train,blind,3.0,0,0.00027498420791614755,6.441285797915028e-05,0.00010735476113710685,0.0,0.0,0.015700395328136916,1.6608399544300894,1.6608280230266779,6.441285473693485e-05,-0.1973271689136502,0.21169767648891655,0.45188284518828453,1.6608280258148023,0.0,239
409,train,blind,3.0,0,0.1371777911142497,0.03601818649311624,0.06003030689715609,0.014644351589131056,0.0030429822131679647,0.01563655593428589,1.657270799371488,1.6575175603563317,0.03587915341722692,-0.19481935757788565,0.1795305498679486,0.5523012552301255,1.6575175740458414,0.0,239
410,train,blind,3.0,0,0.20738793141458225,0.0726661963516064,0.1211103184186906,0.06808672521154252,0.010460251357764879,0.01614195554786085,1.6342498799747005,1.6430087900061987,0.07212637704767255,-0.20605989431654423,0.3199798213596842,0.3389121338912134,1.6430087905599116,0.0,239
411,train,blind,3.0,0,0.04457110651652085,0.012844652196344439,0.021407752336329484,0.0005705591649689933,0.0001901863883229978,0.015509479628509558,1.7030075790991843,1.7053672608970099,0.012837791427536785,-0.2038233994401241,0.22804831003887352,0.401673640167364,1.7053672580160162,0.0,239
412,train,blind,3.0,0,0.3959428790102983,0.12926192627209004,0.2154365222389414,0.1380753146180548,0.028527958186101713,0.015544866967681313,1.5546532644886353,1.5474225477194685,0.12737749022460654,-0.20789606674922328,0.42235674649099386,0.22594142259414227,1.547422540735766,0.0,239
413,train,blind,3.0,0,3.939130826693449e-05,1.0197295146803352e-05,1.699549103862992e-05,0.0,0.0,0.015499598344702227,1.646003119616329,1.6460073064061886,1.0197326990534165e-05,-0.19370529104131617,0.16576159529956377,0.497907949790795,1.6460073076381014,0.0,239
414,train,blind,3.0,0,0.5019918540521879,0.16106646132173708,0.26844407696382605,0.13959680491411536,0.007607455532919911,0.01670258400462973,1.6772331071698017,1.6929600904676205,0.1608858191060615,-0.20607440045191905,0.2634202795335173,0.41841004184100417,1.6929600914197362,0.0,239
415,train,blind,3.0,0,0.4595582126649525,0.14314698535304446,0.2385782851177503,0.14111829627009118,0.02605553495085888,0.016317050072080046,1.5809765076537512,1.595474816017071,0.14148193584660324,-0.20631868956200594,0.3479628475622423,0.3138075313807531,1.5954748185863816,0.0,239
416,train,blind,3.0,0,0.15197702979228886,0.04142128197415016,0.06903546640640183,0.018448078981503285,0.0020920502715529757,0.01635730086931,1.635464195177645,1.6534107945952954,0.04135867278335156,-0.19694123733470492,0.2114306062494436,0.4393305439330544,1.6534107911911045,0.0,239
417,train,blind,3.0,0,0.09046233746581896,0.026445907063998485,0.044076508939522904,0.004564473195056038,0.0,0.015475884820315129,1.6458666868289644,1.634664174153715,0.026445906813054056,-0.20006338132888143,0.2663580521677201,0.4100418410041841,1.6346641851220065,0.0,239
418,train,blind,3.0,0,0.09659444735923473,0.02233913885103682,0.037231895805371666,0.005135032422372986,0.0003803727766459956,0.015295608651095603,1.6348742289024416,1.6387003814824954,0.022331342684722522,-0.19640755427179674,0.22516988634677587,0.4686192468619247,1.6387003913487077,0.0,239
419,train,blind,3.0,0,0.39917434158470244,0.14018871874626307,0.2336478381034471,0.17725370880450164,0.008178014697888905,0.0169413302144402,1.650823005073739,1.6792588338692318,0.13998051340701853,-0.2256622639815285,0.49298198759607104,0.18410041841004185,1.6792588310040932,0.0,239
420,eval,blind,3.0,0,0.4738973789959445,0.06386042001239993,0.10643402801902827,0.012552301504621945,0.0005705591649689933,0.008366432948871886,0.9219700786359141,1.0092666782594626,0.0638564338562646,-0.11556817373069574,0.019169708299949555,0.9246861924686193,1.0092666796061254,0.0,239
421,eval,blind,3.0,0,0.24895395069227458,0.03738493805153419,0.062308227725263204,0.005705591524994024,0.0,0.0103020996447637,0.9778656802416845,1.0183201103030888,0.03738493808669625,-0.12449938077020868,0.011335647942075432,0.9665271966527197,1.0183201139656641,0.0,239
422,eval,blind,3.0,0,0.45108052358230005,0.06376519073909316,0.10627531252930376,0.02073031607781494,0.003613541378136958,0.007246026572494701,1.0293217368704504,1.007274532417872,0.0635427879702494,-0.12912454289101064,0.24614973738093116,0.5774058577405857,1.0072745351968575,0.0,239
423,eval,blind,3.0,0,0.32695747973790945,0.04394577943747201,0.07324296107987442,0.013122860544895028,0.0001901863883229978,0.00875835374356189,0.9423404670160684,1.0002861451903147,0.043945391363937145,-0.11032047126510633,0.02593548769993175,0.9414225941422594,1.0002861507147587,0.0,239
424,eval,blind,3.0,0,0.04666315660102996,0.006609446867541272,0.011015744068899797,0.0,0.0,0.009931586556152195,0.9929464085331522,0.9862911329608582,0.006609446845850395,-0.11435232031189144,0.03243419686044096,0.9205020920502092,0.9862911233757711,0.0,239
425,eval,blind,3.0,0,0.0,0.0,0.0,0.0,0.0,0.011335277507105009,1.0023429052101518,1.0023429052101518,0.0,-0.11304994626011584,0.00908038814208137,0.9790794979079498,1.0023429016183845,0.0,239
426,eval,blind,3.0,0,0.02096458594954064,0.0027877102309077036,0.004646183488053245,0.0,0.0,0.009966069275209346,0.9720195429594447,0.9699595882304044,0.002787710156481355,-0.11277653947953452,0.0,1.0,0.9699595978099754,0.0,239
427,eval,blind,3.0,0,0.5016285056306393,0.07542188994472122,0.1257031412327759,0.0207303155790313,0.0005705591649689933,0.008515960245615331,0.9502061996998648,1.0276427019590115,0.07541713802292252,-0.1276580494062475,0.030772426481497965,0.9121338912133892,1.027642705469322,0.0,239
428,eval,blind,3.0,0,1.0033001283974734e-05,1.082893009940513e-06,1.8048214092441527e-06,0.0,0.0,0.011851801176528178,1.0163140050038135,1.0163155325287057,1.0829164056452264e-06,-0.11580955379836501,0.0037093088815691863,0.9832635983263598,1.0163155342883456,0.0,239
429,eval,blind,3.0,0,0.04666315660102996,0.007866645390057018,0.013111075241129385,0.0,0.0,0.01113548192924286,1.0016497353629588,1.000965540379161,0.007866645545257152,-0.12124749556574665,0.020950176563102763,0.8828451882845189,1.0009655379565696,0.0,239
430,train,blind,3.0,0,0.46892580401234446,0.13573500836305147,0.22622499672787202,0.1036515791421156,0.007987828309565907,0.016088967875939907,1.6644262324816013,1.6511366935953435,0.13552129558778095,-0.20781989717372124,0.3202765660702098,0.3472803347280335,1.6511366958880156,0.0,239
431,train,blind,3.0,0,0.49267310757053845,0.1680675175703986,0.28011250203885973,0.17383035468755906,0.01901863883229978,0.016385099273876415,1.5998587244225346,1.6042096819338938,0.16721324685169298,-0.20523995549610588,0.3371019911570076,0.3179916317991632,1.6042096782879431,0.0,239
432,train,blind,3.0,0,0.04055126141090673,0.008073786180761714,0.01345630942246678,0.0,0.0,0.01583851891020352,1.6644339242240873,1.6669755410948557,0.008073786227598788,-0.20026424180703353,0.22712840143624438,0.4309623430962343,1.6669755436610283,0.0,239
433,train,blind,3.0,0,0.006565895839070679,0.002032241271065926,0.0033870686089342837,0.0,0.0,0.016369788580141556,1.679438641879349,1.6769680946940657,0.0020322413439168322,-0.19898478044003484,0.19941244547315945,0.4476987447698745,1.676968087413173,0.0,239
434,train,blind,3.0,0,0.4955261374568512,0.1371342713673166,0.22855709705704974,0.10878661094100904,0.01426397906187688,0.015450977416373945,1.571323865876537,1.5794874354885213,0.13645555152844172,-0.1995941519691336,0.32523220273598624,0.3263598326359833,1.5794874300084876,0.0,239
435,train,blind,3.0,0,0.14822524460574474,0.045628316889481206,0.07604718847942726,0.026816280130063142,0.0009509319416149889,0.01591628424192011,1.6899411064810335,1.6841637778980463,0.045599593153467184,-0.20690718385502194,0.28158105581768006,0.3682008368200837,1.6841637683107378,0.0,239
436,train,blind,3.0,0,0.5018883339752502,0.139092702504005,0.2318211529971328,0.09908710588471162,0.011791556076025863,0.015283927126596663,1.5706625421176894,1.580400376389715,0.13865788507792637,-0.20106682231204515,0.34042553191489366,0.30962343096234307,1.5804003767034742,0.0,239
437,train,blind,3.0,0,0.07600188859598127,0.016741734958753012,0.02790289005587278,0.0001901863883229978,0.0,0.015278267744289533,1.6678162563794827,1.6716463620692616,0.016741734984317802,-0.19423445962945618,0.16332828867325438,0.5523012552301255,1.6716463622472522,0.0,239
438,train,blind,3.0,0,0.44651358694995696,0.13138498789159414,0.21897496083872728,0.1287561815902279,0.006276150814658927,0.016567484834172985,1.663818330445549,1.6654272660550713,0.13123745145120927,-0.20881367349884625,0.3292679307991336,0.30962343096234307,1.6654272565682675,0.0,239
439,train,blind,3.0,0,0.37911919344205136,0.11901422642506199,0.1983570226868902,0.12780524921217723,0.010650437746087876,0.01669249613866771,1.6433998124370017,1.6550815851119771,0.11858571662688903,-0.2090748772233141,0.339268227543844,0.3179916317991632,1.6550815781907269,0.0,239
440,train,blind,3.0,0,0.4532820462560594,0.12871447875931302,0.21452411000458116,0.12038798075340781,0.006085964426335929,0.01639000527467189,1.6382953305124737,1.647101189551493,0.1285851864098404,-0.2000997606161357,0.2492062078993442,0.401673640167364,1.6471011895182137,0.0,239
441,train,blind,3.0,0,0.051011509713621825,0.01275776542718795,0.021262941851631825,0.0009509319416149889,0.0001901863883229978,0.01507933809768767,1.6206481077681028,1.6258157915650053,0.012757162979495772,-0.19762903699577872,0.24564527137303774,0.4560669456066946,1.6258157879264388,0.0,239
442,train,blind,3.0,0,6.514794980351147e-05,1.879179558938829e-05,3.131965716431798e-05,0.0,0.0,0.015857666193129626,1.6632341019279289,1.6632360287291235,1.8791807918939896e-05,-0.1970345935416372,0.18496097807056588,0.502092050209205,1.6632360303312512,0.0,239
443,train,blind,3.0,0,0.39594290426846546,0.12648087855589563,0.21080144144825796,0.14244960086365624,0.007227082756273916,0.016396470052271957,1.6143667146750573,1.6378660144666248,0.12632412834856616,-0.19914175400891485,0.24727736728092825,0.4435146443514644,1.6378660165767882,0.0,239
444,train,blind,3.0,0,0.26150266818706364,0.07408259328772394,0.12347097767470513,0.05249144161844852,0.0038037277664599556,0.015754792868514316,1.6383790845152724,1.6362133392729021,0.07398326550582508,-0.20187476591979076,0.27929612154663347,0.40585774058577406,1.6362133490564663,0.0,239
445,train,blind,3.0,0,0.2656803193330306,0.08630403898668303,0.14384004827042035,0.09965766448854901,0.018828452381628828,0.015585160401170473,1.579064022048248,1.594617352326046,0.08496349131810614,-0.2110220626522157,0.39110952847265495,0.2719665271966527,1.594617358655131,0.0,239
446,train,blind,3.0,0,0.00014589538669387058,2.3077132746761872e-05,3.8461885584891426e-05,0.0,0.0,0.015679088713421982,1.6547885487269158,1.6547825343938054,2.307714050981288e-05,-0.19193216207430946,0.13783791803911097,0.5606694560669456,1.6547825279663422,0.0,239
447,train,blind,3.0,0,0.4554288604148302,0.13621172434824802,0.22701951741697354,0.13769494134262517,0.015595283842485819,0.014929672650540848,1.4936676314685136,1.5065641483003624,0.13515067894770263,-0.2095493759432433,0.47304074304875515,0.24267782426778242,1.5065641413318442,0.0,239
448,train,blind,3.0,0,0.4955261374568512,0.15691622318145432,0.2615270099925522,0.15062761574858902,0.014454165512547832,0.0164720306434049,1.5685624440344808,1.5741082856345876,0.15630649781156672,-0.19739909340637493,0.28623994777293094,0.42677824267782427,1.5741082863062716,0.0,239
449,train,blind,3.0,0,0.00484126768363289,0.0016266075091156548,0.0027110124721661747,0.0,0.0,0.015971845497131723,1.6770821251131003,1.6754570546010548,0.0016266074545459727,-0.19525691616869437,0.15677023057064005,0.5230125523012552,1.6754570454167674,0.0,239
450,eval,blind,3.0,0,0.4706366194916741,0.045827917806495116,0.07637985888314501,0.0019018638832299778,0.0,0.009486908739954857,1.0666516976875242,1.1679342461430378,0.045827917220095556,-0.14189567253822544,0.11941007151547524,0.5690376569037657,1.167934245365065,0.0,239
451,eval,blind,3.0,0,0.05101152724064263,0.011654227565764303,0.019423711838852907,0.0,0.0,0.013217150615567193,1.1205211783053985,1.0967944900361064,0.011654227811137601,-0.12148281586256612,8.902341315766046e-05,0.99581589958159,1.0967944923995487,0.0,239
452,eval,blind,3.0,0,0.34251428529070727,0.062494922519800794,0.10415819820910927,0.016165842633367084,0.0,0.011362109789196167,1.0772203231955173,1.0788138448942655,0.062494922144799764,-0.12509985547757183,0.026914745244666017,0.9330543933054394,1.0788138435939283,0.0,239
453,eval,blind,3.0,0,0.5000638219418426,0.09512699686980097,0.15854498609688833,0.016356028959342128,0.0,0.010299381149239121,1.0510517189193471,1.0008572013308314,0.09512699682081764,-0.12415983280957624,0.050031158194605185,0.8326359832635983,1.000857198484266,0.0,239
454,eval,blind,3.0,0,3.939130826693449e-05,1.8055169816590673e-05,3.009194903471215e-05,0.0,0.0,0.014330843806453828,1.1675162248032862,1.1674560395743558,1.805515581265552e-05,-0.12942198783899425,0.0025816789815721534,0.99581589958159,1.1674560358029005,0.0,239
455,eval,blind,3.0,0,0.28232660558694295,0.026563081793869684,0.04427180100253308,0.0024724229858510164,0.0007607455532919912,0.010597352495720944,1.0912086093276117,1.12613423723556,0.02654717548442985,-0.13292133802084813,0.10733256179708596,0.8075313807531381,1.1261342350050851,0.0,239
456,eval,blind,3.0,0,0.019673128869098604,0.006108352748049271,0.010180587311144762,0.0,0.0,0.014674543749899545,1.2019803409297096,1.1872368537232467,0.0061083529311050586,-0.13513437584892152,0.0015727469657853348,0.9832635983263598,1.1872368492594345,0.0,239
457,eval,blind,3.0,0,0.08452667201199193,0.006604916873839406,0.011008194145536105,0.0,0.0,0.012372916141548292,1.1169101149467244,1.1263693703268363,0.006604917009251371,-0.12503632451979688,0.02178106175257426,0.9372384937238494,1.126369368751103,0.0,239
458,eval,blind,3.0,0,0.24477056702595276,0.06741116450785704,0.11235193332019612,0.03765690357864651,0.0,0.01323760298146987,1.1571404734415989,1.0926549334905138,0.06741116467359058,-0.1320297606901709,0.0884892726787145,0.8117154811715481,1.0926549341332332,0.0,239
459,eval,blind,3.0,0,0.5020526421234931,0.05251440389692407,0.08752400183785466,0.012362114991603038,0.0005705591649689933,0.0066310788707410195,1.0112160648760935,1.036540872132928,0.05250720388004734,-0.14494724651394336,0.3654411110121962,0.3891213389121339,1.0365408736304993,0.0,239
460,train,blind,3.0,0,0.4948741555965635,0.14820755583414172,0.24701257020201392,0.12989729985781792,0.004184100543105951,0.01592593842135376,1.6429926191912536,1.6170736593681398,0.14811366672212412,-0.20493665607008624,0.34211697676488917,0.32217573221757323,1.6170736557331897,0.0,239
461,train,blind,3.0,0,6.514758795400435e-05,1.4309969088442576e-05,2.3849949079456594e-05,0.0,0.0,0.01581239585363341,1.6427484561209897,1.642737706834801,1.4309973738662349e-05,-0.19685600764915973,0.20665301640998246,0.45188284518828453,1.6427377043928273,0.0,239
462,train,blind,3.0,0,0.4392558730871779,0.1284304711095566,0.21405076579731222,0.11658425286225195,0.013883606285230884,0.015512227014517684,1.5605187161697005,1.5680198756720731,0.12773016700571344,-0.19649611263170214,0.29425205495712037,0.3891213389121339,1.5680198728593322,0.0,239
463,train,blind,3.0,0,0.04457112279658256,0.010555201204495225,0.017592001824527585,0.0003803727766459956,0.0,0.014943865207744817,1.6369473859356038,1.637296663168584,0.010555201449183548,-0.18885269829458684,0.13400991127333156,0.5983263598326359,1.6372966719224356,0.0,239
464,train,blind,3.0,0,0.3649142709313249,0.12946498496329464,0.21577494781395293,0.16260935783885014,0.014644351838522874,0.016682569383717604,1.586119158996199,1.6007622747241703,0.1288117576401708,-0.19684766329192696,0.2376034897177958,0.47280334728033474,1.6007622823541945,0.0,239
465,train,blind,3.0,0,0.1299968671675179,0.035652875670383305,0.05942145630062867,0.016165842446323218,0.0020920502715529757,0.01563470759994066,1.6409568836499457,1.655582238440733,0.03559910333461025,-0.19223733146305483,0.15863972224695094,0.5732217573221757,1.6555822491868801,0.0,239
466,train,blind,3.0,0,0.3791192204459613,0.10666169385623415,0.1777694714703909,0.10327120586668598,0.012552301629317855,0.01591411925984788,1.5505822527857505,1.5603305468000628,0.10594725568891636,-0.19881886040490357,0.3260927623965103,0.33472803347280333,1.5603305470094564,0.0,239
467,train,blind,3.0,0,0.29059125512998374,0.08694736687047983,0.14491226614112723,0.08444275442027646,0.011981742464348862,0.014924655752217545,1.5409635467509346,1.5363677410899845,0.08618669800587242,-0.20274626895119569,0.38781566218582153,0.27615062761506276,1.5363677456249376,0.0,239
468,train,blind,3.0,0,0.19514420172920505,0.06453424618030493,0.10755706649660508,0.05325218791991597,0.0022822366598759733,0.015465284290501388,1.6251381919972567,1.6253708024902822,0.06448976661797216,-0.20064677803800743,0.2550224042256447,0.4393305439330544,1.6253708089078676,0.0,239
469,train,blind,3.0,0,0.30694783156671684,0.0935579521099643,0.15592990636029894,0.08063902665381652,0.006085964426335929,0.01624513623230627,1.6075360104129903,1.6062924021457528,0.09332224129821613,-0.1984069365286588,0.28048310038873553,0.37656903765690375,1.6062923900747095,0.0,239
470,train,blind,3.0,0,0.0012663892698259907,0.00024860234025939586,0.0004143371994534817,0.0,0.0,0.015817412693505506,1.611923425267431,1.6121381291784502,0.000248602366505358,-0.19184759579488506,0.19306210866791298,0.4895397489539749,1.61213811639276,0.0,239
471,train,blind,3.0,0,0.025146201497458203,0.006299267839296978,0.010498779314052836,0.0,0.0,0.01580446045534007,1.6327054488110242,1.6293040371838972,0.006299267836130871,-0.19148719245399015,0.17389240036796344,0.5313807531380753,1.6293040417050406,0.0,239
472,train,blind,3.0,0,0.47839141184577105,0.1492231989002629,0.24870531061940893,0.13750475520369398,0.0030429822131679647,0.016402030788424376,1.5918878985249347,1.6012376125387566,0.14917425492947808,-0.20512212590112602,0.32422327072019946,0.36401673640167365,1.6012376072440566,0.0,239
473,train,blind,3.0,0,0.0008817244371400257,0.00021656195484062805,0.00036093658548996544,0.0,0.0,0.015774500227015015,1.6502337680202148,1.6502381563186646,0.0002165619960228526,-0.19549464665334088,0.18294311403899224,0.4686192468619247,1.650238155051686,0.0,239
474,train,blind,3.0,0,0.0023364927420596237,0.0003688203529563755,0.0006147005555264274,0.0,0.0,0.015862069449243312,1.6136371835006331,1.6136882262748655,0.00036882031224602267,-0.2004380725381295,0.2946971720229086,0.3598326359832636,1.6136882242787647,0.0,239
475,train,blind,3.0,0,0.35386675944174084,0.1078643418583688,0.17977388365197003,0.10745530622274806,0.006466337202981925,0.01621120439250038,1.6003879912228764,1.6097336369079527,0.10767362025689024,-0.20563475107357668,0.34722098578592836,0.27615062761506276,1.6097336396955115,0.0,239
476,train,blind,3.0,0,0.5018883339752502,0.14174965807131032,0.23624940817321524,0.12095854079124818,0.011601369687702865,0.01463778466122638,1.4476857332504942,1.4404557513143228,0.1411459240753631,-0.20240328581530995,0.4912905427460756,0.18828451882845187,1.440455747706026,0.0,239
477,train,blind,3.0,0,0.36491424218167223,0.12015291508145934,0.20025484071629002,0.128946367853855,0.007607455532919911,0.01639050614112154,1.5915060557082108,1.5976212306501476,0.11992561237780727,-0.2011426194652228,0.30609216890708923,0.34309623430962344,1.5976212319761303,0.0,239
478,train,blind,3.0,0,0.33866769455229107,0.09497715721286361,0.15829524719541738,0.08139977158362896,0.0038037277664599556,0.016040508989946113,1.588168256452393,1.5907523544762423,0.09482961340437675,-0.19258952555291375,0.21653461527048282,0.4686192468619247,1.5907523551358544,0.0,239
479,train,blind,3.0,0,0.011099790736339269,0.0029353557522778856,0.0048922592072984375,0.0,0.0,0.0156889245066028,1.6219999658013986,1.6177949072426832,0.0029353556174139014,-0.189805427520942,0.1638921036232529,0.5271966527196653,1.617794906499881,0.0,239
480,eval,blind,3.0,0,0.4653420529930334,0.07916159736036754,0.13193598620212518,0.01996957015043522,0.0,0.00959589502142906,0.9020087039370915,0.9156759154347696,0.07916159716787433,-0.11127732050961936,0.045936081189352794,0.8870292887029289,0.9156759156994358,0.0,239
481,eval,blind,3.0,0,0.33866769455229107,0.023587036599496684,0.03931172562424687,0.0,0.0,0.009500441303141571,0.9189790519710365,0.9463300989262728,0.023587036435863747,-0.10357677676207958,0.0,1.0,0.9463300999834103,0.0,239
482,eval,blind,3.0,0,0.4634686815016611,0.038240313286695554,0.06373385217431791,0.0,0.0,0.008057296375459582,0.9265468078178342,0.9287585548775964,0.03824031313642724,-0.10958541779788429,0.05130716044986498,0.8410041841004184,0.9287585557826648,0.0,239
483,eval,blind,3.0,0,0.09046236122763525,0.01906674313010082,0.03177790315345633,0.0,0.0,0.012442477302680329,1.0419765733275952,0.997950786826002,0.019066742872093534,-0.11300655284790496,0.015044956823644618,0.9246861924686193,0.997950788309383,0.0,239
484,eval,blind,3.0,0,0.48366004122113304,0.0602059273746266,0.10034320771456848,0.0032331686014909623,0.0,0.007366721722916953,0.9938719235204753,0.9216024142428921,0.06020592756845933,-0.13002026791245325,0.33638980385174627,0.4309623430962343,0.9216024129962874,0.0,239
485,eval,blind,3.0,0,0.4175653372727219,0.1326437968224987,0.2210729737316378,0.10954735805299991,0.0,0.012359862769155074,1.022330604337748,1.0078390653412712,0.13264379731589387,-0.13447190434947756,0.18463455888898778,0.7573221757322176,1.0078390644682957,0.0,239
486,eval,blind,3.0,0,0.1229728398538705,0.018452709912529234,0.030754514672575717,0.0,0.0,0.012278689387172585,1.0152225414579383,0.9821962235362959,0.018452709697173064,-0.10905037465406514,0.0,1.0,0.9821962305242685,0.0,239
487,eval,blind,3.0,0,0.05794356438666426,0.014302963630809443,0.02383827148001713,0.0,0.0,0.013100647075280983,1.0698347685227334,1.0338627451633309,0.014302963562190161,-0.1162585923583331,0.003293866286833437,0.9748953974895398,1.0338627490000942,0.0,239
488,eval,blind,3.0,0,0.4341484118583851,0.1358460466227108,0.2264100523858193,0.12267021710154402,0.0,0.012411618463024809,1.0206703856649757,1.02274304054771,0.13584604608200668,-0.1379141393692023,0.1896198700258168,0.7740585774058577,1.0227430331836955,0.0,239
489,eval,blind,3.0,0,0.0010625911311165598,0.000272646936038548,0.00045441154145321977,0.0,0.0,0.013906730802643997,1.083141921205002,1.0824501898498216,0.00027264690124181347,-0.11770427263775858,5.9348942105106975e-05,0.99581589958159,1.0824501917813192,0.0,239
490,train,blind,3.0,0,0.012959521485526197,0.002680512283039503,0.004467520185483953,0.0,0.0,0.015990968257827864,1.634781382323309,1.63561804299574,0.002680512312630427,-0.1958333747749676,0.21436837888364638,0.4769874476987448,1.6356180437849361,0.0,239
491,train,blind,3.0,0,0.005378617951415077,0.0010838656787531377,0.0018064427907626382,0.0,0.0,0.016006386725847692,1.625806504712444,1.624911620527132,0.0010838657328357266,-0.19586989275359587,0.22677230778361374,0.4225941422594142,1.6249116202666667,0.0,239
492,train,blind,3.0,0,0.32300139925731,0.10460911328193113,0.1743485053973387,0.11848611624669829,0.004184100543105951,0.016954317683096836,1.6357372679969755,1.6498244347432667,0.10453638767186216,-0.2084876219263161,0.29588415086501085,0.42677824267782427,1.6498244286064874,0.0,239
493,train,blind,3.0,0,0.4977520082539135,0.1640260282634608,0.27337668301081225,0.17059718571198038,0.005135032484720941,0.017238380614410947,1.6386236491063648,1.6455513817495881,0.16392432490220513,-0.22282166713806892,0.4763049348645361,0.2510460251046025,1.645551389512112,0.0,239
494,train,blind,3.0,0,0.4934485877536371,0.15593510790630674,0.25989182023505963,0.15804488426970636,0.005705591649689934,0.016814235274418877,1.5973077152064654,1.6150478516163687,0.15583464474700454,-0.20675892836595733,0.3484969880411882,0.32217573221757323,1.6150478519457445,0.0,239
495,train,blind,3.0,0,0.45752092677940104,0.14697531230552435,0.24495882894312276,0.15424115662794233,0.023392925763728728,0.01440463259535604,1.4011596660733723,1.4162336533039683,0.14521822537633503,-0.2051085765146805,0.46307012077509735,0.2803347280334728,1.4162336604985093,0.0,239
496,train,blind,3.0,0,0.475447956226714,0.1332193691866972,0.2220322648357689,0.10878661156448859,0.004944846096397943,0.01606992992210089,1.6064131052923003,1.6002651260986487,0.1330916818433214,-0.20213226815026977,0.3382889699991098,0.32217573221757323,1.6002651199711067,0.0,239
497,train,blind,3.0,0,0.05557842856955229,0.010319258511965976,0.01719876334960592,0.0,0.0,0.015061169893921169,1.574464360789774,1.5765848030106293,0.01031925835500013,-0.19145990827923273,0.23819697913884685,0.4309623430962343,1.5765848015251724,0.0,239
498,train,blind,3.0,0,0.0005835245887526782,0.00016459574410618793,0.0002743262277865416,0.0,0.0,0.016026230326319838,1.6488523677801985,1.6489194940822394,0.00016459565554651973,-0.1986184662983094,0.22917593993887053,0.45188284518828453,1.648919492060226,0.0,239
499,train,blind,3.0,0,0.06794360041903054,0.019478269033224097,0.03246378048240776,0.004374286931428949,0.0005705591649689933,0.016335467767032746,1.6335017132459824,1.6267299011162635,0.01946743036113498,-0.20436400084168316,0.31377785690970056,0.34309623430962344,1.6267299046865766,0.0,239
500,train,blind,3.0,0,0.4465136047263696,0.14693013525636264,0.2448835360194619,0.13750475495430217,0.010650437746087876,0.015532812035436036,1.541614912045052,1.544323412693694,0.14630201406481666,-0.19555551090837364,0.30101783435710255,0.41841004184100417,1.5443234126777838,0.0,239
501,train,blind,3.0,0,0.4595582126649525,0.14397537361720086,0.23995892948930825,0.15271966620718586,0.004754659708074945,0.015560379499281176,1.5971421053220038,1.597356609220784,0.14387770168610267,-0.1980935938678457,0.27787174693611083,0.4309623430962343,1.597356617559232,0.0,239
502,train,blind,3.0,0,0.3190210646045298,0.10164023165016717,0.16940036524757796,0.11772537094279811,0.007607455532919911,0.016147750217436373,1.5499326511905782,1.5709853848154076,0.10128226014284676,-0.2009249301903822,0.3224724769280988,0.3138075313807531,1.5709853810720336,0.0,239
503,train,blind,3.0,0,0.10291766645305227,0.01803252646760069,0.030054208907424412,0.0007607455532919912,0.0001901863883229978,0.015010964555985384,1.5664392627432755,1.5674326502129623,0.018024352673378093,-0.19428643279567337,0.271284014362444,0.3891213389121339,1.5674326420851277,0.0,239
504,train,blind,3.0,0,0.02819466484402731,0.005543786375086536,0.009239643282343724,0.0,0.0,0.015915864501849876,1.6280374831235558,1.6283538206850634,0.005543786379257273,-0.1884660196833662,0.1326448856049141,0.5815899581589958,1.628353815116655,0.0,239
505,train,blind,3.0,0,0.006565895839070679,0.001329080567523013,0.0022151341566097023,0.0,0.0,0.015922621784879822,1.637492365168727,1.6377620495014111,0.001329080606155608,-0.2039254010611443,0.3136888334965429,0.33472803347280333,1.6377620455188442,0.0,239
506,train,blind,3.0,0,0.15197702979228886,0.03347474007989842,0.055791230870446844,0.010270064907093927,0.0011411183299379866,0.014913076875832664,1.5907299468706841,1.5915555135974326,0.033447014848146,-0.1947999469004101,0.2633312561203596,0.3723849372384937,1.5915555001330837,0.0,239
507,train,blind,3.0,0,0.5018883339752502,0.16234950175597507,0.27058247504224314,0.1620387990479689,0.003613541378136958,0.017181843990717222,1.6190978854769942,1.6179939775287357,0.16228950417344362,-0.21692517347188928,0.42268316567257186,0.28451882845188287,1.617993977262605,0.0,239
508,train,blind,3.0,0,0.31099300983821715,0.10475643743826885,0.17459404435085238,0.11049828868530784,0.002852795824844967,0.016928994714450012,1.6288822455386238,1.623143131513476,0.10469900036583704,-0.2044681695188985,0.2904537226623935,0.40585774058577406,1.623143140930885,0.0,239
509,train,blind,3.0,0,0.3893441522848197,0.11630381420993871,0.19383967127071336,0.11696462557654999,0.008938760251180896,0.015904111489575653,1.5206953232258433,1.5180555779066045,0.1158867876519439,-0.19688048853775636,0.33956497225436955,0.35564853556485354,1.5180555753264902,0.0,239
510,eval,blind,3.0,0,0.48485143263255603,0.03613562407000059,0.06022603670902313,0.0,0.0,0.00844460443757225,0.9177939228432946,0.9554899260089986,0.036135623865999784,-0.11073794079797021,0.0018991661473634232,0.9748953974895398,0.9554899216554232,0.0,239
511,eval,blind,3.0,0,0.14082450920353773,0.028858170046725078,0.04809694781551911,0.0,0.0,0.014226401226680773,1.200342035692606,1.1341742623800015,0.028858169946688272,-0.1305952156888923,0.006320662334193893,0.9874476987447699,1.1341742593527226,0.0,239
512,eval,blind,3.0,0,0.49099224892631954,0.1386545181073062,0.23109084461407958,0.10117915690444004,0.0,0.010952359404430479,1.0624936160682135,0.9257548780620847,0.13865451841682358,-0.12280442303170971,0.16834327428113594,0.7740585774058577,0.9257548781498943,0.0,239
513,eval,blind,3.0,0,0.4417291495469365,0.04292089698123103,0.07153482417365103,0.0022822366598759733,0.0,0.010379694803582824,0.9360296244900596,1.055075160379689,0.04292089719637409,-0.11471271036285978,0.0033828896999910972,0.9748953974895398,1.0550751599367196,0.0,239
514,eval,blind,3.0,0,0.3859785423496817,0.04402751902570835,0.07337919465486821,0.006085964426335929,0.0,0.011501840626524769,0.9475911779633127,1.0951894923234087,0.04402751935528792,-0.12258421711136969,0.03201875426570521,0.7866108786610879,1.095189485908429,0.0,239
515,eval,blind,3.0,0,0.4634686815016611,0.026036567026193967,0.04339427597371172,0.0,0.0,0.008952025137062352,0.8754360556103694,0.9464094499165044,0.026036566917176377,-0.10431081837293688,0.0,1.0,0.9464094494848803,0.0,239
516,eval,blind,3.0,0,0.49099224892631954,0.043484010163612544,0.0724733465950411,0.0,0.0,0.00816605089886979,0.921186049612995,0.9311060381733722,0.043484010158224076,-0.11988877601143473,0.19594053236001066,0.6485355648535565,0.93110603785449,0.0,239
517,eval,blind,3.0,0,0.33866769455229107,0.03035795806682324,0.050596593548670396,0.0,0.0,0.011281407929208738,0.9883984888447878,1.0386577959339989,0.030357957849792686,-0.11552960877288473,0.0,1.0,1.0386577982227885,0.0,239
518,eval,blind,3.0,0,0.2781775054950136,0.03721570149804142,0.06202616643037712,0.006656523591304923,0.0,0.011062341466522678,1.0177478715465658,1.0522553287290628,0.03721570152601884,-0.13117040862973342,0.208611531499451,0.6569037656903766,1.0522553352512243,0.0,239
519,eval,blind,3.0,0,0.05101152724064263,0.0144347009315946,0.02405783367098726,0.0,0.0,0.013828249913192195,1.1643119845929006,1.1172704018309525,0.01443470095284405,-0.1254208798198828,0.002373957684204279,0.99581589958159,1.1172703981839427,0.0,239
520,train,blind,3.0,0,0.3109929788440381,0.08974479608070518,0.14957464691923097,0.08101939949281046,0.0009509319416149889,0.0158693948000763,1.6320342992638943,1.622779133678979,0.08973481956464376,-0.20499165253444046,0.3222647556307309,0.36401673640167365,1.622779140216278,0.0,239
521,train,blind,3.0,0,0.5020920332959219,0.1437639978143292,0.23960664591779363,0.10935717035536986,0.006466337202981925,0.01615093627586088,1.5715956358730045,1.5722440565979132,0.14352619461338484,-0.19582594302380518,0.2911955844387074,0.36401673640167365,1.5722440524073078,0.0,239
522,train,blind,3.0,0,0.4510805060552793,0.14820742534864004,0.24701234973211106,0.15233929293175621,0.003993914154782953,0.017049875829337657,1.6315080850194188,1.6111206679164616,0.14812441432617385,-0.21184759902647782,0.41084305172260305,0.2719665271966527,1.6111206750602398,0.0,239
523,train,blind,3.0,0,0.5015085087071692,0.14629255068335228,0.24382089362200884,0.1169646257012459,0.005135032484720941,0.01614132408777478,1.575103744802116,1.5663704104004545,0.14617394700262326,-0.19172191342837827,0.25359802961512207,0.4351464435146444,1.5663704237075688,0.0,239
524,train,blind,3.0,0,0.01200688445204372,0.0029983050731194854,0.004997174746859707,0.0,0.0,0.015617272738663472,1.6403704390366207,1.6391891453056655,0.002998305059130772,-0.1968311749823471,0.21970978367310603,0.4602510460251046,1.6391891456943855,0.0,239
525,train,blind,3.0,0,0.4977520082539135,0.14042963170683517,0.23404936390197614,0.12324077645355687,0.004564473319751947,0.016026262414084443,1.602995641560734,1.6106799526693432,0.14029522985204734,-0.1995776132516322,0.2849342710466186,0.3723849372384937,1.6106799509667866,0.0,239
526,train,blind,3.0,0,0.0012663892698259907,0.0003123015836330577,0.0005205026087675061,0.0,0.0,0.016072516331534878,1.6411779565292421,1.6411151297421636,0.00031230159716512113,-0.19305787563233917,0.17077658090744532,0.4895397489539749,1.6411151301412243,0.0,239
527,train,blind,3.0,0,0.4769458410955545,0.14235672959031914,0.23726119459383863,0.1110688480373207,0.0030429822131679647,0.016133309922582436,1.6198856633577388,1.6087059952225147,0.142296346052211,-0.19876404143819343,0.27813881717558386,0.41422594142259417,1.608706000913423,0.0,239
528,train,blind,3.0,0,0.45108052358230005,0.11829193048728956,0.19715319991622715,0.09052871766200125,0.003993914154782953,0.016743519863651513,1.6002549446776322,1.6085326788814496,0.1182034446951148,-0.19324970660647656,0.2200362028546841,0.41422594142259417,1.608532678231598,0.0,239
529,train,blind,3.0,0,0.012006890569388804,0.002830086316820575,0.004716810349940768,0.0,0.0,0.015700331043498786,1.6188184486772226,1.6166115859562382,0.0028300864090486655,-0.19039747874324148,0.18012403928899967,0.5564853556485355,1.6166115854994578,0.0,239
530,train,blind,3.0,0,0.0008817254575398053,0.00019026531325336586,0.0003171088643573959,0.0,0.0,0.015995294418747082,1.62871538096392,1.6286851851012418,0.00019026526837988668,-0.19018713801282222,0.15564260067064303,0.5690376569037657,1.6286851841476309,0.0,239
531,train,blind,3.0,0,0.003041941807975517,0.0006991447624987893,0.0011652412259273931,0.0,0.0,0.016062743895566365,1.6277627231685687,1.6272186055841804,0.0006991448420167863,-0.18988013746831917,0.15674055609958754,0.5815899581589958,1.627218601579188,0.0,239
532,train,blind,3.0,0,0.4926731121291847,0.15369468343269393,0.256157780499326,0.1445416510105133,0.0024724230481989714,0.016894777112535227,1.606366605938229,1.6084335835408965,0.15365261871787475,-0.2043550578107844,0.31837739992284636,0.39748953974895396,1.6084335989705492,0.0,239
533,train,blind,3.0,0,0.0010625911311165598,0.0001955116441730672,0.0003258527259927615,0.0,0.0,0.016247284234302686,1.6317892660655735,1.6316977921390134,0.00019551161750470372,-0.19238649902564117,0.1719932342206,0.47280334728033474,1.6316978022268789,0.0,239
534,train,blind,3.0,0,0.49865054549941856,0.15315310883870628,0.2552551593855934,0.12305059025227774,0.005135032484720941,0.015691927852397435,1.5721419266577046,1.556822012408508,0.1530162296129975,-0.19394902521052004,0.2893260927623965,0.3891213389121339,1.5568220179108179,0.0,239
535,train,blind,3.0,0,0.07326335892778778,0.02045316641216464,0.0340886089179244,0.0024724230481989714,0.0001901863883229978,0.015856123852804615,1.617780598137668,1.6081636789952363,0.020448705322812646,-0.19364706245359012,0.2165939642125879,0.45188284518828453,1.6081636685235814,0.0,239
536,train,blind,3.0,0,0.2781775054950136,0.07673311264962386,0.12788851243781343,0.05876759262015131,0.003993914154782953,0.01554283560896643,1.5650948590314537,1.5575274725339403,0.07654039974595168,-0.1959343865752867,0.30170034719131134,0.3598326359832636,1.5575274779365529,0.0,239
537,train,blind,3.0,0,0.48599371905867245,0.1584490496594588,0.26408172578972333,0.15652339335016627,0.004184100543105951,0.016907354896677714,1.6194539940506842,1.623611143193983,0.15837166848294176,-0.20115876442519828,0.29674471052553486,0.3891213389121339,1.6236111326052187,0.0,239
538,train,blind,3.0,0,0.5020820002946379,0.1481594119024643,0.24693232850311603,0.1354127048074451,0.006656523591304923,0.015313210760761505,1.5567453112063547,1.5491097514599437,0.14798393214230326,-0.19288493432205134,0.2920561440992314,0.3598326359832636,1.5491097509851157,0.0,239
539,train,blind,3.0,0,0.3501149740058049,0.10299603861089791,0.17166005040274754,0.08501331352289751,0.0020920502715529757,0.016938070610757902,1.652682101876167,1.6400718217614305,0.1029562921083266,-0.203768421178235,0.3057657497255111,0.3723849372384937,1.6400718189263075,0.0,239
540,eval,blind,3.0,0,0.20738796240876128,0.042690807902149436,0.07115134325361408,0.005895777850969067,0.0,0.012309595085212875,1.0929367574687783,0.9923085526691819,0.04269080796541069,-0.11827898553503711,0.031009822249918398,0.895397489539749,0.9923085518882369,0.0,239
541,eval,blind,3.0,0,0.12646474479892483,0.00634561397747047,0.010576022690732935,0.0,0.0,0.011303868902667921,0.9910356360000546,1.0126536361343192,0.006345613847416534,-0.11704088957833442,0.00017804682631532092,0.99581589958159,1.0126536390476022,0.0,239
542,eval,blind,3.0,0,0.06536317144762423,0.011192678834095394,0.01865446337188933,0.0,0.0,0.012955299005785247,1.0605213165781986,1.0526985536060574,0.011192678897295763,-0.11349630584018476,0.004451170657883023,0.9790794979079498,1.0526985599091425,0.0,239
543,eval,blind,3.0,0,0.5003441035252276,0.0923981575249238,0.15399692279354146,0.0020920502715529757,0.0,0.009896174663576496,0.9994056262231771,0.8300036522384467,0.09239815745155534,-0.10713494572673157,0.07525445858927565,0.8410041841004184,0.830003650991438,0.0,239
544,eval,blind,3.0,0,0.42329975400295616,0.055269077529467275,0.09211512467868964,0.0,0.0,0.008168929484458524,1.0065456863227749,0.9311393751260127,0.055269077355040275,-0.13783516300195522,0.387785987714769,0.4435146443514644,0.9311393724101044,0.0,239
545,eval,blind,3.0,0,0.27817753698797626,0.03175519038857327,0.05292531391888249,0.0024724230481989714,0.0,0.012175976133137692,1.0201366299365853,1.0556803831994284,0.03175519030686336,-0.1215055860460594,0.012700673610492891,0.9205020920502092,1.055680391264314,0.0,239
546,eval,blind,3.0,0,0.001747928173575944,0.00010032340531126854,0.0001672056698766157,0.0,0.0,0.013731242728392325,1.0974065165140638,1.0974955406647846,0.00010032336791162866,-0.11884642978667359,0.0,1.0,1.0974955391981303,0.0,239
547,eval,blind,3.0,0,0.4706366194916741,0.04180415343126929,0.06967358604283218,0.0,0.0,0.010121438480820116,0.9185795185456216,1.0113620700696522,0.04180415366114693,-0.11457134767524883,0.0,1.0,1.011362074903211,0.0,239
548,eval,blind,3.0,0,0.20738796240876128,0.018466961847027133,0.030778268120598893,0.0,0.0,0.011762572536206021,1.01706113376378,1.0280050009364363,0.018466961881671653,-0.11404613158576637,0.0,1.0,1.0280050022862037,0.0,239
549,eval,blind,3.0,0,0.00020369909520827966,3.605301425062611e-05,6.008835713511574e-05,0.0,0.0,0.014896287664646384,1.1588824134491478,1.1588386943150764,3.605304598780524e-05,-0.12618954112685443,0.0,1.0,1.1588386967927584,0.0,239
550,train,blind,3.0,0,0.15576161381352116,0.047141784672070926,0.07856963526110007,0.02034994311412508,0.0015214911065839823,0.015749026910171972,1.6299714767783258,1.636270909379217,0.04710363776692278,-0.19208051095677603,0.17611798569690496,0.5230125523012552,1.6362709067315289,0.0,239
551,train,blind,3.0,0,0.44882433315462367,0.13596301284372936,0.22660500082230828,0.11373145709975493,0.004754659708074945,0.015749420649196686,1.5602129969636767,1.5331687742696147,0.13577812508103085,-0.19072798182595854,0.2832131517255705,0.36401673640167365,1.5331687731088959,0.0,239
552,train,blind,3.0,0,3.939130826693449e-05,6.069796182756862e-06,1.0116326676975843e-05,0.0,0.0,0.015456563919767052,1.6358885690258138,1.6358821865903783,6.069819015259835e-06,-0.19224125617915033,0.17454523873111963,0.5355648535564853,1.6358821906132255,0.0,239
553,train,blind,3.0,0,0.44414848793262934,0.11679420109223779,0.19465698587907762,0.09071890529728335,0.004754659708074945,0.015191502532060551,1.5256536211428782,1.5252536101321297,0.11658001385683245,-0.1950553030360838,0.33214635449123114,0.3263598326359833,1.5252536035371616,0.0,239
554,train,blind,3.0,0,0.5018883342007137,0.1386576990810084,0.23109614527636332,0.09090909137386657,0.0034233549898139604,0.01571167904345872,1.5703921325535954,1.551693041703691,0.13855147018474778,-0.18959359760166536,0.23333036588622813,0.401673640167364,1.551693050115403,0.0,239
555,train,blind,3.0,0,0.44414846890925763,0.1361797316643194,0.22696619479971544,0.13217953658004186,0.0034233549898139604,0.016804918132441813,1.6611924173941672,1.6353047639755025,0.13611126013259245,-0.21395503466895635,0.39158432000949583,0.29707112970711297,1.6353047685186004,0.0,239
556,train,blind,3.0,0,0.5020920332959219,0.15817738063574383,0.2636289459631097,0.13198935019171887,0.0030429822131679647,0.01644366145305429,1.6264551119824333,1.5928148138473224,0.15812765520709474,-0.2108812308110303,0.4138995222410161,0.3054393305439331,1.5928148079227544,0.0,239
557,train,blind,3.0,0,0.00484126768363289,0.0012500848828890544,0.0020834746755095525,0.0,0.0,0.015938003853384296,1.6118067884544947,1.6110978787414199,0.0012500848789390314,-0.1877696692240442,0.1401822012522627,0.5690376569037657,1.6110978870678696,0.0,239
558,train,blind,3.0,0,0.003041941807975517,0.0008515108410807504,0.0014191846309270404,0.0,0.0,0.01628491398780977,1.6234077130401483,1.6228182769719526,0.0008515108512107709,-0.19646444410628686,0.22813733345203122,0.4895397489539749,1.6228182857428082,0.0,239
559,train,blind,3.0,0,0.09973254793120946,0.023164523992867902,0.038607538784737515,0.0013313047182609845,0.0001901863883229978,0.015354801010278104,1.5981384695324439,1.5897796291187718,0.023159030170539167,-0.18821613819140096,0.17163714056796933,0.5397489539748954,1.589779630315386,0.0,239
560,train,blind,3.0,0,0.5010294404741651,0.12309828677198349,0.20516379361291318,0.0793077222472953,0.004184100543105951,0.015225889457381918,1.5252518105207626,1.5116428351302527,0.12291907680972745,-0.198646705509019,0.39467046499896136,0.24686192468619247,1.5116428463504836,0.0,239
561,train,blind,3.0,0,0.33866766505446294,0.10141051961469491,0.16901751996192615,0.08919741356721982,0.007797641921242909,0.015318425697621317,1.5104296212415815,1.5052469125851429,0.10102043713678735,-0.20434371428711764,0.42206000178046826,0.27615062761506276,1.5052469116145422,0.0,239
562,train,blind,3.0,0,0.02819465429997744,0.007650571781447815,0.01275095209395552,0.0,0.0,0.01601233071487818,1.6231986406457972,1.6175435833851164,0.007650571686951697,-0.19254721411894635,0.19169708299949553,0.5188284518828452,1.6175435862488536,0.0,239
563,train,blind,3.0,0,0.3269574497412977,0.09243265326028857,0.1540544070160813,0.08425256778256165,0.003613541378136958,0.016095468211357936,1.5900719524926221,1.578329368864642,0.0923151618912754,-0.1995809622601957,0.3362414314964836,0.3138075313807531,1.5783293622044223,0.0,239
564,train,blind,3.0,0,0.0007224776207325224,0.0002641192771395509,0.0004401987810764329,0.0,0.0,0.017506624344019336,1.6634837673298983,1.6629788087501685,0.0002641192482488238,-0.19419717500542688,0.15846167542063563,0.5606694560669456,1.6629788169570896,0.0,239
565,train,blind,3.0,0,0.0020282095075691135,0.0006141638979182416,0.0010236064395277905,0.0,0.0,0.016001295265215584,1.5961423758183564,1.5962678258887892,0.0006141639422665732,-0.1887589947924968,0.17724561559690197,0.49372384937238495,1.5962678247688324,0.0,239
566,train,blind,3.0,0,0.34251425579287914,0.095306967193168,0.158844930038407,0.08425256796960551,0.0030429822131679647,0.01603822298270015,1.577635218408816,1.587579947136436,0.0952308571389013,-0.1994977704777888,0.3104839906228672,0.36401673640167365,1.5875799338462626,0.0,239
567,train,blind,3.0,0,0.4653420398303694,0.13318210735783262,0.2219701576428466,0.11354127133491149,0.008938760251180896,0.014414163486580034,1.4882601045664385,1.4606485651127963,0.13271776997637336,-0.20043213151035205,0.4420902697409419,0.24686192468619247,1.4606485578633919,0.0,239
568,train,blind,3.0,0,0.6018140733497821,0.1971898833367626,0.3286497650838549,0.22887323933168197,0.004801536634774275,0.017351798864055266,1.5969159703859142,1.622229109767457,0.19711674504702695,-1.6218830301616214,0.41254619918090096,0.2605633802816901,1.6222291126689437,0.007042253521126761,142
569,train,blind,3.0,0,0.012006890569388804,0.003004276932500121,0.005007128008085346,0.0,0.0,0.01572039557589709,1.5630769086183365,1.5606645679872904,0.003004276991818964,-0.1867533195668634,0.19163773405739043,0.49372384937238495,1.560664567088371,0.0,239
570,eval,blind,3.0,0,0.10614912902745642,0.017670041162620317,0.029450067589914017,0.0,0.0,0.012225104366316145,1.0354511079429083,1.0080463377501676,0.017670041436195563,-0.11711662608000188,0.09923143119973885,0.8200836820083682,1.0080463340789483,0.0,239
571,eval,blind,3.0,0,0.20738793141458225,0.03740145386212869,0.06233575425043052,0.003993914092434999,0.0,0.011123600639948411,1.0391766995066878,0.971401799797513,0.03740145346222501,-0.12741587389579664,0.22982877830202678,0.6861924686192469,0.9714018040745678,0.0,239
572,eval,blind,3.0,0,0.5017308984838317,0.04781224515853975,0.07968707174044706,0.0,0.0,0.009387125025374745,0.866545017419001,0.9322018360243681,0.047812245461907606,-0.10973280922490815,0.10083385263657675,0.7824267782426778,0.9322018370711488,0.0,239
573,eval,blind,3.0,0,0.3926658787366775,0.09389226305202823,0.15648709264714245,0.045074172972635246,0.0,0.009688367887894978,0.9497993099639606,0.8624815652809382,0.09389226275166666,-0.1141522505773149,0.20516929285735483,0.6820083682008368,0.8624815631484448,0.0,239
574,eval,blind,3.0,0,0.30694783156671684,0.04529907461219257,0.07549845302511819,0.0030429822131679647,0.0,0.011694332712357201,1.0157053403275782,1.0435222151638575,0.04529907460222238,-0.12894980564421613,0.16297219502062377,0.6569037656903766,1.0435222190572766,0.0,239
575,eval,blind,3.0,0,0.0023364927420596237,0.0005623819976550659,0.0009373032647025748,0.0,0.0,0.01587687034908074,1.178479312354052,1.1768788839982642,0.0005623820020389065,-0.12750427769455713,0.0,1.0,1.17687888161034,0.0,239
576,eval,blind,3.0,0,1.0033076722564557e-05,4.2681240758694955e-06,7.1135397306857745e-06,0.0,0.0,0.015455112091137027,1.1680546617408178,1.168036332439678,4.268123740992785e-06,-0.1270072405728064,0.0,1.0,1.1680363425180356,0.0,239
577,eval,blind,3.0,0,0.1445073664815396,0.020819095367050407,0.03469848987319074,0.0,0.0,0.013087983218812731,1.0466293948215422,1.062127462490832,0.020819095454970765,-0.119419288772371,0.0009495830736817116,0.9707112970711297,1.062127461210238,0.0,239
578,eval,blind,3.0,0,0.1751345835546242,0.021379516402676664,0.035632525264217556,0.0,0.0,0.012640531829492069,0.9988813630955987,0.9567866801716792,0.02137951621334955,-0.10633763589152888,0.0,1.0,0.9567866829187156,0.0,239
579,eval,blind,3.0,0,0.17513455355801244,0.027579512395132955,0.04596585193887458,0.0003803727766459956,0.0,0.01161630212516372,1.0267317913566174,0.9937073438736186,0.02757951246798386,-0.12024254886780793,0.14344639306804355,0.7573221757322176,0.9937073424925215,0.0,239
580,train,blind,3.0,0,0.24477059851891544,0.07340903818639236,0.12234838359382064,0.07189045304035042,0.0017116774949069802,0.016874714466162555,1.6131422120656926,1.6110861498441655,0.07337992327862503,-0.19680629121450632,0.23249948069675655,0.38493723849372385,1.6110861615811154,0.0,239
581,train,blind,3.0,0,0.5010294421648054,0.15845225456673478,0.2640870693999908,0.14149866885969328,0.0030429822131679647,0.016988784384574726,1.6202599872605072,1.6158815540030411,0.15837438457947048,-0.2028130622646795,0.3013145790676281,0.37656903765690375,1.6158815605586774,0.0,239
582,train,blind,3.0,0,0.5020268857079679,0.15646565945957963,0.2607760756540735,0.127805249523917,0.0015214911065839823,0.01668569925494461,1.616163258772016,1.5738691510515732,0.15644987218304066,-0.20535530443130798,0.3758568503516425,0.3682008368200837,1.573869146520226,0.0,239
583,train,blind,3.0,0,0.12297281284996057,0.01985630234162748,0.03309383582724485,0.0,0.0,0.01545403358062815,1.5844623798107003,1.5841509253410115,0.019856302464253243,-0.18834047628050304,0.1810439478916288,0.49372384937238495,1.5841509323954832,0.0,239
584,train,blind,3.0,0,0.5020884493196984,0.1522851823684813,0.2538086145721224,0.13427158604107142,0.005705591649689934,0.01612344688724212,1.5868257915125732,1.5804863145660655,0.15212355383447634,-0.1975093635847846,0.30143327695183836,0.36401673640167365,1.5804863130496207,0.0,239
585,train,blind,3.0,0,0.012959521485526197,0.0033234579205329365,0.0055390962601199,0.0,0.0,0.016825981671964772,1.6587769845539555,1.6575931011383505,0.003323457951554697,-0.19336027152192847,0.15715599869432326,0.5774058577405857,1.6575930924990443,0.0,239
586,train,blind,3.0,0,0.19109905445188377,0.06005059627798546,0.10008431759029218,0.05249144174314443,0.0011411183299379866,0.016219908500160383,1.6295514056872125,1.6266746296543457,0.06002652049239077,-0.19268759633249247,0.17427816849164665,0.5230125523012552,1.626674632378228,0.0,239
587,train,blind,3.0,0,0.4900851427265331,0.146678874974949,0.24446476883794765,0.12248003052617716,0.002662609436521969,0.016906239004673196,1.6022596643559603,1.6119223678461179,0.14663574578387006,-0.20293498885447808,0.3144306952728568,0.301255230125523,1.6119223670305498,0.0,239
588,train,blind,3.0,0,0.012006890569388804,0.0025762216334811326,0.004293702541777199,0.0,0.0,0.016941576071909655,1.6233674335180466,1.6236684165240332,0.002576221591377997,-0.19045881028299635,0.16869936793376655,0.5439330543933054,1.6236684191845012,0.0,239
589,train,blind,3.0,0,0.00484126768363289,0.0012032058622638616,0.0020053430095560475,0.0,0.0,0.01598856395313119,1.6373474213867507,1.636228747946448,0.0012032059344145708,-0.18829346738485678,0.12451408053651443,0.5941422594142259,1.6362287650228413,0.0,239
590,train,blind,3.0,0,0.03145542497177721,0.007755592713955323,0.01292598703397264,0.0,0.0,0.016430567316788883,1.629786597385566,1.627935764430457,0.0077555927448476995,-0.18609417279604443,0.11032968337339388,0.5815899581589958,1.6279357675961164,0.0,239
591,train,blind,3.0,0,0.10291766645305227,0.03108221144694086,0.05180368133588676,0.012171928727975949,0.0003803727766459956,0.016864849842897767,1.6144192051687998,1.6163831235973407,0.03107887383030403,-0.20035736761636788,0.2838659900887266,0.3807531380753138,1.6163831378131581,0.0,239
592,train,blind,3.0,0,0.5019461374421663,0.13839461030399802,0.23065766521012923,0.09376188694931972,0.004754659708074945,0.015587301428963637,1.5102012768450142,1.5046358983885793,0.138193458351787,-0.19225186872761,0.3204249384254726,0.3389121338912134,1.5046359080392304,0.0,239
593,train,blind,3.0,0,0.42045798061068984,0.11767025542319202,0.19611707619998361,0.09414225991300958,0.007797641921242909,0.015452990941625385,1.5082397361180773,1.4781343605229047,0.11721778324363376,-0.19988502774548253,0.4075491854357696,0.2928870292887029,1.4781343679825432,0.0,239
594,train,blind,3.0,0,0.0010625928217568533,0.00031084115474502394,0.0005180685599256603,0.0,0.0,0.016327418416161792,1.6365482926867496,1.6362777676542433,0.0003108411160819856,-0.19154190102039553,0.159500281907475,0.48535564853556484,1.6362777608698504,0.0,239
595,train,blind,3.0,0,0.025146201497458203,0.005445794940820922,0.009076324336492081,0.0,0.0,0.016696224372958663,1.6271432433667044,1.62774662043759,0.005445795142721135,-0.19010678547037646,0.14525653580224931,0.5397489539748954,1.6277466212144172,0.0,239
596,train,blind,3.0,0,0.5020268853461184,0.15101446192430448,0.2516907489199074,0.12514264058617866,0.0009509319416149889,0.01602905859710906,1.5904298093029645,1.5724531030555151,0.15099081012658452,-0.20155454782789142,0.34769577732276924,0.3891213389121339,1.5724531084324735,0.0,239
597,train,blind,3.0,0,0.0,0.0,0.0,0.0,0.0,0.016582592895106416,1.613778631058697,1.613778631058697,0.0,-0.19834770112359087,0.2639544200124633,0.41841004184100417,1.6137786339475457,0.0,239
598,train,blind,3.0,0,0.459246640042453,0.14536801287085638,0.24227999878412748,0.11638361657713796,0.0029970030863206466,0.016714945266657805,1.5898230180635557,1.635860942877256,0.14531089917111856,-2.4119863619003166,0.41867352505650374,0.2857142857142857,1.635860926592392,0.01098901098901099,91
599,train,blind,3.0,0,0.4797851131429772,0.1656788900359803,0.2761314527120231,0.19341955212369624,0.002662609436521969,0.017506557614172354,1.6220510928700658,1.6277802299754889,0.16562904696692382,-0.220359067998264,0.45838155434879374,0.2594142259414226,1.6277802268843933,0.0,239
600,eval,blind,3.0,0,0.025146192200367425,0.0071160799890554955,0.011860132837598894,0.0,0.0,0.014827599647653652,1.1937857946092614,1.1650606765407898,0.0071160800846780175,-0.12951705488345677,0.0,1.0,1.165060682298544,0.0,239
601,eval,blind,3.0,0,0.39594290426846546,0.02467574541350811,0.04112624026207588,0.0,0.0,0.010122153568997294,0.847083499740856,0.9145854338691823,0.02467574538166438,-0.10047739743780967,0.0,1.0,0.9145854341783056,0.0,239
602,eval,blind,3.0,0,0.04253382063096937,0.006446060076691785,0.010743432914887878,0.0,0.0,0.01432534261649498,1.1318356213958691,1.1152219488032193,0.006446060156301112,-0.1220657211819196,0.0,1.0,1.1152219463074549,0.0,239
603,eval,blind,3.0,0,0.0005835234280700004,0.00016307733312714845,0.00027179554348108145,0.0,0.0,0.015260597990989435,1.1915769749106722,1.1910809899473789,0.00016307735078428408,-0.12905885238371764,0.002195910857888958,0.99581589958159,1.1910809931419553,0.0,239
604,eval,blind,3.0,0,0.3575846668143823,0.03630078379428292,0.06050130313273425,0.0,0.0,0.01025896185276461,0.8862976628866156,0.8485907175301508,0.036300783514569536,-0.09994472633467268,0.0,1.0,0.8485907157894353,0.0,239
605,eval,blind,3.0,0,0.45752092677940104,0.051358960445761576,0.08559826218085798,0.002662609436521969,0.0,0.010889635082318693,0.9374694546146871,1.0411838472637671,0.0513589604246339,-0.1230341482305658,0.07207929018665242,0.6820083682008368,1.0411838379961837,0.0,239
606,eval,blind,3.0,0,0.3612674953427315,0.026699826098741306,0.04449970799245702,0.0,0.0,0.010929552228365358,0.9289535838939156,1.026566061265299,0.02669982606266595,-0.1126581914519714,0.0005638149499985163,0.9790794979079498,1.0265660673869512,0.0,239
607,eval,blind,3.0,0,0.4836600335450891,0.04736010009493161,0.07893349557957187,0.0019018638832299778,0.0,0.011208814188884766,0.9450366863645769,1.071368992079252,0.04736009989604529,-0.12332603371980973,0.016469331434167185,0.7615062761506276,1.0713689900695946,0.0,239
608,eval,blind,3.0,0,0.00014589538669387058,3.688894795540284e-05,6.148157576508196e-05,0.0,0.0,0.014715007284196351,1.1590115989102479,1.1588882272712355,3.6888869868242666e-05,-0.12720412069894957,0.0,1.0,1.1588882260166287,0.0,239
609,eval,blind,3.0,0,0.3501149740058049,0.055524988585732224,0.09254164238491171,0.0011411183299379866,0.0,0.010101843450927647,1.0899361320868695,1.0057427577643214,0.05552498901741875,-0.12521413143874977,0.1749903557969079,0.6861924686192469,1.0057427584689083,0.0,239
