episode,phase,arm,sigma,direct,A,load,load_frac,sat,clipped,x_std,q_cmd_abs,q_exec_abs,resid_after,reward,v_out,cr,q_loss,destroy,steps
0,train,blind,3.0,0,0.37911919344205136,0.07775162879678262,0.09718953050822424,0.05718270729775209,0.016736402172423805,0.016724078637395817,0.7635183501443105,0.7752665672840933,0.07595958222741521,-0.10768391971672349,0.1929757829339419,0.3179916317991632,0.7752665693450096,0.0,239
1,eval,blind,3.0,0,0.41462239765982967,0.050357422123981685,0.06294677269272834,0.07949791031901307,0.0,0.007973552561802478,0.17243567339795404,0.28102200612363454,0.05035742254090795,-0.0429726308474654,0.0,1.0,0.2810220049427236,0.0,239
2,eval,blind,3.0,0,0.496713411596384,0.04442842768533174,0.055535531453376384,0.056485357331930344,0.0,0.006419114063437405,0.15127764430255572,0.2449124664317614,0.044428427753720794,-0.04244475125281157,0.08900722708254091,0.4309623430962343,0.24491246722626417,0.0,239
3,eval,blind,3.0,0,0.0008817254575398053,1.6541509169286784e-05,2.067688475035995e-05,0.0,0.0,0.00173228983482381,0.16401805179232584,0.16404592868517384,1.654152357659616e-05,-0.03673444440291695,0.03220489412958032,0.7866108786610879,0.1640459288523382,0.0,239
4,eval,blind,3.0,0,0.19514417073502602,0.023929973771149107,0.029912465105131163,0.007670850995694244,0.0,0.0031659089220750095,0.1661395930283738,0.19765146039270456,0.023929973861376498,-0.03948094792571957,0.011030810193990109,0.9456066945606695,0.19765146062592046,0.0,239
5,eval,blind,3.0,0,0.2405893336158956,0.027366281954075103,0.034207850563569266,0.03486750452588293,0.0,0.005074576248227771,0.16527956443601075,0.22345038450412671,0.027366281595310838,-0.04859878919854261,0.16140484341321162,0.48535564853556484,0.22345038405319265,0.0,239
6,eval,blind,3.0,0,0.04457110651652085,0.0017774925765515718,0.0022218656514406236,0.0,0.0,0.0018548706188899267,0.16761307430815997,0.17025090024561065,0.0017774926250563703,-0.039507530724386966,0.021934829466210223,0.7824267782426778,0.17025089930885554,0.0,239
7,eval,blind,3.0,0,0.4417291495469365,0.0516454914601787,0.06455686014017424,0.07670850995694244,0.0,0.008018289316176713,0.16254070532122417,0.274032913366621,0.05164549133034548,-0.04793900528485192,0.09306453657918093,0.6861924686192469,0.27403291351300557,0.0,239
8,eval,blind,3.0,0,0.4977520082539135,0.04062171461020367,0.0507771397279844,0.047419806155200785,0.0,0.005601106178420732,0.14628981455973503,0.2264630494631484,0.04062171462433318,-0.04433316032118432,0.14669709648789148,0.2803347280334728,0.2264630483421256,0.0,239
9,eval,blind,3.0,0,0.17120400338753217,0.013800444390422686,0.017250554602969904,0.011854951538800196,0.0,0.003332860811436198,0.1676136440437708,0.1967187428449487,0.013800444420538759,-0.04102389654303499,0.003550145809560035,0.9414225941422594,0.1967187426078085,0.0,239
10,eval,blind,3.0,0,0.00010017924373394666,7.7386231867224e-06,9.673277500955177e-06,0.0,0.0,0.001750301623036968,0.16675440917204615,0.1667615906588702,7.738588382377035e-06,-0.038202573589941065,0.026372511728160263,0.7698744769874477,0.16676159088643355,0.0,239
11,train,blind,3.0,0,0.4961388843030782,0.11980082140267373,0.14975101666440496,0.09065551158025174,0.023012552987082734,0.017983625411098846,0.8650484045803797,0.8529437951213645,0.11710106576960638,-0.1066562393175052,0.1090401927222011,0.4560669456066946,0.8529437897594552,0.0,239
12,train,blind,3.0,0,0.20738793141458225,0.049958724937161574,0.062448403156709166,0.03974895503481063,0.014644351776174921,0.017578752974445725,0.843107220954476,0.8486623163627282,0.04800123285984905,-0.11271308267312463,0.1574743248383416,0.41422594142259417,0.8486623198698203,0.0,239
13,train,blind,3.0,0,0.5019918537838604,0.11835141912917424,0.14793926644904093,0.08856346130869877,0.021617852806047416,0.017472355119946364,0.8645790271679228,0.8430495377489713,0.1157461941658622,-0.10896286888878573,0.1307214403448713,0.3891213389121339,0.8430495414984391,0.0,239
14,train,blind,3.0,0,0.0043400218550171355,0.0009958975811002564,0.00124487189258384,0.0,0.0,0.01659415583720501,0.8319758181791426,0.8318260149975701,0.0009958975228317088,-0.11057806680106691,0.16127805249144161,0.41422594142259417,0.8318260158838909,0.0,239
15,train,blind,3.0,0,0.3501149740058049,0.07587226730946472,0.0948403292634082,0.06624825828743779,0.016736402172423805,0.016797178142380638,0.8193909499685136,0.8262088856188323,0.07444696512472726,-0.1038805595923616,0.10244706479016102,0.4769874476987448,0.8262088837173156,0.0,239
16,train,blind,3.0,0,0.45752092677940104,0.10124417842450982,0.12655521485587437,0.08089261043770044,0.029986053892259317,0.01631642591352399,0.7796175321525111,0.7805554487715206,0.09789809128874767,-0.1043321767261454,0.14593635095727148,0.3514644351464435,0.7805554507043091,0.0,239
17,train,blind,3.0,0,0.4881335476829956,0.11798629096730229,0.14748285606368897,0.0948396119986618,0.028591353711224,0.01825778420126089,0.8426748788506416,0.8418721563521788,0.11456612811655847,-0.10975311873499653,0.14618993280081147,0.3514644351464435,0.8418721551885411,0.0,239
18,train,blind,3.0,0,0.36126752409238416,0.07562460794660826,0.09453075452373805,0.05927475744460916,0.020223152562664142,0.01656552618973456,0.7944435603823123,0.7950403562524827,0.07308369912620243,-0.10093206183465435,0.11043489286167112,0.42677824267782427,0.795040352217315,0.0,239
19,train,blind,3.0,0,0.3269574497412977,0.07731763944900792,0.09664704355038727,0.07740585986041623,0.023709902952904482,0.01775995720466248,0.8408206941941792,0.8362528184218386,0.07460521820417039,-0.11196908025652301,0.1589958158995816,0.3807531380753138,0.8362528139674857,0.0,239
20,train,blind,3.0,0,0.4510805060552793,0.10086864185100677,0.12608579446282894,0.08158996034117423,0.01743375220059351,0.017357646053165945,0.849321103682079,0.8450114521895492,0.0989288515231245,-0.11090529796474116,0.15645999746418154,0.3179916317991632,0.8450114549010793,0.0,239
21,train,blind,3.0,0,0.4367288618482977,0.09920124170691363,0.12400154473137694,0.08089261012596066,0.027894003558358388,0.016562154176099436,0.7916519069521996,0.7885847660911632,0.09588162584889584,-0.10493270225706637,0.14504881450488144,0.3723849372384937,0.7885847656364636,0.0,239
22,train,blind,3.0,0,0.38934417804177057,0.08620669229493916,0.10775835962930953,0.07461645924895378,0.03138075407329464,0.016772198463521244,0.8070802492202576,0.8214085593383182,0.08306795340665825,-0.10549714065493636,0.13122860403195133,0.3723849372384937,0.8214085576495219,0.0,239
23,train,blind,3.0,0,0.43414843287689137,0.09839750590272997,0.1229968736461921,0.08716876112766346,0.02510460325863571,0.017675048278578437,0.8572855819967501,0.8544481999579833,0.09588489731192479,-0.10851314158789001,0.11690122987194117,0.4811715481171548,0.8544482028209623,0.0,239
24,train,blind,3.0,0,0.21976542770897894,0.048628111562637015,0.060785136146923414,0.027894003558358388,0.008368201086211903,0.016333454211581513,0.8096550938100495,0.8102599002077988,0.04787758811127567,-0.10709356050736092,0.1374413591986814,0.3682008368200837,0.8102599025756312,0.0,239
25,train,blind,3.0,0,0.2988020511427855,0.06431686068279145,0.08039607076002597,0.03974895509715858,0.015341701991388488,0.016665935432820904,0.8129709038774339,0.8134557405276278,0.06258704115575273,-0.10363197428715003,0.12501584886522124,0.3682008368200837,0.813455742039555,0.0,239
26,train,blind,3.0,0,0.4754479658978925,0.10892308554486978,0.13615384786467702,0.0934449120670183,0.02928870380174166,0.01699385294597206,0.7770578724071072,0.7968519734039466,0.10592816662053135,-0.1060945624950402,0.15379738810701157,0.301255230125523,0.7968519722208482,0.0,239
27,train,blind,3.0,0,0.4738973789959445,0.11286445246864729,0.1410805571225157,0.09553696196448354,0.026499303439671027,0.01776266726275524,0.8515340662152199,0.8500600811327851,0.1099703673498423,-0.10862384479713005,0.12412831241283126,0.4100418410041841,0.8500600818247445,0.0,239
28,train,blind,3.0,0,0.2864649897415939,0.06295621653926638,0.07869526557071793,0.052301256601780526,0.01394700181035317,0.016283619202961796,0.8161303081771819,0.8164030455645158,0.0611103764609066,-0.10423011015911736,0.12488905794345127,0.3514644351464435,0.8164030472917699,0.0,239
29,train,blind,3.0,0,0.0010625911311165598,0.00027969688883150646,0.0003496211191677541,0.0,0.0,0.017041017343270667,0.839451319752378,0.839357193793213,0.0002796970150648045,-0.10787568294245237,0.12374793964752122,0.42677824267782427,0.8393571974204,0.0,239
30,eval,blind,3.0,0,0.49905009486198143,0.07944326627630023,0.09930407832458917,0.0,0.0,0.007682471615983228,0.5977476889493575,0.4806021184477347,0.07944326598587079,-0.061106790341180384,0.009509319132750094,0.7656903765690377,0.48060211715743856,0.0,239
31,eval,blind,3.0,0,0.025146201497458203,0.0058854308509089836,0.007356788071896418,0.0,0.0,0.010450115555967497,0.588245040327934,0.5793127195605673,0.005885430921841959,-0.0684923524463717,0.0,1.0,0.5793127179394393,0.0,239
32,eval,blind,3.0,0,0.3575846380647296,0.06019807824606885,0.07524759473044583,0.028591353711224,0.0,0.008848992773530436,0.5782423015668302,0.5265831075078773,0.0601980785787993,-0.06815346856671585,0.07087612526943068,0.5564853556485355,0.526583108350485,0.0,239
33,eval,blind,3.0,0,0.017240600663365867,0.004194887418246455,0.005243609008449544,0.0,0.0,0.010570102133573848,0.5868598232708216,0.5804918226337832,0.004194887480929286,-0.06833642504665885,0.0,1.0,0.5804918209191169,0.0,239
34,eval,blind,3.0,0,0.475447956226714,0.07484928660775633,0.09356160366616495,0.0,0.0,0.007876688261832028,0.5981226371421974,0.4865973104243498,0.07484928682073792,-0.058646160526681694,0.0015214910612400153,0.9707112970711297,0.48659730991323114,0.0,239
35,eval,blind,3.0,0,7.168495677855786e-07,1.143253867214382e-07,1.4290673340179774e-07,0.0,0.0,0.010714349814273697,0.589613658239652,0.5896134678913459,1.1432046251163027e-07,-0.06929578899459327,0.0,1.0,0.5896134709617261,0.0,239
36,eval,blind,3.0,0,0.49905009486198143,0.07211911787771706,0.09014889361171459,0.0,0.0,0.006987824948372078,0.5559945352780769,0.44727604402907223,0.07211911823749642,-0.06484054338562292,0.12400152149106124,0.16317991631799164,0.44727604479554,0.0,239
37,eval,blind,3.0,0,0.43414843287689137,0.06464140592369133,0.08080175336694859,0.0,0.0,0.007907021747878655,0.5855141124964758,0.48943873479276523,0.06464140570784807,-0.06233266255676079,0.04780017750729049,0.5355648535564853,0.48943873506020735,0.0,239
38,eval,blind,3.0,0,0.02230692015294469,0.005297333117211934,0.006621665990054505,0.0,0.0,0.010541019850180612,0.5848656798631078,0.5768250339824286,0.0052973329534876665,-0.06742853604398186,0.0,1.0,0.5768250299316995,0.0,239
39,eval,blind,3.0,0,0.4653420398303694,0.07371484185576599,0.09214354761045428,0.00488145063362361,0.0,0.00836812601927434,0.6042898907072873,0.5030678876648388,0.07371484210214392,-0.06398230763043446,0.0058323824014200575,0.8870292887029289,0.503067888221197,0.0,239
40,train,blind,3.0,0,0.1830709686913921,0.04226378543525353,0.05282972894000595,0.032775454191981995,0.008368201086211903,0.017059584027429006,0.8174574987409504,0.8203819293107947,0.041310107281692945,-0.10465582841247234,0.11474578420185115,0.401673640167364,0.8203819317065735,0.0,239
41,train,blind,3.0,0,0.10942615455924436,0.031294441147301046,0.03911804890066602,0.01882845244397678,0.010460251357764879,0.01738150620240734,0.8434378261596089,0.8505347938467768,0.03039835328138499,-0.1074857827479781,0.11246354760999111,0.45188284518828453,0.8505347902002881,0.0,239
42,train,blind,3.0,0,0.42329975400295616,0.09543426214781807,0.11929282149791395,0.07670850952050676,0.033472804157803744,0.016656604527289273,0.8176888369616105,0.8185572773218155,0.09194461618290196,-0.10791390840311739,0.15975656143020162,0.3054393305439331,0.8185572717433299,0.0,239
43,train,blind,3.0,0,0.1712039733909204,0.04441053974290272,0.05551317129735923,0.030683403858081066,0.014644351838522874,0.016421595812389417,0.8094362319762737,0.8208539947929742,0.042968399021077984,-0.11125782317761664,0.1805502726004818,0.2928870292887029,0.8208539949439243,0.0,239
44,train,blind,3.0,0,0.4085878752840285,0.09311324110909847,0.11639154423487925,0.07531380946416735,0.03138075407329464,0.016608603528572175,0.8048201624818426,0.808714015214513,0.08951694196005835,-0.10510225620945543,0.13503233168505135,0.3472803347280335,0.8087140159192057,0.0,239
45,train,blind,3.0,0,0.051011509713621825,0.012880031783942321,0.01610003884573161,0.0,0.0027894003620706344,0.016097641358089682,0.8214400304037158,0.8200640633515234,0.012689430321020972,-0.10495778684974386,0.1214657030556612,0.401673640167364,0.8200640597628411,0.0,239
46,train,blind,3.0,0,0.15576158431569304,0.03959675234365635,0.0494959374387599,0.023012552862386824,0.011157601385934583,0.016415087131113126,0.8386603767777088,0.8427765383755312,0.03790000889903735,-0.10991558187136549,0.14352732344364144,0.42677824267782427,0.8427765427526205,0.0,239
47,train,blind,3.0,0,0.5018883339752502,0.1189494793056933,0.1486868387693454,0.08856346130869877,0.026499303439671027,0.016211584970748604,0.8336012888403617,0.8264491104805319,0.11624244692230531,-0.11070842030666142,0.16609610751870166,0.3807531380753138,0.8264491070245026,0.0,239
48,train,blind,3.0,0,0.11952208523755692,0.031296570975903715,0.039120712086857176,0.015341701991388488,0.008368200961515993,0.017169783416956227,0.8413946186523558,0.8403913747191928,0.030231074686990232,-0.1089517414070477,0.12653733992646127,0.3682008368200837,0.8403913726661945,0.0,239
49,train,blind,3.0,0,0.06536319171795504,0.016507258845373737,0.020634072297843316,0.0020920502715529757,0.0,0.016588032346464318,0.8387008054984664,0.8345768325747805,0.01650725908102039,-0.10401602117778871,0.10396855585140102,0.4769874476987448,0.8345768270180333,0.0,239
50,train,blind,3.0,0,0.2698529906927464,0.06030490244029732,0.0753811223293113,0.048117156121022533,0.011157601448282537,0.016556762742408585,0.7946618219299795,0.7980738948079832,0.058963152006517285,-0.10042265651812912,0.10422213769494106,0.4435146443514644,0.7980738908515794,0.0,239
51,train,blind,3.0,0,0.5015085098678519,0.11114952840093278,0.138936902320166,0.08926081139921643,0.022315202834217118,0.017711870753202415,0.7979295864763619,0.8092485864541521,0.1084136304363185,-0.1041257423127282,0.1195638392291112,0.401673640167364,0.8092485859742123,0.0,239
52,train,blind,3.0,0,0.5012103088587818,0.12234256593995166,0.15292819741606836,0.09344491181762647,0.023012552987082734,0.017430565628772564,0.8076938555330412,0.812810337131991,0.11924237828712633,-0.10670817234702129,0.14479523266134145,0.3723849372384937,0.8128103386659353,0.0,239
53,train,blind,3.0,0,0.34251428529070727,0.07586757439755454,0.09483446160960754,0.06345885805006307,0.01952580253449444,0.016399871755710893,0.806946680510892,0.8029236396985074,0.07336545108959566,-0.10438752341037952,0.1281856219094713,0.3807531380753138,0.8029236391828544,0.0,239
54,train,blind,3.0,0,0.15576158431569304,0.03928905130805064,0.04911131066347255,0.0251046031339398,0.013947001748005217,0.01774766837309064,0.8257639347010577,0.824406189399783,0.037904757145762046,-0.11230305377819298,0.19107391910739194,0.33472803347280333,0.8244061910738398,0.0,239
55,train,blind,3.0,0,0.44414848793262934,0.10495732150837087,0.13119664376883605,0.08577406082193223,0.028591353648876047,0.017022747231772068,0.8248288536670317,0.8339471032679331,0.10221092321748736,-0.11118602297892849,0.17256244452897168,0.3598326359832636,0.8339471047100838,0.0,239
56,train,blind,3.0,0,0.2322390740961382,0.0472335529748497,0.059041937179804396,0.02510460325863571,0.006276150814658927,0.016031235379505918,0.7914653869353577,0.7878918595393831,0.04654462710263124,-0.10188697559817383,0.12387473056929126,0.3807531380753138,0.7878918603939103,0.0,239
57,train,blind,3.0,0,0.1371777911142497,0.03426241017363259,0.042828010643465114,0.01952580253449444,0.005578800724141269,0.016685767226879755,0.8280198746146518,0.8346644334463894,0.03365256817127085,-0.10857624777332445,0.14441485989603145,0.40585774058577406,0.8346644359529527,0.0,239
58,train,blind,3.0,0,0.7008225094704401,0.19090954143376576,0.238636909141427,0.1746031790971756,0.06349206538427443,0.018888596711414202,0.826648895229612,0.8994551442918324,0.18319886142299288,-9.654080277146488,0.2987012987012987,0.14285714285714285,0.8994551433826894,0.047619047619047616,21
59,train,blind,3.0,0,0.40549756067851994,0.09159183299770383,0.11448978423235318,0.07949791006962126,0.017433752262941464,0.01705629502960859,0.8345999297487187,0.831406375229608,0.08945717699619359,-0.11262231617988178,0.17864840877393182,0.301255230125523,0.8314063764684257,0.0,239
60,eval,blind,3.0,0,0.06283617998029117,0.014479091908138782,0.018098864054922784,0.0,0.0,0.011643755493225787,0.6007827044032109,0.5787638857274874,0.01447909186714683,-0.07031456423478019,0.0,1.0,0.5787638810457514,0.0,239
61,eval,blind,3.0,0,0.5005976261530134,0.08992514881197262,0.11240642922832392,0.0,0.0,0.008249985021987158,0.6119782814919699,0.4759495345618436,0.08992514862040792,-0.06048320039875769,0.0,1.0,0.47594953629874165,0.0,239
62,eval,blind,3.0,0,0.15957777750304272,0.029312067750583707,0.03664008309377506,0.0,0.0,0.010815537051457491,0.5969325610783309,0.552526429108496,0.029312067198935213,-0.07110756630834685,0.07607455306200078,0.5062761506276151,0.5525264286840558,0.0,239
63,eval,blind,3.0,0,0.09046233746581896,0.018800436099744612,0.023500544200637952,0.0,0.0,0.011454770483746813,0.6040721090518281,0.5772581977076111,0.01880043619104418,-0.06896805075985617,0.019272220109040193,0.6736401673640168,0.5772581977084552,0.0,239
64,eval,blind,3.0,0,0.40549756067851994,0.06855357902738993,0.08569196900303518,0.007670850995694244,0.0,0.009318315722126217,0.6145933161968965,0.5137203716084549,0.06855357896947148,-0.06439916271304283,0.004310891340180043,0.9330543933054394,0.513720374077698,0.0,239
65,eval,blind,3.0,0,0.2740191620142929,0.04690911301023718,0.05863638819156606,0.006276150814658927,0.0,0.010518000178646967,0.6081128218932131,0.5425425714279318,0.046909113445987895,-0.06789506334973607,0.022695574996830226,0.6150627615062761,0.5425425725814811,0.0,239
66,eval,blind,3.0,0,0.012006890569388804,0.0033618716190031597,0.004202339143923846,0.0,0.0,0.012046939329045462,0.6005637216767507,0.5954326575770039,0.0033618715672494863,-0.0714685256996771,0.003676936731330037,0.8786610878661087,0.5954326554924363,0.0,239
67,eval,blind,3.0,0,0.26150266818706364,0.04685504826954293,0.05856880699516353,0.01882845244397678,0.0,0.01032309225837361,0.5757807412157497,0.5331396084574975,0.04685504863589805,-0.07370611223729139,0.10802586534804105,0.4560669456066946,0.5331396073574106,0.0,239
68,eval,blind,3.0,0,0.3538667886901772,0.060680362175410674,0.07585044831788741,0.00976290126724722,0.0,0.01006123367073521,0.608486311206259,0.521414033164539,0.06068036226209808,-0.06409530098341591,0.006719918853810068,0.8870292887029289,0.5214140349821755,0.0,239
69,eval,blind,3.0,0,0.06536319171795504,0.015000277834462327,0.018750346398283532,0.0,0.0,0.011618233800214954,0.6036274567807569,0.5808220364808039,0.01500027771253676,-0.06982955763379402,0.004437682261950044,0.8535564853556485,0.5808220383448135,0.0,239
70,train,blind,3.0,0,0.011099790736339269,0.002934602438944083,0.0036682528181821807,0.0,0.0,0.0168835598474688,0.8223402641058966,0.8231087300817338,0.002934602331129004,-0.10273583500325963,0.10181311018131103,0.4602510460251046,0.8231087303395543,0.0,239
71,train,blind,3.0,0,0.34251428529070727,0.0755079002928328,0.09438487019493193,0.05788005726357384,0.012552301629317855,0.01680289171675072,0.8366404861585864,0.823256040467378,0.07425341577673181,-0.10365364237257174,0.100291619120071,0.4769874476987448,0.8232560423316997,0.0,239
72,train,blind,3.0,0,0.04457112279658256,0.011609349788939417,0.014511686650648052,0.0,0.0,0.01679778618496457,0.8544113053063468,0.8514546230123632,0.011609349982551432,-0.10794783912979398,0.11652085710663117,0.37656903765690375,0.8514546250045577,0.0,239
73,train,blind,3.0,0,0.012959521485526197,0.0030815215075289185,0.0038519017139436807,0.0,0.0,0.016419240569200945,0.8299561927258718,0.83033050902219,0.003081521948744206,-0.10990135385137775,0.15595283377710153,0.3598326359832636,0.8303305106794544,0.0,239
74,train,blind,3.0,0,0.1229728398538705,0.03298053523233279,0.04122566683863586,0.022315202896565075,0.006276150814658927,0.016814751315776214,0.8313671591765711,0.83983226606786,0.032191587399599285,-0.10754948864630397,0.12400152149106125,0.40585774058577406,0.8398322682015987,0.0,239
75,train,blind,3.0,0,0.4738973789959445,0.10929953452971375,0.136624408871513,0.09483961218570565,0.026499303439671027,0.017095600207098546,0.8165026733566029,0.817976098180316,0.10705092325379802,-0.10344440383989206,0.11170280207937115,0.4435146443514644,0.817976096786584,0.0,239
76,train,blind,3.0,0,0.4982182329869342,0.12047164347058086,0.15058954604849012,0.09344491181762647,0.027894003496010435,0.016907046629879702,0.8231766385388674,0.8238514716031661,0.11759535259789802,-0.1085878840355612,0.15392417902878155,0.42677824267782427,0.8238514705876736,0.0,239
77,train,blind,3.0,0,0.5144542037250681,0.12613940039063218,0.15767424112534542,0.11728395345034423,0.04567901359664069,0.018688306071002175,0.8614640004105039,0.8814303055957512,0.12161942551708003,-1.6011404305913632,0.20134680134680133,0.3851851851851852,0.8814303045229349,0.007407407407407408,135
78,train,blind,3.0,0,0.06283616020874398,0.017846965599594082,0.02230870558356157,0.006276150814658927,0.0027894003620706344,0.017148601302339316,0.8490206703980099,0.8480282291208849,0.01750449023181078,-0.11087857358873562,0.13782173196399136,0.3891213389121339,0.8480282261513334,0.0,239
79,train,blind,3.0,0,0.06036288374898542,0.014729411095359107,0.018411763199650957,0.0020920502715529757,0.0006973500905176586,0.016439363910820508,0.8187740195745205,0.8164485096931458,0.014703442994310329,-0.1052455471479711,0.12298719411690122,0.3807531380753138,0.8164485105525754,0.0,239
80,train,blind,3.0,0,0.4706366194916741,0.1053718404515189,0.13171479227316332,0.08856346130869877,0.034867504463534975,0.01755600481364237,0.8123887966866273,0.8289950086606597,0.10144362759969242,-0.10716666281948063,0.12869278559655128,0.3807531380753138,0.828995004651788,0.0,239
81,train,blind,3.0,0,0.17120400338753217,0.03939608241453091,0.04924510070136478,0.0202231526250121,0.011157601448282537,0.016591555704888752,0.8299899472227655,0.8350468182538843,0.03820128714198983,-0.10529767980676356,0.10916698364397107,0.4351464435146444,0.8350468198054556,0.0,239
82,train,blind,3.0,0,0.026644067398029395,0.008040983772040959,0.010051228886010627,0.0,0.0013947001810353172,0.016439299506357398,0.8174351527351714,0.8177541031747683,0.008035031599993622,-0.10476713948051271,0.10701153797388105,0.4560669456066946,0.8177541067731511,0.0,239
83,train,blind,3.0,0,0.034930997800481874,0.008054103244104077,0.010067628603617351,0.0,0.0,0.016509338912347557,0.839346011812218,0.8370570228688388,0.008054103370017721,-0.10963471726691872,0.1300874857360213,0.4602510460251046,0.8370570281548559,0.0,239
84,train,blind,3.0,0,0.013958485612926312,0.00415262453049866,0.005190780443288181,0.0,0.0,0.017294277051740393,0.869517820711914,0.8673504761198075,0.004152624611051731,-0.10786939638250663,0.10650437428680105,0.4476987447698745,0.8673504806997536,0.0,239
85,train,blind,3.0,0,0.0023364956484850357,0.000662000500627503,0.0008275005858046662,0.0,0.0,0.017542235284389064,0.850666762021795,0.850412934270364,0.0006620008194605746,-0.10714437832673018,0.100164828198301,0.4895397489539749,0.850412937282594,0.0,239
86,train,blind,3.0,0,0.08452669602320004,0.023133282422502236,0.02891660133320641,0.008368201086211903,0.0013947001810353172,0.016851081134883927,0.8386502106319411,0.8349175150174974,0.023080223090801155,-0.10526052065593244,0.10853302903512109,0.46443514644351463,0.8349175164007226,0.0,239
87,train,blind,3.0,0,0.9024946198743933,0.19808219375417513,0.24760272871045505,0.20980392659411712,0.06666666865348816,0.018154034169171662,0.868641968685038,0.8538896136424121,0.18895711081431193,-2.466412376384633,0.17183600713012476,0.35294117647058826,0.8538896170829737,0.011764705882352941,85
88,train,blind,3.0,0,0.2364116824699286,0.05583776691965343,0.06979720521798999,0.03974895509715858,0.012552301629317855,0.01666076779248637,0.8218132697638109,0.809801650970052,0.05459398866624272,-0.11043915745834278,0.18397362748827184,0.3472803347280335,0.809801647995459,0.0,239
89,train,blind,3.0,0,0.3347918485875449,0.07131044882576838,0.08913805571361104,0.056485357082538525,0.012552301629317855,0.016426369713455687,0.7980452908132865,0.7951692103342032,0.06982970451235625,-0.10462861842468911,0.13401800431089134,0.3305439330543933,0.7951692058091353,0.0,239
90,eval,blind,3.0,0,0.10291766645305227,0.02266061496246259,0.02832576754574433,0.0006973500905176586,0.0,0.012000791627181125,0.6891467273235321,0.6573649007655586,0.022660614829653532,-0.07862096274371534,0.0,1.0,0.6573649038406387,0.0,239
91,eval,blind,3.0,0,0.17513455355801244,0.03194635759018448,0.03993294544960762,0.0013947001810353172,0.0,0.011159192865215647,0.6610556005434012,0.6200690989589093,0.03194635775241702,-0.07977177064760423,0.08418917205528083,0.45188284518828453,0.6200690983990605,0.0,239
92,eval,blind,3.0,0,0.19920827428452043,0.03831425119385271,0.047892811237894066,0.0020920502715529757,0.0,0.011314453648707232,0.6907369423361502,0.6353084320303786,0.038314250784983475,-0.07635510969652891,0.0022822365918600232,0.9707112970711297,0.6353084334488901,0.0,239
93,eval,blind,3.0,0,0.5020526421234931,0.0889820620512365,0.11122757170053328,0.0,0.0,0.008447787198374461,0.6667408783565505,0.5338075410372044,0.08898206125368195,-0.06949945385997018,0.0604792696842906,0.497907949790795,0.5338075439021327,0.0,239
94,eval,blind,3.0,0,0.0034414877965033177,0.0010982151629585163,0.0013727688854479885,0.0,0.0,0.01278037079278707,0.6794527560846576,0.6777770368374542,0.0010982153413108078,-0.08056333817794524,0.03829085837454037,0.37656903765690375,0.6777770339430995,0.0,239
95,eval,blind,3.0,0,0.07600188859598127,0.017979627770488515,0.022474533613592435,0.0,0.0,0.012029533580366413,0.685047566267237,0.6577847725926084,0.017979627932279633,-0.07847885066408783,0.0030429821224800305,0.899581589958159,0.6577847735783147,0.0,239
96,eval,blind,3.0,0,0.5020913164463541,0.08627074554587502,0.10783842638721355,0.0,0.0,0.008196534399940753,0.6449688535853909,0.5149716162531944,0.08627074573777459,-0.07393215386141144,0.15709395207303165,0.029288702928870293,0.5149716202420941,0.0,239
97,eval,blind,3.0,0,0.4689258159280493,0.07963678426631114,0.09954597542978015,0.0,0.0,0.008672549391251104,0.6614779874869471,0.5415994698283064,0.07963678381905286,-0.07161813705354006,0.08380879928997084,0.3138075313807531,0.5415994724904961,0.0,239
98,eval,blind,3.0,0,0.4909922425595826,0.08089053292379622,0.10111315966702274,0.0,0.0,0.008385902923379858,0.6440340064808914,0.5225178458451227,0.08089053220469415,-0.07674580463504635,0.16774438950171164,0.12552301255230125,0.5225178477385859,0.0,239
99,eval,blind,3.0,0,0.008643440734246789,0.0022864487041888764,0.002858060745219895,0.0,0.0,0.01274548452269582,0.6855214799298402,0.682165438909411,0.0022864486217635408,-0.08094674590274845,0.005325218714340052,0.8577405857740585,0.6821654412516899,0.0,239
100,train,blind,3.0,0,0.9024635913931294,0.19885428898312427,0.2485678442466406,0.22427984170707654,0.055555557211240135,0.01964563226764217,0.8756884340150857,0.8963381423626418,0.19231284658114114,-2.5909214933468947,0.22371866816311262,0.3333333333333333,0.8963381502726733,0.012345679012345678,81
101,train,blind,3.0,0,0.44414848793262934,0.10231979066711992,0.12789973128090645,0.08786611115583316,0.03417015431066936,0.01670097760811339,0.8390196566801191,0.8255436984066186,0.09897095015892994,-0.1084212455986169,0.13553949537213134,0.45188284518828453,0.8255436939111063,0.0,239
102,train,blind,3.0,0,0.22807283978866633,0.05022136249118912,0.06277669960290494,0.03207810397676843,0.011854951476452241,0.01646655298931189,0.8219274051768012,0.819576692880447,0.04858580470093455,-0.10601818124043025,0.1303410675795613,0.4435146443514644,0.8195766967126398,0.0,239
103,train,blind,3.0,0,0.10614912902745642,0.02569932008267353,0.03212414877385093,0.005578800724141269,0.0027894003620706344,0.01663289889771195,0.8435294779648841,0.8324546205448805,0.02554110228004875,-0.10921608014715144,0.1382021047293014,0.42677824267782427,0.8324546163883448,0.0,239
104,train,blind,3.0,0,0.034930997800481874,0.008922865163353073,0.01115358085627278,0.0,0.0006973500905176586,0.01739092540993476,0.8562032726269886,0.8562931339860461,0.008779984912808271,-0.11204301627542983,0.14758463294028146,0.401673640167364,0.8562931334990764,0.0,239
105,train,blind,3.0,0,0.4392558533156307,0.0982330926797118,0.12279135901564328,0.08856346130869877,0.029986053892259317,0.01710469108859124,0.8197142586548458,0.8176916146876921,0.09500930086183133,-0.10789923547281365,0.1474578420185115,0.3682008368200837,0.8176916137019492,0.0,239
106,train,blind,3.0,0,0.0008817254575398053,0.00031731240192719757,0.00039664046377449924,0.0,0.0,0.01647101329575258,0.8271453272099275,0.8268054313490082,0.0003173123544355914,-0.10671566670176176,0.11892988462026118,0.42677824267782427,0.826805434062555,0.0,239
107,train,blind,3.0,0,0.3347918485875449,0.07425094885914721,0.09281368133623911,0.05718270704836027,0.016736402172423805,0.016110214151473224,0.8185336394040654,0.8107660354181314,0.07193930405480985,-0.10494239265552915,0.11474578420185115,0.41422594142259417,0.8107660325123588,0.0,239
108,train,blind,3.0,0,0.1653435473878852,0.04453444990718646,0.05566805933515644,0.016949152921215963,0.004237288261874248,0.017197471948624667,0.8735940380621765,0.8768942376314584,0.04428889890456603,-1.807487511235496,0.1278890600924499,0.4406779661016949,0.8768942335414289,0.00847457627118644,118
109,train,blind,3.0,0,0.002674001892095833,0.0005823959846760217,0.000727994955858658,0.0,0.0,0.016468707102382064,0.8390505256513172,0.838745779073388,0.000582396293500846,-0.10802020019105747,0.11892988462026118,0.4602510460251046,0.8387457790580346,0.0,239
110,train,blind,3.0,0,0.4982182329869342,0.1207638931249006,0.15095485786898058,0.0906555116425997,0.030683403982776976,0.017410287278934254,0.8313944148343976,0.8285730122023547,0.11774714009945425,-0.11000558806980311,0.1589958158995816,0.4100418410041841,0.8285730132014234,0.0,239
111,train,blind,3.0,0,0.5005976241194593,0.11797808137684472,0.1474725920170728,0.08856346124635082,0.038354254916123265,0.017913152511469303,0.7883915073203243,0.8021787109484733,0.11450277318478763,-0.1052412276744514,0.13541270445036133,0.36401673640167365,0.8021787110126597,0.0,239
112,train,blind,3.0,0,0.0,0.0,0.0,0.0,0.0,0.016396431938187846,0.8290246772466843,0.8290246772466843,0.0,-0.10695038178047268,0.12564980347407126,0.46443514644351463,0.8290246770317786,0.0,239
113,train,blind,3.0,0,0.4175653372727219,0.09594371487675067,0.11992963649620578,0.08158996021647832,0.02510460325863571,0.01763087651735195,0.8504058212415943,0.8554383098580348,0.09339614394113566,-0.11666424345014459,0.19475085583872195,0.3723849372384937,0.8554383112026216,0.0,239
114,train,blind,3.0,0,0.09973254793120946,0.03020433990936775,0.037755422596837965,0.015341701991388488,0.007670850995694244,0.016893986335402223,0.8260580112370487,0.8313046689437523,0.029386482712081836,-0.10701326189296698,0.12450868517814125,0.42677824267782427,0.8313046689485101,0.0,239
115,train,blind,3.0,0,1.0033076722564557e-05,1.944263329346826e-06,2.4303290237371603e-06,0.0,0.0,0.016410357617893914,0.8171141327799115,0.8171121019823282,1.944245927174143e-06,-0.10400441505641204,0.10384176492963103,0.45188284518828453,0.8171121042738103,0.0,239
116,train,blind,3.0,0,0.4634686679649094,0.10598704387792236,0.1324837984450835,0.09553696208917944,0.021617852806047416,0.01726665686100924,0.7970321622353718,0.8134877638088609,0.10352538794800563,-0.10970517298228578,0.1596297705084316,0.40585774058577406,0.8134877667507989,0.0,239
117,train,blind,3.0,0,0.11611346518928935,0.02747860979581986,0.034348260280407064,0.00976290126724722,0.0027894003620706344,0.01655791375676957,0.837174961507071,0.833060659374652,0.027333568195503952,-0.10416972014928301,0.09268416381387092,0.4811715481171548,0.8330606525345243,0.0,239
118,train,blind,3.0,0,0.4986505481252782,0.11296442962775016,0.14120552764509295,0.07949791019431716,0.023012552987082734,0.016359018004561725,0.809707001038675,0.8005649068365536,0.11064846388909706,-0.10485920076740365,0.1401039685558514,0.37656903765690375,0.8005649079269319,0.0,239
119,train,blind,3.0,0,0.3109929788440381,0.06656113131322862,0.08320140850562924,0.053695956907511756,0.0209205026531818,0.0171085457087623,0.8051372977230838,0.8122784215723121,0.06409314755317716,-0.10659552553758696,0.1416254596170914,0.33472803347280333,0.8122784228475163,0.0,239
120,eval,blind,3.0,0,0.3308880599050015,0.04899994677315548,0.061249930615730246,0.0,0.0,0.01008489620423716,0.6058043755248002,0.5430558982254571,0.048999946210075515,-0.07500118236023469,0.10587041967795105,0.49372384937238495,0.5430558959436642,0.0,239
121,eval,blind,3.0,0,0.001747928173575944,0.00044042231473586106,0.0005505278780649682,0.0,0.0,0.012401089798970826,0.64732072293509,0.6468379733203345,0.000440422388241299,-0.07825583003652255,0.00025358184354000256,0.99581589958159,0.6468379728362776,0.0,239
122,eval,blind,3.0,0,0.4722936973789786,0.07954447212882369,0.09943058470943085,0.005578800724141269,0.0,0.009168961295803472,0.646075355832048,0.5314975254954654,0.07954447207784633,-0.0664090336178734,0.00697350069735007,0.8075313807531381,0.5314975257038806,0.0,239
123,eval,blind,3.0,0,0.07879227929296571,0.015961317020136825,0.019951645135079465,0.0,0.0,0.011499758435717187,0.6356745783753973,0.6114841790628234,0.015961316739083936,-0.07726047043066048,0.05883098770128062,0.6108786610878661,0.6114841803211866,0.0,239
124,eval,blind,3.0,0,0.5015085087071692,0.07270840333394023,0.09088549885650898,0.0,0.0,0.00800007512543553,0.5634688234977643,0.46377939235216403,0.07270840244985048,-0.07404941563170948,0.203499429440852,0.0502092050209205,0.46377939226753545,0.0,239
125,eval,blind,3.0,0,0.3720951933817057,0.05583120504464254,0.06978900259669732,0.0,0.0,0.009704944531522909,0.6073356334385014,0.5314335491367963,0.05583120531389864,-0.0704228558984232,0.09369849118803097,0.34309623430962344,0.531433545987495,0.0,239
126,eval,blind,3.0,0,0.009418925725383427,0.0027354866470738507,0.0034193580660681145,0.0,0.0,0.012390682039291414,0.6463800913743893,0.6422038909406342,0.0027354864580055043,-0.0756929071468886,0.012805883098770128,0.6861924686192469,0.6422038903430787,0.0,239
127,eval,blind,3.0,0,0.49008514884387816,0.07665049658388544,0.09581311681458486,0.0,0.0,0.008698657006960533,0.5972324269336636,0.492838617523345,0.07665049712206276,-0.06950772535413204,0.11043489286167112,0.29707112970711297,0.4928386194388301,0.0,239
128,eval,blind,3.0,0,0.49099224892631954,0.08582208143713337,0.10727759620782293,0.00488145063362361,0.0,0.008907355845488888,0.6475500084116868,0.5218518148156889,0.08582208083937844,-0.06394174387710617,0.0006339546088500064,0.9790794979079498,0.5218518147912444,0.0,239
129,eval,blind,3.0,0,0.0043400218550171355,0.0010158879466487093,0.0012698598617576276,0.0,0.0,0.01236262690143418,0.6459172192851869,0.6445900552192991,0.001015887938855215,-0.07804036631598407,0.020793711170280206,0.7573221757322176,0.6445900548587303,0.0,239
130,train,blind,3.0,0,0.009418921166737213,0.002414133677566078,0.0030176669466854796,0.0,0.0,0.01670370749139449,0.8369886158151107,0.8363281833826248,0.002414133813830456,-0.10970050913518156,0.1374413591986814,0.40585774058577406,0.8363281856516586,0.0,239
131,train,blind,3.0,0,0.5018170490880057,0.11424305433409922,0.1428038100725244,0.08995816124034227,0.03207810416381229,0.017431422301848656,0.8240314087358978,0.8316283308935963,0.11087060071932306,-0.10829313073915817,0.1299606948142513,0.45188284518828453,0.831628328545214,0.0,239
132,train,blind,3.0,0,0.008643440734246789,0.001802075362134,0.002252594169179829,0.0,0.0,0.0166374816287457,0.852273970094186,0.8525345841711036,0.0018020751351941421,-0.10853172863226074,0.11804234816787118,0.401673640167364,0.8525345802170602,0.0,239
133,train,blind,3.0,0,0.21150074667297547,0.05397112594306297,0.06746390300494373,0.04114365534054185,0.01464435190087083,0.01733112184741928,0.8225891616304549,0.8298493997821249,0.0524535009249292,-0.1131319636312326,0.1827057182705718,0.34309623430962344,0.8298494012225891,0.0,239
134,train,blind,3.0,0,0.4532820635336884,0.09767878914544971,0.12209847821955067,0.07252440935148853,0.01464435190087083,0.016643552793478244,0.8217483858683119,0.8139728523447922,0.09648429675421177,-0.10464645841634128,0.1218460758209712,0.4476987447698745,0.8139728556049455,0.0,239
135,train,blind,3.0,0,0.023700621450150866,0.0058414079402035165,0.0073017596432958165,0.0,0.0,0.01666949846232349,0.8256283379997669,0.8240229582811499,0.005841407818795488,-0.1030550136157627,0.09712184607582097,0.45188284518828453,0.8240229567494732,0.0,239
136,train,blind,3.0,0,0.04253382063096937,0.01078241645154776,0.013478019826861136,0.0,0.0006973500905176586,0.016731139061052867,0.8256086035004221,0.8224633661523524,0.010777457151653305,-0.10550562170956251,0.1095473564092811,0.4435146443514644,0.8224633663131239,0.0,239
137,train,blind,3.0,0,0.40549758593668717,0.08732045177374206,0.10915055693653032,0.08019526016013892,0.027894003558358388,0.017158828066880173,0.8156855716116758,0.8243185100944471,0.08484023341278386,-0.10481338729429936,0.11132242931406112,0.4393305439330544,0.8243185077028865,0.0,239
138,train,blind,3.0,0,0.5005976261530134,0.10860447894738628,0.1357555902593494,0.07322175937965825,0.028591353711224,0.015984955128812265,0.7596481664410196,0.7607337031903127,0.10484220782153095,-0.10199651661034093,0.15303664257639155,0.28870292887029286,0.7607337036521674,0.0,239
139,train,blind,3.0,0,0.08746963563609224,0.020798185142990085,0.02599772956899599,0.006276150814658927,0.0027894003620706344,0.017029335796365428,0.8357484985345577,0.8313560371119607,0.020447261330952173,-0.1091670790791532,0.1384556865728414,0.39330543933054396,0.8313560372756469,0.0,239
140,train,blind,3.0,0,0.0043400218550171355,0.0010410209269668112,0.0013012760973043027,0.0,0.0,0.01625744773953701,0.8208107494410112,0.8200719839110036,0.0010410210822278314,-0.10656256762230373,0.12526943070876126,0.4100418410041841,0.8200719836664819,0.0,239
141,train,blind,3.0,0,0.5017308984838317,0.10670090093607461,0.13337611814668704,0.06276150795954541,0.03417015443536527,0.01580579623080221,0.7664962575525419,0.7701006532338872,0.10341142359140128,-0.10627895784551397,0.18257892734880185,0.26359832635983266,0.7701006543991095,0.0,239
142,train,blind,3.0,0,0.1595777480052146,0.03905372065064246,0.04881714853565815,0.026499303439671027,0.007670850995694244,0.016322997358245737,0.8205975536023223,0.8191142857822913,0.03812466891722427,-0.10561734169785404,0.12476226702168125,0.4225941422594142,0.8191142893626737,0.0,239
143,train,blind,3.0,0,0.01843199975083282,0.004055956739347909,0.00506994574584401,0.0,0.0,0.016435286052579597,0.8187695775321338,0.8178978004964326,0.004055956758588097,-0.10197826528058382,0.0898947635349309,0.5062761506276151,0.8178978005523927,0.0,239
144,train,blind,3.0,0,0.2615026996800263,0.05966739661878164,0.07458424116317991,0.0446304057307822,0.016736401985379942,0.01610290378947824,0.8548060141223245,0.8463231440493253,0.05740606278232769,-0.10648858565236095,0.12133891213389124,0.37656903765690375,0.8463231449189222,0.0,239
145,train,blind,3.0,0,0.04253383616285562,0.011418768010459253,0.01427345951295092,0.0,0.0,0.01718988221296534,0.8740849574739464,0.8688518083245186,0.011418767422415748,-0.10997703439999093,0.11297071129707113,0.45188284518828453,0.8688518041924392,0.0,239
146,train,blind,3.0,0,0.4967134153445068,0.11760877520393638,0.1470109620674966,0.09274756172710881,0.03207810410146434,0.017267693613488306,0.8438363322154249,0.851410219734184,0.11395971744566234,-0.11061627605440291,0.14238620514771141,0.41422594142259417,0.8514102211541613,0.0,239
147,train,blind,3.0,0,0.1335682206150051,0.032397180043445134,0.04049647304818943,0.016736402172423805,0.005578800724141269,0.01673780261221338,0.8270139224110288,0.823267586311037,0.031675230650811854,-0.10656981289110823,0.12615696716115127,0.4476987447698745,0.8232675846954113,0.0,239
148,train,blind,3.0,0,0.26150266818706364,0.05760201638917976,0.07200251704384317,0.039748955159506535,0.019525802472146483,0.017014644955280996,0.8206718818413163,0.8194905346158159,0.05517989197086456,-0.10946977543088181,0.16330670723976165,0.3389121338912134,0.8194905363446222,0.0,239
149,train,blind,3.0,0,0.07057713395643153,0.016401251607341204,0.020501563623838592,0.0020920502715529757,0.0006973500905176586,0.016217808431076768,0.8430435888188653,0.835458158573845,0.01629012681972591,-0.10573279765105136,0.10599721059972107,0.4560669456066946,0.8354581548823106,0.0,239
150,eval,blind,3.0,0,0.4948741555965635,0.08081354624067838,0.10101692827298378,0.006276150814658927,0.0,0.00874716401388518,0.6246230755640373,0.5136292157811599,0.0808135461927149,-0.06692884919311627,0.03816406745277038,0.5481171548117155,0.5136292148403602,0.0,239
151,eval,blind,3.0,0,0.4982182329869342,0.061072530854487536,0.07634065992936953,0.0,0.0,0.007271858442683849,0.5091422430266895,0.4265166360838144,0.06107253115820549,-0.07469608526251362,0.2261950044376822,0.06694560669456066,0.4265166343173181,0.0,239
152,eval,blind,3.0,0,0.502088449363476,0.08698213661863287,0.10872766484907855,0.0013947001810353172,0.0,0.008508314600674178,0.6407590467311348,0.5132205198250056,0.08698213684449199,-0.06400065012566744,0.0,1.0,0.5132205193720885,0.0,239
153,eval,blind,3.0,0,0.10942612930107716,0.020831295378587408,0.026039117413031564,0.0,0.0,0.011150713033865061,0.6346333616697638,0.6055580681836755,0.020831295081277776,-0.07411958729473063,0.02142766577913021,0.6820083682008368,0.6055580663653956,0.0,239
154,eval,blind,3.0,0,0.35386675944174084,0.0526244715060727,0.06578058605598652,0.007670850995694244,0.0,0.009993591262066589,0.5996596781404447,0.5335635285995994,0.05262447219097168,-0.06963035048965671,0.07708888043616077,0.4435146443514644,0.5335635266550253,0.0,239
155,eval,blind,3.0,0,0.02819465429997744,0.006826904802468082,0.008533630509115318,0.0,0.0,0.011862478234559671,0.6402174465077691,0.6308720207862775,0.0068269047411552005,-0.07608567938176379,0.0,1.0,0.630872021561265,0.0,239
156,eval,blind,3.0,0,0.14082450920353773,0.023551637927594737,0.02943954613140982,0.0013947001810353172,0.0,0.010628405663722572,0.6124448349161626,0.5836137760134421,0.023551638100406343,-0.07494317795322221,0.05692912387473058,0.6861924686192469,0.5836137758916098,0.0,239
157,eval,blind,3.0,0,0.000463527011177035,0.00010435902789684702,0.00013044877730969488,0.0,0.0,0.012131436254486254,0.6383247140436492,0.6382211528437906,0.00010435899819937149,-0.07657052846308281,0.0,1.0,0.6382211549434469,0.0,239
158,eval,blind,3.0,0,0.48813355436147227,0.08308898116850146,0.10386122155239977,0.004184100543105951,0.0,0.008763922908378446,0.6364342425657615,0.5144668038170707,0.08308898104855471,-0.06411385883065306,0.00012679092177000128,0.99581589958159,0.5144668046464346,0.0,239
159,eval,blind,3.0,0,0.48485144005920816,0.08228108090642686,0.10285134577709537,0.0013947001810353172,0.0,0.008754789001195376,0.6338238724854202,0.5136422612178275,0.08228108096682643,-0.0624501828932903,0.013186255864080133,0.8200836820083682,0.5136422611449667,0.0,239
160,train,blind,3.0,0,0.4510805060552793,0.10398166907594014,0.12997707732513894,0.0829846605845575,0.02510460325863571,0.01735095600266337,0.8071191895082904,0.8184443337523288,0.10122016073550352,-0.106570905729937,0.13452516799797137,0.39330543933054396,0.8184443345950977,0.0,239
161,train,blind,3.0,0,0.4689258159280493,0.09675067426564299,0.12093833607642984,0.06694560850265135,0.017433752262941464,0.016184726878065443,0.7756141288260535,0.7718489541044794,0.09495069085548559,-0.10050186148296496,0.12805883098770132,0.36401673640167365,0.7718489518061136,0.0,239
162,train,blind,3.0,0,0.4085878752840285,0.08876005181752807,0.11095005828545285,0.06066945781268834,0.021617852806047416,0.016597884765604053,0.8081507403481456,0.8087216149314178,0.08629045261344397,-0.10399851835741006,0.13224293140611135,0.3723849372384937,0.8087216160197029,0.0,239
163,train,blind,3.0,0,0.012006890569388804,0.0031608588821453163,0.003951073454837383,0.0,0.0,0.016983763405382945,0.8300895715857151,0.8292501682267528,0.0031608589235786982,-0.10638498760950751,0.1209585393685812,0.41422594142259417,0.8292501623235471,0.0,239
164,train,blind,3.0,0,0.4510805060552793,0.1004445632708027,0.12555569785611292,0.07880055991675565,0.022315202896565075,0.01662115274322566,0.831341808685199,0.8334837646913329,0.09789233410575819,-0.10784260549254715,0.13351084062381136,0.37656903765690375,0.8334837651509659,0.0,239
165,train,blind,3.0,0,0.00864344554228482,0.002306047469296173,0.0028825591954849046,0.0,0.0,0.017411253055573197,0.8502853386821109,0.8490875788562966,0.002306047642533984,-0.10674310772168026,0.11854951185495118,0.36401673640167365,0.8490875796819035,0.0,239
166,train,blind,3.0,0,0.5008256440260959,0.11779923304487334,0.14724903233717626,0.08995816136503818,0.029986053829911364,0.017846098875482743,0.8214071653627452,0.8399346936572047,0.11471549905371103,-0.11291052474995776,0.1712945353112717,0.39330543933054396,0.8399346927190714,0.0,239
167,train,blind,3.0,0,0.4615407718850152,0.10026528400487535,0.1253315965483757,0.07531380952651531,0.027196653530188686,0.01669600213269964,0.8256676008761179,0.8220379755337368,0.09773371854934793,-0.10487798749830596,0.12539622163053127,0.3891213389121339,0.8220379717112877,0.0,239
168,train,blind,3.0,0,0.034930997800481874,0.009919745252598233,0.012399680842748975,0.0,0.0020920502715529757,0.016472126045517593,0.8368573622100024,0.8418429435920516,0.00973173120687667,-0.11112853392520691,0.1517687333586915,0.38493723849372385,0.8418429448115147,0.0,239
169,train,blind,3.0,0,0.0349310103396663,0.009000358999941584,0.011250447859215817,0.0,0.0,0.01675401088025686,0.8316332566314163,0.8312261914483673,0.009000358649782318,-0.10724085423472127,0.1302142766577913,0.41422594142259417,0.8312261946861359,0.0,239
170,train,blind,3.0,0,0.2364116824699286,0.050210978826566374,0.0627637193232293,0.03556485449170468,0.011854951538800196,0.01640667871349963,0.7997612434451051,0.8037760007082169,0.04906824582305573,-0.10287459853029988,0.11512615696716115,0.4393305439330544,0.8037760007253838,0.0,239
171,train,blind,3.0,0,0.0760018663305159,0.02173964046572311,0.027174549282242413,0.008368201086211903,0.004184100543105951,0.016714426756068816,0.8493614098891055,0.8476753538497821,0.02136580061914132,-0.11194952757003994,0.1574743248383416,0.37656903765690375,0.847675358141331,0.0,239
172,train,blind,3.0,0,0.2988020511427855,0.06931834535950722,0.086647927568265,0.05160390644891492,0.019525802472146483,0.016451727370945853,0.8476291984070295,0.8319375096629354,0.06682787549570661,-0.10777484866724861,0.13148218587549132,0.36401673640167365,0.8319375103671536,0.0,239
173,train,blind,3.0,0,0.1229728398538705,0.032392629851924676,0.04049078479269057,0.020920502715529758,0.006973500905176585,0.016519022411394038,0.813513492253535,0.8192085897448671,0.03135578370368813,-0.10358483966850797,0.10358818308609104,0.46443514644351463,0.819208587110918,0.0,239
174,train,blind,3.0,0,0.47540349733432186,0.11492009080683886,0.14365010480792412,0.11087267817089998,0.03218884209706548,0.018376104779493526,0.8543969750915986,0.8689660958849821,0.11163084450283521,-0.9711022291612815,0.1489140330342047,0.37339055793991416,0.8689660961799345,0.004291845493562232,233
175,train,blind,3.0,0,0.5020705397838968,0.109751931671385,0.13718990702337316,0.07531380958886326,0.0209205026531818,0.016706809308964402,0.8387290629008823,0.8300888926788355,0.10794561004041654,-0.10782718473740353,0.12691771269177127,0.41422594142259417,0.8300888908701546,0.0,239
176,train,blind,3.0,0,0.0349310103396663,0.00747367262286324,0.009342090243621117,0.0,0.0006973500905176586,0.016530209424550874,0.8278640410141965,0.8266563386847284,0.007465919925326873,-0.10296284326527841,0.09319132750095094,0.4225941422594142,0.8266563400734983,0.0,239
177,train,blind,3.0,0,0.19920827428452043,0.0434250795470198,0.05428134622533621,0.02440725316811805,0.007670850995694244,0.01612329998766715,0.8112452783345179,0.8146417140960693,0.04260201968053438,-0.10440839259673414,0.12184607582097122,0.4351464435146444,0.8146417118980647,0.0,239
178,train,blind,3.0,0,0.4918546168378746,0.11584277680750084,0.14480346248532153,0.09205021138719933,0.032775454191981995,0.017529748765962142,0.8096239519418533,0.8245054876205812,0.11240146336801204,-0.10741665807180077,0.14935970584506147,0.3682008368200837,0.8245054897031316,0.0,239
179,train,blind,3.0,0,0.49099224892631954,0.11321625484601419,0.14152030924024875,0.0864714110371458,0.026499303439671027,0.017863324383043812,0.8224015182281638,0.837894091670982,0.11026246316940456,-0.10648008567516268,0.11525294788893116,0.40585774058577406,0.8378940903326149,0.0,239
180,eval,blind,3.0,0,0.19514420172920505,0.036106709455372886,0.0451333845519752,0.0,0.0,0.01009275957310736,0.6097713278676675,0.5550592996834711,0.03610670976248528,-0.06671065059352409,0.0,1.0,0.5550592989406901,0.0,239
181,eval,blind,3.0,0,0.02979833591694332,0.007374178664162112,0.009217722838649295,0.0,0.0,0.011304941850570205,0.6048930986905198,0.5936502695831793,0.007374178396671729,-0.07167933924642708,0.00025358184354000256,0.99581589958159,0.5936502659207918,0.0,239
182,eval,blind,3.0,0,0.03674998030288848,0.008348935285805862,0.010436168620814658,0.0,0.0,0.011327238647251636,0.6106299768556611,0.5981984376034477,0.00834893521526865,-0.07186443351222915,0.0,1.0,0.5981984353489161,0.0,239
183,eval,blind,3.0,0,0.5020268857079679,0.08645242950889084,0.10806553182837546,0.02440725316811805,0.0,0.009061058228211984,0.6044779048928656,0.49049378657191367,0.08645242978475313,-0.06290237327611026,0.022568784075060227,0.7322175732217573,0.49049378602030724,0.0,239
184,eval,blind,3.0,0,0.3685238404330022,0.05983769259572411,0.07479711119651188,0.02789400362070634,0.0,0.010207137106586574,0.5878999619803169,0.5252474066353243,0.059837692322967026,-0.06695683368841014,0.05350576898694053,0.5104602510460251,0.5252474060886397,0.0,239
185,eval,blind,3.0,0,0.2656803193330306,0.03981979305995482,0.0497747386517293,0.00488145063362361,0.0,0.010032773119198727,0.574660523354259,0.5304262515890049,0.03981979275144204,-0.07028913887549983,0.08609103588183085,0.4435146443514644,0.530426249609831,0.0,239
186,eval,blind,3.0,0,0.49008514884387816,0.0772064052714493,0.09650800085854745,0.026499303439671027,0.0,0.009230758389847734,0.5479691494334193,0.46848983302026614,0.07720640563663235,-0.06710774236204882,0.1256498034740713,0.18410041841004185,0.46848983162890145,0.0,239
187,eval,blind,3.0,0,0.44882433315462367,0.07471863454908036,0.09339828774213418,0.027196653530188686,0.0,0.009867561770657615,0.5967347030235634,0.5098855491088524,0.07471863430643173,-0.06394562311927156,0.021300874857360208,0.702928870292887,0.5098855498365638,0.0,239
188,eval,blind,3.0,0,0.19109905445188377,0.03532890611744406,0.04416113045349962,0.0,0.0,0.01015652291609216,0.6067536590488386,0.5532205803124974,0.03532890683237539,-0.06689747477280072,0.0,1.0,0.5532205782786563,0.0,239
189,eval,blind,3.0,0,0.5018170490880057,0.0836006130730882,0.10450076112161034,0.02580195334915337,0.0,0.00920431441763829,0.5799534562741363,0.48398110002403977,0.08360061305081891,-0.06474907580791098,0.07607455306200077,0.38493723849372385,0.48398109753510554,0.0,239
190,train,blind,3.0,0,3.583932445953487e-06,6.29325711305222e-07,7.86657091563813e-07,0.0,0.0,0.01662759304292126,0.8423554818749927,0.8423559814068065,6.292473044900114e-07,-0.10900356761956338,0.13718777735514137,0.401673640167364,0.8423559810678463,0.0,239
191,train,blind,3.0,0,0.4488243158769947,0.10212192796435493,0.12765240184913737,0.08856346137104673,0.02649930337732307,0.017453172519826428,0.846126790076619,0.85589588025125,0.0994578841633963,-0.11349211933195746,0.16432103461392164,0.3472803347280335,0.8558958816551978,0.0,239
192,train,blind,3.0,0,0.382569948058365,0.07640999886126303,0.09551249276251784,0.05788005738826975,0.01952580253449444,0.01504132800217266,0.7629945054962046,0.746992061140647,0.07430140173278708,-0.0992280605859221,0.13414479523266135,0.3598326359832636,0.746992059936985,0.0,239
193,train,blind,3.0,0,0.39917434158470244,0.08731562810017868,0.10914452878576747,0.07391910934547999,0.03347280428249966,0.0172761599669646,0.7974296904882128,0.8062782782016937,0.08317602262265979,-0.10710306699910115,0.15493850640294152,0.3891213389121339,0.8062782814831347,0.0,239
194,train,blind,3.0,0,0.23223904260317552,0.05143848230992456,0.06429809826101926,0.03556485461640059,0.00488145063362361,0.016090439840036767,0.8347783170359903,0.8226036968715021,0.05081735358806205,-0.1101787124786752,0.15455813363763155,0.40585774058577406,0.8226036881615137,0.0,239
195,train,blind,3.0,0,0.09350418227249328,0.022158239023890504,0.027697797080835695,0.004184100543105951,0.0013947001810353172,0.016553127317432175,0.8257410541239144,0.8186525991771012,0.021951572968627334,-0.10575107507203478,0.12666413084823128,0.4560669456066946,0.8186525970063162,0.0,239
196,train,blind,3.0,0,0.5010294421648054,0.11992451479676994,0.14990563409898705,0.09414226184579617,0.029986053892259317,0.01763764551790065,0.8369734862110106,0.8341099912900805,0.11682400954487854,-0.1068338970010757,0.1294535311271713,0.3682008368200837,0.8341099914938644,0.0,239
197,train,blind,3.0,0,0.3859785423496817,0.08016765432604421,0.10020956266113697,0.06345885798771511,0.01952580253449444,0.017127991049983013,0.794928915829838,0.8072011777546615,0.07801014904776882,-0.1072779777385174,0.1414986686953214,0.45188284518828453,0.8072011781429054,0.0,239
198,train,blind,3.0,0,0.11952208523755692,0.030905129434553046,0.0386314091738009,0.0125523015669699,0.006973500905176585,0.01689138155621496,0.8128952753094949,0.8183400874107951,0.030335691385969685,-0.1073457369030481,0.14124508685178142,0.3598326359832636,0.8183400904329245,0.0,239
199,train,blind,3.0,0,0.48485144005920816,0.10288766423576946,0.12860957389436167,0.06485355841814225,0.02719665346784073,0.016060664379388623,0.7376121695320975,0.7425130005910306,0.09946407356042701,-0.10145946605661264,0.1615316343349816,0.29707112970711297,0.7425129985806709,0.0,239
200,train,blind,3.0,0,0.007910073110366154,0.001663396312122352,0.002079245233103374,0.0,0.0,0.016732368036660377,0.8327742490808335,0.8326257858815054,0.0016633961918711697,-0.10526023095185731,0.11220996576645112,0.4351464435146444,0.8326257841625285,0.0,239
201,train,blind,3.0,0,0.4961388843030782,0.10727684706136004,0.13409605102993682,0.07670850976989858,0.027894003558358388,0.016504550770131646,0.7377847992974844,0.7577629532025948,0.10409724170378437,-0.10233297500260727,0.15126156967161153,0.3179916317991632,0.7577629528023245,0.0,239
202,train,blind,3.0,0,0.07600188859598127,0.02051547192676172,0.025644338321045214,0.00488145063362361,0.0034867504525882926,0.016795093558970294,0.8464638791573098,0.8417083668409531,0.020296939747446025,-0.10753364019685542,0.12171928489920122,0.40585774058577406,0.8417083630991524,0.0,239
203,train,blind,3.0,0,0.49099224892631954,0.11070251812591904,0.13837813880759675,0.08577406082193223,0.023012552987082734,0.017019001005225225,0.8474103313360254,0.8265930512086118,0.1086455773827872,-0.10675625864094562,0.11778876632433118,0.45188284518828453,0.8265930501781805,0.0,239
204,train,blind,3.0,0,0.02819465429997744,0.006466840315069131,0.008083549895931828,0.0,0.0,0.01651803420312999,0.8566499605587835,0.8538134894859841,0.006466840172776973,-0.11262915723673993,0.1591226068213516,0.3723849372384937,0.8538134877088854,0.0,239
205,train,blind,3.0,0,0.472293708546508,0.09464842764445999,0.11831052720696625,0.06345885811241102,0.03486750440118702,0.015307977545721978,0.7214459963922222,0.720984040880303,0.089437727619914,-0.10247752789883677,0.18739698237606184,0.21338912133891214,0.7209840449149216,0.0,239
206,train,blind,3.0,0,0.41756536128392996,0.09152774606527182,0.11440967620186879,0.06694560856499931,0.027196653530188686,0.015991458353181234,0.7932253311618103,0.7945043871716975,0.08826830296107557,-0.10699520620223435,0.16102447064790165,0.32217573221757323,0.7945043861393588,0.0,239
207,train,blind,3.0,0,0.3825699220520223,0.0854146559231975,0.10676831470439664,0.07252440910209672,0.01952580253449444,0.01747752945318771,0.8414243273904632,0.8402676467616189,0.0833230916347119,-0.10856217889773846,0.12843920375301127,0.3807531380753138,0.8402676430443461,0.0,239
208,train,blind,3.0,0,0.502088449363476,0.11386869177508495,0.1423358575464126,0.08577406075958427,0.01952580253449444,0.01643335945791249,0.8264961146036451,0.8201717291666374,0.11168860657988444,-0.10229576121404198,0.09800938252821097,0.47280334728033474,0.820171727932923,0.0,239
209,train,blind,3.0,0,0.4554288766948919,0.09495617229454545,0.11869520757067084,0.07252440928914058,0.03347280434484761,0.016154238188962715,0.7530801440881386,0.769372281669074,0.09119424795076975,-0.1021362354926089,0.14302015975656146,0.3138075313807531,0.7693722821569521,0.0,239
210,eval,blind,3.0,0,3.5839762234725213e-06,1.1690271204623888e-06,1.4612838434967287e-06,0.0,0.0,0.012454139025858506,0.6850026375828427,0.6850008536831604,1.169034609523364e-06,-0.08080505997043774,0.0020286547483200196,0.9330543933054394,0.6850008549265049,0.0,239
211,eval,blind,3.0,0,0.4204580038737225,0.056878911182565044,0.07109863642248433,0.012552301629317855,0.0,0.009728706501245063,0.5535936385517839,0.5167620210717413,0.056878911231791916,-0.08184753637692735,0.18993280081146197,0.2384937238493724,0.516762023833324,0.0,239
212,eval,blind,3.0,0,0.08746963563609224,0.019218330058910583,0.024022911560229,0.0006973500905176586,0.0,0.011720879199217117,0.6833178722085315,0.6579034228703966,0.019218329742604307,-0.07747595918419502,0.01572207429948016,0.7364016736401674,0.6579034199995849,0.0,239
213,eval,blind,3.0,0,0.06283617998029117,0.013891175621131091,0.017363968379967253,0.0,0.0,0.011663311513756484,0.6756031965860263,0.6545922860939632,0.013891175339667217,-0.07932925487119576,0.03816406745277038,0.4560669456066946,0.654592285001461,0.0,239
214,eval,blind,3.0,0,0.015004510717528821,0.004301155811936422,0.00537644448868149,0.0,0.0,0.012247312584089185,0.6867030115805909,0.680157682636293,0.004301156025968305,-0.08065364680829666,0.0010143273741600102,0.9707112970711297,0.6801576791595919,0.0,239
215,eval,blind,3.0,0,0.02230692015294469,0.005859524381665925,0.007324405355267198,0.0,0.0,0.012061151171251196,0.6788954555240136,0.6699945101179339,0.005859524441639299,-0.08041211416397556,0.022188411309750217,0.6652719665271967,0.6699945124839168,0.0,239
216,eval,blind,3.0,0,0.000463527011177035,0.00011963519776080712,0.000149543991108536,0.0,0.0,0.012406313542479251,0.6842146832573863,0.6840319592334236,0.00011963533340109645,-0.08093058371742139,0.006339546088500061,0.8200836820083682,0.6840319578720223,0.0,239
217,eval,blind,3.0,0,0.34633041948240073,0.06190153380177214,0.07737691168488606,0.016039052081906147,0.0,0.010275015459156295,0.696913781275809,0.6124394415063339,0.06190153312410345,-0.07443976884114747,0.004944845949030049,0.9246861924686193,0.6124394413050337,0.0,239
218,eval,blind,3.0,0,0.3501149740058049,0.05675730821046984,0.07094663002499146,0.02510460325863571,0.0,0.011013906491943733,0.6455350024430822,0.5935920353464502,0.056757308396965724,-0.07667307660019088,0.06314187904146064,0.4811715481171548,0.5935920347108249,0.0,239
219,eval,blind,3.0,0,0.0008817244371400257,0.00022762592736825008,0.0002845323982621274,0.0,0.0,0.012516494544230745,0.6848545413635765,0.6845973904661554,0.00022762593135632726,-0.07973803984621902,0.013947001394700138,0.6694560669456067,0.684597393311594,0.0,239
220,train,blind,3.0,0,0.005953148992843712,0.0014765907817909693,0.0018457384129528481,0.0,0.0,0.016023473372823213,0.8374122209753452,0.8367775832634092,0.0014765910023491426,-0.10994683784655235,0.13706098643337136,0.4476987447698745,0.836777582043096,0.0,239
221,train,blind,3.0,0,0.4595581971330663,0.10997416796163029,0.13746770180405748,0.09693166214551886,0.02580195334915337,0.017567103360409394,0.8390151163773557,0.8376380335461644,0.10718757109595675,-0.11561879684207038,0.2097121846075821,0.2928870292887029,0.8376380305190395,0.0,239
222,train,blind,3.0,0,0.48708752257839305,0.11438264276782766,0.14297829446133628,0.08995816117799432,0.020920502715529758,0.017663412739105804,0.8598644755874219,0.8543278877954603,0.11159449127248172,-0.10937735755254381,0.11639406618486117,0.502092050209205,0.8543278879066596,0.0,239
223,train,blind,3.0,0,0.08746963563609224,0.021652433805436917,0.02706554071706728,0.007670850995694244,0.005578800724141269,0.01619096041879145,0.805193546302149,0.804258811423968,0.020967873806177338,-0.10317530647237667,0.1087866108786611,0.42677824267782427,0.8042588112006335,0.0,239
224,train,blind,3.0,0,0.15576161381352116,0.03503646719697244,0.043795581568747556,0.01882845244397678,0.008368201086211903,0.016757760946073855,0.8168767376424877,0.8231558840893303,0.03404964534755773,-0.10960740111772697,0.16127805249144161,0.3472803347280335,0.823155881188334,0.0,239
225,train,blind,3.0,0,0.0017479297706943053,0.0004450169820237416,0.0005562711870057897,0.0,0.0,0.016310483312709685,0.8439203031267581,0.8437772456198058,0.0004450168263517363,-0.10811573486466715,0.11702802079371115,0.4351464435146444,0.8437772511558039,0.0,239
226,train,blind,3.0,0,0.12968021300675478,0.038193180125496606,0.0477414723383665,0.009689922596133032,0.011627907323282819,0.016334987632648717,0.824864748085654,0.8273258782749953,0.03722819058677043,-2.434189066811822,0.13284002818886542,0.4069767441860465,0.8273258819248753,0.011627906976744186,86
227,train,blind,3.0,0,0.475447956226714,0.11183921285568636,0.1397990072693277,0.0899581614897341,0.02789400362070634,0.0168810534450736,0.826720460563524,0.8301325606252359,0.10919487034657913,-0.10671113674381727,0.13122860403195133,0.3891213389121339,0.8301325594339308,0.0,239
228,train,blind,3.0,0,0.022306911853421187,0.005719150706887323,0.0071489377387707505,0.0,0.0,0.016197119683619574,0.8254863696492367,0.8261367837006078,0.005719150707104232,-0.10590024481809078,0.11043489286167109,0.49372384937238495,0.8261367877594766,0.0,239
229,train,blind,3.0,0,0.005953148992843712,0.0017633556771173948,0.002204194444728037,0.0,0.0,0.01664883400134306,0.8276955192932025,0.8262176067883998,0.0017633554522781271,-0.10741462182449736,0.12666413084823125,0.4393305439330544,0.8262176084319817,0.0,239
230,train,blind,3.0,0,0.006565895839070679,0.0017348103049938434,0.002168512772217103,0.0,0.0,0.017014489721050914,0.8562175870939279,0.8559706790926067,0.0017348101246018482,-0.11152887279096399,0.1507544059845315,0.3682008368200837,0.8559706762337909,0.0,239
231,train,blind,3.0,0,0.09659447261740192,0.02524180813437943,0.03155225839291843,0.006973500905176585,0.0020920502715529757,0.016701936533783705,0.8567787565945582,0.854473873661153,0.025177320258857033,-0.10736539570033449,0.10827944719158109,0.4351464435146444,0.8544738702552911,0.0,239
232,train,blind,3.0,0,0.05101152724064263,0.013005732754951076,0.01625716470527291,0.0013947001810353172,0.0020920502715529757,0.016489299077532844,0.8437910129834418,0.8429695499990775,0.012817375852041912,-0.10798445635895274,0.11626727526309116,0.36401673640167365,0.8429695473132865,0.0,239
233,train,blind,3.0,0,0.4595582126649525,0.10479808049219543,0.13099759221059612,0.07810320976389003,0.020920502715529758,0.01708068349057707,0.8365308431651303,0.8293692778842718,0.10246472300474946,-0.1129734601824844,0.18815772790668192,0.3598326359832636,0.8293692796722497,0.0,239
234,train,blind,3.0,0,0.49099224892631954,0.09628125854309261,0.12035156548444925,0.06485355835579429,0.0202231526250121,0.015302528176168331,0.7417031092623786,0.7344950792929119,0.09397316328128098,-0.10144276841620482,0.17649296310384174,0.2719665271966527,0.7344950801928027,0.0,239
235,train,blind,3.0,0,0.426090166965406,0.09746696159760998,0.12183369415967212,0.08019526009779096,0.02580195334915337,0.017471275983035377,0.8195405715304938,0.8268563266703275,0.09458810977023299,-0.10574716729601326,0.12197286674274124,0.39330543933054396,0.8268563270080332,0.0,239
236,train,blind,3.0,0,0.0034414877965033177,0.0009206733261616209,0.0011508415993687865,0.0,0.0,0.01650518756924844,0.8458923539107813,0.8453780529888105,0.0009206734691539762,-0.10615076444660537,0.10320781032078102,0.4100418410041841,0.8453780561391411,0.0,239
237,train,blind,3.0,0,0.07057711293792525,0.01711197903972347,0.02138997300884299,0.005578800724141269,0.0034867504525882926,0.017433877895044546,0.8408490852082624,0.8467809958188603,0.016722100096211986,-0.10995340233244784,0.1316089767972613,0.4225941422594142,0.8467809912318647,0.0,239
238,train,blind,3.0,0,0.49865054549941856,0.12036880444839161,0.15046099655013692,0.09274756178945677,0.02719665346784073,0.01760037937766588,0.8316749060004326,0.8397189166755357,0.11755082335986274,-0.10893351688911895,0.14162545961709141,0.3723849372384937,0.8397189196117804,0.0,239
239,train,blind,3.0,0,0.478391402922768,0.10222314246093295,0.12777892018846873,0.06276150802189336,0.02092050252848589,0.01705317837760928,0.8098474876900598,0.8179491278267306,0.100179484254075,-0.10263308872291332,0.10637758336503106,0.4811715481171548,0.8179491295180684,0.0,239
240,eval,blind,3.0,0,0.4085878510234286,0.06626248495516825,0.08282810223728923,0.006973500905176585,0.0,0.010041166449581355,0.6318457311167378,0.5462784745952575,0.06626248537766088,-0.0703562275510226,0.05058957778623051,0.5606694560669456,0.5462784746543546,0.0,239
241,eval,blind,3.0,0,0.44882433315462367,0.08023715303513569,0.10029643583923084,0.0027894003620706344,0.0,0.00914816685784686,0.6608166043728465,0.5412433840739677,0.08023715327990012,-0.06696231138178094,0.0010143273741600102,0.9790794979079498,0.5412433853229491,0.0,239
242,eval,blind,3.0,0,0.04457110651652085,0.010978686146426065,0.013723356933407262,0.0006973500905176586,0.0,0.012053842257871974,0.6639647097268364,0.6494137352979333,0.010978685981697168,-0.07548556003630896,0.01115760111576011,0.7740585774058577,0.6494137337008278,0.0,239
243,eval,blind,3.0,0,0.5000638219418426,0.08973499339632045,0.11216873591107576,0.0027894003620706344,0.0,0.008803850256109212,0.6537034590124585,0.5212998555419834,0.08973499335280169,-0.06538126412804471,0.012045137568150122,0.8284518828451883,0.5212998531622351,0.0,239
244,eval,blind,3.0,0,0.4085878752840285,0.07291675896906412,0.09114594378872243,0.0,0.0,0.009449447277216357,0.6653517159208593,0.5555008411656862,0.07291675859917758,-0.06724402506073517,0.0,1.0,0.5555008406866645,0.0,239
245,eval,blind,3.0,0,0.31501786260686376,0.05697335155161291,0.07121668576285907,0.0,0.0,0.010017694009148426,0.6583078373924958,0.5723744882699336,0.05697335119507576,-0.06727516066450177,0.0,1.0,0.5723744866414776,0.0,239
246,eval,blind,3.0,0,0.48599371905867245,0.07189862391006427,0.08987327609598446,0.00976290126724722,0.0,0.008742978365772314,0.5459074935404327,0.4582166098151746,0.07189862430864367,-0.07015847854653916,0.1767465449473818,0.100418410041841,0.4582166080309915,0.0,239
247,eval,blind,3.0,0,0.2656803193330306,0.04815113143207226,0.06018891128602172,0.016039052081906147,0.0,0.010603893202413887,0.6398542712298397,0.590708166485551,0.04815113194193728,-0.07354324275441403,0.029922657537720294,0.7949790794979079,0.590708168308577,0.0,239
248,eval,blind,3.0,0,0.32300139925731,0.05892107141466052,0.0736513358043876,0.0,0.0,0.009952939571384106,0.6653012381437932,0.5765030245651261,0.05892107083669376,-0.06949768175602512,0.0,1.0,0.5765030216683169,0.0,239
249,eval,blind,3.0,0,0.4881335476829956,0.08530423600446381,0.10663028927731194,0.005578800724141269,0.0,0.009114326998809642,0.6452029245169093,0.5215729265532234,0.0853042367167618,-0.06438161709905255,0.0202865474832002,0.7782426778242678,0.5215729241031529,0.0,239
250,train,blind,3.0,0,0.4891325045084395,0.11471699067383784,0.14339623119376788,0.09414226190814413,0.029288703739393705,0.018019798401719793,0.8379099668319255,0.8323976855148332,0.11135334318021393,-0.1142662664154672,0.1915810827944719,0.36401673640167365,0.8323976903640898,0.0,239
251,train,blind,3.0,0,0.350115003503633,0.07991867357571868,0.09989833620050655,0.07880055991675565,0.032775454004938136,0.01801849455693464,0.8644865917112039,0.8804257182895389,0.07706940994129083,-0.11560909464384855,0.15493850640294154,0.39748953974895396,0.8804257200966233,0.0,239
252,train,blind,3.0,0,0.10614912902745642,0.027460653250984637,0.03432581469292684,0.009065551176729561,0.004184100543105951,0.016884792747100714,0.8460091089354399,0.8441980876433799,0.02697108203179314,-0.10743430737758396,0.11106884747052112,0.5062761506276151,0.8441980896746341,0.0,239
253,train,blind,3.0,0,0.10614915428562363,0.0269425754921042,0.033678216770383254,0.011854951538800196,0.004184100543105951,0.017067492639969366,0.8224509276106766,0.8211831116277304,0.026399944102634677,-0.1040501781251799,0.11284392037530112,0.4225941422594142,0.8211831126062081,0.0,239
254,train,blind,3.0,0,0.15576161381352116,0.037856350663391686,0.047320436101658765,0.02510460325863571,0.009065551176729561,0.017380247613469676,0.8109760195266252,0.8226137503233415,0.0367857709506436,-0.10219472740681945,0.10244706479016102,0.41841004184100417,0.822613750492156,0.0,239
255,train,blind,3.0,0,0.001747928173575944,0.0004393726949198315,0.000549215836342749,0.0,0.0,0.01705286741085257,0.8313278257223353,0.8309747382811422,0.00043937280216029256,-0.1032388868711659,0.09116267275263092,0.4895397489539749,0.8309747359356197,0.0,239
256,train,blind,3.0,0,0.5015085087071692,0.11209593136766643,0.14011990627947232,0.06694560844030341,0.01882845244397678,0.016475038110009672,0.8247864868600997,0.8133745407958409,0.11005048441016302,-0.10855726743408262,0.14834537847090148,0.4476987447698745,0.8133745413153859,0.0,239
257,train,blind,3.0,0,0.004340025042008344,0.0012396409505199852,0.0015495511142640018,0.0,0.0,0.016655208365641005,0.8421795236016916,0.8412094531448316,0.0012396412237108832,-0.10497767401607908,0.09560035501458096,0.4686192468619247,0.8412094465561024,0.0,239
258,train,blind,3.0,0,0.5008256455296923,0.11348988687686908,0.1418623510461387,0.08577406069723632,0.020920502715529758,0.01696771460246279,0.8330132804156347,0.8276761840078123,0.11121216777430627,-0.10877162751095287,0.13604665905921137,0.45188284518828453,0.8276761867791331,0.0,239
259,train,blind,3.0,0,0.372095166128404,0.07840149014677743,0.09800185621569345,0.05788005745061771,0.018131102353459123,0.016074042080484612,0.8050259931566326,0.8106260108274396,0.07647721326527165,-0.10849632199238997,0.1706605807024217,0.3138075313807531,0.8106260090504289,0.0,239
260,train,blind,3.0,0,0.49865054549941856,0.11671402979585589,0.14589252763229424,0.08647141097479784,0.02510460325863571,0.017533230116964945,0.8225434856434747,0.831031938851129,0.1139057810754798,-0.10979716348485491,0.15214910612400154,0.3682008368200837,0.8310319432118456,0.0,239
261,train,blind,3.0,0,0.44651358694995696,0.09588392019405435,0.11985489198600761,0.0781032100756298,0.028591353648876047,0.016556925960586534,0.7960832987495047,0.8061754994063198,0.09218068075177022,-0.10756619348928054,0.15886902497781158,0.35564853556485354,0.8061755008650474,0.0,239
262,train,blind,3.0,0,0.5010294404741651,0.10640091749987408,0.13300113954293205,0.07531380958886326,0.023709903077600392,0.016289515414949367,0.7550174338922341,0.7563239475049733,0.10328451298352687,-0.10005238933207798,0.13706098643337136,0.32217573221757323,0.7563239475580832,0.0,239
263,train,blind,3.0,0,0.4722936973789786,0.10763404247420158,0.13454254627471543,0.09483961218570565,0.041841005431059515,0.01569459457768743,0.755674527965829,0.7619612609741578,0.10227034364764234,-0.10399030023182002,0.15696716115126158,0.301255230125523,0.7619612571622753,0.0,239
264,train,blind,3.0,0,0.47389736845189456,0.10146166254790275,0.12682707048584216,0.07461645956069356,0.028591353648876047,0.017661833118600576,0.7957741431112568,0.8044048203584041,0.0984647519985191,-0.1039783594854407,0.12577659439584124,0.4100418410041841,0.8044048189452664,0.0,239
265,train,blind,3.0,0,0.02979833591694332,0.007631976936410949,0.00953997069766777,0.0,0.0,0.01662416732967461,0.8376175731295821,0.8362908292265616,0.007631977049112184,-0.10531586815909412,0.1114492202358311,0.41841004184100417,0.8362908307698157,0.0,239
266,train,blind,3.0,0,0.11274788101110218,0.0282072617281674,0.03525907516517364,0.013249651719835514,0.00488145063362361,0.01764269920346565,0.8704623531347538,0.8689128837575474,0.027611735674315647,-0.11044528177988809,0.12260682135159122,0.40585774058577406,0.8689128843467274,0.0,239
267,train,blind,3.0,0,0.05101152724064263,0.014168192707767509,0.017710239967980587,0.0020920502715529757,0.0006973500905176586,0.016579927683702696,0.84175352072616,0.8350397552905222,0.014058082972985773,-0.10339545264428142,0.09369849118803092,0.4393305439330544,0.835039755142323,0.0,239
268,train,blind,3.0,0,0.2905912866229464,0.060789582040316155,0.07598697275038278,0.04741980603050487,0.031380753948598725,0.01591337621835485,0.7572322192925289,0.7641765674786588,0.05732510922729999,-0.10237745506045484,0.14682388740966146,0.3514644351464435,0.7641765686296155,0.0,239
269,train,blind,3.0,0,0.04457112279658256,0.012056950537603427,0.015071187041989464,0.0006973500905176586,0.0,0.016426584915215127,0.8180136797193703,0.8177773987398985,0.012056950252760342,-0.10503824501433365,0.11652085710663117,0.4435146443514644,0.8177773978250356,0.0,239
270,eval,blind,3.0,0,0.020964593625584595,0.005841702474575275,0.007302127831745074,0.0,0.0,0.012258366325083014,0.6729227308199496,0.6640376908759192,0.005841702431832829,-0.07851173834779504,0.023075947762140225,0.5648535564853556,0.664037690386161,0.0,239
271,eval,blind,3.0,0,0.4465136047263696,0.08124477048953713,0.10155595766172684,0.0,0.0,0.009002979819479721,0.6693608001435651,0.5471770163609891,0.08124477060997097,-0.0694290771363059,0.04767338658552047,0.5606694560669456,0.5471770144296753,0.0,239
272,eval,blind,3.0,0,0.34251425579287914,0.06515652774321999,0.08144565447725947,0.03347280434484761,0.0,0.011319446186515576,0.7033506480969146,0.6133236015940311,0.06515652714053324,-0.07093365219980229,0.0,1.0,0.6133235982920359,0.0,239
273,eval,blind,3.0,0,0.025146192200367425,0.006111101981404771,0.007638877163665266,0.0,0.0,0.012224507309636685,0.6702061323565918,0.6618198229927398,0.006111101867379251,-0.08021208016670402,0.02890833016356029,0.7949790794979079,0.6618198210801303,0.0,239
274,eval,blind,3.0,0,0.013958478934449634,0.003302983933330682,0.004128729666308763,0.0,0.0,0.012237637159589943,0.6775253610256825,0.6725301097252379,0.003302984155567044,-0.08114979703090743,0.024343856979840244,0.8326359832635983,0.6725301106649412,0.0,239
275,eval,blind,3.0,0,0.01200688445204372,0.0032740560949392323,0.004092569921857864,0.0,0.0,0.012373471166938543,0.6756661509993684,0.6718456809989578,0.0032740560293795054,-0.08035039998766684,0.01711677443895017,0.8577405857740585,0.6718456793889119,0.0,239
276,eval,blind,3.0,0,0.4532820635336884,0.08757737057190547,0.10947170742992852,0.02580195334915337,0.0,0.010165114380481602,0.7000074543713526,0.5719175736525068,0.08757737055039724,-0.0690951705825549,0.0,1.0,0.5719175709776696,0.0,239
277,eval,blind,3.0,0,0.502088449363476,0.10038295683404906,0.12547868846556856,0.02789400362070634,0.0,0.009845087012455303,0.7056487317364585,0.5578237629834578,0.10038295642869602,-0.06489069552826081,0.0012679092177000128,0.9581589958158996,0.5578237644004964,0.0,239
278,eval,blind,3.0,0,0.5015085098678519,0.09870075385274256,0.12337593531627432,0.007670850995694244,0.0,0.0091436977934669,0.7022091324858087,0.5546809553351861,0.09870075378477781,-0.0679327134089659,0.003169773044250032,0.9330543933054394,0.554680953681278,0.0,239
279,eval,blind,3.0,0,0.10291766645305227,0.020880819627586884,0.026101023095780954,0.0,0.0,0.011537908091283867,0.6678582419910192,0.6375288477003824,0.020880819357508816,-0.07939326195674294,0.05807024217066059,0.606694560669456,0.6375288468290297,0.0,239
280,train,blind,3.0,0,0.019673136295750737,0.005399948712993631,0.006749935685323306,0.0,0.0,0.01708633228980597,0.8328096884065094,0.8328404588679389,0.00539994837764505,-0.10773771724223298,0.12780524914416128,0.40585774058577406,0.8328404604759596,0.0,239
281,train,blind,3.0,0,0.016098320915726126,0.003919988732369922,0.004899985719127612,0.0,0.0,0.016522537334335025,0.8271355196272479,0.8266753005682175,0.0039199887760332786,-0.10743473338771867,0.12564980347407126,0.4225941422594142,0.8266752998292767,0.0,239
282,train,blind,3.0,0,0.3825699220520223,0.08534003448244316,0.10667503666508725,0.06973500892706995,0.021617852806047416,0.01667333784937921,0.8224340031336541,0.8183911407841798,0.08266748719391799,-0.11022878717715476,0.15544567009002155,0.39748953974895396,0.818391143604893,0.0,239
283,train,blind,3.0,0,0.47839141184577105,0.11063652967268316,0.1382956542211371,0.09414226184579617,0.026499303439671027,0.01711690414718364,0.8410278869223894,0.8353646501088242,0.10739196003068854,-0.10873366113399337,0.13490554076328135,0.41841004184100417,0.8353646495127732,0.0,239
284,train,blind,3.0,0,0.5008256440260959,0.11092276582090091,0.13865344969045323,0.07043235901758761,0.03486750440118702,0.015848595769316052,0.7244475651610347,0.7324930917643104,0.10696940933498866,-0.1048124112961342,0.1891720552808419,0.2384937238493724,0.7324930921612037,0.0,239
285,train,blind,3.0,0,0.48485143263255603,0.10144705376745809,0.12680880930412025,0.06415620814058072,0.023012552987082734,0.015400259663978257,0.7480875796728055,0.7457790568657999,0.09881255028440099,-0.10121836834891763,0.15303664257639155,0.3263598326359833,0.7457790562892078,0.0,239
286,train,blind,3.0,0,0.4941819601855557,0.10929022280981683,0.1366127720502389,0.07601115974172887,0.026499303439671027,0.016131838775828293,0.7524166296715517,0.7686827175288021,0.10635195538680099,-0.10355143401605858,0.16305312539622163,0.2803347280334728,0.768682718119849,0.0,239
287,train,blind,3.0,0,0.2573214347770065,0.06095243610618591,0.07619054109199012,0.040446305187676244,0.00976290126724722,0.01696654148380346,0.8347151546298709,0.8280916936602054,0.05992421539399801,-0.11093337998277798,0.1577279066818816,0.37656903765690375,0.8280916931759239,0.0,239
288,train,blind,3.0,0,0.2531380826036473,0.05771646341686753,0.07214557445747144,0.042538355396881264,0.016039052081906147,0.016516933544971454,0.8300074341406882,0.825625135933505,0.05578747190500728,-0.10783454543767429,0.14086471408647142,0.3514644351464435,0.8256251366538154,0.0,239
289,train,blind,3.0,0,0.4986505481252782,0.1155985778757773,0.14449821463971466,0.09135286173311737,0.023012552862386824,0.017086840617552276,0.8098155242628632,0.8202125429483638,0.11307387410642185,-0.10437459135362798,0.11956383922911121,0.40585774058577406,0.820212543352529,0.0,239
290,train,blind,3.0,0,0.501946137909228,0.10934616608312475,0.13668269789356968,0.07252440922679262,0.02789400362070634,0.016318427895636114,0.7686381559491656,0.7691432089236989,0.10647270008619017,-0.10354981350112376,0.1626727526309116,0.3179916317991632,0.7691432055013164,0.0,239
291,train,blind,3.0,0,0.07600188859598127,0.02060293624654683,0.02575366890986017,0.004881450571275655,0.0013947001810353172,0.016922541517008362,0.8374985220791406,0.8353541837576542,0.02052608084650045,-0.10728541811661797,0.11842272093318118,0.4393305439330544,0.8353541808974912,0.0,239
292,train,blind,3.0,0,0.09973252267304225,0.026195369562765906,0.03274420961253218,0.011157601448282537,0.004184100543105951,0.01683181807862509,0.8450465640014185,0.8462897123277936,0.025794714195235505,-0.11129813587122385,0.15848865221250158,0.3682008368200837,0.8462897132208833,0.0,239
293,train,blind,3.0,0,0.4909922425595826,0.1074705174722409,0.13433813862140298,0.07112970910810526,0.01952580253449444,0.016461715038873597,0.8429017563245287,0.8170872828825747,0.10558474443197274,-0.10762069464521888,0.13642703182452134,0.5104602510460251,0.8170872795617259,0.0,239
294,train,blind,3.0,0,0.00027498420791614755,5.683860382080764e-05,7.104824973763723e-05,0.0,0.0,0.016728558266831554,0.8320799825331158,0.8320734090635468,5.683852830610947e-05,-0.10560730497876579,0.10561683783441106,0.5062761506276151,0.8320734078548238,0.0,239
295,train,blind,3.0,0,0.19920827428452043,0.04605183428657446,0.05756478984460738,0.0251046031339398,0.006973500905176585,0.016892023053834658,0.8355731198478443,0.8320931421912365,0.04518604273182071,-0.10966916324115436,0.14530239634842146,0.4393305439330544,0.8320931409594277,0.0,239
296,train,blind,3.0,0,7.168989468786756e-07,8.031739339438972e-08,1.0039673032673566e-07,0.0,0.0,0.016666971241556514,0.8410857453256472,0.8410858904716859,8.028700333293216e-08,-0.10806867370177774,0.12146570305566122,0.46443514644351463,0.8410858925469319,0.0,239
297,train,blind,3.0,0,0.2322390740961382,0.05344809131118336,0.06681010940315657,0.04114365515349799,0.011854951538800196,0.01722318574466653,0.8372587454992358,0.8345018565405363,0.05214752008451115,-0.10575823180614352,0.1090401927222011,0.4602510460251046,0.834501860970202,0.0,239
298,train,blind,3.0,0,0.24895398218523726,0.0582805986083243,0.07285074416243154,0.041841005431059515,0.011157601385934583,0.016984879682191246,0.844576207040244,0.8391840416766609,0.0571392448757373,-0.10922473242760881,0.1392164321034614,0.4100418410041841,0.8391840410579295,0.0,239
299,train,blind,3.0,0,0.4023595106228796,0.0892849870280283,0.11160622750445692,0.07252440928914058,0.025801953286805412,0.016474845499154882,0.7906782289179798,0.7917260358024342,0.08671900122782333,-0.10491350316933427,0.14986686953214154,0.3389121338912134,0.7917260392364954,0.0,239
300,eval,blind,3.0,0,0.15576158431569304,0.03149134862415929,0.039364183399134375,0.0020920502715529757,0.0,0.011449922070055265,0.6815207261420693,0.6382736561812118,0.031491348644799876,-0.07718108985579504,0.03905160390516039,0.6150627615062761,0.6382736537776027,0.0,239
301,eval,blind,3.0,0,0.1299968671675179,0.02784470846500466,0.03480588434583475,0.0,0.0,0.011405267452657472,0.6888427895232724,0.6466780629118117,0.027844708682689744,-0.0778895635724232,0.009002155445670089,0.8368200836820083,0.6466780611977703,0.0,239
302,eval,blind,3.0,0,0.02819466484402731,0.007731751697773,0.009664689268559805,0.0,0.0,0.012292680059750583,0.684481921679804,0.6726894576928606,0.007731751779132818,-0.0797462113531368,0.03233168505135032,0.39748953974895396,0.6726894546254836,0.0,239
303,eval,blind,3.0,0,0.22391449630794566,0.04431397180793801,0.05539246209474913,0.006973500905176585,0.0,0.011005481901855274,0.7031146979980389,0.6387226832212265,0.044313972073951886,-0.07469670388136981,0.0007607455306200076,0.9748953974895398,0.6387226834275551,0.0,239
304,eval,blind,3.0,0,0.05794356438666426,0.01465598838693337,0.018319984899554206,0.0,0.0,0.0120394449490103,0.6880176452662655,0.6657155005253509,0.014655988492937071,-0.07953496975851285,0.005452009636110054,0.8284518828451883,0.6657155035312249,0.0,239
305,eval,blind,3.0,0,0.33866766505446294,0.06176771874470813,0.07720964326981478,0.01464435190087083,0.0,0.010890103118673403,0.6831181208957688,0.5953699501239106,0.061767718270979356,-0.07402213880109426,0.05084315962977051,0.5564853556485355,0.5953699514876554,0.0,239
306,eval,blind,3.0,0,0.006565895839070679,0.0017714464169840238,0.0022143079547265595,0.0,0.0,0.0125838539769647,0.6858469553322971,0.683368027958411,0.0017714466084573937,-0.08029188789240238,0.023329529605680226,0.5481171548117155,0.6833680294383273,0.0,239
307,eval,blind,3.0,0,0.005953148992843712,0.0015550208935789544,0.0019437760168798054,0.0,0.0,0.0124906738050999,0.6872641209777928,0.6849438169012508,0.0015550208543831576,-0.08212630640144779,0.019018638265500192,0.7238493723849372,0.6849438201829311,0.0,239
308,eval,blind,3.0,0,0.5008256455296923,0.09950299549388268,0.12437873891137456,0.00976290126724722,0.0,0.009358532563101297,0.7156386083638818,0.565923137021364,0.09950299575210307,-0.0680155747720408,0.0,1.0,0.5659231398803874,0.0,239
309,eval,blind,3.0,0,0.45108052358230005,0.08743888892241408,0.10929860343920869,0.017433752262941464,0.0,0.009970077504423374,0.7107294567209906,0.5793521794564555,0.08743888786592373,-0.07030669890668993,0.015341701534170155,0.7405857740585774,0.5793521797956943,0.0,239
310,train,blind,3.0,0,0.2781775054950136,0.05936924651418335,0.07421155455522543,0.0425383552098374,0.007670850995694244,0.016319031444296365,0.824662682775673,0.8094153947286526,0.05840405531497134,-0.10367579843136568,0.1115760111576011,0.41422594142259417,0.8094153944749259,0.0,239
311,train,blind,3.0,0,0.02819465429997744,0.00673728629007958,0.008421607338525034,0.0,0.0,0.017106917979016464,0.8498960480281,0.8487386272043363,0.006737285870265958,-0.10922946446818316,0.12919994928363127,0.4309623430962343,0.8487386247563564,0.0,239
312,train,blind,3.0,0,0.5020820002191994,0.11705764935202553,0.14632205066380904,0.09205021163659116,0.030683403920429023,0.01694226720629486,0.7885116540737231,0.799831626741956,0.1137435796547655,-0.10697528209800153,0.15354380626347153,0.3682008368200837,0.7998316332511173,0.0,239
313,train,blind,3.0,0,0.21150077816593815,0.04619247383947611,0.05774058917742276,0.0251046031339398,0.006276150814658927,0.016115834720230128,0.8073661165880858,0.8048612428010757,0.04547449653815633,-0.10222543847047247,0.1092937745657411,0.4476987447698745,0.8048612455685703,0.0,239
314,train,blind,3.0,0,0.07326333691171423,0.018990106497360375,0.023737631898842985,0.00488145063362361,0.0034867504525882926,0.0171151065937863,0.8344431661661699,0.8418604056954883,0.018500212422451763,-0.10843077642716502,0.12450868517814126,0.41422594142259417,0.841860403429098,0.0,239
315,train,blind,3.0,0,0.1445073664815396,0.0327129035398395,0.04089112720222646,0.010460251357764879,0.0020920502715529757,0.01634873868020789,0.8625413649501162,0.8518253485029212,0.03249260880475658,-0.10914445970764404,0.11766197540256118,0.45188284518828453,0.8518253515068516,0.0,239
316,train,blind,3.0,0,0.14082453795319042,0.036899426719660885,0.04612428149762861,0.0209205026531818,0.010460251357764879,0.016958182453563647,0.8314326545184626,0.8330867256828931,0.03591797463505451,-0.10823869997279346,0.1385824774946114,0.46443514644351463,0.8330867245490499,0.0,239
317,train,blind,3.0,0,0.43414843287689137,0.0891371351193446,0.11142141155718772,0.06764295865551698,0.02440725316811805,0.0164655094301897,0.8109766178799473,0.8099925485614953,0.08652349636959952,-0.10219701825771184,0.11373145682769113,0.4100418410041841,0.8099925508529771,0.0,239
318,train,blind,3.0,0,0.0023364927420596237,0.0006421539946432444,0.0008026924688808881,0.0,0.0,0.01636481483196099,0.8195048600559953,0.8194000773350065,0.0006421538764926523,-0.10723048915205956,0.13617344998098135,0.4435146443514644,0.8194000769208744,0.0,239
319,train,blind,3.0,0,0.9130408012348673,0.21264099605057551,0.26580122663922934,0.2318840635859448,0.08695652433063673,0.018569956553856962,0.8796062482439954,0.8918524552946505,0.20274988254127296,-8.815655134274532,0.23847167325428192,0.34782608695652173,0.8918524679856891,0.043478260869565216,23
320,train,blind,3.0,0,0.15576161381352116,0.04021151608467944,0.05026439256440906,0.0202231526250121,0.006973500905176585,0.01697671206114681,0.8521450880182339,0.8523800967876881,0.0394678488667839,-0.10867826084648585,0.1194370483073412,0.4309623430962343,0.8523800978264764,0.0,239
321,train,blind,3.0,0,0.4948741555965635,0.10976384951327912,0.13720480325429898,0.07740585986041623,0.02580195334915337,0.016862673870537227,0.7843274700467058,0.781424211283608,0.10764716944214499,-0.10311740142629448,0.14821858754913148,0.3138075313807531,0.781424211457766,0.0,239
322,train,blind,3.0,0,3.939130826693449e-05,7.723525893376657e-06,9.654407088925369e-06,0.0,0.0,0.01664733930459737,0.8101496491347396,0.8101442907021136,7.723476027190163e-06,-0.10523037609093927,0.12387473056929124,0.4476987447698745,0.8101442874386383,0.0,239
323,train,blind,3.0,0,0.17120400338753217,0.04160773490124385,0.05200966562936259,0.01952580253449444,0.006973500905176585,0.016790706655556126,0.8291532798167552,0.830287522913023,0.040996684978670594,-0.10736843696703688,0.1293267402054013,0.3891213389121339,0.8302875212168771,0.0,239
324,train,blind,3.0,0,0.44414846890925763,0.09888026866265212,0.12360032732613035,0.08298466039751363,0.03277545406728609,0.01694753268786227,0.8193419063191035,0.8215551138173586,0.0955190246689096,-0.10760345968669453,0.1403575503993914,0.35564853556485354,0.8215551168564696,0.0,239
325,train,blind,3.0,0,0.3959428790102983,0.08878470126725599,0.11098086880195765,0.07810320976389003,0.023709903077600392,0.017232601472398724,0.8003462010597086,0.8083824368825019,0.08638383818639135,-0.10888400805763136,0.16470140737923167,0.301255230125523,0.8083824354549973,0.0,239
326,train,blind,3.0,0,0.06283616020874398,0.017018590894489132,0.021273237524712316,0.004184100543105951,0.0013947001810353172,0.017050329424347338,0.8435480513582668,0.8452564668705274,0.01686996375157916,-0.11489742212495577,0.18549511854951184,0.3263598326359833,0.8452564682570716,0.0,239
327,train,blind,3.0,0,0.4811274396703373,0.11400943730153106,0.1425117885095932,0.0934449116305826,0.030683403982776976,0.017836210765061457,0.8234340246751218,0.8456701241028359,0.11045973066253495,-0.10964752423184537,0.1392164321034614,0.3514644351464435,0.8456701245977812,0.0,239
328,train,blind,3.0,0,0.3069478625608959,0.069216713536167,0.08652088636657913,0.05439330681098555,0.0209205026531818,0.016912387965040507,0.7940958175948474,0.8014190968858647,0.06670216564483301,-0.1051490552040315,0.14251299606948142,0.28451882845188287,0.8014190965997784,0.0,239
329,train,blind,3.0,0,0.17513455355801244,0.04281442653107767,0.053518030168477664,0.02719665346784073,0.00976290126724722,0.01662269627741659,0.8031343040231881,0.8099950716585295,0.04175112626517643,-0.10760207702886072,0.1589958158995816,0.39330543933054396,0.8099950711136082,0.0,239
330,eval,blind,3.0,0,0.41162967206828666,0.08004657407125622,0.10005821330487075,0.0006973500905176586,0.0,0.010689370696545894,0.7284407684244372,0.608894136161485,0.08004657472959338,-0.07766918838989675,0.08330163560289082,0.39748953974895396,0.6088941302850301,0.0,239
331,eval,blind,3.0,0,0.06794360041903054,0.018093948733716936,0.02261743470334748,0.0,0.0,0.01378321905608706,0.7509747877031191,0.7246096386071529,0.018093948630270477,-0.08447446636205694,0.01534170153417015,0.7196652719665272,0.724609640489392,0.0,239
332,eval,blind,3.0,0,0.31501786260686376,0.06640513859436921,0.08300641877123104,0.006973500905176585,0.0,0.011710867007111032,0.7400260994125111,0.639643197403792,0.06640513913221165,-0.07758637569296055,0.0305566121465703,0.401673640167364,0.6396431995426957,0.0,239
333,eval,blind,3.0,0,0.5019918537838604,0.10617074769249778,0.1327134290751251,0.006276150814658927,0.0,0.010069964332778833,0.7445580666284681,0.5840402765503488,0.10617074953943416,-0.07356080715979504,0.044250031697730445,0.5146443514644351,0.5840402781945833,0.0,239
334,eval,blind,3.0,0,0.5018883342007137,0.11151439032544651,0.13939298065712313,0.02580195334915337,0.0,0.01063241191972125,0.764818980728732,0.5962076844281232,0.11151438985470118,-0.06932632127179136,0.007227082540890073,0.8870292887029289,0.5962076860281844,0.0,239
335,eval,blind,3.0,0,3.939130826693449e-05,1.4428547013621138e-05,1.8035683310376363e-05,0.0,0.0,0.014226450643280061,0.7330430853316974,0.7330210111630013,1.4428627566691628e-05,-0.08753420439361836,0.0509699505515405,0.2719665271966527,0.7330210070833906,0.0,239
336,eval,blind,3.0,0,0.11952208523755692,0.02576467934309088,0.03220584768936244,0.0013947001810353172,0.0,0.013025102988820694,0.7221193990697422,0.6854432308773616,0.02576467949752993,-0.08540192807937586,0.08380879928997086,0.3138075313807531,0.6854432312067709,0.0,239
337,eval,blind,3.0,0,0.0038738003089876893,0.0012149334657220287,0.0015186667359820332,0.0,0.0,0.014220639960022027,0.7409637592826428,0.7395833361597739,0.0012149336096885708,-0.08799641415156649,0.017370356282490174,0.6736401673640168,0.7395833337382026,0.0,239
338,eval,blind,3.0,0,0.49725076854988837,0.10376775825457554,0.12970969131506593,0.00976290126724722,0.0,0.010077092788770607,0.7329560507042139,0.5760927482130138,0.10376775878291966,-0.07470285110650361,0.08355521744643087,0.18828451882845187,0.5760927440421656,0.0,239
339,eval,blind,3.0,0,0.09046233746581896,0.019244321741474984,0.024055400766845342,0.0,0.0,0.013109052238136406,0.7141366132133675,0.6872184775364449,0.019244321493909766,-0.08789953730855501,0.09230379104856092,0.36401673640167365,0.6872184759877981,0.0,239
340,train,blind,3.0,0,0.1751345835546242,0.04452273576264903,0.05565341588596034,0.032775454191981995,0.014644351838522874,0.016869206791042222,0.8416329097298898,0.8513328231029431,0.04276275409691944,-0.10787931848653452,0.1276784582223913,0.41422594142259417,0.8513328254089217,0.0,239
341,train,blind,3.0,0,0.44882433315462367,0.10147290044324679,0.12684111670311102,0.08298466070925342,0.02510460325863571,0.0162466585511443,0.7858747029404262,0.7981476585485945,0.09868534579745528,-0.10234776502501404,0.12793204006593129,0.3891213389121339,0.7981476612321913,0.0,239
342,train,blind,3.0,0,0.137177762364597,0.03218952445013772,0.040236902866914635,0.014644351838522874,0.0027894003620706344,0.01681058477731149,0.8321237030388421,0.8287902287359517,0.03178389097829723,-0.1104141046606461,0.15138836059338154,0.4100418410041841,0.8287902301649039,0.0,239
343,train,blind,3.0,0,0.24895398218523726,0.0542250690191528,0.06778133141754754,0.03556485455405263,0.011854951538800196,0.01737386585411978,0.8363746847318306,0.8383962447174423,0.052476203090477284,-0.10718708726513339,0.12057816660327121,0.47280334728033474,0.8383962455762629,0.0,239
344,train,blind,3.0,0,0.4392558730871779,0.09762847408771705,0.12203558458487011,0.08856346124635082,0.026499303439671027,0.017240551265519672,0.812851599631948,0.8192996032941291,0.0947974567011081,-0.1043412384800315,0.11233675668822113,0.4686192468619247,0.8192996045778579,0.0,239
345,train,blind,3.0,0,0.0038738029971952595,0.0011920118325266444,0.0014900147050021706,0.0,0.0,0.016720422208465043,0.8374328413767794,0.8369770092445438,0.0011920117374673237,-0.10368780054041622,0.09407886395334093,0.4560669456066946,0.8369770095664256,0.0,239
346,train,blind,3.0,0,0.0007224776207325224,0.00017637050380673607,0.00022046312028673677,0.0,0.0,0.016565581214727218,0.8407324067468922,0.8406305098633388,0.00017637041101544398,-0.10806666334738474,0.12869278559655128,0.40585774058577406,0.840630513488958,0.0,239
347,train,blind,3.0,0,0.12297281284996057,0.02896930541683257,0.03621162993295002,0.016039051957210237,0.007670850995694244,0.01683770338751407,0.8307823598634249,0.8289331722708426,0.02806321402257324,-0.10759018479031038,0.12400152149106125,0.401673640167364,0.8289331750803415,0.0,239
348,train,blind,3.0,0,0.14822527385418105,0.033949756834650645,0.042437193711642875,0.01743375220059351,0.0013947001810353172,0.01684169996058311,0.8363509536038881,0.8248808812895579,0.03388089207910677,-0.10556220850118705,0.11537973881070117,0.4100418410041841,0.8248808835733127,0.0,239
349,train,blind,3.0,0,0.3575846668143823,0.08057745177689433,0.10072180958511381,0.06415620807823277,0.018828452381628828,0.01658969200566941,0.8283118621824177,0.8190099928668353,0.0785579938919795,-0.10744254208745292,0.14809179662736147,0.41422594142259417,0.8190099917656556,0.0,239
350,train,blind,3.0,0,0.2864649897415939,0.0637256755005742,0.07965709082400205,0.04951185605266603,0.013947001748005217,0.016840506780495142,0.831925096870965,0.8259184851806034,0.0622779465267824,-0.10651539603830507,0.12463547609991124,0.41841004184100417,0.825918482952893,0.0,239
351,train,blind,3.0,0,0.215627043554328,0.0425817120019959,0.05322713655097009,0.02440725316811805,0.01464435190087083,0.015321558308261584,0.7798964441071993,0.7802195792168254,0.040981646099132824,-0.10620244746625729,0.16774438950171167,0.30962343096234307,0.7802195802245651,0.0,239
352,train,blind,3.0,0,0.5003441035252276,0.10537953385156855,0.13172440826251108,0.07043235914228352,0.028591353711224,0.016658900761061104,0.7653305985688166,0.7717074296090394,0.10281477992797758,-0.10210814452440715,0.1473310510967415,0.2803347280334728,0.7717074281974549,0.0,239
353,train,blind,3.0,0,0.11952211124389958,0.026983203995297272,0.033729002862935765,0.008368201086211903,0.0034867504525882926,0.01643962616287951,0.8395449996742743,0.8362690630567623,0.026657896424721265,-0.10308009925123372,0.09357170026626095,0.4393305439330544,0.836269063637218,0.0,239
354,train,blind,3.0,0,0.3991743668428696,0.0917468897998607,0.11468360473549312,0.08507671079376253,0.03138075407329464,0.01664770215021049,0.7761626204935577,0.7955671012027493,0.08782778727913579,-0.10460541219844989,0.13465195891974135,0.42677824267782427,0.7955671014585582,0.0,239
355,train,blind,3.0,0,0.44882433315462367,0.10373086007700702,0.12966356699607443,0.08437936076559283,0.0209205026531818,0.017168815517077166,0.8105927450138156,0.8210529939400102,0.10159257987108207,-0.10781433225906627,0.1469506783314315,0.4100418410041841,0.8210529944230266,0.0,239
356,train,blind,3.0,0,0.372095166128404,0.08270895603497924,0.10338618977570241,0.06764295865551698,0.017433752262941464,0.016616479479064816,0.8226043787399097,0.821462627079447,0.08106004564393196,-0.1104985877653831,0.17268923545074172,0.2928870292887029,0.8214626276746129,0.0,239
357,train,blind,3.0,0,0.19514417073502602,0.04081264082808778,0.05101579711114621,0.017433752262941464,0.006276150814658927,0.01642260727887607,0.7924866669472291,0.7903791178469878,0.040129429832148726,-0.10426436338139601,0.1454291872701915,0.3514644351464435,0.7903791161270823,0.0,239
358,train,blind,3.0,0,0.49487416027990566,0.11054208729263976,0.13817760026649617,0.09344491187997443,0.02510460325863571,0.0173102632383173,0.8258482967211113,0.8225183710144155,0.10734845666609917,-0.10747822273099372,0.14073792316470143,0.35564853556485354,0.8225183730198727,0.0,239
359,train,blind,3.0,0,0.5010294421648054,0.11294152517305264,0.14117689805778613,0.09135286123433373,0.02580195334915337,0.016132201723731025,0.7959237981540888,0.8018929005666757,0.11048833559058442,-0.10455617947889728,0.1383288956510714,0.3598326359832636,0.8018928991365553,0.0,239
360,eval,blind,3.0,0,0.49487416027990566,0.08196258728560651,0.10245322856169718,0.02928870380174166,0.0,0.009468652177446182,0.596440393805005,0.5235458543859266,0.08196258703414455,-0.08247297008608548,0.2135159122606821,0.0794979079497908,0.5235458520414752,0.0,239
361,eval,blind,3.0,0,0.0488099870398625,0.011350194109707513,0.014187741984200915,0.0,0.0,0.010742407446049122,0.6636112353542359,0.6464461608162485,0.011350193648719278,-0.07639148760018206,0.006212755166730063,0.9497907949790795,0.646446158510588,0.0,239
362,eval,blind,3.0,0,0.4392558533156307,0.07788541204281196,0.09735675951689175,0.03138075407329464,0.0,0.010070403683229222,0.6933933461560365,0.5908502253653115,0.07788541204646517,-0.06777326915312296,0.0012679092177000128,0.9748953974895398,0.5908502239725362,0.0,239
363,eval,blind,3.0,0,0.38597856810663256,0.06588713486852303,0.08235891347674426,0.02440725316811805,0.0,0.009847029609114679,0.6574718866138778,0.5861828323438077,0.06588713433465346,-0.07421920612720878,0.07049575250412071,0.4309623430962343,0.5861828314274928,0.0,239
364,eval,blind,3.0,0,0.09046233746581896,0.018780000934144846,0.023475000452342545,0.0,0.0,0.010667535380916242,0.6758631026395694,0.648153153174093,0.018780001372011367,-0.07745100221339099,0.0006339546088500064,0.9832635983263598,0.6481531532685628,0.0,239
365,eval,blind,3.0,0,0.005378621699537879,0.0015098588807468407,0.001887323424529633,0.0,0.0,0.011222108575090704,0.6641343179856384,0.6618371325307312,0.0015098589279340137,-0.07660224934999119,0.0,1.0,0.6618371306647313,0.0,239
366,eval,blind,3.0,0,0.10614915428562363,0.022657077123847437,0.02832134460935259,0.0,0.0,0.010413018008499215,0.6682090834094889,0.6339928250931297,0.022657076546565652,-0.07419536894786395,0.0,1.0,0.6339928263931718,0.0,239
367,eval,blind,3.0,0,0.0488099870398625,0.011061326107535697,0.013826657011811514,0.0,0.0,0.010743693450551527,0.661200270742552,0.6444891125088457,0.01106132613957731,-0.07651417651276922,0.017877519969570176,0.8577405857740585,0.6444891097986827,0.0,239
368,eval,blind,3.0,0,0.11611346518928935,0.025358254983722232,0.03169781764419179,0.003486750390240338,0.0,0.010624394226998526,0.6778351537353324,0.6461233063971148,0.02535825519898707,-0.07598042821567214,0.0019018638265500191,0.9916317991631799,0.6461233096476946,0.0,239
369,eval,blind,3.0,0,0.4738973789959445,0.08498007459879259,0.10622508837214928,0.030683403982776976,0.0,0.009672524904341253,0.6902916234407465,0.5799643362416383,0.08498007459031412,-0.06873630744068082,0.0,1.0,0.5799643366518822,0.0,239
