episode,phase,arm,sigma,direct,A,load,load_frac,sat,clipped,x_std,q_cmd_abs,q_exec_abs,resid_after,reward,v_out,cr,q_loss,destroy,steps
0,train,blind,0.0,0,0.14822527385418105,0.0,0.0,0.0,0.0,0.014618900076536828,1.5246138365697661,1.5246138365697661,0.0,-0.19760125400211428,0.38010029971215764,0.2301255230125523,1.5246138183846503,0.0,239
1,eval,blind,0.0,0,0.034930997800481874,0.0,0.0,0.0,0.0,0.004689073899788119,0.427315827318814,0.427315827318814,0.0,-0.0756819460032708,0.16763108697587462,0.45188284518828453,0.4273158300161711,0.0,239
2,eval,blind,0.0,0,0.22391452780090834,0.0,0.0,0.0,0.0,0.004586842630027353,0.42049455767396104,0.42049455767396104,0.0,-0.06153395036158876,0.0066470815157719815,0.9665271966527197,0.4204945574210962,0.0,239
3,eval,blind,0.0,0,0.36491424218167223,0.0,0.0,0.0,0.0,0.005331836782091893,0.46795837930306233,0.46795837930306233,0.0,-0.0934431413889437,0.3633342235674649,0.17573221757322174,0.46795837936129797,0.0,239
4,eval,blind,0.0,0,0.1445073664815396,0.0,0.0,0.0,0.0,0.005099508831487914,0.44112353930912257,0.44112353930912257,0.0,-0.0837279001310371,0.2533012849045966,0.5062761506276151,0.4411235378368131,0.0,239
5,eval,blind,0.0,0,0.3308880599050015,0.0,0.0,0.0,0.0,0.0049857699480804,0.44486751323215135,0.44486751323215135,0.0,-0.0719882401745732,0.15380278346538465,0.7405857740585774,0.44486751289788234,0.0,239
6,eval,blind,0.0,0,0.4532820635336884,0.0,0.0,0.0,0.0,0.005242904106049826,0.44787166258281247,0.44787166258281247,0.0,-0.08266808205501079,0.30938603519392277,0.5313807531380753,0.447871663687916,0.0,239
7,eval,blind,0.0,0,0.009418925725383427,0.0,0.0,0.0,0.0,0.004504648261804866,0.4137503050860002,0.4137503050860002,0.0,-0.06442204440061296,0.08032879313926228,0.7824267782426778,0.41375030638795024,0.0,239
8,eval,blind,0.0,0,0.2364117139628913,0.0,0.0,0.0,0.0,0.004635145063570478,0.40705591508783556,0.40705591508783556,0.0,-0.05638932790366914,0.0,1.0,0.40705591553874987,0.0,239
9,eval,blind,0.0,0,0.5020820002946379,0.0,0.0,0.0,0.0,0.004988295605764666,0.4431684755381181,0.4431684755381181,0.0,-0.07488662023554983,0.0985785928365827,0.6652719665271967,0.4431684736010422,0.0,239
10,eval,blind,0.0,0,0.000463527011177035,0.0,0.0,0.0,0.0,0.00455998236807375,0.40499190418790076,0.40499190418790076,0.0,-0.06925514731842955,0.1379862903943737,0.5355648535564853,0.4049919032723305,0.0,239
11,train,blind,0.0,0,0.4510805060552793,0.0,0.0,0.0,0.0,0.014869746331234607,1.5359487792936828,1.5359487792936828,0.0,-0.1931445705222125,0.29380693789133205,0.39330543933054396,1.5359487751047851,0.0,239
12,train,blind,0.0,0,0.3269574497412977,0.0,0.0,0.0,0.0,0.015122682801116585,1.5639331355753303,1.5639331355753303,0.0,-0.19088252287425406,0.25089765274933973,0.37656903765690375,1.5639331367234761,0.0,239
13,train,blind,0.0,0,0.5020920332959219,0.0,0.0,0.0,0.0,0.015101837193024457,1.5832237464114711,1.5832237464114711,0.0,-0.19035753554898574,0.21979880708626365,0.41841004184100417,1.5832237402038558,0.0,239
14,train,blind,0.0,0,0.001747928173575944,0.0,0.0,0.0,0.0,0.016323808237723225,1.654015695450196,1.654015695450196,0.0,-0.19747177654781597,0.1945161577494881,0.4769874476987448,1.6540156971424338,0.0,239
15,train,blind,0.0,0,0.04055126141090673,0.0,0.0,0.0,0.0,0.017068646877427356,1.6837353496870735,1.6837353496870735,0.0,-0.19435155892017336,0.13973708418647438,0.5606694560669456,1.6837353384393996,0.0,239
16,train,blind,0.0,0,0.0023364956484850357,0.0,0.0,0.0,0.0,0.01799188436994867,1.787650242510201,1.787650242510201,0.0,-0.20294948989007267,0.11460280720496155,0.5104602510460251,1.7876502456675372,0.0,239
17,train,blind,0.0,0,0.0038738029971952595,0.0,0.0,0.0,0.0,0.01898809164668975,1.8411120560378709,1.8411120560378709,0.0,-0.20973136573738163,0.14395085907593694,0.4351464435146444,1.841112038028285,0.0,239
18,train,blind,0.0,0,0.0007224766159197316,0.0,0.0,0.0,0.0,0.01950203158958936,1.8891683343065333,1.8891683343065333,0.0,-0.21326073453187785,0.1276595744680851,0.5104602510460251,1.8891683334068048,0.0,239
19,train,blind,0.0,0,0.22807283978866633,0.0,0.0,0.0,0.0,0.01842753471471525,1.7841917022002791,1.7841917022002791,0.0,-0.22922294488105008,0.36645004302798306,0.3723849372384937,1.7841917060537986,0.0,239
20,train,blind,0.0,0,0.5008256455296923,0.0,0.0,0.0,0.0,0.017760222501055217,1.7088720279757448,1.7088720279757448,0.0,-0.24522922451143764,0.634736935814119,0.09623430962343096,1.7088720249082652,0.0,239
21,train,blind,0.0,0,0.2740191620142929,0.0,0.0,0.0,0.0,0.018130666223670273,1.76803436488786,1.76803436488786,0.0,-0.19939406270283722,0.08673847888661385,0.6359832635983264,1.768034369204548,0.0,239
22,train,blind,0.0,0,0.4288286963842077,0.0,0.0,0.0,0.0,0.017107829135924454,1.69111687418806,1.69111687418806,0.0,-0.21957864687019688,0.4059170895278793,0.29707112970711297,1.6911168752179504,0.0,239
23,train,blind,0.0,0,0.49905009486198143,0.0,0.0,0.0,0.0,0.016453124413258986,1.6824442093342418,1.6824442093342418,0.0,-0.20802130665769086,0.3135998100833852,0.3054393305439331,1.6824442140494709,0.0,239
24,train,blind,0.0,0,0.053267700141298224,0.0,0.0,0.0,0.0,0.01586958102367538,1.6412868317699831,1.6412868317699831,0.0,-0.19327444804166447,0.18516869936793376,0.49372384937238495,1.6412868311312774,0.0,239
25,train,blind,0.0,0,0.023700630373153914,0.0,0.0,0.0,0.0,0.015436980604470773,1.6100996074317389,1.6100996074317389,0.0,-0.18773504442557337,0.15353571322591172,0.5439330543933054,1.6100996032110386,0.0,239
26,train,blind,0.0,0,0.07879227929296571,0.0,0.0,0.0,0.0,0.015486702913317097,1.5612607518499366,1.5612607518499366,0.0,-0.1865914917353958,0.18816582094424167,0.4560669456066946,1.5612607496414395,0.0,239
27,train,blind,0.0,0,0.4982182329869342,0.0,0.0,0.0,0.0,0.01365144782461943,1.4595962994767033,1.4595962994767033,0.0,-0.19793094494066094,0.44484999554882926,0.20502092050209206,1.45959630298654,0.0,239
28,train,blind,0.0,0,0.33866766505446294,0.0,0.0,0.0,0.0,0.014849714159373209,1.5534618666481272,1.5534618666481272,0.0,-0.19982974023018152,0.3609009169411555,0.29707112970711297,1.5534618701238152,0.0,239
29,train,blind,0.0,0,0.4532820462560594,0.0,0.0,0.0,0.0,0.014813846380500489,1.5445264128960325,1.5445264128960325,0.0,-0.20543347489458094,0.4129202646962817,0.30962343096234307,1.5445264248125947,0.0,239
30,eval,blind,0.0,0,0.372095166128404,0.0,0.0,0.0,0.0,0.008075310441443237,0.746233811438333,0.746233811438333,0.0,-0.11736061393686135,0.39128757529897035,0.5062761506276151,0.7462338151358041,0.0,239
31,eval,blind,0.0,0,0.3347918485875449,0.0,0.0,0.0,0.0,0.005330035200919255,0.5958876682125873,0.5958876682125873,0.0,-0.12657403470156667,0.6635508472061485,0.1297071129707113,0.5958876712965748,0.0,239
32,eval,blind,0.0,0,0.14822524460574474,0.0,0.0,0.0,0.0,0.006748007762413394,0.666031101071685,0.666031101071685,0.0,-0.12643608422400548,0.6207602599483664,0.12133891213389121,0.6660311038496499,0.0,239
33,eval,blind,0.0,0,0.37562728849699706,0.0,0.0,0.0,0.0,0.007045799580881972,0.6844078970753498,0.6844078970753498,0.0,-0.11332080443840392,0.4595091842487907,0.2510460251046025,0.6844078958467853,0.0,239
34,eval,blind,0.0,0,0.48599371905867245,0.0,0.0,0.0,0.0,0.008567651780517032,0.7741140184542126,0.7741140184542126,0.0,-0.14029207895352228,0.7467580640375084,0.0,0.7741140144067584,0.0,239
35,eval,blind,0.0,0,0.2322390740961382,0.0,0.0,0.0,0.0,0.0085156114312146,0.761781819071231,0.761781819071231,0.0,-0.12414895496178824,0.4667794296566664,0.09623430962343096,0.7617818179565446,0.0,239
36,eval,blind,0.0,0,0.47063660832414467,0.0,0.0,0.0,0.0,0.005533513026584766,0.5893454643971751,0.5893454643971751,0.0,-0.11514021534105642,0.5715599869432327,0.17154811715481172,0.5893454621389537,0.0,239
37,eval,blind,0.0,0,0.013958478934449634,0.0,0.0,0.0,0.0,0.00849241225212563,0.7722556021173629,0.7722556021173629,0.0,-0.14869101825450098,0.7679456363690317,0.0,0.7722556036316797,0.0,239
38,eval,blind,0.0,0,0.08452667201199193,0.0,0.0,0.0,0.0,0.008608125189171176,0.776505543347682,0.776505543347682,0.0,-0.14311917942523456,0.800083088518947,0.0,0.7765055444422312,0.0,239
39,eval,blind,0.0,0,0.001747928173575944,0.0,0.0,0.0,0.0,0.008557464352664712,0.7677687091059265,0.7677687091059265,0.0,-0.13693568402847925,0.6576753019377429,0.0,0.7677687079217638,0.0,239
40,train,blind,0.0,0,0.018431992074788867,0.0,0.0,0.0,0.0,0.01574869737979882,1.579045567303023,1.579045567303023,0.0,-0.21389645838157256,0.5112021128223388,0.19246861924686193,1.579045579468985,0.0,239
41,train,blind,0.0,0,0.07326335892778778,0.0,0.0,0.0,0.0,0.015450124063813537,1.5925889828215085,1.5925889828215085,0.0,-0.21942922437907042,0.5512923232143387,0.14644351464435146,1.592588983556288,0.0,239
42,train,blind,0.0,0,0.47063660832414467,0.0,0.0,0.0,0.0,0.015053721682546527,1.5172913318897392,1.5172913318897392,0.0,-0.19770252686688314,0.363927712988516,0.35564853556485354,1.5172913326755293,0.0,239
43,train,blind,0.0,0,0.0023364927420596237,0.0,0.0,0.0,0.0,0.015297886085497784,1.6079992205528035,1.6079992205528035,0.0,-0.24765440834717808,0.7285676132822934,0.06276150627615062,1.6079992144525417,0.0,239
44,train,blind,0.0,0,0.19514417073502602,0.0,0.0,0.0,0.0,0.015583015931575368,1.5966108436365007,1.5966108436365007,0.0,-0.23555422821102756,0.6339357250957002,0.1589958158995816,1.5966108363919345,0.0,239
45,train,blind,0.0,0,0.5003441035252276,0.0,0.0,0.0,0.0,0.016402592079784083,1.6341192767211083,1.6341192767211083,0.0,-0.2493362588548824,0.7553933351138017,0.058577405857740586,1.6341192739530084,0.0,239
46,train,blind,0.0,0,0.382569948058365,0.0,0.0,0.0,0.0,0.015460995405865638,1.5843771309533379,1.5843771309533379,0.0,-0.2199212991287846,0.5608178284222084,0.1506276150627615,1.584377131707474,0.0,239
47,train,blind,0.0,0,0.09046236122763525,0.0,0.0,0.0,0.0,0.014970414108639606,1.5814156180645134,1.5814156180645134,0.0,-0.20832332280233629,0.43674886495148224,0.24267782426778242,1.5814156159734238,0.0,239
48,train,blind,0.0,0,0.28232657409398026,0.0,0.0,0.0,0.0,0.014894191466006899,1.5740144509650673,1.5740144509650673,0.0,-0.22138170833402324,0.5884447609721356,0.14225941422594143,1.574014465687008,0.0,239
49,train,blind,0.0,0,0.5020705397688578,0.0,0.0,0.0,0.0,0.014730296709485134,1.5268132736493354,1.5268132736493354,0.0,-0.1935881605015547,0.31983144900442145,0.3138075313807531,1.5268132775501035,0.0,239
50,train,blind,0.0,0,0.5008256455296923,0.0,0.0,0.0,0.0,0.015462560662960782,1.5737143368401787,1.5737143368401787,0.0,-0.19925872488492752,0.322591174812309,0.3682008368200837,1.5737143358220473,0.0,239
51,train,blind,0.0,0,0.2905912866229464,0.0,0.0,0.0,0.0,0.014966588712854615,1.536602456948747,1.536602456948747,0.0,-0.20100443797279696,0.3760645716490103,0.301255230125523,1.5366024468675463,0.0,239
52,train,blind,0.0,0,0.06536317144762423,0.0,0.0,0.0,0.0,0.015259789795883655,1.5564208322489113,1.5564208322489113,0.0,-0.20297269163345671,0.3936912074542272,0.2510460251046025,1.556420832828173,0.0,239
53,train,blind,0.0,0,0.5010294404741651,0.0,0.0,0.0,0.0,0.014369543382671962,1.533103720662983,1.533103720662983,0.0,-0.19313082860089253,0.33490608029911867,0.28870292887029286,1.5331037211704421,0.0,239
54,train,blind,0.0,0,0.004340025042008344,0.0,0.0,0.0,0.0,0.01594998168653836,1.6228173213025017,1.6228173213025017,0.0,-0.1938001932033988,0.2096501379862904,0.48535564853556484,1.622817321117629,0.0,239
55,train,blind,0.0,0,0.4341484118583851,0.0,0.0,0.0,0.0,0.015585527291607159,1.6164220940617837,1.6164220940617837,0.0,-0.20332601826725863,0.3449063770438292,0.29707112970711297,1.6164220838932277,0.0,239
56,train,blind,0.0,0,0.053267700141298224,0.0,0.0,0.0,0.0,0.016097934074918097,1.6432899306508786,1.6432899306508786,0.0,-0.19181498765951382,0.15941125849431734,0.5355648535564853,1.6432899216795922,0.0,239
57,train,blind,0.0,0,0.0017479297706943053,0.0,0.0,0.0,0.0,0.016452270006628467,1.6710442252238924,1.6710442252238924,0.0,-0.19186698107648986,0.11543369239443309,0.5648535564853556,1.6710442154716427,0.0,239
58,train,blind,0.0,0,0.0,0.0,0.0,0.0,0.0,0.0168998860656654,1.7102646952393663,1.7102646952393663,0.0,-0.19357104595212968,0.09748063740763821,0.606694560669456,1.710264691805049,0.0,239
59,train,blind,0.0,0,0.0065658995871934805,0.0,0.0,0.0,0.0,0.01734438974987014,1.6901960248228896,1.6901960248228896,0.0,-0.19103535323571122,0.09291076886554496,0.5857740585774058,1.6901960362131008,0.0,239
60,eval,blind,0.0,0,0.5000638219418426,0.0,0.0,0.0,0.0,0.013414750974547415,1.2139431452651404,1.2139431452651404,0.0,-0.13217973041863113,0.0014837235526276743,0.9916317991631799,1.2139431507196126,0.0,239
61,eval,blind,0.0,0,0.5019918537838604,0.0,0.0,0.0,0.0,0.013393772349042125,1.2148236550047806,1.2148236550047806,0.0,-0.1347884685162092,0.007507641176296031,0.8619246861924686,1.2148236565335424,0.0,239
62,eval,blind,0.0,0,0.4653420529930334,0.0,0.0,0.0,0.0,0.013367464836047784,1.2078232141718206,1.2078232141718206,0.0,-0.1432187653173707,0.08540312768924893,0.5899581589958159,1.2078232110129776,0.0,239
63,eval,blind,0.0,0,0.0014944071429085072,0.0,0.0,0.0,0.0,0.01337338553422041,1.2172242527726305,1.2172242527726305,0.0,-0.13783472147940423,0.00017804682631532092,0.99581589958159,1.2172242534620223,0.0,239
64,eval,blind,0.0,0,0.0008817244371400257,0.0,0.0,0.0,0.0,0.013401889764395967,1.2155825453323301,1.2155825453323301,0.0,-0.13881220097150704,0.020742455265734892,0.9163179916317992,1.215582546415375,0.0,239
65,eval,blind,0.0,0,0.04055127557113798,0.0,0.0,0.0,0.0,0.013398514366923017,1.2125925344403319,1.2125925344403319,0.0,-0.14007530063763146,0.05528353957090715,0.8702928870292888,1.2125925362542682,0.0,239
66,eval,blind,0.0,0,0.12646474479892483,0.0,0.0,0.0,0.0,0.013349011575483627,1.2093842338817389,1.2093842338817389,0.0,-0.14670554037725822,0.0897652749339743,0.8158995815899581,1.2093842314952818,0.0,239
67,eval,blind,0.0,0,0.49865054549941856,0.0,0.0,0.0,0.0,0.013473993607613581,1.1972580749120671,1.1972580749120671,0.0,-0.19423367551665732,0.6645894536929879,0.11715481171548117,1.1972580748427188,0.0,239
68,eval,blind,0.0,0,0.4918546215835647,0.0,0.0,0.0,0.0,0.01337086792185778,1.2115493085095075,1.2115493085095075,0.0,-0.13439132079031813,0.0026707023947298136,0.9874476987447699,1.2115493061380163,0.0,239
69,eval,blind,0.0,0,0.24477059851891544,0.0,0.0,0.0,0.0,0.013458152777012672,1.2067517785347655,1.2067517785347655,0.0,-0.17188346335667293,0.3831864447016233,0.41841004184100417,1.2067517720829604,0.0,239
70,train,blind,0.0,0,0.21150077816593815,0.0,0.0,0.0,0.0,0.017370225631760505,1.6863164008910685,1.6863164008910685,0.0,-0.20227528657369875,0.22537760764414375,0.41422594142259417,1.6863163925020563,0.0,239
71,train,blind,0.0,0,0.05326771741892722,0.0,0.0,0.0,0.0,0.017183089601538422,1.707972904129507,1.707972904129507,0.0,-0.19283169496205216,0.09341523487343838,0.602510460251046,1.707972907041353,0.0,239
72,train,blind,0.0,0,0.0007224766159197316,0.0,0.0,0.0,0.0,0.017659363960340683,1.7191974997021664,1.7191974997021664,0.0,-0.1947534990014938,0.08489866168135553,0.5690376569037657,1.7191975046579286,0.0,239
73,train,blind,0.0,0,0.35386675944174084,0.0,0.0,0.0,0.0,0.016840161880376948,1.6432184429847048,1.6432184429847048,0.0,-0.21988380344268244,0.42784652363571624,0.3389121338912134,1.6432184447429372,0.0,239
74,train,blind,0.0,0,0.42045798061068984,0.0,0.0,0.0,0.0,0.01602861132652004,1.5653869562069243,1.5653869562069243,0.0,-0.2383335427658768,0.6193062108667914,0.22594142259414227,1.5653869518609684,0.0,239
75,train,blind,0.0,0,0.03145542497177721,0.0,0.0,0.0,0.0,0.016715186258396096,1.6711132461555833,1.6711132461555833,0.0,-0.19127642727022176,0.11543369239443309,0.5732217573221757,1.6711132430493965,0.0,239
76,train,blind,0.0,0,0.04253383616285562,0.0,0.0,0.0,0.0,0.016572696293185946,1.624613624736355,1.624613624736355,0.0,-0.1860113060842757,0.10608623401287873,0.5983263598326359,1.6246136184826048,0.0,239
77,train,blind,0.0,0,0.002674004892043177,0.0,0.0,0.0,0.0,0.01645409267115169,1.6477576339593991,1.6477576339593991,0.0,-0.19456048276998308,0.17095462773376066,0.502092050209205,1.6477576391718427,0.0,239
78,train,blind,0.0,0,0.08746963563609224,0.0,0.0,0.0,0.0,0.01607771942033491,1.6053209005539388,1.6053209005539388,0.0,-0.19393545569743206,0.229413335707291,0.4100418410041841,1.605320887967433,0.0,239
79,train,blind,0.0,0,0.28232660558694295,0.0,0.0,0.0,0.0,0.015547386672597176,1.548614187470041,1.548614187470041,0.0,-0.2036552431089136,0.3938989287515951,0.26778242677824265,1.5486141966521125,0.0,239
80,train,blind,0.0,0,0.31902109559870884,0.0,0.0,0.0,0.0,0.015642457614383938,1.586350108290317,1.586350108290317,0.0,-0.18804384607077237,0.1757618920442743,0.4476987447698745,1.5863501069080912,0.0,239
81,train,blind,0.0,0,0.019673128869098604,0.0,0.0,0.0,0.0,0.01573837025356031,1.5931098099532985,1.5931098099532985,0.0,-0.19676561274192358,0.2812249621650494,0.3891213389121339,1.5931098044397771,0.0,239
82,train,blind,0.0,0,0.07057711293792525,0.0,0.0,0.0,0.0,0.01515055056388595,1.579335561107891,1.579335561107891,0.0,-0.20002885568916995,0.3348170568859611,0.3682008368200837,1.5793355621340919,0.0,239
83,train,blind,0.0,0,0.5018883339752502,0.0,0.0,0.0,0.0,0.016053384415431252,1.6030058399403944,1.6030058399403944,0.0,-0.20199091470350042,0.33454998664648805,0.3138075313807531,1.6030058405953103,0.0,239
84,train,blind,0.0,0,0.49775201144090475,0.0,0.0,0.0,0.0,0.01462123728119554,1.5052729493404533,1.5052729493404533,0.0,-0.19791472836819246,0.38719249829371793,0.24686192468619247,1.5052729520701429,0.0,239
85,train,blind,0.0,0,0.09350418227249328,0.0,0.0,0.0,0.0,0.015295368929054573,1.5610637410415267,1.5610637410415267,0.0,-0.18483746231289833,0.16469331434167184,0.5188284518828452,1.5610637465695671,0.0,239
86,train,blind,0.0,0,0.21976545920194163,0.0,0.0,0.0,0.0,0.014997268771698161,1.597201822193098,1.597201822193098,0.0,-0.1883599522204432,0.1596189797916852,0.497907949790795,1.597201816423214,0.0,239
87,train,blind,0.0,0,0.05326771741892722,0.0,0.0,0.0,0.0,0.015386864196150622,1.5505221363889623,1.5505221363889623,0.0,-0.18653102442982272,0.21095581471260275,0.4686192468619247,1.5505221322904035,0.0,239
88,train,blind,0.0,0,0.21976542770897894,0.0,0.0,0.0,0.0,0.015664255084805033,1.6003325347122288,1.6003325347122288,0.0,-0.20182997847702397,0.3132140419597021,0.39748953974895396,1.6003325364867529,0.0,239
89,train,blind,0.0,0,0.04055126141090673,0.0,0.0,0.0,0.0,0.015398471811045911,1.567885565957265,1.567885565957265,0.0,-0.2005446799206495,0.35742900382800674,0.3054393305439331,1.5678855717318332,0.0,239
90,eval,blind,0.0,0,0.2864649897415939,0.0,0.0,0.0,0.0,0.0041821887697167225,0.44307051567851746,0.44307051567851746,0.0,-0.06288111909113077,0.00017804682631532092,0.99581589958159,0.44307051485478266,0.0,239
91,eval,blind,0.0,0,0.24058936510885828,0.0,0.0,0.0,0.0,0.003997473047157773,0.4344983502411942,0.4344983502411942,0.0,-0.06643099324434623,0.001632095907890442,0.9874476987447699,0.4344983526309956,0.0,239
92,eval,blind,0.0,0,0.3791192204459613,0.0,0.0,0.0,0.0,0.00408782425948329,0.4338338781600218,0.4338338781600218,0.0,-0.062194434054120014,0.00017804682631532092,0.99581589958159,0.4338338796283077,0.0,239
93,eval,blind,0.0,0,0.0005835245887526782,0.0,0.0,0.0,0.0,0.00430082100459129,0.45619871963018155,0.45619871963018155,0.0,-0.0821980012579475,0.2409863794177869,0.6276150627615062,0.45619872071128914,0.0,239
94,eval,blind,0.0,0,0.5015085098678519,0.0,0.0,0.0,0.0,0.0038458295049590046,0.42418071253529155,0.42418071253529155,0.0,-0.06999263010119236,0.18335855663372802,0.606694560669456,0.42418071125500056,0.0,239
95,eval,blind,0.0,0,0.023700630373153914,0.0,0.0,0.0,0.0,0.004244061360314925,0.45234929592539574,0.45234929592539574,0.0,-0.06846358830956531,0.0002967447105255349,0.99581589958159,0.4523492943480307,0.0,239
96,eval,blind,0.0,0,0.0010625928217568533,0.0,0.0,0.0,0.0,0.004361991265936751,0.4540709077563745,0.4540709077563745,0.0,-0.07676706914835085,0.18318050980741268,0.6569037656903766,0.45407090887427726,0.0,239
97,eval,blind,0.0,0,0.35386675944174084,0.0,0.0,0.0,0.0,0.004366986519290781,0.4688561763224741,0.4688561763224741,0.0,-0.08968214245926068,0.39992284637526326,0.3807531380753138,0.46885617631440835,0.0,239
98,eval,blind,0.0,0,0.025146201497458203,0.0,0.0,0.0,0.0,0.0043040811596633125,0.4499594766225775,0.4499594766225775,0.0,-0.07618266117589162,0.14712602747856018,0.7364016736401674,0.44995947721606266,0.0,239
99,eval,blind,0.0,0,0.4417291690690918,0.0,0.0,0.0,0.0,0.004329059037251328,0.44758184484856894,0.44758184484856894,0.0,-0.06810625559943208,0.0005044660078934093,0.9874476987447699,0.4475818456056909,0.0,239
100,train,blind,0.0,0,0.053267700141298224,0.0,0.0,0.0,0.0,0.0147564244752742,1.5814285422967567,1.5814285422967567,0.0,-0.20442397691596562,0.3655004599543013,0.301255230125523,1.5814285364894412,0.0,239
101,train,blind,0.0,0,0.4595581971330663,0.0,0.0,0.0,0.0,0.015471927326749308,1.5814113931177052,1.5814113931177052,0.0,-0.19565291763399026,0.2647556307308822,0.3807531380753138,1.5814113926238347,0.0,239
102,train,blind,0.0,0,0.48599371905867245,0.0,0.0,0.0,0.0,0.01501554677605816,1.5792123189032328,1.5792123189032328,0.0,-0.18769614972973964,0.1746342621442773,0.5648535564853556,1.5792123233398379,0.0,239
103,train,blind,0.0,0,0.04253382063096937,0.0,0.0,0.0,0.0,0.01581276560817927,1.593537892257818,1.593537892257818,0.0,-0.1912041966776729,0.21235051485207274,0.4435146443514644,1.5935378931819189,0.0,239
104,train,blind,0.0,0,0.4926731121291847,0.0,0.0,0.0,0.0,0.01491134677853856,1.5746906389751194,1.5746906389751194,0.0,-0.1907926868678216,0.2178699664678477,0.4560669456066946,1.5746906440445896,0.0,239
105,train,blind,0.0,0,0.4465136047263696,0.0,0.0,0.0,0.0,0.015134504501353247,1.591595650218022,1.591595650218022,0.0,-0.18828780165659406,0.17335825988901746,0.42677824267782427,1.591595644729424,0.0,239
106,train,blind,0.0,0,0.24477056702595276,0.0,0.0,0.0,0.0,0.015129648156807014,1.5656757150235037,1.5656757150235037,0.0,-0.19794918419220922,0.3244013175465147,0.33472803347280333,1.5656757130153462,0.0,239
107,train,blind,0.0,0,0.4909922425595826,0.0,0.0,0.0,0.0,0.014528734383473336,1.5127651943322504,1.5127651943322504,0.0,-0.20317419708949275,0.4433365975251491,0.20920502092050208,1.5127651944626297,0.0,239
108,train,blind,0.0,0,0.20328998215313637,0.0,0.0,0.0,0.0,0.014974436147925619,1.5396524757520924,1.5396524757520924,0.0,-0.200392292608305,0.35389774177275285,0.3514644351464435,1.539652465113817,0.0,239
109,train,blind,0.0,0,0.3028837280172224,0.0,0.0,0.0,0.0,0.015403518394789187,1.518122297949372,1.518122297949372,0.0,-0.20586389033571703,0.4462150212172468,0.2175732217573222,1.5181223024564126,0.0,239
110,train,blind,0.0,0,0.4288286963842077,0.0,0.0,0.0,0.0,0.014758713181017583,1.4742833498132777,1.4742833498132777,0.0,-0.20220219690496746,0.41805394818837366,0.3389121338912134,1.4742833425642592,0.0,239
111,train,blind,0.0,0,0.43151492035799666,0.0,0.0,0.0,0.0,0.014631391274957103,1.4725665342857648,1.4725665342857648,0.0,-0.2109287261460054,0.5159797026618002,0.2175732217573222,1.472566539560779,0.0,239
112,train,blind,0.0,0,0.25732146626996916,0.0,0.0,0.0,0.0,0.015656025526912642,1.604458961776111,1.604458961776111,0.0,-0.19203972068432718,0.19872993263895072,0.5062761506276151,1.6044589552727415,0.0,239
113,train,blind,0.0,0,0.4532820635336884,0.0,0.0,0.0,0.0,0.0150230786233174,1.5140594039502004,1.5140594039502004,0.0,-0.19969776024561822,0.3940473011068577,0.26778242677824265,1.5140594146908055,0.0,239
114,train,blind,0.0,0,0.35386675944174084,0.0,0.0,0.0,0.0,0.01505154237798006,1.5809429230550343,1.5809429230550343,0.0,-0.19785661671657634,0.31659693165969316,0.3179916317991632,1.5809429253637237,0.0,239
115,train,blind,0.0,0,0.09973254793120946,0.0,0.0,0.0,0.0,0.015517554162109122,1.6094405997747159,1.6094405997747159,0.0,-0.1906124666202514,0.19015401050476272,0.49372384937238495,1.6094406009054827,0.0,239
116,train,blind,0.0,0,0.31501783161268476,0.0,0.0,0.0,0.0,0.015351539015941416,1.5672988642209744,1.5672988642209744,0.0,-0.19509572524933444,0.29012730348081545,0.36401673640167365,1.5672988570217612,0.0,239
117,train,blind,0.0,0,0.017240600663365867,0.0,0.0,0.0,0.0,0.015424141327160796,1.609969357067571,1.609969357067571,0.0,-0.18693775178307567,0.1350781922312235,0.6234309623430963,1.609969359317816,0.0,239
118,train,blind,0.0,0,0.32300139925731,0.0,0.0,0.0,0.0,0.016095310702888787,1.6592885826920865,1.6592885826920865,0.0,-0.18926339347301846,0.10498827858393424,0.6234309623430963,1.6592885869066978,0.0,239
119,train,blind,0.0,0,0.009418925725383427,0.0,0.0,0.0,0.0,0.01588763351158617,1.627063929286462,1.627063929286462,0.0,-0.19061708218890627,0.14872844891539808,0.5732217573221757,1.6270639249147816,0.0,239
120,eval,blind,0.0,0,0.04253383616285562,0.0,0.0,0.0,0.0,0.00770801082487261,0.750900495376547,0.750900495376547,0.0,-0.09698986180379768,0.05572865663669545,0.8284518828451883,0.750900492527619,0.0,239
121,eval,blind,0.0,0,0.1595777480052146,0.0,0.0,0.0,0.0,0.008690249168988176,0.8341743664262684,0.8341743664262684,0.0,-0.11685452127656364,0.07926051218137037,0.6820083682008368,0.8341743604202561,0.0,239
122,eval,blind,0.0,0,0.023700621450150866,0.0,0.0,0.0,0.0,0.00833368330422368,0.7638345007866496,0.7638345007866496,0.0,-0.09852809860045543,0.0002373957684204279,0.9916317991631799,0.7638345005473642,0.0,239
123,eval,blind,0.0,0,0.00014589585375555142,0.0,0.0,0.0,0.0,0.00856577656056467,0.8339838817029818,0.8339838817029818,0.0,-0.10572753390189797,0.021365619157838512,0.7824267782426778,0.8339838779244344,0.0,239
124,eval,blind,0.0,0,0.005378621699537879,0.0,0.0,0.0,0.0,0.008540574946366718,0.8261529316962015,0.8261529316962015,0.0,-0.10275587286461686,0.0259651621709843,0.8535564853556485,0.8261529273258389,0.0,239
125,eval,blind,0.0,0,0.20328998215313637,0.0,0.0,0.0,0.0,0.00836822081739122,0.8477130188104,0.8477130188104,0.0,-0.12241938469370049,0.16780913380218998,0.5439330543933054,0.8477130218413179,0.0,239
126,eval,blind,0.0,0,0.4392558533156307,0.0,0.0,0.0,0.0,0.007256856819451105,0.6564682939062557,0.6564682939062557,0.0,-0.08929803796659817,0.051574230689337974,0.7531380753138075,0.6564682954002454,0.0,239
127,eval,blind,0.0,0,0.03145542497177721,0.0,0.0,0.0,0.0,0.007885582146924535,0.7428766678566713,0.7428766678566713,0.0,-0.09460937375169941,0.033650850173595655,0.9121338912133892,0.7428766698895268,0.0,239
128,eval,blind,0.0,0,0.475447956226714,0.0,0.0,0.0,0.0,0.0063826269421445895,0.5746916613568821,0.5746916613568821,0.0,-0.09252606766908597,0.2520846315914419,0.3305439330543933,0.5746916585604972,0.0,239
129,eval,blind,0.0,0,0.03145542497177721,0.0,0.0,0.0,0.0,0.00813530151884239,0.7949298470588908,0.7949298470588908,0.0,-0.1010585359848891,0.047508828155138134,0.8702928870292888,0.7949298495002713,0.0,239
130,train,blind,0.0,0,0.026644067398029395,0.0,0.0,0.0,0.0,0.014963686774060068,1.6174806054665953,1.6174806054665953,0.0,-0.20293699229836062,0.3290898839728182,0.3682008368200837,1.6174806069219,0.0,239
131,train,blind,0.0,0,0.012959521485526197,0.0,0.0,0.0,0.0,0.014972893723820543,1.5830957241138155,1.5830957241138155,0.0,-0.19386275591980404,0.26006706430457877,0.4225941422594142,1.5830957324721686,0.0,239
132,train,blind,0.0,0,0.33479187858415665,0.0,0.0,0.0,0.0,0.015570009481863246,1.622402668747443,1.622402668747443,0.0,-0.1902016534860172,0.14914389151013385,0.5857740585774058,1.622402674407516,0.0,239
133,train,blind,0.0,0,0.026644077069207902,0.0,0.0,0.0,0.0,0.015390804452455319,1.594853419140293,1.594853419140293,0.0,-0.19582358739275535,0.257455710851954,0.4602510460251046,1.5948534050535044,0.0,239
134,train,blind,0.0,0,0.5013695556751894,0.0,0.0,0.0,0.0,0.014328451256295003,1.454899568687423,1.454899568687423,0.0,-0.19084516654784617,0.38306774681741296,0.2594142259414226,1.4548995685788388,0.0,239
135,train,blind,0.0,0,0.10614912902745642,0.0,0.0,0.0,0.0,0.014679234030668207,1.567445798897843,1.567445798897843,0.0,-0.1962859174061112,0.3054393305439331,0.3807531380753138,1.5674458021385558,0.0,239
136,train,blind,0.0,0,0.21150074667297547,0.0,0.0,0.0,0.0,0.015050698397096605,1.6284892277238758,1.6284892277238758,0.0,-0.2099537209905887,0.3796255081753168,0.28451882845188287,1.6284892326445566,0.0,239
137,train,blind,0.0,0,0.4990500914879464,0.0,0.0,0.0,0.0,0.014639120609363128,1.5044068275136429,1.5044068275136429,0.0,-0.19324209341873724,0.3696252114306062,0.23430962343096234,1.5044068228366703,0.0,239
138,train,blind,0.0,0,0.49865054549941856,0.0,0.0,0.0,0.0,0.01571831810307615,1.6442122479362966,1.6442122479362966,0.0,-0.1974163680336497,0.23092673373097125,0.48535564853556484,1.644212249353617,0.0,239
139,train,blind,0.0,0,0.19514420172920505,0.0,0.0,0.0,0.0,0.015222833842569066,1.595058274817766,1.595058274817766,0.0,-0.18609585069112292,0.15412920264696278,0.5062761506276151,1.5950582682498224,0.0,239
140,train,blind,0.0,0,0.0008817244371400257,0.0,0.0,0.0,0.0,0.016069872990624675,1.652273077346291,1.652273077346291,0.0,-0.19727411581998439,0.20884892726787144,0.47280334728033474,1.652273086139399,0.0,239
141,train,blind,0.0,0,0.019673128869098604,0.0,0.0,0.0,0.0,0.014436104083550649,1.5956298801190683,1.5956298801190683,0.0,-0.19145264761072778,0.20950176563102763,0.4811715481171548,1.5956298775380169,0.0,239
142,train,blind,0.0,0,0.502088449363476,0.0,0.0,0.0,0.0,0.014801330077286545,1.5754541901863768,1.5754541901863768,0.0,-0.1866011544386349,0.18128134366004925,0.4435146443514644,1.575454181238083,0.0,239
143,train,blind,0.0,0,0.45752092677940104,0.0,0.0,0.0,0.0,0.014788781584992569,1.5757570700665398,1.5757570700665398,0.0,-0.18382208428413063,0.12860915754176683,0.5774058577405857,1.5757570726153511,0.0,239
144,train,blind,0.0,0,0.06794362143753681,0.0,0.0,0.0,0.0,0.015085374139576651,1.601423657339487,1.601423657339487,0.0,-0.19075710273157567,0.20131161162052286,0.497907949790795,1.6014236447054961,0.0,239
145,train,blind,0.0,0,0.37562728849699706,0.0,0.0,0.0,0.0,0.015282546614285044,1.5714670073038364,1.5714670073038364,0.0,-0.19106898128106178,0.2477521588177691,0.39748953974895396,1.5714669937233292,0.0,239
146,train,blind,0.0,0,0.3685238404330022,0.0,0.0,0.0,0.0,0.015671387850599183,1.6174849967577467,1.6174849967577467,0.0,-0.1860227597044968,0.11706578830232348,0.5815899581589958,1.6174849898310852,0.0,239
147,train,blind,0.0,0,0.3308880599050015,0.0,0.0,0.0,0.0,0.015374145347812061,1.6348426005331542,1.6348426005331542,0.0,-0.1901457202668384,0.13460340069438262,0.5941422594142259,1.6348426002707022,0.0,239
148,train,blind,0.0,0,0.09659444735923473,0.0,0.0,0.0,0.0,0.014560396288166983,1.5531164345382147,1.5531164345382147,0.0,-0.19186670741257092,0.2675450310098222,0.42677824267782427,1.5531164416133363,0.0,239
149,train,blind,0.0,0,0.3720951933817057,0.0,0.0,0.0,0.0,0.015300005070366371,1.5752197222230824,1.5752197222230824,0.0,-0.1849653995479118,0.16252707795483545,0.47280334728033474,1.5752197159745103,0.0,239
150,eval,blind,0.0,0,0.2656803193330306,0.0,0.0,0.0,0.0,0.01300600137187472,1.117338131287108,1.117338131287108,0.0,-0.124451244354928,0.0,1.0,1.117338129831866,0.0,239
151,eval,blind,0.0,0,0.0,0.0,0.0,0.0,0.0,0.013539542383650731,1.2447804055453344,1.2447804055453344,0.0,-0.13905673919938144,0.0015430724947327814,0.99581589958159,1.244780407151562,0.0,239
152,eval,blind,0.0,0,0.3028837280172224,0.0,0.0,0.0,0.0,0.013098322223310815,1.173620937509018,1.173620937509018,0.0,-0.1296596138624291,0.0,1.0,1.1736209374976376,0.0,239
153,eval,blind,0.0,0,0.2322390740961382,0.0,0.0,0.0,0.0,0.011404536602137976,0.9765875628802567,0.9765875628802567,0.0,-0.10834441651113007,0.0,1.0,0.9765875630541825,0.0,239
154,eval,blind,0.0,0,0.2032900131473154,0.0,0.0,0.0,0.0,0.012133626534241139,1.1037219800210898,1.1037219800210898,0.0,-0.1217022750451276,0.0006528383631561768,0.9874476987447699,1.103721982066645,0.0,239
155,eval,blind,0.0,0,0.24477059851891544,0.0,0.0,0.0,0.0,0.012046017288522616,1.0781657234395399,1.0781657234395399,0.0,-0.12010482113897734,0.006528383631561768,0.9665271966527197,1.0781657247739485,0.0,239
156,eval,blind,0.0,0,0.4653420398303694,0.0,0.0,0.0,0.0,0.009525663690898708,0.8035104865808367,0.8035104865808367,0.0,-0.0993467612864739,0.0,1.0,0.8035104887650449,0.0,239
157,eval,blind,0.0,0,0.03862335179426082,0.0,0.0,0.0,0.0,0.012347746706688504,1.0821056094129713,1.0821056094129713,0.0,-0.12346168415888371,0.00041544259473574885,0.9916317991631799,1.082105609605483,0.0,239
158,eval,blind,0.0,0,0.007217877699358381,0.0,0.0,0.0,0.0,0.01367903348042875,1.2439105333643479,1.2439105333643479,0.0,-0.1370019041329841,0.0011869788421021395,0.99581589958159,1.2439105372562336,0.0,239
159,eval,blind,0.0,0,0.10291769171121948,0.0,0.0,0.0,0.0,0.013232499031763071,1.2019030162480087,1.2019030162480087,0.0,-0.13140524735354586,0.0018398172052583163,0.99581589958159,1.2019030184386732,0.0,239
160,train,blind,0.0,0,0.5020526421234931,0.0,0.0,0.0,0.0,0.01493096248359735,1.5568337108799604,1.5568337108799604,0.0,-0.18367379066113854,0.1668892251995608,0.4769874476987448,1.5568337045823755,0.0,239
161,train,blind,0.0,0,0.0023364956484850357,0.0,0.0,0.0,0.0,0.016013172020644697,1.6615912605030267,1.6615912605030267,0.0,-0.19529246574272746,0.17240867681533575,0.5941422594142259,1.6615912594992612,0.0,239
162,train,blind,0.0,0,0.18307093769721308,0.0,0.0,0.0,0.0,0.016172083318779035,1.6431746931754396,1.6431746931754396,0.0,-0.1993761140004577,0.23819697913884685,0.4602510460251046,1.6431746973701737,0.0,239
163,train,blind,0.0,0,0.08163405268523204,0.0,0.0,0.0,0.0,0.015259132373719534,1.6068267375854268,1.6068267375854268,0.0,-0.1876763392295049,0.14727439983382296,0.5564853556485355,1.6068267442514146,0.0,239
164,train,blind,0.0,0,0.4341484118583851,0.0,0.0,0.0,0.0,0.015584959804419443,1.6015205393276455,1.6015205393276455,0.0,-0.19815822772398028,0.26330158164930717,0.4435146443514644,1.6015205351602226,0.0,239
165,train,blind,0.0,0,0.012959521485526197,0.0,0.0,0.0,0.0,0.01573158967772413,1.5924881604426078,1.5924881604426078,0.0,-0.19131023467198346,0.20258761387578267,0.48535564853556484,1.5924881620480404,0.0,239
166,train,blind,0.0,0,0.4204580038737225,0.0,0.0,0.0,0.0,0.013852422443222425,1.4376895263105256,1.4376895263105256,0.0,-0.18890910065284633,0.35656844416748273,0.3389121338912134,1.437689518374869,0.0,239
167,train,blind,0.0,0,0.3756273159996906,0.0,0.0,0.0,0.0,0.015683604595270864,1.5964443092565657,1.5964443092565657,0.0,-0.1857278409869632,0.12840143624439893,0.5397489539748954,1.5964443024817125,0.0,239
168,train,blind,0.0,0,0.14082453795319042,0.0,0.0,0.0,0.0,0.015553209677369775,1.6155629896219805,1.6155629896219805,0.0,-0.18665678853614567,0.12145761001810143,0.602510460251046,1.615562990760327,0.0,239
169,train,blind,0.0,0,0.10614912902745642,0.0,0.0,0.0,0.0,0.015308149805814651,1.608547837165609,1.608547837165609,0.0,-0.20012972710048677,0.2897712098281848,0.41841004184100417,1.6085478373159505,0.0,239
170,train,blind,0.0,0,0.048809969762233514,0.0,0.0,0.0,0.0,0.015166911662840694,1.6000345409165866,1.6000345409165866,0.0,-0.20002742415523703,0.30434137511498854,0.401673640167364,1.6000345466271182,0.0,239
171,train,blind,0.0,0,0.02230692015294469,0.0,0.0,0.0,0.0,0.015317545572459448,1.6062918083438316,1.6062918083438316,0.0,-0.191641597942973,0.20143030950473306,0.4560669456066946,1.6062918025918798,0.0,239
172,train,blind,0.0,0,0.5020526421234931,0.0,0.0,0.0,0.0,0.01510124697805885,1.5779856413478133,1.5779856413478133,0.0,-0.1850019926691728,0.14481141873646103,0.5481171548117155,1.5779856403491679,0.0,239
173,train,blind,0.0,0,0.05557842856955229,0.0,0.0,0.0,0.0,0.015632281130546058,1.6139787121297924,1.6139787121297924,0.0,-0.1959633200075191,0.22902756758360782,0.46443514644351463,1.6139787061830277,0.0,239
174,train,blind,0.0,0,0.00010017924373394666,0.0,0.0,0.0,0.0,0.015569636711235076,1.6221463695230842,1.6221463695230842,0.0,-0.1903254236069277,0.14561262945488,0.6108786610878661,1.6221463798654356,0.0,239
175,train,blind,0.0,0,0.25732146626996916,0.0,0.0,0.0,0.0,0.015411369011554259,1.607334219012799,1.607334219012799,0.0,-0.1867302889949505,0.14000415442594732,0.5355648535564853,1.6073342237167922,0.0,239
176,train,blind,0.0,0,0.0012663892698259907,0.0,0.0,0.0,0.0,0.015810770524283833,1.611257753112825,1.611257753112825,0.0,-0.1898628720582177,0.1718745363363898,0.49372384937238495,1.6112577459322004,0.0,239
177,train,blind,0.0,0,0.501210307838382,0.0,0.0,0.0,0.0,0.015113031049356426,1.5583735679482815,1.5583735679482815,0.0,-0.18566131697910368,0.18050980741268283,0.5062761506276151,1.5583735603647135,0.0,239
178,train,blind,0.0,0,0.019673128869098604,0.0,0.0,0.0,0.0,0.01509806668097504,1.5998164455262187,1.5998164455262187,0.0,-0.19719444374557832,0.25849431733879347,0.4393305439330544,1.5998164405638797,0.0,239
179,train,blind,0.0,0,0.06283617998029117,0.0,0.0,0.0,0.0,0.014681281171209143,1.5649457947978416,1.5649457947978416,0.0,-0.1848391134962275,0.1619929374758895,0.5313807531380753,1.5649457908371895,0.0,239
180,eval,blind,0.0,0,0.48813355436147227,0.0,0.0,0.0,0.0,0.008299636746129355,0.689218991346439,0.689218991346439,0.0,-0.10449820294490847,0.34790349862013703,0.40585774058577406,0.6892189912367315,0.0,239
181,eval,blind,0.0,0,0.28232660558694295,0.0,0.0,0.0,0.0,0.00851663204190559,0.7385304890666546,0.7385304890666546,0.0,-0.08262939831787199,0.0,1.0,0.7385304880624163,0.0,239
182,eval,blind,0.0,0,0.1595777480052146,0.0,0.0,0.0,0.0,0.01008591711887443,0.8552676733567625,0.8552676733567625,0.0,-0.10586428250970366,0.0,1.0,0.8552676781316427,0.0,239
183,eval,blind,0.0,0,0.4934485925616751,0.0,0.0,0.0,0.0,0.008828384330239006,0.6868137720987887,0.6868137720987887,0.0,-0.08333023696421799,0.0,1.0,0.6868137734113848,0.0,239
184,eval,blind,0.0,0,0.1751345835546242,0.0,0.0,0.0,0.0,0.008716687508449582,0.72609755334495,0.72609755334495,0.0,-0.08768731168983887,0.10237692513130954,0.7489539748953975,0.7260975488481264,0.0,239
185,eval,blind,0.0,0,0.48241889700017115,0.0,0.0,0.0,0.0,0.007664745758778599,0.6580904850650532,0.6580904850650532,0.0,-0.08660442804461164,0.02198878304994214,0.8410041841004184,0.6580904821091298,0.0,239
186,eval,blind,0.0,0,0.29470410188133966,0.0,0.0,0.0,0.0,0.008784569160833519,0.7178153345774407,0.7178153345774407,0.0,-0.080671996484575,0.00038576812368319534,0.99581589958159,0.7178153355922223,0.0,239
187,eval,blind,0.0,0,0.07057711293792525,0.0,0.0,0.0,0.0,0.010068314713055743,0.8473803942173594,0.8473803942173594,0.0,-0.10273876938723372,0.0,1.0,0.8473803907500004,0.0,239
188,eval,blind,0.0,0,0.0008817244371400257,0.0,0.0,0.0,0.0,0.009833915190280231,0.8057223713048831,0.8057223713048831,0.0,-0.08829472106950316,0.0,1.0,0.8057223724312309,0.0,239
189,eval,blind,0.0,0,0.013958485612926312,0.0,0.0,0.0,0.0,0.009995777613900322,0.8336167342992008,0.8336167342992008,0.0,-0.0922372684584632,0.001157304371049586,0.99581589958159,0.8336167346813789,0.0,239
190,train,blind,0.0,0,0.3109929788440381,0.0,0.0,0.0,0.0,0.015262339260257687,1.5538244781135016,1.5538244781135016,0.0,-0.19322249242443876,0.28965251194397457,0.3138075313807531,1.5538244798971477,0.0,239
191,train,blind,0.0,0,0.48112744734638124,0.0,0.0,0.0,0.0,0.0144268871366853,1.5042698141421234,1.5042698141421234,0.0,-0.18102023935649827,0.20929404433365978,0.4351464435146444,1.5042698085439212,0.0,239
192,train,blind,0.0,0,0.001747928173575944,0.0,0.0,0.0,0.0,0.015477553045057602,1.5812570702081943,1.5812570702081943,0.0,-0.18723731235316493,0.1743671919048043,0.5271966527196653,1.5812570664431922,0.0,239
193,train,blind,0.0,0,0.010237416458047271,0.0,0.0,0.0,0.0,0.01552925717132361,1.6122373576942348,1.6122373576942348,0.0,-0.1918252005437124,0.1885812635389774,0.5146443514644351,1.6122373542756507,0.0,239
194,train,blind,0.0,0,0.001494409176462552,0.0,0.0,0.0,0.0,0.015452873672915927,1.5877898487585858,1.5877898487585858,0.0,-0.18818912300920412,0.17356598118638536,0.5230125523012552,1.5877898464939222,0.0,239
195,train,blind,0.0,0,0.0010625911311165598,0.0,0.0,0.0,0.0,0.01519895827000236,1.5788733891862208,1.5788733891862208,0.0,-0.19388461958504002,0.24962165049407997,0.42677824267782427,1.5788733878437784,0.0,239
196,train,blind,0.0,0,0.015004510717528821,0.0,0.0,0.0,0.0,0.015369222363044029,1.5896831718448814,1.5896831718448814,0.0,-0.18606295062250217,0.15908483931273926,0.5690376569037657,1.589683175981011,0.0,239
197,train,blind,0.0,0,0.4955261337087284,0.0,0.0,0.0,0.0,0.013898363075838678,1.4405649765764819,1.4405649765764819,0.0,-0.18989617934665412,0.39303836909107087,0.23430962343096234,1.4405649670373266,0.0,239
198,train,blind,0.0,0,0.012006890569388804,0.0,0.0,0.0,0.0,0.01494199711689141,1.6036582466947484,1.6036582466947484,0.0,-0.18427046818111248,0.11629425205495714,0.6150627615062761,1.6036582441686138,0.0,239
199,train,blind,0.0,0,2.1493512025067902e-05,0.0,0.0,0.0,0.0,0.015305872733809957,1.5549786756726987,1.5549786756726987,0.0,-0.1876689718844129,0.21012492952313125,0.4811715481171548,1.5549786866387318,0.0,239
200,train,blind,0.0,0,0.14082450920353773,0.0,0.0,0.0,0.0,0.015363087801644618,1.587067852708585,1.587067852708585,0.0,-0.20548339120546116,0.37796373779637377,0.2719665271966527,1.5870678467489518,0.0,239
201,train,blind,0.0,0,0.48485143263255603,0.0,0.0,0.0,0.0,0.014643874870823642,1.5132168898023821,1.5132168898023821,0.0,-0.18921308558976246,0.2960621976913262,0.2803347280334728,1.5132168899099243,0.0,239
202,train,blind,0.0,0,0.3991743668428696,0.0,0.0,0.0,0.0,0.014818966860208801,1.5210833970971687,1.5210833970971687,0.0,-0.18549329820826266,0.23914656221252859,0.3598326359832636,1.521083393277051,0.0,239
203,train,blind,0.0,0,0.0030419384339404444,0.0,0.0,0.0,0.0,0.015280859854664638,1.6129785027962849,1.6129785027962849,0.0,-0.19553193381207157,0.23300394670464997,0.48535564853556484,1.6129784900768454,0.0,239
204,train,blind,0.0,0,0.4986505481252782,0.0,0.0,0.0,0.0,0.01486907244141693,1.5741496557471144,1.5741496557471144,0.0,-0.1836724550868958,0.14000415442594732,0.5564853556485355,1.574149660259344,0.0,239
205,train,blind,0.0,0,0.004340025042008344,0.0,0.0,0.0,0.0,0.015612445313826391,1.580659540876684,1.580659540876684,0.0,-0.18619625033152196,0.16166651829431142,0.5104602510460251,1.5806595465069264,0.0,239
206,train,blind,0.0,0,0.25732146626996916,0.0,0.0,0.0,0.0,0.015098260002499095,1.5778588330895331,1.5778588330895331,0.0,-0.18495072950112906,0.15593934538116858,0.5313807531380753,1.577858829024768,0.0,239
207,train,blind,0.0,0,0.18707420168323716,0.0,0.0,0.0,0.0,0.014444467857105962,1.4963562999809137,1.4963562999809137,0.0,-0.18510164719262465,0.2474257396361909,0.42677824267782427,1.4963562887271957,0.0,239
208,train,blind,0.0,0,0.36491424218167223,0.0,0.0,0.0,0.0,0.014572144341830429,1.5010270720745231,1.5010270720745231,0.0,-0.19308959914754015,0.35193922668328437,0.24267782426778242,1.501027069484969,0.0,239
209,train,blind,0.0,0,0.47694583179846367,0.0,0.0,0.0,0.0,0.014632401715137968,1.4825074236263291,1.4825074236263291,0.0,-0.18505938436828334,0.28457817739398794,0.29707112970711297,1.482507427566527,0.0,239
210,eval,blind,0.0,0,0.08452669602320004,0.0,0.0,0.0,0.0,0.006396534689020163,0.5842069202885967,0.5842069202885967,0.0,-0.08044274543221823,0.014748212113119084,0.9079497907949791,0.5842069163427946,0.0,239
211,eval,blind,0.0,0,0.10291769171121948,0.0,0.0,0.0,0.0,0.006397822792895107,0.5900988303218426,0.5900988303218426,0.0,-0.07521766411852897,0.001632095907890442,0.9874476987447699,0.5900988324103291,0.0,239
212,eval,blind,0.0,0,0.06536319171795504,0.0,0.0,0.0,0.0,0.005820473002378973,0.5523310208919158,0.5523310208919158,0.0,-0.07551061617663381,0.006023917623668358,0.9832635983263598,0.5523310174193042,0.0,239
213,eval,blind,0.0,0,0.2740191620142929,0.0,0.0,0.0,0.0,0.00856842269739097,0.7072007642380862,0.7072007642380862,0.0,-0.09752505617596031,0.11926169916021245,0.6527196652719666,0.7072007656761633,0.0,239
214,eval,blind,0.0,0,0.15957777750304272,0.0,0.0,0.0,0.0,0.005755458470379396,0.5206258164788888,0.5206258164788888,0.0,-0.07337263382603564,0.010178343571025848,0.9790794979079498,0.5206258194003273,0.0,239
215,eval,blind,0.0,0,0.03674998030288848,0.0,0.0,0.0,0.0,0.006693270586423233,0.5903727666603471,0.5903727666603471,0.0,-0.0886095263762622,0.01872459123416125,0.7907949790794979,0.5903727670002288,0.0,239
216,eval,blind,0.0,0,0.49865054549941856,0.0,0.0,0.0,0.0,0.005987299144439493,0.5285664466385064,0.5285664466385064,0.0,-0.09258327938302015,0.12024095670494675,0.4686192468619247,0.5285664476103455,0.0,239
217,eval,blind,0.0,0,0.4994180284038787,0.0,0.0,0.0,0.0,0.007589817597534679,0.6577063675455469,0.6577063675455469,0.0,-0.08999496018638763,0.06314727439983385,0.7112970711297071,0.6577063697521273,0.0,239
218,eval,blind,0.0,0,0.4653420529930334,0.0,0.0,0.0,0.0,0.006329875142278469,0.5830119721061515,0.5830119721061515,0.0,-0.08281020531477766,0.04590640671830025,0.8577405857740585,0.583011968728282,0.0,239
219,eval,blind,0.0,0,0.215627043554328,0.0,0.0,0.0,0.0,0.006734565815159654,0.6062592770514628,0.6062592770514628,0.0,-0.09653740808681698,0.12985548532597405,0.4225941422594142,0.6062592800528447,0.0,239
220,train,blind,0.0,0,0.22391452780090834,0.0,0.0,0.0,0.0,0.015679424950097023,1.5982967034044624,1.5982967034044624,0.0,-0.18824750299133214,0.16674085284429807,0.5481171548117155,1.5982967028540722,0.0,239
221,train,blind,0.0,0,0.011099784369602368,0.0,0.0,0.0,0.0,0.015096056855685042,1.5912800159414442,1.5912800159414442,0.0,-0.19752457195419854,0.28974153535713226,0.4435146443514644,1.5912800013520454,0.0,239
222,train,blind,0.0,0,0.0005835245887526782,0.0,0.0,0.0,0.0,0.015525768553861514,1.6023172416946379,1.6023172416946379,0.0,-0.19309502808377224,0.22104513487047092,0.4560669456066946,1.6023172345513557,0.0,239
223,train,blind,0.0,0,0.011099790736339269,0.0,0.0,0.0,0.0,0.015599788889429185,1.5921413706436316,1.5921413706436316,0.0,-0.19046942926164526,0.19543606635211727,0.4476987447698745,1.592141373473847,0.0,239
224,train,blind,0.0,0,0.42045798061068984,0.0,0.0,0.0,0.0,0.014441952481476209,1.5389521598317135,1.5389521598317135,0.0,-0.1865042715326757,0.22769221638624296,0.41422594142259417,1.5389521577824163,0.0,239
225,train,blind,0.0,0,0.4260901446999406,0.0,0.0,0.0,0.0,0.014920195241197632,1.5382333465201086,1.5382333465201086,0.0,-0.1872714451577641,0.24285587109409776,0.41841004184100417,1.5382333412080103,0.0,239
226,train,blind,0.0,0,0.0010625928217568533,0.0,0.0,0.0,0.0,0.015446689618930656,1.5725555871321069,1.5725555871321069,0.0,-0.19194310763628886,0.24051158788094598,0.41422594142259417,1.5725555853863822,0.0,239
227,train,blind,0.0,0,0.5010294404741651,0.0,0.0,0.0,0.0,0.015071585390592095,1.5448679527478237,1.5448679527478237,0.0,-0.18610451842911474,0.20727618030208608,0.4560669456066946,1.5448679553886546,0.0,239
228,train,blind,0.0,0,0.0008817254575398053,0.0,0.0,0.0,0.0,0.015949838354435426,1.6133923136539539,1.6133923136539539,0.0,-0.19199600163597644,0.18543576960740676,0.502092050209205,1.613392307395269,0.0,239
229,train,blind,0.0,0,0.5019918540521879,0.0,0.0,0.0,0.0,0.014689783004568462,1.5403937143760744,1.5403937143760744,0.0,-0.18444654843756259,0.19522834505474942,0.4309623430962343,1.5403937104397543,0.0,239
230,train,blind,0.0,0,0.00014589585375555142,0.0,0.0,0.0,0.0,0.015372486282373822,1.579820851152412,1.579820851152412,0.0,-0.19093080530324924,0.224428024570462,0.42677824267782427,1.579820845637044,0.0,239
231,train,blind,0.0,0,0.2864649582486312,0.0,0.0,0.0,0.0,0.01540251656252283,1.583419629470075,1.583419629470075,0.0,-0.19535854639698005,0.25846464286774085,0.3891213389121339,1.5834196168771895,0.0,239
232,train,blind,0.0,0,0.4797851214425007,0.0,0.0,0.0,0.0,0.01449363732858557,1.516581814408801,1.516581814408801,0.0,-0.17910375207691928,0.16507908246535505,0.5104602510460251,1.516581825299585,0.0,239
233,train,blind,0.0,0,0.29880202014860646,0.0,0.0,0.0,0.0,0.015321648671880177,1.546872005053644,1.546872005053644,0.0,-0.19094046707358986,0.26828689278613616,0.36401673640167365,1.5468720014778754,0.0,239
234,train,blind,0.0,0,0.24477059851891544,0.0,0.0,0.0,0.0,0.01428405228207301,1.477681565983026,1.477681565983026,0.0,-0.18742126371269469,0.2966260126413246,0.4225941422594142,1.4776815639841796,0.0,239
235,train,blind,0.0,0,0.5018883342007137,0.0,0.0,0.0,0.0,0.01455829295263505,1.5429056700802248,1.5429056700802248,0.0,-0.18582946727936595,0.20021365619157833,0.4895397489539749,1.5429056699752315,0.0,239
236,train,blind,0.0,0,0.09350418227249328,0.0,0.0,0.0,0.0,0.015369916061975965,1.5577861664185464,1.5577861664185464,0.0,-0.18412900604909374,0.15006380011276296,0.5104602510460251,1.557786163088663,0.0,239
237,train,blind,0.0,0,0.0,0.0,0.0,0.0,0.0,0.014893620684119448,1.581427856469254,1.581427856469254,0.0,-0.18807546823573162,0.18231995014688862,0.4811715481171548,1.581427862600177,0.0,239
238,train,blind,0.0,0,0.14822527385418105,0.0,0.0,0.0,0.0,0.01566038481018284,1.5840231791200996,1.5840231791200996,0.0,-0.18174403510122347,0.11208047716549453,0.5983263598326359,1.5840231830029827,0.0,239
239,train,blind,0.0,0,0.0012663877662295617,0.0,0.0,0.0,0.0,0.016061882365682012,1.617040758851183,1.617040758851183,0.0,-0.19282354612556732,0.1957921600047479,0.502092050209205,1.617040764942229,0.0,239
240,eval,blind,0.0,0,0.3649142709313249,0.0,0.0,0.0,0.0,0.010015711003220854,0.8872123201023085,0.8872123201023085,0.0,-0.10325727744266469,0.013679931155227157,0.9205020920502092,0.887212322886779,0.0,239
241,eval,blind,0.0,0,0.4900851427265331,0.0,0.0,0.0,0.0,0.007601599415538202,0.7179764930673224,0.7179764930673224,0.0,-0.08297009238230904,0.0,1.0,0.7179764962977137,0.0,239
242,eval,blind,0.0,0,0.1870741706890581,0.0,0.0,0.0,0.0,0.00934175313372461,0.8544209764093534,0.8544209764093534,0.0,-0.10393166931825133,0.0,1.0,0.8544209795533143,0.0,239
243,eval,blind,0.0,0,0.4982182329869342,0.0,0.0,0.0,0.0,0.007755534347364967,0.739289204321147,0.739289204321147,0.0,-0.08915521104826399,0.0,1.0,0.7392892044617525,0.0,239
244,eval,blind,0.0,0,0.5019918537838604,0.0,0.0,0.0,0.0,0.0082127646305384,0.7573031349162177,0.7573031349162177,0.0,-0.11343301376176558,0.33968367013857975,0.4686192468619247,0.7573031337940991,0.0,239
245,eval,blind,0.0,0,0.005378621699537879,0.0,0.0,0.0,0.0,0.011721562607813953,1.0002116159415144,1.0002116159415144,0.0,-0.11247005917218621,0.001335351197364907,0.99581589958159,1.000211610776065,0.0,239
246,eval,blind,0.0,0,0.45108052358230005,0.0,0.0,0.0,0.0,0.010338975280273908,0.8809383522765906,0.8809383522765906,0.0,-0.09899360059196997,0.0,1.0,0.8809383492331376,0.0,239
247,eval,blind,0.0,0,0.43151489933949033,0.0,0.0,0.0,0.0,0.008530063533212475,0.7877552749970966,0.7877552749970966,0.0,-0.09232104931125507,0.0,1.0,0.7877552760670524,0.0,239
248,eval,blind,0.0,0,0.48485144005920816,0.0,0.0,0.0,0.0,0.009786082035179978,0.8316241586308101,0.8316241586308101,0.0,-0.09527031846962361,0.0,1.0,0.8316241586299646,0.0,239
249,eval,blind,0.0,0,0.053267700141298224,0.0,0.0,0.0,0.0,0.010810252434913084,0.9341393716664493,0.9341393716664493,0.0,-0.1061363486735472,0.015193329178907387,0.9456066945606695,0.9341393734599005,0.0,239
250,train,blind,0.0,0,0.2740191620142929,0.0,0.0,0.0,0.0,0.014113006119666987,1.4778224324581513,1.4778224324581513,0.0,-0.19269397296405932,0.3777263420279534,0.26359832635983266,1.4778224403823141,0.0,239
251,train,blind,0.0,0,0.2947040708871606,0.0,0.0,0.0,0.0,0.01524641588680976,1.5796683443141284,1.5796683443141284,0.0,-0.19345388365915858,0.2519659337072317,0.4351464435146444,1.579668340029902,0.0,239
252,train,blind,0.0,0,0.29470410188133966,0.0,0.0,0.0,0.0,0.015598589784337138,1.5686022217802422,1.5686022217802422,0.0,-0.18654823879478863,0.17956022433900115,0.5104602510460251,1.5686022176729195,0.0,239
253,train,blind,0.0,0,0.4595581971330663,0.0,0.0,0.0,0.0,0.01579558665213413,1.568193874847939,1.568193874847939,0.0,-0.1892123621770813,0.20653431852577228,0.46443514644351463,1.5681938675217761,0.0,239
254,train,blind,0.0,0,0.502091316396975,0.0,0.0,0.0,0.0,0.014211516141517392,1.5441816920515883,1.5441816920515883,0.0,-0.18323854430019282,0.18229027567583606,0.48535564853556484,1.544181693970155,0.0,239
255,train,blind,0.0,0,0.0010625928217568533,0.0,0.0,0.0,0.0,0.01533310042663037,1.554648984426235,1.554648984426235,0.0,-0.19366232044384407,0.2711059675361287,0.3598326359832636,1.554648978336053,0.0,239
256,train,blind,0.0,0,0.4941819601855557,0.0,0.0,0.0,0.0,0.01510724651327193,1.6040108171467002,1.6040108171467002,0.0,-0.19749470890818624,0.27131368883349655,0.3891213389121339,1.6040108067684744,0.0,239
257,train,blind,0.0,0,0.4532820635336884,0.0,0.0,0.0,0.0,0.01502233375619832,1.534526473308707,1.534526473308707,0.0,-0.1803297744688752,0.16418884833377845,0.4686192468619247,1.5345264793681672,0.0,239
258,train,blind,0.0,0,0.32300139925731,0.0,0.0,0.0,0.0,0.01573868316235839,1.5913211251901282,1.5913211251901282,0.0,-0.18099365786799856,0.08756936407608534,0.6192468619246861,1.591321121868631,0.0,239
259,train,blind,0.0,0,0.02819466484402731,0.0,0.0,0.0,0.0,0.015281795301946137,1.602392655037437,1.602392655037437,0.0,-0.18635191956452238,0.14611709546277338,0.5941422594142259,1.6023926515829137,0.0,239
260,train,blind,0.0,0,0.501817049438165,0.0,0.0,0.0,0.0,0.014255513203287475,1.5540991028981228,1.5540991028981228,0.0,-0.1815870603308973,0.13849075640226713,0.5481171548117155,1.5540990994118193,0.0,239
261,train,blind,0.0,0,0.49775201144090475,0.0,0.0,0.0,0.0,0.015182860462563931,1.5814251366020746,1.5814251366020746,0.0,-0.18226362048028036,0.11501824979969733,0.602510460251046,1.5814251312194285,0.0,239
262,train,blind,0.0,0,0.15197702979228886,0.0,0.0,0.0,0.0,0.015416925254757186,1.5652984560284156,1.5652984560284156,0.0,-0.187001908323842,0.1910739191073919,0.45188284518828453,1.565298452324148,0.0,239
263,train,blind,0.0,0,0.0034414851706437025,0.0,0.0,0.0,0.0,0.015372691851374245,1.5739898103051604,1.5739898103051604,0.0,-0.18710424928136715,0.17617733463901006,0.4686192468619247,1.5739898159376822,0.0,239
264,train,blind,0.0,0,0.45752092677940104,0.0,0.0,0.0,0.0,0.014168133324004366,1.4882710438891933,1.4882710438891933,0.0,-0.18253293249898186,0.24594201608356334,0.3682008368200837,1.4882710464287758,0.0,239
265,train,blind,0.0,0,0.0038738029971952595,0.0,0.0,0.0,0.0,0.015508610957836007,1.5826976134687287,1.5826976134687287,0.0,-0.18980646202929807,0.2006884477284192,0.4686192468619247,1.5826976246682918,0.0,239
266,train,blind,0.0,0,0.501946137909228,0.0,0.0,0.0,0.0,0.015456637839112572,1.5680925736367453,1.5680925736367453,0.0,-0.18481675630382302,0.14872844891539805,0.502092050209205,1.5680925754300097,0.0,239
267,train,blind,0.0,0,0.19920827428452043,0.0,0.0,0.0,0.0,0.015494641919998319,1.5831464975448832,1.5831464975448832,0.0,-0.19123447314196781,0.2193833644915279,0.47280334728033474,1.5831464966946966,0.0,239
268,train,blind,0.0,0,0.015004504288443965,0.0,0.0,0.0,0.0,0.01569571200890708,1.6121170790125636,1.6121170790125636,0.0,-0.19331119068269595,0.21157897860470634,0.46443514644351463,1.612117072430432,0.0,239
269,train,blind,0.0,0,0.11274785525415133,0.0,0.0,0.0,0.0,0.01536381602185977,1.5850010638955248,1.5850010638955248,0.0,-0.1897766353413547,0.19276536395738744,0.47280334728033474,1.5850010544137405,0.0,239
270,eval,blind,0.0,0,0.013958485612926312,0.0,0.0,0.0,0.0,0.010007425953700327,0.8624624982787974,0.8624624982787974,0.0,-0.09463031042023089,0.0,1.0,0.8624625033975346,0.0,239
271,eval,blind,0.0,0,0.12646471729623124,0.0,0.0,0.0,0.0,0.010933964651576769,0.9287010511095055,0.9287010511095055,0.0,-0.10465026966413095,0.0,1.0,0.9287010497513578,0.0,239
272,eval,blind,0.0,0,0.478391402922768,0.0,0.0,0.0,0.0,0.008382209828006549,0.7456668134014975,0.7456668134014975,0.0,-0.09319196752674536,0.0,1.0,0.7456668097770165,0.0,239
273,eval,blind,0.0,0,0.3069478625608959,0.0,0.0,0.0,0.0,0.009787646786672176,0.8624654995846449,0.8624654995846449,0.0,-0.10061792655301785,0.043087331968307656,0.8242677824267782,0.8624654948135178,0.0,239
274,eval,blind,0.0,0,0.4891325118103957,0.0,0.0,0.0,0.0,0.010284885185455055,0.8915278113536755,0.8915278113536755,0.0,-0.09978200044348366,0.0,1.0,0.8915278126774636,0.0,239
275,eval,blind,0.0,0,0.0023364956484850357,0.0,0.0,0.0,0.0,0.01046543910896803,0.8900784862590135,0.8900784862590135,0.0,-0.09849702212307156,0.0,1.0,0.8900784867779952,0.0,239
276,eval,blind,0.0,0,0.0034414851706437025,0.0,0.0,0.0,0.0,0.010758457800848838,0.9314871996516463,0.9314871996516463,0.0,-0.10411390174071992,0.0,1.0,0.9314871888952094,0.0,239
277,eval,blind,0.0,0,0.0488099870398625,0.0,0.0,0.0,0.0,0.00947139203493877,0.8455722646234425,0.8455722646234425,0.0,-0.0937107514449187,0.0,1.0,0.8455722608301635,0.0,239
278,eval,blind,0.0,0,0.30694783156671684,0.0,0.0,0.0,0.0,0.010562920296042534,0.8678692242590453,0.8678692242590453,0.0,-0.10056030944290788,0.0,1.0,0.8678692300649626,0.0,239
279,eval,blind,0.0,0,0.4417291495469365,0.0,0.0,0.0,0.0,0.00858667064808839,0.8217443175395662,0.8217443175395662,0.0,-0.10226727089211533,0.0,1.0,0.8217443166876482,0.0,239
280,train,blind,0.0,0,0.34251425579287914,0.0,0.0,0.0,0.0,0.015032083922256734,1.5621286002163108,1.5621286002163108,0.0,-0.1982742096670435,0.328437045609662,0.32217573221757323,1.562128597358385,0.0,239
281,train,blind,0.0,0,0.3649142709313249,0.0,0.0,0.0,0.0,0.01447997166420563,1.5060576070801484,1.5060576070801484,0.0,-0.185091278142674,0.25962194723879045,0.39748953974895396,1.5060576051643206,0.0,239
282,train,blind,0.0,0,0.3069478625608959,0.0,0.0,0.0,0.0,0.014612766111339735,1.5400225106143552,1.5400225106143552,0.0,-0.17873277101488888,0.12730348081545448,0.5732217573221757,1.5400225157757723,0.0,239
283,train,blind,0.0,0,0.3926658787366775,0.0,0.0,0.0,0.0,0.01531465633706069,1.5694013434972722,1.5694013434972722,0.0,-0.2014896055780976,0.35158313303065375,0.2803347280334728,1.5694013394360855,0.0,239
284,train,blind,0.0,0,7.168495677855786e-07,0.0,0.0,0.0,0.0,0.015747488992655004,1.5840938590061715,1.5840938590061715,0.0,-0.1921460741280151,0.2239235585625686,0.45188284518828453,1.5840938589771143,0.0,239
285,train,blind,0.0,0,0.42329977726598883,0.0,0.0,0.0,0.0,0.01411683523684553,1.5035748833392952,1.5035748833392952,0.0,-0.17941290332874862,0.19804741980474191,0.4560669456066946,1.5035748858550708,0.0,239
286,train,blind,0.0,0,0.42329977726598883,0.0,0.0,0.0,0.0,0.015288844844910889,1.539109178916181,1.539109178916181,0.0,-0.1809289645934576,0.15742306893379623,0.497907949790795,1.5391091771703185,0.0,239
287,train,blind,0.0,0,0.32300139925731,0.0,0.0,0.0,0.0,0.014814322050582914,1.5885732071669032,1.5885732071669032,0.0,-0.1865246711717829,0.15976735214694798,0.5397489539748954,1.5885732043895429,0.0,239
288,train,blind,0.0,0,0.16342433874363083,0.0,0.0,0.0,0.0,0.014833548733629442,1.538036106520617,1.538036106520617,0.0,-0.18817656748707257,0.23754414077569067,0.40585774058577406,1.5380361038013064,0.0,239
289,train,blind,0.0,0,0.00046352766528258015,0.0,0.0,0.0,0.0,0.015236887455407421,1.5972203131001366,1.5972203131001366,0.0,-0.19342310324686307,0.23128282738360187,0.46443514644351463,1.5972203107662,0.0,239
290,train,blind,0.0,0,0.06283617998029117,0.0,0.0,0.0,0.0,0.015339418672898075,1.5583128385464018,1.5583128385464018,0.0,-0.18712552431592233,0.1869194931600344,0.4811715481171548,1.5583128387054592,0.0,239
291,train,blind,0.0,0,0.02819465429997744,0.0,0.0,0.0,0.0,0.01454447126444663,1.5483409844681808,1.5483409844681808,0.0,-0.19159976932061326,0.2703047568177097,0.3891213389121339,1.5483409822377658,0.0,239
292,train,blind,0.0,0,0.09350418227249328,0.0,0.0,0.0,0.0,0.014854790878610755,1.601487943068708,1.601487943068708,0.0,-0.1897735175116081,0.1807472031811033,0.5062761506276151,1.601487935945455,0.0,239
293,train,blind,0.0,0,0.0012663877662295617,0.0,0.0,0.0,0.0,0.015346868565719122,1.5964923974859166,1.5964923974859166,0.0,-0.19911786428197914,0.29060209501765627,0.3891213389121339,1.5964924009087131,0.0,239
294,train,blind,0.0,0,0.2864649897415939,0.0,0.0,0.0,0.0,0.014735958425943822,1.5688907905602556,1.5688907905602556,0.0,-0.19558866955745194,0.30259058132288796,0.37656903765690375,1.568890799513594,0.0,239
295,train,blind,0.0,0,0.5005976261530134,0.0,0.0,0.0,0.0,0.013827911558635065,1.4410158829708977,1.4410158829708977,0.0,-0.1875958715857487,0.36380901510430574,0.29707112970711297,1.4410158792482883,0.0,239
296,train,blind,0.0,0,0.4754479658978925,0.0,0.0,0.0,0.0,0.014761518462946849,1.5303649248937183,1.5303649248937183,0.0,-0.1805641188303745,0.17510905368111815,0.4560669456066946,1.5303649279887193,0.0,239
297,train,blind,0.0,0,0.19109902345770474,0.0,0.0,0.0,0.0,0.015191623658549711,1.5661732172866247,1.5661732172866247,0.0,-0.19247571477255102,0.24834564823882013,0.4435146443514644,1.5661732193476723,0.0,239
298,train,blind,0.0,0,0.5020884493196984,0.0,0.0,0.0,0.0,0.015257392176056756,1.5565006194254345,1.5565006194254345,0.0,-0.18140503379015518,0.13139855782070683,0.5355648535564853,1.5565006268336983,0.0,239
299,train,blind,0.0,0,0.15576158431569304,0.0,0.0,0.0,0.0,0.01564620963441964,1.6055709991494982,1.6055709991494982,0.0,-0.19145872786589838,0.19454583222054067,0.497907949790795,1.6055709935321625,0.0,239
300,eval,blind,0.0,0,0.005953148992843712,0.0,0.0,0.0,0.0,0.010576130709295244,0.8701500082115748,0.8701500082115748,0.0,-0.09998308414436032,0.0,1.0,0.8701500059748701,0.0,239
301,eval,blind,0.0,0,0.5016285062847449,0.0,0.0,0.0,0.0,0.008672754251043541,0.7822690498878766,0.7822690498878766,0.0,-0.08996125747212289,0.0002670702394729814,0.99581589958159,0.7822690537493284,0.0,239
302,eval,blind,0.0,0,0.478391402922768,0.0,0.0,0.0,0.0,0.009973600705516637,0.829980758692929,0.829980758692929,0.0,-0.10183888593830093,0.0,1.0,0.8299807498200964,0.0,239
303,eval,blind,0.0,0,0.0488099870398625,0.0,0.0,0.0,0.0,0.01096527875210139,0.9046364050031207,0.9046364050031207,0.0,-0.09887967310013909,0.001335351197364907,0.99581589958159,0.9046364040475876,0.0,239
304,eval,blind,0.0,0,0.5020884493196984,0.0,0.0,0.0,0.0,0.010579122631775534,0.8563865151365432,0.8563865151365432,0.0,-0.0960847806121188,0.0,1.0,0.8563865188937333,0.0,239
305,eval,blind,0.0,0,0.09046233746581896,0.0,0.0,0.0,0.0,0.010314239557271348,0.846688679571431,0.846688679571431,0.0,-0.10108707057614459,0.07380040950770052,0.8535564853556485,0.8466886815536657,0.0,239
306,eval,blind,0.0,0,3.583932445953487e-06,0.0,0.0,0.0,0.0,0.010829018861460636,0.9114877953190185,0.9114877953190185,0.0,-0.10305185151148867,0.001335351197364907,0.99581589958159,0.9114877932461616,0.0,239
307,eval,blind,0.0,0,0.0002749838577568819,0.0,0.0,0.0,0.0,0.011537306246476317,0.9530948108709009,0.9530948108709009,0.0,-0.11060435576081931,0.001335351197364907,0.99581589958159,0.9530948073430097,0.0,239
308,eval,blind,0.0,0,0.426090166965406,0.0,0.0,0.0,0.0,0.008830989771386195,0.7461355107848116,0.7461355107848116,0.0,-0.08440742564422145,0.0,1.0,0.7461355074928434,0.0,239
309,eval,blind,0.0,0,0.4994180284038787,0.0,0.0,0.0,0.0,0.008937735615150075,0.785128679360306,0.785128679360306,0.0,-0.0925607423797789,0.0,1.0,0.7851286838309176,0.0,239
310,train,blind,0.0,0,0.0014944071429085072,0.0,0.0,0.0,0.0,0.015087069327861195,1.557540033901087,1.557540033901087,0.0,-0.18481684281938102,0.16632541024956232,0.5355648535564853,1.5575400438827272,0.0,239
311,train,blind,0.0,0,0.0008817254575398053,0.0,0.0,0.0,0.0,0.015521433159599867,1.5812138458674923,1.5812138458674923,0.0,-0.1834416755365617,0.13080506839965578,0.6192468619246861,1.5812138493785408,0.0,239
312,train,blind,0.0,0,0.42045798061068984,0.0,0.0,0.0,0.0,0.014848517762520448,1.5317086026259545,1.5317086026259545,0.0,-0.1908244383833109,0.29036469924923586,0.3472803347280335,1.5317085934375587,0.0,239
313,train,blind,0.0,0,0.14822524460574474,0.0,0.0,0.0,0.0,0.015098268984501333,1.5373430070019167,1.5373430070019167,0.0,-0.18738473322159535,0.23226208492833617,0.46443514644351463,1.5373430161702244,0.0,239
314,train,blind,0.0,0,0.5016285056306393,0.0,0.0,0.0,0.0,0.014543279368336853,1.4911448272202303,1.4911448272202303,0.0,-0.18738189270574698,0.3020861153149946,0.32217573221757323,1.4911448353092616,0.0,239
315,train,blind,0.0,0,0.09046233746581896,0.0,0.0,0.0,0.0,0.014468598144448452,1.5440701650276343,1.5440701650276343,0.0,-0.1902131312642063,0.24362740734146415,0.4225941422594142,1.5440701678893043,0.0,239
316,train,blind,0.0,0,0.2988020511427855,0.0,0.0,0.0,0.0,0.014879052365533852,1.5489133312113614,1.5489133312113614,0.0,-0.186207859981701,0.2063859461705095,0.48535564853556484,1.5489133216505022,0.0,239
317,train,blind,0.0,0,0.2864649582486312,0.0,0.0,0.0,0.0,0.015134012262301839,1.579052463485606,1.579052463485606,0.0,-0.1956902724207242,0.2670108905308763,0.38493723849372385,1.5790524617942618,0.0,239
318,train,blind,0.0,0,0.0012663877662295617,0.0,0.0,0.0,0.0,0.015452400866942675,1.5976259675983604,1.5976259675983604,0.0,-0.1901541060871561,0.1769191964153239,0.4769874476987448,1.5976259568594648,0.0,239
319,train,blind,0.0,0,0.22391452780090834,0.0,0.0,0.0,0.0,0.014728612560685334,1.5168021261442655,1.5168021261442655,0.0,-0.18628557253102027,0.24166889225199556,0.4602510460251046,1.5168021162820537,0.0,239
320,train,blind,0.0,0,0.03316622928357742,0.0,0.0,0.0,0.0,0.015685755541259772,1.5613471479096672,1.5613471479096672,0.0,-0.18358395342456968,0.13979643312857948,0.5146443514644351,1.5613471490168762,0.0,239
321,train,blind,0.0,0,0.4934485925616751,0.0,0.0,0.0,0.0,0.014296136046350626,1.476074461158848,1.476074461158848,0.0,-0.17553304035176134,0.17454523873111963,0.502092050209205,1.4760744619422441,0.0,239
322,train,blind,0.0,0,0.4941819601855557,0.0,0.0,0.0,0.0,0.014354532187079785,1.4486956783418377,1.4486956783418377,0.0,-0.1808061293581014,0.2744591827650672,0.3263598326359833,1.4486956779033222,0.0,239
323,train,blind,0.0,0,0.24895395069227458,0.0,0.0,0.0,0.0,0.015071059023828935,1.5658434552128844,1.5658434552128844,0.0,-0.19015786336833998,0.23600106828095793,0.40585774058577406,1.5658434561528807,0.0,239
324,train,blind,0.0,0,0.017240593236713734,0.0,0.0,0.0,0.0,0.015734584413655883,1.6165829131293996,1.6165829131293996,0.0,-0.19503157642249533,0.22525890975993354,0.4309623430962343,1.6165829236873426,0.0,239
325,train,blind,0.0,0,0.033166217367872536,0.0,0.0,0.0,0.0,0.015925130752308846,1.5823865622656117,1.5823865622656117,0.0,-0.1944342028989611,0.2569809193151132,0.40585774058577406,1.5823865673201565,0.0,239
326,train,blind,0.0,0,0.33866769455229107,0.0,0.0,0.0,0.0,0.014294454730486022,1.5324475263950714,1.5324475263950714,0.0,-0.17984139341724653,0.15086501083118192,0.5355648535564853,1.5324475276277665,0.0,239
327,train,blind,0.0,0,0.2656803193330306,0.0,0.0,0.0,0.0,0.015479033910299195,1.580682515349847,1.580682515349847,0.0,-0.1936850079986192,0.27686281492032416,0.41841004184100417,1.5806825069188126,0.0,239
328,train,blind,0.0,0,0.4836600335450891,0.0,0.0,0.0,0.0,0.015808205153387836,1.5867101699737325,1.5867101699737325,0.0,-0.19849853840860907,0.30997952461497374,0.3472803347280335,1.586710165802436,0.0,239
329,train,blind,0.0,0,0.15576161381352116,0.0,0.0,0.0,0.0,0.015783429578351924,1.5980568475803072,1.5980568475803072,0.0,-0.18442235254183212,0.11211015163654707,0.5774058577405857,1.5980568528610422,0.0,239
330,eval,blind,0.0,0,0.48112744734638124,0.0,0.0,0.0,0.0,0.009081243399031866,0.6793617882987945,0.6793617882987945,0.0,-0.07956980116170094,0.0,1.0,0.6793617858170532,0.0,239
331,eval,blind,0.0,0,0.2905912866229464,0.0,0.0,0.0,0.0,0.009930319250191106,0.7773246918512687,0.7773246918512687,0.0,-0.08681703928619881,0.0,1.0,0.7773246918471918,0.0,239
332,eval,blind,0.0,0,0.023700621450150866,0.0,0.0,0.0,0.0,0.011169319717158958,0.8995589002904533,0.8995589002904533,0.0,-0.10332244678273196,0.0,1.0,0.8995588964778791,0.0,239
333,eval,blind,0.0,0,0.29470410188133966,0.0,0.0,0.0,0.0,0.009868691264258144,0.7782175209232953,0.7782175209232953,0.0,-0.08604741304429199,0.0,1.0,0.7782175209075083,0.0,239
334,eval,blind,0.0,0,0.025146201497458203,0.0,0.0,0.0,0.0,0.010503172167191072,0.8194658854765872,0.8194658854765872,0.0,-0.08967312053430979,0.0011869788421021395,0.99581589958159,0.8194658863724913,0.0,239
335,eval,blind,0.0,0,0.5018883342007137,0.0,0.0,0.0,0.0,0.00903493284041288,0.7070683306979335,0.7070683306979335,0.0,-0.08660148394092337,0.0,1.0,0.7070683283886837,0.0,239
336,eval,blind,0.0,0,0.1299968671675179,0.0,0.0,0.0,0.0,0.01017647645549233,0.8047161319265804,0.8047161319265804,0.0,-0.08733682459987746,0.0,1.0,0.8047161308692784,0.0,239
337,eval,blind,0.0,0,0.28232657409398026,0.0,0.0,0.0,0.0,0.011256449811051455,0.8803387389023434,0.8803387389023434,0.0,-0.11293097762906049,0.15451497077064602,0.7280334728033473,0.8803387372986555,0.0,239
338,eval,blind,0.0,0,0.27817753698797626,0.0,0.0,0.0,0.0,0.009482982118368522,0.7368761924520197,0.7368761924520197,0.0,-0.08200800101114766,0.0,1.0,0.7368761915394086,0.0,239
339,eval,blind,0.0,0,0.48241889700017115,0.0,0.0,0.0,0.0,0.010606705768337808,0.8025712958190232,0.8025712958190232,0.0,-0.09732970925585532,0.01540105047627526,0.899581589958159,0.8025712946536391,0.0,239
340,train,blind,0.0,0,0.4615407577247839,0.0,0.0,0.0,0.0,0.014274963592744149,1.451924293111059,1.451924293111059,0.0,-0.18238868264498082,0.2947268464939612,0.3389121338912134,1.4519242920876818,0.0,239
341,train,blind,0.0,0,0.001494409176462552,0.0,0.0,0.0,0.0,0.015851818897983518,1.5851304491194722,1.5851304491194722,0.0,-0.18844749606558092,0.1772752900679545,0.5188284518828452,1.5851304417137622,0.0,239
342,train,blind,0.0,0,0.49725076854988837,0.0,0.0,0.0,0.0,0.014581074154931881,1.528368934178452,1.528368934178452,0.0,-0.17840534902732952,0.13584972847858987,0.5481171548117155,1.5283689222562984,0.0,239
343,train,blind,0.0,0,0.4488243158769947,0.0,0.0,0.0,0.0,0.014450720688678854,1.4304304260090306,1.4304304260090306,0.0,-0.18005470338570925,0.28359891984925373,0.33472803347280333,1.4304304271078423,0.0,239
344,train,blind,0.0,0,0.14450739523119227,0.0,0.0,0.0,0.0,0.015777248439133543,1.581778064931287,1.581778064931287,0.0,-0.18207492864899769,0.10751060862340128,0.606694560669456,1.5817780657634113,0.0,239
345,train,blind,0.0,0,0.06794362143753681,0.0,0.0,0.0,0.0,0.01522675468527934,1.5767843451460035,1.5767843451460035,0.0,-0.18566924101711774,0.15887711801537138,0.5690376569037657,1.5767843335495746,0.0,239
346,train,blind,0.0,0,0.475447956226714,0.0,0.0,0.0,0.0,0.016083056859235632,1.595475650232706,1.595475650232706,0.0,-0.19217807110061097,0.1986112347547405,0.401673640167364,1.5954756435517097,0.0,239
347,train,blind,0.0,0,0.3893441522848197,0.0,0.0,0.0,0.0,0.01500946351143855,1.5652837473977061,1.5652837473977061,0.0,-0.18883290845033965,0.22362681385204305,0.4309623430962343,1.565283741474697,0.0,239
348,train,blind,0.0,0,0.0010625928217568533,0.0,0.0,0.0,0.0,0.015960418046393653,1.5924650425691484,1.5924650425691484,0.0,-0.193987487670265,0.25523012552301255,0.4351464435146444,1.5924650345643474,0.0,239
349,train,blind,0.0,0,0.1712039733909204,0.0,0.0,0.0,0.0,0.015293956989476994,1.5695291026865588,1.5695291026865588,0.0,-0.1931716229736144,0.25306388913617617,0.3891213389121339,1.5695291045771305,0.0,239
350,train,blind,0.0,0,0.033166217367872536,0.0,0.0,0.0,0.0,0.015239969472630753,1.5546290704894765,1.5546290704894765,0.0,-0.18801856984550283,0.21641591738627258,0.4686192468619247,1.5546290880254412,0.0,239
351,train,blind,0.0,0,0.17909063403861195,0.0,0.0,0.0,0.0,0.015595441436683408,1.5464034282512744,1.5464034282512744,0.0,-0.18955106363690896,0.24264814979672988,0.4602510460251046,1.5464034269610862,0.0,239
352,train,blind,0.0,0,0.06536319171795504,0.0,0.0,0.0,0.0,0.015958102394643563,1.5911857435892816,1.5911857435892816,0.0,-0.18809751084748647,0.17335825988901749,0.5104602510460251,1.591185746138406,0.0,239
353,train,blind,0.0,0,0.019673136295750737,0.0,0.0,0.0,0.0,0.015518423436778485,1.5887758435065775,1.5887758435065775,0.0,-0.18811513103356733,0.17766105819163777,0.5271966527196653,1.5887758435535932,0.0,239
354,train,blind,0.0,0,0.15576158431569304,0.0,0.0,0.0,0.0,0.015638732144835105,1.5937310497132304,1.5937310497132304,0.0,-0.18840803474004902,0.17656310276269324,0.5523012552301255,1.5937310495081976,0.0,239
355,train,blind,0.0,0,0.5013695556751894,0.0,0.0,0.0,0.0,0.015998105878968993,1.6130489921470068,1.6130489921470068,0.0,-0.19168601452353884,0.19143001276002253,0.5397489539748954,1.613048992726437,0.0,239
356,train,blind,0.0,0,0.18707420168323716,0.0,0.0,0.0,0.0,0.015205135736536531,1.539177842469395,1.539177842469395,0.0,-0.18084806906301235,0.1554942283153803,0.5188284518828452,1.5391778385692774,0.0,239
357,train,blind,0.0,0,0.05101152724064263,0.0,0.0,0.0,0.0,0.015913313433964384,1.6197058713086978,1.6197058713086978,0.0,-0.1877432625007797,0.1261758509154574,0.602510460251046,1.6197058761080356,0.0,239
358,train,blind,0.0,0,0.39266590399484474,0.0,0.0,0.0,0.0,0.014257986121908392,1.469467442404775,1.469467442404775,0.0,-0.17516041474105826,0.19157838511528527,0.502092050209205,1.4694674442783138,0.0,239
359,train,blind,0.0,0,0.5018883342007137,0.0,0.0,0.0,0.0,0.01427188665103401,1.422161157410514,1.422161157410514,0.0,-0.17876245291550408,0.29457847413869853,0.32217573221757323,1.4221611578737596,0.0,239
360,eval,blind,0.0,0,0.33479187858415665,0.0,0.0,0.0,0.0,0.009107458072024783,0.7063535616487638,0.7063535616487638,0.0,-0.0801064206113341,0.0,1.0,0.7063535638448758,0.0,239
361,eval,blind,0.0,0,0.3575846380647296,0.0,0.0,0.0,0.0,0.01052028487658588,0.770952575376343,0.770952575376343,0.0,-0.09576499120731145,0.0,1.0,0.7709525775144911,0.0,239
362,eval,blind,0.0,0,0.004841264746033501,0.0,0.0,0.0,0.0,0.010442614007865909,0.7886580021810332,0.7886580021810332,0.0,-0.08957558333436111,0.0,1.0,0.7886579989404982,0.0,239
363,eval,blind,0.0,0,0.010237416458047271,0.0,0.0,0.0,0.0,0.010324194540257983,0.736628175280583,0.736628175280583,0.0,-0.08222977302729484,0.0,1.0,0.7366281751031161,0.0,239
364,eval,blind,0.0,0,0.5010294404741651,0.0,0.0,0.0,0.0,0.009205362167224973,0.5506697117534143,0.5506697117534143,0.0,-0.06875630666470348,0.0,1.0,0.5506697117912621,0.0,239
365,eval,blind,0.0,0,0.4769458410955545,0.0,0.0,0.0,0.0,0.00901013214889306,0.6561171057084614,0.6561171057084614,0.0,-0.07896630500083067,0.0,1.0,0.6561171046783405,0.0,239
366,eval,blind,0.0,0,0.43151489933949033,0.0,0.0,0.0,0.0,0.010980491068557093,0.8280142306283926,0.8280142306283926,0.0,-0.11733469892377825,0.27695183833348164,0.5188284518828452,0.8280142323760374,0.0,239
367,eval,blind,0.0,0,0.3825699220520223,0.0,0.0,0.0,0.0,0.010512446349478915,0.7900756499009153,0.7900756499009153,0.0,-0.09923270205219438,0.04041662957357785,0.7615062761506276,0.7900756510497385,0.0,239
368,eval,blind,0.0,0,0.3612674953427315,0.0,0.0,0.0,0.0,0.01101660502053579,0.832629661180983,0.832629661180983,0.0,-0.10233183210858214,0.0,1.0,0.8326296592252505,0.0,239
369,eval,blind,0.0,0,0.06036288374898542,0.0,0.0,0.0,0.0,0.010288554623676269,0.7249995056056577,0.7249995056056577,0.0,-0.07895744287937105,0.0,1.0,0.724999502142685,0.0,239
370,train,blind,0.0,0,0.4689258159280493,0.0,0.0,0.0,0.0,0.015160629013358424,1.5521489710987362,1.5521489710987362,0.0,-0.18088896685034253,0.1305973471022879,0.5523012552301255,1.5521489680164249,0.0,239
371,train,blind,0.0,0,0.0020282095075691135,0.0,0.0,0.0,0.0,0.015200651015026425,1.5703738586174394,1.5703738586174394,0.0,-0.18607204078370695,0.1714294192706015,0.5774058577405857,1.5703738594906116,0.0,239
372,train,blind,0.0,0,0.5018170490880057,0.0,0.0,0.0,0.0,0.014885482851758787,1.5345091971892193,1.5345091971892193,0.0,-0.1801170447227543,0.13792694145226858,0.5188284518828452,1.534509199584387,0.0,239
373,train,blind,0.0,0,0.4955261374568512,0.0,0.0,0.0,0.0,0.01394662985999028,1.462692256003743,1.462692256003743,0.0,-0.17925614975460863,0.23736609394937536,0.40585774058577406,1.4626922636183795,0.0,239
374,train,blind,0.0,0,0.0012663892698259907,0.0,0.0,0.0,0.0,0.015705425188989694,1.601344982949261,1.601344982949261,0.0,-0.19025314531744264,0.18822516988634677,0.5188284518828452,1.6013449827310926,0.0,239
375,train,blind,0.0,0,0.03145542497177721,0.0,0.0,0.0,0.0,0.015939201241959213,1.5570802119985285,1.5570802119985285,0.0,-0.18153777394795573,0.14371346330751655,0.5439330543933054,1.5570802253290734,0.0,239
376,train,blind,0.0,0,0.3926658787366775,0.0,0.0,0.0,0.0,0.015055740719746845,1.5183576699580108,1.5183576699580108,0.0,-0.18788755882073654,0.2585833407519511,0.3723849372384937,1.518357670642298,0.0,239
377,train,blind,0.0,0,0.48485143263255603,0.0,0.0,0.0,0.0,0.0150694655211619,1.5725157093802256,1.5725157093802256,0.0,-0.19478795488855127,0.2800973322650524,0.41841004184100417,1.5725157038474973,0.0,239
378,train,blind,0.0,0,0.4941819601855557,0.0,0.0,0.0,0.0,0.015001172536913944,1.561219633872539,1.561219633872539,0.0,-0.1863583798032006,0.1907178254547613,0.4560669456066946,1.5612196311908633,0.0,239
379,train,blind,0.0,0,0.004841264746033501,0.0,0.0,0.0,0.0,0.015256151822921683,1.5822058856237882,1.5822058856237882,0.0,-0.1926938336524776,0.23175761892044275,0.41422594142259417,1.5822058807033514,0.0,239
380,train,blind,0.0,0,0.05794354536329254,0.0,0.0,0.0,0.0,0.015148886561269042,1.580425167183497,1.580425167183497,0.0,-0.19430920434841134,0.25739636190984894,0.4351464435146444,1.580425158471518,0.0,239
381,train,blind,0.0,0,0.4417291690690918,0.0,0.0,0.0,0.0,0.014895811901042028,1.5041159378933606,1.5041159378933606,0.0,-0.17702645129112685,0.15261580462328259,0.5313807531380753,1.5041159389343914,0.0,239
382,train,blind,0.0,0,0.0,0.0,0.0,0.0,0.0,0.01570026809934168,1.5817934474186917,1.5817934474186917,0.0,-0.19210787458648568,0.2358526959256951,0.4686192468619247,1.5817934562941471,0.0,239
383,train,blind,0.0,0,0.4653420398303694,0.0,0.0,0.0,0.0,0.014259841844486268,1.5190197142098238,1.5190197142098238,0.0,-0.17996785940686316,0.16783880827324252,0.5104602510460251,1.5190197272812058,0.0,239
384,train,blind,0.0,0,0.5020268853461184,0.0,0.0,0.0,0.0,0.015051771456056184,1.5350993038720167,1.5350993038720167,0.0,-0.1843925951795692,0.19881895605210836,0.49372384937238495,1.5350993066801186,0.0,239
385,train,blind,0.0,0,0.4706366194916741,0.0,0.0,0.0,0.0,0.015344840595225909,1.5886864128471918,1.5886864128471918,0.0,-0.18947053231894792,0.19053977862844593,0.5188284518828452,1.5886864059900707,0.0,239
386,train,blind,0.0,0,0.0002036993206716357,0.0,0.0,0.0,0.0,0.016078429284922497,1.572246825844673,1.572246825844673,0.0,-0.19009821397555618,0.22451704798361968,0.4560669456066946,1.5722468255803064,0.0,239
387,train,blind,0.0,0,0.49905009486198143,0.0,0.0,0.0,0.0,0.014513066094992175,1.458009154227987,1.458009154227987,0.0,-0.18296511275593974,0.2868631116650346,0.29707112970711297,1.458009145873333,0.0,239
388,train,blind,0.0,0,0.007217877699358381,0.0,0.0,0.0,0.0,0.015602945552741384,1.555919361413772,1.555919361413772,0.0,-0.18724473676720974,0.21528828748627557,0.4769874476987448,1.5559193670195446,0.0,239
389,train,blind,0.0,0,0.5016285062847449,0.0,0.0,0.0,0.0,0.01478433409105659,1.5153446037899,1.5153446037899,0.0,-0.1814240702378761,0.18917475296002847,0.4811715481171548,1.5153446089844294,0.0,239
390,eval,blind,0.0,0,0.4881335476829956,0.0,0.0,0.0,0.0,0.010305082080612996,0.6087940320310233,0.6087940320310233,0.0,-0.08430607923129871,0.0,1.0,0.6087940332558872,0.0,239
391,eval,blind,0.0,0,0.1299968671675179,0.0,0.0,0.0,0.0,0.009318953058507029,0.6098942640685636,0.6098942640685636,0.0,-0.07448819251107638,0.0,1.0,0.6098942656629961,0.0,239
392,eval,blind,0.0,0,0.4836600335450891,0.0,0.0,0.0,0.0,0.01083524853856182,0.7573047078304211,0.7573047078304211,0.0,-0.11118614763583325,0.24273717320988747,0.5815899581589958,0.7573047080420418,0.0,239
393,eval,blind,0.0,0,0.3991743668428696,0.0,0.0,0.0,0.0,0.009566719445037543,0.6741185496292353,0.6741185496292353,0.0,-0.07878587665505385,0.0,1.0,0.674118548335137,0.0,239
394,eval,blind,0.0,0,0.33866769455229107,0.0,0.0,0.0,0.0,0.009784436617124529,0.6906892578721545,0.6906892578721545,0.0,-0.09363905114630151,0.18810647200213648,0.6820083682008368,0.6906892578180615,0.0,239
395,eval,blind,0.0,0,0.004340025042008344,0.0,0.0,0.0,0.0,0.009178701299145256,0.6163390513244533,0.6163390513244533,0.0,-0.0738832534245092,0.0,1.0,0.616339046705642,0.0,239
396,eval,blind,0.0,0,0.4367288618482977,0.0,0.0,0.0,0.0,0.009412814354500636,0.5572989812455915,0.5572989812455915,0.0,-0.07227467782820153,0.0,1.0,0.5572989781274315,0.0,239
397,eval,blind,0.0,0,0.4510805060552793,0.0,0.0,0.0,0.0,0.010462982788541702,0.7214945235511748,0.7214945235511748,0.0,-0.0988031316970463,0.0,1.0,0.7214945225021143,0.0,239
398,eval,blind,0.0,0,0.372095166128404,0.0,0.0,0.0,0.0,0.009213142681508383,0.6226987184091592,0.6226987184091592,0.0,-0.08637290720069397,0.0,1.0,0.6226987146484999,0.0,239
399,eval,blind,0.0,0,0.025146192200367425,0.0,0.0,0.0,0.0,0.010444069092228198,0.7442746336988825,0.7442746336988825,0.0,-0.09999532981697516,0.001097955428944479,0.9539748953974896,0.7442746357070747,0.0,239
400,train,blind,0.0,0,0.4615407718850152,0.0,0.0,0.0,0.0,0.016253070426504732,1.592867295612351,1.592867295612351,0.0,-0.18760973268403552,0.14967803198907975,0.5146443514644351,1.5928672975653169,0.0,239
401,train,blind,0.0,0,0.4417291495469365,0.0,0.0,0.0,0.0,0.015618090467161215,1.5684185823636074,1.5684185823636074,0.0,-0.192159140753418,0.23668358111516666,0.4476987447698745,1.5684185792249636,0.0,239
402,train,blind,0.0,0,0.0023364927420596237,0.0,0.0,0.0,0.0,0.01616128225066547,1.5977350485873523,1.5977350485873523,0.0,-0.1909526450433849,0.21080744235733995,0.5188284518828452,1.5977350567727584,0.0,239
403,train,blind,0.0,0,0.228072871281629,0.0,0.0,0.0,0.0,0.01505354562166408,1.5089638372844234,1.5089638372844234,0.0,-0.18110772896517296,0.19205317665212618,0.46443514644351463,1.5089638311325522,0.0,239
404,train,blind,0.0,0,0.07326333691171423,0.0,0.0,0.0,0.0,0.015530843712451817,1.5615034958807494,1.5615034958807494,0.0,-0.1944852680959943,0.2805721238018932,0.4225941422594142,1.561503485492264,0.0,239
405,train,blind,0.0,0,0.28232657409398026,0.0,0.0,0.0,0.0,0.015668957655914285,1.592376930943094,1.592376930943094,0.0,-0.19740947533522782,0.27422178699664673,0.3891213389121339,1.5923769304584874,0.0,239
406,train,blind,0.0,0,0.029798324749413897,0.0,0.0,0.0,0.0,0.014980055068358467,1.5500175868118158,1.5500175868118158,0.0,-0.1894225379942558,0.22537760764414375,0.4560669456066946,1.5500175929330353,0.0,239
407,train,blind,0.0,0,0.28232660558694295,0.0,0.0,0.0,0.0,0.015391276040695078,1.530791593894799,1.530791593894799,0.0,-0.18797307375229197,0.2483159737677675,0.4476987447698745,1.5307915979110542,0.0,239
408,train,blind,0.0,0,0.2781775054950136,0.0,0.0,0.0,0.0,0.01577696481828722,1.5736490034159258,1.5736490034159258,0.0,-0.19128706708174756,0.23312264458886023,0.4309623430962343,1.5736490113767623,0.0,239
409,train,blind,0.0,0,0.502091316396975,0.0,0.0,0.0,0.0,0.014398801576922877,1.4315620860295315,1.4315620860295315,0.0,-0.18906308441227132,0.39333511380159647,0.24686192468619247,1.4315620725379563,0.0,239
410,train,blind,0.0,0,0.013958478934449634,0.0,0.0,0.0,0.0,0.016135548184933648,1.5735808715660702,1.5735808715660702,0.0,-0.20107238214420606,0.36484762159114514,0.3514644351464435,1.5735808815898424,0.0,239
411,train,blind,0.0,0,0.1229728398538705,0.0,0.0,0.0,0.0,0.014971518066855904,1.5583393309405658,1.5583393309405658,0.0,-0.18573783125792395,0.18160776284162733,0.5146443514644351,1.5583393318083292,0.0,239
412,train,blind,0.0,0,0.19514420172920505,0.0,0.0,0.0,0.0,0.014819263800136963,1.5481254585617257,1.5481254585617257,0.0,-0.18572311696631963,0.20953144010208016,0.4393305439330544,1.5481254665509687,0.0,239
413,train,blind,0.0,0,3.583932445953487e-06,0.0,0.0,0.0,0.0,0.01604832190763065,1.5775422718235639,1.5775422718235639,0.0,-0.19390659777693187,0.24896881213092373,0.39330543933054396,1.5775422654611821,0.0,239
414,train,blind,0.0,0,0.3859785423496817,0.0,0.0,0.0,0.0,0.014963046382629472,1.547734161301138,1.547734161301138,0.0,-0.18876836749665615,0.23039259325202527,0.4351464435146444,1.547734158760932,0.0,239
415,train,blind,0.0,0,0.09973254793120946,0.0,0.0,0.0,0.0,0.01514000576340192,1.571418310059663,1.571418310059663,0.0,-0.18669633534065333,0.1790260838600552,0.5146443514644351,1.5714183176094285,0.0,239
416,train,blind,0.0,0,0.09046233746581896,0.0,0.0,0.0,0.0,0.015845141091060562,1.580146159836438,1.580146159836438,0.0,-0.192710782960399,0.23887949197305558,0.4393305439330544,1.580146157602666,0.0,239
417,train,blind,0.0,0,0.40549758593668717,0.0,0.0,0.0,0.0,0.01486649989466101,1.533137080060887,1.533137080060887,0.0,-0.1810954612632205,0.15065728953381405,0.5062761506276151,1.53313708465706,0.0,239
418,train,blind,0.0,0,0.4859937123801958,0.0,0.0,0.0,0.0,0.014482271865353176,1.5063803116147987,1.5063803116147987,0.0,-0.17909390384372909,0.15970800320484282,0.5271966527196653,1.506380319033395,0.0,239
419,train,blind,0.0,0,0.2364117139628913,0.0,0.0,0.0,0.0,0.01584671111972262,1.5702001604574993,1.5702001604574993,0.0,-0.18286197752423897,0.13822368616279415,0.602510460251046,1.5702001673083243,0.0,239
420,eval,blind,0.0,0,0.0008817244371400257,0.0,0.0,0.0,0.0,0.012567005128011295,0.929104568818623,0.929104568818623,0.0,-0.10540537656471527,0.0,1.0,0.9291045691863367,0.0,239
421,eval,blind,0.0,0,0.0007224776207325224,0.0,0.0,0.0,0.0,0.012458252564664915,0.9288564888004479,0.9288564888004479,0.0,-0.10354360841995366,0.0017804682631532094,0.99581589958159,0.9288564917324942,0.0,239
422,eval,blind,0.0,0,0.5012103088587818,0.0,0.0,0.0,0.0,0.011405096975813725,0.7646773250531951,0.7646773250531951,0.0,-0.08685029385001658,0.0,1.0,0.7646773230215353,0.0,239
423,eval,blind,0.0,0,0.3575846380647296,0.0,0.0,0.0,0.0,0.01140976912696616,0.8410075470244036,0.8410075470244036,0.0,-0.10298193054547419,0.06365174040772723,0.7656903765690377,0.8410075437145148,0.0,239
424,eval,blind,0.0,0,0.013958485612926312,0.0,0.0,0.0,0.0,0.012466957048361023,0.9088623750658713,0.9088623750658713,0.0,-0.09889217383184169,0.0,1.0,0.90886237789542,0.0,239
425,eval,blind,0.0,0,0.5017308984838317,0.0,0.0,0.0,0.0,0.010004679623710684,0.7520486254821761,0.7520486254821761,0.0,-0.09869067162018318,0.13810498827858395,0.4769874476987448,0.7520486221741487,0.0,239
426,eval,blind,0.0,0,0.3028837280172224,0.0,0.0,0.0,0.0,0.012047712250795824,0.8205371681117613,0.8205371681117613,0.0,-0.09862659186252253,0.0,1.0,0.8205371623785641,0.0,239
427,eval,blind,0.0,0,0.2698529591997837,0.0,0.0,0.0,0.0,0.012542131017877966,0.8866046376557529,0.8866046376557529,0.0,-0.10976492594415184,0.04492714917356598,0.8326359832635983,0.8866046347433545,0.0,239
428,eval,blind,0.0,0,0.051011509713621825,0.0,0.0,0.0,0.0,0.012317552470902144,0.9098516540547296,0.9098516540547296,0.0,-0.10297616150639843,0.0,1.0,0.9098516563001325,0.0,239
429,eval,blind,0.0,0,0.004340025042008344,0.0,0.0,0.0,0.0,0.012302679368236324,0.9182276663421088,0.9182276663421088,0.0,-0.10168943106163407,0.0018398172052583163,0.99581589958159,0.9182276673619169,0.0,239
430,train,blind,0.0,0,0.40549758593668717,0.0,0.0,0.0,0.0,0.01579172450222979,1.5684599781634918,1.5684599781634918,0.0,-0.1853256778879469,0.1693818807679753,0.5271966527196653,1.5684599811461797,0.0,239
431,train,blind,0.0,0,0.167300184708377,0.0,0.0,0.0,0.0,0.01448990567879572,1.5347175815115415,1.5347175815115415,0.0,-0.18360923725625555,0.20588148016261612,0.4686192468619247,1.534717587398204,0.0,239
432,train,blind,0.0,0,0.011099784369602368,0.0,0.0,0.0,0.0,0.015274380386327724,1.5962460482469663,1.5962460482469663,0.0,-0.19369438159690539,0.23528888097569658,0.49372384937238495,1.5962460440603414,0.0,239
433,train,blind,0.0,0,0.4982182329869342,0.0,0.0,0.0,0.0,0.015428980937126292,1.539832644632172,1.539832644632172,0.0,-0.18030166071920511,0.14083503961541888,0.5481171548117155,1.539832642024796,0.0,239
434,train,blind,0.0,0,0.502091316396975,0.0,0.0,0.0,0.0,0.015512119224645727,1.6052144282033753,1.6052144282033753,0.0,-0.19219335822033282,0.19588118341790559,0.48535564853556484,1.6052144285016605,0.0,239
435,train,blind,0.0,0,0.06794362143753681,0.0,0.0,0.0,0.0,0.015779286985398586,1.6035559007812246,1.6035559007812246,0.0,-0.18852485002440802,0.16905546158639723,0.497907949790795,1.603555902746761,0.0,239
436,train,blind,0.0,0,0.09659444735923473,0.0,0.0,0.0,0.0,0.0164660733995889,1.584346108606171,1.584346108606171,0.0,-0.19438709020981346,0.2522033294756521,0.401673640167364,1.5843461140729722,0.0,239
437,train,blind,0.0,0,0.0038738029971952595,0.0,0.0,0.0,0.0,0.015755413349515225,1.6051741439428289,1.6051741439428289,0.0,-0.18581832538222434,0.12647259562598295,0.5983263598326359,1.6051741430222553,0.0,239
438,train,blind,0.0,0,0.36491424218167223,0.0,0.0,0.0,0.0,0.016206468126218315,1.595415918398103,1.595415918398103,0.0,-0.19338073098410183,0.24531885219145966,0.401673640167364,1.5954159171105267,0.0,239
439,train,blind,0.0,0,0.3825699220520223,0.0,0.0,0.0,0.0,0.014902230020939804,1.4944120613102134,1.4944120613102134,0.0,-0.1937968673783212,0.3654707854832488,0.24686192468619247,1.4944120569942516,0.0,239
440,train,blind,0.0,0,0.0023364927420596237,0.0,0.0,0.0,0.0,0.016436406134561515,1.5962937197425875,1.5962937197425875,0.0,-0.19497264783802373,0.2522330039467046,0.401673640167364,1.5962937240829091,0.0,239
441,train,blind,0.0,0,0.00014589585375555142,0.0,0.0,0.0,0.0,0.01644620816632482,1.6283090870250718,1.6283090870250718,0.0,-0.19405801105071888,0.18810647200213657,0.502092050209205,1.6283090939572362,0.0,239
442,train,blind,0.0,0,0.1751345835546242,0.0,0.0,0.0,0.0,0.015238718205681031,1.5513930016481727,1.5513930016481727,0.0,-0.18284761414325096,0.155909670910116,0.5104602510460251,1.5513930132249967,0.0,239
443,train,blind,0.0,0,0.04666315660102996,0.0,0.0,0.0,0.0,0.016204453276072835,1.613842759172288,1.613842759172288,0.0,-0.19738226657076144,0.25689189590195555,0.401673640167364,1.613842768116101,0.0,239
444,train,blind,0.0,0,0.45752092677940104,0.0,0.0,0.0,0.0,0.015886980623287385,1.5821280429552789,1.5821280429552789,0.0,-0.1855363240115715,0.14608742099172084,0.497907949790795,1.5821280325420526,0.0,239
445,train,blind,0.0,0,3.939130826693449e-05,0.0,0.0,0.0,0.0,0.01666561352034493,1.620661912104076,1.620661912104076,0.0,-0.19272726106309263,0.1927356894863349,0.5104602510460251,1.6206619209611748,0.0,239
446,train,blind,0.0,0,0.31099300983821715,0.0,0.0,0.0,0.0,0.016061094119973387,1.5817623844206583,1.5817623844206583,0.0,-0.18492676520624537,0.15608771773643132,0.5815899581589958,1.5817623796955365,0.0,239
447,train,blind,0.0,0,0.48241889700017115,0.0,0.0,0.0,0.0,0.015066726000737945,1.4988325941512775,1.4988325941512775,0.0,-0.1823439697170905,0.2197691326152111,0.36401673640167365,1.4988325989847577,0.0,239
448,train,blind,0.0,0,0.47839141184577105,0.0,0.0,0.0,0.0,0.015579694959970199,1.5367719618346403,1.5367719618346403,0.0,-0.1805258565752606,0.15027152141013084,0.49372384937238495,1.5367719605257046,0.0,239
449,train,blind,0.0,0,0.4023595106228796,0.0,0.0,0.0,0.0,0.014483156177569883,1.4850244898676372,1.4850244898676372,0.0,-0.18771263337840371,0.3114335736965488,0.3389121338912134,1.4850244870061369,0.0,239
450,eval,blind,0.0,0,0.06536319171795504,0.0,0.0,0.0,0.0,0.011676333959615754,0.839829123419199,0.839829123419199,0.0,-0.09536881374710554,0.039941838036736996,0.891213389121339,0.8398291271303657,0.0,239
451,eval,blind,0.0,0,0.4554288604148302,0.0,0.0,0.0,0.0,0.01192142223456103,0.7771512389681828,0.7771512389681828,0.0,-0.0909527772001011,0.0,1.0,0.777151240517048,0.0,239
452,eval,blind,0.0,0,0.4738973789959445,0.0,0.0,0.0,0.0,0.011089517844053742,0.680534390101373,0.680534390101373,0.0,-0.07858361993210504,0.002611353452624707,0.9874476987447699,0.6805343849158527,0.0,239
453,eval,blind,0.0,0,0.02819465429997744,0.0,0.0,0.0,0.0,0.01251608002385335,0.9028893691725312,0.9028893691725312,0.0,-0.10207067890491817,0.0036202854684115257,0.9916317991631799,0.9028893700493709,0.0,239
454,eval,blind,0.0,0,0.4367288415779668,0.0,0.0,0.0,0.0,0.012696860475021426,0.9678711631806824,0.9678711631806824,0.0,-0.10919628196589018,0.0,1.0,0.9678711656526574,0.0,239
455,eval,blind,0.0,0,0.496713411596384,0.0,0.0,0.0,0.0,0.012323360870666334,0.8957284018085592,0.8957284018085592,0.0,-0.09936984193421149,0.0,1.0,0.8957284048204476,0.0,239
456,eval,blind,0.0,0,0.20738796240876128,0.0,0.0,0.0,0.0,0.010948914847488682,0.7950186778062557,0.7950186778062557,0.0,-0.09280391449544721,0.0153120270631176,0.8702928870292888,0.7950186760048386,0.0,239
457,eval,blind,0.0,0,0.22391452780090834,0.0,0.0,0.0,0.0,0.010578969748745278,0.7724728910992834,0.7724728910992834,0.0,-0.08970234292912829,0.03436303747885694,0.8661087866108786,0.7724728894347634,0.0,239
458,eval,blind,0.0,0,0.24895395069227458,0.0,0.0,0.0,0.0,0.011376693946110654,0.8503866506171526,0.8503866506171526,0.0,-0.1003962511259833,0.0,1.0,0.8503866561080323,0.0,239
459,eval,blind,0.0,0,0.08746965989669216,0.0,0.0,0.0,0.0,0.012185507796891813,0.8998913306072666,0.8998913306072666,0.0,-0.09533977898954533,0.0,1.0,0.8998913346532784,0.0,239
460,train,blind,0.0,0,0.04666315660102996,0.0,0.0,0.0,0.0,0.01573881073406738,1.596417319824506,1.596417319824506,0.0,-0.19153293967973867,0.1966230451942194,0.5439330543933054,1.5964173119474294,0.0,239
461,train,blind,0.0,0,0.007217877699358381,0.0,0.0,0.0,0.0,0.015539615890439834,1.5996266660829968,1.5996266660829968,0.0,-0.19130614663536324,0.18332888216267546,0.5188284518828452,1.5996266797036436,0.0,239
462,train,blind,0.0,0,0.01200688445204372,0.0,0.0,0.0,0.0,0.015927604635374692,1.5702112671221649,1.5702112671221649,0.0,-0.19023399576457306,0.21424968099943617,0.4476987447698745,1.5702112638229453,0.0,239
463,train,blind,0.0,0,0.11274788101110218,0.0,0.0,0.0,0.0,0.015343618740923859,1.5543989671324088,1.5543989671324088,0.0,-0.18018724122896476,0.11507759874180243,0.5481171548117155,1.5543989723848093,0.0,239
464,train,blind,0.0,0,0.04666315660102996,0.0,0.0,0.0,0.0,0.016365685580087882,1.5956987858317386,1.5956987858317386,0.0,-0.19101303669885536,0.19760230273895366,0.4895397489539749,1.5956987926586967,0.0,239
465,train,blind,0.0,0,0.24477056702595276,0.0,0.0,0.0,0.0,0.015755729272447245,1.5792415917667884,1.5792415917667884,0.0,-0.19239273361177053,0.23941363245200153,0.401673640167364,1.579241584639847,0.0,239
466,train,blind,0.0,0,0.36126752409238416,0.0,0.0,0.0,0.0,0.015499511158880952,1.5649304212885422,1.5649304212885422,0.0,-0.18146366418955423,0.12774859788124276,0.5523012552301255,1.5649304275009523,0.0,239
467,train,blind,0.0,0,0.1712039733909204,0.0,0.0,0.0,0.0,0.015538284845385218,1.5595683250965933,1.5595683250965933,0.0,-0.18641976550771194,0.18686014421792932,0.46443514644351463,1.5595683251466759,0.0,239
468,train,blind,0.0,0,0.5018170490880057,0.0,0.0,0.0,0.0,0.015207295894435759,1.5474578857920658,1.5474578857920658,0.0,-0.18434782758353793,0.17864031573637196,0.49372384937238495,1.5474578836405934,0.0,239
469,train,blind,0.0,0,0.382569948058365,0.0,0.0,0.0,0.0,0.015506712045660826,1.562215236689755,1.562215236689755,0.0,-0.1840769775594701,0.15703730081011302,0.502092050209205,1.5622152480195541,0.0,239
470,train,blind,0.0,0,0.1371777911142497,0.0,0.0,0.0,0.0,0.015827054804713157,1.5944548618344583,1.5944548618344583,0.0,-0.186928783321436,0.16068726074957712,0.5523012552301255,1.5944548585566958,0.0,239
471,train,blind,0.0,0,0.10291769171121948,0.0,0.0,0.0,0.0,0.016222932699397518,1.5779410219092749,1.5779410219092749,0.0,-0.18529727844580846,0.16608801448114188,0.5104602510460251,1.5779410182989517,0.0,239
472,train,blind,0.0,0,0.11952211124389958,0.0,0.0,0.0,0.0,0.015905634309145697,1.5802140223431287,1.5802140223431287,0.0,-0.18293713986639912,0.12561203596545892,0.5648535564853556,1.5802140242940876,0.0,239
473,train,blind,0.0,0,0.04253383616285562,0.0,0.0,0.0,0.0,0.01587991143292338,1.5824425624504248,1.5824425624504248,0.0,-0.18648810199372567,0.17881836256268732,0.5188284518828452,1.5824425551870547,0.0,239
474,train,blind,0.0,0,0.09973252267304225,0.0,0.0,0.0,0.0,0.01599207520290087,1.57458658821912,1.57458658821912,0.0,-0.18978280533832162,0.21442772782575148,0.4476987447698745,1.5745865899337688,0.0,239
475,train,blind,0.0,0,0.03674999346555246,0.0,0.0,0.0,0.0,0.015745724309781356,1.594688193319233,1.594688193319233,0.0,-0.18665518839979975,0.14193299504436335,0.5774058577405857,1.5946881873272278,0.0,239
476,train,blind,0.0,0,0.05101152724064263,0.0,0.0,0.0,0.0,0.01597292126043384,1.6014951307903273,1.6014951307903273,0.0,-0.1892869296889546,0.1703611383127096,0.5271966527196653,1.6014951253082066,0.0,239
477,train,blind,0.0,0,0.003041941807975517,0.0,0.0,0.0,0.0,0.01595033235091981,1.5953625685001518,1.5953625685001518,0.0,-0.18775618862143875,0.16053888839431435,0.46443514644351463,1.5953625830319358,0.0,239
478,train,blind,0.0,0,0.07326333691171423,0.0,0.0,0.0,0.0,0.015282438487344457,1.573982719098175,1.573982719098175,0.0,-0.1932698376899107,0.256328080951957,0.4602510460251046,1.5739827242031759,0.0,239
479,train,blind,0.0,0,0.2781775054950136,0.0,0.0,0.0,0.0,0.015075284233667486,1.5293785505713777,1.5293785505713777,0.0,-0.19003164431933758,0.26787145019140035,0.4225941422594142,1.529378553366502,0.0,239
480,eval,blind,0.0,0,0.14450739523119227,0.0,0.0,0.0,0.0,0.008424697215883178,0.528352592405415,0.528352592405415,0.0,-0.07435933616205806,0.0,1.0,0.5283525914783326,0.0,239
481,eval,blind,0.0,0,0.05794356438666426,0.0,0.0,0.0,0.0,0.009212143091820025,0.5411624403428832,0.5411624403428832,0.0,-0.07603798260587262,0.0016617703789429954,0.99581589958159,0.541162438526752,0.0,239
482,eval,blind,0.0,0,0.13356819286291968,0.0,0.0,0.0,0.0,0.009765452661485291,0.5918635148632976,0.5918635148632976,0.0,-0.08889538419426425,0.020712780794682334,0.7824267782426778,0.5918635143381273,0.0,239
483,eval,blind,0.0,0,0.20738796240876128,0.0,0.0,0.0,0.0,0.008741262883228488,0.6017360183484385,0.6017360183484385,0.0,-0.07456537120585423,0.0,1.0,0.6017360185039842,0.0,239
484,eval,blind,0.0,0,0.4811274396703373,0.0,0.0,0.0,0.0,0.010650941891650275,0.7872510096019282,0.7872510096019282,0.0,-0.10196841284046101,0.01795305498679486,0.8158995815899581,0.7872510121997529,0.0,239
485,eval,blind,0.0,0,0.475447956226714,0.0,0.0,0.0,0.0,0.011247174188915531,0.8418131791148724,0.8418131791148724,0.0,-0.11524475288629467,0.15415887711801537,0.4686192468619247,0.8418131806024816,0.0,239
486,eval,blind,0.0,0,0.2364116824699286,0.0,0.0,0.0,0.0,0.009301088282752735,0.6385963908299243,0.6385963908299243,0.0,-0.09335549709531292,0.0076560135315588,0.9372384937238494,0.638596394863809,0.0,239
487,eval,blind,0.0,0,0.4595581971330663,0.0,0.0,0.0,0.0,0.009665457285340549,0.5868633320890211,0.5868633320890211,0.0,-0.09059790684921075,0.0,1.0,0.5868633332315889,0.0,239
488,eval,blind,0.0,0,0.09046233746581896,0.0,0.0,0.0,0.0,0.009364162423651836,0.5947171716510501,0.5947171716510501,0.0,-0.08301495663882963,0.00035609365263064184,0.9916317991631799,0.5947171692500998,0.0,239
489,eval,blind,0.0,0,0.016098320915726126,0.0,0.0,0.0,0.0,0.00887028185580565,0.5361601049431198,0.5361601049431198,0.0,-0.07552898888252452,0.0,1.0,0.5361601064661803,0.0,239
490,train,blind,0.0,0,0.4689258159280493,0.0,0.0,0.0,0.0,0.015070465543389196,1.5320083666047293,1.5320083666047293,0.0,-0.1813088735645462,0.16430754621798865,0.497907949790795,1.5320083723457152,0.0,239
491,train,blind,0.0,0,0.17513455355801244,0.0,0.0,0.0,0.0,0.014873219770866457,1.5541587668981511,1.5541587668981511,0.0,-0.1864676113623374,0.19733523249948068,0.49372384937238495,1.5541587817092224,0.0,239
492,train,blind,0.0,0,0.017240600663365867,0.0,0.0,0.0,0.0,0.016393048887503446,1.6039980600069756,1.6039980600069756,0.0,-0.1930047541296446,0.22576337576782687,0.4351464435146444,1.603998058001407,0.0,239
493,train,blind,0.0,0,0.5020913164463541,0.0,0.0,0.0,0.0,0.0147912359726323,1.513768818089154,1.513768818089154,0.0,-0.17666527465648463,0.14501914003382885,0.5062761506276151,1.5137688139648295,0.0,239
494,train,blind,0.0,0,0.4532820462560594,0.0,0.0,0.0,0.0,0.015351641326986845,1.6097215421528996,1.6097215421528996,0.0,-0.1945136792988788,0.22997715065728955,0.4351464435146444,1.6097215422103206,0.0,239
495,train,blind,0.0,0,0.10291766645305227,0.0,0.0,0.0,0.0,0.015541183403751591,1.5872527253677655,1.5872527253677655,0.0,-0.1951166442570798,0.269355173744028,0.39748953974895396,1.587252730605535,0.0,239
496,train,blind,0.0,0,0.009418921166737213,0.0,0.0,0.0,0.0,0.015220696911231369,1.5924025030814455,1.5924025030814455,0.0,-0.19570961867725953,0.2640137689545683,0.3682008368200837,1.5924025129235733,0.0,239
497,train,blind,0.0,0,0.33866769455229107,0.0,0.0,0.0,0.0,0.01465099887478177,1.4751599600624339,1.4751599600624339,0.0,-0.18071620227200028,0.23807828125463662,0.41841004184100417,1.4751599665128974,0.0,239
498,train,blind,0.0,0,0.17909066453400735,0.0,0.0,0.0,0.0,0.015476236301065115,1.5648234022711112,1.5648234022711112,0.0,-0.18469888488851727,0.1610136799311552,0.5313807531380753,1.564823399784181,0.0,239
499,train,blind,0.0,0,0.0488099870398625,0.0,0.0,0.0,0.0,0.015780811817638546,1.578706046028616,1.578706046028616,0.0,-0.18222074120393353,0.12047835247336718,0.602510460251046,1.57870604852788,0.0,239
500,train,blind,0.0,0,0.47063660832414467,0.0,0.0,0.0,0.0,0.015135756037178523,1.5419187690423621,1.5419187690423621,0.0,-0.18352776762817952,0.1649010356390397,0.5230125523012552,1.5419187745782392,0.0,239
501,train,blind,0.0,0,0.19109902345770474,0.0,0.0,0.0,0.0,0.014700461658317922,1.5430795929421939,1.5430795929421939,0.0,-0.18797815058053158,0.22881984628623997,0.4309623430962343,1.5430796044231228,0.0,239
502,train,blind,0.0,0,0.2615026996800263,0.0,0.0,0.0,0.0,0.015426545197370162,1.5491402772679987,1.5491402772679987,0.0,-0.18218584318064454,0.1609543309890501,0.5397489539748954,1.5491402786407602,0.0,239
503,train,blind,0.0,0,0.1299968671675179,0.0,0.0,0.0,0.0,0.015581440190281954,1.5746971792755766,1.5746971792755766,0.0,-0.1882428873544384,0.20478352473367162,0.42677824267782427,1.5746971809509922,0.0,239
504,train,blind,0.0,0,0.33479187858415665,0.0,0.0,0.0,0.0,0.015228016453962694,1.508639022894983,1.508639022894983,0.0,-0.17633991696198534,0.14792723819697912,0.4811715481171548,1.5086390128998475,0.0,239
505,train,blind,0.0,0,0.47839141184577105,0.0,0.0,0.0,0.0,0.014712350427418574,1.507082608703789,1.507082608703789,0.0,-0.17507533401789271,0.12703641057598147,0.497907949790795,1.5070826058679239,0.0,239
506,train,blind,0.0,0,0.48708752257839305,0.0,0.0,0.0,0.0,0.014908384032952736,1.521903019071124,1.521903019071124,0.0,-0.1815694988093655,0.18243864803109888,0.4686192468619247,1.5219030185465654,0.0,239
507,train,blind,0.0,0,0.11952211124389958,0.0,0.0,0.0,0.0,0.014509516236251492,1.5055553688663819,1.5055553688663819,0.0,-0.18390817391274022,0.2216682987625745,0.4602510460251046,1.5055553615745256,0.0,239
508,train,blind,0.0,0,0.06283616020874398,0.0,0.0,0.0,0.0,0.015642608449673554,1.5898948094834842,1.5898948094834842,0.0,-0.1911681493047737,0.22006587732573665,0.4560669456066946,1.589894806220306,0.0,239
509,train,blind,0.0,0,0.4918546168378746,0.0,0.0,0.0,0.0,0.015499349985521084,1.5595812632947785,1.5595812632947785,0.0,-0.19113286604784602,0.2502744888572362,0.39748953974895396,1.559581258743649,0.0,239
510,eval,blind,0.0,0,0.5018170490880057,0.0,0.0,0.0,0.0,0.007789459377605172,0.5966456119734872,0.5966456119734872,0.0,-0.06939987545077217,0.0,1.0,0.5966456146134785,0.0,239
511,eval,blind,0.0,0,0.023700621450150866,0.0,0.0,0.0,0.0,0.010162373428003059,0.8259351570237132,0.8259351570237132,0.0,-0.09341420812797235,0.0,1.0,0.8259351542832788,0.0,239
512,eval,blind,0.0,0,0.36852381268091683,0.0,0.0,0.0,0.0,0.01066142943333133,0.8630644876089056,0.8630644876089056,0.0,-0.10179441025293426,0.0,1.0,0.8630644890287645,0.0,239
513,eval,blind,0.0,0,0.40549756067851994,0.0,0.0,0.0,0.0,0.008181293621643692,0.6648955525962877,0.6648955525962877,0.0,-0.08219117484163961,0.0,1.0,0.6648955497074356,0.0,239
514,eval,blind,0.0,0,0.42045798061068984,0.0,0.0,0.0,0.0,0.009412400019218732,0.7426054361724455,0.7426054361724455,0.0,-0.09785587873204661,0.1323778153654411,0.5690376569037657,0.7426054440770706,0.0,239
515,eval,blind,0.0,0,0.10614915428562363,0.0,0.0,0.0,0.0,0.008966933852100597,0.7162773339818213,0.7162773339818213,0.0,-0.08299540230037421,0.06513546396035491,0.8577405857740585,0.7162773343935084,0.0,239
516,eval,blind,0.0,0,0.3347918485875449,0.0,0.0,0.0,0.0,0.00828617788114776,0.7065719324300479,0.7065719324300479,0.0,-0.08240726388718576,0.0,1.0,0.7065719323385992,0.0,239
517,eval,blind,0.0,0,0.46716103549544,0.0,0.0,0.0,0.0,0.008620039996336443,0.7068184802472341,0.7068184802472341,0.0,-0.09221885969299191,0.12356449746283273,0.5732217573221757,0.7068184790371016,0.0,239
518,eval,blind,0.0,0,0.21976542770897894,0.0,0.0,0.0,0.0,0.010135118204663862,0.7914905099190429,0.7914905099190429,0.0,-0.09192822529253386,0.00011869788421021395,0.99581589958159,0.7914905078334632,0.0,239
519,eval,blind,0.0,0,0.3685238404330022,0.0,0.0,0.0,0.0,0.007957031095992759,0.6448641352074914,0.6448641352074914,0.0,-0.07184554683524555,0.0,1.0,0.644864134482145,0.0,239
520,train,blind,0.0,0,0.21562707504729067,0.0,0.0,0.0,0.0,0.0150760140944132,1.5538968785537337,1.5538968785537337,0.0,-0.18170183062232437,0.1500044511706579,0.5439330543933054,1.5538968697055269,0.0,239
521,train,blind,0.0,0,0.27817753698797626,0.0,0.0,0.0,0.0,0.015848272298871847,1.585527303079182,1.585527303079182,0.0,-0.18501480297987566,0.15122110448381257,0.5230125523012552,1.5855272960286737,0.0,239
522,train,blind,0.0,0,0.03862335179426082,0.0,0.0,0.0,0.0,0.015356662640324696,1.5754396252053553,1.5754396252053553,0.0,-0.19160496542041813,0.2364165108756936,0.4100418410041841,1.5754396255270224,0.0,239
523,train,blind,0.0,0,0.49725076854988837,0.0,0.0,0.0,0.0,0.013630719325470126,1.3685990906160745,1.3685990906160745,0.0,-0.19491775119531227,0.48879788717766115,0.21338912133891214,1.368599086478963,0.0,239
524,train,blind,0.0,0,0.005953148992843712,0.0,0.0,0.0,0.0,0.015790114547496185,1.593424048882648,1.593424048882648,0.0,-0.1933945007876511,0.2402148431704205,0.4560669456066946,1.5934240403084847,0.0,239
525,train,blind,0.0,0,0.2364117139628913,0.0,0.0,0.0,0.0,0.01501852337458019,1.5020169503519225,1.5020169503519225,0.0,-0.18229242748068597,0.2135078192231223,0.4393305439330544,1.5020169476619556,0.0,239
526,train,blind,0.0,0,3.939130826693449e-05,0.0,0.0,0.0,0.0,0.015174906295587827,1.5741491799075233,1.5741491799075233,0.0,-0.19219212253694803,0.24549689901777502,0.41422594142259417,1.5741491728007524,0.0,239
527,train,blind,0.0,0,0.011099790736339269,0.0,0.0,0.0,0.0,0.015423861928440039,1.5718329247071654,1.5718329247071654,0.0,-0.18771430094188515,0.18985726579423723,0.49372384937238495,1.571832923201421,0.0,239
528,train,blind,0.0,0,0.23223904260317552,0.0,0.0,0.0,0.0,0.014638451880787082,1.522536741140996,1.522536741140996,0.0,-0.1875976508958666,0.26612065639929966,0.39330543933054396,1.5225367544858326,0.0,239
529,train,blind,0.0,0,0.5018170490880057,0.0,0.0,0.0,0.0,0.015202456828066495,1.5819403319678047,1.5819403319678047,0.0,-0.1870791916869767,0.16849164663639868,0.5439330543933054,1.5819403309389548,0.0,239
530,train,blind,0.0,0,0.05794354536329254,0.0,0.0,0.0,0.0,0.015618494513082205,1.5743732938706625,1.5743732938706625,0.0,-0.19245764326888626,0.2349624617941185,0.4435146443514644,1.5743732891887174,0.0,239
531,train,blind,0.0,0,0.007910073110366154,0.0,0.0,0.0,0.0,0.015626057255701414,1.5798973139359862,1.5798973139359862,0.0,-0.18851256753775267,0.18852191459687231,0.5271966527196653,1.5798973113188017,0.0,239
532,train,blind,0.0,0,0.49905009486198143,0.0,0.0,0.0,0.0,0.014491196269769548,1.5091806059103132,1.5091806059103132,0.0,-0.1755466725751539,0.13374284103385856,0.5690376569037657,1.509180611762296,0.0,239
533,train,blind,0.0,0,0.03674998030288848,0.0,0.0,0.0,0.0,0.015667843453149664,1.5892396262500077,1.5892396262500077,0.0,-0.19126518196042003,0.21442772782575148,0.4895397489539749,1.589239619926595,0.0,239
534,train,blind,0.0,0,0.4891325118103957,0.0,0.0,0.0,0.0,0.014596311186506533,1.5598819200962657,1.5598819200962657,0.0,-0.18077029589192656,0.11920235021810736,0.5815899581589958,1.5598819140160765,0.0,239
535,train,blind,0.0,0,0.14082453795319042,0.0,0.0,0.0,0.0,0.01563251781896941,1.5755917896286713,1.5755917896286713,0.0,-0.18416092399192252,0.1499154277575002,0.5648535564853556,1.5755917909119423,0.0,239
536,train,blind,0.0,0,0.49487416027990566,0.0,0.0,0.0,0.0,0.0139389885472578,1.454488754272461,1.454488754272461,0.0,-0.18314510527217337,0.2995637852755274,0.3138075313807531,1.4544887564630347,0.0,239
537,train,blind,0.0,0,0.04055127557113798,0.0,0.0,0.0,0.0,0.015152157198590963,1.565761128230075,1.565761128230075,0.0,-0.18379274313676247,0.16751238909166444,0.5690376569037657,1.5657611292759415,0.0,239
538,train,blind,0.0,0,0.46892580401234446,0.0,0.0,0.0,0.0,0.015064321448597822,1.5184428878907879,1.5184428878907879,0.0,-0.1855045938279104,0.2264458886020357,0.39330543933054396,1.5184428896995263,0.0,239
539,train,blind,0.0,0,0.11274785525415133,0.0,0.0,0.0,0.0,0.01463689773136976,1.5214005342088484,1.5214005342088484,0.0,-0.182615761793203,0.19614825365737856,0.5062761506276151,1.521400535751457,0.0,239
540,eval,blind,0.0,0,0.41756536128392996,0.0,0.0,0.0,0.0,0.00918005695410665,0.7687141009953231,0.7687141009953231,0.0,-0.10117106239679735,0.21511024065996015,0.6443514644351465,0.7687140982212889,0.0,239
541,eval,blind,0.0,0,0.02819466484402731,0.0,0.0,0.0,0.0,0.010558986962309194,0.8849237795654201,0.8849237795654201,0.0,-0.09582392318889028,0.0,1.0,0.8849237782343249,0.0,239
542,eval,blind,0.0,0,0.228072871281629,0.0,0.0,0.0,0.0,0.009980513784395352,0.8325518863470485,0.8325518863470485,0.0,-0.08882132984393593,0.0,1.0,0.832551884940313,0.0,239
543,eval,blind,0.0,0,0.4859937123801958,0.0,0.0,0.0,0.0,0.00792529643026169,0.6371341624519317,0.6371341624519317,0.0,-0.07261145881147249,0.0,1.0,0.6371341667343189,0.0,239
544,eval,blind,0.0,0,0.0010625911311165598,0.0,0.0,0.0,0.0,0.01109441908886929,0.9371466896025207,0.9371466896025207,0.0,-0.10677719951650015,0.0,1.0,0.9371466900263388,0.0,239
545,eval,blind,0.0,0,0.0014944071429085072,0.0,0.0,0.0,0.0,0.011034866662454406,0.914299039910528,0.914299039910528,0.0,-0.10199010319119921,0.0,1.0,0.9142990377515303,0.0,239
546,eval,blind,0.0,0,0.015004510717528821,0.0,0.0,0.0,0.0,0.010046759012416317,0.8369641801552793,0.8369641801552793,0.0,-0.09076964035409385,0.0,1.0,0.836964177580544,0.0,239
547,eval,blind,0.0,0,0.03862336533101252,0.0,0.0,0.0,0.0,0.010540043658510662,0.8717246202744201,0.8717246202744201,0.0,-0.09380606077466146,0.0,1.0,0.8717246203201192,0.0,239
548,eval,blind,0.0,0,0.01843199975083282,0.0,0.0,0.0,0.0,0.009698298071982596,0.8007011349979305,0.8007011349979305,0.0,-0.08819965735996478,0.0,1.0,0.8007011343543702,0.0,239
549,eval,blind,0.0,0,0.48813355436147227,0.0,0.0,0.0,0.0,0.009173909017122565,0.7520083167812316,0.7520083167812316,0.0,-0.1051301476085981,0.2752900679545387,0.502092050209205,0.7520083095209359,0.0,239
550,train,blind,0.0,0,0.45752091049933935,0.0,0.0,0.0,0.0,0.015466603321884466,1.5969095155284994,1.5969095155284994,0.0,-0.20075680468112156,0.32784355618861094,0.3807531380753138,1.5969095119310555,0.0,239
551,train,blind,0.0,0,0.2656803508259933,0.0,0.0,0.0,0.0,0.014736549954113227,1.5416816882009785,1.5416816882009785,0.0,-0.17692023607780002,0.10356390397341168,0.5983263598326359,1.5416816876039412,0.0,239
552,train,blind,0.0,0,0.00027498420791614755,0.0,0.0,0.0,0.0,0.015548236724612727,1.5997574294461365,1.5997574294461365,0.0,-0.1911729556851711,0.20104454138104988,0.48535564853556484,1.599757433566812,0.0,239
553,train,blind,0.0,0,0.18707420168323716,0.0,0.0,0.0,0.0,0.015590574044858935,1.615354735482188,1.615354735482188,0.0,-0.18643208462797475,0.12127956319178611,0.5899581589958159,1.6153547358909996,0.0,239
554,train,blind,0.0,0,0.5015085098678519,0.0,0.0,0.0,0.0,0.014572059429761131,1.5572984956797198,1.5572984956797198,0.0,-0.1830849628248984,0.16329861420220185,0.502092050209205,1.557298493437556,0.0,239
555,train,blind,0.0,0,0.2988020511427855,0.0,0.0,0.0,0.0,0.015246536839893672,1.59360674335368,1.59360674335368,0.0,-0.18390245091185153,0.10614558295498383,0.5774058577405857,1.5936067363010138,0.0,239
556,train,blind,0.0,0,0.44882433315462367,0.0,0.0,0.0,0.0,0.013578746504847848,1.4225290165785467,1.4225290165785467,0.0,-0.18456248694914987,0.34891243063592403,0.3514644351464435,1.4225290182613617,0.0,239
557,train,blind,0.0,0,0.0008817244371400257,0.0,0.0,0.0,0.0,0.014814519909869053,1.5847616090934147,1.5847616090934147,0.0,-0.1936371999863382,0.22193536900204752,0.45188284518828453,1.5847616041306452,0.0,239
558,train,blind,0.0,0,0.012959528787482421,0.0,0.0,0.0,0.0,0.015701383804302336,1.5968763406805413,1.5968763406805413,0.0,-0.18931553544841515,0.18561381643372207,0.5188284518828452,1.5968763488281297,0.0,239
559,train,blind,0.0,0,0.0,0.0,0.0,0.0,0.0,0.01528261963543034,1.5815132721697436,1.5815132721697436,0.0,-0.18380890699015165,0.1330306537285973,0.5690376569037657,1.5815132674397376,0.0,239
560,train,blind,0.0,0,0.42329977726598883,0.0,0.0,0.0,0.0,0.015685322098278102,1.5972664066937179,1.5972664066937179,0.0,-0.1885174341158341,0.16866969346271402,0.502092050209205,1.597266409177274,0.0,239
561,train,blind,0.0,0,0.013958485612926312,0.0,0.0,0.0,0.0,0.015280304638333774,1.6032802796762857,1.6032802796762857,0.0,-0.18669422575614156,0.1366212647259563,0.5857740585774058,1.603280279829359,0.0,239
562,train,blind,0.0,0,0.00014589585375555142,0.0,0.0,0.0,0.0,0.015559175384920637,1.5875662283418568,1.5875662283418568,0.0,-0.18645185505221037,0.14947031069171193,0.5564853556485355,1.5875662245771385,0.0,239
563,train,blind,0.0,0,0.34251425579287914,0.0,0.0,0.0,0.0,0.016750609391139017,1.6147335064461041,1.6147335064461041,0.0,-0.19565688089747285,0.22344876702572775,0.4602510460251046,1.6147335070127828,0.0,239
564,train,blind,0.0,0,0.4926731121291847,0.0,0.0,0.0,0.0,0.01477825514987797,1.4933871958545062,1.4933871958545062,0.0,-0.18223554131042763,0.23386450636517397,0.35564853556485354,1.493387196909524,0.0,239
565,train,blind,0.0,0,0.137177762364597,0.0,0.0,0.0,0.0,0.014693792439825739,1.535593893488082,1.535593893488082,0.0,-0.18757322649785782,0.22475444375204007,0.4393305439330544,1.5355939005001489,0.0,239
566,train,blind,0.0,0,0.37911919344205136,0.0,0.0,0.0,0.0,0.015163484117148686,1.565415493863397,1.565415493863397,0.0,-0.1852272774156164,0.18724591234161253,0.4351464435146444,1.5654154930992754,0.0,239
567,train,blind,0.0,0,0.18707420168323716,0.0,0.0,0.0,0.0,0.014741408876357717,1.506859388062146,1.506859388062146,0.0,-0.18161137591753188,0.2104810231757619,0.4435146443514644,1.506859381810439,0.0,239
568,train,blind,0.0,0,0.167300184708377,0.0,0.0,0.0,0.0,0.01502601196989417,1.565802201815729,1.565802201815729,0.0,-0.18118979620988948,0.12139826107599631,0.5983263598326359,1.5658022108203786,0.0,239
569,train,blind,0.0,0,0.5013695556751894,0.0,0.0,0.0,0.0,0.014510695049032631,1.5107153616689737,1.5107153616689737,0.0,-0.17440194652014696,0.1032968337339387,0.5857740585774058,1.5107153732731684,0.0,239
570,eval,blind,0.0,0,0.26150266818706364,0.0,0.0,0.0,0.0,0.01064248048704289,0.881108385997836,0.881108385997836,0.0,-0.10282536118585076,0.0,1.0,0.8811083842936047,0.0,239
571,eval,blind,0.0,0,0.19514417073502602,0.0,0.0,0.0,0.0,0.008674746434297803,0.6723475135145826,0.6723475135145826,0.0,-0.07983479642852473,0.0,1.0,0.6723475103701998,0.0,239
572,eval,blind,0.0,0,0.02979833591694332,0.0,0.0,0.0,0.0,0.00890836371673918,0.7084424298677484,0.7084424298677484,0.0,-0.07702553005594974,0.0,1.0,0.7084424293522054,0.0,239
573,eval,blind,0.0,0,0.44882433315462367,0.0,0.0,0.0,0.0,0.00881890276501493,0.724535103248253,0.724535103248253,0.0,-0.0830928834011059,0.0,1.0,0.7245351040202455,0.0,239
574,eval,blind,0.0,0,0.48485143263255603,0.0,0.0,0.0,0.0,0.008974946481974553,0.7156979461594106,0.7156979461594106,0.0,-0.08770848497456915,0.0,1.0,0.7156979453487325,0.0,239
575,eval,blind,0.0,0,0.15576158431569304,0.0,0.0,0.0,0.0,0.011064216740055314,0.9031791138349716,0.9031791138349716,0.0,-0.10373896777566909,0.0,1.0,0.9031791124047083,0.0,239
576,eval,blind,0.0,0,0.011099790736339269,0.0,0.0,0.0,0.0,0.010281953122856477,0.816719396219094,0.816719396219094,0.0,-0.08989796439331924,0.00014837235526276744,0.99581589958159,0.8167193956057085,0.0,239
577,eval,blind,0.0,0,0.000463527011177035,0.0,0.0,0.0,0.0,0.009697513720098586,0.7577917063959473,0.7577917063959473,0.0,-0.08359493865983825,0.0,1.0,0.7577917010945572,0.0,239
578,eval,blind,0.0,0,0.4288286963842077,0.0,0.0,0.0,0.0,0.010286056360611731,0.8241455168404839,0.8241455168404839,0.0,-0.09065673829057921,0.0,1.0,0.824145518559725,0.0,239
579,eval,blind,0.0,0,0.24477056702595276,0.0,0.0,0.0,0.0,0.008862624753453617,0.7066088354986582,0.7066088354986582,0.0,-0.08092365986485762,0.0,1.0,0.7066088339443979,0.0,239
580,train,blind,0.0,0,0.48241889700017115,0.0,0.0,0.0,0.0,0.014412219945933655,1.4765820408465973,1.4765820408465973,0.0,-0.178276419142962,0.1969791388468501,0.502092050209205,1.4765820380352477,0.0,239
581,train,blind,0.0,0,0.5020705397838968,0.0,0.0,0.0,0.0,0.013858766392434491,1.456621814472406,1.456621814472406,0.0,-0.18341185641110658,0.30879254577287163,0.3179916317991632,1.4566218195480267,0.0,239
582,train,blind,0.0,0,0.44414846890925763,0.0,0.0,0.0,0.0,0.015563175906368753,1.5594959351308175,1.5594959351308175,0.0,-0.18929649746653987,0.21591145137837917,0.502092050209205,1.5594959301907383,0.0,239
583,train,blind,0.0,0,0.41162967206828666,0.0,0.0,0.0,0.0,0.015984366394610584,1.6229183279819568,1.6229183279819568,0.0,-0.2007073575041392,0.2792070981334758,0.3472803347280335,1.6229183337728021,0.0,239
584,train,blind,0.0,0,0.5020705397688578,0.0,0.0,0.0,0.0,0.015295907892052972,1.55672381437972,1.55672381437972,0.0,-0.18134936457737688,0.14128015668120714,0.5481171548117155,1.556723809032295,0.0,239
585,train,blind,0.0,0,0.06794360041903054,0.0,0.0,0.0,0.0,0.0158167818997632,1.5955067349278278,1.5955067349278278,0.0,-0.19471579125030844,0.25122407193091784,0.4686192468619247,1.5955067370836618,0.0,239
586,train,blind,0.0,0,0.47389736845189456,0.0,0.0,0.0,0.0,0.014757299577528962,1.591790282327261,1.591790282327261,0.0,-0.18751200078950087,0.15510846019169708,0.5439330543933054,1.5917902844914564,0.0,239
587,train,blind,0.0,0,0.34633041948240073,0.0,0.0,0.0,0.0,0.014855552782308481,1.5172225094739362,1.5172225094739362,0.0,-0.18445931867581308,0.21472447253627705,0.4309623430962343,1.5172225163610307,0.0,239
588,train,blind,0.0,0,0.49865054549941856,0.0,0.0,0.0,0.0,0.016296773429991186,1.6126673989714937,1.6126673989714937,0.0,-0.1919393342008699,0.17217128104691537,0.5397489539748954,1.6126674061845536,0.0,239
589,train,blind,0.0,0,0.0010625928217568533,0.0,0.0,0.0,0.0,0.016284739791520845,1.605453322372676,1.605453322372676,0.0,-0.18737369227392356,0.14872844891539808,0.5648535564853556,1.6054533234406259,0.0,239
590,train,blind,0.0,0,0.167300184708377,0.0,0.0,0.0,0.0,0.015003536829810636,1.5580327520809414,1.5580327520809414,0.0,-0.1808468607491381,0.12739250422861212,0.5899581589958159,1.5580327620150376,0.0,239
591,train,blind,0.0,0,0.029798324749413897,0.0,0.0,0.0,0.0,0.016339756396431555,1.6097602727024127,1.6097602727024127,0.0,-0.1959266556129224,0.2448440606546188,0.4309623430962343,1.6097602743725414,0.0,239
592,train,blind,0.0,0,0.03316622928357742,0.0,0.0,0.0,0.0,0.015811291449239564,1.6097766919116097,1.6097766919116097,0.0,-0.18922759557802077,0.1536840855811745,0.5271966527196653,1.6097766864860252,0.0,239
593,train,blind,0.0,0,0.00014589538669387058,0.0,0.0,0.0,0.0,0.015379161778525703,1.5943840318145113,1.5943840318145113,0.0,-0.1849887377445535,0.13018190450755215,0.5481171548117155,1.5943840310699844,0.0,239
594,train,blind,0.0,0,0.0007224776207325224,0.0,0.0,0.0,0.0,0.015352371349447566,1.5795115549195262,1.5795115549195262,0.0,-0.1881978633926784,0.1810439478916288,0.502092050209205,1.5795115619551903,0.0,239
595,train,blind,0.0,0,0.10614915428562363,0.0,0.0,0.0,0.0,0.015547603249908367,1.565447113503971,1.565447113503971,0.0,-0.18380824387512829,0.15071663847591918,0.5941422594142259,1.5654471078114627,0.0,239
596,train,blind,0.0,0,0.43151489933949033,0.0,0.0,0.0,0.0,0.01577022393082101,1.5709483997592368,1.5709483997592368,0.0,-0.1893933805804305,0.20478352473367165,0.4811715481171548,1.5709483996710607,0.0,239
597,train,blind,0.0,0,0.14450739523119227,0.0,0.0,0.0,0.0,0.0160807596079257,1.6167119387303437,1.6167119387303437,0.0,-0.18896046601850913,0.14917356598118642,0.5648535564853556,1.6167119370893293,0.0,239
598,train,blind,0.0,0,0.17909066453400735,0.0,0.0,0.0,0.0,0.015208519564621992,1.561473651660536,1.561473651660536,0.0,-0.18508694887338834,0.18288376509688717,0.5397489539748954,1.561473646808038,0.0,239
599,train,blind,0.0,0,1.0033001283974734e-05,0.0,0.0,0.0,0.0,0.015828392906776907,1.5946595738622433,1.5946595738622433,0.0,-0.19367737856763947,0.2509866761624974,0.46443514644351463,1.5946595754881825,0.0,239
600,eval,blind,0.0,0,0.018431992074788867,0.0,0.0,0.0,0.0,0.010771531260973738,0.7959007395111866,0.7959007395111866,0.0,-0.09107098091727134,0.0,1.0,0.7959007475828073,0.0,239
601,eval,blind,0.0,0,0.14822527385418105,0.0,0.0,0.0,0.0,0.00990657102332205,0.7451736109027304,0.7451736109027304,0.0,-0.07959137218983457,0.0,1.0,0.7451736049905583,0.0,239
602,eval,blind,0.0,0,6.514758795400435e-05,0.0,0.0,0.0,0.0,0.011219656788529712,0.8416469441298161,0.8416469441298161,0.0,-0.09404048708296954,0.0,1.0,0.8416469455724436,0.0,239
603,eval,blind,0.0,0,0.31902109559870884,0.0,0.0,0.0,0.0,0.00957225255520087,0.738860593056579,0.738860593056579,0.0,-0.08334446532244817,0.003768657823674293,0.9748953974895398,0.7388605933612744,0.0,239
604,eval,blind,0.0,0,0.05557844634596492,0.0,0.0,0.0,0.0,0.010685996253776002,0.7933148514775552,0.7933148514775552,0.0,-0.08512519085879904,0.0,1.0,0.7933148507691749,0.0,239
605,eval,blind,0.0,0,0.003041941807975517,0.0,0.0,0.0,0.0,0.011476488129302048,0.8529150780274778,0.8529150780274778,0.0,-0.09399447267378423,0.0,1.0,0.8529150805299891,0.0,239
606,eval,blind,0.0,0,0.0043400218550171355,0.0,0.0,0.0,0.0,0.011607330163870645,0.8921125960150523,0.8921125960150523,0.0,-0.10284569283029048,0.00014837235526276744,0.99581589958159,0.8921125992852361,0.0,239
607,eval,blind,0.0,0,0.09659447261740192,0.0,0.0,0.0,0.0,0.010603452752106609,0.7797452927134526,0.7797452927134526,0.0,-0.08287018926820104,0.0,1.0,0.7797452885617496,0.0,239
608,eval,blind,0.0,0,0.42329977726598883,0.0,0.0,0.0,0.0,0.009645535546319878,0.715234449842485,0.715234449842485,0.0,-0.07748590957158327,0.0,1.0,0.7152344454077911,0.0,239
609,eval,blind,0.0,0,0.025146201497458203,0.0,0.0,0.0,0.0,0.010649600083779964,0.7784748872952482,0.7784748872952482,0.0,-0.08657522050362923,0.00035609365263064184,0.99581589958159,0.7784748894811727,0.0,239
